run_id,slot,tick,intended_us,invoked_us,lateness_us,skipped,bucket,actor_steps,actor_updates,policy_evaluations,orders_submitted,orders_filled,matched_shares
1,1,0,1791084139016114,1791084139018347,2233,0,0,18626,18626,18626,13891,13602,39267
1,2,1,1791084139066114,1791084139067479,1365,0,1,18935,18935,18935,14229,13008,39309
1,3,2,1791084139116114,1791084139117699,1585,0,2,18682,18682,18682,13940,13165,40400
1,4,3,1791084139166114,1791084139167740,1626,0,3,18826,18826,18826,14136,13939,40849
1,5,4,1791084139216114,1791084139217785,1671,0,4,18604,18604,18604,13960,13670,39774
1,6,5,1791084139266114,1791084139268115,2001,0,5,18709,18709,18709,13971,13344,39361
1,7,6,1791084139316114,1791084139317694,1580,0,6,18617,18617,18617,13943,13465,39552
1,8,7,1791084139366114,1791084139367724,1610,0,7,18850,18850,18850,14249,13623,40502
1,9,8,1791084139416114,1791084139418021,1907,0,8,18851,18851,18851,14181,13746,40369
1,10,9,1791084139466114,1791084139467691,1577,0,9,18646,18646,18646,13959,13401,39537
1,11,10,1791084139516114,1791084139517636,1522,0,10,18692,18692,18692,14180,13175,39570
1,12,11,1791084139566114,1791084139567401,1287,0,11,18798,18798,18798,14168,13227,40252
1,13,12,1791084139616114,1791084139617998,1884,0,12,18837,18837,18837,14188,13465,40573
1,14,13,1791084139666114,1791084139668111,1997,0,13,18708,18708,18708,14038,13607,39907
1,15,14,1791084139716114,1791084139717464,1350,0,14,18699,18699,18699,14037,13338,39620
1,16,15,1791084139766114,1791084139767262,1148,0,15,18795,18795,18795,14246,13123,39662
1,17,16,1791084139816114,1791084139817756,1642,0,16,18872,18872,18872,14149,13083,40332
1,18,17,1791084139866114,1791084139867612,1498,0,17,18599,18599,18599,13995,13843,40811
1,19,18,1791084139916114,1791084139917338,1224,0,18,18819,18819,18819,14016,13914,40099
1,20,19,1791084139966114,1791084139967584,1470,0,19,18835,18835,18835,14075,13672,39974
1,21,20,1791084140016114,1791084140017459,1345,0,0,18626,18626,18626,13892,12456,38062
1,22,21,1791084140066114,1791084140067612,1498,0,1,18935,18935,18935,14258,13782,42482
1,23,22,1791084140116114,1791084140117571,1457,0,2,18682,18682,18682,14026,13079,39010
1,24,23,1791084140166114,1791084140167511,1397,0,3,18826,18826,18826,14162,13530,40300
1,25,24,1791084140216114,1791084140217933,1819,0,4,18604,18604,18604,13905,13733,40074
1,26,25,1791084140266114,1791084140268068,1954,0,5,18709,18709,18709,13935,12546,38014
1,27,26,1791084140316114,1791084140317963,1849,0,6,18617,18617,18617,13974,13873,41986
1,28,27,1791084140366114,1791084140367635,1521,0,7,18850,18850,18850,14109,13007,39148
1,29,28,1791084140416114,1791084140417583,1469,0,8,18851,18851,18851,14162,13598,41258
1,30,29,1791084140466114,1791084140468236,2122,0,9,18646,18646,18646,14065,13192,39442
1,31,30,1791084140516114,1791084140518109,1995,0,10,18692,18692,18692,13974,13631,40151
1,32,31,1791084140566114,1791084140567521,1407,0,11,18798,18798,18798,14090,13101,38882
1,33,32,1791084140616114,1791084140617391,1277,0,12,18837,18837,18837,14165,12830,39415
1,34,33,1791084140666114,1791084140667617,1503,0,13,18708,18708,18708,13948,13190,40648
1,35,34,1791084140716114,1791084140718030,1916,0,14,18699,18699,18699,14029,13418,39942
1,36,35,1791084140766114,1791084140767613,1499,0,15,18795,18795,18795,14089,13333,39729
1,37,36,1791084140816114,1791084140817444,1330,0,16,18872,18872,18872,14142,13967,40836
1,38,37,1791084140866114,1791084140867419,1305,0,17,18599,18599,18599,13997,13132,38982
1,39,38,1791084140916114,1791084140917608,1494,0,18,18819,18819,18819,14113,13409,39995
1,40,39,1791084140966114,1791084140967692,1578,0,19,18835,18835,18835,14119,13876,40478
1,41,40,1791084141016114,1791084141017287,1173,0,0,18626,18626,18626,13911,12960,38568
1,42,41,1791084141066114,1791084141067589,1475,0,1,18935,18935,18935,14282,13504,40526
1,43,42,1791084141116114,1791084141117460,1346,0,2,18682,18682,18682,14057,13111,39736
1,44,43,1791084141166114,1791084141167851,1737,0,3,18826,18826,18826,14122,13006,39834
1,45,44,1791084141216114,1791084141218238,2124,0,4,18604,18604,18604,14015,13282,40498
1,46,45,1791084141266114,1791084141267913,1799,0,5,18709,18709,18709,14132,13210,39661
1,47,46,1791084141316114,1791084141317888,1774,0,6,18617,18617,18617,13884,13091,39579
1,48,47,1791084141366114,1791084141367611,1497,0,7,18850,18850,18850,14188,13632,40401
1,49,48,1791084141416114,1791084141417345,1231,0,8,18851,18851,18851,14148,13884,40301
1,50,49,1791084141466114,1791084141467627,1513,0,9,18646,18646,18646,14009,12549,38121
1,51,50,1791084141516114,1791084141517378,1264,0,10,18692,18692,18692,14114,13480,41610
1,52,51,1791084141566114,1791084141567609,1495,0,11,18798,18798,18798,14145,13150,39619
1,53,52,1791084141616114,1791084141617358,1244,0,12,18837,18837,18837,14118,13799,40820
1,54,53,1791084141666114,1791084141668193,2079,0,13,18708,18708,18708,13979,13280,39537
1,55,54,1791084141716114,1791084141718091,1977,0,14,18699,18699,18699,14075,13556,39862
1,56,55,1791084141766114,1791084141768658,2544,0,15,18795,18795,18795,14188,13738,40166
1,57,56,1791084141816114,1791084141817671,1557,0,16,18872,18872,18872,14172,13048,39355
1,58,57,1791084141866114,1791084141867549,1435,0,17,18599,18599,18599,13938,12902,39636
1,59,58,1791084141916114,1791084141917899,1785,0,18,18819,18819,18819,14136,13212,40297
1,60,59,1791084141966114,1791084141967771,1657,0,19,18835,18835,18835,14178,13013,39524
1,61,60,1791084142016114,1791084142017820,1706,0,0,18626,18626,18626,13999,13284,40401
1,62,61,1791084142066114,1791084142067982,1868,0,1,18935,18935,18935,14335,13803,40694
1,63,62,1791084142116114,1791084142117563,1449,0,2,18682,18682,18682,13957,13207,39270
1,64,63,1791084142166114,1791084142167611,1497,0,3,18826,18826,18826,14167,13494,40081
1,65,64,1791084142216114,1791084142217748,1634,0,4,18604,18604,18604,13956,13556,39887
1,66,65,1791084142266114,1791084142267857,1743,0,5,18709,18709,18709,14086,14054,40250
1,67,66,1791084142316114,1791084142318069,1955,0,6,18617,18617,18617,14046,13439,39420
1,68,67,1791084142366114,1791084142367475,1361,0,7,18850,18850,18850,14190,13478,39915
1,69,68,1791084142416114,1791084142417623,1509,0,8,18851,18851,18851,14174,14035,40680
1,70,69,1791084142466114,1791084142467350,1236,0,9,18646,18646,18646,14003,12912,38547
1,71,70,1791084142516114,1791084142517825,1711,0,10,18692,18692,18692,13964,13125,40240
1,72,71,1791084142566114,1791084142567574,1460,0,11,18798,18798,18798,14130,12866,39311
1,73,72,1791084142616114,1791084142617492,1378,0,12,18837,18837,18837,14174,13420,40890
1,74,73,1791084142666114,1791084142668155,2041,0,13,18708,18708,18708,14045,13176,39589
1,75,74,1791084142716114,1791084142717539,1425,0,14,18699,18699,18699,14062,13468,40426
1,76,75,1791084142766114,1791084142767688,1574,0,15,18795,18795,18795,14075,13406,39809
1,77,76,1791084142816114,1791084142818316,2202,0,16,18872,18872,18872,14084,13653,40123
1,78,77,1791084142866114,1791084142867989,1875,0,17,18599,18599,18599,14090,13880,40446
1,79,78,1791084142916114,1791084142917611,1497,0,18,18819,18819,18819,14117,13571,40151
1,80,79,1791084142966114,1791084142967544,1430,0,19,18835,18835,18835,14035,13043,39084
1,81,80,1791084143016114,1791084143018094,1980,0,0,18626,18626,18626,13990,13168,39911
1,82,81,1791084143066114,1791084143068295,2181,0,1,18935,18935,18935,14281,14120,41221
1,83,82,1791084143116114,1791084143117427,1313,0,2,18682,18682,18682,13967,13935,39894
1,84,83,1791084143166114,1791084143167684,1570,0,3,18826,18826,18826,14226,13227,39538
1,85,84,1791084143216114,1791084143218055,1941,0,4,18604,18604,18604,13987,13444,40582
1,86,85,1791084143266114,1791084143267835,1721,0,5,18709,18709,18709,14072,13375,39570
1,87,86,1791084143316114,1791084143317950,1836,0,6,18617,18617,18617,14042,13203,39316
1,88,87,1791084143366114,1791084143367584,1470,0,7,18850,18850,18850,14186,13505,40445
1,89,88,1791084143416114,1791084143418011,1897,0,8,18851,18851,18851,14112,13614,40249
1,90,89,1791084143466114,1791084143467666,1552,0,9,18646,18646,18646,13963,13168,39045
1,91,90,1791084143516114,1791084143517643,1529,0,10,18692,18692,18692,14131,13620,40373
1,92,91,1791084143566114,1791084143567492,1378,0,11,18798,18798,18798,14038,13799,39942
1,93,92,1791084143616114,1791084143618088,1974,0,12,18837,18837,18837,14146,13060,39097
1,94,93,1791084143666114,1791084143668206,2092,0,13,18708,18708,18708,14017,13960,41222
1,95,94,1791084143716114,1791084143718132,2018,0,14,18699,18699,18699,14014,12916,38815
1,96,95,1791084143766114,1791084143767608,1494,0,15,18795,18795,18795,14071,13281,40379
1,97,96,1791084143816114,1791084143818213,2099,0,16,18872,18872,18872,14163,13587,40638
1,98,97,1791084143866114,1791084143868014,1900,0,17,18599,18599,18599,13894,13562,39908
1,99,98,1791084143916114,1791084143917520,1406,0,18,18819,18819,18819,14168,12959,39042
1,100,99,1791084143966114,1791084143967583,1469,0,19,18835,18835,18835,14030,13627,41119
1,101,100,1791084144016114,1791084144017641,1527,0,0,18626,18626,18626,13942,13697,39873
1,102,101,1791084144066114,1791084144067912,1798,0,1,18935,18935,18935,14252,14048,40499
1,103,102,1791084144116114,1791084144117986,1872,0,2,18682,18682,18682,14004,13232,38995
1,104,103,1791084144166114,1791084144167761,1647,0,3,18826,18826,18826,14049,13286,39927
1,105,104,1791084144216114,1791084144217996,1882,0,4,18604,18604,18604,13977,13768,39992
1,106,105,1791084144266114,1791084144267891,1777,0,5,18709,18709,18709,14029,13327,39438
1,107,106,1791084144316114,1791084144317665,1551,0,6,18617,18617,18617,13944,13021,38998
1,108,107,1791084144366114,1791084144367606,1492,0,7,18850,18850,18850,14099,12967,39733
1,109,108,1791084144416114,1791084144417936,1822,0,8,18851,18851,18851,14164,13362,40671
1,110,109,1791084144466114,1791084144467495,1381,0,9,18646,18646,18646,14065,13896,40329
1,111,110,1791084144516114,1791084144518246,2132,0,10,18692,18692,18692,14153,13745,40110
1,112,111,1791084144566114,1791084144567575,1461,0,11,18798,18798,18798,14167,13245,39621
1,113,112,1791084144616114,1791084144617602,1488,0,12,18837,18837,18837,14171,13513,40418
1,114,113,1791084144666114,1791084144667612,1498,0,13,18708,18708,18708,14010,13168,39398
1,115,114,1791084144716114,1791084144718185,2071,0,14,18699,18699,18699,14111,12925,39228
1,116,115,1791084144766114,1791084144767810,1696,0,15,18795,18795,18795,14082,13328,40501
1,117,116,1791084144816114,1791084144817317,1203,0,16,18872,18872,18872,14101,13323,39868
1,118,117,1791084144866114,1791084144867878,1764,0,17,18599,18599,18599,13993,12919,39223
1,119,118,1791084144916114,1791084144917584,1470,0,18,18819,18819,18819,14071,13320,40390
1,120,119,1791084144966114,1791084144967400,1286,0,19,18835,18835,18835,14143,13905,40528
1,121,120,1791084145016114,1791084145018312,2198,0,0,18626,18626,18626,13948,13883,39960
1,122,121,1791084145066114,1791084145067961,1847,0,1,18935,18935,18935,14353,13557,40167
1,123,122,1791084145116114,1791084145118167,2053,0,2,18682,18682,18682,13903,12989,39146
1,124,123,1791084145166114,1791084145167567,1453,0,3,18826,18826,18826,14110,13716,40607
1,125,124,1791084145216114,1791084145218332,2218,0,4,18604,18604,18604,14086,13392,39494
1,126,125,1791084145266114,1791084145267829,1715,0,5,18709,18709,18709,14061,13572,40294
1,127,126,1791084145316114,1791084145318062,1948,0,6,18617,18617,18617,13992,13247,39280
1,128,127,1791084145366114,1791084145367623,1509,0,7,18850,18850,18850,14074,12519,38623
1,129,128,1791084145416114,1791084145417537,1423,0,8,18851,18851,18851,14025,13450,41862
1,130,129,1791084145466114,1791084145468063,1949,0,9,18646,18646,18646,14146,13462,39923
1,131,130,1791084145516114,1791084145517631,1517,0,10,18692,18692,18692,14049,13157,39232
1,132,131,1791084145566114,1791084145567611,1497,0,11,18798,18798,18798,14197,13408,39992
1,133,132,1791084145616114,1791084145617806,1692,0,12,18837,18837,18837,14153,13601,40420
1,134,133,1791084145666114,1791084145668070,1956,0,13,18708,18708,18708,14124,13329,39637
1,135,134,1791084145716114,1791084145717491,1377,0,14,18699,18699,18699,13954,12575,38683
1,136,135,1791084145766114,1791084145767703,1589,0,15,18795,18795,18795,14169,12876,40871
1,137,136,1791084145816114,1791084145817351,1237,0,16,18872,18872,18872,14130,13385,41085
1,138,137,1791084145866114,1791084145867537,1423,0,17,18599,18599,18599,13975,13492,40002
1,139,138,1791084145916114,1791084145918330,2216,0,18,18819,18819,18819,14274,13998,40714
1,140,139,1791084145966114,1791084145968146,2032,0,19,18835,18835,18835,14163,13639,39948
1,141,140,1791084146016114,1791084146017472,1358,0,0,18626,18626,18626,13976,13745,39848
1,142,141,1791084146066114,1791084146068034,1920,0,1,18935,18935,18935,14230,13992,40234
1,143,142,1791084146116114,1791084146117740,1626,0,2,18682,18682,18682,13999,13539,39653
1,144,143,1791084146166114,1791084146167607,1493,0,3,18826,18826,18826,14158,13275,39711
1,145,144,1791084146216114,1791084146217454,1340,0,4,18604,18604,18604,13942,13254,39480
1,146,145,1791084146266114,1791084146268054,1940,0,5,18709,18709,18709,14087,13523,40287
1,147,146,1791084146316114,1791084146317445,1331,0,6,18617,18617,18617,13975,13673,39909
1,148,147,1791084146366114,1791084146367541,1427,0,7,18850,18850,18850,14100,13862,40148
1,149,148,1791084146416114,1791084146417339,1225,0,8,18851,18851,18851,14216,12941,39064
1,150,149,1791084146466114,1791084146468094,1980,0,9,18646,18646,18646,14167,13495,41374
1,151,150,1791084146516114,1791084146518092,1978,0,10,18692,18692,18692,14053,12857,38997
1,152,151,1791084146566114,1791084146567291,1177,0,11,18798,18798,18798,14146,13625,41503
1,153,152,1791084146616114,1791084146618229,2115,0,12,18837,18837,18837,14173,13901,40343
1,154,153,1791084146666114,1791084146667398,1284,0,13,18708,18708,18708,14107,13908,40178
1,155,154,1791084146716114,1791084146717806,1692,0,14,18699,18699,18699,13950,12812,38302
1,156,155,1791084146766114,1791084146767895,1781,0,15,18795,18795,18795,14106,13880,41292
1,157,156,1791084146816114,1791084146817507,1393,0,16,18872,18872,18872,14164,13354,39618
1,158,157,1791084146866114,1791084146869833,3719,0,17,18599,18599,18599,13853,12603,38424
1,159,158,1791084146916114,1791084146917844,1730,0,18,18819,18819,18819,14087,13388,40962
1,160,159,1791084146966114,1791084146967340,1226,0,19,18835,18835,18835,14157,13493,40225
1,161,160,1791084147016114,1791084147018076,1962,0,0,18626,18626,18626,13955,12843,38722
1,162,161,1791084147066114,1791084147067406,1292,0,1,18935,18935,18935,14317,13029,40608
1,163,162,1791084147116114,1791084147117550,1436,0,2,18682,18682,18682,14041,13414,41329
1,164,163,1791084147166114,1791084147167365,1251,0,3,18826,18826,18826,14161,13173,39535
1,165,164,1791084147216114,1791084147217564,1450,0,4,18604,18604,18604,13890,13223,39773
1,166,165,1791084147266114,1791084147267666,1552,0,5,18709,18709,18709,14080,13716,40156
1,167,166,1791084147316114,1791084147317623,1509,0,6,18617,18617,18617,14086,13298,39497
1,168,167,1791084147366114,1791084147367604,1490,0,7,18850,18850,18850,14088,13514,40097
1,169,168,1791084147416114,1791084147417659,1545,0,8,18851,18851,18851,14130,13496,40004
1,170,169,1791084147466114,1791084147468025,1911,0,9,18646,18646,18646,13942,12836,38622
1,171,170,1791084147516114,1791084147518273,2159,0,10,18692,18692,18692,14038,13503,40696
1,172,171,1791084147566114,1791084147567621,1507,0,11,18798,18798,18798,13997,12976,38794
1,173,172,1791084147616114,1791084147617518,1404,0,12,18837,18837,18837,14129,13252,40272
1,174,173,1791084147666114,1791084147668057,1943,0,13,18708,18708,18708,13982,13086,39327
1,175,174,1791084147716114,1791084147717486,1372,0,14,18699,18699,18699,13996,13141,39903
1,176,175,1791084147766114,1791084147767619,1505,0,15,18795,18795,18795,14040,13160,39683
1,177,176,1791084147816114,1791084147817404,1290,0,16,18872,18872,18872,14097,13747,40726
1,178,177,1791084147866114,1791084147867901,1787,0,17,18599,18599,18599,14010,13134,39183
1,179,178,1791084147916114,1791084147917672,1558,0,18,18819,18819,18819,14104,13373,40314
1,180,179,1791084147966114,1791084147967836,1722,0,19,18835,18835,18835,14159,13960,40435
1,181,180,1791084148016114,1791084148017797,1683,0,0,18626,18626,18626,13958,13847,39452
1,182,181,1791084148066114,1791084148067420,1306,0,1,18935,18935,18935,14294,13995,40460
1,183,182,1791084148116114,1791084148118140,2026,0,2,18682,18682,18682,14051,12865,38561
1,184,183,1791084148166114,1791084148167553,1439,0,3,18826,18826,18826,14169,12731,39755
1,185,184,1791084148216114,1791084148218190,2076,0,4,18604,18604,18604,13955,13373,41165
1,186,185,1791084148266114,1791084148268112,1998,0,5,18709,18709,18709,14046,13490,39774
1,187,186,1791084148316114,1791084148317485,1371,0,6,18617,18617,18617,14072,13017,39336
1,188,187,1791084148366114,1791084148367661,1547,0,7,18850,18850,18850,14220,13010,40173
1,189,188,1791084148416114,1791084148417375,1261,0,8,18851,18851,18851,14185,13173,40232
1,190,189,1791084148466114,1791084148467868,1754,0,9,18646,18646,18646,13893,13361,39990
1,191,190,1791084148516114,1791084148518084,1970,0,10,18692,18692,18692,13994,12911,38771
1,192,191,1791084148566114,1791084148567780,1666,0,11,18798,18798,18798,14185,13433,40784
1,193,192,1791084148616114,1791084148617376,1262,0,12,18837,18837,18837,14130,13781,40577
1,194,193,1791084148666114,1791084148668227,2113,0,13,18708,18708,18708,14052,13879,39973
1,195,194,1791084148716114,1791084148717831,1717,0,14,18699,18699,18699,14085,13937,39998
1,196,195,1791084148766114,1791084148767571,1457,0,15,18795,18795,18795,14101,13561,40018
1,197,196,1791084148816114,1791084148817786,1672,0,16,18872,18872,18872,14217,13420,39873
1,198,197,1791084148866114,1791084148868112,1998,0,17,18599,18599,18599,13978,13379,40068
1,199,198,1791084148916114,1791084148918236,2122,0,18,18819,18819,18819,14083,13893,40078
1,200,199,1791084148966114,1791084148967779,1665,0,19,18835,18835,18835,14218,13879,40287
1,201,200,1791084149016114,1791084149017901,1787,0,0,18626,18626,18626,13864,12594,38037
1,202,201,1791084149066114,1791084149067709,1595,0,1,18935,18935,18935,14312,13020,40576
1,203,202,1791084149116114,1791084149117689,1575,0,2,18682,18682,18682,13918,13192,40392
1,204,203,1791084149166114,1791084149167638,1524,0,3,18826,18826,18826,14176,13853,40583
1,205,204,1791084149216114,1791084149217487,1373,0,4,18604,18604,18604,13978,13576,39596
1,206,205,1791084149266114,1791084149268306,2192,0,5,18709,18709,18709,14060,13080,38955
1,207,206,1791084149316114,1791084149318297,2183,0,6,18617,18617,18617,13924,13285,39934
1,208,207,1791084149366114,1791084149395701,29587,0,7,18850,18850,18850,14168,13649,40372
1,209,208,1791084149416114,1791084149438536,22422,0,8,18851,18851,18851,14186,13567,39945
1,210,209,1791084149466114,1791084149481020,14906,0,9,18646,18646,18646,14018,13404,39802
1,211,210,1791084149516114,1791084149523055,6941,0,10,18692,18692,18692,13994,12704,38575
1,212,211,1791084149566114,1791084149567472,1358,0,11,18798,18798,18798,14151,14043,42052
1,213,212,1791084149616114,1791084149617572,1458,0,12,18837,18837,18837,14151,13636,40087
1,214,213,1791084149666114,1791084149667767,1653,0,13,18708,18708,18708,13987,13339,39212
1,215,214,1791084149716114,1791084149718229,2115,0,14,18699,18699,18699,14000,13696,40141
1,216,215,1791084149766114,1791084149767862,1748,0,15,18795,18795,18795,14076,13712,39985
1,217,216,1791084149816114,1791084149818598,2484,0,16,18872,18872,18872,14119,13073,39280
1,218,217,1791084149866114,1791084149868275,2161,0,17,18599,18599,18599,13930,12876,39537
1,219,218,1791084149916114,1791084149918290,2176,0,18,18819,18819,18819,14090,13359,40459
1,220,219,1791084149966114,1791084149967564,1450,0,19,18835,18835,18835,14236,13811,40712
1,221,220,1791084150016114,1791084150018201,2087,0,0,18626,18626,18626,14003,13694,39873
1,222,221,1791084150066114,1791084150067877,1763,0,1,18935,18935,18935,14279,13949,40415
1,223,222,1791084150116114,1791084150117707,1593,0,2,18682,18682,18682,14030,13503,39557
1,224,223,1791084150166114,1791084150167828,1714,0,3,18826,18826,18826,14124,12671,38435
1,225,224,1791084150216114,1791084150217886,1772,0,4,18604,18604,18604,13946,13086,40985
1,226,225,1791084150266114,1791084150267943,1829,0,5,18709,18709,18709,14120,13583,40520
1,227,226,1791084150316114,1791084150317651,1537,0,6,18617,18617,18617,14006,12945,39054
1,228,227,1791084150366114,1791084150367622,1508,0,7,18850,18850,18850,14238,13049,40314
1,229,228,1791084150416114,1791084150418317,2203,0,8,18851,18851,18851,14031,13781,41038
1,230,229,1791084150466114,1791084150467937,1823,0,9,18646,18646,18646,14036,13596,39544
1,231,230,1791084150516114,1791084150517416,1302,0,10,18692,18692,18692,14075,13173,39426
1,232,231,1791084150566114,1791084150568077,1963,0,11,18798,18798,18798,14175,13222,39958
1,233,232,1791084150616114,1791084150618321,2207,0,12,18837,18837,18837,14149,13246,40131
1,234,233,1791084150666114,1791084150667517,1403,0,13,18708,18708,18708,14112,13383,40066
1,235,234,1791084150716114,1791084150717342,1228,0,14,18699,18699,18699,13986,13643,40006
1,236,235,1791084150766114,1791084150767645,1531,0,15,18795,18795,18795,14074,13644,39862
1,237,236,1791084150816114,1791084150817356,1242,0,16,18872,18872,18872,14113,13153,39354
1,238,237,1791084150866114,1791084150867993,1879,0,17,18599,18599,18599,13970,12781,39056
1,239,238,1791084150916114,1791084150917650,1536,0,18,18819,18819,18819,14134,13920,41530
1,240,239,1791084150966114,1791084150967648,1534,0,19,18835,18835,18835,14124,12912,38974
1,241,240,1791084151016114,1791084151017492,1378,0,0,18626,18626,18626,13990,13041,40257
1,242,241,1791084151066114,1791084151067401,1287,0,1,18935,18935,18935,14275,13237,40136
1,243,242,1791084151116114,1791084151117676,1562,0,2,18682,18682,18682,13999,13518,40571
1,244,243,1791084151166114,1791084151167676,1562,0,3,18826,18826,18826,14179,13335,39498
1,245,244,1791084151216114,1791084151217497,1383,0,4,18604,18604,18604,13920,13352,39748
1,246,245,1791084151266114,1791084151267949,1835,0,5,18709,18709,18709,14110,13672,40155
1,247,246,1791084151316114,1791084151318135,2021,0,6,18617,18617,18617,14015,13042,39019
1,248,247,1791084151366114,1791084151367379,1265,0,7,18850,18850,18850,14268,13488,40838
1,249,248,1791084151416114,1791084151417489,1375,0,8,18851,18851,18851,14195,13322,39886
1,250,249,1791084151466114,1791084151468059,1945,0,9,18646,18646,18646,13984,13330,39919
1,251,250,1791084151516114,1791084151517907,1793,0,10,18692,18692,18692,14102,13346,39832
1,252,251,1791084151566114,1791084151567570,1456,0,11,18798,18798,18798,14129,13304,39897
1,253,252,1791084151616114,1791084151617669,1555,0,12,18837,18837,18837,14137,13724,40725
1,254,253,1791084151666114,1791084151667710,1596,0,13,18708,18708,18708,14044,13640,40058
1,255,254,1791084151716114,1791084151717952,1838,0,14,18699,18699,18699,14028,13058,39034
1,256,255,1791084151766114,1791084151767551,1437,0,15,18795,18795,18795,14122,13591,40969
1,257,256,1791084151816114,1791084151817597,1483,0,16,18872,18872,18872,14135,13386,39899
1,258,257,1791084151866114,1791084151867441,1327,0,17,18599,18599,18599,14011,12923,39158
1,259,258,1791084151916114,1791084151917489,1375,0,18,18819,18819,18819,14107,13201,40350
1,260,259,1791084151966114,1791084151967518,1404,0,19,18835,18835,18835,14128,13583,40523
1,261,260,1791084152016114,1791084152017536,1422,0,0,18626,18626,18626,13958,13054,39212
1,262,261,1791084152066114,1791084152067491,1377,0,1,18935,18935,18935,14244,13087,39960
1,263,262,1791084152116114,1791084152117671,1557,0,2,18682,18682,18682,14066,13303,40579
1,264,263,1791084152166114,1791084152167462,1348,0,3,18826,18826,18826,14149,13428,39982
1,265,264,1791084152216114,1791084152217589,1475,0,4,18604,18604,18604,13816,12750,38653
1,266,265,1791084152266114,1791084152267387,1273,0,5,18709,18709,18709,14113,13326,40673
1,267,266,1791084152316114,1791084152318122,2008,0,6,18617,18617,18617,13944,13535,39713
1,268,267,1791084152366114,1791084152367589,1475,0,7,18850,18850,18850,14105,13477,39789
1,269,268,1791084152416114,1791084152417356,1242,0,8,18851,18851,18851,14142,13740,40397
1,270,269,1791084152466114,1791084152467546,1432,0,9,18646,18646,18646,14086,13727,40073
1,271,270,1791084152516114,1791084152518054,1940,0,10,18692,18692,18692,14103,13503,39703
1,272,271,1791084152566114,1791084152567579,1465,0,11,18798,18798,18798,14119,13974,40258
1,273,272,1791084152616114,1791084152617688,1574,0,12,18837,18837,18837,14105,13092,39208
1,274,273,1791084152666114,1791084152667822,1708,0,13,18708,18708,18708,14123,14025,41078
1,275,274,1791084152716114,1791084152717885,1771,0,14,18699,18699,18699,14021,13152,38934
1,276,275,1791084152766114,1791084152767816,1702,0,15,18795,18795,18795,14138,13345,39844
1,277,276,1791084152816114,1791084152818083,1969,0,16,18872,18872,18872,14088,13064,39508
1,278,277,1791084152866114,1791084152868333,2219,0,17,18599,18599,18599,14007,13845,40689
1,279,278,1791084152916114,1791084152917808,1694,0,18,18819,18819,18819,14101,12861,38888
1,280,279,1791084152966114,1791084152967625,1511,0,19,18835,18835,18835,14228,13976,41861
1,281,280,1791084153016114,1791084153018345,2231,0,0,18626,18626,18626,13976,13383,39500
1,282,281,1791084153066114,1791084153067322,1208,0,1,18935,18935,18935,14204,13316,39838
1,283,282,1791084153116114,1791084153118197,2083,0,2,18682,18682,18682,14139,13464,40436
1,284,283,1791084153166114,1791084153167803,1689,0,3,18826,18826,18826,14127,13375,40204
1,285,284,1791084153216114,1791084153218114,2000,0,4,18604,18604,18604,13988,13718,40215
1,286,285,1791084153266114,1791084153267620,1506,0,5,18709,18709,18709,14074,13299,39391
1,287,286,1791084153316114,1791084153317300,1186,0,6,18617,18617,18617,14003,13624,40004
1,288,287,1791084153366114,1791084153367545,1431,0,7,18850,18850,18850,14216,13978,40402
1,289,288,1791084153416114,1791084153417844,1730,0,8,18851,18851,18851,14213,13688,40140
1,290,289,1791084153466114,1791084153467869,1755,0,9,18646,18646,18646,13964,13697,39986
1,291,290,1791084153516114,1791084153517941,1827,0,10,18692,18692,18692,13930,12645,38362
1,292,291,1791084153566114,1791084153567584,1470,0,11,18798,18798,18798,14076,13884,41584
1,293,292,1791084153616114,1791084153617744,1630,0,12,18837,18837,18837,14189,13211,39390
1,294,293,1791084153666114,1791084153667357,1243,0,13,18708,18708,18708,14112,13557,40787
1,295,294,1791084153716114,1791084153718017,1903,0,14,18699,18699,18699,14116,12379,38041
1,296,295,1791084153766114,1791084153767719,1605,0,15,18795,18795,18795,14187,13503,43175
1,297,296,1791084153816114,1791084153817796,1682,0,16,18872,18872,18872,14122,13499,40138
1,298,297,1791084153866114,1791084153868078,1964,0,17,18599,18599,18599,13969,13585,39766
1,299,298,1791084153916114,1791084153917562,1448,0,18,18819,18819,18819,14144,12930,39186
1,300,299,1791084153966114,1791084153967405,1291,0,19,18835,18835,18835,14137,13763,41304
1,301,300,1791084154016114,1791084154018290,2176,0,0,18626,18626,18626,13864,13597,39578
1,302,301,1791084154066114,1791084154068164,2050,0,1,18935,18935,18935,14099,13854,39949
1,303,302,1791084154116114,1791084154117592,1478,0,2,18682,18682,18682,14084,13172,39375
1,304,303,1791084154166114,1791084154167278,1164,0,3,18826,18826,18826,14198,13295,40447
1,305,304,1791084154216114,1791084154218101,1987,0,4,18604,18604,18604,13938,12993,39551
1,306,305,1791084154266114,1791084154268090,1976,0,5,18709,18709,18709,13963,12679,39191
1,307,306,1791084154316114,1791084154317909,1795,0,6,18617,18617,18617,13892,12779,39670
1,308,307,1791084154366114,1791084154367843,1729,0,7,18850,18850,18850,14018,13427,40580
1,309,308,1791084154416114,1791084154417482,1368,0,8,18851,18851,18851,14207,13522,40135
1,310,309,1791084154466114,1791084154467969,1855,0,9,18646,18646,18646,13984,12930,38969
1,311,310,1791084154516114,1791084154517366,1252,0,10,18692,18692,18692,14020,12795,39531
1,312,311,1791084154566114,1791084154567585,1471,0,11,18798,18798,18798,14237,13650,41607
1,313,312,1791084154616114,1791084154618292,2178,0,12,18837,18837,18837,14054,13448,39889
1,314,313,1791084154666114,1791084154668308,2194,0,13,18708,18708,18708,14082,13527,39910
1,315,314,1791084154716114,1791084154717518,1404,0,14,18699,18699,18699,14018,13209,39244
1,316,315,1791084154766114,1791084154767684,1570,0,15,18795,18795,18795,14098,13357,39919
1,317,316,1791084154816114,1791084154818188,2074,0,16,18872,18872,18872,14330,13711,40838
1,318,317,1791084154866114,1791084154867961,1847,0,17,18599,18599,18599,13976,13477,39684
1,319,318,1791084154916114,1791084154918266,2152,0,18,18819,18819,18819,14149,13502,39921
1,320,319,1791084154966114,1791084154967589,1475,0,19,18835,18835,18835,14180,13443,39869
1,321,320,1791084155016114,1791084155018232,2118,0,0,18626,18626,18626,13990,13544,40083
1,322,321,1791084155066114,1791084155067381,1267,0,1,18935,18935,18935,14197,13538,40022
1,323,322,1791084155116114,1791084155117399,1285,0,2,18682,18682,18682,14042,12893,39092
1,324,323,1791084155166114,1791084155167875,1761,0,3,18826,18826,18826,14162,13572,41066
1,325,324,1791084155216114,1791084155217520,1406,0,4,18604,18604,18604,13897,13447,39499
1,326,325,1791084155266114,1791084155268288,2174,0,5,18709,18709,18709,14039,13154,39396
1,327,326,1791084155316114,1791084155317944,1830,0,6,18617,18617,18617,13929,12905,39388
1,328,327,1791084155366114,1791084155367591,1477,0,7,18850,18850,18850,14154,13571,40966
1,329,328,1791084155416114,1791084155417938,1824,0,8,18851,18851,18851,14040,13366,39738
1,330,329,1791084155466114,1791084155467780,1666,0,9,18646,18646,18646,13950,13221,39271
1,331,330,1791084155516114,1791084155517526,1412,0,10,18692,18692,18692,14179,13173,39544
1,332,331,1791084155566114,1791084155567806,1692,0,11,18798,18798,18798,14254,13445,40567
1,333,332,1791084155616114,1791084155617652,1538,0,12,18837,18837,18837,14187,13344,39889
1,334,333,1791084155666114,1791084155667380,1266,0,13,18708,18708,18708,14206,13248,40211
1,335,334,1791084155716114,1791084155717577,1463,0,14,18699,18699,18699,14019,13021,39381
1,336,335,1791084155766114,1791084155767682,1568,0,15,18795,18795,18795,14197,13192,40073
1,337,336,1791084155816114,1791084155817301,1187,0,16,18872,18872,18872,14157,13370,40448
1,338,337,1791084155866114,1791084155867839,1725,0,17,18599,18599,18599,13957,13329,39774
1,339,338,1791084155916114,1791084155917482,1368,0,18,18819,18819,18819,14107,13426,39651
1,340,339,1791084155966114,1791084155968085,1971,0,19,18835,18835,18835,14164,14009,40315
1,341,340,1791084156016114,1791084156017704,1590,0,0,18626,18626,18626,14065,12787,38523
1,342,341,1791084156066114,1791084156067656,1542,0,1,18935,18935,18935,14275,13226,41234
1,343,342,1791084156116114,1791084156117678,1564,0,2,18682,18682,18682,14000,12893,39515
1,344,343,1791084156166114,1791084156167828,1714,0,3,18826,18826,18826,14219,13374,40935
1,345,344,1791084156216114,1791084156217855,1741,0,4,18604,18604,18604,14019,13403,39867
1,346,345,1791084156266114,1791084156268245,2131,0,5,18709,18709,18709,14054,13646,40041
1,347,346,1791084156316114,1791084156318013,1899,0,6,18617,18617,18617,13999,13761,39861
1,348,347,1791084156366114,1791084156367605,1491,0,7,18850,18850,18850,14073,13792,40017
1,349,348,1791084156416114,1791084156417838,1724,0,8,18851,18851,18851,14120,13029,39100
1,350,349,1791084156466114,1791084156467463,1349,0,9,18646,18646,18646,14082,13874,41006
1,351,350,1791084156516114,1791084156517516,1402,0,10,18692,18692,18692,13973,13400,39458
1,352,351,1791084156566114,1791084156567506,1392,0,11,18798,18798,18798,14110,13543,39946
1,353,352,1791084156616114,1791084156617472,1358,0,12,18837,18837,18837,14164,14145,40695
1,354,353,1791084156666114,1791084156667554,1440,0,13,18708,18708,18708,14044,13631,39569
1,355,354,1791084156716114,1791084156718188,2074,0,14,18699,18699,18699,14059,12863,38798
1,356,355,1791084156766114,1791084156767484,1370,0,15,18795,18795,18795,14029,13240,40351
1,357,356,1791084156816114,1791084156817817,1703,0,16,18872,18872,18872,14215,13082,39964
1,358,357,1791084156866114,1791084156867955,1841,0,17,18599,18599,18599,13837,13224,39920
1,359,358,1791084156916114,1791084156918204,2090,0,18,18819,18819,18819,14042,13353,39681
1,360,359,1791084156966114,1791084156967586,1472,0,19,18835,18835,18835,14162,13200,39745
1,361,360,1791084157016114,1791084157017345,1231,0,0,18626,18626,18626,14122,13111,39955
1,362,361,1791084157066114,1791084157068089,1975,0,1,18935,18935,18935,14203,13608,40931
1,363,362,1791084157116114,1791084157118200,2086,0,2,18682,18682,18682,14089,13693,40146
1,364,363,1791084157166114,1791084157167897,1783,0,3,18826,18826,18826,14089,13294,39477
1,365,364,1791084157216114,1791084157217574,1460,0,4,18604,18604,18604,14018,13203,39843
1,366,365,1791084157266114,1791084157268093,1979,0,5,18709,18709,18709,14038,13199,39493
1,367,366,1791084157316114,1791084157318257,2143,0,6,18617,18617,18617,13950,12678,38758
1,368,367,1791084157366114,1791084157367593,1479,0,7,18850,18850,18850,14264,13649,41928
1,369,368,1791084157416114,1791084157418134,2020,0,8,18851,18851,18851,14199,13876,40733
1,370,369,1791084157466114,1791084157469433,3319,0,9,18646,18646,18646,14038,13683,39945
1,371,370,1791084157516114,1791084157517850,1736,0,10,18692,18692,18692,14003,12797,38708
1,372,371,1791084157566114,1791084157567699,1585,0,11,18798,18798,18798,14080,13802,41235
1,373,372,1791084157616114,1791084157617490,1376,0,12,18837,18837,18837,14020,13120,39249
1,374,373,1791084157666114,1791084157668963,2849,0,13,18708,18708,18708,14069,13219,40220
1,375,374,1791084157716114,1791084157717395,1281,0,14,18699,18699,18699,14152,13327,40335
1,376,375,1791084157766114,1791084157767900,1786,0,15,18795,18795,18795,14116,13285,39753
1,377,376,1791084157816114,1791084157817749,1635,0,16,18872,18872,18872,14145,13200,39923
1,378,377,1791084157866114,1791084157867368,1254,0,17,18599,18599,18599,13904,12732,38947
1,379,378,1791084157916114,1791084157917525,1411,0,18,18819,18819,18819,14176,13410,41045
1,380,379,1791084157966114,1791084157967582,1468,0,19,18835,18835,18835,14081,13149,39687
1,381,380,1791084158016114,1791084158017697,1583,0,0,18626,18626,18626,13866,13453,40049
1,382,381,1791084158066114,1791084158067576,1462,0,1,18935,18935,18935,14202,13761,40318
1,383,382,1791084158116114,1791084158118262,2148,0,2,18682,18682,18682,14091,13225,39590
1,384,383,1791084158166114,1791084158167794,1680,0,3,18826,18826,18826,14031,13235,39683
1,385,384,1791084158216114,1791084158217760,1646,0,4,18604,18604,18604,13969,13410,39781
1,386,385,1791084158266114,1791084158267471,1357,0,5,18709,18709,18709,13988,12780,38752
1,387,386,1791084158316114,1791084158318327,2213,0,6,18617,18617,18617,13992,13411,40878
1,388,387,1791084158366114,1791084158367558,1444,0,7,18850,18850,18850,14137,13817,40304
1,389,388,1791084158416114,1791084158417344,1230,0,8,18851,18851,18851,14176,13316,39534
1,390,389,1791084158466114,1791084158467714,1600,0,9,18646,18646,18646,13981,13532,40063
1,391,390,1791084158516114,1791084158517604,1490,0,10,18692,18692,18692,14092,13838,40217
1,392,391,1791084158566114,1791084158567669,1555,0,11,18798,18798,18798,14208,13478,40056
1,393,392,1791084158616114,1791084158617640,1526,0,12,18837,18837,18837,14160,13490,40313
1,394,393,1791084158666114,1791084158667478,1364,0,13,18708,18708,18708,14083,13293,39800
1,395,394,1791084158716114,1791084158717675,1561,0,14,18699,18699,18699,14126,13027,39372
1,396,395,1791084158766114,1791084158767471,1357,0,15,18795,18795,18795,14189,13229,40274
1,397,396,1791084158816114,1791084158817514,1400,0,16,18872,18872,18872,14092,13528,40533
1,398,397,1791084158866114,1791084158868010,1896,0,17,18599,18599,18599,13992,13760,39942
1,399,398,1791084158916114,1791084158918153,2039,0,18,18819,18819,18819,14148,12848,38963
1,400,399,1791084158966114,1791084158967622,1508,0,19,18835,18835,18835,14063,13796,41585
1,401,400,1791084159016114,1791084159017661,1547,0,0,18626,18626,18626,13954,12843,38696
1,402,401,1791084159066114,1791084159067675,1561,0,1,18935,18935,18935,14173,13156,40409
1,403,402,1791084159116114,1791084159118195,2081,0,2,18682,18682,18682,14004,12746,39234
1,404,403,1791084159166114,1791084159167765,1651,0,3,18826,18826,18826,14204,13324,41132
1,405,404,1791084159216114,1791084159217791,1677,0,4,18604,18604,18604,13981,12761,38772
1,406,405,1791084159266114,1791084159268144,2030,0,5,18709,18709,18709,14027,12614,39417
1,407,406,1791084159316114,1791084159317691,1577,0,6,18617,18617,18617,14051,13281,41055
1,408,407,1791084159366114,1791084159367681,1567,0,7,18850,18850,18850,14175,14022,40831
1,409,408,1791084159416114,1791084159417869,1755,0,8,18851,18851,18851,14308,13074,39423
1,410,409,1791084159466114,1791084159467431,1317,0,9,18646,18646,18646,13964,13675,40934
1,411,410,1791084159516114,1791084159517652,1538,0,10,18692,18692,18692,14000,12846,38659
1,412,411,1791084159566114,1791084159567530,1416,0,11,18798,18798,18798,14154,13237,40390
1,413,412,1791084159616114,1791084159617396,1282,0,12,18837,18837,18837,14114,13588,40699
1,414,413,1791084159666114,1791084159667716,1602,0,13,18708,18708,18708,14046,13743,39923
1,415,414,1791084159716114,1791084159717868,1754,0,14,18699,18699,18699,14101,13395,39473
1,416,415,1791084159766114,1791084159767764,1650,0,15,18795,18795,18795,14118,13390,39856
1,417,416,1791084159816114,1791084159817836,1722,0,16,18872,18872,18872,14188,13740,40550
1,418,417,1791084159866114,1791084159867817,1703,0,17,18599,18599,18599,14037,13721,39938
1,419,418,1791084159916114,1791084159917949,1835,0,18,18819,18819,18819,14076,13133,39261
1,420,419,1791084159966114,1791084159967579,1465,0,19,18835,18835,18835,14160,12880,39669
1,421,420,1791084160016114,1791084160017424,1310,0,0,18626,18626,18626,13999,13217,40790
1,422,421,1791084160066114,1791084160068064,1950,0,1,18935,18935,18935,14246,13578,40251
1,423,422,1791084160116114,1791084160117910,1796,0,2,18682,18682,18682,14044,13374,39923
1,424,423,1791084160166114,1791084160167903,1789,0,3,18826,18826,18826,14181,14156,40813
1,425,424,1791084160216114,1791084160218367,2253,0,4,18604,18604,18604,13903,12990,38696
1,426,425,1791084160266114,1791084160294224,28110,0,5,18709,18709,18709,14092,13119,39598
1,427,426,1791084160316114,1791084160343319,27205,0,6,18617,18617,18617,14071,13410,40294
1,428,427,1791084160366114,1791084160391526,25412,0,7,18850,18850,18850,14147,13820,40317
1,429,428,1791084160416114,1791084160435222,19108,0,8,18851,18851,18851,14230,13747,40327
1,430,429,1791084160466114,1791084160481160,15046,0,9,18646,18646,18646,14071,13661,39924
1,431,430,1791084160516114,1791084160523989,7875,0,10,18692,18692,18692,14149,12792,38943
1,432,431,1791084160566114,1791084160571563,5449,0,11,18798,18798,18798,14102,13795,41664
1,433,432,1791084160616114,1791084160617692,1578,0,12,18837,18837,18837,14281,12649,38686
1,434,433,1791084160666114,1791084160669065,2951,0,13,18708,18708,18708,14129,13161,42117
1,435,434,1791084160716114,1791084160717777,1663,0,14,18699,18699,18699,14056,13093,39734
1,436,435,1791084160766114,1791084160767496,1382,0,15,18795,18795,18795,14108,13075,39933
1,437,436,1791084160816114,1791084160817754,1640,0,16,18872,18872,18872,14195,13477,40639
1,438,437,1791084160866114,1791084160867555,1441,0,17,18599,18599,18599,13919,13399,39521
1,439,438,1791084160916114,1791084160918386,2272,0,18,18819,18819,18819,14061,13448,39563
1,440,439,1791084160966114,1791084160967621,1507,0,19,18835,18835,18835,14057,12945,39161
1,441,440,1791084161016114,1791084161017991,1877,0,0,18626,18626,18626,13971,13394,40502
1,442,441,1791084161066114,1791084161067341,1227,0,1,18935,18935,18935,14280,13853,40433
1,443,442,1791084161116114,1791084161117932,1818,0,2,18682,18682,18682,14088,13327,39557
1,444,443,1791084161166114,1791084161168111,1997,0,3,18826,18826,18826,14081,13082,39432
1,445,444,1791084161216114,1791084161218037,1923,0,4,18604,18604,18604,13935,13389,40195
1,446,445,1791084161266114,1791084161267422,1308,0,5,18709,18709,18709,14056,13689,40122
1,447,446,1791084161316114,1791084161318088,1974,0,6,18617,18617,18617,13925,12547,38019
1,448,447,1791084161366114,1791084161367600,1486,0,7,18850,18850,18850,14199,13833,42032
1,449,448,1791084161416114,1791084161417592,1478,0,8,18851,18851,18851,14080,13326,39661
1,450,449,1791084161466114,1791084161467469,1355,0,9,18646,18646,18646,13959,13282,39537
1,451,450,1791084161516114,1791084161518283,2169,0,10,18692,18692,18692,13964,13284,39589
1,452,451,1791084161566114,1791084161567433,1319,0,11,18798,18798,18798,13988,13546,39853
1,453,452,1791084161616114,1791084161617907,1793,0,12,18837,18837,18837,14111,13363,39656
1,454,453,1791084161666114,1791084161667302,1188,0,13,18708,18708,18708,13991,13422,39640
1,455,454,1791084161716114,1791084161718837,2723,0,14,18699,18699,18699,13997,13306,39195
1,456,455,1791084161766114,1791084161768639,2525,0,15,18795,18795,18795,14125,12947,39294
1,457,456,1791084161816114,1791084161817875,1761,0,16,18872,18872,18872,14190,13206,40635
1,458,457,1791084161866114,1791084161867740,1626,0,17,18599,18599,18599,14093,13427,40502
1,459,458,1791084161916114,1791084161918988,2874,0,18,18819,18819,18819,14022,13226,39383
1,460,459,1791084161966114,1791084161970837,4723,0,19,18835,18835,18835,14104,13381,39910
1,461,460,1791084162016114,1791084162017432,1318,0,0,18626,18626,18626,14021,13472,40177
1,462,461,1791084162066114,1791084162068162,2048,0,1,18935,18935,18935,14185,13513,40041
1,463,462,1791084162116114,1791084162117932,1818,0,2,18682,18682,18682,14011,13404,39603
1,464,463,1791084162166114,1791084162167707,1593,0,3,18826,18826,18826,14069,13720,40144
1,465,464,1791084162216114,1791084162217346,1232,0,4,18604,18604,18604,14045,13433,39498
1,466,465,1791084162266114,1791084162267782,1668,0,5,18709,18709,18709,14001,13475,39738
1,467,466,1791084162316114,1791084162317535,1421,0,6,18617,18617,18617,14001,13692,39778
1,468,467,1791084162366114,1791084162367640,1526,0,7,18850,18850,18850,14073,13041,39279
1,469,468,1791084162416114,1791084162417515,1401,0,8,18851,18851,18851,14102,13263,40179
1,470,469,1791084162466114,1791084162468031,1917,0,9,18646,18646,18646,14086,13667,40404
1,471,470,1791084162516114,1791084162517318,1204,0,10,18692,18692,18692,14092,13647,39855
1,472,471,1791084162566114,1791084162567733,1619,0,11,18798,18798,18798,14135,13875,40223
1,473,472,1791084162616114,1791084162617983,1869,0,12,18837,18837,18837,14102,13036,39162
1,474,473,1791084162666114,1791084162667390,1276,0,13,18708,18708,18708,14007,13235,40383
1,475,474,1791084162716114,1791084162718109,1995,0,14,18699,18699,18699,14133,13037,39713
1,476,475,1791084162766114,1791084162767617,1503,0,15,18795,18795,18795,14013,12610,39517
1,477,476,1791084162816114,1791084162817941,1827,0,16,18872,18872,18872,14169,12860,40638
1,478,477,1791084162866114,1791084162867448,1334,0,17,18599,18599,18599,13958,13345,40893
1,479,478,1791084162916114,1791084162917366,1252,0,18,18819,18819,18819,14294,13489,39936
1,480,479,1791084162966114,1791084162967612,1498,0,19,18835,18835,18835,14117,13549,40430
1,481,480,1791084163016114,1791084163017859,1745,0,0,18626,18626,18626,14029,13850,39992
1,482,481,1791084163066114,1791084163067520,1406,0,1,18935,18935,18935,14242,13410,39722
1,483,482,1791084163116114,1791084163117676,1562,0,2,18682,18682,18682,14023,13280,39838
1,484,483,1791084163166114,1791084163167608,1494,0,3,18826,18826,18826,14191,13273,39933
1,485,484,1791084163216114,1791084163217385,1271,0,4,18604,18604,18604,13895,12815,38892
1,486,485,1791084163266114,1791084163267988,1874,0,5,18709,18709,18709,14036,13358,40445
1,487,486,1791084163316114,1791084163318086,1972,0,6,18617,18617,18617,13965,13048,39111
1,488,487,1791084163366114,1791084163368204,2090,0,7,18850,18850,18850,14180,13380,40497
1,489,488,1791084163416114,1791084163417829,1715,0,8,18851,18851,18851,14202,14150,40884
1,490,489,1791084163466114,1791084163468069,1955,0,9,18646,18646,18646,14009,13809,39958
1,491,490,1791084163516114,1791084163517996,1882,0,10,18692,18692,18692,14038,13352,39379
1,492,491,1791084163566114,1791084163567746,1632,0,11,18798,18798,18798,14102,13861,40246
1,493,492,1791084163616114,1791084163617419,1305,0,12,18837,18837,18837,14036,13646,39742
1,494,493,1791084163666114,1791084163667985,1871,0,13,18708,18708,18708,13972,13347,39252
1,495,494,1791084163716114,1791084163717481,1367,0,14,18699,18699,18699,13980,13528,39553
1,496,495,1791084163766114,1791084163767553,1439,0,15,18795,18795,18795,14193,13195,39448
1,497,496,1791084163816114,1791084163818221,2107,0,16,18872,18872,18872,14274,13303,40460
1,498,497,1791084163866114,1791084163867712,1598,0,17,18599,18599,18599,13946,13210,39850
1,499,498,1791084163916114,1791084163917394,1280,0,18,18819,18819,18819,14141,13880,40573
1,500,499,1791084163966114,1791084163978932,12818,0,19,18835,18835,18835,14079,13012,38920
1,501,500,1791084164016114,1791084164030543,14429,0,0,18626,18626,18626,14035,13826,41015
1,502,501,1791084164066114,1791084164072902,6788,0,1,18935,18935,18935,14267,14187,40809
1,503,502,1791084164116114,1791084164117521,1407,0,2,18682,18682,18682,13933,12521,37773
1,504,503,1791084164166114,1791084164167801,1687,0,3,18826,18826,18826,14153,13545,41799
1,505,504,1791084164216114,1791084164218077,1963,0,4,18604,18604,18604,14080,13442,39735
1,506,505,1791084164266114,1791084164268222,2108,0,5,18709,18709,18709,14030,13291,39784
1,507,506,1791084164316114,1791084164317501,1387,0,6,18617,18617,18617,13983,13140,39582
1,508,507,1791084164366114,1791084164367616,1502,0,7,18850,18850,18850,14150,13809,40651
1,509,508,1791084164416114,1791084164417729,1615,0,8,18851,18851,18851,14223,13583,40160
1,510,509,1791084164466114,1791084164467634,1520,0,9,18646,18646,18646,14014,13475,39695
1,511,510,1791084164516114,1791084164517847,1733,0,10,18692,18692,18692,13993,13794,40208
1,512,511,1791084164566114,1791084164567590,1476,0,11,18798,18798,18798,14146,13317,39752
1,513,512,1791084164616114,1791084164618169,2055,0,12,18837,18837,18837,14128,13080,39768
1,514,513,1791084164666114,1791084164667509,1395,0,13,18708,18708,18708,14120,12766,39518
1,515,514,1791084164716114,1791084164717511,1397,0,14,18699,18699,18699,14023,13212,40917
1,516,515,1791084164766114,1791084164767630,1516,0,15,18795,18795,18795,14068,13495,40169
1,517,516,1791084164816114,1791084164817554,1440,0,16,18872,18872,18872,14204,13473,40004
1,518,517,1791084164866114,1791084164867396,1282,0,17,18599,18599,18599,14019,13436,39867
1,519,518,1791084164916114,1791084164917665,1551,0,18,18819,18819,18819,14167,13209,39726
1,520,519,1791084164966114,1791084164967776,1662,0,19,18835,18835,18835,14130,13548,40541
1,521,520,1791084165016114,1791084165017651,1537,0,0,18626,18626,18626,14006,13865,40092
1,522,521,1791084165066114,1791084165067676,1562,0,1,18935,18935,18935,14214,13610,39847
1,523,522,1791084165116114,1791084165117605,1491,0,2,18682,18682,18682,14008,13052,39110
1,524,523,1791084165166114,1791084165167829,1715,0,3,18826,18826,18826,14093,13008,39868
1,525,524,1791084165216114,1791084165218004,1890,0,4,18604,18604,18604,14055,13537,40695
1,526,525,1791084165266114,1791084165267908,1794,0,5,18709,18709,18709,14026,13309,39347
1,527,526,1791084165316114,1791084165317401,1287,0,6,18617,18617,18617,14030,12974,39181
1,528,527,1791084165366114,1791084165367880,1766,0,7,18850,18850,18850,14143,13086,40047
1,529,528,1791084165416114,1791084165417570,1456,0,8,18851,18851,18851,14127,13155,40120
1,530,529,1791084165466114,1791084165467466,1352,0,9,18646,18646,18646,14031,13284,40105
1,531,530,1791084165516114,1791084165518153,2039,0,10,18692,18692,18692,14048,13533,40083
1,532,531,1791084165566114,1791084165567676,1562,0,11,18798,18798,18798,14164,13353,39796
1,533,532,1791084165616114,1791084165618064,1950,0,12,18837,18837,18837,14071,13435,40152
1,534,533,1791084165666114,1791084165667470,1356,0,13,18708,18708,18708,14058,13104,39491
1,535,534,1791084165716114,1791084165718151,2037,0,14,18699,18699,18699,13996,13135,39717
1,536,535,1791084165766114,1791084165767598,1484,0,15,18795,18795,18795,14050,13627,40336
1,537,536,1791084165816114,1791084165817462,1348,0,16,18872,18872,18872,14105,13864,40115
1,538,537,1791084165866114,1791084165868452,2338,0,17,18599,18599,18599,13912,12777,38317
1,539,538,1791084165916114,1791084165917417,1303,0,18,18819,18819,18819,14120,13548,40926
1,540,539,1791084165966114,1791084165967379,1265,0,19,18835,18835,18835,14065,13355,39590
1,541,540,1791084166016114,1791084166017585,1471,0,0,18626,18626,18626,13933,13665,40063
1,542,541,1791084166066114,1791084166068338,2224,0,1,18935,18935,18935,14306,13947,40493
1,543,542,1791084166116114,1791084166117967,1853,0,2,18682,18682,18682,14076,12883,39014
1,544,543,1791084166166114,1791084166167793,1679,0,3,18826,18826,18826,14057,12961,40299
1,545,544,1791084166216114,1791084166217704,1590,0,4,18604,18604,18604,13941,13075,39804
1,546,545,1791084166266114,1791084166267896,1782,0,5,18709,18709,18709,13942,12980,39310
1,547,546,1791084166316114,1791084166317291,1177,0,6,18617,18617,18617,13928,12970,39342
1,548,547,1791084166366114,1791084166368270,2156,0,7,18850,18850,18850,14243,14148,41170
1,549,548,1791084166416114,1791084166417438,1324,0,8,18851,18851,18851,14201,13107,39515
1,550,549,1791084166466114,1791084166468253,2139,0,9,18646,18646,18646,14104,13320,40650
1,551,550,1791084166516114,1791084166517760,1646,0,10,18692,18692,18692,14084,12585,38920
1,552,551,1791084166566114,1791084166567449,1335,0,11,18798,18798,18798,14162,14006,42654
1,553,552,1791084166616114,1791084166619088,2974,0,12,18837,18837,18837,14189,13983,40375
1,554,553,1791084166666114,1791084166668284,2170,0,13,18708,18708,18708,14093,14047,40382
1,555,554,1791084166716114,1791084166726395,10281,0,14,18699,18699,18699,14033,12829,38576
1,556,555,1791084166766114,1791084166785182,19068,0,15,18795,18795,18795,14099,13280,40752
1,557,556,1791084166816114,1791084166830821,14707,0,16,18872,18872,18872,14175,13212,39956
1,558,557,1791084166866114,1791084166873967,7853,0,17,18599,18599,18599,13952,13375,40342
1,559,558,1791084166916114,1791084166917472,1358,0,18,18819,18819,18819,14188,13988,40518
1,560,559,1791084166966114,1791084166967858,1744,0,19,18835,18835,18835,14103,13382,39530
1,561,560,1791084167016114,1791084167018223,2109,0,0,18626,18626,18626,13925,12454,37957
1,562,561,1791084167066114,1791084167068214,2100,0,1,18935,18935,18935,14152,13193,41628
1,563,562,1791084167116114,1791084167118060,1946,0,2,18682,18682,18682,13920,13712,40177
1,564,563,1791084167166114,1791084167167604,1490,0,3,18826,18826,18826,14162,12852,38910
1,565,564,1791084167216114,1791084167217583,1469,0,4,18604,18604,18604,14006,13626,41280
1,566,565,1791084167266114,1791084167267558,1444,0,5,18709,18709,18709,14036,13058,38853
1,567,566,1791084167316114,1791084167318300,2186,0,6,18617,18617,18617,13949,13010,39598
1,568,567,1791084167366114,1791084167367942,1828,0,7,18850,18850,18850,14193,13605,40799
1,569,568,1791084167416114,1791084167417512,1398,0,8,18851,18851,18851,14156,13493,40074
1,570,569,1791084167466114,1791084167468019,1905,0,9,18646,18646,18646,14017,13085,39228
1,571,570,1791084167516114,1791084167518000,1886,0,10,18692,18692,18692,14169,13015,40006
1,572,571,1791084167566114,1791084167567592,1478,0,11,18798,18798,18798,14086,13345,40567
1,573,572,1791084167616114,1791084167617334,1220,0,12,18837,18837,18837,14117,13818,40311
1,574,573,1791084167666114,1791084167667502,1388,0,13,18708,18708,18708,14043,13789,39735
1,575,574,1791084167716114,1791084167717394,1280,0,14,18699,18699,18699,14018,13371,39483
1,576,575,1791084167766114,1791084167767737,1623,0,15,18795,18795,18795,14086,13164,39544
1,577,576,1791084167816114,1791084167818309,2195,0,16,18872,18872,18872,14270,13289,40356
1,578,577,1791084167866114,1791084167867907,1793,0,17,18599,18599,18599,14098,13790,40537
1,579,578,1791084167916114,1791084167917375,1261,0,18,18819,18819,18819,14139,13473,39827
1,580,579,1791084167966114,1791084167967824,1710,0,19,18835,18835,18835,14129,13256,39752
1,581,580,1791084168016114,1791084168017344,1230,0,0,18626,18626,18626,13973,13300,39868
1,582,581,1791084168066114,1791084168067475,1361,0,1,18935,18935,18935,14194,13356,39936
1,583,582,1791084168116114,1791084168118303,2189,0,2,18682,18682,18682,14041,13042,39763
1,584,583,1791084168166114,1791084168167897,1783,0,3,18826,18826,18826,14139,13284,40208
1,585,584,1791084168216114,1791084168217984,1870,0,4,18604,18604,18604,13798,13506,39805
1,586,585,1791084168266114,1791084168267900,1786,0,5,18709,18709,18709,14032,12729,38594
1,587,586,1791084168316114,1791084168317483,1369,0,6,18617,18617,18617,13988,13503,41154
1,588,587,1791084168366114,1791084168367716,1602,0,7,18850,18850,18850,14147,13350,39843
1,589,588,1791084168416114,1791084168417567,1453,0,8,18851,18851,18851,14082,13293,39969
1,590,589,1791084168466114,1791084168467473,1359,0,9,18646,18646,18646,14092,13266,39858
1,591,590,1791084168516114,1791084168518077,1963,0,10,18692,18692,18692,14024,13593,40165
1,592,591,1791084168566114,1791084168567743,1629,0,11,18798,18798,18798,14080,13136,39408
1,593,592,1791084168616114,1791084168617376,1262,0,12,18837,18837,18837,14213,13090,40056
1,594,593,1791084168666114,1791084168668116,2002,0,13,18708,18708,18708,14068,13567,40921
1,595,594,1791084168716114,1791084168717962,1848,0,14,18699,18699,18699,14008,13413,39576
1,596,595,1791084168766114,1791084168767571,1457,0,15,18795,18795,18795,14126,12945,39521
1,597,596,1791084168816114,1791084168817639,1525,0,16,18872,18872,18872,14059,13666,41161
1,598,597,1791084168866114,1791084168868219,2105,0,17,18599,18599,18599,13935,13238,38946
1,599,598,1791084168916114,1791084168917505,1391,0,18,18819,18819,18819,14094,13005,39461
1,600,599,1791084168966114,1791084168967733,1619,0,19,18835,18835,18835,14178,13426,40691
1,601,600,1791084169016114,1791084169017832,1718,0,0,18626,18626,18626,14020,13594,39987
1,602,601,1791084169066114,1791084169068282,2168,0,1,18935,18935,18935,14209,13488,39933
1,603,602,1791084169116114,1791084169117959,1845,0,2,18682,18682,18682,13989,13432,40144
1,604,603,1791084169166114,1791084169167621,1507,0,3,18826,18826,18826,14144,13344,39753
1,605,604,1791084169216114,1791084169217434,1320,0,4,18604,18604,18604,13952,13757,40053
1,606,605,1791084169266114,1791084169267375,1261,0,5,18709,18709,18709,14055,13661,39666
1,607,606,1791084169316114,1791084169317979,1865,0,6,18617,18617,18617,14009,12851,38798
1,608,607,1791084169366114,1791084169367898,1784,0,7,18850,18850,18850,14229,13852,41639
1,609,608,1791084169416114,1791084169417300,1186,0,8,18851,18851,18851,14161,13809,40288
1,610,609,1791084169466114,1791084169467489,1375,0,9,18646,18646,18646,14008,13573,39507
1,611,610,1791084169516114,1791084169517742,1628,0,10,18692,18692,18692,14128,13375,39681
1,612,611,1791084169566114,1791084169567629,1515,0,11,18798,18798,18798,14140,13784,40456
1,613,612,1791084169616114,1791084169617732,1618,0,12,18837,18837,18837,14136,13851,40278
1,614,613,1791084169666114,1791084169667931,1817,0,13,18708,18708,18708,13991,13390,39237
1,615,614,1791084169716114,1791084169718230,2116,0,14,18699,18699,18699,14078,13115,39477
1,616,615,1791084169766114,1791084169767713,1599,0,15,18795,18795,18795,14102,13240,39952
1,617,616,1791084169816114,1791084169817654,1540,0,16,18872,18872,18872,14191,13395,40145
1,618,617,1791084169866114,1791084169867323,1209,0,17,18599,18599,18599,13992,12549,38602
1,619,618,1791084169916114,1791084169917433,1319,0,18,18819,18819,18819,14108,12879,40653
1,620,619,1791084169966114,1791084169967568,1454,0,19,18835,18835,18835,14197,14038,41848
1,621,620,1791084170016114,1791084170017955,1841,0,0,18626,18626,18626,14120,13806,40211
1,622,621,1791084170066114,1791084170067568,1454,0,1,18935,18935,18935,14223,13240,39615
1,623,622,1791084170116114,1791084170117719,1605,0,2,18682,18682,18682,14051,13261,40108
1,624,623,1791084170166114,1791084170168132,2018,0,3,18826,18826,18826,14131,12956,39240
1,625,624,1791084170216114,1791084170217713,1599,0,4,18604,18604,18604,13979,13339,40503
1,626,625,1791084170266114,1791084170268261,2147,0,5,18709,18709,18709,13935,13069,39182
1,627,626,1791084170316114,1791084170317899,1785,0,6,18617,18617,18617,14003,13352,39959
1,628,627,1791084170366114,1791084170367497,1383,0,7,18850,18850,18850,14133,13390,40045
1,629,628,1791084170416114,1791084170417699,1585,0,8,18851,18851,18851,14116,13594,40339
1,630,629,1791084170466114,1791084170467823,1709,0,9,18646,18646,18646,14048,13139,39431
1,631,630,1791084170516114,1791084170518254,2140,0,10,18692,18692,18692,13976,13647,40382
1,632,631,1791084170566114,1791084170567599,1485,0,11,18798,18798,18798,14117,13611,39813
1,633,632,1791084170616114,1791084170617527,1413,0,12,18837,18837,18837,14189,13612,40317
1,634,633,1791084170666114,1791084170668161,2047,0,13,18708,18708,18708,14083,13292,39774
1,635,634,1791084170716114,1791084170717643,1529,0,14,18699,18699,18699,14083,13107,39648
1,636,635,1791084170766114,1791084170767751,1637,0,15,18795,18795,18795,14127,12816,39496
1,637,636,1791084170816114,1791084170817541,1427,0,16,18872,18872,18872,14251,13308,41321
1,638,637,1791084170866114,1791084170868104,1990,0,17,18599,18599,18599,13990,13291,40150
1,639,638,1791084170916114,1791084170917910,1796,0,18,18819,18819,18819,14074,13432,39776
1,640,639,1791084170966114,1791084170967550,1436,0,19,18835,18835,18835,14127,13526,40240
1,641,640,1791084171016114,1791084171017331,1217,0,0,18626,18626,18626,13969,13927,39924
1,642,641,1791084171066114,1791084171097633,31519,0,1,18935,18935,18935,14404,13335,39884
1,643,642,1791084171116114,1791084171144109,27995,0,2,18682,18682,18682,14062,13734,41328
1,644,643,1791084171166114,1791084171189395,23281,0,3,18826,18826,18826,14098,13845,40149
1,645,644,1791084171216114,1791084171235244,19130,0,4,18604,18604,18604,13988,13169,39128
1,646,645,1791084171266114,1791084171281047,14933,0,5,18709,18709,18709,14045,12797,38800
1,647,646,1791084171316114,1791084171326255,10141,0,6,18617,18617,18617,14041,12964,40200
1,648,647,1791084171366114,1791084171374260,8146,0,7,18850,18850,18850,14173,13775,41393
1,649,648,1791084171416114,1791084171421129,5015,0,8,18851,18851,18851,14142,13423,39748
1,650,649,1791084171466114,1791084171467613,1499,0,9,18646,18646,18646,14091,13395,39851
1,651,650,1791084171516114,1791084171517484,1370,0,10,18692,18692,18692,14062,13239,39681
1,652,651,1791084171566114,1791084171567606,1492,0,11,18798,18798,18798,14210,12911,39324
1,653,652,1791084171616114,1791084171618149,2035,0,12,18837,18837,18837,14101,13794,41221
1,654,653,1791084171666114,1791084171667565,1451,0,13,18708,18708,18708,13917,13348,39206
1,655,654,1791084171716114,1791084171717739,1625,0,14,18699,18699,18699,14065,12842,39118
1,656,655,1791084171766114,1791084171767496,1382,0,15,18795,18795,18795,14097,13105,40508
1,657,656,1791084171816114,1791084171817875,1761,0,16,18872,18872,18872,14182,13039,40049
1,658,657,1791084171866114,1791084171867638,1524,0,17,18599,18599,18599,13963,13411,40176
1,659,658,1791084171916114,1791084171917751,1637,0,18,18819,18819,18819,14208,13540,40075
1,660,659,1791084171966114,1791084171967738,1624,0,19,18835,18835,18835,14072,13043,39239
1,661,660,1791084172016114,1791084172017334,1220,0,0,18626,18626,18626,13855,12898,39437
1,662,661,1791084172066114,1791084172067315,1201,0,1,18935,18935,18935,14229,13356,40268
1,663,662,1791084172116114,1791084172117582,1468,0,2,18682,18682,18682,13926,13069,39517
1,664,663,1791084172166114,1791084172167798,1684,0,3,18826,18826,18826,14186,14018,40714
1,665,664,1791084172216114,1791084172218067,1953,0,4,18604,18604,18604,13993,12772,38513
1,666,665,1791084172266114,1791084172267313,1199,0,5,18709,18709,18709,14003,13441,41031
1,667,666,1791084172316114,1791084172317490,1376,0,6,18617,18617,18617,13996,13603,39939
1,668,667,1791084172366114,1791084172367839,1725,0,7,18850,18850,18850,14212,13976,40437
1,669,668,1791084172416114,1791084172417639,1525,0,8,18851,18851,18851,14160,13818,40052
1,670,669,1791084172466114,1791084172467685,1571,0,9,18646,18646,18646,14029,13392,39565
1,671,670,1791084172516114,1791084172517789,1675,0,10,18692,18692,18692,14056,13499,39709
1,672,671,1791084172566114,1791084172567582,1468,0,11,18798,18798,18798,14072,13300,39727
1,673,672,1791084172616114,1791084172617381,1267,0,12,18837,18837,18837,14122,13503,40249
1,674,673,1791084172666114,1791084172667714,1600,0,13,18708,18708,18708,14133,13363,39752
1,675,674,1791084172716114,1791084172717811,1697,0,14,18699,18699,18699,14012,13276,39659
1,676,675,1791084172766114,1791084172767694,1580,0,15,18795,18795,18795,14128,13008,39519
1,677,676,1791084172816114,1791084172817946,1832,0,16,18872,18872,18872,14130,13177,40375
1,678,677,1791084172866114,1791084172867811,1697,0,17,18599,18599,18599,13993,13124,39640
1,679,678,1791084172916114,1791084172917875,1761,0,18,18819,18819,18819,14089,13206,40083
1,680,679,1791084172966114,1791084172967595,1481,0,19,18835,18835,18835,14037,13680,40353
1,681,680,1791084173016114,1791084173018105,1991,0,0,18626,18626,18626,13898,13093,38700
1,682,681,1791084173066114,1791084173068102,1988,0,1,18935,18935,18935,14315,13203,39930
1,683,682,1791084173116114,1791084173118301,2187,0,2,18682,18682,18682,13959,13073,40039
1,684,683,1791084173166114,1791084173168458,2344,0,3,18826,18826,18826,14129,13067,39668
1,685,684,1791084173216114,1791084173217976,1862,0,4,18604,18604,18604,13930,13835,40453
1,686,685,1791084173266114,1791084173267887,1773,0,5,18709,18709,18709,14006,13780,39505
1,687,686,1791084173316114,1791084173317322,1208,0,6,18617,18617,18617,14007,13260,39073
1,688,687,1791084173366114,1791084173367468,1354,0,7,18850,18850,18850,14307,14110,41357
1,689,688,1791084173416114,1791084173417938,1824,0,8,18851,18851,18851,14081,13007,39051
1,690,689,1791084173466114,1791084173468043,1929,0,9,18646,18646,18646,13976,13803,40644
1,691,690,1791084173516114,1791084173518131,2017,0,10,18692,18692,18692,14118,13353,39409
1,692,691,1791084173566114,1791084173567470,1356,0,11,18798,18798,18798,14110,13131,39575
1,693,692,1791084173616114,1791084173617819,1705,0,12,18837,18837,18837,14097,12954,39512
1,694,693,1791084173666114,1791084173668294,2180,0,13,18708,18708,18708,14105,12784,39863
1,695,694,1791084173716114,1791084173718070,1956,0,14,18699,18699,18699,13993,12858,40046
1,696,695,1791084173766114,1791084173767883,1769,0,15,18795,18795,18795,14131,12961,40341
1,697,696,1791084173816114,1791084173817557,1443,0,16,18872,18872,18872,14100,13704,41134
1,698,697,1791084173866114,1791084173867569,1455,0,17,18599,18599,18599,14036,13911,40135
1,699,698,1791084173916114,1791084173917602,1488,0,18,18819,18819,18819,14152,13506,39731
1,700,699,1791084173966114,1791084173967611,1497,0,19,18835,18835,18835,14130,14099,40530
1,701,700,1791084174016114,1791084174018050,1936,0,0,18626,18626,18626,13954,13620,39551
1,702,701,1791084174066114,1791084174067704,1590,0,1,18935,18935,18935,14225,13894,40576
1,703,702,1791084174116114,1791084174117587,1473,0,2,18682,18682,18682,14071,13600,39778
1,704,703,1791084174166114,1791084174167713,1599,0,3,18826,18826,18826,14216,12689,38809
1,705,704,1791084174216114,1791084174217952,1838,0,4,18604,18604,18604,13981,13707,42068
1,706,705,1791084174266114,1791084174267862,1748,0,5,18709,18709,18709,14127,13408,39725
1,707,706,1791084174316114,1791084174317348,1234,0,6,18617,18617,18617,14029,13255,39634
1,708,707,1791084174366114,1791084174367471,1357,0,7,18850,18850,18850,14180,13638,40394
1,709,708,1791084174416114,1791084174418328,2214,0,8,18851,18851,18851,14282,13988,40640
1,710,709,1791084174466114,1791084174467547,1433,0,9,18646,18646,18646,14107,13584,39826
1,711,710,1791084174516114,1791084174517525,1411,0,10,18692,18692,18692,14052,13247,39730
1,712,711,1791084174566114,1791084174567991,1877,0,11,18798,18798,18798,14117,13244,39799
1,713,712,1791084174616114,1791084174617973,1859,0,12,18837,18837,18837,14035,13444,39863
1,714,713,1791084174666114,1791084174667621,1507,0,13,18708,18708,18708,14160,13483,39922
1,715,714,1791084174716114,1791084174717950,1836,0,14,18699,18699,18699,14053,13427,39924
1,716,715,1791084174766114,1791084174767856,1742,0,15,18795,18795,18795,14163,13447,40024
1,717,716,1791084174816114,1791084174818242,2128,0,16,18872,18872,18872,14260,13240,39861
1,718,717,1791084174866114,1791084174867590,1476,0,17,18599,18599,18599,13961,13304,40312
1,719,718,1791084174916114,1791084174917675,1561,0,18,18819,18819,18819,14126,13686,40106
1,720,719,1791084174966114,1791084174967874,1760,0,19,18835,18835,18835,14177,14159,40497
1,721,720,1791084175016114,1791084175020117,4003,0,0,18626,18626,18626,14035,13668,39741
1,722,721,1791084175066114,1791084175067867,1753,0,1,18935,18935,18935,14279,12984,39311
1,723,722,1791084175116114,1791084175117948,1834,0,2,18682,18682,18682,13965,13627,41097
1,724,723,1791084175166114,1791084175167736,1622,0,3,18826,18826,18826,14135,13471,39777
1,725,724,1791084175216114,1791084175218059,1945,0,4,18604,18604,18604,14045,13061,39202
1,726,725,1791084175266114,1791084175269646,3532,0,5,18709,18709,18709,13912,13607,40274
1,727,726,1791084175316114,1791084175317984,1870,0,6,18617,18617,18617,14044,13741,39823
1,728,727,1791084175366114,1791084175367762,1648,0,7,18850,18850,18850,14111,12755,38594
1,729,728,1791084175416114,1791084175417740,1626,0,8,18851,18851,18851,14171,14100,42468
1,730,729,1791084175466114,1791084175467612,1498,0,9,18646,18646,18646,13979,12966,38836
1,731,730,1791084175516114,1791084175518290,2176,0,10,18692,18692,18692,14053,13557,40795
1,732,731,1791084175566114,1791084175567912,1798,0,11,18798,18798,18798,14013,13390,39723
1,733,732,1791084175616114,1791084175618064,1950,0,12,18837,18837,18837,14092,13144,39406
1,734,733,1791084175666114,1791084175667940,1826,0,13,18708,18708,18708,14124,14077,40908
1,735,734,1791084175716114,1791084175717947,1833,0,14,18699,18699,18699,13984,12663,38106
1,736,735,1791084175766114,1791084175767398,1284,0,15,18795,18795,18795,14083,13665,41302
1,737,736,1791084175816114,1791084175817327,1213,0,16,18872,18872,18872,14200,13298,39513
1,738,737,1791084175866114,1791084175867430,1316,0,17,18599,18599,18599,13991,13569,40415
1,739,738,1791084175916114,1791084175917611,1497,0,18,18819,18819,18819,14186,13999,40619
1,740,739,1791084175966114,1791084175967686,1572,0,19,18835,18835,18835,14062,12686,38497
1,741,740,1791084176016114,1791084176017697,1583,0,0,18626,18626,18626,13995,13119,40705
1,742,741,1791084176066114,1791084176068047,1933,0,1,18935,18935,18935,14221,12936,39526
1,743,742,1791084176116114,1791084176117697,1583,0,2,18682,18682,18682,14029,13444,41092
1,744,743,1791084176166114,1791084176167830,1716,0,3,18826,18826,18826,14192,13900,40391
1,745,744,1791084176216114,1791084176218097,1983,0,4,18604,18604,18604,14037,13975,40227
1,746,745,1791084176266114,1791084176267859,1745,0,5,18709,18709,18709,14059,13749,39789
1,747,746,1791084176316114,1791084176317369,1255,0,6,18617,18617,18617,14005,13170,38947
1,748,747,1791084176366114,1791084176367562,1448,0,7,18850,18850,18850,14083,13306,40052
1,749,748,1791084176416114,1791084176418067,1953,0,8,18851,18851,18851,14148,13332,39963
1,750,749,1791084176466114,1791084176467947,1833,0,9,18646,18646,18646,14016,13506,39984
1,751,750,1791084176516114,1791084176517606,1492,0,10,18692,18692,18692,13987,13047,39098
1,752,751,1791084176566114,1791084176567551,1437,0,11,18798,18798,18798,14086,13475,39927
1,753,752,1791084176616114,1791084176618041,1927,0,12,18837,18837,18837,14190,13412,39986
1,754,753,1791084176666114,1791084176667758,1644,0,13,18708,18708,18708,14003,13018,39003
1,755,754,1791084176716114,1791084176717643,1529,0,14,18699,18699,18699,14116,12575,39300
1,756,755,1791084176766114,1791084176767744,1630,0,15,18795,18795,18795,14149,13201,41805
1,757,756,1791084176816114,1791084176817627,1513,0,16,18872,18872,18872,14264,13741,40870
1,758,757,1791084176866114,1791084176867322,1208,0,17,18599,18599,18599,13934,12906,38513
1,759,758,1791084176916114,1791084176918310,2196,0,18,18819,18819,18819,14201,13364,40284
1,760,759,1791084176966114,1791084176967614,1500,0,19,18835,18835,18835,14111,13506,40349
1,761,760,1791084177016114,1791084177017571,1457,0,0,18626,18626,18626,14124,13571,40086
1,762,761,1791084177066114,1791084177067503,1389,0,1,18935,18935,18935,14226,13241,39864
1,763,762,1791084177116114,1791084177117848,1734,0,2,18682,18682,18682,14081,13311,40242
1,764,763,1791084177166114,1791084177167943,1829,0,3,18826,18826,18826,14206,13769,40805
1,765,764,1791084177216114,1791084177217788,1674,0,4,18604,18604,18604,13897,13199,39286
1,766,765,1791084177266114,1791084177267564,1450,0,5,18709,18709,18709,14066,13199,39486
1,767,766,1791084177316114,1791084177317858,1744,0,6,18617,18617,18617,13924,13066,39532
1,768,767,1791084177366114,1791084177367565,1451,0,7,18850,18850,18850,14218,13868,40879
1,769,768,1791084177416114,1791084177419207,3093,0,8,18851,18851,18851,13996,13610,39669
1,770,769,1791084177466114,1791084177467933,1819,0,9,18646,18646,18646,14003,13334,39259
1,771,770,1791084177516114,1791084177517593,1479,0,10,18692,18692,18692,13992,12860,38863
1,772,771,1791084177566114,1791084177567700,1586,0,11,18798,18798,18798,14180,13653,41273
1,773,772,1791084177616114,1791084177617775,1661,0,12,18837,18837,18837,14158,13741,40185
1,774,773,1791084177666114,1791084177668330,2216,0,13,18708,18708,18708,14061,12926,39033
1,775,774,1791084177716114,1791084177717616,1502,0,14,18699,18699,18699,14080,13551,40651
1,776,775,1791084177766114,1791084177767584,1470,0,15,18795,18795,18795,14080,13079,39115
1,777,776,1791084177816114,1791084177817762,1648,0,16,18872,18872,18872,14238,13136,40224
1,778,777,1791084177866114,1791084177867443,1329,0,17,18599,18599,18599,13977,13310,40342
1,779,778,1791084177916114,1791084177917618,1504,0,18,18819,18819,18819,14125,13674,40151
1,780,779,1791084177966114,1791084177967843,1729,0,19,18835,18835,18835,14168,13933,40624
1,781,780,1791084178016114,1791084178018041,1927,0,0,18626,18626,18626,13980,13426,39392
1,782,781,1791084178066114,1791084178067685,1571,0,1,18935,18935,18935,14221,13772,40229
1,783,782,1791084178116114,1791084178117934,1820,0,2,18682,18682,18682,14094,13544,39917
1,784,783,1791084178166114,1791084178167540,1426,0,3,18826,18826,18826,14175,13581,40197
1,785,784,1791084178216114,1791084178217812,1698,0,4,18604,18604,18604,13944,13672,40034
1,786,785,1791084178266114,1791084178267446,1332,0,5,18709,18709,18709,14005,13268,39470
1,787,786,1791084178316114,1791084178317773,1659,0,6,18617,18617,18617,14042,13243,39643
1,788,787,1791084178366114,1791084178367642,1528,0,7,18850,18850,18850,14128,13681,40448
1,789,788,1791084178416114,1791084178417709,1595,0,8,18851,18851,18851,14203,12905,38836
1,790,789,1791084178466114,1791084178467849,1735,0,9,18646,18646,18646,13971,13237,40526
1,791,790,1791084178516114,1791084178518678,2564,0,10,18692,18692,18692,13932,13198,39328
1,792,791,1791084178566114,1791084178567532,1418,0,11,18798,18798,18798,14265,13584,40616
1,793,792,1791084178616114,1791084178617593,1479,0,12,18837,18837,18837,14104,13285,39864
1,794,793,1791084178666114,1791084178667934,1820,0,13,18708,18708,18708,13992,13065,39321
1,795,794,1791084178716114,1791084178717338,1224,0,14,18699,18699,18699,14013,13743,40531
1,796,795,1791084178766114,1791084178767860,1746,0,15,18795,18795,18795,14118,13565,40021
1,797,796,1791084178816114,1791084178818337,2223,0,16,18872,18872,18872,14219,13011,39490
1,798,797,1791084178866114,1791084178867550,1436,0,17,18599,18599,18599,13928,13423,40545
1,799,798,1791084178916114,1791084178917710,1596,0,18,18819,18819,18819,14087,13300,39457
1,800,799,1791084178966114,1791084178967825,1711,0,19,18835,18835,18835,14134,13536,40117
1,801,800,1791084179016114,1791084179018315,2201,0,0,18626,18626,18626,13988,13448,39490
1,802,801,1791084179066114,1791084179067381,1267,0,1,18935,18935,18935,14184,13434,40031
1,803,802,1791084179116114,1791084179117568,1454,0,2,18682,18682,18682,14017,13288,39437
1,804,803,1791084179166114,1791084179167584,1470,0,3,18826,18826,18826,14135,13532,39990
1,805,804,1791084179216114,1791084179218326,2212,0,4,18604,18604,18604,14000,13473,39587
1,806,805,1791084179266114,1791084179267665,1551,0,5,18709,18709,18709,14063,13308,39628
1,807,806,1791084179316114,1791084179317476,1362,0,6,18617,18617,18617,13992,13460,39561
1,808,807,1791084179366114,1791084179367561,1447,0,7,18850,18850,18850,14043,13370,39459
1,809,808,1791084179416114,1791084179418245,2131,0,8,18851,18851,18851,14275,13593,40474
1,810,809,1791084179466114,1791084179468166,2052,0,9,18646,18646,18646,14052,13419,39864
1,811,810,1791084179516114,1791084179518238,2124,0,10,18692,18692,18692,14018,12863,39049
1,812,811,1791084179566114,1791084179567613,1499,0,11,18798,18798,18798,14128,13560,40668
1,813,812,1791084179616114,1791084179617936,1822,0,12,18837,18837,18837,14158,13300,39803
1,814,813,1791084179666114,1791084179667487,1373,0,13,18708,18708,18708,14094,12941,39540
1,815,814,1791084179716114,1791084179717713,1599,0,14,18699,18699,18699,14043,12802,39990
1,816,815,1791084179766114,1791084179767714,1600,0,15,18795,18795,18795,14100,12735,39943
1,817,816,1791084179816114,1791084179817996,1882,0,16,18872,18872,18872,14014,13001,40322
1,818,817,1791084179866114,1791084179868144,2030,0,17,18599,18599,18599,13905,13234,40040
1,819,818,1791084179916114,1791084179917868,1754,0,18,18819,18819,18819,14189,13583,40291
1,820,819,1791084179966114,1791084179967638,1524,0,19,18835,18835,18835,14154,13686,40252
1,821,820,1791084180016114,1791084180017312,1198,0,0,18626,18626,18626,13926,13365,39328
1,822,821,1791084180066114,1791084180067997,1883,0,1,18935,18935,18935,14215,13835,40277
1,823,822,1791084180116114,1791084180118110,1996,0,2,18682,18682,18682,14054,13780,40061
1,824,823,1791084180166114,1791084180167699,1585,0,3,18826,18826,18826,14128,13576,39744
1,825,824,1791084180216114,1791084180218243,2129,0,4,18604,18604,18604,13860,12881,38852
1,826,825,1791084180266114,1791084180267697,1583,0,5,18709,18709,18709,14074,13532,40589
1,827,826,1791084180316114,1791084180317646,1532,0,6,18617,18617,18617,13992,13300,39453
1,828,827,1791084180366114,1791084180367767,1653,0,7,18850,18850,18850,14161,13186,39720
1,829,828,1791084180416114,1791084180418241,2127,0,8,18851,18851,18851,14199,13718,40833
1,830,829,1791084180466114,1791084180468312,2198,0,9,18646,18646,18646,14015,13697,39704
1,831,830,1791084180516114,1791084180518086,1972,0,10,18692,18692,18692,13997,12916,38756
1,832,831,1791084180566114,1791084180567429,1315,0,11,18798,18798,18798,13997,13470,40569
1,833,832,1791084180616114,1791084180618303,2189,0,12,18837,18837,18837,14056,13189,39356
1,834,833,1791084180666114,1791084180669553,3439,0,13,18708,18708,18708,14040,13781,40345
1,835,834,1791084180716114,1791084180717708,1594,0,14,18699,18699,18699,14156,13519,39776
1,836,835,1791084180766114,1791084180767607,1493,0,15,18795,18795,18795,14116,13127,39337
1,837,836,1791084180816114,1791084180818338,2224,0,16,18872,18872,18872,14111,13475,40377
1,838,837,1791084180866114,1791084180868157,2043,0,17,18599,18599,18599,13917,13009,38874
1,839,838,1791084180916114,1791084180917629,1515,0,18,18819,18819,18819,14075,13165,39823
1,840,839,1791084180966114,1791084180967830,1716,0,19,18835,18835,18835,14176,13255,40280
1,841,840,1791084181016114,1791084181017945,1831,0,0,18626,18626,18626,14064,13894,40677
1,842,841,1791084181066114,1791084181067815,1701,0,1,18935,18935,18935,14304,13017,39331
1,843,842,1791084181116114,1791084181117525,1411,0,2,18682,18682,18682,13990,13927,41237
1,844,843,1791084181166114,1791084181167586,1472,0,3,18826,18826,18826,14070,13866,39843
1,845,844,1791084181216114,1791084181217555,1441,0,4,18604,18604,18604,13945,13608,39605
1,846,845,1791084181266114,1791084181267956,1842,0,5,18709,18709,18709,14125,13249,39678
1,847,846,1791084181316114,1791084181318083,1969,0,6,18617,18617,18617,13964,12935,39343
1,848,847,1791084181366114,1791084181367732,1618,0,7,18850,18850,18850,14258,13364,40523
1,849,848,1791084181416114,1791084181417865,1751,0,8,18851,18851,18851,14121,13313,40262
1,850,849,1791084181466114,1791084181467760,1646,0,9,18646,18646,18646,13965,13316,40007
1,851,850,1791084181516114,1791084181518206,2092,0,10,18692,18692,18692,14065,13298,39303
1,852,851,1791084181566114,1791084181567653,1539,0,11,18798,18798,18798,14131,13426,39998
1,853,852,1791084181616114,1791084181618091,1977,0,12,18837,18837,18837,14055,13355,39662
1,854,853,1791084181666114,1791084181667604,1490,0,13,18708,18708,18708,14185,13862,40448
1,855,854,1791084181716114,1791084181717420,1306,0,14,18699,18699,18699,14070,13644,40084
1,856,855,1791084181766114,1791084181767644,1530,0,15,18795,18795,18795,14081,13834,40282
1,857,856,1791084181816114,1791084181817431,1317,0,16,18872,18872,18872,14154,13964,40280
1,858,857,1791084181866114,1791084181867907,1793,0,17,18599,18599,18599,14072,13812,40139
1,859,858,1791084181916114,1791084181948628,32514,0,18,18819,18819,18819,14222,13372,39776
1,860,859,1791084181966114,1791084181993372,27258,0,19,18835,18835,18835,14161,13329,40183
1,861,860,1791084182016114,1791084182040954,24840,0,0,18626,18626,18626,14006,13485,39982
1,862,861,1791084182066114,1791084182084986,18872,0,1,18935,18935,18935,14217,13853,40424
1,863,862,1791084182116114,1791084182128509,12395,0,2,18682,18682,18682,14061,13184,39018
1,864,863,1791084182166114,1791084182171822,5708,0,3,18826,18826,18826,14139,12815,39243
1,865,864,1791084182216114,1791084182219238,3124,0,4,18604,18604,18604,13927,12989,40497
1,866,865,1791084182266114,1791084182267651,1537,0,5,18709,18709,18709,14110,13303,40053
1,867,866,1791084182316114,1791084182317339,1225,0,6,18617,18617,18617,13979,13143,39439
1,868,867,1791084182366114,1791084182367626,1512,0,7,18850,18850,18850,14168,13474,40319
1,869,868,1791084182416114,1791084182417835,1721,0,8,18851,18851,18851,14171,13557,40263
1,870,869,1791084182466114,1791084182467810,1696,0,9,18646,18646,18646,13945,13319,39426
1,871,870,1791084182516114,1791084182517302,1188,0,10,18692,18692,18692,13990,12930,38997
1,872,871,1791084182566114,1791084182567622,1508,0,11,18798,18798,18798,14172,13374,40567
1,873,872,1791084182616114,1791084182617762,1648,0,12,18837,18837,18837,14178,13821,40456
1,874,873,1791084182666114,1791084182667813,1699,0,13,18708,18708,18708,14115,13783,39896
1,875,874,1791084182716114,1791084182717793,1679,0,14,18699,18699,18699,14083,13087,39114
1,876,875,1791084182766114,1791084182767547,1433,0,15,18795,18795,18795,14073,13529,40466
1,877,876,1791084182816114,1791084182817484,1370,0,16,18872,18872,18872,14184,13351,39636
1,878,877,1791084182866114,1791084182868017,1903,0,17,18599,18599,18599,14025,13329,40030
1,879,878,1791084182916114,1791084182918291,2177,0,18,18819,18819,18819,14097,13353,39706
1,880,879,1791084182966114,1791084182967429,1315,0,19,18835,18835,18835,14173,13679,40365
1,881,880,1791084183016114,1791084183018077,1963,0,0,18626,18626,18626,13977,13208,39328
1,882,881,1791084183066114,1791084183068142,2028,0,1,18935,18935,18935,14186,13227,39915
1,883,882,1791084183116114,1791084183118154,2040,0,2,18682,18682,18682,14079,13732,40501
1,884,883,1791084183166114,1791084183167512,1398,0,3,18826,18826,18826,14132,13702,39841
1,885,884,1791084183216114,1791084183217799,1685,0,4,18604,18604,18604,14039,13214,39252
1,886,885,1791084183266114,1791084183268284,2170,0,5,18709,18709,18709,13996,13144,39557
1,887,886,1791084183316114,1791084183317718,1604,0,6,18617,18617,18617,14028,13646,40327
1,888,887,1791084183366114,1791084183367396,1282,0,7,18850,18850,18850,14248,13416,39773
1,889,888,1791084183416114,1791084183417434,1320,0,8,18851,18851,18851,14220,13466,40389
1,890,889,1791084183466114,1791084183467479,1365,0,9,18646,18646,18646,14098,13799,40416
1,891,890,1791084183516114,1791084183517701,1587,0,10,18692,18692,18692,14015,13130,39293
1,892,891,1791084183566114,1791084183567880,1766,0,11,18798,18798,18798,14074,13339,40090
1,893,892,1791084183616114,1791084183617492,1378,0,12,18837,18837,18837,14126,13676,40465
1,894,893,1791084183666114,1791084183667894,1780,0,13,18708,18708,18708,13966,13392,39451
1,895,894,1791084183716114,1791084183718177,2063,0,14,18699,18699,18699,13960,12996,39278
1,896,895,1791084183766114,1791084183767579,1465,0,15,18795,18795,18795,14025,13703,40419
1,897,896,1791084183816114,1791084183817753,1639,0,16,18872,18872,18872,14213,13736,40185
1,898,897,1791084183866114,1791084183867521,1407,0,17,18599,18599,18599,14048,13139,39291
1,899,898,1791084183916114,1791084183917760,1646,0,18,18819,18819,18819,14114,13792,40808
1,900,899,1791084183966114,1791084183967666,1552,0,19,18835,18835,18835,14244,14039,40636
1,901,900,1791084184016114,1791084184017465,1351,0,0,18626,18626,18626,14012,13789,39833
1,902,901,1791084184066114,1791084184067989,1875,0,1,18935,18935,18935,14271,13185,39459
1,903,902,1791084184116114,1791084184117999,1885,0,2,18682,18682,18682,14018,13626,40679
1,904,903,1791084184166114,1791084184167810,1696,0,3,18826,18826,18826,14219,13095,39526
1,905,904,1791084184216114,1791084184217855,1741,0,4,18604,18604,18604,14051,13971,41222
1,906,905,1791084184266114,1791084184267475,1361,0,5,18709,18709,18709,14068,13641,39709
1,907,906,1791084184316114,1791084184318166,2052,0,6,18617,18617,18617,14100,13140,39076
1,908,907,1791084184366114,1791084184367572,1458,0,7,18850,18850,18850,14013,13333,40295
1,909,908,1791084184416114,1791084184418202,2088,0,8,18851,18851,18851,14181,13819,40527
1,910,909,1791084184466114,1791084184467674,1560,0,9,18646,18646,18646,14000,13838,40015
1,911,910,1791084184516114,1791084184518150,2036,0,10,18692,18692,18692,14028,13366,39430
1,912,911,1791084184566114,1791084184567556,1442,0,11,18798,18798,18798,14108,13225,39619
1,913,912,1791084184616114,1791084184617438,1324,0,12,18837,18837,18837,14113,13456,40146
1,914,913,1791084184666114,1791084184667986,1872,0,13,18708,18708,18708,14028,14009,40155
1,915,914,1791084184716114,1791084184717573,1459,0,14,18699,18699,18699,14016,12608,38244
1,916,915,1791084184766114,1791084184767561,1447,0,15,18795,18795,18795,14086,12858,40673
1,917,916,1791084184816114,1791084184818127,2013,0,16,18872,18872,18872,14116,13239,40566
1,918,917,1791084184866114,1791084184867715,1601,0,17,18599,18599,18599,13924,13210,39710
1,919,918,1791084184916114,1791084184918794,2680,0,18,18819,18819,18819,14134,13360,39813
1,920,919,1791084184966114,1791084184967629,1515,0,19,18835,18835,18835,14172,14143,40922
1,921,920,1791084185016114,1791084185018549,2435,0,0,18626,18626,18626,14038,13940,39918
1,922,921,1791084185066114,1791084185067631,1517,0,1,18935,18935,18935,14330,13575,40013
1,923,922,1791084185116114,1791084185117515,1401,0,2,18682,18682,18682,13879,13154,39200
1,924,923,1791084185166114,1791084185167508,1394,0,3,18826,18826,18826,14170,13225,39930
1,925,924,1791084185216114,1791084185217376,1262,0,4,18604,18604,18604,14010,13578,40238
1,926,925,1791084185266114,1791084185267606,1492,0,5,18709,18709,18709,14113,13916,40345
1,927,926,1791084185316114,1791084185317833,1719,0,6,18617,18617,18617,14052,13079,38854
1,928,927,1791084185366114,1791084185367736,1622,0,7,18850,18850,18850,14152,13326,40498
1,929,928,1791084185416114,1791084185418336,2222,0,8,18851,18851,18851,14092,13790,40600
1,930,929,1791084185466114,1791084185468004,1890,0,9,18646,18646,18646,13920,13185,39075
1,931,930,1791084185516114,1791084185517886,1772,0,10,18692,18692,18692,14027,12537,38567
1,932,931,1791084185566114,1791084185567585,1471,0,11,18798,18798,18798,14110,13116,41295
1,933,932,1791084185616114,1791084185618029,1915,0,12,18837,18837,18837,14145,13388,40545
1,934,933,1791084185666114,1791084185680481,14367,0,13,18708,18708,18708,14057,13380,39797
1,935,934,1791084185716114,1791084185728192,12078,0,14,18699,18699,18699,13951,13229,39517
1,936,935,1791084185766114,1791084185772905,6791,0,15,18795,18795,18795,14125,13118,39658
1,937,936,1791084185816114,1791084185817588,1474,0,16,18872,18872,18872,14180,13428,40842
1,938,937,1791084185866114,1791084185867728,1614,0,17,18599,18599,18599,14008,13252,39486
1,939,938,1791084185916114,1791084185917334,1220,0,18,18819,18819,18819,14130,13601,40357
1,940,939,1791084185966114,1791084185967615,1501,0,19,18835,18835,18835,14046,13082,39154
1,941,940,1791084186016114,1791084186018205,2091,0,0,18626,18626,18626,13885,13100,39618
1,942,941,1791084186066114,1791084186068098,1984,0,1,18935,18935,18935,14177,13566,40262
1,943,942,1791084186116114,1791084186117305,1191,0,2,18682,18682,18682,13984,13583,39635
1,944,943,1791084186166114,1791084186167828,1714,0,3,18826,18826,18826,14126,13432,39923
1,945,944,1791084186216114,1791084186217452,1338,0,4,18604,18604,18604,13895,12975,38864
1,946,945,1791084186266114,1791084186268224,2110,0,5,18709,18709,18709,13983,13331,39985
1,947,946,1791084186316114,1791084186317899,1785,0,6,18617,18617,18617,14032,13279,39601
1,948,947,1791084186366114,1791084186367606,1492,0,7,18850,18850,18850,14203,13272,40067
1,949,948,1791084186416114,1791084186417884,1770,0,8,18851,18851,18851,14083,13549,40558
1,950,949,1791084186466114,1791084186467783,1669,0,9,18646,18646,18646,13991,13394,39491
1,951,950,1791084186516114,1791084186517989,1875,0,10,18692,18692,18692,14075,13593,40096
1,952,951,1791084186566114,1791084186567648,1534,0,11,18798,18798,18798,14106,13505,40217
1,953,952,1791084186616114,1791084186617759,1645,0,12,18837,18837,18837,14062,13572,40126
1,954,953,1791084186666114,1791084186667565,1451,0,13,18708,18708,18708,13934,13759,39759
1,955,954,1791084186716114,1791084186718030,1916,0,14,18699,18699,18699,14102,13403,39636
1,956,955,1791084186766114,1791084186767989,1875,0,15,18795,18795,18795,14078,13100,39607
1,957,956,1791084186816114,1791084186817326,1212,0,16,18872,18872,18872,14192,13472,40685
1,958,957,1791084186866114,1791084186867719,1605,0,17,18599,18599,18599,13990,13003,39222
1,959,958,1791084186916114,1791084186917495,1381,0,18,18819,18819,18819,14110,13418,40655
1,960,959,1791084186966114,1791084186967378,1264,0,19,18835,18835,18835,14240,13234,39846
1,961,960,1791084187016114,1791084187017836,1722,0,0,18626,18626,18626,13970,12818,39422
1,962,961,1791084187066114,1791084187068058,1944,0,1,18935,18935,18935,14184,13355,40626
1,963,962,1791084187116114,1791084187117779,1665,0,2,18682,18682,18682,14034,13796,40471
1,964,963,1791084187166114,1791084187167389,1275,0,3,18826,18826,18826,14234,13519,39980
1,965,964,1791084187216114,1791084187217695,1581,0,4,18604,18604,18604,13972,13434,39939
1,966,965,1791084187266114,1791084187268313,2199,0,5,18709,18709,18709,14079,13775,40196
1,967,966,1791084187316114,1791084187317788,1674,0,6,18617,18617,18617,14031,13151,39103
1,968,967,1791084187366114,1791084187367773,1659,0,7,18850,18850,18850,14209,13562,40446
1,969,968,1791084187416114,1791084187417907,1793,0,8,18851,18851,18851,14209,13566,40325
1,970,969,1791084187466114,1791084187469343,3229,0,9,18646,18646,18646,14009,12963,39046
1,971,970,1791084187516114,1791084187517766,1652,0,10,18692,18692,18692,14079,13196,40416
1,972,971,1791084187566114,1791084187567568,1454,0,11,18798,18798,18798,14114,13033,39550
1,973,972,1791084187616114,1791084187617450,1336,0,12,18837,18837,18837,14077,13504,40942
1,974,973,1791084187666114,1791084187667786,1672,0,13,18708,18708,18708,13980,13254,39100
1,975,974,1791084187716114,1791084187717312,1198,0,14,18699,18699,18699,13974,13168,39236
1,976,975,1791084187766114,1791084187767575,1461,0,15,18795,18795,18795,14156,13241,39674
1,977,976,1791084187816114,1791084187817691,1577,0,16,18872,18872,18872,14175,13112,39985
1,978,977,1791084187866114,1791084187867690,1576,0,17,18599,18599,18599,14046,13010,39940
1,979,978,1791084187916114,1791084187917884,1770,0,18,18819,18819,18819,14202,13887,41230
1,980,979,1791084187966114,1791084187968250,2136,0,19,18835,18835,18835,14086,13567,39551
1,981,980,1791084188016114,1791084188017786,1672,0,0,18626,18626,18626,14009,13386,39413
1,982,981,1791084188066114,1791084188067831,1717,0,1,18935,18935,18935,14325,13493,40164
1,983,982,1791084188116114,1791084188118137,2023,0,2,18682,18682,18682,14043,13112,39744
1,984,983,1791084188166114,1791084188168094,1980,0,3,18826,18826,18826,14124,13098,39619
1,985,984,1791084188216114,1791084188218126,2012,0,4,18604,18604,18604,13911,12725,39261
1,986,985,1791084188266114,1791084188267456,1342,0,5,18709,18709,18709,13997,13393,40693
1,987,986,1791084188316114,1791084188317685,1571,0,6,18617,18617,18617,13984,13494,39474
1,988,987,1791084188366114,1791084188367557,1443,0,7,18850,18850,18850,14239,14002,40611
1,989,988,1791084188416114,1791084188417797,1683,0,8,18851,18851,18851,14095,13714,39932
1,990,989,1791084188466114,1791084188468331,2217,0,9,18646,18646,18646,14056,12872,38664
1,991,990,1791084188516114,1791084188517372,1258,0,10,18692,18692,18692,14051,13243,40433
1,992,991,1791084188566114,1791084188567615,1501,0,11,18798,18798,18798,13997,13600,40016
1,993,992,1791084188616114,1791084188618009,1895,0,12,18837,18837,18837,14103,13313,39471
1,994,993,1791084188666114,1791084188667895,1781,0,13,18708,18708,18708,14104,13107,39774
1,995,994,1791084188716114,1791084188717999,1885,0,14,18699,18699,18699,13992,13253,40092
1,996,995,1791084188766114,1791084188767644,1530,0,15,18795,18795,18795,14113,13502,40072
1,997,996,1791084188816114,1791084188817792,1678,0,16,18872,18872,18872,14159,13771,40425
1,998,997,1791084188866114,1791084188867691,1577,0,17,18599,18599,18599,13976,13259,39020
1,999,998,1791084188916114,1791084188917949,1835,0,18,18819,18819,18819,14177,13405,39980
1,1000,999,1791084188966114,1791084188968331,2217,0,19,18835,18835,18835,14185,13932,40786
1,1001,1000,1791084189016114,1791084189017439,1325,0,0,18626,18626,18626,14002,13696,39646
1,1002,1001,1791084189066114,1791084189067503,1389,0,1,18935,18935,18935,14179,13484,39767
1,1003,1002,1791084189116114,1791084189118023,1909,0,2,18682,18682,18682,14018,13481,40000
1,1004,1003,1791084189166114,1791084189167590,1476,0,3,18826,18826,18826,14156,13301,39598
1,1005,1004,1791084189216114,1791084189217832,1718,0,4,18604,18604,18604,13952,13749,40257
1,1006,1005,1791084189266114,1791084189267419,1305,0,5,18709,18709,18709,14081,13469,39719
1,1007,1006,1791084189316114,1791084189317335,1221,0,6,18617,18617,18617,14020,12762,38741
1,1008,1007,1791084189366114,1791084189367876,1762,0,7,18850,18850,18850,14235,13591,41528
1,1009,1008,1791084189416114,1791084189417666,1552,0,8,18851,18851,18851,14146,13239,39463
1,1010,1009,1791084189466114,1791084189467772,1658,0,9,18646,18646,18646,13971,13370,40002
1,1011,1010,1791084189516114,1791084189517732,1618,0,10,18692,18692,18692,13981,13656,39685
1,1012,1011,1791084189566114,1791084189567608,1494,0,11,18798,18798,18798,14080,13441,39545
1,1013,1012,1791084189616114,1791084189617519,1405,0,12,18837,18837,18837,14194,13028,39525
1,1014,1013,1791084189666114,1791084189668296,2182,0,13,18708,18708,18708,14047,13145,40202
1,1015,1014,1791084189716114,1791084189718121,2007,0,14,18699,18699,18699,14100,12705,39204
1,1016,1015,1791084189766114,1791084189767599,1485,0,15,18795,18795,18795,14148,13211,40948
1,1017,1016,1791084189816114,1791084189817508,1394,0,16,18872,18872,18872,14094,13836,40845
1,1018,1017,1791084189866114,1791084189867949,1835,0,17,18599,18599,18599,13854,12265,37524
1,1019,1018,1791084189916114,1791084189917977,1863,0,18,18819,18819,18819,14240,13599,43070
1,1020,1019,1791084189966114,1791084189967607,1493,0,19,18835,18835,18835,14147,13476,39958
1,1021,1020,1791084190016114,1791084190017557,1443,0,0,18626,18626,18626,13998,13676,39844
1,1022,1021,1791084190066114,1791084190067793,1679,0,1,18935,18935,18935,14245,13629,40235
1,1023,1022,1791084190116114,1791084190118135,2021,0,2,18682,18682,18682,14090,13100,39220
1,1024,1023,1791084190166114,1791084190167874,1760,0,3,18826,18826,18826,14259,13062,40126
1,1025,1024,1791084190216114,1791084190218090,1976,0,4,18604,18604,18604,13915,13778,40678
1,1026,1025,1791084190266114,1791084190267991,1877,0,5,18709,18709,18709,14029,13674,39908
1,1027,1026,1791084190316114,1791084190317447,1333,0,6,18617,18617,18617,13892,12707,38137
1,1028,1027,1791084190366114,1791084190367577,1463,0,7,18850,18850,18850,14203,13296,40921
1,1029,1028,1791084190416114,1791084190417700,1586,0,8,18851,18851,18851,14158,12988,39571
1,1030,1029,1791084190466114,1791084190467787,1673,0,9,18646,18646,18646,13966,13776,40846
1,1031,1030,1791084190516114,1791084190517962,1848,0,10,18692,18692,18692,14059,12842,38557
1,1032,1031,1791084190566114,1791084190567572,1458,0,11,18798,18798,18798,14173,13639,41436
1,1033,1032,1791084190616114,1791084190617387,1273,0,12,18837,18837,18837,14201,13341,39697
1,1034,1033,1791084190666114,1791084190668248,2134,0,13,18708,18708,18708,14170,13582,40327
1,1035,1034,1791084190716114,1791084190718180,2066,0,14,18699,18699,18699,13973,13023,39295
1,1036,1035,1791084190766114,1791084190767514,1400,0,15,18795,18795,18795,14086,13196,40029
1,1037,1036,1791084190816114,1791084190818438,2324,0,16,18872,18872,18872,14208,13274,40200
1,1038,1037,1791084190866114,1791084190867982,1868,0,17,18599,18599,18599,13933,12710,39015
1,1039,1038,1791084190916114,1791084190917315,1201,0,18,18819,18819,18819,14247,13809,41907
1,1040,1039,1791084190966114,1791084190968252,2138,0,19,18835,18835,18835,14169,13436,39813
1,1041,1040,1791084191016114,1791084191017408,1294,0,0,18626,18626,18626,13968,12663,38697
1,1042,1041,1791084191066114,1791084191068140,2026,0,1,18935,18935,18935,14228,13353,41301
1,1043,1042,1791084191116114,1791084191117654,1540,0,2,18682,18682,18682,14051,13074,39679
1,1044,1043,1791084191166114,1791084191167612,1498,0,3,18826,18826,18826,14134,12899,39701
1,1045,1044,1791084191216114,1791084191218175,2061,0,4,18604,18604,18604,14031,13927,41607
1,1046,1045,1791084191266114,1791084191268143,2029,0,5,18709,18709,18709,13984,13052,38875
1,1047,1046,1791084191316114,1791084191317884,1770,0,6,18617,18617,18617,13952,13424,39751
1,1048,1047,1791084191366114,1791084191367789,1675,0,7,18850,18850,18850,14211,12757,38842
1,1049,1048,1791084191416114,1791084191417984,1870,0,8,18851,18851,18851,14219,13652,42050
1,1050,1049,1791084191466114,1791084191467834,1720,0,9,18646,18646,18646,14013,13478,39628
1,1051,1050,1791084191516114,1791084191518052,1938,0,10,18692,18692,18692,13927,13490,39337
1,1052,1051,1791084191566114,1791084191567541,1427,0,11,18798,18798,18798,14197,13675,40072
1,1053,1052,1791084191616114,1791084191618111,1997,0,12,18837,18837,18837,14104,13310,39623
1,1054,1053,1791084191666114,1791084191668243,2129,0,13,18708,18708,18708,14092,12898,39204
1,1055,1054,1791084191716114,1791084191718329,2215,0,14,18699,18699,18699,13931,13384,40447
1,1056,1055,1791084191766114,1791084191767620,1506,0,15,18795,18795,18795,14140,13545,40122
1,1057,1056,1791084191816114,1791084191818268,2154,0,16,18872,18872,18872,14138,13940,40763
1,1058,1057,1791084191866114,1791084191867519,1405,0,17,18599,18599,18599,13930,13425,39306
1,1059,1058,1791084191916114,1791084191918333,2219,0,18,18819,18819,18819,14184,13459,39995
1,1060,1059,1791084191966114,1791084191967456,1342,0,19,18835,18835,18835,14153,13743,40492
1,1061,1060,1791084192016114,1791084192017786,1672,0,0,18626,18626,18626,13910,13735,39812
1,1062,1061,1791084192066114,1791084192068177,2063,0,1,18935,18935,18935,14381,13835,40612
1,1063,1062,1791084192116114,1791084192117525,1411,0,2,18682,18682,18682,13911,12424,38084
1,1064,1063,1791084192166114,1791084192167601,1487,0,3,18826,18826,18826,14084,13300,41438
1,1065,1064,1791084192216114,1791084192218315,2201,0,4,18604,18604,18604,13934,13695,40127
1,1066,1065,1791084192266114,1791084192267800,1686,0,5,18709,18709,18709,14057,13773,39866
1,1067,1066,1791084192316114,1791084192318219,2105,0,6,18617,18617,18617,13933,13062,38775
1,1068,1067,1791084192366114,1791084192367651,1537,0,7,18850,18850,18850,14146,13601,40047
1,1069,1068,1791084192416114,1791084192418055,1941,0,8,18851,18851,18851,14091,13578,39985
1,1070,1069,1791084192466114,1791084192467352,1238,0,9,18646,18646,18646,13967,13596,39886
1,1071,1070,1791084192516114,1791084192517490,1376,0,10,18692,18692,18692,14017,13400,39652
1,1072,1071,1791084192566114,1791084192567587,1473,0,11,18798,18798,18798,14129,13571,40367
1,1073,1072,1791084192616114,1791084192617510,1396,0,12,18837,18837,18837,14188,13957,40562
1,1074,1073,1791084192666114,1791084192668193,2079,0,13,18708,18708,18708,14030,13675,39981
1,1075,1074,1791084192716114,1791084192718056,1942,0,14,18699,18699,18699,13974,13359,39092
1,1076,1075,1791084192766114,1791084192800940,34826,0,15,18795,18795,18795,14028,13772,40141
1,1077,1076,1791084192816114,1791084192841446,25332,0,16,18872,18872,18872,14252,13556,39937
1,1078,1077,1791084192866114,1791084192884518,18404,0,17,18599,18599,18599,13913,12733,38551
1,1079,1078,1791084192916114,1791084192926245,10131,0,18,18819,18819,18819,14185,13761,41392
1,1080,1079,1791084192966114,1791084192969610,3496,0,19,18835,18835,18835,14121,13949,40457
1,1081,1080,1791084193016114,1791084193017276,1162,0,0,18626,18626,18626,13969,13931,39504
1,1082,1081,1791084193066114,1791084193068046,1932,0,1,18935,18935,18935,14240,13583,39755
1,1083,1082,1791084193116114,1791084193117443,1329,0,2,18682,18682,18682,14114,13643,40159
1,1084,1083,1791084193166114,1791084193167967,1853,0,3,18826,18826,18826,14073,13527,39611
1,1085,1084,1791084193216114,1791084193217727,1613,0,4,18604,18604,18604,13862,13074,39193
1,1086,1085,1791084193266114,1791084193267504,1390,0,5,18709,18709,18709,14005,13573,40062
1,1087,1086,1791084193316114,1791084193318397,2283,0,6,18617,18617,18617,14029,13285,39557
1,1088,1087,1791084193366114,1791084193367787,1673,0,7,18850,18850,18850,14121,13739,40203
1,1089,1088,1791084193416114,1791084193418096,1982,0,8,18851,18851,18851,14147,13963,40521
1,1090,1089,1791084193466114,1791084193468015,1901,0,9,18646,18646,18646,14035,12783,38405
1,1091,1090,1791084193516114,1791084193517482,1368,0,10,18692,18692,18692,13989,13556,41184
1,1092,1091,1791084193566114,1791084193567768,1654,0,11,18798,18798,18798,14141,13643,39808
1,1093,1092,1791084193616114,1791084193617624,1510,0,12,18837,18837,18837,14170,13251,39544
1,1094,1093,1791084193666114,1791084193667450,1336,0,13,18708,18708,18708,13931,13053,39454
1,1095,1094,1791084193716114,1791084193718091,1977,0,14,18699,18699,18699,14094,13273,40078
1,1096,1095,1791084193766114,1791084193767899,1785,0,15,18795,18795,18795,14084,13084,39700
1,1097,1096,1791084193816114,1791084193817455,1341,0,16,18872,18872,18872,14118,13082,40120
1,1098,1097,1791084193866114,1791084193868042,1928,0,17,18599,18599,18599,13951,13874,40674
1,1099,1098,1791084193916114,1791084193917464,1350,0,18,18819,18819,18819,14111,13819,40109
1,1100,1099,1791084193966114,1791084193967895,1781,0,19,18835,18835,18835,14094,13235,39575
1,1101,1100,1791084194016114,1791084194017989,1875,0,0,18626,18626,18626,14010,13811,40529
1,1102,1101,1791084194066114,1791084194068117,2003,0,1,18935,18935,18935,14168,14012,40243
1,1103,1102,1791084194116114,1791084194118029,1915,0,2,18682,18682,18682,14102,13916,40060
1,1104,1103,1791084194166114,1791084194167611,1497,0,3,18826,18826,18826,14090,13403,39604
1,1105,1104,1791084194216114,1791084194217424,1310,0,4,18604,18604,18604,14003,13217,39741
1,1106,1105,1791084194266114,1791084194267402,1288,0,5,18709,18709,18709,14122,13592,40425
1,1107,1106,1791084194316114,1791084194318152,2038,0,6,18617,18617,18617,13983,13202,39321
1,1108,1107,1791084194366114,1791084194367317,1203,0,7,18850,18850,18850,14138,13336,40227
1,1109,1108,1791084194416114,1791084194417584,1470,0,8,18851,18851,18851,14172,13937,40836
1,1110,1109,1791084194466114,1791084194468209,2095,0,9,18646,18646,18646,14066,12623,38309
1,1111,1110,1791084194516114,1791084194518313,2199,0,10,18692,18692,18692,13961,13256,41124
1,1112,1111,1791084194566114,1791084194567560,1446,0,11,18798,18798,18798,14139,13647,40497
1,1113,1112,1791084194616114,1791084194617435,1321,0,12,18837,18837,18837,14200,14199,40777
1,1114,1113,1791084194666114,1791084194669502,3388,0,13,18708,18708,18708,14054,13318,39360
1,1115,1114,1791084194716114,1791084194717366,1252,0,14,18699,18699,18699,13991,12642,38727
1,1116,1115,1791084194766114,1791084194767406,1292,0,15,18795,18795,18795,14101,13467,41499
1,1117,1116,1791084194816114,1791084194817902,1788,0,16,18872,18872,18872,14136,13012,39379
1,1118,1117,1791084194866114,1791084194867998,1884,0,17,18599,18599,18599,13967,12622,39341
1,1119,1118,1791084194916114,1791084194917830,1716,0,18,18819,18819,18819,14209,13414,41238
1,1120,1119,1791084194966114,1791084194967584,1470,0,19,18835,18835,18835,14110,12866,39492
1,1121,1120,1791084195016114,1791084195018147,2033,0,0,18626,18626,18626,13905,12762,39528
1,1122,1121,1791084195066114,1791084195068120,2006,0,1,18935,18935,18935,14253,13382,40938
1,1123,1122,1791084195116114,1791084195117316,1202,0,2,18682,18682,18682,13961,13256,39669
1,1124,1123,1791084195166114,1791084195167802,1688,0,3,18826,18826,18826,14239,13674,40547
1,1125,1124,1791084195216114,1791084195217596,1482,0,4,18604,18604,18604,13928,13679,39683
1,1126,1125,1791084195266114,1791084195267951,1837,0,5,18709,18709,18709,14074,12771,38463
1,1127,1126,1791084195316114,1791084195318271,2157,0,6,18617,18617,18617,13984,13840,41343
1,1128,1127,1791084195366114,1791084195368226,2112,0,7,18850,18850,18850,14192,12903,38846
1,1129,1128,1791084195416114,1791084195418204,2090,0,8,18851,18851,18851,14197,14110,41832
1,1130,1129,1791084195466114,1791084195467979,1865,0,9,18646,18646,18646,14108,13694,39783
1,1131,1130,1791084195516114,1791084195517804,1690,0,10,18692,18692,18692,13930,12994,38701
1,1132,1131,1791084195566114,1791084195567617,1503,0,11,18798,18798,18798,14202,13456,40495
1,1133,1132,1791084195616114,1791084195617425,1311,0,12,18837,18837,18837,14164,12674,38929
1,1134,1133,1791084195666114,1791084195667381,1267,0,13,18708,18708,18708,13992,13577,41643
1,1135,1134,1791084195716114,1791084195717462,1348,0,14,18699,18699,18699,14056,13191,39174
1,1136,1135,1791084195766114,1791084195767364,1250,0,15,18795,18795,18795,14152,14078,40981
1,1137,1136,1791084195816114,1791084195818285,2171,0,16,18872,18872,18872,14195,12831,38715
1,1138,1137,1791084195866114,1791084195868154,2040,0,17,18599,18599,18599,13907,13422,40952
1,1139,1138,1791084195916114,1791084195917714,1600,0,18,18819,18819,18819,14242,13313,39643
1,1140,1139,1791084195966114,1791084195967694,1580,0,19,18835,18835,18835,14170,13565,40560
1,1141,1140,1791084196016114,1791084196017515,1401,0,0,18626,18626,18626,13996,12766,38707
1,1142,1141,1791084196066114,1791084196067802,1688,0,1,18935,18935,18935,14268,13705,41396
1,1143,1142,1791084196116114,1791084196118026,1912,0,2,18682,18682,18682,14113,14067,40327
1,1144,1143,1791084196166114,1791084196167825,1711,0,3,18826,18826,18826,14080,14059,40109
1,1145,1144,1791084196216114,1791084196217981,1867,0,4,18604,18604,18604,14049,13004,38962
1,1146,1145,1791084196266114,1791084196267897,1783,0,5,18709,18709,18709,14077,13382,40336
1,1147,1146,1791084196316114,1791084196317953,1839,0,6,18617,18617,18617,14045,13561,40385
1,1148,1147,1791084196366114,1791084196368446,2332,0,7,18850,18850,18850,14146,13114,39293
1,1149,1148,1791084196416114,1791084196417689,1575,0,8,18851,18851,18851,14120,13704,41228
1,1150,1149,1791084196466114,1791084196467515,1401,0,9,18646,18646,18646,13981,13255,39201
1,1151,1150,1791084196516114,1791084196526672,10558,0,10,18692,18692,18692,14047,13061,39240
1,1152,1151,1791084196566114,1791084196590385,24271,0,11,18798,18798,18798,14105,13742,40818
1,1153,1152,1791084196616114,1791084196640348,24234,0,12,18837,18837,18837,14199,13461,39785
1,1154,1153,1791084196666114,1791084196685810,19696,0,13,18708,18708,18708,13962,12996,39211
1,1155,1154,1791084196716114,1791084196728364,12250,0,14,18699,18699,18699,14049,13095,39775
1,1156,1155,1791084196766114,1791084196776106,9992,0,15,18795,18795,18795,14148,13012,39908
1,1157,1156,1791084196816114,1791084196819141,3027,0,16,18872,18872,18872,14202,13348,40871
1,1158,1157,1791084196866114,1791084196868220,2106,0,17,18599,18599,18599,13982,13132,39505
1,1159,1158,1791084196916114,1791084196918260,2146,0,18,18819,18819,18819,14249,13520,40867
1,1160,1159,1791084196966114,1791084196967602,1488,0,19,18835,18835,18835,14044,13664,40180
1,1161,1160,1791084197016114,1791084197018134,2020,0,0,18626,18626,18626,13833,13705,39402
1,1162,1161,1791084197066114,1791084197067375,1261,0,1,18935,18935,18935,14173,12819,38883
1,1163,1162,1791084197116114,1791084197117548,1434,0,2,18682,18682,18682,14046,13761,41520
1,1164,1163,1791084197166114,1791084197167845,1731,0,3,18826,18826,18826,14202,12950,38943
1,1165,1164,1791084197216114,1791084197217661,1547,0,4,18604,18604,18604,14025,13622,41331
1,1166,1165,1791084197266114,1791084197267979,1865,0,5,18709,18709,18709,13997,12705,38406
1,1167,1166,1791084197316114,1791084197317527,1413,0,6,18617,18617,18617,14010,13660,41322
1,1168,1167,1791084197366114,1791084197367671,1557,0,7,18850,18850,18850,14111,13653,39821
1,1169,1168,1791084197416114,1791084197417528,1414,0,8,18851,18851,18851,14292,13383,39981
1,1170,1169,1791084197466114,1791084197467620,1506,0,9,18646,18646,18646,13991,13184,39709
1,1171,1170,1791084197516114,1791084197517757,1643,0,10,18692,18692,18692,13889,13350,39839
1,1172,1171,1791084197566114,1791084197567585,1471,0,11,18798,18798,18798,14098,13405,39656
1,1173,1172,1791084197616114,1791084197617561,1447,0,12,18837,18837,18837,14203,13846,40731
1,1174,1173,1791084197666114,1791084197668019,1905,0,13,18708,18708,18708,14054,13960,40103
1,1175,1174,1791084197716114,1791084197718323,2209,0,14,18699,18699,18699,14007,12631,38013
1,1176,1175,1791084197766114,1791084197767815,1701,0,15,18795,18795,18795,14135,13217,40829
1,1177,1176,1791084197816114,1791084197817556,1442,0,16,18872,18872,18872,14221,13500,40686
1,1178,1177,1791084197866114,1791084197867960,1846,0,17,18599,18599,18599,13952,13097,39367
1,1179,1178,1791084197916114,1791084197917453,1339,0,18,18819,18819,18819,14052,13376,39857
1,1180,1179,1791084197966114,1791084197967602,1488,0,19,18835,18835,18835,14171,13579,40072
1,1181,1180,1791084198016114,1791084198018004,1890,0,0,18626,18626,18626,13971,12845,38840
1,1182,1181,1791084198066114,1791084198067493,1379,0,1,18935,18935,18935,14273,13729,41159
1,1183,1182,1791084198116114,1791084198118094,1980,0,2,18682,18682,18682,13985,13315,39517
1,1184,1183,1791084198166114,1791084198167370,1256,0,3,18826,18826,18826,14105,13608,40323
1,1185,1184,1791084198216114,1791084198218010,1896,0,4,18604,18604,18604,13888,13770,39687
1,1186,1185,1791084198266114,1791084198268013,1899,0,5,18709,18709,18709,14054,13550,39708
1,1187,1186,1791084198316114,1791084198318088,1974,0,6,18617,18617,18617,13884,13198,39131
1,1188,1187,1791084198366114,1791084198367834,1720,0,7,18850,18850,18850,14164,13088,39464
1,1189,1188,1791084198416114,1791084198418282,2168,0,8,18851,18851,18851,14211,13454,40648
1,1190,1189,1791084198466114,1791084198468068,1954,0,9,18646,18646,18646,14010,13402,39780
1,1191,1190,1791084198516114,1791084198518193,2079,0,10,18692,18692,18692,14088,13526,39868
1,1192,1191,1791084198566114,1791084198567764,1650,0,11,18798,18798,18798,14190,13612,40115
1,1193,1192,1791084198616114,1791084198617744,1630,0,12,18837,18837,18837,14017,13066,39283
1,1194,1193,1791084198666114,1791084198667580,1466,0,13,18708,18708,18708,14043,13122,39719
1,1195,1194,1791084198716114,1791084198718065,1951,0,14,18699,18699,18699,14064,13114,39884
1,1196,1195,1791084198766114,1791084198767420,1306,0,15,18795,18795,18795,14169,13411,40305
1,1197,1196,1791084198816114,1791084198817587,1473,0,16,18872,18872,18872,14165,13357,39925
1,1198,1197,1791084198866114,1791084198867626,1512,0,17,18599,18599,18599,13907,13322,39522
1,1199,1198,1791084198916114,1791084198917728,1614,0,18,18819,18819,18819,14169,13014,39314
1,1200,1199,1791084198966114,1791084198967475,1361,0,19,18835,18835,18835,18264,18242,87398
1,1201,1200,1791084199016114,1791084199017533,1419,0,0,18626,18626,18626,18037,17484,85239
1,1202,1201,1791084199066114,1791084199067991,1877,0,1,18935,18935,18935,18335,17794,86657
1,1203,1202,1791084199116114,1791084199117474,1360,0,2,18682,18682,18682,18084,17744,86257
1,1204,1203,1791084199166114,1791084199167850,1736,0,3,18826,18826,18826,18275,17684,86305
1,1205,1204,1791084199216114,1791084199217441,1327,0,4,18604,18604,18604,18009,17748,85890
1,1206,1205,1791084199266114,1791084199267988,1874,0,5,18709,18709,18709,18123,17806,86360
1,1207,1206,1791084199316114,1791084199317418,1304,0,6,18617,18617,18617,18005,17964,86376
1,1208,1207,1791084199366114,1791084199367838,1724,0,7,18850,18850,18850,18258,17659,86121
1,1209,1208,1791084199416114,1791084199417906,1792,0,8,18851,18851,18851,18259,18170,87324
1,1210,1209,1791084199466114,1791084199467663,1549,0,9,18646,18646,18646,18073,17484,85153
1,1211,1210,1791084199516114,1791084199518430,2316,0,10,18692,18692,18692,18098,17727,86112
1,1212,1211,1791084199566114,1791084199567425,1311,0,11,18798,18798,18798,18221,17801,86416
1,1213,1212,1791084199616114,1791084199618053,1939,0,12,18837,18837,18837,18264,17703,86206
1,1214,1213,1791084199666114,1791084199668210,2096,0,13,18708,18708,18708,18137,17902,86559
1,1215,1214,1791084199716114,1791084199718051,1937,0,14,18699,18699,18699,18138,17934,86572
1,1216,1215,1791084199766114,1791084199767628,1514,0,15,18795,18795,18795,18223,18009,87082
1,1217,1216,1791084199816114,1791084199818721,2607,0,16,18872,18872,18872,18272,17932,87042
1,1218,1217,1791084199866114,1791084199868201,2087,0,17,18599,18599,18599,18028,17385,84842
1,1219,1218,1791084199916114,1791084199918145,2031,0,18,18819,18819,18819,18219,18055,87077
1,1220,1219,1791084199966114,1791084199968162,2048,0,19,18835,18835,18835,18267,18137,87358
1,1221,1220,1791084200016114,1791084200017732,1618,0,0,18626,18626,18626,18080,17511,85358
1,1222,1221,1791084200066114,1791084200068375,2261,0,1,18935,18935,18935,18359,17820,86954
1,1223,1222,1791084200116114,1791084200117990,1876,0,2,18682,18682,18682,18144,17782,86509
1,1224,1223,1791084200166114,1791084200167397,1283,0,3,18826,18826,18826,18274,17579,85834
1,1225,1224,1791084200216114,1791084200217959,1845,0,4,18604,18604,18604,18027,17882,86273
1,1226,1225,1791084200266114,1791084200268176,2062,0,5,18709,18709,18709,18119,17820,86351
1,1227,1226,1791084200316114,1791084200317650,1536,0,6,18617,18617,18617,18016,17834,86044
1,1228,1227,1791084200366114,1791084200367511,1397,0,7,18850,18850,18850,18251,17644,86134
1,1229,1228,1791084200416114,1791084200417524,1410,0,8,18851,18851,18851,18259,18105,87209
1,1230,1229,1791084200466114,1791084200468183,2069,0,9,18646,18646,18646,18064,17591,85722
1,1231,1230,1791084200516114,1791084200517701,1587,0,10,18692,18692,18692,18106,17682,85897
1,1232,1231,1791084200566114,1791084200567705,1591,0,11,18798,18798,18798,18209,17734,86307
1,1233,1232,1791084200616114,1791084200617536,1422,0,12,18837,18837,18837,18248,17620,86021
1,1234,1233,1791084200666114,1791084200667736,1622,0,13,18708,18708,18708,18120,17898,86641
1,1235,1234,1791084200716114,1791084200717446,1332,0,14,18699,18699,18699,18097,17884,86532
1,1236,1235,1791084200766114,1791084200767669,1555,0,15,18795,18795,18795,18188,18148,87091
1,1237,1236,1791084200816114,1791084200817895,1781,0,16,18872,18872,18872,18246,17846,86755
1,1238,1237,1791084200866114,1791084200867403,1289,0,17,18599,18599,18599,18013,17419,84849
1,1239,1238,1791084200916114,1791084200918741,2627,0,18,18819,18819,18819,18254,18123,87135
1,1240,1239,1791084200966114,1791084200968308,2194,0,19,18835,18835,18835,18271,18119,87322
1,1241,1240,1791084201016114,1791084201018310,2196,0,0,18626,18626,18626,18045,17543,85467
1,1242,1241,1791084201066114,1791084201067514,1400,0,1,18935,18935,18935,18312,17768,86536
1,1243,1242,1791084201116114,1791084201118185,2071,0,2,18682,18682,18682,18127,17819,86612
1,1244,1243,1791084201166114,1791084201167645,1531,0,3,18826,18826,18826,18258,17636,86143
1,1245,1244,1791084201216114,1791084201218101,1987,0,4,18604,18604,18604,18006,17894,86279
1,1246,1245,1791084201266114,1791084201267503,1389,0,5,18709,18709,18709,18191,17945,86727
1,1247,1246,1791084201316114,1791084201317460,1346,0,6,18617,18617,18617,18030,17800,86010
1,1248,1247,1791084201366114,1791084201367583,1469,0,7,18850,18850,18850,18271,17727,86453
1,1249,1248,1791084201416114,1791084201418325,2211,0,8,18851,18851,18851,18323,18139,87387
1,1250,1249,1791084201466114,1791084201468092,1978,0,9,18646,18646,18646,18061,17687,85849
1,1251,1250,1791084201516114,1791084201517876,1762,0,10,18692,18692,18692,18123,17699,86071
1,1252,1251,1791084201566114,1791084201567417,1303,0,11,18798,18798,18798,18220,17783,86499
1,1253,1252,1791084201616114,1791084201618226,2112,0,12,18837,18837,18837,18278,17739,86336
1,1254,1253,1791084201666114,1791084201667285,1171,0,13,18708,18708,18708,18086,17866,86432
1,1255,1254,1791084201716114,1791084201717583,1469,0,14,18699,18699,18699,18161,17909,86627
1,1256,1255,1791084201766114,1791084201767649,1535,0,15,18795,18795,18795,18236,18181,87360
1,1257,1256,1791084201816114,1791084201817600,1486,0,16,18872,18872,18872,18292,17856,86866
1,1258,1257,1791084201866114,1791084201867432,1318,0,17,18599,18599,18599,18001,17459,85071
1,1259,1258,1791084201916114,1791084201917404,1290,0,18,18819,18819,18819,18213,18145,87037
1,1260,1259,1791084201966114,1791084201967810,1696,0,19,18835,18835,18835,18255,18016,87135
1,1261,1260,1791084202016114,1791084202018212,2098,0,0,18626,18626,18626,18050,17503,85343
1,1262,1261,1791084202066114,1791084202068126,2012,0,1,18935,18935,18935,18282,17730,86411
1,1263,1262,1791084202116114,1791084202117769,1655,0,2,18682,18682,18682,18138,17792,86539
1,1264,1263,1791084202166114,1791084202167793,1679,0,3,18826,18826,18826,18235,17590,86027
1,1265,1264,1791084202216114,1791084202217485,1371,0,4,18604,18604,18604,18027,17839,85985
1,1266,1265,1791084202266114,1791084202267571,1457,0,5,18709,18709,18709,18142,17880,86578
1,1267,1266,1791084202316114,1791084202317947,1833,0,6,18617,18617,18617,18020,17767,85887
1,1268,1267,1791084202366114,1791084202367807,1693,0,7,18850,18850,18850,18261,17689,86359
1,1269,1268,1791084202416114,1791084202417678,1564,0,8,18851,18851,18851,18265,18184,87494
1,1270,1269,1791084202466114,1791084202467483,1369,0,9,18646,18646,18646,18066,17631,85756
1,1271,1270,1791084202516114,1791084202517761,1647,0,10,18692,18692,18692,18127,17690,85923
1,1272,1271,1791084202566114,1791084202567636,1522,0,11,18798,18798,18798,18197,17790,86370
1,1273,1272,1791084202616114,1791084202617945,1831,0,12,18837,18837,18837,18278,17686,86194
1,1274,1273,1791084202666114,1791084202667312,1198,0,13,18708,18708,18708,18106,17821,86212
1,1275,1274,1791084202716114,1791084202717940,1826,0,14,18699,18699,18699,18113,17813,86393
1,1276,1275,1791084202766114,1791084202767578,1464,0,15,18795,18795,18795,18220,18208,87124
1,1277,1276,1791084202816114,1791084202818378,2264,0,16,18872,18872,18872,18273,17796,86596
1,1278,1277,1791084202866114,1791084202867385,1271,0,17,18599,18599,18599,18025,17461,85143
1,1279,1278,1791084202916114,1791084202918526,2412,0,18,18819,18819,18819,18195,17986,86902
1,1280,1279,1791084202966114,1791084202967713,1599,0,19,18835,18835,18835,18251,17924,87051
1,1281,1280,1791084203016114,1791084203017487,1373,0,0,18626,18626,18626,18056,17509,85378
1,1282,1281,1791084203066114,1791084203068284,2170,0,1,18935,18935,18935,18315,17780,86684
1,1283,1282,1791084203116114,1791084203117422,1308,0,2,18682,18682,18682,18147,17756,86421
1,1284,1283,1791084203166114,1791084203167646,1532,0,3,18826,18826,18826,18257,17659,86188
1,1285,1284,1791084203216114,1791084203217388,1274,0,4,18604,18604,18604,18015,17916,86266
1,1286,1285,1791084203266114,1791084203268331,2217,0,5,18709,18709,18709,18114,17856,86302
1,1287,1286,1791084203316114,1791084203317983,1869,0,6,18617,18617,18617,18003,17774,85943
1,1288,1287,1791084203366114,1791084203367522,1408,0,7,18850,18850,18850,18271,17669,86207
1,1289,1288,1791084203416114,1791084203417720,1606,0,8,18851,18851,18851,18260,18136,87430
1,1290,1289,1791084203466114,1791084203468154,2040,0,9,18646,18646,18646,18055,17522,85465
1,1291,1290,1791084203516114,1791084203518186,2072,0,10,18692,18692,18692,18110,17742,86144
1,1292,1291,1791084203566114,1791084203567597,1483,0,11,18798,18798,18798,18162,17821,86441
1,1293,1292,1791084203616114,1791084203617741,1627,0,12,18837,18837,18837,18226,17688,86184
1,1294,1293,1791084203666114,1791084203697074,30960,0,13,18708,18708,18708,18135,17836,86368
1,1295,1294,1791084203716114,1791084203740865,24751,0,14,18699,18699,18699,18142,17919,86680
1,1296,1295,1791084203766114,1791084203788827,22713,0,15,18795,18795,18795,18233,18074,87178
1,1297,1296,1791084203816114,1791084203831593,15479,0,16,18872,18872,18872,18290,17881,86966
1,1298,1297,1791084203866114,1791084203877214,11100,0,17,18599,18599,18599,17968,17420,84807
1,1299,1298,1791084203916114,1791084203921830,5716,0,18,18819,18819,18819,18228,18108,87118
1,1300,1299,1791084203966114,1791084203968047,1933,0,19,18835,18835,18835,18270,18187,87396
1,1301,1300,1791084204016114,1791084204018062,1948,0,0,18626,18626,18626,18034,17526,85425
1,1302,1301,1791084204066114,1791084204068023,1909,0,1,18935,18935,18935,18358,17776,86497
1,1303,1302,1791084204116114,1791084204117521,1407,0,2,18682,18682,18682,18128,17747,86277
1,1304,1303,1791084204166114,1791084204167684,1570,0,3,18826,18826,18826,18252,17606,86069
1,1305,1304,1791084204216114,1791084204217437,1323,0,4,18604,18604,18604,18066,17988,86257
1,1306,1305,1791084204266114,1791084204267524,1410,0,5,18709,18709,18709,18167,18096,86928
1,1307,1306,1791084204316114,1791084204317689,1575,0,6,18617,18617,18617,18021,17633,85589
1,1308,1307,1791084204366114,1791084204367824,1710,0,7,18850,18850,18850,18284,17728,86435
1,1309,1308,1791084204416114,1791084204417554,1440,0,8,18851,18851,18851,18274,18135,87310
1,1310,1309,1791084204466114,1791084204468238,2124,0,9,18646,18646,18646,18064,17519,85481
1,1311,1310,1791084204516114,1791084204518081,1967,0,10,18692,18692,18692,18117,17755,86242
1,1312,1311,1791084204566114,1791084204567471,1357,0,11,18798,18798,18798,18211,17755,86339
1,1313,1312,1791084204616114,1791084204617720,1606,0,12,18837,18837,18837,18302,17733,86328
1,1314,1313,1791084204666114,1791084204667665,1551,0,13,18708,18708,18708,18130,17800,86352
1,1315,1314,1791084204716114,1791084204717605,1491,0,14,18699,18699,18699,18161,17851,86623
1,1316,1315,1791084204766114,1791084204767874,1760,0,15,18795,18795,18795,18219,18205,87420
1,1317,1316,1791084204816114,1791084204818319,2205,0,16,18872,18872,18872,18250,17765,86474
1,1318,1317,1791084204866114,1791084204869457,3343,0,17,18599,18599,18599,18007,17400,84910
1,1319,1318,1791084204916114,1791084204917676,1562,0,18,18819,18819,18819,18263,18050,87106
1,1320,1319,1791084204966114,1791084204967673,1559,0,19,18835,18835,18835,18253,18089,87172
1,1321,1320,1791084205016114,1791084205018220,2106,0,0,18626,18626,18626,18025,17495,85360
1,1322,1321,1791084205066114,1791084205068277,2163,0,1,18935,18935,18935,18371,17761,86624
1,1323,1322,1791084205116114,1791084205117353,1239,0,2,18682,18682,18682,18140,17620,85884
1,1324,1323,1791084205166114,1791084205167463,1349,0,3,18826,18826,18826,18247,17614,86016
1,1325,1324,1791084205216114,1791084205217686,1572,0,4,18604,18604,18604,18036,18005,86331
1,1326,1325,1791084205266114,1791084205267856,1742,0,5,18709,18709,18709,18140,17913,86530
1,1327,1326,1791084205316114,1791084205317768,1654,0,6,18617,18617,18617,18058,17660,85747
1,1328,1327,1791084205366114,1791084205367791,1677,0,7,18850,18850,18850,18290,17780,86803
1,1329,1328,1791084205416114,1791084205417325,1211,0,8,18851,18851,18851,18264,18171,87451
1,1330,1329,1791084205466114,1791084205467388,1274,0,9,18646,18646,18646,18061,17576,85460
1,1331,1330,1791084205516114,1791084205517620,1506,0,10,18692,18692,18692,18109,17820,86379
1,1332,1331,1791084205566114,1791084205567588,1474,0,11,18798,18798,18798,18226,17806,86396
1,1333,1332,1791084205616114,1791084205617687,1573,0,12,18837,18837,18837,18220,17707,86270
1,1334,1333,1791084205666114,1791084205668162,2048,0,13,18708,18708,18708,18085,17772,86276
1,1335,1334,1791084205716114,1791084205717326,1212,0,14,18699,18699,18699,18118,17893,86558
1,1336,1335,1791084205766114,1791084205767400,1286,0,15,18795,18795,18795,18181,18103,87095
1,1337,1336,1791084205816114,1791084205817671,1557,0,16,18872,18872,18872,18281,17895,86954
1,1338,1337,1791084205866114,1791084205868571,2457,0,17,18599,18599,18599,17978,17444,85047
1,1339,1338,1791084205916114,1791084205917955,1841,0,18,18819,18819,18819,18250,18091,87132
1,1340,1339,1791084205966114,1791084205967799,1685,0,19,18835,18835,18835,18238,18034,87009
1,1341,1340,1791084206016114,1791084206017816,1702,0,0,18626,18626,18626,18070,17441,85138
1,1342,1341,1791084206066114,1791084206068011,1897,0,1,18935,18935,18935,18317,17729,86543
1,1343,1342,1791084206116114,1791084206117392,1278,0,2,18682,18682,18682,18158,17750,86409
1,1344,1343,1791084206166114,1791084206167669,1555,0,3,18826,18826,18826,18264,17603,85994
1,1345,1344,1791084206216114,1791084206218153,2039,0,4,18604,18604,18604,18014,17862,86182
1,1346,1345,1791084206266114,1791084206268060,1946,0,5,18709,18709,18709,18101,17729,86113
1,1347,1346,1791084206316114,1791084206317473,1359,0,6,18617,18617,18617,18058,17841,86079
1,1348,1347,1791084206366114,1791084206367644,1530,0,7,18850,18850,18850,18298,17730,86413
1,1349,1348,1791084206416114,1791084206417949,1835,0,8,18851,18851,18851,18232,18154,87255
1,1350,1349,1791084206466114,1791084206470530,4416,0,9,18646,18646,18646,18097,17653,85880
1,1351,1350,1791084206516114,1791084206518243,2129,0,10,18692,18692,18692,18137,17680,85899
1,1352,1351,1791084206566114,1791084206568076,1962,0,11,18798,18798,18798,18199,17835,86555
1,1353,1352,1791084206616114,1791084206618010,1896,0,12,18837,18837,18837,18268,17771,86488
1,1354,1353,1791084206666114,1791084206668292,2178,0,13,18708,18708,18708,18099,17775,86148
1,1355,1354,1791084206716114,1791084206717624,1510,0,14,18699,18699,18699,18138,17926,86695
1,1356,1355,1791084206766114,1791084206767585,1471,0,15,18795,18795,18795,18223,18107,87271
1,1357,1356,1791084206816114,1791084206817730,1616,0,16,18872,18872,18872,18287,17912,86912
1,1358,1357,1791084206866114,1791084206867615,1501,0,17,18599,18599,18599,18033,17363,84741
1,1359,1358,1791084206916114,1791084206917776,1662,0,18,18819,18819,18819,18197,18179,87128
1,1360,1359,1791084206966114,1791084206967505,1391,0,19,18835,18835,18835,18222,18152,87316
1,1361,1360,1791084207016114,1791084207017636,1522,0,0,18626,18626,18626,18022,17545,85492
1,1362,1361,1791084207066114,1791084207067956,1842,0,1,18935,18935,18935,18321,17667,86278
1,1363,1362,1791084207116114,1791084207118008,1894,0,2,18682,18682,18682,18087,17691,86172
1,1364,1363,1791084207166114,1791084207167817,1703,0,3,18826,18826,18826,18245,17614,86097
1,1365,1364,1791084207216114,1791084207217797,1683,0,4,18604,18604,18604,18035,17966,86272
1,1366,1365,1791084207266114,1791084207268326,2212,0,5,18709,18709,18709,18139,17887,86450
1,1367,1366,1791084207316114,1791084207317432,1318,0,6,18617,18617,18617,18037,17786,86091
1,1368,1367,1791084207366114,1791084207373303,7189,0,7,18850,18850,18850,18320,17715,86400
1,1369,1368,1791084207416114,1791084207424005,7891,0,8,18851,18851,18851,18270,18107,87340
1,1370,1369,1791084207466114,1791084207469854,3740,0,9,18646,18646,18646,18038,17546,85401
1,1371,1370,1791084207516114,1791084207518212,2098,0,10,18692,18692,18692,18077,17677,85848
1,1372,1371,1791084207566114,1791084207567449,1335,0,11,18798,18798,18798,18222,17817,86504
1,1373,1372,1791084207616114,1791084207617437,1323,0,12,18837,18837,18837,18221,17674,86156
1,1374,1373,1791084207666114,1791084207667567,1453,0,13,18708,18708,18708,18105,17734,86087
1,1375,1374,1791084207716114,1791084207718731,2617,0,14,18699,18699,18699,18123,17803,86410
1,1376,1375,1791084207766114,1791084207767434,1320,0,15,18795,18795,18795,18220,18077,87073
1,1377,1376,1791084207816114,1791084207817844,1730,0,16,18872,18872,18872,18279,17770,86526
1,1378,1377,1791084207866114,1791084207868228,2114,0,17,18599,18599,18599,18017,17421,84955
1,1379,1378,1791084207916114,1791084207917959,1845,0,18,18819,18819,18819,18279,18123,87264
1,1380,1379,1791084207966114,1791084207967619,1505,0,19,18835,18835,18835,18247,18135,87246
1,1381,1380,1791084208016114,1791084208017945,1831,0,0,18626,18626,18626,18038,17548,85454
1,1382,1381,1791084208066114,1791084208067612,1498,0,1,18935,18935,18935,18346,17798,86746
1,1383,1382,1791084208116114,1791084208117833,1719,0,2,18682,18682,18682,18105,17733,86280
1,1384,1383,1791084208166114,1791084208167859,1745,0,3,18826,18826,18826,18274,17663,86245
1,1385,1384,1791084208216114,1791084208217550,1436,0,4,18604,18604,18604,18033,17912,86310
1,1386,1385,1791084208266114,1791084208267372,1258,0,5,18709,18709,18709,18096,17781,86239
1,1387,1386,1791084208316114,1791084208317407,1293,0,6,18617,18617,18617,18051,17816,86063
1,1388,1387,1791084208366114,1791084208367397,1283,0,7,18850,18850,18850,18290,17633,85961
1,1389,1388,1791084208416114,1791084208418293,2179,0,8,18851,18851,18851,18231,18134,87341
1,1390,1389,1791084208466114,1791084208468218,2104,0,9,18646,18646,18646,18075,17542,85473
1,1391,1390,1791084208516114,1791084208518140,2026,0,10,18692,18692,18692,18142,17810,86272
1,1392,1391,1791084208566114,1791084208568320,2206,0,11,18798,18798,18798,18236,18028,87046
1,1393,1392,1791084208616114,1791084208617873,1759,0,12,18837,18837,18837,18250,17777,86483
1,1394,1393,1791084208666114,1791084208668083,1969,0,13,18708,18708,18708,18118,17802,86387
1,1395,1394,1791084208716114,1791084208718338,2224,0,14,18699,18699,18699,18115,18001,86805
1,1396,1395,1791084208766114,1791084208767641,1527,0,15,18795,18795,18795,18251,18190,87239
1,1397,1396,1791084208816114,1791084208818221,2107,0,16,18872,18872,18872,18298,17788,86650
1,1398,1397,1791084208866114,1791084208868147,2033,0,17,18599,18599,18599,17992,17409,84891
1,1399,1398,1791084208916114,1791084208917771,1657,0,18,18819,18819,18819,18236,18202,87241
1,1400,1399,1791084208966114,1791084208967845,1731,0,19,18835,18835,18835,18253,18025,87016
1,1401,1400,1791084209016114,1791084209017485,1371,0,0,18626,18626,18626,18080,17533,85474
1,1402,1401,1791084209066114,1791084209068934,2820,0,1,18935,18935,18935,18319,17778,86704
1,1403,1402,1791084209116114,1791084209117976,1862,0,2,18682,18682,18682,18123,17738,86383
1,1404,1403,1791084209166114,1791084209167418,1304,0,3,18826,18826,18826,18260,17624,86152
1,1405,1404,1791084209216114,1791084209218091,1977,0,4,18604,18604,18604,18011,17964,86183
1,1406,1405,1791084209266114,1791084209267937,1823,0,5,18709,18709,18709,18158,17868,86403
1,1407,1406,1791084209316114,1791084209317721,1607,0,6,18617,18617,18617,18052,17809,86007
1,1408,1407,1791084209366114,1791084209367640,1526,0,7,18850,18850,18850,18252,17681,86337
1,1409,1408,1791084209416114,1791084209419103,2989,0,8,18851,18851,18851,18264,18133,87390
1,1410,1409,1791084209466114,1791084209467666,1552,0,9,18646,18646,18646,18053,17621,85657
1,1411,1410,1791084209516114,1791084209517937,1823,0,10,18692,18692,18692,18116,17611,85666
1,1412,1411,1791084209566114,1791084209567602,1488,0,11,18798,18798,18798,18213,17787,86427
1,1413,1412,1791084209616114,1791084209618080,1966,0,12,18837,18837,18837,18259,17757,86387
1,1414,1413,1791084209666114,1791084209668235,2121,0,13,18708,18708,18708,18142,17756,86205
1,1415,1414,1791084209716114,1791084209717847,1733,0,14,18699,18699,18699,18152,17936,86661
1,1416,1415,1791084209766114,1791084209767513,1399,0,15,18795,18795,18795,18205,18136,87239
1,1417,1416,1791084209816114,1791084209818176,2062,0,16,18872,18872,18872,18238,17706,86210
1,1418,1417,1791084209866114,1791084209867582,1468,0,17,18599,18599,18599,18034,17422,84995
1,1419,1418,1791084209916114,1791084209917868,1754,0,18,18819,18819,18819,18235,18135,87253
1,1420,1419,1791084209966114,1791084209967703,1589,0,19,18835,18835,18835,18244,18186,87249
1,1421,1420,1791084210016114,1791084210018207,2093,0,0,18626,18626,18626,18051,17568,85514
1,1422,1421,1791084210066114,1791084210067509,1395,0,1,18935,18935,18935,18289,17674,86129
1,1423,1422,1791084210116114,1791084210120988,4874,0,2,18682,18682,18682,18130,17736,86337
1,1424,1423,1791084210166114,1791084210175899,9785,0,3,18826,18826,18826,18260,17625,86097
1,1425,1424,1791084210216114,1791084210238041,21927,0,4,18604,18604,18604,18011,17934,86127
1,1426,1425,1791084210266114,1791084210283618,17504,0,5,18709,18709,18709,18108,17972,86746
1,1427,1426,1791084210316114,1791084210325269,9155,0,6,18617,18617,18617,18063,17747,85955
1,1428,1427,1791084210366114,1791084210369961,3847,0,7,18850,18850,18850,18272,17725,86464
1,1429,1428,1791084210416114,1791084210417768,1654,0,8,18851,18851,18851,18278,18264,87532
1,1430,1429,1791084210466114,1791084210467473,1359,0,9,18646,18646,18646,18004,17648,85748
1,1431,1430,1791084210516114,1791084210517943,1829,0,10,18692,18692,18692,18113,17663,85840
1,1432,1431,1791084210566114,1791084210567523,1409,0,11,18798,18798,18798,18220,17864,86547
1,1433,1432,1791084210616114,1791084210618135,2021,0,12,18837,18837,18837,18221,17754,86343
1,1434,1433,1791084210666114,1791084210667970,1856,0,13,18708,18708,18708,18140,17766,86290
1,1435,1434,1791084210716114,1791084210717882,1768,0,14,18699,18699,18699,18149,17894,86570
1,1436,1435,1791084210766114,1791084210767889,1775,0,15,18795,18795,18795,18245,18215,87319
1,1437,1436,1791084210816114,1791084210817731,1617,0,16,18872,18872,18872,18279,17929,86871
1,1438,1437,1791084210866114,1791084210868309,2195,0,17,18599,18599,18599,18021,17410,84991
1,1439,1438,1791084210916114,1791084210918240,2126,0,18,18819,18819,18819,18213,18060,87037
1,1440,1439,1791084210966114,1791084210967395,1281,0,19,18835,18835,18835,18264,18105,87316
1,1441,1440,1791084211016114,1791084211017840,1726,0,0,18626,18626,18626,18030,17480,85195
1,1442,1441,1791084211066114,1791084211067373,1259,0,1,18935,18935,18935,18312,17781,86609
1,1443,1442,1791084211116114,1791084211118222,2108,0,2,18682,18682,18682,18116,17708,86189
1,1444,1443,1791084211166114,1791084211167826,1712,0,3,18826,18826,18826,18217,17606,86038
1,1445,1444,1791084211216114,1791084211217598,1484,0,4,18604,18604,18604,18039,17913,86293
1,1446,1445,1791084211266114,1791084211267514,1400,0,5,18709,18709,18709,18122,17949,86666
1,1447,1446,1791084211316114,1791084211318305,2191,0,6,18617,18617,18617,18041,17776,86078
1,1448,1447,1791084211366114,1791084211367709,1595,0,7,18850,18850,18850,18285,17684,86341
1,1449,1448,1791084211416114,1791084211418280,2166,0,8,18851,18851,18851,18263,18102,87259
1,1450,1449,1791084211466114,1791084211467597,1483,0,9,18646,18646,18646,18104,17710,86057
1,1451,1450,1791084211516114,1791084211517947,1833,0,10,18692,18692,18692,18136,17700,86023
1,1452,1451,1791084211566114,1791084211568165,2051,0,11,18798,18798,18798,18193,17833,86545
1,1453,1452,1791084211616114,1791084211618063,1949,0,12,18837,18837,18837,18271,17727,86413
1,1454,1453,1791084211666114,1791084211667825,1711,0,13,18708,18708,18708,18119,17843,86502
1,1455,1454,1791084211716114,1791084211717786,1672,0,14,18699,18699,18699,18108,17805,86396
1,1456,1455,1791084211766114,1791084211767663,1549,0,15,18795,18795,18795,18200,18114,87119
1,1457,1456,1791084211816114,1791084211818135,2021,0,16,18872,18872,18872,18287,17906,87052
1,1458,1457,1791084211866114,1791084211867761,1647,0,17,18599,18599,18599,18030,17416,84875
1,1459,1458,1791084211916114,1791084211917466,1352,0,18,18819,18819,18819,18252,18128,87222
1,1460,1459,1791084211966114,1791084211967400,1286,0,19,18835,18835,18835,18258,18154,87404
1,1461,1460,1791084212016114,1791084212017631,1517,0,0,18626,18626,18626,18040,17461,85330
1,1462,1461,1791084212066114,1791084212068076,1962,0,1,18935,18935,18935,18331,17808,86840
1,1463,1462,1791084212116114,1791084212118075,1961,0,2,18682,18682,18682,18123,17699,86274
1,1464,1463,1791084212166114,1791084212168179,2065,0,3,18826,18826,18826,18292,17647,86222
1,1465,1464,1791084212216114,1791084212217765,1651,0,4,18604,18604,18604,18043,18039,86418
1,1466,1465,1791084212266114,1791084212268025,1911,0,5,18709,18709,18709,18123,17851,86292
1,1467,1466,1791084212316114,1791084212317607,1493,0,6,18617,18617,18617,18030,17719,85766
1,1468,1467,1791084212366114,1791084212367582,1468,0,7,18850,18850,18850,18214,17654,86124
1,1469,1468,1791084212416114,1791084212417407,1293,0,8,18851,18851,18851,18268,18077,87294
1,1470,1469,1791084212466114,1791084212468273,2159,0,9,18646,18646,18646,18073,17699,86042
1,1471,1470,1791084212516114,1791084212517764,1650,0,10,18692,18692,18692,18095,17625,85778
1,1472,1471,1791084212566114,1791084212568140,2026,0,11,18798,18798,18798,18198,17791,86449
1,1473,1472,1791084212616114,1791084212617791,1677,0,12,18837,18837,18837,18260,17834,86770
1,1474,1473,1791084212666114,1791084212667896,1782,0,13,18708,18708,18708,18100,17763,86098
1,1475,1474,1791084212716114,1791084212717679,1565,0,14,18699,18699,18699,18139,17873,86497
1,1476,1475,1791084212766114,1791084212767680,1566,0,15,18795,18795,18795,18216,18055,87092
1,1477,1476,1791084212816114,1791084212817531,1417,0,16,18872,18872,18872,18264,17894,86846
1,1478,1477,1791084212866114,1791084212867568,1454,0,17,18599,18599,18599,18027,17416,84946
1,1479,1478,1791084212916114,1791084212917988,1874,0,18,18819,18819,18819,18239,18061,87140
1,1480,1479,1791084212966114,1791084212968139,2025,0,19,18835,18835,18835,18277,18185,87609
1,1481,1480,1791084213016114,1791084213017376,1262,0,0,18626,18626,18626,18039,17517,85500
1,1482,1481,1791084213066114,1791084213067896,1782,0,1,18935,18935,18935,18343,17754,86642
1,1483,1482,1791084213116114,1791084213118340,2226,0,2,18682,18682,18682,18167,17818,86732
1,1484,1483,1791084213166114,1791084213168019,1905,0,3,18826,18826,18826,18244,17647,86226
1,1485,1484,1791084213216114,1791084213217904,1790,0,4,18604,18604,18604,18002,17919,86258
1,1486,1485,1791084213266114,1791084213267353,1239,0,5,18709,18709,18709,18181,18063,86939
1,1487,1486,1791084213316114,1791084213318159,2045,0,6,18617,18617,18617,18032,17655,85714
1,1488,1487,1791084213366114,1791084213368096,1982,0,7,18850,18850,18850,18244,17694,86260
1,1489,1488,1791084213416114,1791084213418295,2181,0,8,18851,18851,18851,18274,18154,87399
1,1490,1489,1791084213466114,1791084213468141,2027,0,9,18646,18646,18646,18064,17503,85408
1,1491,1490,1791084213516114,1791084213517975,1861,0,10,18692,18692,18692,18117,17771,85988
1,1492,1491,1791084213566114,1791084213567353,1239,0,11,18798,18798,18798,18193,17902,86682
1,1493,1492,1791084213616114,1791084213618089,1975,0,12,18837,18837,18837,18239,17606,85821
1,1494,1493,1791084213666114,1791084213668012,1898,0,13,18708,18708,18708,18098,17738,86193
1,1495,1494,1791084213716114,1791084213717714,1600,0,14,18699,18699,18699,18130,17934,86685
1,1496,1495,1791084213766114,1791084213767637,1523,0,15,18795,18795,18795,18235,18085,87180
1,1497,1496,1791084213816114,1791084213817349,1235,0,16,18872,18872,18872,18234,17750,86462
1,1498,1497,1791084213866114,1791084213867346,1232,0,17,18599,18599,18599,17999,17378,84779
1,1499,1498,1791084213916114,1791084213917830,1716,0,18,18819,18819,18819,18204,18169,87109
1,1500,1499,1791084213966114,1791084213967746,1632,0,19,18835,18835,18835,18227,18115,87248
1,1501,1500,1791084214016114,1791084214017575,1461,0,0,18626,18626,18626,18046,17555,85579
1,1502,1501,1791084214066114,1791084214067338,1224,0,1,18935,18935,18935,18355,17750,86481
1,1503,1502,1791084214116114,1791084214117474,1360,0,2,18682,18682,18682,18114,17715,86378
1,1504,1503,1791084214166114,1791084214167595,1481,0,3,18826,18826,18826,18240,17641,86233
1,1505,1504,1791084214216114,1791084214218094,1980,0,4,18604,18604,18604,17984,17879,86295
1,1506,1505,1791084214266114,1791084214268011,1897,0,5,18709,18709,18709,18093,17895,86592
1,1507,1506,1791084214316114,1791084214317984,1870,0,6,18617,18617,18617,18057,17713,85869
1,1508,1507,1791084214366114,1791084214367607,1493,0,7,18850,18850,18850,18252,17759,86502
1,1509,1508,1791084214416114,1791084214418874,2760,0,8,18851,18851,18851,18316,18263,87543
1,1510,1509,1791084214466114,1791084214467523,1409,0,9,18646,18646,18646,18069,17634,85822
1,1511,1510,1791084214516114,1791084214541267,25153,0,10,18692,18692,18692,18124,17664,85914
1,1512,1511,1791084214566114,1791084214586384,20270,0,11,18798,18798,18798,18202,17780,86354
1,1513,1512,1791084214616114,1791084214630637,14523,0,12,18837,18837,18837,18278,17809,86603
1,1514,1513,1791084214666114,1791084214676255,10141,0,13,18708,18708,18708,18146,17814,86468
1,1515,1514,1791084214716114,1791084214719230,3116,0,14,18699,18699,18699,18122,17832,86436
1,1516,1515,1791084214766114,1791084214767589,1475,0,15,18795,18795,18795,18209,18083,87127
1,1517,1516,1791084214816114,1791084214818248,2134,0,16,18872,18872,18872,18272,17915,86898
1,1518,1517,1791084214866114,1791084214868002,1888,0,17,18599,18599,18599,18018,17353,84701
1,1519,1518,1791084214916114,1791084214917785,1671,0,18,18819,18819,18819,18210,18191,87334
1,1520,1519,1791084214966114,1791084214967808,1694,0,19,18835,18835,18835,18222,18082,87219
1,1521,1520,1791084215016114,1791084215017740,1626,0,0,18626,18626,18626,18074,17562,85727
1,1522,1521,1791084215066114,1791084215067332,1218,0,1,18935,18935,18935,18354,17671,86262
1,1523,1522,1791084215116114,1791084215117493,1379,0,2,18682,18682,18682,18140,17671,86071
1,1524,1523,1791084215166114,1791084215167906,1792,0,3,18826,18826,18826,18256,17578,86020
1,1525,1524,1791084215216114,1791084215217607,1493,0,4,18604,18604,18604,17981,17899,86097
1,1526,1525,1791084215266114,1791084215267709,1595,0,5,18709,18709,18709,18083,17791,86295
1,1527,1526,1791084215316114,1791084215318316,2202,0,6,18617,18617,18617,18011,17683,85680
1,1528,1527,1791084215366114,1791084215367675,1561,0,7,18850,18850,18850,18266,17672,86190
1,1529,1528,1791084215416114,1791084215418153,2039,0,8,18851,18851,18851,18270,18166,87371
1,1530,1529,1791084215466114,1791084215467955,1841,0,9,18646,18646,18646,18092,17594,85664
1,1531,1530,1791084215516114,1791084215519443,3329,0,10,18692,18692,18692,18093,17728,85997
1,1532,1531,1791084215566114,1791084215567467,1353,0,11,18798,18798,18798,18249,17998,86991
1,1533,1532,1791084215616114,1791084215618143,2029,0,12,18837,18837,18837,18283,17629,85853
1,1534,1533,1791084215666114,1791084215668321,2207,0,13,18708,18708,18708,18118,17780,86360
1,1535,1534,1791084215716114,1791084215717874,1760,0,14,18699,18699,18699,18158,17888,86572
1,1536,1535,1791084215766114,1791084215768127,2013,0,15,18795,18795,18795,18204,17993,87033
1,1537,1536,1791084215816114,1791084215817997,1883,0,16,18872,18872,18872,18263,17874,86690
1,1538,1537,1791084215866114,1791084215867478,1364,0,17,18599,18599,18599,18016,17421,84915
1,1539,1538,1791084215916114,1791084215918340,2226,0,18,18819,18819,18819,18237,18122,87133
1,1540,1539,1791084215966114,1791084215967780,1666,0,19,18835,18835,18835,18235,18230,87305
1,1541,1540,1791084216016114,1791084216017333,1219,0,0,18626,18626,18626,18022,17506,85393
1,1542,1541,1791084216066114,1791084216067629,1515,0,1,18935,18935,18935,18332,17793,86669
1,1543,1542,1791084216116114,1791084216117310,1196,0,2,18682,18682,18682,18158,17778,86493
1,1544,1543,1791084216166114,1791084216167825,1711,0,3,18826,18826,18826,18259,17663,86266
1,1545,1544,1791084216216114,1791084216217497,1383,0,4,18604,18604,18604,18020,17901,86218
1,1546,1545,1791084216266114,1791084216267407,1293,0,5,18709,18709,18709,18074,17945,86610
1,1547,1546,1791084216316114,1791084216318241,2127,0,6,18617,18617,18617,18035,17695,85823
1,1548,1547,1791084216366114,1791084216367467,1353,0,7,18850,18850,18850,18303,17769,86667
1,1549,1548,1791084216416114,1791084216418001,1887,0,8,18851,18851,18851,18245,18116,87331
1,1550,1549,1791084216466114,1791084216467533,1419,0,9,18646,18646,18646,18055,17583,85592
1,1551,1550,1791084216516114,1791084216517441,1327,0,10,18692,18692,18692,18131,17868,86525
1,1552,1551,1791084216566114,1791084216567376,1262,0,11,18798,18798,18798,18193,17790,86481
1,1553,1552,1791084216616114,1791084216617666,1552,0,12,18837,18837,18837,18236,17680,86116
1,1554,1553,1791084216666114,1791084216667822,1708,0,13,18708,18708,18708,18153,17841,86522
1,1555,1554,1791084216716114,1791084216718030,1916,0,14,18699,18699,18699,18115,17866,86414
1,1556,1555,1791084216766114,1791084216767663,1549,0,15,18795,18795,18795,18215,18071,87112
1,1557,1556,1791084216816114,1791084216817809,1695,0,16,18872,18872,18872,18269,17915,86879
1,1558,1557,1791084216866114,1791084216867573,1459,0,17,18599,18599,18599,18023,17336,84551
1,1559,1558,1791084216916114,1791084216917313,1199,0,18,18819,18819,18819,18202,18029,86971
1,1560,1559,1791084216966114,1791084216967983,1869,0,19,18835,18835,18835,18210,18183,87207
1,1561,1560,1791084217016114,1791084217017833,1719,0,0,18626,18626,18626,18042,17585,85581
1,1562,1561,1791084217066114,1791084217067985,1871,0,1,18935,18935,18935,18330,17785,86680
1,1563,1562,1791084217116114,1791084217118001,1887,0,2,18682,18682,18682,18101,17746,86273
1,1564,1563,1791084217166114,1791084217167401,1287,0,3,18826,18826,18826,18260,17617,86210
1,1565,1564,1791084217216114,1791084217218076,1962,0,4,18604,18604,18604,18012,17870,86154
1,1566,1565,1791084217266114,1791084217267554,1440,0,5,18709,18709,18709,18122,18104,86750
1,1567,1566,1791084217316114,1791084217317689,1575,0,6,18617,18617,18617,18030,17774,85972
1,1568,1567,1791084217366114,1791084217367797,1683,0,7,18850,18850,18850,18273,17755,86513
1,1569,1568,1791084217416114,1791084217417735,1621,0,8,18851,18851,18851,18245,18166,87483
1,1570,1569,1791084217466114,1791084217468233,2119,0,9,18646,18646,18646,18086,17656,85764
1,1571,1570,1791084217516114,1791084217517887,1773,0,10,18692,18692,18692,18161,17781,86223
1,1572,1571,1791084217566114,1791084217567588,1474,0,11,18798,18798,18798,18196,17782,86380
1,1573,1572,1791084217616114,1791084217618176,2062,0,12,18837,18837,18837,18264,17766,86430
1,1574,1573,1791084217666114,1791084217667503,1389,0,13,18708,18708,18708,18079,17764,86278
1,1575,1574,1791084217716114,1791084217718167,2053,0,14,18699,18699,18699,18108,17815,86430
1,1576,1575,1791084217766114,1791084217767517,1403,0,15,18795,18795,18795,18206,18145,87215
1,1577,1576,1791084217816114,1791084217817457,1343,0,16,18872,18872,18872,18292,17886,86763
1,1578,1577,1791084217866114,1791084217867883,1769,0,17,18599,18599,18599,18035,17450,85047
1,1579,1578,1791084217916114,1791084217918238,2124,0,18,18819,18819,18819,18185,18072,86826
1,1580,1579,1791084217966114,1791084217967267,1153,0,19,18835,18835,18835,18257,18187,87353
1,1581,1580,1791084218016114,1791084218018076,1962,0,0,18626,18626,18626,18048,17526,85501
1,1582,1581,1791084218066114,1791084218067815,1701,0,1,18935,18935,18935,18359,17780,86670
1,1583,1582,1791084218116114,1791084218117464,1350,0,2,18682,18682,18682,18127,17676,86080
1,1584,1583,1791084218166114,1791084218167639,1525,0,3,18826,18826,18826,18275,17666,86198
1,1585,1584,1791084218216114,1791084218227853,11739,0,4,18604,18604,18604,18040,17891,86232
1,1586,1585,1791084218266114,1791084218279071,12957,0,5,18709,18709,18709,18130,17831,86355
1,1587,1586,1791084218316114,1791084218324276,8162,0,6,18617,18617,18617,18028,17774,85903
1,1588,1587,1791084218366114,1791084218372117,6003,0,7,18850,18850,18850,18243,17643,86202
1,1589,1588,1791084218416114,1791084218417698,1584,0,8,18851,18851,18851,18269,18199,87537
1,1590,1589,1791084218466114,1791084218467598,1484,0,9,18646,18646,18646,18083,17648,85880
1,1591,1590,1791084218516114,1791084218518252,2138,0,10,18692,18692,18692,18126,17707,86091
1,1592,1591,1791084218566114,1791084218567561,1447,0,11,18798,18798,18798,18218,17783,86471
1,1593,1592,1791084218616114,1791084218617680,1566,0,12,18837,18837,18837,18261,17746,86315
1,1594,1593,1791084218666114,1791084218667526,1412,0,13,18708,18708,18708,18105,17699,86003
1,1595,1594,1791084218716114,1791084218717541,1427,0,14,18699,18699,18699,18112,17913,86607
1,1596,1595,1791084218766114,1791084218767737,1623,0,15,18795,18795,18795,18232,18103,87169
1,1597,1596,1791084218816114,1791084218817722,1608,0,16,18872,18872,18872,18247,17894,86780
1,1598,1597,1791084218866114,1791084218867904,1790,0,17,18599,18599,18599,17988,17358,84629
1,1599,1598,1791084218916114,1791084218917743,1629,0,18,18819,18819,18819,18197,17925,86859
1,1600,1599,1791084218966114,1791084218967519,1405,0,19,18835,18835,18835,18221,18086,87178
1,1601,1600,1791084219016114,1791084219018051,1937,0,0,18626,18626,18626,18060,17510,85400
1,1602,1601,1791084219066114,1791084219068342,2228,0,1,18935,18935,18935,18350,17756,86590
1,1603,1602,1791084219116114,1791084219117456,1342,0,2,18682,18682,18682,18116,17655,86072
1,1604,1603,1791084219166114,1791084219167537,1423,0,3,18826,18826,18826,18263,17690,86365
1,1605,1604,1791084219216114,1791084219218064,1950,0,4,18604,18604,18604,18056,17888,86236
1,1606,1605,1791084219266114,1791084219268095,1981,0,5,18709,18709,18709,18105,17795,86243
1,1607,1606,1791084219316114,1791084219318060,1946,0,6,18617,18617,18617,18044,17757,86100
1,1608,1607,1791084219366114,1791084219367810,1696,0,7,18850,18850,18850,18224,17683,86307
1,1609,1608,1791084219416114,1791084219418074,1960,0,8,18851,18851,18851,18215,18146,87181
1,1610,1609,1791084219466114,1791084219467585,1471,0,9,18646,18646,18646,18083,17623,85698
1,1611,1610,1791084219516114,1791084219517727,1613,0,10,18692,18692,18692,18104,17703,85952
1,1612,1611,1791084219566114,1791084219567537,1423,0,11,18798,18798,18798,18196,17788,86485
1,1613,1612,1791084219616114,1791084219618165,2051,0,12,18837,18837,18837,18266,17726,86348
1,1614,1613,1791084219666114,1791084219667678,1564,0,13,18708,18708,18708,18133,17861,86585
1,1615,1614,1791084219716114,1791084219717784,1670,0,14,18699,18699,18699,18164,17967,86812
1,1616,1615,1791084219766114,1791084219767655,1541,0,15,18795,18795,18795,18231,18088,87115
1,1617,1616,1791084219816114,1791084219817952,1838,0,16,18872,18872,18872,18259,17758,86484
1,1618,1617,1791084219866114,1791084219867799,1685,0,17,18599,18599,18599,18025,17489,85101
1,1619,1618,1791084219916114,1791084219917546,1432,0,18,18819,18819,18819,18227,18192,87276
1,1620,1619,1791084219966114,1791084219967829,1715,0,19,18835,18835,18835,18270,18066,87269
1,1621,1620,1791084220016114,1791084220018011,1897,0,0,18626,18626,18626,18033,17544,85558
1,1622,1621,1791084220066114,1791084220067545,1431,0,1,18935,18935,18935,18350,17767,86595
1,1623,1622,1791084220116114,1791084220117528,1414,0,2,18682,18682,18682,18128,17754,86396
1,1624,1623,1791084220166114,1791084220167613,1499,0,3,18826,18826,18826,18281,17670,86201
1,1625,1624,1791084220216114,1791084220218149,2035,0,4,18604,18604,18604,18029,17932,86188
1,1626,1625,1791084220266114,1791084220268268,2154,0,5,18709,18709,18709,18152,18009,86761
1,1627,1626,1791084220316114,1791084220317787,1673,0,6,18617,18617,18617,18041,17692,85835
1,1628,1627,1791084220366114,1791084220367633,1519,0,7,18850,18850,18850,18255,17684,86284
1,1629,1628,1791084220416114,1791084220418146,2032,0,8,18851,18851,18851,18262,18240,87464
1,1630,1629,1791084220466114,1791084220467515,1401,0,9,18646,18646,18646,18063,17735,86036
1,1631,1630,1791084220516114,1791084220517602,1488,0,10,18692,18692,18692,18133,17760,86160
1,1632,1631,1791084220566114,1791084220567562,1448,0,11,18798,18798,18798,18223,17736,86378
1,1633,1632,1791084220616114,1791084220617282,1168,0,12,18837,18837,18837,18252,17721,86318
1,1634,1633,1791084220666114,1791084220667732,1618,0,13,18708,18708,18708,18144,17804,86279
1,1635,1634,1791084220716114,1791084220717281,1167,0,14,18699,18699,18699,18124,17833,86580
1,1636,1635,1791084220766114,1791084220767592,1478,0,15,18795,18795,18795,18238,18223,87359
1,1637,1636,1791084220816114,1791084220817851,1737,0,16,18872,18872,18872,18267,17724,86375
1,1638,1637,1791084220866114,1791084220868346,2232,0,17,18599,18599,18599,18033,17484,85101
1,1639,1638,1791084220916114,1791084220917596,1482,0,18,18819,18819,18819,18203,18063,86972
1,1640,1639,1791084220966114,1791084220967535,1421,0,19,18835,18835,18835,18282,18091,87310
1,1641,1640,1791084221016114,1791084221017940,1826,0,0,18626,18626,18626,18042,17461,85209
1,1642,1641,1791084221066114,1791084221068038,1924,0,1,18935,18935,18935,18306,17732,86472
1,1643,1642,1791084221116114,1791084221118106,1992,0,2,18682,18682,18682,18121,17698,86284
1,1644,1643,1791084221166114,1791084221167713,1599,0,3,18826,18826,18826,18250,17560,85803
1,1645,1644,1791084221216114,1791084221217857,1743,0,4,18604,18604,18604,18041,17895,86272
1,1646,1645,1791084221266114,1791084221267634,1520,0,5,18709,18709,18709,18113,17892,86427
1,1647,1646,1791084221316114,1791084221317501,1387,0,6,18617,18617,18617,18053,18024,86435
1,1648,1647,1791084221366114,1791084221367938,1824,0,7,18850,18850,18850,18230,17757,86506
1,1649,1648,1791084221416114,1791084221417753,1639,0,8,18851,18851,18851,18281,18134,87345
1,1650,1649,1791084221466114,1791084221467401,1287,0,9,18646,18646,18646,18050,17614,85694
1,1651,1650,1791084221516114,1791084221517618,1504,0,10,18692,18692,18692,18124,17724,86032
1,1652,1651,1791084221566114,1791084221567626,1512,0,11,18798,18798,18798,18182,17805,86375
1,1653,1652,1791084221616114,1791084221618132,2018,0,12,18837,18837,18837,18270,17717,86253
1,1654,1653,1791084221666114,1791084221667389,1275,0,13,18708,18708,18708,18133,17737,86223
1,1655,1654,1791084221716114,1791084221718120,2006,0,14,18699,18699,18699,18100,17813,86323
1,1656,1655,1791084221766114,1791084221767704,1590,0,15,18795,18795,18795,18210,18069,87091
1,1657,1656,1791084221816114,1791084221818041,1927,0,16,18872,18872,18872,18261,17909,86950
1,1658,1657,1791084221866114,1791084221867452,1338,0,17,18599,18599,18599,18023,17395,84839
1,1659,1658,1791084221916114,1791084221917788,1674,0,18,18819,18819,18819,18263,18146,87150
1,1660,1659,1791084221966114,1791084221967553,1439,0,19,18835,18835,18835,18205,18086,87095
1,1661,1660,1791084222016114,1791084222017338,1224,0,0,18626,18626,18626,18086,17518,85420
1,1662,1661,1791084222066114,1791084222067790,1676,0,1,18935,18935,18935,18318,17726,86490
1,1663,1662,1791084222116114,1791084222117772,1658,0,2,18682,18682,18682,18169,17816,86613
1,1664,1663,1791084222166114,1791084222167282,1168,0,3,18826,18826,18826,18260,17617,86055
1,1665,1664,1791084222216114,1791084222217382,1268,0,4,18604,18604,18604,18027,17836,86149
1,1666,1665,1791084222266114,1791084222268129,2015,0,5,18709,18709,18709,18141,17731,86029
1,1667,1666,1791084222316114,1791084222317584,1470,0,6,18617,18617,18617,18031,17713,85854
1,1668,1667,1791084222366114,1791084222367584,1470,0,7,18850,18850,18850,18274,17655,86177
1,1669,1668,1791084222416114,1791084222417437,1323,0,8,18851,18851,18851,18305,18173,87477
1,1670,1669,1791084222466114,1791084222467903,1789,0,9,18646,18646,18646,18093,17741,86100
1,1671,1670,1791084222516114,1791084222518143,2029,0,10,18692,18692,18692,18060,17594,85605
1,1672,1671,1791084222566114,1791084222567605,1491,0,11,18798,18798,18798,18190,17768,86358
1,1673,1672,1791084222616114,1791084222617575,1461,0,12,18837,18837,18837,18275,17782,86505
1,1674,1673,1791084222666114,1791084222667780,1666,0,13,18708,18708,18708,18122,17815,86294
1,1675,1674,1791084222716114,1791084222718131,2017,0,14,18699,18699,18699,18148,17873,86597
1,1676,1675,1791084222766114,1791084222767625,1511,0,15,18795,18795,18795,18172,18156,87241
1,1677,1676,1791084222816114,1791084222817992,1878,0,16,18872,18872,18872,18264,17739,86356
1,1678,1677,1791084222866114,1791084222867557,1443,0,17,18599,18599,18599,18033,17430,85067
1,1679,1678,1791084222916114,1791084222917749,1635,0,18,18819,18819,18819,18239,18046,87030
1,1680,1679,1791084222966114,1791084222967673,1559,0,19,18835,18835,18835,18275,18026,87203
1,1681,1680,1791084223016114,1791084223018007,1893,0,0,18626,18626,18626,18034,17475,85265
1,1682,1681,1791084223066114,1791084223068025,1911,0,1,18935,18935,18935,18307,17756,86641
1,1683,1682,1791084223116114,1791084223117954,1840,0,2,18682,18682,18682,18149,17708,86068
1,1684,1683,1791084223166114,1791084223168012,1898,0,3,18826,18826,18826,18239,17567,85902
1,1685,1684,1791084223216114,1791084223218073,1959,0,4,18604,18604,18604,18015,17975,86264
1,1686,1685,1791084223266114,1791084223267507,1393,0,5,18709,18709,18709,18140,18003,86675
1,1687,1686,1791084223316114,1791084223317727,1613,0,6,18617,18617,18617,18020,17948,86302
1,1688,1687,1791084223366114,1791084223367751,1637,0,7,18850,18850,18850,18283,17687,86232
1,1689,1688,1791084223416114,1791084223417448,1334,0,8,18851,18851,18851,18267,18219,87470
1,1690,1689,1791084223466114,1791084223467380,1266,0,9,18646,18646,18646,18056,17489,85288
1,1691,1690,1791084223516114,1791084223518269,2155,0,10,18692,18692,18692,18091,17778,86214
1,1692,1691,1791084223566114,1791084223567538,1424,0,11,18798,18798,18798,18195,17794,86484
1,1693,1692,1791084223616114,1791084223617472,1358,0,12,18837,18837,18837,18285,17683,86139
1,1694,1693,1791084223666114,1791084223668352,2238,0,13,18708,18708,18708,18117,17765,86286
1,1695,1694,1791084223716114,1791084223718315,2201,0,14,18699,18699,18699,18137,17904,86573
1,1696,1695,1791084223766114,1791084223767900,1786,0,15,18795,18795,18795,18203,18076,87046
1,1697,1696,1791084223816114,1791084223817419,1305,0,16,18872,18872,18872,18281,17726,86420
1,1698,1697,1791084223866114,1791084223867396,1282,0,17,18599,18599,18599,17975,17498,85202
1,1699,1698,1791084223916114,1791084223917557,1443,0,18,18819,18819,18819,18247,18202,87147
1,1700,1699,1791084223966114,1791084223967620,1506,0,19,18835,18835,18835,18289,18091,87392
1,1701,1700,1791084224016114,1791084224018166,2052,0,0,18626,18626,18626,18048,17531,85434
1,1702,1701,1791084224066114,1791084224067648,1534,0,1,18935,18935,18935,18356,17730,86533
1,1703,1702,1791084224116114,1791084224118255,2141,0,2,18682,18682,18682,18125,17726,86285
1,1704,1703,1791084224166114,1791084224167656,1542,0,3,18826,18826,18826,18235,17571,86020
1,1705,1704,1791084224216114,1791084224218062,1948,0,4,18604,18604,18604,17998,17919,86102
1,1706,1705,1791084224266114,1791084224267811,1697,0,5,18709,18709,18709,18144,17858,86497
1,1707,1706,1791084224316114,1791084224317777,1663,0,6,18617,18617,18617,18023,17813,86037
1,1708,1707,1791084224366114,1791084224367822,1708,0,7,18850,18850,18850,18304,17711,86319
1,1709,1708,1791084224416114,1791084224417398,1284,0,8,18851,18851,18851,18265,18099,87313
1,1710,1709,1791084224466114,1791084224468045,1931,0,9,18646,18646,18646,18065,17513,85406
1,1711,1710,1791084224516114,1791084224518128,2014,0,10,18692,18692,18692,18118,17818,86309
1,1712,1711,1791084224566114,1791084224567666,1552,0,11,18798,18798,18798,18200,17785,86510
1,1713,1712,1791084224616114,1791084224617824,1710,0,12,18837,18837,18837,18265,17664,86191
1,1714,1713,1791084224666114,1791084224667879,1765,0,13,18708,18708,18708,18125,17718,86101
1,1715,1714,1791084224716114,1791084224717853,1739,0,14,18699,18699,18699,18134,17910,86711
1,1716,1715,1791084224766114,1791084224767551,1437,0,15,18795,18795,18795,18235,18146,87378
1,1717,1716,1791084224816114,1791084224817817,1703,0,16,18872,18872,18872,18232,17888,86863
1,1718,1717,1791084224866114,1791084224867570,1456,0,17,18599,18599,18599,18036,17458,85117
1,1719,1718,1791084224916114,1791084224918304,2190,0,18,18819,18819,18819,18238,18013,86869
1,1720,1719,1791084224966114,1791084224967810,1696,0,19,18835,18835,18835,18272,18119,87262
1,1721,1720,1791084225016114,1791084225017739,1625,0,0,18626,18626,18626,18038,17485,85232
1,1722,1721,1791084225066114,1791084225067551,1437,0,1,18935,18935,18935,18340,17711,86387
1,1723,1722,1791084225116114,1791084225117310,1196,0,2,18682,18682,18682,18130,17733,86267
1,1724,1723,1791084225166114,1791084225167631,1517,0,3,18826,18826,18826,18276,17678,86365
1,1725,1724,1791084225216114,1791084225217829,1715,0,4,18604,18604,18604,18033,17916,86321
1,1726,1725,1791084225266114,1791084225268260,2146,0,5,18709,18709,18709,18100,17847,86408
1,1727,1726,1791084225316114,1791084225348127,32013,0,6,18617,18617,18617,18032,17942,86295
1,1728,1727,1791084225366114,1791084225391449,25335,0,7,18850,18850,18850,18270,17626,86011
1,1729,1728,1791084225416114,1791084225435458,19344,0,8,18851,18851,18851,18255,18195,87273
1,1730,1729,1791084225466114,1791084225480111,13997,0,9,18646,18646,18646,18070,17657,85761
1,1731,1730,1791084225516114,1791084225524085,7971,0,10,18692,18692,18692,18108,17754,86115
1,1732,1731,1791084225566114,1791084225568280,2166,0,11,18798,18798,18798,18204,17853,86544
1,1733,1732,1791084225616114,1791084225617989,1875,0,12,18837,18837,18837,18281,17712,86238
1,1734,1733,1791084225666114,1791084225667360,1246,0,13,18708,18708,18708,18120,17848,86446
1,1735,1734,1791084225716114,1791084225718090,1976,0,14,18699,18699,18699,18090,17977,86729
1,1736,1735,1791084225766114,1791084225767879,1765,0,15,18795,18795,18795,18210,18175,87288
1,1737,1736,1791084225816114,1791084225817445,1331,0,16,18872,18872,18872,18271,17740,86337
1,1738,1737,1791084225866114,1791084225868198,2084,0,17,18599,18599,18599,18030,17482,85104
1,1739,1738,1791084225916114,1791084225917480,1366,0,18,18819,18819,18819,18196,18124,87043
1,1740,1739,1791084225966114,1791084225967965,1851,0,19,18835,18835,18835,18200,18068,87075
1,1741,1740,1791084226016114,1791084226017438,1324,0,0,18626,18626,18626,18085,17577,85660
1,1742,1741,1791084226066114,1791084226068232,2118,0,1,18935,18935,18935,18335,17736,86632
1,1743,1742,1791084226116114,1791084226117640,1526,0,2,18682,18682,18682,18104,17689,86099
1,1744,1743,1791084226166114,1791084226167342,1228,0,3,18826,18826,18826,18258,17616,85957
1,1745,1744,1791084226216114,1791084226217775,1661,0,4,18604,18604,18604,18010,17990,86360
1,1746,1745,1791084226266114,1791084226267790,1676,0,5,18709,18709,18709,18132,17824,86292
1,1747,1746,1791084226316114,1791084226318116,2002,0,6,18617,18617,18617,18041,17798,86023
1,1748,1747,1791084226366114,1791084226367462,1348,0,7,18850,18850,18850,18283,17652,86208
1,1749,1748,1791084226416114,1791084226418098,1984,0,8,18851,18851,18851,18264,18153,87455
1,1750,1749,1791084226466114,1791084226468313,2199,0,9,18646,18646,18646,18081,17706,85970
1,1751,1750,1791084226516114,1791084226517363,1249,0,10,18692,18692,18692,18129,17682,85922
1,1752,1751,1791084226566114,1791084226567582,1468,0,11,18798,18798,18798,18237,17783,86501
1,1753,1752,1791084226616114,1791084226618313,2199,0,12,18837,18837,18837,18256,17782,86472
1,1754,1753,1791084226666114,1791084226667773,1659,0,13,18708,18708,18708,18151,17733,86151
1,1755,1754,1791084226716114,1791084226717569,1455,0,14,18699,18699,18699,18112,17846,86364
1,1756,1755,1791084226766114,1791084226767960,1846,0,15,18795,18795,18795,18224,18096,87117
1,1757,1756,1791084226816114,1791084226818057,1943,0,16,18872,18872,18872,18272,17891,86779
1,1758,1757,1791084226866114,1791084226868089,1975,0,17,18599,18599,18599,18038,17397,84843
1,1759,1758,1791084226916114,1791084226917398,1284,0,18,18819,18819,18819,18218,18141,87170
1,1760,1759,1791084226966114,1791084226967642,1528,0,19,18835,18835,18835,18259,18191,87348
1,1761,1760,1791084227016114,1791084227017840,1726,0,0,18626,18626,18626,18079,17511,85345
1,1762,1761,1791084227066114,1791084227068004,1890,0,1,18935,18935,18935,18336,17754,86446
1,1763,1762,1791084227116114,1791084227117389,1275,0,2,18682,18682,18682,18159,17765,86345
1,1764,1763,1791084227166114,1791084227167626,1512,0,3,18826,18826,18826,18256,17613,86002
1,1765,1764,1791084227216114,1791084227218036,1922,0,4,18604,18604,18604,18072,18012,86388
1,1766,1765,1791084227266114,1791084227267854,1740,0,5,18709,18709,18709,18157,17809,86523
1,1767,1766,1791084227316114,1791084227317370,1256,0,6,18617,18617,18617,18042,17630,85560
1,1768,1767,1791084227366114,1791084227370633,4519,0,7,18850,18850,18850,18251,17657,86229
1,1769,1768,1791084227416114,1791084227418051,1937,0,8,18851,18851,18851,18283,18259,87511
1,1770,1769,1791084227466114,1791084227468443,2329,0,9,18646,18646,18646,18076,17584,85647
1,1771,1770,1791084227516114,1791084227518088,1974,0,10,18692,18692,18692,18111,17701,86024
1,1772,1771,1791084227566114,1791084227567499,1385,0,11,18798,18798,18798,18213,17756,86369
1,1773,1772,1791084227616114,1791084227617464,1350,0,12,18837,18837,18837,18246,17739,86317
1,1774,1773,1791084227666114,1791084227667361,1247,0,13,18708,18708,18708,18106,17765,86331
1,1775,1774,1791084227716114,1791084227718322,2208,0,14,18699,18699,18699,18140,17852,86550
1,1776,1775,1791084227766114,1791084227767863,1749,0,15,18795,18795,18795,18225,18128,87285
1,1777,1776,1791084227816114,1791084227817406,1292,0,16,18872,18872,18872,18233,17764,86422
1,1778,1777,1791084227866114,1791084227867533,1419,0,17,18599,18599,18599,18014,17363,84749
1,1779,1778,1791084227916114,1791084227917404,1290,0,18,18819,18819,18819,18223,18208,87200
1,1780,1779,1791084227966114,1791084227967604,1490,0,19,18835,18835,18835,18258,17969,87030
1,1781,1780,1791084228016114,1791084228018033,1919,0,0,18626,18626,18626,18058,17592,85653
1,1782,1781,1791084228066114,1791084228068037,1923,0,1,18935,18935,18935,18366,17732,86501
1,1783,1782,1791084228116114,1791084228117450,1336,0,2,18682,18682,18682,18132,17756,86418
1,1784,1783,1791084228166114,1791084228167546,1432,0,3,18826,18826,18826,18277,17673,86292
1,1785,1784,1791084228216114,1791084228217902,1788,0,4,18604,18604,18604,18032,17947,86326
1,1786,1785,1791084228266114,1791084228267420,1306,0,5,18709,18709,18709,18105,18034,86791
1,1787,1786,1791084228316114,1791084228318131,2017,0,6,18617,18617,18617,18063,17708,85755
1,1788,1787,1791084228366114,1791084228368309,2195,0,7,18850,18850,18850,18224,17724,86471
1,1789,1788,1791084228416114,1791084228417358,1244,0,8,18851,18851,18851,18265,18165,87428
1,1790,1789,1791084228466114,1791084228467426,1312,0,9,18646,18646,18646,18050,17583,85564
1,1791,1790,1791084228516114,1791084228517612,1498,0,10,18692,18692,18692,18085,17743,86043
1,1792,1791,1791084228566114,1791084228567606,1492,0,11,18798,18798,18798,18189,17853,86627
1,1793,1792,1791084228616114,1791084228617720,1606,0,12,18837,18837,18837,18252,17697,86175
1,1794,1793,1791084228666114,1791084228667609,1495,0,13,18708,18708,18708,18139,17765,86375
1,1795,1794,1791084228716114,1791084228718121,2007,0,14,18699,18699,18699,18163,17972,86824
1,1796,1795,1791084228766114,1791084228768014,1900,0,15,18795,18795,18795,18249,18228,87277
1,1797,1796,1791084228816114,1791084228817813,1699,0,16,18872,18872,18872,18256,17785,86544
1,1798,1797,1791084228866114,1791084228867962,1848,0,17,18599,18599,18599,18026,17507,85350
1,1799,1798,1791084228916114,1791084228917643,1529,0,18,18819,18819,18819,18245,18219,87240
1,1800,1799,1791084228966114,1791084228967428,1314,0,19,18835,18835,18835,18268,18102,87346
1,1801,1800,1791084229016114,1791084229017856,1742,0,0,18626,18626,18626,18041,17483,85303
1,1802,1801,1791084229066114,1791084229067375,1261,0,1,18935,18935,18935,18342,17784,86508
1,1803,1802,1791084229116114,1791084229117470,1356,0,2,18682,18682,18682,18121,17728,86319
1,1804,1803,1791084229166114,1791084229167605,1491,0,3,18826,18826,18826,18286,17710,86464
1,1805,1804,1791084229216114,1791084229217535,1421,0,4,18604,18604,18604,18034,17901,86162
1,1806,1805,1791084229266114,1791084229267776,1662,0,5,18709,18709,18709,18117,17761,86059
1,1807,1806,1791084229316114,1791084229318155,2041,0,6,18617,18617,18617,18031,17828,86077
1,1808,1807,1791084229366114,1791084229367615,1501,0,7,18850,18850,18850,18285,17714,86420
1,1809,1808,1791084229416114,1791084229417663,1549,0,8,18851,18851,18851,18278,18126,87461
1,1810,1809,1791084229466114,1791084229467534,1420,0,9,18646,18646,18646,18068,17628,85771
1,1811,1810,1791084229516114,1791084229518017,1903,0,10,18692,18692,18692,18110,17628,85773
1,1812,1811,1791084229566114,1791084229567471,1357,0,11,18798,18798,18798,18206,17743,86491
1,1813,1812,1791084229616114,1791084229617764,1650,0,12,18837,18837,18837,18240,17735,86343
1,1814,1813,1791084229666114,1791084229667495,1381,0,13,18708,18708,18708,18111,17775,86258
1,1815,1814,1791084229716114,1791084229717614,1500,0,14,18699,18699,18699,18147,17935,86664
1,1816,1815,1791084229766114,1791084229767428,1314,0,15,18795,18795,18795,18234,18188,87342
1,1817,1816,1791084229816114,1791084229817971,1857,0,16,18872,18872,18872,18273,17847,86826
1,1818,1817,1791084229866114,1791084229867985,1871,0,17,18599,18599,18599,18052,17526,85190
1,1819,1818,1791084229916114,1791084229917860,1746,0,18,18819,18819,18819,18204,18040,86982
1,1820,1819,1791084229966114,1791084229967748,1634,0,19,18835,18835,18835,18237,18066,87208
1,1821,1820,1791084230016114,1791084230017432,1318,0,0,18626,18626,18626,18016,17556,85631
1,1822,1821,1791084230066114,1791084230067684,1570,0,1,18935,18935,18935,18337,17724,86490
1,1823,1822,1791084230116114,1791084230117961,1847,0,2,18682,18682,18682,18112,17751,86370
1,1824,1823,1791084230166114,1791084230167608,1494,0,3,18826,18826,18826,18291,17594,86120
1,1825,1824,1791084230216114,1791084230217363,1249,0,4,18604,18604,18604,18014,17946,86235
1,1826,1825,1791084230266114,1791084230267731,1617,0,5,18709,18709,18709,18090,17740,86141
1,1827,1826,1791084230316114,1791084230317632,1518,0,6,18617,18617,18617,17996,17682,85727
1,1828,1827,1791084230366114,1791084230367554,1440,0,7,18850,18850,18850,18261,17629,86126
1,1829,1828,1791084230416114,1791084230417507,1393,0,8,18851,18851,18851,18300,18279,87643
1,1830,1829,1791084230466114,1791084230467471,1357,0,9,18646,18646,18646,18100,17704,86054
1,1831,1830,1791084230516114,1791084230517368,1254,0,10,18692,18692,18692,18133,17703,85946
1,1832,1831,1791084230566114,1791084230567627,1513,0,11,18798,18798,18798,18210,17847,86756
1,1833,1832,1791084230616114,1791084230617539,1425,0,12,18837,18837,18837,18237,17686,86154
1,1834,1833,1791084230666114,1791084230667939,1825,0,13,18708,18708,18708,18106,17783,86372
1,1835,1834,1791084230716114,1791084230717721,1607,0,14,18699,18699,18699,18130,17861,86450
1,1836,1835,1791084230766114,1791084230767526,1412,0,15,18795,18795,18795,18179,18145,87183
1,1837,1836,1791084230816114,1791084230817382,1268,0,16,18872,18872,18872,18252,17741,86448
1,1838,1837,1791084230866114,1791084230867804,1690,0,17,18599,18599,18599,18031,17414,84940
1,1839,1838,1791084230916114,1791084230917679,1565,0,18,18819,18819,18819,18199,18160,87139
1,1840,1839,1791084230966114,1791084230967814,1700,0,19,18835,18835,18835,18274,18024,87013
1,1841,1840,1791084231016114,1791084231018088,1974,0,0,18626,18626,18626,18041,17435,85180
1,1842,1841,1791084231066114,1791084231067774,1660,0,1,18935,18935,18935,18348,17797,86681
1,1843,1842,1791084231116114,1791084231118018,1904,0,2,18682,18682,18682,18126,17781,86429
1,1844,1843,1791084231166114,1791084231167390,1276,0,3,18826,18826,18826,18278,17744,86473
1,1845,1844,1791084231216114,1791084231218142,2028,0,4,18604,18604,18604,18048,17929,86349
1,1846,1845,1791084231266114,1791084231267467,1353,0,5,18709,18709,18709,18120,17744,86178
1,1847,1846,1791084231316114,1791084231317492,1378,0,6,18617,18617,18617,18023,17937,86196
1,1848,1847,1791084231366114,1791084231367764,1650,0,7,18850,18850,18850,18248,17705,86362
1,1849,1848,1791084231416114,1791084231418324,2210,0,8,18851,18851,18851,18263,18128,87245
1,1850,1849,1791084231466114,1791084231467899,1785,0,9,18646,18646,18646,18077,17582,85664
1,1851,1850,1791084231516114,1791084231517380,1266,0,10,18692,18692,18692,18122,17719,85970
1,1852,1851,1791084231566114,1791084231567962,1848,0,11,18798,18798,18798,18207,17874,86588
1,1853,1852,1791084231616114,1791084231618218,2104,0,12,18837,18837,18837,18266,17696,86218
1,1854,1853,1791084231666114,1791084231667708,1594,0,13,18708,18708,18708,18108,17810,86312
1,1855,1854,1791084231716114,1791084231717390,1276,0,14,18699,18699,18699,18121,17911,86552
1,1856,1855,1791084231766114,1791084231767945,1831,0,15,18795,18795,18795,18261,18239,87548
1,1857,1856,1791084231816114,1791084231818028,1914,0,16,18872,18872,18872,18294,17800,86624
1,1858,1857,1791084231866114,1791084231867671,1557,0,17,18599,18599,18599,17989,17364,84627
1,1859,1858,1791084231916114,1791084231917803,1689,0,18,18819,18819,18819,18226,18097,87111
1,1860,1859,1791084231966114,1791084231967671,1557,0,19,18835,18835,18835,18252,18074,87198
1,1861,1860,1791084232016114,1791084232018311,2197,0,0,18626,18626,18626,18033,17547,85470
1,1862,1861,1791084232066114,1791084232068014,1900,0,1,18935,18935,18935,18354,17811,86704
1,1863,1862,1791084232116114,1791084232117461,1347,0,2,18682,18682,18682,18106,17816,86489
1,1864,1863,1791084232166114,1791084232167817,1703,0,3,18826,18826,18826,18280,17677,86282
1,1865,1864,1791084232216114,1791084232217795,1681,0,4,18604,18604,18604,18004,17980,86342
1,1866,1865,1791084232266114,1791084232267788,1674,0,5,18709,18709,18709,18107,18005,86795
1,1867,1866,1791084232316114,1791084232317514,1400,0,6,18617,18617,18617,18024,18001,86238
1,1868,1867,1791084232366114,1791084232367720,1606,0,7,18850,18850,18850,18256,17673,86170
1,1869,1868,1791084232416114,1791084232418079,1965,0,8,18851,18851,18851,18284,18215,87578
1,1870,1869,1791084232466114,1791084232468292,2178,0,9,18646,18646,18646,18090,17566,85674
1,1871,1870,1791084232516114,1791084232517563,1449,0,10,18692,18692,18692,18090,17787,86295
1,1872,1871,1791084232566114,1791084232567621,1507,0,11,18798,18798,18798,18187,17780,86437
1,1873,1872,1791084232616114,1791084232618245,2131,0,12,18837,18837,18837,18249,17697,86289
1,1874,1873,1791084232666114,1791084232667603,1489,0,13,18708,18708,18708,18127,17726,86147
1,1875,1874,1791084232716114,1791084232718074,1960,0,14,18699,18699,18699,18140,17897,86528
1,1876,1875,1791084232766114,1791084232767847,1733,0,15,18795,18795,18795,18176,17894,86667
1,1877,1876,1791084232816114,1791084232818052,1938,0,16,18872,18872,18872,18280,17921,86900
1,1878,1877,1791084232866114,1791084232867996,1882,0,17,18599,18599,18599,18012,17340,84645
1,1879,1878,1791084232916114,1791084232917948,1834,0,18,18819,18819,18819,18263,18092,87261
1,1880,1879,1791084232966114,1791084232967942,1828,0,19,18835,18835,18835,18286,18172,87354
1,1881,1880,1791084233016114,1791084233017968,1854,0,0,18626,18626,18626,18051,17458,85181
1,1882,1881,1791084233066114,1791084233067904,1790,0,1,18935,18935,18935,18332,17826,86689
1,1883,1882,1791084233116114,1791084233118059,1945,0,2,18682,18682,18682,18127,17675,86125
1,1884,1883,1791084233166114,1791084233167418,1304,0,3,18826,18826,18826,18262,17646,86215
1,1885,1884,1791084233216114,1791084233218217,2103,0,4,18604,18604,18604,18043,17984,86329
1,1886,1885,1791084233266114,1791084233268082,1968,0,5,18709,18709,18709,18144,17946,86716
1,1887,1886,1791084233316114,1791084233318325,2211,0,6,18617,18617,18617,18019,17784,85932
1,1888,1887,1791084233366114,1791084233367562,1448,0,7,18850,18850,18850,18278,17650,86105
1,1889,1888,1791084233416114,1791084233417683,1569,0,8,18851,18851,18851,18286,18137,87315
1,1890,1889,1791084233466114,1791084233467794,1680,0,9,18646,18646,18646,18089,17685,85889
1,1891,1890,1791084233516114,1791084233517696,1582,0,10,18692,18692,18692,18115,17705,85998
1,1892,1891,1791084233566114,1791084233567558,1444,0,11,18798,18798,18798,18142,17766,86363
1,1893,1892,1791084233616114,1791084233617469,1355,0,12,18837,18837,18837,18254,17796,86483
1,1894,1893,1791084233666114,1791084233668137,2023,0,13,18708,18708,18708,18107,17796,86398
1,1895,1894,1791084233716114,1791084233717396,1282,0,14,18699,18699,18699,18114,17881,86532
1,1896,1895,1791084233766114,1791084233767373,1259,0,15,18795,18795,18795,18221,18135,87234
1,1897,1896,1791084233816114,1791084233817455,1341,0,16,18872,18872,18872,18274,17879,86871
1,1898,1897,1791084233866114,1791084233867704,1590,0,17,18599,18599,18599,18049,17401,84782
1,1899,1898,1791084233916114,1791084233918327,2213,0,18,18819,18819,18819,18258,18037,87084
1,1900,1899,1791084233966114,1791084233967558,1444,0,19,18835,18835,18835,18256,17997,87060
1,1901,1900,1791084234016114,1791084234017431,1317,0,0,18626,18626,18626,18041,17485,85271
1,1902,1901,1791084234066114,1791084234067573,1459,0,1,18935,18935,18935,18342,17821,86726
1,1903,1902,1791084234116114,1791084234117985,1871,0,2,18682,18682,18682,18120,17722,86220
1,1904,1903,1791084234166114,1791084234167897,1783,0,3,18826,18826,18826,18294,17686,86409
1,1905,1904,1791084234216114,1791084234217766,1652,0,4,18604,18604,18604,18001,17995,86242
1,1906,1905,1791084234266114,1791084234268065,1951,0,5,18709,18709,18709,18147,18089,86922
1,1907,1906,1791084234316114,1791084234317774,1660,0,6,18617,18617,18617,18006,17687,85756
1,1908,1907,1791084234366114,1791084234367345,1231,0,7,18850,18850,18850,18256,17612,85948
1,1909,1908,1791084234416114,1791084234417391,1277,0,8,18851,18851,18851,18245,18166,87402
1,1910,1909,1791084234466114,1791084234467569,1455,0,9,18646,18646,18646,18072,17609,85734
1,1911,1910,1791084234516114,1791084234517990,1876,0,10,18692,18692,18692,18144,17677,86055
1,1912,1911,1791084234566114,1791084234567639,1525,0,11,18798,18798,18798,18217,17856,86666
1,1913,1912,1791084234616114,1791084234617957,1843,0,12,18837,18837,18837,18268,17689,86205
1,1914,1913,1791084234666114,1791084234667670,1556,0,13,18708,18708,18708,18099,17920,86462
1,1915,1914,1791084234716114,1791084234717644,1530,0,14,18699,18699,18699,18091,18025,86709
1,1916,1915,1791084234766114,1791084234769187,3073,0,15,18795,18795,18795,18222,18158,87168
1,1917,1916,1791084234816114,1791084234817869,1755,0,16,18872,18872,18872,18255,17734,86380
1,1918,1917,1791084234866114,1791084234867838,1724,0,17,18599,18599,18599,18061,17489,85253
1,1919,1918,1791084234916114,1791084234917387,1273,0,18,18819,18819,18819,18166,18077,86992
1,1920,1919,1791084234966114,1791084234967362,1248,0,19,18835,18835,18835,18270,18128,87324
1,1921,1920,1791084235016114,1791084235017943,1829,0,0,18626,18626,18626,18034,17527,85367
1,1922,1921,1791084235066114,1791084235067364,1250,0,1,18935,18935,18935,18334,17739,86450
1,1923,1922,1791084235116114,1791084235117395,1281,0,2,18682,18682,18682,18114,17675,86070
1,1924,1923,1791084235166114,1791084235168181,2067,0,3,18826,18826,18826,18217,17570,85828
1,1925,1924,1791084235216114,1791084235218127,2013,0,4,18604,18604,18604,17996,17963,86240
1,1926,1925,1791084235266114,1791084235268193,2079,0,5,18709,18709,18709,18090,17782,86316
1,1927,1926,1791084235316114,1791084235317394,1280,0,6,18617,18617,18617,18010,17766,85820
1,1928,1927,1791084235366114,1791084235367650,1536,0,7,18850,18850,18850,18221,17634,86115
1,1929,1928,1791084235416114,1791084235418106,1992,0,8,18851,18851,18851,18237,18211,87285
1,1930,1929,1791084235466114,1791084235467449,1335,0,9,18646,18646,18646,18047,17617,85597
1,1931,1930,1791084235516114,1791084235518236,2122,0,10,18692,18692,18692,18130,17708,86065
1,1932,1931,1791084235566114,1791084235568076,1962,0,11,18798,18798,18798,18156,17765,86228
1,1933,1932,1791084235616114,1791084235617619,1505,0,12,18837,18837,18837,18272,17757,86339
1,1934,1933,1791084235666114,1791084235668009,1895,0,13,18708,18708,18708,18111,17782,86271
1,1935,1934,1791084235716114,1791084235718060,1946,0,14,18699,18699,18699,18111,17816,86342
1,1936,1935,1791084235766114,1791084235767396,1282,0,15,18795,18795,18795,18216,18170,87192
1,1937,1936,1791084235816114,1791084235817420,1306,0,16,18872,18872,18872,18275,17754,86427
1,1938,1937,1791084235866114,1791084235867987,1873,0,17,18599,18599,18599,18008,17472,85171
1,1939,1938,1791084235916114,1791084235918214,2100,0,18,18819,18819,18819,18203,18056,86948
1,1940,1939,1791084235966114,1791084235967518,1404,0,19,18835,18835,18835,18242,18047,87111
1,1941,1940,1791084236016114,1791084236017370,1256,0,0,18626,18626,18626,18032,17499,85299
1,1942,1941,1791084236066114,1791084236069035,2921,0,1,18935,18935,18935,18347,17758,86512
1,1943,1942,1791084236116114,1791084236117781,1667,0,2,18682,18682,18682,18165,17834,86500
1,1944,1943,1791084236166114,1791084236195565,29451,0,3,18826,18826,18826,18273,17663,86211
1,1945,1944,1791084236216114,1791084236237767,21653,0,4,18604,18604,18604,18008,17950,86123
1,1946,1945,1791084236266114,1791084236280930,14816,0,5,18709,18709,18709,18109,17851,86369
1,1947,1946,1791084236316114,1791084236325233,9119,0,6,18617,18617,18617,18039,17851,86174
1,1948,1947,1791084236366114,1791084236372133,6019,0,7,18850,18850,18850,18242,17617,86091
1,1949,1948,1791084236416114,1791084236417863,1749,0,8,18851,18851,18851,18257,18090,87227
1,1950,1949,1791084236466114,1791084236467429,1315,0,9,18646,18646,18646,18096,17546,85352
1,1951,1950,1791084236516114,1791084236517486,1372,0,10,18692,18692,18692,18098,17889,86378
1,1952,1951,1791084236566114,1791084236567883,1769,0,11,18798,18798,18798,18251,17861,86496
1,1953,1952,1791084236616114,1791084236617543,1429,0,12,18837,18837,18837,18204,17705,86230
1,1954,1953,1791084236666114,1791084236667585,1471,0,13,18708,18708,18708,18075,17707,86001
1,1955,1954,1791084236716114,1791084236717471,1357,0,14,18699,18699,18699,18073,17807,86201
1,1956,1955,1791084236766114,1791084236767541,1427,0,15,18795,18795,18795,18243,18121,87105
1,1957,1956,1791084236816114,1791084236817979,1865,0,16,18872,18872,18872,18254,17866,86699
1,1958,1957,1791084236866114,1791084236868099,1985,0,17,18599,18599,18599,18008,17399,84787
1,1959,1958,1791084236916114,1791084236918194,2080,0,18,18819,18819,18819,18196,18145,87010
1,1960,1959,1791084236966114,1791084236968093,1979,0,19,18835,18835,18835,18220,18158,87244
1,1961,1960,1791084237016114,1791084237017427,1313,0,0,18626,18626,18626,18022,17561,85409
1,1962,1961,1791084237066114,1791084237068194,2080,0,1,18935,18935,18935,18308,17696,86230
1,1963,1962,1791084237116114,1791084237118276,2162,0,2,18682,18682,18682,18082,17763,86159
1,1964,1963,1791084237166114,1791084237169020,2906,0,3,18826,18826,18826,18236,17694,86234
1,1965,1964,1791084237216114,1791084237217731,1617,0,4,18604,18604,18604,17986,17910,85998
1,1966,1965,1791084237266114,1791084237267364,1250,0,5,18709,18709,18709,18058,17872,86270
1,1967,1966,1791084237316114,1791084237317681,1567,0,6,18617,18617,18617,17987,17620,85559
1,1968,1967,1791084237366114,1791084237367494,1380,0,7,18850,18850,18850,18228,17612,85941
1,1969,1968,1791084237416114,1791084237418327,2213,0,8,18851,18851,18851,18237,18136,87235
1,1970,1969,1791084237466114,1791084237467431,1317,0,9,18646,18646,18646,18000,17613,85487
1,1971,1970,1791084237516114,1791084237517461,1347,0,10,18692,18692,18692,18105,17598,85577
1,1972,1971,1791084237566114,1791084237567656,1542,0,11,18798,18798,18798,18170,17762,86107
1,1973,1972,1791084237616114,1791084237618137,2023,0,12,18837,18837,18837,18252,17737,86280
1,1974,1973,1791084237666114,1791084237667888,1774,0,13,18708,18708,18708,18075,17728,85904
1,1975,1974,1791084237716114,1791084237717535,1421,0,14,18699,18699,18699,18064,17799,86120
1,1976,1975,1791084237766114,1791084237767285,1171,0,15,18795,18795,18795,18228,18142,87174
1,1977,1976,1791084237816114,1791084237817959,1845,0,16,18872,18872,18872,18234,17789,86495
1,1978,1977,1791084237866114,1791084237867764,1650,0,17,18599,18599,18599,17991,17361,84629
1,1979,1978,1791084237916114,1791084237917387,1273,0,18,18819,18819,18819,18193,17931,86450
1,1980,1979,1791084237966114,1791084237968029,1915,0,19,18835,18835,18835,18209,18026,86741
1,1981,1980,1791084238016114,1791084238017742,1628,0,0,18626,18626,18626,18008,17413,84906
1,1982,1981,1791084238066114,1791084238067343,1229,0,1,18935,18935,18935,18280,17737,86298
1,1983,1982,1791084238116114,1791084238117869,1755,0,2,18682,18682,18682,18081,17715,86003
1,1984,1983,1791084238166114,1791084238167646,1532,0,3,18826,18826,18826,18180,17569,85714
1,1985,1984,1791084238216114,1791084238218041,1927,0,4,18604,18604,18604,17940,17793,85541
1,1986,1985,1791084238266114,1791084238267950,1836,0,5,18709,18709,18709,18095,17975,86325
1,1987,1986,1791084238316114,1791084238317872,1758,0,6,18617,18617,18617,18035,17597,85334
1,1988,1987,1791084238366114,1791084238367710,1596,0,7,18850,18850,18850,18172,17645,85786
1,1989,1988,1791084238416114,1791084238417842,1728,0,8,18851,18851,18851,18241,18015,86872
1,1990,1989,1791084238466114,1791084238467409,1295,0,9,18646,18646,18646,17962,17468,84891
1,1991,1990,1791084238516114,1791084238517502,1388,0,10,18692,18692,18692,18082,17666,85691
1,1992,1991,1791084238566114,1791084238567576,1462,0,11,18798,18798,18798,18137,17797,86114
1,1993,1992,1791084238616114,1791084238617435,1321,0,12,18837,18837,18837,18199,17583,85602
1,1994,1993,1791084238666114,1791084238667697,1583,0,13,18708,18708,18708,17956,17665,85397
1,1995,1994,1791084238716114,1791084238717806,1692,0,14,18699,18699,18699,18039,17682,85661
1,1996,1995,1791084238766114,1791084238767539,1425,0,15,18795,18795,18795,18124,18037,86679
1,1997,1996,1791084238816114,1791084238818072,1958,0,16,18872,18872,18872,18223,17653,85799
1,1998,1997,1791084238866114,1791084238867538,1424,0,17,18599,18599,18599,17940,17472,84725
1,1999,1998,1791084238916114,1791084238917473,1359,0,18,18819,18819,18819,18167,18060,86583
1,2000,1999,1791084238966114,1791084238967625,1511,0,19,18835,18835,18835,18124,17941,86416
1,2001,2000,1791084239016114,1791084239018052,1938,0,0,18626,18626,18626,17960,17321,84434
1,2002,2001,1791084239066114,1791084239067977,1863,0,1,18935,18935,18935,18213,17695,85977
1,2003,2002,1791084239116114,1791084239118231,2117,0,2,18682,18682,18682,18048,17684,85631
1,2004,2003,1791084239166114,1791084239167572,1458,0,3,18826,18826,18826,18153,17505,85267
1,2005,2004,1791084239216114,1791084239218066,1952,0,4,18604,18604,18604,17878,17737,85095
1,2006,2005,1791084239266114,1791084239267405,1291,0,5,18709,18709,18709,18014,17803,85581
1,2007,2006,1791084239316114,1791084239317358,1244,0,6,18617,18617,18617,17957,17718,85315
1,2008,2007,1791084239366114,1791084239367670,1556,0,7,18850,18850,18850,18137,17629,85501
1,2009,2008,1791084239416114,1791084239417421,1307,0,8,18851,18851,18851,18107,18034,86193
1,2010,2009,1791084239466114,1791084239467800,1686,0,9,18646,18646,18646,17900,17537,84670
1,2011,2010,1791084239516114,1791084239517835,1721,0,10,18692,18692,18692,18044,17719,85516
1,2012,2011,1791084239566114,1791084239567514,1400,0,11,18798,18798,18798,18107,17659,85547
1,2013,2012,1791084239616114,1791084239617816,1702,0,12,18837,18837,18837,18107,17548,85205
1,2014,2013,1791084239666114,1791084239667496,1382,0,13,18708,18708,18708,17876,17636,84837
1,2015,2014,1791084239716114,1791084239718290,2176,0,14,18699,18699,18699,17939,17658,85326
1,2016,2015,1791084239766114,1791084239767567,1453,0,15,18795,18795,18795,18095,18000,86391
1,2017,2016,1791084239816114,1791084239818033,1919,0,16,18872,18872,18872,18181,17608,85507
1,2018,2017,1791084239866114,1791084239868328,2214,0,17,18599,18599,18599,17925,17301,84095
1,2019,2018,1791084239916114,1791084239917580,1466,0,18,18819,18819,18819,18050,17918,85874
1,2020,2019,1791084239966114,1791084239976600,10486,0,19,18835,18835,18835,18070,17883,85879
1,2021,2020,1791084240016114,1791084240022975,6861,0,0,18626,18626,18626,17877,17446,84613
1,2022,2021,1791084240066114,1791084240068456,2342,0,1,18935,18935,18935,18103,17558,85106
1,2023,2022,1791084240116114,1791084240117453,1339,0,2,18682,18682,18682,17888,17503,84738
1,2024,2023,1791084240166114,1791084240167593,1479,0,3,18826,18826,18826,18015,17428,84799
1,2025,2024,1791084240216114,1791084240217722,1608,0,4,18604,18604,18604,17710,17705,84303
1,2026,2025,1791084240266114,1791084240267434,1320,0,5,18709,18709,18709,17922,17602,84836
1,2027,2026,1791084240316114,1791084240317603,1489,0,6,18617,18617,18617,17845,17651,84709
1,2028,2027,1791084240366114,1791084240367768,1654,0,7,18850,18850,18850,18018,17471,84687
1,2029,2028,1791084240416114,1791084240418245,2131,0,8,18851,18851,18851,18035,17960,85727
1,2030,2029,1791084240466114,1791084240467855,1741,0,9,18646,18646,18646,17690,17444,84006
1,2031,2030,1791084240516114,1791084240517610,1496,0,10,18692,18692,18692,17894,17439,84385
1,2032,2031,1791084240566114,1791084240567611,1497,0,11,18798,18798,18798,17954,17640,84905
1,2033,2032,1791084240616114,1791084240617289,1175,0,12,18837,18837,18837,18051,17620,84964
1,2034,2033,1791084240666114,1791084240667544,1430,0,13,18708,18708,18708,17822,17674,84274
1,2035,2034,1791084240716114,1791084240718193,2079,0,14,18699,18699,18699,17830,17560,84652
1,2036,2035,1791084240766114,1791084240767307,1193,0,15,18795,18795,18795,18010,17798,85574
1,2037,2036,1791084240816114,1791084240818267,2153,0,16,18872,18872,18872,17996,17706,85118
1,2038,2037,1791084240866114,1791084240868155,2041,0,17,18599,18599,18599,17773,17133,83182
1,2039,2038,1791084240916114,1791084240917431,1317,0,18,18819,18819,18819,17928,17797,85219
1,2040,2039,1791084240966114,1791084240967581,1467,0,19,18835,18835,18835,17877,17681,84678
1,2041,2040,1791084241016114,1791084241017290,1176,0,0,18626,18626,18626,17701,17160,83008
1,2042,2041,1791084241066114,1791084241067994,1880,0,1,18935,18935,18935,17966,17450,84221
1,2043,2042,1791084241116114,1791084241118280,2166,0,2,18682,18682,18682,17657,17432,83736
1,2044,2043,1791084241166114,1791084241167573,1459,0,3,18826,18826,18826,17893,17326,83866
1,2045,2044,1791084241216114,1791084241217353,1239,0,4,18604,18604,18604,17559,17510,83075
1,2046,2045,1791084241266114,1791084241268277,2163,0,5,18709,18709,18709,17722,17617,83868
1,2047,2046,1791084241316114,1791084241317453,1339,0,6,18617,18617,18617,17706,17461,83588
1,2048,2047,1791084241366114,1791084241367621,1507,0,7,18850,18850,18850,17788,17230,83239
1,2049,2048,1791084241416114,1791084241417646,1532,0,8,18851,18851,18851,17889,17819,84790
1,2050,2049,1791084241466114,1791084241467644,1530,0,9,18646,18646,18646,17474,17178,82423
1,2051,2050,1791084241516114,1791084241518189,2075,0,10,18692,18692,18692,17701,17343,83583
1,2052,2051,1791084241566114,1791084241567567,1453,0,11,18798,18798,18798,17795,17552,83987
1,2053,2052,1791084241616114,1791084241617321,1207,0,12,18837,18837,18837,17877,17383,83694
1,2054,2053,1791084241666114,1791084241667552,1438,0,13,18708,18708,18708,17482,17317,82374
1,2055,2054,1791084241716114,1791084241717370,1256,0,14,18699,18699,18699,17643,17420,83580
1,2056,2055,1791084241766114,1791084241767531,1417,0,15,18795,18795,18795,17808,17728,84475
1,2057,2056,1791084241816114,1791084241817862,1748,0,16,18872,18872,18872,17852,17380,83695
1,2058,2057,1791084241866114,1791084241868234,2120,0,17,18599,18599,18599,17597,17079,82469
1,2059,2058,1791084241916114,1791084241918163,2049,0,18,18819,18819,18819,17676,17438,83425
1,2060,2059,1791084241966114,1791084241967797,1683,0,19,18835,18835,18835,17544,17392,82826
1,2061,2060,1791084242016114,1791084242018140,2026,0,0,18626,18626,18626,17387,16944,81455
1,2062,2061,1791084242066114,1791084242068199,2085,0,1,18935,18935,18935,17682,17120,82058
1,2063,2062,1791084242116114,1791084242117705,1591,0,2,18682,18682,18682,17371,17140,81832
1,2064,2063,1791084242166114,1791084242167608,1494,0,3,18826,18826,18826,17581,16983,81980
1,2065,2064,1791084242216114,1791084242217586,1472,0,4,18604,18604,18604,17275,17152,81085
1,2066,2065,1791084242266114,1791084242268159,2045,0,5,18709,18709,18709,17484,17465,82089
1,2067,2066,1791084242316114,1791084242318321,2207,0,6,18617,18617,18617,17458,17192,81981
1,2068,2067,1791084242366114,1791084242367496,1382,0,7,18850,18850,18850,17519,17079,81975
1,2069,2068,1791084242416114,1791084242418107,1993,0,8,18851,18851,18851,17579,17358,82689
1,2070,2069,1791084242466114,1791084242467884,1770,0,9,18646,18646,18646,17188,16849,80438
1,2071,2070,1791084242516114,1791084242517675,1561,0,10,18692,18692,18692,17379,17055,81563
1,2072,2071,1791084242566114,1791084242567704,1590,0,11,18798,18798,18798,17548,17453,82307
1,2073,2072,1791084242616114,1791084242617740,1626,0,12,18837,18837,18837,17644,17307,82271
1,2074,2073,1791084242666114,1791084242668138,2024,0,13,18708,18708,18708,17168,16943,80225
1,2075,2074,1791084242716114,1791084242717731,1617,0,14,18699,18699,18699,17359,17167,81847
1,2076,2075,1791084242766114,1791084242767865,1751,0,15,18795,18795,18795,17537,17341,82608
1,2077,2076,1791084242816114,1791084242817868,1754,0,16,18872,18872,18872,17541,17052,81798
1,2078,2077,1791084242866114,1791084242868266,2152,0,17,18599,18599,18599,17312,16879,81028
1,2079,2078,1791084242916114,1791084242917489,1375,0,18,18819,18819,18819,17351,17210,81693
1,2080,2079,1791084242966114,1791084242967631,1517,0,19,18835,18835,18835,17154,17026,80534
1,2081,2080,1791084243016114,1791084243017567,1453,0,0,18626,18626,18626,16882,16504,78895
1,2082,2081,1791084243066114,1791084243067548,1434,0,1,18935,18935,18935,17264,16719,79555
1,2083,2082,1791084243116114,1791084243117665,1551,0,2,18682,18682,18682,16894,16879,79361
1,2084,2083,1791084243166114,1791084243167776,1662,0,3,18826,18826,18826,17134,16628,79635
1,2085,2084,1791084243216114,1791084243217479,1365,0,4,18604,18604,18604,16829,16735,78535
1,2086,2085,1791084243266114,1791084243267743,1629,0,5,18709,18709,18709,17043,16989,79316
1,2087,2086,1791084243316114,1791084243318320,2206,0,6,18617,18617,18617,17054,16941,79687
1,2088,2087,1791084243366114,1791084243367781,1667,0,7,18850,18850,18850,17149,16763,79794
1,2089,2088,1791084243416114,1791084243418073,1959,0,8,18851,18851,18851,17101,16773,79587
1,2090,2089,1791084243466114,1791084243467666,1552,0,9,18646,18646,18646,16669,16519,77829
1,2091,2090,1791084243516114,1791084243517781,1667,0,10,18692,18692,18692,16990,16788,79422
1,2092,2091,1791084243566114,1791084243567570,1456,0,11,18798,18798,18798,17080,16918,79479
1,2093,2092,1791084243616114,1791084243617498,1384,0,12,18837,18837,18837,17131,16762,79280
1,2094,2093,1791084243666114,1791084243668130,2016,0,13,18708,18708,18708,16560,16467,77083
1,2095,2094,1791084243716114,1791084243719871,3757,0,14,18699,18699,18699,16907,16698,79041
1,2096,2095,1791084243766114,1791084243767812,1698,0,15,18795,18795,18795,17138,17022,80257
1,2097,2096,1791084243816114,1791084243818220,2106,0,16,18872,18872,18872,17030,16851,79511
1,2098,2097,1791084243866114,1791084243868219,2105,0,17,18599,18599,18599,16859,16346,77963
1,2099,2098,1791084243916114,1791084243918057,1943,0,18,18819,18819,18819,16907,16626,78884
1,2100,2099,1791084243966114,1791084243967478,1364,0,19,18835,18835,18835,16581,16317,76878
1,2101,2100,1791084244016114,1791084244017747,1633,0,0,18626,18626,18626,16393,16079,75931
1,2102,2101,1791084244066114,1791084244068079,1965,0,1,18935,18935,18935,16605,16014,75826
1,2103,2102,1791084244116114,1791084244118314,2200,0,2,18682,18682,18682,16185,16087,75457
1,2104,2103,1791084244166114,1791084244167670,1556,0,3,18826,18826,18826,16574,16043,76058
1,2105,2104,1791084244216114,1791084244218078,1964,0,4,18604,18604,18604,16281,15983,74606
1,2106,2105,1791084244266114,1791084244268327,2213,0,5,18709,18709,18709,16401,16348,75904
1,2107,2106,1791084244316114,1791084244317659,1545,0,6,18617,18617,18617,16515,16379,76306
1,2108,2107,1791084244366114,1791084244367639,1525,0,7,18850,18850,18850,16503,16140,76087
1,2109,2108,1791084244416114,1791084244417447,1333,0,8,18851,18851,18851,16503,16225,76217
1,2110,2109,1791084244466114,1791084244467948,1834,0,9,18646,18646,18646,16043,15950,74284
1,2111,2110,1791084244516114,1791084244517950,1836,0,10,18692,18692,18692,16320,16024,75504
1,2112,2111,1791084244566114,1791084244567630,1516,0,11,18798,18798,18798,16495,16329,76005
1,2113,2112,1791084244616114,1791084244617574,1460,0,12,18837,18837,18837,16535,16249,75955
1,2114,2113,1791084244666114,1791084244668006,1892,0,13,18708,18708,18708,15925,15859,73515
1,2115,2114,1791084244716114,1791084244717631,1517,0,14,18699,18699,18699,16244,16094,75603
1,2116,2115,1791084244766114,1791084244767556,1442,0,15,18795,18795,18795,16465,16124,76192
1,2117,2116,1791084244816114,1791084244817387,1273,0,16,18872,18872,18872,16389,16170,75712
1,2118,2117,1791084244866114,1791084244868061,1947,0,17,18599,18599,18599,16284,15886,75310
1,2119,2118,1791084244916114,1791084244917333,1219,0,18,18819,18819,18819,16294,15895,75113
1,2120,2119,1791084244966114,1791084244967523,1409,0,19,18835,18835,18835,15790,15515,72474
1,2121,2120,1791084245016114,1791084245018115,2001,0,0,18626,18626,18626,15688,15521,72101
1,2122,2121,1791084245066114,1791084245067550,1436,0,1,18935,18935,18935,15852,15323,71356
1,2123,2122,1791084245116114,1791084245117809,1695,0,2,18682,18682,18682,15315,15179,70380
1,2124,2123,1791084245166114,1791084245167756,1642,0,3,18826,18826,18826,15714,15309,71739
1,2125,2124,1791084245216114,1791084245217481,1367,0,4,18604,18604,18604,15516,15200,70081
1,2126,2125,1791084245266114,1791084245268260,2146,0,5,18709,18709,18709,15688,15625,71527
1,2127,2126,1791084245316114,1791084245317855,1741,0,6,18617,18617,18617,15637,15636,71755
1,2128,2127,1791084245366114,1791084245367672,1558,0,7,18850,18850,18850,15561,15264,71306
1,2129,2128,1791084245416114,1791084245417611,1497,0,8,18851,18851,18851,15704,15662,71889
1,2130,2129,1791084245466114,1791084245467816,1702,0,9,18646,18646,18646,15225,14927,69194
1,2131,2130,1791084245516114,1791084245518336,2222,0,10,18692,18692,18692,15468,15460,71134
1,2132,2131,1791084245566114,1791084245567564,1450,0,11,18798,18798,18798,15608,15460,71264
1,2133,2132,1791084245616114,1791084245617408,1294,0,12,18837,18837,18837,15802,15507,71568
1,2134,2133,1791084245666114,1791084245668008,1894,0,13,18708,18708,18708,15101,14905,68626
1,2135,2134,1791084245716114,1791084245717450,1336,0,14,18699,18699,18699,15468,15365,71189
1,2136,2135,1791084245766114,1791084245767531,1417,0,15,18795,18795,18795,15659,15550,71961
1,2137,2136,1791084245816114,1791084245817713,1599,0,16,18872,18872,18872,15460,15271,70985
1,2138,2137,1791084245866114,1791084245867628,1514,0,17,18599,18599,18599,15484,15103,70557
1,2139,2138,1791084245916114,1791084245917937,1823,0,18,18819,18819,18819,15500,15080,70470
1,2140,2139,1791084245966114,1791084245967835,1721,0,19,18835,18835,18835,14680,14414,66561
1,2141,2140,1791084246016114,1791084246018021,1907,0,0,18626,18626,18626,14821,14556,66785
1,2142,2141,1791084246066114,1791084246067386,1272,0,1,18935,18935,18935,14881,14471,66255
1,2143,2142,1791084246116114,1791084246118227,2113,0,2,18682,18682,18682,14150,13714,63705
1,2144,2143,1791084246166114,1791084246167795,1681,0,3,18826,18826,18826,14692,14285,66081
1,2145,2144,1791084246216114,1791084246217806,1692,0,4,18604,18604,18604,14596,14230,64677
1,2146,2145,1791084246266114,1791084246268344,2230,0,5,18709,18709,18709,14630,14452,65641
1,2147,2146,1791084246316114,1791084246318092,1978,0,6,18617,18617,18617,14726,14324,65334
1,2148,2147,1791084246366114,1791084246367931,1817,0,7,18850,18850,18850,14504,14357,65822
1,2149,2148,1791084246416114,1791084246417383,1269,0,8,18851,18851,18851,14643,14300,65753
1,2150,2149,1791084246466114,1791084246467958,1844,0,9,18646,18646,18646,14265,13935,63719
1,2151,2150,1791084246516114,1791084246518056,1942,0,10,18692,18692,18692,14439,14300,65634
1,2152,2151,1791084246566114,1791084246567579,1465,0,11,18798,18798,18798,14576,14265,65346
1,2153,2152,1791084246616114,1791084246618227,2113,0,12,18837,18837,18837,14799,14552,66187
1,2154,2153,1791084246666114,1791084246668064,1950,0,13,18708,18708,18708,14157,13627,62379
1,2155,2154,1791084246716114,1791084246717823,1709,0,14,18699,18699,18699,14409,14360,65741
1,2156,2155,1791084246766114,1791084246767650,1536,0,15,18795,18795,18795,14560,14355,66045
1,2157,2156,1791084246816114,1791084246817745,1631,0,16,18872,18872,18872,14444,14263,65137
1,2158,2157,1791084246866114,1791084246867723,1609,0,17,18599,18599,18599,14474,14233,65532
1,2159,2158,1791084246916114,1791084246917664,1550,0,18,18819,18819,18819,14396,13901,64554
1,2160,2159,1791084246966114,1791084246967608,1494,0,19,18835,18835,18835,13469,13420,60377
1,2161,2160,1791084247016114,1791084247046282,30168,0,0,18626,18626,18626,13644,13320,60255
1,2162,2161,1791084247066114,1791084247089711,23597,0,1,18935,18935,18935,13563,13268,59648
1,2163,2162,1791084247116114,1791084247134658,18544,0,2,18682,18682,18682,12942,12391,56859
1,2164,2163,1791084247166114,1791084247177036,10922,0,3,18826,18826,18826,13448,13255,60200
1,2165,2164,1791084247216114,1791084247222027,5913,0,4,18604,18604,18604,13455,13232,58954
1,2166,2165,1791084247266114,1791084247267937,1823,0,5,18709,18709,18709,13474,13172,59097
1,2167,2166,1791084247316114,1791084247317853,1739,0,6,18617,18617,18617,13540,13160,59408
1,2168,2167,1791084247366114,1791084247367898,1784,0,7,18850,18850,18850,13312,13283,59563
1,2169,2168,1791084247416114,1791084247417769,1655,0,8,18851,18851,18851,13505,13102,59190
1,2170,2169,1791084247466114,1791084247467739,1625,0,9,18646,18646,18646,13073,12819,57781
1,2171,2170,1791084247516114,1791084247517613,1499,0,10,18692,18692,18692,13198,13075,58949
1,2172,2171,1791084247566114,1791084247567364,1250,0,11,18798,18798,18798,13331,13181,59521
1,2173,2172,1791084247616114,1791084247617426,1312,0,12,18837,18837,18837,13626,13404,59634
1,2174,2173,1791084247666114,1791084247667280,1166,0,13,18708,18708,18708,13151,12831,57157
1,2175,2174,1791084247716114,1791084247717377,1263,0,14,18699,18699,18699,13188,13072,58854
1,2176,2175,1791084247766114,1791084247767855,1741,0,15,18795,18795,18795,13345,13286,59827
1,2177,2176,1791084247816114,1791084247818934,2820,0,16,18872,18872,18872,13341,13183,58765
1,2178,2177,1791084247866114,1791084247868037,1923,0,17,18599,18599,18599,13426,13336,59699
1,2179,2178,1791084247916114,1791084247918115,2001,0,18,18819,18819,18819,13326,12916,59158
1,2180,2179,1791084247966114,1791084247967940,1826,0,19,18835,18835,18835,12070,11921,53006
1,2181,2180,1791084248016114,1791084248019110,2996,0,0,18626,18626,18626,12423,12013,53228
1,2182,2181,1791084248066114,1791084248068041,1927,0,1,18935,18935,18935,12274,12035,52741
1,2183,2182,1791084248116114,1791084248118000,1886,0,2,18682,18682,18682,11569,10952,49549
1,2184,2183,1791084248166114,1791084248167527,1413,0,3,18826,18826,18826,12320,12088,53488
1,2185,2184,1791084248216114,1791084248217638,1524,0,4,18604,18604,18604,12279,11933,52561
1,2186,2185,1791084248266114,1791084248267408,1294,0,5,18709,18709,18709,12047,11745,52162
1,2187,2186,1791084248316114,1791084248317732,1618,0,6,18617,18617,18617,12201,11793,52166
1,2188,2187,1791084248366114,1791084248367741,1627,0,7,18850,18850,18850,11883,11806,52470
1,2189,2188,1791084248416114,1791084248417841,1727,0,8,18851,18851,18851,12180,12089,52690
1,2190,2189,1791084248466114,1791084248467735,1621,0,9,18646,18646,18646,11699,11446,51197
1,2191,2190,1791084248516114,1791084248518088,1974,0,10,18692,18692,18692,11814,11711,52155
1,2192,2191,1791084248566114,1791084248567583,1469,0,11,18798,18798,18798,12013,11915,53053
1,2193,2192,1791084248616114,1791084248617379,1265,0,12,18837,18837,18837,12251,12060,52574
1,2194,2193,1791084248666114,1791084248668141,2027,0,13,18708,18708,18708,11941,11809,51216
1,2195,2194,1791084248716114,1791084248718071,1957,0,14,18699,18699,18699,11803,11578,51698
1,2196,2195,1791084248766114,1791084248767606,1492,0,15,18795,18795,18795,11959,11856,52492
1,2197,2196,1791084248816114,1791084248817893,1779,0,16,18872,18872,18872,12066,11902,51639
1,2198,2197,1791084248866114,1791084248867979,1865,0,17,18599,18599,18599,12322,12150,52770
1,2199,2198,1791084248916114,1791084248922407,6293,0,18,18819,18819,18819,12010,11727,52827
1,2200,2199,1791084248966114,1791084248971181,5067,0,19,18835,18835,18835,10668,10522,45916
1,2201,2200,1791084249016114,1791084249024464,8350,0,0,18626,18626,18626,10974,10596,45928
1,2202,2201,1791084249066114,1791084249070009,3895,0,1,18935,18935,18935,10846,10695,45152
1,2203,2202,1791084249116114,1791084249117775,1661,0,2,18682,18682,18682,10139,9545,42568
1,2204,2203,1791084249166114,1791084249167509,1395,0,3,18826,18826,18826,10950,10868,46366
1,2205,2204,1791084249216114,1791084249217794,1680,0,4,18604,18604,18604,10957,10909,46133
1,2206,2205,1791084249266114,1791084249268161,2047,0,5,18709,18709,18709,10622,10379,45199
1,2207,2206,1791084249316114,1791084249317478,1364,0,6,18617,18617,18617,10679,10243,44552
1,2208,2207,1791084249366114,1791084249367604,1490,0,7,18850,18850,18850,10425,10285,44750
1,2209,2208,1791084249416114,1791084249418195,2081,0,8,18851,18851,18851,10822,10565,44995
1,2210,2209,1791084249466114,1791084249467310,1196,0,9,18646,18646,18646,10260,10072,44180
1,2211,2210,1791084249516114,1791084249517660,1546,0,10,18692,18692,18692,10357,10188,44429
1,2212,2211,1791084249566114,1791084249567764,1650,0,11,18798,18798,18798,10653,10410,45721
1,2213,2212,1791084249616114,1791084249617678,1564,0,12,18837,18837,18837,10835,10703,45225
1,2214,2213,1791084249666114,1791084249668279,2165,0,13,18708,18708,18708,10563,10241,44387
1,2215,2214,1791084249716114,1791084249717890,1776,0,14,18699,18699,18699,10323,10180,44612
1,2216,2215,1791084249766114,1791084249768176,2062,0,15,18795,18795,18795,10471,10380,45103
1,2217,2216,1791084249816114,1791084249817358,1244,0,16,18872,18872,18872,10738,10696,44523
1,2218,2217,1791084249866114,1791084249867789,1675,0,17,18599,18599,18599,10861,10722,45728
1,2219,2218,1791084249916114,1791084249917651,1537,0,18,18819,18819,18819,10662,10474,46212
1,2220,2219,1791084249966114,1791084249967727,1613,0,19,18835,18835,18835,9247,9135,38608
1,2221,2220,1791084250016114,1791084250018310,2196,0,0,18626,18626,18626,9429,9214,38843
1,2222,2221,1791084250066114,1791084250067440,1326,0,1,18935,18935,18935,9327,9168,38156
1,2223,2222,1791084250116114,1791084250118045,1931,0,2,18682,18682,18682,8705,8171,35513
1,2224,2223,1791084250166114,1791084250167602,1488,0,3,18826,18826,18826,9619,9560,39368
1,2225,2224,1791084250216114,1791084250217865,1751,0,4,18604,18604,18604,9605,9366,39275
1,2226,2225,1791084250266114,1791084250267752,1638,0,5,18709,18709,18709,9130,8861,38166
1,2227,2226,1791084250316114,1791084250318255,2141,0,6,18617,18617,18617,9242,8876,37613
1,2228,2227,1791084250366114,1791084250367895,1781,0,7,18850,18850,18850,8950,8784,37840
1,2229,2228,1791084250416114,1791084250417592,1478,0,8,18851,18851,18851,9483,9292,38091
1,2230,2229,1791084250466114,1791084250467392,1278,0,9,18646,18646,18646,8844,8444,36976
1,2231,2230,1791084250516114,1791084250518270,2156,0,10,18692,18692,18692,9035,8818,37788
1,2232,2231,1791084250566114,1791084250567485,1371,0,11,18798,18798,18798,9225,8856,38393
1,2233,2232,1791084250616114,1791084250618093,1979,0,12,18837,18837,18837,9460,9250,38123
1,2234,2233,1791084250666114,1791084250668001,1887,0,13,18708,18708,18708,9132,8962,38176
1,2235,2234,1791084250716114,1791084250717955,1841,0,14,18699,18699,18699,8985,8900,37828
1,2236,2235,1791084250766114,1791084250767609,1495,0,15,18795,18795,18795,9030,8766,37580
1,2237,2236,1791084250816114,1791084250823787,7673,0,16,18872,18872,18872,9084,8925,37035
1,2238,2237,1791084250866114,1791084250877090,10976,0,17,18599,18599,18599,9387,9196,38388
1,2239,2238,1791084250916114,1791084250921132,5018,0,18,18819,18819,18819,9289,9020,39168
1,2240,2239,1791084250966114,1791084250970526,4412,0,19,18835,18835,18835,7746,7690,31802
1,2241,2240,1791084251016114,1791084251017299,1185,0,0,18626,18626,18626,7980,7816,32549
1,2242,2241,1791084251066114,1791084251067448,1334,0,1,18935,18935,18935,8029,7829,31802
1,2243,2242,1791084251116114,1791084251119440,3326,0,2,18682,18682,18682,7386,6905,29330
1,2244,2243,1791084251166114,1791084251167801,1687,0,3,18826,18826,18826,8167,7997,32612
1,2245,2244,1791084251216114,1791084251218121,2007,0,4,18604,18604,18604,8227,7948,32997
1,2246,2245,1791084251266114,1791084251267932,1818,0,5,18709,18709,18709,7683,7389,31464
1,2247,2246,1791084251316114,1791084251317980,1866,0,6,18617,18617,18617,7862,7435,30900
1,2248,2247,1791084251366114,1791084251367615,1501,0,7,18850,18850,18850,7646,7554,31484
1,2249,2248,1791084251416114,1791084251417476,1362,0,8,18851,18851,18851,8045,7755,31536
1,2250,2249,1791084251466114,1791084251467431,1317,0,9,18646,18646,18646,7579,7313,31104
1,2251,2250,1791084251516114,1791084251517488,1374,0,10,18692,18692,18692,7755,7677,31245
1,2252,2251,1791084251566114,1791084251567969,1855,0,11,18798,18798,18798,7796,7496,31932
1,2253,2252,1791084251616114,1791084251617816,1702,0,12,18837,18837,18837,8096,8003,31922
1,2254,2253,1791084251666114,1791084251667809,1695,0,13,18708,18708,18708,7835,7430,31914
1,2255,2254,1791084251716114,1791084251718201,2087,0,14,18699,18699,18699,7671,7534,31444
1,2256,2255,1791084251766114,1791084251767661,1547,0,15,18795,18795,18795,7710,7637,30882
1,2257,2256,1791084251816114,1791084251817433,1319,0,16,18872,18872,18872,7664,7319,30256
1,2258,2257,1791084251866114,1791084251867626,1512,0,17,18599,18599,18599,7880,7761,31955
1,2259,2258,1791084251916114,1791084251917851,1737,0,18,18819,18819,18819,7922,7596,32586
1,2260,2259,1791084251966114,1791084251968268,2154,0,19,18835,18835,18835,6513,6218,25534
1,2261,2260,1791084252016114,1791084252017817,1703,0,0,18626,18626,18626,6637,6532,26462
1,2262,2261,1791084252066114,1791084252067778,1664,0,1,18935,18935,18935,6697,6496,25724
1,2263,2262,1791084252116114,1791084252117615,1501,0,2,18682,18682,18682,6090,5751,23656
1,2264,2263,1791084252166114,1791084252167556,1442,0,3,18826,18826,18826,6848,6707,26930
1,2265,2264,1791084252216114,1791084252218074,1960,0,4,18604,18604,18604,6980,6696,27222
1,2266,2265,1791084252266114,1791084252268261,2147,0,5,18709,18709,18709,6439,6248,25745
1,2267,2266,1791084252316114,1791084252317985,1871,0,6,18617,18617,18617,6590,6229,25364
1,2268,2267,1791084252366114,1791084252367782,1668,0,7,18850,18850,18850,6358,6288,25685
1,2269,2268,1791084252416114,1791084252418318,2204,0,8,18851,18851,18851,6655,6183,25186
1,2270,2269,1791084252466114,1791084252467566,1452,0,9,18646,18646,18646,6423,6276,25747
1,2271,2270,1791084252516114,1791084252517786,1672,0,10,18692,18692,18692,6553,6307,25555
1,2272,2271,1791084252566114,1791084252567652,1538,0,11,18798,18798,18798,6541,6463,26553
1,2273,2272,1791084252616114,1791084252617454,1340,0,12,18837,18837,18837,6768,6671,26081
1,2274,2273,1791084252666114,1791084252667631,1517,0,13,18708,18708,18708,6655,6287,26467
1,2275,2274,1791084252716114,1791084252717529,1415,0,14,18699,18699,18699,6506,6322,25537
1,2276,2275,1791084252766114,1791084252767582,1468,0,15,18795,18795,18795,6399,5988,24509
1,2277,2276,1791084252816114,1791084252818053,1939,0,16,18872,18872,18872,6357,6177,25250
1,2278,2277,1791084252866114,1791084252867979,1865,0,17,18599,18599,18599,6576,6432,26029
1,2279,2278,1791084252916114,1791084252918229,2115,0,18,18819,18819,18819,6764,6326,26898
1,2280,2279,1791084252966114,1791084252967661,1547,0,19,18835,18835,18835,5374,5209,20975
1,2281,2280,1791084253016114,1791084253017861,1747,0,0,18626,18626,18626,5510,5469,21535
1,2282,2281,1791084253066114,1791084253068328,2214,0,1,18935,18935,18935,5628,5429,20985
1,2283,2282,1791084253116114,1791084253118134,2020,0,2,18682,18682,18682,5178,4949,19539
1,2284,2283,1791084253166114,1791084253167779,1665,0,3,18826,18826,18826,5620,5419,21636
1,2285,2284,1791084253216114,1791084253218224,2110,0,4,18604,18604,18604,5899,5798,22574
1,2286,2285,1791084253266114,1791084253267435,1321,0,5,18709,18709,18709,5302,5176,20788
1,2287,2286,1791084253316114,1791084253317594,1480,0,6,18617,18617,18617,5507,5201,20678
1,2288,2287,1791084253366114,1791084253367610,1496,0,7,18850,18850,18850,5379,5119,20893
1,2289,2288,1791084253416114,1791084253417424,1310,0,8,18851,18851,18851,5507,5176,20699
1,2290,2289,1791084253466114,1791084253467960,1846,0,9,18646,18646,18646,5458,5156,20917
1,2291,2290,1791084253516114,1791084253517685,1571,0,10,18692,18692,18692,5555,5340,20870
1,2292,2291,1791084253566114,1791084253567590,1476,0,11,18798,18798,18798,5547,5365,21618
1,2293,2292,1791084253616114,1791084253618092,1978,0,12,18837,18837,18837,5606,5421,21117
1,2294,2293,1791084253666114,1791084253667495,1381,0,13,18708,18708,18708,5612,5285,21832
1,2295,2294,1791084253716114,1791084253717686,1572,0,14,18699,18699,18699,5430,5384,21046
1,2296,2295,1791084253766114,1791084253767641,1527,0,15,18795,18795,18795,5402,5161,20294
1,2297,2296,1791084253816114,1791084253817767,1653,0,16,18872,18872,18872,5302,5190,20767
1,2298,2297,1791084253866114,1791084253868121,2007,0,17,18599,18599,18599,5481,5296,21355
1,2299,2298,1791084253916114,1791084253918175,2061,0,18,18819,18819,18819,5716,5616,22641
1,2300,2299,1791084253966114,1791084253967759,1645,0,19,18835,18835,18835,4496,4185,16767
1,2301,2300,1791084254016114,1791084254017606,1492,0,0,18626,18626,18626,4584,4398,17309
1,2302,2301,1791084254066114,1791084254067592,1478,0,1,18935,18935,18935,4719,4378,17019
1,2303,2302,1791084254116114,1791084254117817,1703,0,2,18682,18682,18682,4389,4356,16389
1,2304,2303,1791084254166114,1791084254167650,1536,0,3,18826,18826,18826,4659,4415,17599
1,2305,2304,1791084254216114,1791084254217518,1404,0,4,18604,18604,18604,4915,4821,18465
1,2306,2305,1791084254266114,1791084254268027,1913,0,5,18709,18709,18709,4412,4286,16930
1,2307,2306,1791084254316114,1791084254318338,2224,0,6,18617,18617,18617,4618,4298,16793
1,2308,2307,1791084254366114,1791084254367619,1505,0,7,18850,18850,18850,4535,4223,17101
1,2309,2308,1791084254416114,1791084254418214,2100,0,8,18851,18851,18851,4572,4217,16702
1,2310,2309,1791084254466114,1791084254468322,2208,0,9,18646,18646,18646,4693,4541,17689
1,2311,2310,1791084254516114,1791084254518201,2087,0,10,18692,18692,18692,4594,4379,17029
1,2312,2311,1791084254566114,1791084254567566,1452,0,11,18798,18798,18798,4597,4331,17242
1,2313,2312,1791084254616114,1791084254617817,1703,0,12,18837,18837,18837,4767,4489,17223
1,2314,2313,1791084254666114,1791084254667740,1626,0,13,18708,18708,18708,4739,4624,18579
1,2315,2314,1791084254716114,1791084254717844,1730,0,14,18699,18699,18699,4525,4317,16750
1,2316,2315,1791084254766114,1791084254767651,1537,0,15,18795,18795,18795,4494,4126,16110
1,2317,2316,1791084254816114,1791084254818051,1937,0,16,18872,18872,18872,4503,4361,17382
1,2318,2317,1791084254866114,1791084254868043,1929,0,17,18599,18599,18599,4555,4543,17681
1,2319,2318,1791084254916114,1791084254918057,1943,0,18,18819,18819,18819,4888,4823,18895
1,2320,2319,1791084254966114,1791084254967623,1509,0,19,18835,18835,18835,3828,3614,13859
1,2321,2320,1791084255016114,1791084255017477,1363,0,0,18626,18626,18626,3968,3811,14637
1,2322,2321,1791084255066114,1791084255067579,1465,0,1,18935,18935,18935,4018,3688,14336
1,2323,2322,1791084255116114,1791084255117444,1330,0,2,18682,18682,18682,3698,3543,13516
1,2324,2323,1791084255166114,1791084255167774,1660,0,3,18826,18826,18826,3974,3630,14516
1,2325,2324,1791084255216114,1791084255218126,2012,0,4,18604,18604,18604,4094,3991,15217
1,2326,2325,1791084255266114,1791084255267594,1480,0,5,18709,18709,18709,3825,3735,14449
1,2327,2326,1791084255316114,1791084255318207,2093,0,6,18617,18617,18617,3893,3661,13899
1,2328,2327,1791084255366114,1791084255367752,1638,0,7,18850,18850,18850,3886,3646,14529
1,2329,2328,1791084255416114,1791084255417904,1790,0,8,18851,18851,18851,3874,3506,13660
1,2330,2329,1791084255466114,1791084255468205,2091,0,9,18646,18646,18646,3989,3830,14576
1,2331,2330,1791084255516114,1791084255517994,1880,0,10,18692,18692,18692,4024,3881,14477
1,2332,2331,1791084255566114,1791084255567582,1468,0,11,18798,18798,18798,3942,3681,14764
1,2333,2332,1791084255616114,1791084255617474,1360,0,12,18837,18837,18837,3952,3800,14286
1,2334,2333,1791084255666114,1791084255668005,1891,0,13,18708,18708,18708,4088,4075,15663
1,2335,2334,1791084255716114,1791084255717776,1662,0,14,18699,18699,18699,3811,3757,14086
1,2336,2335,1791084255766114,1791084255767599,1485,0,15,18795,18795,18795,3820,3716,13659
1,2337,2336,1791084255816114,1791084255817958,1844,0,16,18872,18872,18872,3781,3622,14090
1,2338,2337,1791084255866114,1791084255868186,2072,0,17,18599,18599,18599,3883,3853,14675
1,2339,2338,1791084255916114,1791084255918143,2029,0,18,18819,18819,18819,4150,4068,15578
1,2340,2339,1791084255966114,1791084255967529,1415,0,19,18835,18835,18835,3303,3160,11869
1,2341,2340,1791084256016114,1791084256018141,2027,0,0,18626,18626,18626,3462,3339,12316
1,2342,2341,1791084256066114,1791084256068074,1960,0,1,18935,18935,18935,3516,3143,12170
1,2343,2342,1791084256116114,1791084256117355,1241,0,2,18682,18682,18682,3236,3062,11596
1,2344,2343,1791084256166114,1791084256167531,1417,0,3,18826,18826,18826,3488,3335,12905
1,2345,2344,1791084256216114,1791084256217430,1316,0,4,18604,18604,18604,3546,3467,12882
1,2346,2345,1791084256266114,1791084256267362,1248,0,5,18709,18709,18709,3277,3210,12032
1,2347,2346,1791084256316114,1791084256317730,1616,0,6,18617,18617,18617,3406,3367,12178
1,2348,2347,1791084256366114,1791084256367599,1485,0,7,18850,18850,18850,3471,3014,12027
1,2349,2348,1791084256416114,1791084256417650,1536,0,8,18851,18851,18851,3336,2998,11799
1,2350,2349,1791084256466114,1791084256468158,2044,0,9,18646,18646,18646,3405,3064,11972
1,2351,2350,1791084256516114,1791084256518116,2002,0,10,18692,18692,18692,3466,3414,12429
1,2352,2351,1791084256566114,1791084256567427,1313,0,11,18798,18798,18798,3492,3216,12524
1,2353,2352,1791084256616114,1791084256617423,1309,0,12,18837,18837,18837,3431,3220,12021
1,2354,2353,1791084256666114,1791084256668124,2010,0,13,18708,18708,18708,3609,3558,13537
1,2355,2354,1791084256716114,1791084256717594,1480,0,14,18699,18699,18699,3334,3263,12078
1,2356,2355,1791084256766114,1791084256767769,1655,0,15,18795,18795,18795,3272,2918,11219
1,2357,2356,1791084256816114,1791084256818180,2066,0,16,18872,18872,18872,3348,3256,12376
1,2358,2357,1791084256866114,1791084256867814,1700,0,17,18599,18599,18599,3420,3249,12625
1,2359,2358,1791084256916114,1791084256917584,1470,0,18,18819,18819,18819,3586,3411,13030
1,2360,2359,1791084256966114,1791084256967642,1528,0,19,18835,18835,18835,2972,2927,10755
1,2361,2360,1791084257016114,1791084257018061,1947,0,0,18626,18626,18626,3046,2707,10320
1,2362,2361,1791084257066114,1791084257067781,1667,0,1,18935,18935,18935,3147,2765,10685
1,2363,2362,1791084257116114,1791084257118091,1977,0,2,18682,18682,18682,2924,2803,10485
1,2364,2363,1791084257166114,1791084257168214,2100,0,3,18826,18826,18826,3121,2806,10977
1,2365,2364,1791084257216114,1791084257218302,2188,0,4,18604,18604,18604,3146,3026,11474
1,2366,2365,1791084257266114,1791084257267866,1752,0,5,18709,18709,18709,2945,2890,10770
1,2367,2366,1791084257316114,1791084257317847,1733,0,6,18617,18617,18617,3019,2920,10692
1,2368,2367,1791084257366114,1791084257367599,1485,0,7,18850,18850,18850,3085,2637,10397
1,2369,2368,1791084257416114,1791084257418173,2059,0,8,18851,18851,18851,3021,2725,10618
1,2370,2369,1791084257466114,1791084257468163,2049,0,9,18646,18646,18646,3033,2811,10871
1,2371,2370,1791084257516114,1791084257517704,1590,0,10,18692,18692,18692,3025,2880,10584
1,2372,2371,1791084257566114,1791084257567565,1451,0,11,18798,18798,18798,3037,2737,10691
1,2373,2372,1791084257616114,1791084257617991,1877,0,12,18837,18837,18837,3149,2802,10865
1,2374,2373,1791084257666114,1791084257667457,1343,0,13,18708,18708,18708,3143,2934,11511
1,2375,2374,1791084257716114,1791084257717545,1431,0,14,18699,18699,18699,2947,2797,10441
1,2376,2375,1791084257766114,1791084257767755,1641,0,15,18795,18795,18795,2943,2579,10017
1,2377,2376,1791084257816114,1791084257818253,2139,0,16,18872,18872,18872,2996,2707,10689
1,2378,2377,1791084257866114,1791084257894951,28837,0,17,18599,18599,18599,3114,3051,11566
1,2379,2378,1791084257916114,1791084257943298,27184,0,18,18819,18819,18819,3136,3089,11410
1,2380,2379,1791084257966114,1791084257985844,19730,0,19,18835,18835,18835,2698,2515,9387
1,2381,2380,1791084258016114,1791084258030084,13970,0,0,18626,18626,18626,2784,2663,9718
1,2382,2381,1791084258066114,1791084258074914,8800,0,1,18935,18935,18935,2860,2397,9383
1,2383,2382,1791084258116114,1791084258122543,6429,0,2,18682,18682,18682,2715,2642,9839
1,2384,2383,1791084258166114,1791084258168141,2027,0,3,18826,18826,18826,2800,2525,9739
1,2385,2384,1791084258216114,1791084258217932,1818,0,4,18604,18604,18604,2851,2733,10186
1,2386,2385,1791084258266114,1791084258267915,1801,0,5,18709,18709,18709,2743,2574,9675
1,2387,2386,1791084258316114,1791084258317442,1328,0,6,18617,18617,18617,2736,2600,9522
1,2388,2387,1791084258366114,1791084258367548,1434,0,7,18850,18850,18850,2861,2817,10394
1,2389,2388,1791084258416114,1791084258418100,1986,0,8,18851,18851,18851,2708,2458,9433
1,2390,2389,1791084258466114,1791084258468060,1946,0,9,18646,18646,18646,2769,2635,10121
1,2391,2390,1791084258516114,1791084258518110,1996,0,10,18692,18692,18692,2791,2613,9720
1,2392,2391,1791084258566114,1791084258567882,1768,0,11,18798,18798,18798,2808,2556,9875
1,2393,2392,1791084258616114,1791084258617697,1583,0,12,18837,18837,18837,2816,2462,9527
1,2394,2393,1791084258666114,1791084258667862,1748,0,13,18708,18708,18708,2868,2572,10012
1,2395,2394,1791084258716114,1791084258717531,1417,0,14,18699,18699,18699,2702,2359,9173
1,2396,2395,1791084258766114,1791084258767649,1535,0,15,18795,18795,18795,2683,2526,9510
1,2397,2396,1791084258816114,1791084258817806,1692,0,16,18872,18872,18872,2743,2612,9902
1,2398,2397,1791084258866114,1791084258868063,1949,0,17,18599,18599,18599,2838,2598,9985
1,2399,2398,1791084258916114,1791084258917480,1366,0,18,18819,18819,18819,2903,2798,10447
1,2400,2399,1791084258966114,1791084258967733,1619,0,19,18835,18835,18835,8415,7986,23149
1,2401,2400,1791084259016114,1791084259017754,1640,0,0,18626,18626,18626,8449,7873,23050
1,2402,2401,1791084259066114,1791084259068097,1983,0,1,18935,18935,18935,8529,7984,23830
1,2403,2402,1791084259116114,1791084259117651,1537,0,2,18682,18682,18682,8215,7871,23273
1,2404,2403,1791084259166114,1791084259167695,1581,0,3,18826,18826,18826,8307,8100,23529
1,2405,2404,1791084259216114,1791084259219131,3017,0,4,18604,18604,18604,8387,7829,22964
1,2406,2405,1791084259266114,1791084259267388,1274,0,5,18709,18709,18709,8192,7491,22881
1,2407,2406,1791084259316114,1791084259318047,1933,0,6,18617,18617,18617,8152,7855,23815
1,2408,2407,1791084259366114,1791084259367487,1373,0,7,18850,18850,18850,8384,7886,23243
1,2409,2408,1791084259416114,1791084259418071,1957,0,8,18851,18851,18851,8373,7933,23044
1,2410,2409,1791084259466114,1791084259467519,1405,0,9,18646,18646,18646,8291,7453,22714
1,2411,2410,1791084259516114,1791084259518225,2111,0,10,18692,18692,18692,8374,8258,24794
1,2412,2411,1791084259566114,1791084259567595,1481,0,11,18798,18798,18798,8322,7607,22786
1,2413,2412,1791084259616114,1791084259620162,4048,0,12,18837,18837,18837,8405,8065,24215
1,2414,2413,1791084259666114,1791084259667806,1692,0,13,18708,18708,18708,8319,7763,22896
1,2415,2414,1791084259716114,1791084259717459,1345,0,14,18699,18699,18699,8436,7963,23809
1,2416,2415,1791084259766114,1791084259767638,1524,0,15,18795,18795,18795,8422,8152,23800
1,2417,2416,1791084259816114,1791084259817612,1498,0,16,18872,18872,18872,8369,7941,23197
1,2418,2417,1791084259866114,1791084259867953,1839,0,17,18599,18599,18599,8251,7608,22813
1,2419,2418,1791084259916114,1791084259918111,1997,0,18,18819,18819,18819,8243,7411,22848
1,2420,2419,1791084259966114,1791084259967578,1464,0,19,18835,18835,18835,10528,9634,28650
1,2421,2420,1791084260016114,1791084260018064,1950,0,0,18626,18626,18626,10263,9596,27830
1,2422,2421,1791084260066114,1791084260067504,1390,0,1,18935,18935,18935,10499,10175,28429
1,2423,2422,1791084260116114,1791084260117774,1660,0,2,18682,18682,18682,10317,9999,27713
1,2424,2423,1791084260166114,1791084260167579,1465,0,3,18826,18826,18826,10340,9703,27437
1,2425,2424,1791084260216114,1791084260217396,1282,0,4,18604,18604,18604,10217,9898,27733
1,2426,2425,1791084260266114,1791084260268310,2196,0,5,18709,18709,18709,10192,9684,27538
1,2427,2426,1791084260316114,1791084260318300,2186,0,6,18617,18617,18617,10410,10255,28556
1,2428,2427,1791084260366114,1791084260367522,1408,0,7,18850,18850,18850,10243,9274,26623
1,2429,2428,1791084260416114,1791084260418034,1920,0,8,18851,18851,18851,10556,10127,29536
1,2430,2429,1791084260466114,1791084260467366,1252,0,9,18646,18646,18646,10315,10069,28090
1,2431,2430,1791084260516114,1791084260517911,1797,0,10,18692,18692,18692,10334,10280,28030
1,2432,2431,1791084260566114,1791084260567599,1485,0,11,18798,18798,18798,10331,10264,28412
1,2433,2432,1791084260616114,1791084260617412,1298,0,12,18837,18837,18837,10468,9480,27041
1,2434,2433,1791084260666114,1791084260667462,1348,0,13,18708,18708,18708,10190,9558,27979
1,2435,2434,1791084260716114,1791084260718251,2137,0,14,18699,18699,18699,10267,9423,27290
1,2436,2435,1791084260766114,1791084260767679,1565,0,15,18795,18795,18795,10352,9774,28379
1,2437,2436,1791084260816114,1791084260817599,1485,0,16,18872,18872,18872,10355,9599,27610
1,2438,2437,1791084260866114,1791084260867522,1408,0,17,18599,18599,18599,10096,9603,27479
1,2439,2438,1791084260916114,1791084260917677,1563,0,18,18819,18819,18819,10173,9717,27442
1,2440,2439,1791084260966114,1791084260967836,1722,0,19,18835,18835,18835,11310,10644,29709
1,2441,2440,1791084261016114,1791084261017619,1505,0,0,18626,18626,18626,11062,10932,29863
1,2442,2441,1791084261066114,1791084261082599,16485,0,1,18935,18935,18935,11445,10964,30384
1,2443,2442,1791084261116114,1791084261136855,20741,0,2,18682,18682,18682,11142,10734,29849
1,2444,2443,1791084261166114,1791084261183470,17356,0,3,18826,18826,18826,11193,10888,29938
1,2445,2444,1791084261216114,1791084261225983,9869,0,4,18604,18604,18604,11181,10747,29658
1,2446,2445,1791084261266114,1791084261272113,5999,0,5,18709,18709,18709,11237,10500,29784
1,2447,2446,1791084261316114,1791084261321259,5145,0,6,18617,18617,18617,11214,10759,30073
1,2448,2447,1791084261366114,1791084261368816,2702,0,7,18850,18850,18850,11175,10602,29646
1,2449,2448,1791084261416114,1791084261417753,1639,0,8,18851,18851,18851,11447,10674,30573
1,2450,2449,1791084261466114,1791084261468277,2163,0,9,18646,18646,18646,11096,11052,30385
1,2451,2450,1791084261516114,1791084261517544,1430,0,10,18692,18692,18692,11358,11207,30244
1,2452,2451,1791084261566114,1791084261567517,1403,0,11,18798,18798,18798,11266,10689,29892
1,2453,2452,1791084261616114,1791084261617961,1847,0,12,18837,18837,18837,11178,10634,29885
1,2454,2453,1791084261666114,1791084261667518,1404,0,13,18708,18708,18708,11068,10424,29133
1,2455,2454,1791084261716114,1791084261717488,1374,0,14,18699,18699,18699,11081,10449,29337
1,2456,2455,1791084261766114,1791084261767401,1287,0,15,18795,18795,18795,11098,10422,29410
1,2457,2456,1791084261816114,1791084261817948,1834,0,16,18872,18872,18872,11136,10774,30022
1,2458,2457,1791084261866114,1791084261867638,1524,0,17,18599,18599,18599,11016,10655,29638
1,2459,2458,1791084261916114,1791084261917355,1241,0,18,18819,18819,18819,11096,10457,29363
1,2460,2459,1791084261966114,1791084261967644,1530,0,19,18835,18835,18835,11825,11214,31806
1,2461,2460,1791084262016114,1791084262017517,1403,0,0,18626,18626,18626,11587,11390,31236
1,2462,2461,1791084262066114,1791084262067422,1308,0,1,18935,18935,18935,11945,11198,31283
1,2463,2462,1791084262116114,1791084262117632,1518,0,2,18682,18682,18682,11609,10981,30925
1,2464,2463,1791084262166114,1791084262168147,2033,0,3,18826,18826,18826,11749,11029,31300
1,2465,2464,1791084262216114,1791084262218319,2205,0,4,18604,18604,18604,11633,11162,31302
1,2466,2465,1791084262266114,1791084262267788,1674,0,5,18709,18709,18709,11814,11316,31530
1,2467,2466,1791084262316114,1791084262317473,1359,0,6,18617,18617,18617,11688,11126,31157
1,2468,2467,1791084262366114,1791084262367354,1240,0,7,18850,18850,18850,11736,10957,30958
1,2469,2468,1791084262416114,1791084262419437,3323,0,8,18851,18851,18851,11798,11581,32100
1,2470,2469,1791084262466114,1791084262467575,1461,0,9,18646,18646,18646,11619,11490,31135
1,2471,2470,1791084262516114,1791084262517421,1307,0,10,18692,18692,18692,11831,11381,31379
1,2472,2471,1791084262566114,1791084262567801,1687,0,11,18798,18798,18798,11842,11145,31316
1,2473,2472,1791084262616114,1791084262617690,1576,0,12,18837,18837,18837,11964,11635,32525
1,2474,2473,1791084262666114,1791084262667881,1767,0,13,18708,18708,18708,11697,11048,31179
1,2475,2474,1791084262716114,1791084262717875,1761,0,14,18699,18699,18699,11644,10702,30434
1,2476,2475,1791084262766114,1791084262767581,1467,0,15,18795,18795,18795,11575,11280,31805
1,2477,2476,1791084262816114,1791084262817938,1824,0,16,18872,18872,18872,11663,10772,30357
1,2478,2477,1791084262866114,1791084262867531,1417,0,17,18599,18599,18599,11812,11434,32419
1,2479,2478,1791084262916114,1791084262917321,1207,0,18,18819,18819,18819,11739,11685,31611
1,2480,2479,1791084262966114,1791084262967592,1478,0,19,18835,18835,18835,12090,11417,32106
1,2481,2480,1791084263016114,1791084263017524,1410,0,0,18626,18626,18626,11892,10911,31069
1,2482,2481,1791084263066114,1791084263067637,1523,0,1,18935,18935,18935,12023,11593,32620
1,2483,2482,1791084263116114,1791084263119588,3474,0,2,18682,18682,18682,11918,11246,31347
1,2484,2483,1791084263166114,1791084263167906,1792,0,3,18826,18826,18826,12004,10894,31378
1,2485,2484,1791084263216114,1791084263217551,1437,0,4,18604,18604,18604,11802,11546,32455
1,2486,2485,1791084263266114,1791084263267973,1859,0,5,18709,18709,18709,12034,11876,32409
1,2487,2486,1791084263316114,1791084263318039,1925,0,6,18617,18617,18617,11982,11599,31930
1,2488,2487,1791084263366114,1791084263368307,2193,0,7,18850,18850,18850,11952,11509,31937
1,2489,2488,1791084263416114,1791084263418166,2052,0,8,18851,18851,18851,12066,11405,31777
1,2490,2489,1791084263466114,1791084263468249,2135,0,9,18646,18646,18646,11862,11251,31698
1,2491,2490,1791084263516114,1791084263518313,2199,0,10,18692,18692,18692,12034,11755,32768
1,2492,2491,1791084263566114,1791084263567591,1477,0,11,18798,18798,18798,12133,11898,32771
1,2493,2492,1791084263616114,1791084263617725,1611,0,12,18837,18837,18837,12171,11307,31913
1,2494,2493,1791084263666114,1791084263667468,1354,0,13,18708,18708,18708,11979,11012,31661
1,2495,2494,1791084263716114,1791084263717876,1762,0,14,18699,18699,18699,11674,10692,30792
1,2496,2495,1791084263766114,1791084263767676,1562,0,15,18795,18795,18795,11635,10665,30745
1,2497,2496,1791084263816114,1791084263818081,1967,0,16,18872,18872,18872,12065,11538,33133
1,2498,2497,1791084263866114,1791084263867385,1271,0,17,18599,18599,18599,11994,11510,32360
1,2499,2498,1791084263916114,1791084263917478,1364,0,18,18819,18819,18819,12107,10900,31526
1,2500,2499,1791084263966114,1791084263967611,1497,0,19,18835,18835,18835,12163,10929,32529
1,2501,2500,1791084264016114,1791084264018269,2155,0,0,18626,18626,18626,11965,11624,32906
1,2502,2501,1791084264066114,1791084264067558,1444,0,1,18935,18935,18935,12279,11912,32806
1,2503,2502,1791084264116114,1791084264118068,1954,0,2,18682,18682,18682,12066,11243,31861
1,2504,2503,1791084264166114,1791084264167664,1550,0,3,18826,18826,18826,12124,11480,32542
1,2505,2504,1791084264216114,1791084264218043,1929,0,4,18604,18604,18604,11985,11771,32480
1,2506,2505,1791084264266114,1791084264267774,1660,0,5,18709,18709,18709,12148,11359,32083
1,2507,2506,1791084264316114,1791084264317752,1638,0,6,18617,18617,18617,12127,11684,32852
1,2508,2507,1791084264366114,1791084264367582,1468,0,7,18850,18850,18850,12163,11779,32743
1,2509,2508,1791084264416114,1791084264418184,2070,0,8,18851,18851,18851,12354,11587,32917
1,2510,2509,1791084264466114,1791084264467344,1230,0,9,18646,18646,18646,12182,11594,32961
1,2511,2510,1791084264516114,1791084264517677,1563,0,10,18692,18692,18692,12313,12146,33306
1,2512,2511,1791084264566114,1791084264567504,1390,0,11,18798,18798,18798,12384,11567,32628
1,2513,2512,1791084264616114,1791084264617535,1421,0,12,18837,18837,18837,12403,11930,33965
1,2514,2513,1791084264666114,1791084264667878,1764,0,13,18708,18708,18708,12206,11281,32028
1,2515,2514,1791084264716114,1791084264718290,2176,0,14,18699,18699,18699,11851,11499,32296
1,2516,2515,1791084264766114,1791084264767639,1525,0,15,18795,18795,18795,12054,11087,31449
1,2517,2516,1791084264816114,1791084264817447,1333,0,16,18872,18872,18872,12029,11448,32639
1,2518,2517,1791084264866114,1791084264868322,2208,0,17,18599,18599,18599,12159,11315,32222
1,2519,2518,1791084264916114,1791084264918008,1894,0,18,18819,18819,18819,12239,11695,33039
1,2520,2519,1791084264966114,1791084264967546,1432,0,19,18835,18835,18835,12179,11527,32735
1,2521,2520,1791084265016114,1791084265017802,1688,0,0,18626,18626,18626,12166,11929,32955
1,2522,2521,1791084265066114,1791084265067629,1515,0,1,18935,18935,18935,12441,12434,33835
1,2523,2522,1791084265116114,1791084265117448,1334,0,2,18682,18682,18682,12302,11644,32599
1,2524,2523,1791084265166114,1791084265167404,1290,0,3,18826,18826,18826,12276,11043,32006
1,2525,2524,1791084265216114,1791084265219325,3211,0,4,18604,18604,18604,11888,11435,32561
1,2526,2525,1791084265266114,1791084265267954,1840,0,5,18709,18709,18709,12341,11793,33052
1,2527,2526,1791084265316114,1791084265318107,1993,0,6,18617,18617,18617,12301,12116,33187
1,2528,2527,1791084265366114,1791084265367787,1673,0,7,18850,18850,18850,12388,12275,33883
1,2529,2528,1791084265416114,1791084265418265,2151,0,8,18851,18851,18851,12407,11419,32170
1,2530,2529,1791084265466114,1791084265468226,2112,0,9,18646,18646,18646,12119,11659,33022
1,2531,2530,1791084265516114,1791084265517407,1293,0,10,18692,18692,18692,12269,11662,32898
1,2532,2531,1791084265566114,1791084265567833,1719,0,11,18798,18798,18798,12416,11422,32944
1,2533,2532,1791084265616114,1791084265618034,1920,0,12,18837,18837,18837,12503,11806,34411
1,2534,2533,1791084265666114,1791084265667705,1591,0,13,18708,18708,18708,12338,11561,32556
1,2535,2534,1791084265716114,1791084265717377,1263,0,14,18699,18699,18699,12064,11230,31777
1,2536,2535,1791084265766114,1791084265767528,1414,0,15,18795,18795,18795,12051,10859,31641
1,2537,2536,1791084265816114,1791084265817952,1838,0,16,18872,18872,18872,12152,11536,33375
1,2538,2537,1791084265866114,1791084265867628,1514,0,17,18599,18599,18599,12301,11988,33649
1,2539,2538,1791084265916114,1791084265918022,1908,0,18,18819,18819,18819,12370,11241,32519
1,2540,2539,1791084265966114,1791084265967569,1455,0,19,18835,18835,18835,12787,12512,36923
1,2541,2540,1791084266016114,1791084266017586,1472,0,0,18626,18626,18626,12457,11683,33573
1,2542,2541,1791084266066114,1791084266067608,1494,0,1,18935,18935,18935,12710,12622,35550
1,2543,2542,1791084266116114,1791084266119606,3492,0,2,18682,18682,18682,12492,12414,34035
1,2544,2543,1791084266166114,1791084266167854,1740,0,3,18826,18826,18826,12506,11547,32878
1,2545,2544,1791084266216114,1791084266217481,1367,0,4,18604,18604,18604,12042,11295,32356
1,2546,2545,1791084266266114,1791084266267404,1290,0,5,18709,18709,18709,12536,11835,33974
1,2547,2546,1791084266316114,1791084266318199,2085,0,6,18617,18617,18617,12421,12052,33803
1,2548,2547,1791084266366114,1791084266367952,1838,0,7,18850,18850,18850,12604,11630,33263
1,2549,2548,1791084266416114,1791084266417472,1358,0,8,18851,18851,18851,12416,11508,33518
1,2550,2549,1791084266466114,1791084266467950,1836,0,9,18646,18646,18646,12197,11471,32758
1,2551,2550,1791084266516114,1791084266518392,2278,0,10,18692,18692,18692,12446,11963,33900
1,2552,2551,1791084266566114,1791084266567625,1511,0,11,18798,18798,18798,12501,12256,34260
1,2553,2552,1791084266616114,1791084266618248,2134,0,12,18837,18837,18837,12627,11859,33697
1,2554,2553,1791084266666114,1791084266668071,1957,0,13,18708,18708,18708,12603,12281,34901
1,2555,2554,1791084266716114,1791084266717674,1560,0,14,18699,18699,18699,12291,11671,32971
1,2556,2555,1791084266766114,1791084266767898,1784,0,15,18795,18795,18795,12137,11411,32616
1,2557,2556,1791084266816114,1791084266817782,1668,0,16,18872,18872,18872,12232,11639,33090
1,2558,2557,1791084266866114,1791084266867699,1585,0,17,18599,18599,18599,12368,12164,33905
1,2559,2558,1791084266916114,1791084266918264,2150,0,18,18819,18819,18819,12637,12504,34439
1,2560,2559,1791084266966114,1791084266967599,1485,0,19,18835,18835,18835,12799,12350,34426
1,2561,2560,1791084267016114,1791084267017586,1472,0,0,18626,18626,18626,12531,11810,33488
1,2562,2561,1791084267066114,1791084267067710,1596,0,1,18935,18935,18935,12899,11604,33840
1,2563,2562,1791084267116114,1791084267117389,1275,0,2,18682,18682,18682,12414,11304,33632
1,2564,2563,1791084267166114,1791084267167784,1670,0,3,18826,18826,18826,12569,11407,33703
1,2565,2564,1791084267216114,1791084267217428,1314,0,4,18604,18604,18604,12115,11722,33357
1,2566,2565,1791084267266114,1791084267267352,1238,0,5,18709,18709,18709,12524,12012,33971
1,2567,2566,1791084267316114,1791084267317783,1669,0,6,18617,18617,18617,12393,11759,33467
1,2568,2567,1791084267366114,1791084267367553,1439,0,7,18850,18850,18850,12623,11848,33741
1,2569,2568,1791084267416114,1791084267418027,1913,0,8,18851,18851,18851,12527,11769,33735
1,2570,2569,1791084267466114,1791084267468006,1892,0,9,18646,18646,18646,12257,11890,33339
1,2571,2570,1791084267516114,1791084267517373,1259,0,10,18692,18692,18692,12607,11888,33871
1,2572,2571,1791084267566114,1791084267567534,1420,0,11,18798,18798,18798,12671,11803,34062
1,2573,2572,1791084267616114,1791084267617634,1520,0,12,18837,18837,18837,12650,12011,34518
1,2574,2573,1791084267666114,1791084267667869,1755,0,13,18708,18708,18708,12612,11648,33454
1,2575,2574,1791084267716114,1791084267718216,2102,0,14,18699,18699,18699,12252,11335,33098
1,2576,2575,1791084267766114,1791084267767596,1482,0,15,18795,18795,18795,12349,11480,33037
1,2577,2576,1791084267816114,1791084267817755,1641,0,16,18872,18872,18872,12252,11781,33142
1,2578,2577,1791084267866114,1791084267867799,1685,0,17,18599,18599,18599,12573,12182,34141
1,2579,2578,1791084267916114,1791084267917857,1743,0,18,18819,18819,18819,12795,12639,34699
1,2580,2579,1791084267966114,1791084267967548,1434,0,19,18835,18835,18835,12909,11808,34048
1,2581,2580,1791084268016114,1791084268017491,1377,0,0,18626,18626,18626,12750,12221,36074
1,2582,2581,1791084268066114,1791084268068012,1898,0,1,18935,18935,18935,12883,12200,34871
1,2583,2582,1791084268116114,1791084268117338,1224,0,2,18682,18682,18682,12661,12305,35166
1,2584,2583,1791084268166114,1791084268167493,1379,0,3,18826,18826,18826,12638,12206,34738
1,2585,2584,1791084268216114,1791084268217686,1572,0,4,18604,18604,18604,12349,11583,33595
1,2586,2585,1791084268266114,1791084268267745,1631,0,5,18709,18709,18709,12708,11896,34817
1,2587,2586,1791084268316114,1791084268318074,1960,0,6,18617,18617,18617,12602,12223,34925
1,2588,2587,1791084268366114,1791084268368092,1978,0,7,18850,18850,18850,12738,12294,34850
1,2589,2588,1791084268416114,1791084268420596,4482,0,8,18851,18851,18851,12618,12306,34516
1,2590,2589,1791084268466114,1791084268468195,2081,0,9,18646,18646,18646,12589,12279,34394
1,2591,2590,1791084268516114,1791084268518296,2182,0,10,18692,18692,18692,12675,12074,34559
1,2592,2591,1791084268566114,1791084268567643,1529,0,11,18798,18798,18798,12722,12402,35200
1,2593,2592,1791084268616114,1791084268617869,1755,0,12,18837,18837,18837,12774,11532,33657
1,2594,2593,1791084268666114,1791084268668218,2104,0,13,18708,18708,18708,12544,12201,35454
1,2595,2594,1791084268716114,1791084268746827,30713,0,14,18699,18699,18699,12459,11483,33085
1,2596,2595,1791084268766114,1791084268788035,21921,0,15,18795,18795,18795,12296,11422,33056
1,2597,2596,1791084268816114,1791084268831082,14968,0,16,18872,18872,18872,12382,11287,33038
1,2598,2597,1791084268866114,1791084268874667,8553,0,17,18599,18599,18599,12504,11755,34224
1,2599,2598,1791084268916114,1791084268917614,1500,0,18,18819,18819,18819,12643,12624,34841
1,2600,2599,1791084268966114,1791084268968220,2106,0,19,18835,18835,18835,12864,12380,34868
1,2601,2600,1791084269016114,1791084269017994,1880,0,0,18626,18626,18626,12768,11949,34311
1,2602,2601,1791084269066114,1791084269068345,2231,0,1,18935,18935,18935,12988,12694,35668
1,2603,2602,1791084269116114,1791084269118051,1937,0,2,18682,18682,18682,12680,11931,33879
1,2604,2603,1791084269166114,1791084269167674,1560,0,3,18826,18826,18826,12683,11878,34182
1,2605,2604,1791084269216114,1791084269217820,1706,0,4,18604,18604,18604,12460,12169,33963
1,2606,2605,1791084269266114,1791084269267564,1450,0,5,18709,18709,18709,12701,11885,34171
1,2607,2606,1791084269316114,1791084269317851,1737,0,6,18617,18617,18617,12761,11789,34385
1,2608,2607,1791084269366114,1791084269367934,1820,0,7,18850,18850,18850,12752,11956,34659
1,2609,2608,1791084269416114,1791084269417539,1425,0,8,18851,18851,18851,12827,12240,34889
1,2610,2609,1791084269466114,1791084269467989,1875,0,9,18646,18646,18646,12525,12272,34255
1,2611,2610,1791084269516114,1791084269517884,1770,0,10,18692,18692,18692,12723,12195,34197
1,2612,2611,1791084269566114,1791084269567640,1526,0,11,18798,18798,18798,12899,11744,34201
1,2613,2612,1791084269616114,1791084269618206,2092,0,12,18837,18837,18837,12825,11832,34898
1,2614,2613,1791084269666114,1791084269668148,2034,0,13,18708,18708,18708,12374,11112,32468
1,2615,2614,1791084269716114,1791084269718190,2076,0,14,18699,18699,18699,12230,11162,33001
1,2616,2615,1791084269766114,1791084269768520,2406,0,15,18795,18795,18795,12241,11713,33641
1,2617,2616,1791084269816114,1791084269817348,1234,0,16,18872,18872,18872,12522,12391,34385
1,2618,2617,1791084269866114,1791084269867705,1591,0,17,18599,18599,18599,12635,11826,33856
1,2619,2618,1791084269916114,1791084269918059,1945,0,18,18819,18819,18819,12784,12071,34750
1,2620,2619,1791084269966114,1791084269968214,2100,0,19,18835,18835,18835,12870,12652,35429
1,2621,2620,1791084270016114,1791084270017723,1609,0,0,18626,18626,18626,12780,12355,34486
1,2622,2621,1791084270066114,1791084270067636,1522,0,1,18935,18935,18935,12905,12038,34589
1,2623,2622,1791084270116114,1791084270117747,1633,0,2,18682,18682,18682,12764,11932,34543
1,2624,2623,1791084270166114,1791084270167622,1508,0,3,18826,18826,18826,12636,11867,34261
1,2625,2624,1791084270216114,1791084270218013,1899,0,4,18604,18604,18604,12504,12319,34375
1,2626,2625,1791084270266114,1791084270267863,1749,0,5,18709,18709,18709,12688,12020,34097
1,2627,2626,1791084270316114,1791084270317468,1354,0,6,18617,18617,18617,12654,11677,34030
1,2628,2627,1791084270366114,1791084270368296,2182,0,7,18850,18850,18850,12697,11893,34659
1,2629,2628,1791084270416114,1791084270417505,1391,0,8,18851,18851,18851,12712,12086,34748
1,2630,2629,1791084270466114,1791084270467525,1411,0,9,18646,18646,18646,12749,11940,34458
1,2631,2630,1791084270516114,1791084270517529,1415,0,10,18692,18692,18692,12719,12430,35078
1,2632,2631,1791084270566114,1791084270567286,1172,0,11,18798,18798,18798,12880,12664,35320
1,2633,2632,1791084270616114,1791084270617877,1763,0,12,18837,18837,18837,12787,11988,34510
1,2634,2633,1791084270666114,1791084270668243,2129,0,13,18708,18708,18708,12787,12173,35608
1,2635,2634,1791084270716114,1791084270717986,1872,0,14,18699,18699,18699,12706,12138,35090
1,2636,2635,1791084270766114,1791084270767573,1459,0,15,18795,18795,18795,12731,12315,35631
1,2637,2636,1791084270816114,1791084270817541,1427,0,16,18872,18872,18872,12905,12154,35104
1,2638,2637,1791084270866114,1791084270867456,1342,0,17,18599,18599,18599,12802,12041,35025
1,2639,2638,1791084270916114,1791084270917361,1247,0,18,18819,18819,18819,12905,12278,35683
1,2640,2639,1791084270966114,1791084270968133,2019,0,19,18835,18835,18835,13088,12364,35841
1,2641,2640,1791084271016114,1791084271017836,1722,0,0,18626,18626,18626,12878,11967,34905
1,2642,2641,1791084271066114,1791084271067485,1371,0,1,18935,18935,18935,13028,12437,36370
1,2643,2642,1791084271116114,1791084271118099,1985,0,2,18682,18682,18682,12875,12690,35844
1,2644,2643,1791084271166114,1791084271167642,1528,0,3,18826,18826,18826,12864,11966,34632
1,2645,2644,1791084271216114,1791084271218347,2233,0,4,18604,18604,18604,12823,11965,35466
1,2646,2645,1791084271266114,1791084271268239,2125,0,5,18709,18709,18709,12949,12558,36187
1,2647,2646,1791084271316114,1791084271317556,1442,0,6,18617,18617,18617,12783,12442,34983
1,2648,2647,1791084271366114,1791084271367853,1739,0,7,18850,18850,18850,12821,12091,34559
1,2649,2648,1791084271416114,1791084271417718,1604,0,8,18851,18851,18851,12904,12330,35741
1,2650,2649,1791084271466114,1791084271467988,1874,0,9,18646,18646,18646,12834,12455,35529
1,2651,2650,1791084271516114,1791084271517324,1210,0,10,18692,18692,18692,12888,12284,35129
1,2652,2651,1791084271566114,1791084271567447,1333,0,11,18798,18798,18798,12942,12659,35703
1,2653,2652,1791084271616114,1791084271617939,1825,0,12,18837,18837,18837,12946,12154,34700
1,2654,2653,1791084271666114,1791084271667748,1634,0,13,18708,18708,18708,12956,12453,36027
1,2655,2654,1791084271716114,1791084271717635,1521,0,14,18699,18699,18699,12893,12451,35553
1,2656,2655,1791084271766114,1791084271767938,1824,0,15,18795,18795,18795,12886,12139,35268
1,2657,2656,1791084271816114,1791084271817421,1307,0,16,18872,18872,18872,13060,13008,36666
1,2658,2657,1791084271866114,1791084271867833,1719,0,17,18599,18599,18599,12833,11635,33668
1,2659,2658,1791084271916114,1791084271918085,1971,0,18,18819,18819,18819,12854,12444,36115
1,2660,2659,1791084271966114,1791084271967577,1463,0,19,18835,18835,18835,13083,12087,35043
1,2661,2660,1791084272016114,1791084272017388,1274,0,0,18626,18626,18626,12997,12318,35751
1,2662,2661,1791084272066114,1791084272068845,2731,0,1,18935,18935,18935,13068,12470,35562
1,2663,2662,1791084272116114,1791084272117769,1655,0,2,18682,18682,18682,12829,12103,34890
1,2664,2663,1791084272166114,1791084272167812,1698,0,3,18826,18826,18826,12850,12058,34630
1,2665,2664,1791084272216114,1791084272218004,1890,0,4,18604,18604,18604,12724,12003,34415
1,2666,2665,1791084272266114,1791084272267565,1451,0,5,18709,18709,18709,13030,12408,35606
1,2667,2666,1791084272316114,1791084272317505,1391,0,6,18617,18617,18617,12896,12229,34897
1,2668,2667,1791084272366114,1791084272367615,1501,0,7,18850,18850,18850,12893,11812,34572
1,2669,2668,1791084272416114,1791084272422800,6686,0,8,18851,18851,18851,12847,12430,35617
1,2670,2669,1791084272466114,1791084272481698,15584,0,9,18646,18646,18646,12813,12541,35130
1,2671,2670,1791084272516114,1791084272528091,11977,0,10,18692,18692,18692,12884,12264,34891
1,2672,2671,1791084272566114,1791084272574600,8486,0,11,18798,18798,18798,12985,12349,35558
1,2673,2672,1791084272616114,1791084272617353,1239,0,12,18837,18837,18837,12925,12246,35100
1,2674,2673,1791084272666114,1791084272667797,1683,0,13,18708,18708,18708,12927,12155,35115
1,2675,2674,1791084272716114,1791084272718234,2120,0,14,18699,18699,18699,12923,12441,35772
1,2676,2675,1791084272766114,1791084272767487,1373,0,15,18795,18795,18795,12803,12360,34983
1,2677,2676,1791084272816114,1791084272817721,1607,0,16,18872,18872,18872,13098,12708,35528
1,2678,2677,1791084272866114,1791084272867565,1451,0,17,18599,18599,18599,12873,12699,35290
1,2679,2678,1791084272916114,1791084272918230,2116,0,18,18819,18819,18819,12873,12691,35313
1,2680,2679,1791084272966114,1791084272967567,1453,0,19,18835,18835,18835,13012,12066,34869
1,2681,2680,1791084273016114,1791084273018255,2141,0,0,18626,18626,18626,12933,12591,36356
1,2682,2681,1791084273066114,1791084273067939,1825,0,1,18935,18935,18935,13161,12874,36188
1,2683,2682,1791084273116114,1791084273118090,1976,0,2,18682,18682,18682,12836,12361,34969
1,2684,2683,1791084273166114,1791084273167682,1568,0,3,18826,18826,18826,13005,12675,35895
1,2685,2684,1791084273216114,1791084273217750,1636,0,4,18604,18604,18604,12920,12697,35684
1,2686,2685,1791084273266114,1791084273268064,1950,0,5,18709,18709,18709,12955,12432,35369
1,2687,2686,1791084273316114,1791084273317707,1593,0,6,18617,18617,18617,12964,12399,35538
1,2688,2687,1791084273366114,1791084273367569,1455,0,7,18850,18850,18850,13131,12231,35807
1,2689,2688,1791084273416114,1791084273417559,1445,0,8,18851,18851,18851,13070,12451,36408
1,2690,2689,1791084273466114,1791084273467576,1462,0,9,18646,18646,18646,12981,12833,36289
1,2691,2690,1791084273516114,1791084273518153,2039,0,10,18692,18692,18692,12973,11877,34364
1,2692,2691,1791084273566114,1791084273567348,1234,0,11,18798,18798,18798,12944,12690,36568
1,2693,2692,1791084273616114,1791084273617443,1329,0,12,18837,18837,18837,13105,12003,35213
1,2694,2693,1791084273666114,1791084273669408,3294,0,13,18708,18708,18708,13013,12586,36788
1,2695,2694,1791084273716114,1791084273718043,1929,0,14,18699,18699,18699,12917,12056,35012
1,2696,2695,1791084273766114,1791084273767529,1415,0,15,18795,18795,18795,13119,12449,36738
1,2697,2696,1791084273816114,1791084273819147,3033,0,16,18872,18872,18872,13038,12120,35565
1,2698,2697,1791084273866114,1791084273867761,1647,0,17,18599,18599,18599,12943,12443,36037
1,2699,2698,1791084273916114,1791084273917367,1253,0,18,18819,18819,18819,12984,12347,35487
1,2700,2699,1791084273966114,1791084273967602,1488,0,19,18835,18835,18835,13131,12435,36016
1,2701,2700,1791084274016114,1791084274018022,1908,0,0,18626,18626,18626,13098,12236,35516
1,2702,2701,1791084274066114,1791084274067676,1562,0,1,18935,18935,18935,13241,12414,36358
1,2703,2702,1791084274116114,1791084274117550,1436,0,2,18682,18682,18682,13029,12369,36122
1,2704,2703,1791084274166114,1791084274167735,1621,0,3,18826,18826,18826,13183,12522,36294
1,2705,2704,1791084274216114,1791084274217455,1341,0,4,18604,18604,18604,13011,12436,35802
1,2706,2705,1791084274266114,1791084274269781,3667,0,5,18709,18709,18709,13020,11894,34731
1,2707,2706,1791084274316114,1791084274317814,1700,0,6,18617,18617,18617,13004,12396,36832
1,2708,2707,1791084274366114,1791084274367601,1487,0,7,18850,18850,18850,13108,12909,36456
1,2709,2708,1791084274416114,1791084274417873,1759,0,8,18851,18851,18851,13043,12069,34881
1,2710,2709,1791084274466114,1791084274467691,1577,0,9,18646,18646,18646,12937,12277,35848
1,2711,2710,1791084274516114,1791084274517600,1486,0,10,18692,18692,18692,13089,12394,35486
1,2712,2711,1791084274566114,1791084274567670,1556,0,11,18798,18798,18798,12879,12270,34934
1,2713,2712,1791084274616114,1791084274617549,1435,0,12,18837,18837,18837,12927,12065,34630
1,2714,2713,1791084274666114,1791084274668192,2078,0,13,18708,18708,18708,13142,12412,36212
1,2715,2714,1791084274716114,1791084274718343,2229,0,14,18699,18699,18699,12861,12271,35136
1,2716,2715,1791084274766114,1791084274767606,1492,0,15,18795,18795,18795,13110,12364,35791
1,2717,2716,1791084274816114,1791084274817516,1402,0,16,18872,18872,18872,13101,12198,35689
1,2718,2717,1791084274866114,1791084274868262,2148,0,17,18599,18599,18599,12911,12334,35426
1,2719,2718,1791084274916114,1791084274917371,1257,0,18,18819,18819,18819,12989,12403,35365
1,2720,2719,1791084274966114,1791084274967437,1323,0,19,18835,18835,18835,13155,12290,35571
1,2721,2720,1791084275016114,1791084275017618,1504,0,0,18626,18626,18626,13090,12223,36043
1,2722,2721,1791084275066114,1791084275067639,1525,0,1,18935,18935,18935,13224,12368,36360
1,2723,2722,1791084275116114,1791084275117991,1877,0,2,18682,18682,18682,12886,12266,35652
1,2724,2723,1791084275166114,1791084275167732,1618,0,3,18826,18826,18826,13194,12373,35728
1,2725,2724,1791084275216114,1791084275217642,1528,0,4,18604,18604,18604,12928,12764,36184
1,2726,2725,1791084275266114,1791084275267644,1530,0,5,18709,18709,18709,13021,12886,36186
1,2727,2726,1791084275316114,1791084275317625,1511,0,6,18617,18617,18617,13086,12518,35777
1,2728,2727,1791084275366114,1791084275367586,1472,0,7,18850,18850,18850,13226,12256,35341
1,2729,2728,1791084275416114,1791084275418337,2223,0,8,18851,18851,18851,13009,11931,35407
1,2730,2729,1791084275466114,1791084275467800,1686,0,9,18646,18646,18646,12777,11711,34717
1,2731,2730,1791084275516114,1791084275517400,1286,0,10,18692,18692,18692,12889,12206,35477
1,2732,2731,1791084275566114,1791084275567835,1721,0,11,18798,18798,18798,12960,12837,36032
1,2733,2732,1791084275616114,1791084275618143,2029,0,12,18837,18837,18837,13094,11747,34602
1,2734,2733,1791084275666114,1791084275668004,1890,0,13,18708,18708,18708,13149,12507,37932
1,2735,2734,1791084275716114,1791084275720315,4201,0,14,18699,18699,18699,13039,11834,35255
1,2736,2735,1791084275766114,1791084275768105,1991,0,15,18795,18795,18795,13118,12455,37435
1,2737,2736,1791084275816114,1791084275818355,2241,0,16,18872,18872,18872,13219,12935,36838
1,2738,2737,1791084275866114,1791084275867795,1681,0,17,18599,18599,18599,12919,12784,35947
1,2739,2738,1791084275916114,1791084275917977,1863,0,18,18819,18819,18819,13151,12699,36235
1,2740,2739,1791084275966114,1791084275967893,1779,0,19,18835,18835,18835,13223,12159,35451
1,2741,2740,1791084276016114,1791084276017874,1760,0,0,18626,18626,18626,12984,12173,36242
1,2742,2741,1791084276066114,1791084276067518,1404,0,1,18935,18935,18935,13195,12523,36083
1,2743,2742,1791084276116114,1791084276117645,1531,0,2,18682,18682,18682,12993,12092,35480
1,2744,2743,1791084276166114,1791084276167564,1450,0,3,18826,18826,18826,13149,12268,36117
1,2745,2744,1791084276216114,1791084276218101,1987,0,4,18604,18604,18604,13105,12622,36943
1,2746,2745,1791084276266114,1791084276267992,1878,0,5,18709,18709,18709,13168,12776,36240
1,2747,2746,1791084276316114,1791084276318096,1982,0,6,18617,18617,18617,13091,12647,35787
1,2748,2747,1791084276366114,1791084276367460,1346,0,7,18850,18850,18850,13231,12809,36249
1,2749,2748,1791084276416114,1791084276418313,2199,0,8,18851,18851,18851,13169,12112,35293
1,2750,2749,1791084276466114,1791084276468006,1892,0,9,18646,18646,18646,13177,12915,37622
1,2751,2750,1791084276516114,1791084276518250,2136,0,10,18692,18692,18692,12982,12635,35698
1,2752,2751,1791084276566114,1791084276567587,1473,0,11,18798,18798,18798,12976,12838,35933
1,2753,2752,1791084276616114,1791084276617344,1230,0,12,18837,18837,18837,13097,11667,34344
1,2754,2753,1791084276666114,1791084276667652,1538,0,13,18708,18708,18708,13079,12400,37934
1,2755,2754,1791084276716114,1791084276717626,1512,0,14,18699,18699,18699,13047,12102,35496
1,2756,2755,1791084276766114,1791084276767579,1465,0,15,18795,18795,18795,13201,12478,36611
1,2757,2756,1791084276816114,1791084276817389,1275,0,16,18872,18872,18872,13250,13051,36715
1,2758,2757,1791084276866114,1791084276867975,1861,0,17,18599,18599,18599,13066,12910,35826
1,2759,2758,1791084276916114,1791084276917839,1725,0,18,18819,18819,18819,13224,12171,35223
1,2760,2759,1791084276966114,1791084276967622,1508,0,19,18835,18835,18835,13125,12881,37399
1,2761,2760,1791084277016114,1791084277017777,1663,0,0,18626,18626,18626,13159,12705,36049
1,2762,2761,1791084277066114,1791084277067702,1588,0,1,18935,18935,18935,13257,12767,36279
1,2763,2762,1791084277116114,1791084277117834,1720,0,2,18682,18682,18682,13091,12566,35672
1,2764,2763,1791084277166114,1791084277167805,1691,0,3,18826,18826,18826,13247,12321,35941
1,2765,2764,1791084277216114,1791084277218205,2091,0,4,18604,18604,18604,13121,12319,36282
1,2766,2765,1791084277266114,1791084277267346,1232,0,5,18709,18709,18709,13003,12869,36412
1,2767,2766,1791084277316114,1791084277317885,1771,0,6,18617,18617,18617,13008,12526,35487
1,2768,2767,1791084277366114,1791084277367940,1826,0,7,18850,18850,18850,13330,12440,36181
1,2769,2768,1791084277416114,1791084277418069,1955,0,8,18851,18851,18851,13164,12683,36778
1,2770,2769,1791084277466114,1791084277468121,2007,0,9,18646,18646,18646,13138,12466,36051
1,2771,2770,1791084277516114,1791084277517697,1583,0,10,18692,18692,18692,13129,12122,35813
1,2772,2771,1791084277566114,1791084277567658,1544,0,11,18798,18798,18798,13153,12263,36684
1,2773,2772,1791084277616114,1791084277617386,1272,0,12,18837,18837,18837,13279,12738,37075
1,2774,2773,1791084277666114,1791084277667988,1874,0,13,18708,18708,18708,13096,12535,35986
1,2775,2774,1791084277716114,1791084277718076,1962,0,14,18699,18699,18699,13012,12547,36144
1,2776,2775,1791084277766114,1791084277767558,1444,0,15,18795,18795,18795,13221,12811,36749
1,2777,2776,1791084277816114,1791084277817818,1704,0,16,18872,18872,18872,13209,13121,36534
1,2778,2777,1791084277866114,1791084277867682,1568,0,17,18599,18599,18599,12974,12825,35966
1,2779,2778,1791084277916114,1791084277918169,2055,0,18,18819,18819,18819,13185,12320,35596
1,2780,2779,1791084277966114,1791084277967688,1574,0,19,18835,18835,18835,13134,12731,36573
1,2781,2780,1791084278016114,1791084278018004,1890,0,0,18626,18626,18626,13079,12568,35917
1,2782,2781,1791084278066114,1791084278068177,2063,0,1,18935,18935,18935,13322,12782,36530
1,2783,2782,1791084278116114,1791084278117759,1645,0,2,18682,18682,18682,12960,12414,35514
1,2784,2783,1791084278166114,1791084278167728,1614,0,3,18826,18826,18826,13206,12504,35871
1,2785,2784,1791084278216114,1791084278217480,1366,0,4,18604,18604,18604,13118,12245,35963
1,2786,2785,1791084278266114,1791084278267466,1352,0,5,18709,18709,18709,13094,12625,36374
1,2787,2786,1791084278316114,1791084278318222,2108,0,6,18617,18617,18617,13065,12447,35687
1,2788,2787,1791084278366114,1791084278367383,1269,0,7,18850,18850,18850,13408,13121,37320
1,2789,2788,1791084278416114,1791084278417905,1791,0,8,18851,18851,18851,13278,11654,34569
1,2790,2789,1791084278466114,1791084278468124,2010,0,9,18646,18646,18646,12954,12742,38289
1,2791,2790,1791084278516114,1791084278517872,1758,0,10,18692,18692,18692,13118,11849,34714
1,2792,2791,1791084278566114,1791084278567530,1416,0,11,18798,18798,18798,13293,12707,38204
1,2793,2792,1791084278616114,1791084278617843,1729,0,12,18837,18837,18837,13306,12502,36201
1,2794,2793,1791084278666114,1791084278667762,1648,0,13,18708,18708,18708,13322,12554,36850
1,2795,2794,1791084278716114,1791084278717872,1758,0,14,18699,18699,18699,13293,12302,36478
1,2796,2795,1791084278766114,1791084278767835,1721,0,15,18795,18795,18795,13224,12476,36797
1,2797,2796,1791084278816114,1791084278818299,2185,0,16,18872,18872,18872,13392,12116,36322
1,2798,2797,1791084278866114,1791084278867544,1430,0,17,18599,18599,18599,13143,12355,37075
1,2799,2798,1791084278916114,1791084278918221,2107,0,18,18819,18819,18819,13207,12838,36755
1,2800,2799,1791084278966114,1791084278968080,1966,0,19,18835,18835,18835,13250,12727,36311
1,2801,2800,1791084279016114,1791084279017471,1357,0,0,18626,18626,18626,13152,12829,36311
1,2802,2801,1791084279066114,1791084279067356,1242,0,1,18935,18935,18935,13234,12290,35648
1,2803,2802,1791084279116114,1791084279118185,2071,0,2,18682,18682,18682,13017,12211,35996
1,2804,2803,1791084279166114,1791084279168209,2095,0,3,18826,18826,18826,13183,12993,36932
1,2805,2804,1791084279216114,1791084279217871,1757,0,4,18604,18604,18604,13092,11819,34830
1,2806,2805,1791084279266114,1791084279267350,1236,0,5,18709,18709,18709,13126,12303,37398
1,2807,2806,1791084279316114,1791084279318340,2226,0,6,18617,18617,18617,13112,12040,35552
1,2808,2807,1791084279366114,1791084279367637,1523,0,7,18850,18850,18850,13288,13098,37824
1,2809,2808,1791084279416114,1791084279418314,2200,0,8,18851,18851,18851,13209,12013,35192
1,2810,2809,1791084279466114,1791084279467683,1569,0,9,18646,18646,18646,13235,12918,38134
1,2811,2810,1791084279516114,1791084279518229,2115,0,10,18692,18692,18692,13222,12352,35637
1,2812,2811,1791084279566114,1791084279594770,28656,0,11,18798,18798,18798,13182,12402,36240
1,2813,2812,1791084279616114,1791084279636637,20523,0,12,18837,18837,18837,13149,12356,36028
1,2814,2813,1791084279666114,1791084279679334,13220,0,13,18708,18708,18708,13090,12256,35855
1,2815,2814,1791084279716114,1791084279721001,4887,0,14,18699,18699,18699,13227,12065,35917
1,2816,2815,1791084279766114,1791084279767907,1793,0,15,18795,18795,18795,13263,12304,37208
1,2817,2816,1791084279816114,1791084279817442,1328,0,16,18872,18872,18872,13330,12717,37340
1,2818,2817,1791084279866114,1791084279867853,1739,0,17,18599,18599,18599,13034,12523,35874
1,2819,2818,1791084279916114,1791084279917984,1870,0,18,18819,18819,18819,13307,12038,35724
1,2820,2819,1791084279966114,1791084279967625,1511,0,19,18835,18835,18835,13127,12118,36653
1,2821,2820,1791084280016114,1791084280017839,1725,0,0,18626,18626,18626,13139,12616,36760
1,2822,2821,1791084280066114,1791084280067442,1328,0,1,18935,18935,18935,13412,12703,36545
1,2823,2822,1791084280116114,1791084280117355,1241,0,2,18682,18682,18682,13134,12453,36133
1,2824,2823,1791084280166114,1791084280167573,1459,0,3,18826,18826,18826,13293,13266,37486
1,2825,2824,1791084280216114,1791084280217619,1505,0,4,18604,18604,18604,13053,12458,35788
1,2826,2825,1791084280266114,1791084280267798,1684,0,5,18709,18709,18709,13157,11908,35075
1,2827,2826,1791084280316114,1791084280317638,1524,0,6,18617,18617,18617,13127,12740,37220
1,2828,2827,1791084280366114,1791084280367474,1360,0,7,18850,18850,18850,13297,12153,35802
1,2829,2828,1791084280416114,1791084280417327,1213,0,8,18851,18851,18851,13345,13328,38243
1,2830,2829,1791084280466114,1791084280467583,1469,0,9,18646,18646,18646,13221,12531,35853
1,2831,2830,1791084280516114,1791084280517986,1872,0,10,18692,18692,18692,13133,12501,36068
1,2832,2831,1791084280566114,1791084280567602,1488,0,11,18798,18798,18798,13297,12642,36581
1,2833,2832,1791084280616114,1791084280617453,1339,0,12,18837,18837,18837,13241,12865,36643
1,2834,2833,1791084280666114,1791084280667653,1539,0,13,18708,18708,18708,13191,12515,36089
1,2835,2834,1791084280716114,1791084280717809,1695,0,14,18699,18699,18699,13183,12893,36817
1,2836,2835,1791084280766114,1791084280767563,1449,0,15,18795,18795,18795,13158,12754,36430
1,2837,2836,1791084280816114,1791084280818271,2157,0,16,18872,18872,18872,13279,12525,36189
1,2838,2837,1791084280866114,1791084280867640,1526,0,17,18599,18599,18599,13151,13040,36711
1,2839,2838,1791084280916114,1791084280918066,1952,0,18,18819,18819,18819,13354,12516,36107
1,2840,2839,1791084280966114,1791084280967537,1423,0,19,18835,18835,18835,13154,12799,36514
1,2841,2840,1791084281016114,1791084281017602,1488,0,0,18626,18626,18626,13173,12456,35939
1,2842,2841,1791084281066114,1791084281067931,1817,0,1,18935,18935,18935,13331,12579,36427
1,2843,2842,1791084281116114,1791084281117865,1751,0,2,18682,18682,18682,13142,12317,35966
1,2844,2843,1791084281166114,1791084281168127,2013,0,3,18826,18826,18826,13203,12444,36588
1,2845,2844,1791084281216114,1791084281217740,1626,0,4,18604,18604,18604,13015,11812,35178
1,2846,2845,1791084281266114,1791084281267706,1592,0,5,18709,18709,18709,13092,12356,37106
1,2847,2846,1791084281316114,1791084281318299,2185,0,6,18617,18617,18617,13179,12779,36924
1,2848,2847,1791084281366114,1791084281367615,1501,0,7,18850,18850,18850,13293,12815,36324
1,2849,2848,1791084281416114,1791084281417589,1475,0,8,18851,18851,18851,13165,12462,36189
1,2850,2849,1791084281466114,1791084281467805,1691,0,9,18646,18646,18646,13221,12702,36856
1,2851,2850,1791084281516114,1791084281517492,1378,0,10,18692,18692,18692,13287,12790,36488
1,2852,2851,1791084281566114,1791084281568145,2031,0,11,18798,18798,18798,13270,12948,36899
1,2853,2852,1791084281616114,1791084281618102,1988,0,12,18837,18837,18837,13326,13310,37041
1,2854,2853,1791084281666114,1791084281668175,2061,0,13,18708,18708,18708,13148,12024,35020
1,2855,2854,1791084281716114,1791084281717500,1386,0,14,18699,18699,18699,13168,12487,36755
1,2856,2855,1791084281766114,1791084281767534,1420,0,15,18795,18795,18795,13240,12991,36818
1,2857,2856,1791084281816114,1791084281818087,1973,0,16,18872,18872,18872,13236,12804,36477
1,2858,2857,1791084281866114,1791084281867654,1540,0,17,18599,18599,18599,13263,12404,35936
1,2859,2858,1791084281916114,1791084281918132,2018,0,18,18819,18819,18819,13239,12836,36817
1,2860,2859,1791084281966114,1791084281967634,1520,0,19,18835,18835,18835,13189,12451,36074
1,2861,2860,1791084282016114,1791084282017794,1680,0,0,18626,18626,18626,13128,12583,36548
1,2862,2861,1791084282066114,1791084282067859,1745,0,1,18935,18935,18935,13373,12569,36465
1,2863,2862,1791084282116114,1791084282117556,1442,0,2,18682,18682,18682,13172,12349,36205
1,2864,2863,1791084282166114,1791084282167886,1772,0,3,18826,18826,18826,13262,12368,36701
1,2865,2864,1791084282216114,1791084282217868,1754,0,4,18604,18604,18604,13064,12761,36889
1,2866,2865,1791084282266114,1791084282267442,1328,0,5,18709,18709,18709,13147,12883,36441
1,2867,2866,1791084282316114,1791084282317677,1563,0,6,18617,18617,18617,13270,12489,35791
1,2868,2867,1791084282366114,1791084282367693,1579,0,7,18850,18850,18850,13307,12380,36547
1,2869,2868,1791084282416114,1791084282417438,1324,0,8,18851,18851,18851,13340,12478,36845
1,2870,2869,1791084282466114,1791084282468206,2092,0,9,18646,18646,18646,13207,12744,36848
1,2871,2870,1791084282516114,1791084282517625,1511,0,10,18692,18692,18692,13147,12834,36373
1,2872,2871,1791084282566114,1791084282567456,1342,0,11,18798,18798,18798,13302,12835,36478
1,2873,2872,1791084282616114,1791084282618262,2148,0,12,18837,18837,18837,13295,12775,36658
1,2874,2873,1791084282666114,1791084282667479,1365,0,13,18708,18708,18708,13219,13132,36782
1,2875,2874,1791084282716114,1791084282718030,1916,0,14,18699,18699,18699,13214,12687,36160
1,2876,2875,1791084282766114,1791084282767611,1497,0,15,18795,18795,18795,13237,12179,35689
1,2877,2876,1791084282816114,1791084282817476,1362,0,16,18872,18872,18872,13291,12961,37529
1,2878,2877,1791084282866114,1791084282868282,2168,0,17,18599,18599,18599,13096,12714,36126
1,2879,2878,1791084282916114,1791084282917959,1845,0,18,18819,18819,18819,13344,12768,36579
1,2880,2879,1791084282966114,1791084282967744,1630,0,19,18835,18835,18835,13253,12453,36309
1,2881,2880,1791084283016114,1791084283017632,1518,0,0,18626,18626,18626,13154,12281,36104
1,2882,2881,1791084283066114,1791084283068251,2137,0,1,18935,18935,18935,13435,12269,36151
1,2883,2882,1791084283116114,1791084283118046,1932,0,2,18682,18682,18682,13280,12528,37791
1,2884,2883,1791084283166114,1791084283169180,3066,0,3,18826,18826,18826,13374,12297,36134
1,2885,2884,1791084283216114,1791084283217555,1441,0,4,18604,18604,18604,13123,12443,36814
1,2886,2885,1791084283266114,1791084283267870,1756,0,5,18709,18709,18709,13194,12581,36457
1,2887,2886,1791084283316114,1791084283317957,1843,0,6,18617,18617,18617,13151,12618,36331
1,2888,2887,1791084283366114,1791084283378395,12281,0,7,18850,18850,18850,13323,12889,37063
1,2889,2888,1791084283416114,1791084283432053,15939,0,8,18851,18851,18851,13383,13196,37276
1,2890,2889,1791084283466114,1791084283474980,8866,0,9,18646,18646,18646,13319,13235,36959
1,2891,2890,1791084283516114,1791084283517404,1290,0,10,18692,18692,18692,13106,12810,36186
1,2892,2891,1791084283566114,1791084283567328,1214,0,11,18798,18798,18798,13296,12861,36592
1,2893,2892,1791084283616114,1791084283617728,1614,0,12,18837,18837,18837,13299,12647,36392
1,2894,2893,1791084283666114,1791084283667605,1491,0,13,18708,18708,18708,13300,12370,36249
1,2895,2894,1791084283716114,1791084283717599,1485,0,14,18699,18699,18699,13097,12216,36000
1,2896,2895,1791084283766114,1791084283767658,1544,0,15,18795,18795,18795,13184,12327,36306
1,2897,2896,1791084283816114,1791084283818073,1959,0,16,18872,18872,18872,13352,12683,36955
1,2898,2897,1791084283866114,1791084283868088,1974,0,17,18599,18599,18599,13254,12649,36442
1,2899,2898,1791084283916114,1791084283917522,1408,0,18,18819,18819,18819,13272,12879,36692
1,2900,2899,1791084283966114,1791084283967737,1623,0,19,18835,18835,18835,13306,12333,36301
1,2901,2900,1791084284016114,1791084284017970,1856,0,0,18626,18626,18626,13292,12196,36598
1,2902,2901,1791084284066114,1791084284068045,1931,0,1,18935,18935,18935,13377,12470,37026
1,2903,2902,1791084284116114,1791084284118222,2108,0,2,18682,18682,18682,13153,12998,37115
1,2904,2903,1791084284166114,1791084284167534,1420,0,3,18826,18826,18826,13440,12092,35623
1,2905,2904,1791084284216114,1791084284218121,2007,0,4,18604,18604,18604,13283,12653,38449
1,2906,2905,1791084284266114,1791084284267285,1171,0,5,18709,18709,18709,13224,12372,36143
1,2907,2906,1791084284316114,1791084284318056,1942,0,6,18617,18617,18617,13238,12722,37184
1,2908,2907,1791084284366114,1791084284367608,1494,0,7,18850,18850,18850,13344,13028,37195
1,2909,2908,1791084284416114,1791084284419267,3153,0,8,18851,18851,18851,13394,12602,36311
1,2910,2909,1791084284466114,1791084284467374,1260,0,9,18646,18646,18646,13287,12567,36737
1,2911,2910,1791084284516114,1791084284518331,2217,0,10,18692,18692,18692,13182,12173,35995
1,2912,2911,1791084284566114,1791084284567378,1264,0,11,18798,18798,18798,13312,11973,36181
1,2913,2912,1791084284616114,1791084284617869,1755,0,12,18837,18837,18837,13394,12800,38502
1,2914,2913,1791084284666114,1791084284667340,1226,0,13,18708,18708,18708,13350,12648,36797
1,2915,2914,1791084284716114,1791084284717465,1351,0,14,18699,18699,18699,13281,12555,36747
1,2916,2915,1791084284766114,1791084284767704,1590,0,15,18795,18795,18795,13362,13020,37367
1,2917,2916,1791084284816114,1791084284818231,2117,0,16,18872,18872,18872,13213,12507,36307
1,2918,2917,1791084284866114,1791084284867698,1584,0,17,18599,18599,18599,13350,12386,36595
1,2919,2918,1791084284916114,1791084284917399,1285,0,18,18819,18819,18819,13454,12651,37556
1,2920,2919,1791084284966114,1791084284967678,1564,0,19,18835,18835,18835,13258,12788,36946
1,2921,2920,1791084285016114,1791084285017731,1617,0,0,18626,18626,18626,13153,12437,35973
1,2922,2921,1791084285066114,1791084285067487,1373,0,1,18935,18935,18935,13547,12806,37074
1,2923,2922,1791084285116114,1791084285118163,2049,0,2,18682,18682,18682,13304,12699,37133
1,2924,2923,1791084285166114,1791084285167600,1486,0,3,18826,18826,18826,13342,12271,36008
1,2925,2924,1791084285216114,1791084285217936,1822,0,4,18604,18604,18604,13184,13099,37517
1,2926,2925,1791084285266114,1791084285267578,1464,0,5,18709,18709,18709,13198,11951,34904
1,2927,2926,1791084285316114,1791084285318251,2137,0,6,18617,18617,18617,13271,12969,38060
1,2928,2927,1791084285366114,1791084285367821,1707,0,7,18850,18850,18850,13318,12885,36806
1,2929,2928,1791084285416114,1791084285417717,1603,0,8,18851,18851,18851,13306,12845,36517
1,2930,2929,1791084285466114,1791084285467653,1539,0,9,18646,18646,18646,13361,13161,36803
1,2931,2930,1791084285516114,1791084285517400,1286,0,10,18692,18692,18692,13366,13013,36944
1,2932,2931,1791084285566114,1791084285567781,1667,0,11,18798,18798,18798,13350,12631,36449
1,2933,2932,1791084285616114,1791084285617587,1473,0,12,18837,18837,18837,13319,13305,37291
1,2934,2933,1791084285666114,1791084285667899,1785,0,13,18708,18708,18708,13360,12936,36769
1,2935,2934,1791084285716114,1791084285718028,1914,0,14,18699,18699,18699,13271,12144,35888
1,2936,2935,1791084285766114,1791084285767566,1452,0,15,18795,18795,18795,13286,13140,38218
1,2937,2936,1791084285816114,1791084285818172,2058,0,16,18872,18872,18872,13378,12944,36949
1,2938,2937,1791084285866114,1791084285867952,1838,0,17,18599,18599,18599,13213,12509,36265
1,2939,2938,1791084285916114,1791084285918240,2126,0,18,18819,18819,18819,13375,12892,37127
1,2940,2939,1791084285966114,1791084285967635,1521,0,19,18835,18835,18835,13294,12824,36603
1,2941,2940,1791084286016114,1791084286017581,1467,0,0,18626,18626,18626,13273,12560,36509
1,2942,2941,1791084286066114,1791084286068269,2155,0,1,18935,18935,18935,13479,12832,37396
1,2943,2942,1791084286116114,1791084286117914,1800,0,2,18682,18682,18682,13242,12789,36785
1,2944,2943,1791084286166114,1791084286167521,1407,0,3,18826,18826,18826,13339,12233,35587
1,2945,2944,1791084286216114,1791084286218077,1963,0,4,18604,18604,18604,13262,12440,37266
1,2946,2945,1791084286266114,1791084286268339,2225,0,5,18709,18709,18709,13109,12466,36502
1,2947,2946,1791084286316114,1791084286317818,1704,0,6,18617,18617,18617,13173,12759,36942
1,2948,2947,1791084286366114,1791084286367718,1604,0,7,18850,18850,18850,13377,12942,37025
1,2949,2948,1791084286416114,1791084286417808,1694,0,8,18851,18851,18851,13444,12725,36862
1,2950,2949,1791084286466114,1791084286467710,1596,0,9,18646,18646,18646,13243,12652,37026
1,2951,2950,1791084286516114,1791084286517338,1224,0,10,18692,18692,18692,13241,12501,36418
1,2952,2951,1791084286566114,1791084286568142,2028,0,11,18798,18798,18798,13387,12695,36998
1,2953,2952,1791084286616114,1791084286618288,2174,0,12,18837,18837,18837,13388,13134,37332
1,2954,2953,1791084286666114,1791084286668329,2215,0,13,18708,18708,18708,13275,12640,36483
1,2955,2954,1791084286716114,1791084286717662,1548,0,14,18699,18699,18699,13364,12491,36629
1,2956,2955,1791084286766114,1791084286767584,1470,0,15,18795,18795,18795,13393,12845,37268
1,2957,2956,1791084286816114,1791084286817667,1553,0,16,18872,18872,18872,13454,12483,36849
1,2958,2957,1791084286866114,1791084286867484,1370,0,17,18599,18599,18599,13155,12703,36825
1,2959,2958,1791084286916114,1791084286917632,1518,0,18,18819,18819,18819,13350,12086,35631
1,2960,2959,1791084286966114,1791084286967660,1546,0,19,18835,18835,18835,13428,12900,38650
1,2961,2960,1791084287016114,1791084287017402,1288,0,0,18626,18626,18626,13252,12020,35857
1,2962,2961,1791084287066114,1791084287068007,1893,0,1,18935,18935,18935,13504,12899,38701
1,2963,2962,1791084287116114,1791084287117843,1729,0,2,18682,18682,18682,13218,12596,36457
1,2964,2963,1791084287166114,1791084287167989,1875,0,3,18826,18826,18826,13456,12953,37436
1,2965,2964,1791084287216114,1791084287217807,1693,0,4,18604,18604,18604,13232,12321,36018
1,2966,2965,1791084287266114,1791084287267373,1259,0,5,18709,18709,18709,13241,12402,36651
1,2967,2966,1791084287316114,1791084287317759,1645,0,6,18617,18617,18617,13330,13149,37751
1,2968,2967,1791084287366114,1791084287367620,1506,0,7,18850,18850,18850,13558,13404,37726
1,2969,2968,1791084287416114,1791084287417942,1828,0,8,18851,18851,18851,13407,12689,36529
1,2970,2969,1791084287466114,1791084287468333,2219,0,9,18646,18646,18646,13269,12669,36726
1,2971,2970,1791084287516114,1791084287517998,1884,0,10,18692,18692,18692,13231,12634,36589
1,2972,2971,1791084287566114,1791084287567776,1662,0,11,18798,18798,18798,13268,13014,36871
1,2973,2972,1791084287616114,1791084287617672,1558,0,12,18837,18837,18837,13277,13194,37085
1,2974,2973,1791084287666114,1791084287668114,2000,0,13,18708,18708,18708,13333,12979,36886
1,2975,2974,1791084287716114,1791084287717657,1543,0,14,18699,18699,18699,13199,12416,35994
1,2976,2975,1791084287766114,1791084287767578,1464,0,15,18795,18795,18795,13290,12761,36924
1,2977,2976,1791084287816114,1791084287817667,1553,0,16,18872,18872,18872,13315,12715,37030
1,2978,2977,1791084287866114,1791084287867898,1784,0,17,18599,18599,18599,13144,12103,35850
1,2979,2978,1791084287916114,1791084287918066,1952,0,18,18819,18819,18819,13328,12447,37152
1,2980,2979,1791084287966114,1791084287967871,1757,0,19,18835,18835,18835,13365,13233,37611
1,2981,2980,1791084288016114,1791084288019558,3444,0,0,18626,18626,18626,13109,12615,36094
1,2982,2981,1791084288066114,1791084288067994,1880,0,1,18935,18935,18935,13479,12758,37106
1,2983,2982,1791084288116114,1791084288118128,2014,0,2,18682,18682,18682,13275,13113,37047
1,2984,2983,1791084288166114,1791084288167658,1544,0,3,18826,18826,18826,13382,11850,35262
1,2985,2984,1791084288216114,1791084288217577,1463,0,4,18604,18604,18604,13409,13019,40058
1,2986,2985,1791084288266114,1791084288267458,1344,0,5,18709,18709,18709,13159,11792,34723
1,2987,2986,1791084288316114,1791084288318201,2087,0,6,18617,18617,18617,13210,12905,38578
1,2988,2987,1791084288366114,1791084288367515,1401,0,7,18850,18850,18850,13569,12797,37055
1,2989,2988,1791084288416114,1791084288417997,1883,0,8,18851,18851,18851,13446,12606,36704
1,2990,2989,1791084288466114,1791084288468258,2144,0,9,18646,18646,18646,13226,12285,36261
1,2991,2990,1791084288516114,1791084288518273,2159,0,10,18692,18692,18692,13297,12528,37117
1,2992,2991,1791084288566114,1791084288567361,1247,0,11,18798,18798,18798,13235,12980,36895
1,2993,2992,1791084288616114,1791084288617467,1353,0,12,18837,18837,18837,13367,12427,36099
1,2994,2993,1791084288666114,1791084288667636,1522,0,13,18708,18708,18708,13333,12520,37260
1,2995,2994,1791084288716114,1791084288717962,1848,0,14,18699,18699,18699,13355,12631,36751
1,2996,2995,1791084288766114,1791084288767534,1420,0,15,18795,18795,18795,13409,13172,37741
1,2997,2996,1791084288816114,1791084288817596,1482,0,16,18872,18872,18872,13447,12576,36745
1,2998,2997,1791084288866114,1791084288867508,1394,0,17,18599,18599,18599,13132,12554,36863
1,2999,2998,1791084288916114,1791084288917412,1298,0,18,18819,18819,18819,13461,13133,37263
1,3000,2999,1791084288966114,1791084288967857,1743,0,19,18835,18835,18835,13471,12822,36798
1,3001,3000,1791084289016114,1791084289017443,1329,0,0,18626,18626,18626,13303,12574,36471
1,3002,3001,1791084289066114,1791084289067975,1861,0,1,18935,18935,18935,13533,12872,37590
1,3003,3002,1791084289116114,1791084289117349,1235,0,2,18682,18682,18682,13375,12846,37226
1,3004,3003,1791084289166114,1791084289167592,1478,0,3,18826,18826,18826,13367,12717,36835
1,3005,3004,1791084289216114,1791084289217946,1832,0,4,18604,18604,18604,13351,12757,37030
1,3006,3005,1791084289266114,1791084289268079,1965,0,5,18709,18709,18709,13208,12981,36781
1,3007,3006,1791084289316114,1791084289317890,1776,0,6,18617,18617,18617,13226,12536,36253
1,3008,3007,1791084289366114,1791084289367802,1688,0,7,18850,18850,18850,13364,12477,36553
1,3009,3008,1791084289416114,1791084289417831,1717,0,8,18851,18851,18851,13428,12627,37262
1,3010,3009,1791084289466114,1791084289467643,1529,0,9,18646,18646,18646,13232,12618,36717
1,3011,3010,1791084289516114,1791084289517721,1607,0,10,18692,18692,18692,13314,13129,37254
1,3012,3011,1791084289566114,1791084289568172,2058,0,11,18798,18798,18798,13214,12133,35478
1,3013,3012,1791084289616114,1791084289617484,1370,0,12,18837,18837,18837,13390,13009,37968
1,3014,3013,1791084289666114,1791084289667438,1324,0,13,18708,18708,18708,13274,12531,36479
1,3015,3014,1791084289716114,1791084289717936,1822,0,14,18699,18699,18699,13227,12465,36260
1,3016,3015,1791084289766114,1791084289767608,1494,0,15,18795,18795,18795,13411,12835,37371
1,3017,3016,1791084289816114,1791084289818301,2187,0,16,18872,18872,18872,13330,12590,36842
1,3018,3017,1791084289866114,1791084289867871,1757,0,17,18599,18599,18599,13180,13152,37256
1,3019,3018,1791084289916114,1791084289917649,1535,0,18,18819,18819,18819,13453,13356,37451
1,3020,3019,1791084289966114,1791084289967446,1332,0,19,18835,18835,18835,13492,12306,36208
1,3021,3020,1791084290016114,1791084290017776,1662,0,0,18626,18626,18626,13202,12234,36880
1,3022,3021,1791084290066114,1791084290067441,1327,0,1,18935,18935,18935,13488,12647,37608
1,3023,3022,1791084290116114,1791084290117626,1512,0,2,18682,18682,18682,13292,13034,37602
1,3024,3023,1791084290166114,1791084290167578,1464,0,3,18826,18826,18826,13358,12796,36819
1,3025,3024,1791084290216114,1791084290217980,1866,0,4,18604,18604,18604,13244,12344,36084
1,3026,3025,1791084290266114,1791084290267341,1227,0,5,18709,18709,18709,13206,12825,37202
1,3027,3026,1791084290316114,1791084290317723,1609,0,6,18617,18617,18617,13262,12550,36194
1,3028,3027,1791084290366114,1791084290367639,1525,0,7,18850,18850,18850,13437,12766,36985
1,3029,3028,1791084290416114,1791084290444252,28138,0,8,18851,18851,18851,13333,12674,36995
1,3030,3029,1791084290466114,1791084290485847,19733,0,9,18646,18646,18646,13291,12883,36961
1,3031,3030,1791084290516114,1791084290532371,16257,0,10,18692,18692,18692,13337,12981,36861
1,3032,3031,1791084290566114,1791084290578169,12055,0,11,18798,18798,18798,13367,12781,36902
1,3033,3032,1791084290616114,1791084290620263,4149,0,12,18837,18837,18837,13307,13214,37131
1,3034,3033,1791084290666114,1791084290667525,1411,0,13,18708,18708,18708,13278,13151,36921
1,3035,3034,1791084290716114,1791084290720205,4091,0,14,18699,18699,18699,13370,12160,35852
1,3036,3035,1791084290766114,1791084290768088,1974,0,15,18795,18795,18795,13310,12437,37385
1,3037,3036,1791084290816114,1791084290817977,1863,0,16,18872,18872,18872,13510,12571,37236
1,3038,3037,1791084290866114,1791084290867808,1694,0,17,18599,18599,18599,13225,12456,36862
1,3039,3038,1791084290916114,1791084290918130,2016,0,18,18819,18819,18819,13348,12620,37085
1,3040,3039,1791084290966114,1791084290967588,1474,0,19,18835,18835,18835,13413,13166,37595
1,3041,3040,1791084291016114,1791084291017575,1461,0,0,18626,18626,18626,13141,12626,36167
1,3042,3041,1791084291066114,1791084291067957,1843,0,1,18935,18935,18935,13575,13206,37644
1,3043,3042,1791084291116114,1791084291117503,1389,0,2,18682,18682,18682,13222,12832,36716
1,3044,3043,1791084291166114,1791084291167839,1725,0,3,18826,18826,18826,13348,12190,35785
1,3045,3044,1791084291216114,1791084291218257,2143,0,4,18604,18604,18604,13200,12670,37420
1,3046,3045,1791084291266114,1791084291268026,1912,0,5,18709,18709,18709,13329,12138,35886
1,3047,3046,1791084291316114,1791084291317821,1707,0,6,18617,18617,18617,13273,12178,37291
1,3048,3047,1791084291366114,1791084291367772,1658,0,7,18850,18850,18850,13334,12263,36916
1,3049,3048,1791084291416114,1791084291417451,1337,0,8,18851,18851,18851,13314,12496,37325
1,3050,3049,1791084291466114,1791084291468088,1974,0,9,18646,18646,18646,13368,12564,36985
1,3051,3050,1791084291516114,1791084291517361,1247,0,10,18692,18692,18692,13413,12301,36627
1,3052,3051,1791084291566114,1791084291568199,2085,0,11,18798,18798,18798,13437,12369,37490
1,3053,3052,1791084291616114,1791084291617505,1391,0,12,18837,18837,18837,13409,12841,37878
1,3054,3053,1791084291666114,1791084291669394,3280,0,13,18708,18708,18708,13319,13015,37135
1,3055,3054,1791084291716114,1791084291717318,1204,0,14,18699,18699,18699,13143,12798,36685
1,3056,3055,1791084291766114,1791084291767701,1587,0,15,18795,18795,18795,13342,13113,37148
1,3057,3056,1791084291816114,1791084291817810,1696,0,16,18872,18872,18872,13463,13289,37389
1,3058,3057,1791084291866114,1791084291868027,1913,0,17,18599,18599,18599,13200,12868,36522
1,3059,3058,1791084291916114,1791084291918019,1905,0,18,18819,18819,18819,13404,12773,36745
1,3060,3059,1791084291966114,1791084291967540,1426,0,19,18835,18835,18835,13384,12364,36634
1,3061,3060,1791084292016114,1791084292017485,1371,0,0,18626,18626,18626,13261,12086,36417
1,3062,3061,1791084292066114,1791084292068254,2140,0,1,18935,18935,18935,13403,12247,37174
1,3063,3062,1791084292116114,1791084292117820,1706,0,2,18682,18682,18682,13292,12955,37969
1,3064,3063,1791084292166114,1791084292167833,1719,0,3,18826,18826,18826,13495,13141,37459
1,3065,3064,1791084292216114,1791084292217999,1885,0,4,18604,18604,18604,13298,12593,36463
1,3066,3065,1791084292266114,1791084292267756,1642,0,5,18709,18709,18709,13285,12260,36349
1,3067,3066,1791084292316114,1791084292317627,1513,0,6,18617,18617,18617,13315,12667,37381
1,3068,3067,1791084292366114,1791084292367627,1513,0,7,18850,18850,18850,13265,12814,36868
1,3069,3068,1791084292416114,1791084292417904,1790,0,8,18851,18851,18851,13354,12615,36520
1,3070,3069,1791084292466114,1791084292468309,2195,0,9,18646,18646,18646,13222,12421,36439
1,3071,3070,1791084292516114,1791084292518043,1929,0,10,18692,18692,18692,13336,12435,36795
1,3072,3071,1791084292566114,1791084292567857,1743,0,11,18798,18798,18798,13315,12823,37387
1,3073,3072,1791084292616114,1791084292618194,2080,0,12,18837,18837,18837,13432,12933,37127
1,3074,3073,1791084292666114,1791084292668245,2131,0,13,18708,18708,18708,13366,12951,37030
1,3075,3074,1791084292716114,1791084292717619,1505,0,14,18699,18699,18699,13297,12812,36733
1,3076,3075,1791084292766114,1791084292767353,1239,0,15,18795,18795,18795,13364,12826,37004
1,3077,3076,1791084292816114,1791084292817792,1678,0,16,18872,18872,18872,13428,12829,37021
1,3078,3077,1791084292866114,1791084292867493,1379,0,17,18599,18599,18599,13280,12253,36216
1,3079,3078,1791084292916114,1791084292918292,2178,0,18,18819,18819,18819,13468,12741,37764
1,3080,3079,1791084292966114,1791084292967862,1748,0,19,18835,18835,18835,13440,12289,36543
1,3081,3080,1791084293016114,1791084293017518,1404,0,0,18626,18626,18626,13136,13023,37350
1,3082,3081,1791084293066114,1791084293067724,1610,0,1,18935,18935,18935,13492,12674,36533
1,3083,3082,1791084293116114,1791084293117834,1720,0,2,18682,18682,18682,13251,12342,36681
1,3084,3083,1791084293166114,1791084293168094,1980,0,3,18826,18826,18826,13507,13219,38265
1,3085,3084,1791084293216114,1791084293218265,2151,0,4,18604,18604,18604,13255,12348,35914
1,3086,3085,1791084293266114,1791084293267710,1596,0,5,18709,18709,18709,13339,12570,37271
1,3087,3086,1791084293316114,1791084293317539,1425,0,6,18617,18617,18617,13239,12320,36127
1,3088,3087,1791084293366114,1791084293367608,1494,0,7,18850,18850,18850,13324,13232,37520
1,3089,3088,1791084293416114,1791084293418007,1893,0,8,18851,18851,18851,13369,12733,36909
1,3090,3089,1791084293466114,1791084293467742,1628,0,9,18646,18646,18646,13205,12428,36186
1,3091,3090,1791084293516114,1791084293517991,1877,0,10,18692,18692,18692,13337,12755,37292
1,3092,3091,1791084293566114,1791084293568241,2127,0,11,18798,18798,18798,13396,12610,36585
1,3093,3092,1791084293616114,1791084293617506,1392,0,12,18837,18837,18837,13445,12637,36938
1,3094,3093,1791084293666114,1791084293668245,2131,0,13,18708,18708,18708,13250,12444,36648
1,3095,3094,1791084293716114,1791084293717705,1591,0,14,18699,18699,18699,13327,12601,36737
1,3096,3095,1791084293766114,1791084293767533,1419,0,15,18795,18795,18795,13527,12470,36654
1,3097,3096,1791084293816114,1791084293818065,1951,0,16,18872,18872,18872,13451,12788,37956
1,3098,3097,1791084293866114,1791084293867490,1376,0,17,18599,18599,18599,13314,12560,36822
1,3099,3098,1791084293916114,1791084293917515,1401,0,18,18819,18819,18819,13378,12974,37267
1,3100,3099,1791084293966114,1791084293967813,1699,0,19,18835,18835,18835,13345,12676,36651
1,3101,3100,1791084294016114,1791084294018044,1930,0,0,18626,18626,18626,13165,12926,36797
1,3102,3101,1791084294066114,1791084294068225,2111,0,1,18935,18935,18935,13585,13384,37657
1,3103,3102,1791084294116114,1791084294118201,2087,0,2,18682,18682,18682,13326,12494,36114
1,3104,3103,1791084294166114,1791084294174271,8157,0,3,18826,18826,18826,13493,13195,37736
1,3105,3104,1791084294216114,1791084294227402,11288,0,4,18604,18604,18604,13267,11921,35465
1,3106,3105,1791084294266114,1791084294271030,4916,0,5,18709,18709,18709,13198,12303,37457
1,3107,3106,1791084294316114,1791084294317363,1249,0,6,18617,18617,18617,13137,12229,36345
1,3108,3107,1791084294366114,1791084294367609,1495,0,7,18850,18850,18850,13245,12591,36634
1,3109,3108,1791084294416114,1791084294417772,1658,0,8,18851,18851,18851,13366,12664,36727
1,3110,3109,1791084294466114,1791084294467937,1823,0,9,18646,18646,18646,13213,12573,36433
1,3111,3110,1791084294516114,1791084294517487,1373,0,10,18692,18692,18692,13278,12426,36448
1,3112,3111,1791084294566114,1791084294567431,1317,0,11,18798,18798,18798,13384,12474,36819
1,3113,3112,1791084294616114,1791084294617830,1716,0,12,18837,18837,18837,13332,12396,36744
1,3114,3113,1791084294666114,1791084294667839,1725,0,13,18708,18708,18708,13311,12561,36708
1,3115,3114,1791084294716114,1791084294717496,1382,0,14,18699,18699,18699,13215,12208,35961
1,3116,3115,1791084294766114,1791084294767639,1525,0,15,18795,18795,18795,13492,12166,37134
1,3117,3116,1791084294816114,1791084294818040,1926,0,16,18872,18872,18872,13354,12951,38317
1,3118,3117,1791084294866114,1791084294867455,1341,0,17,18599,18599,18599,13327,12447,36266
1,3119,3118,1791084294916114,1791084294918073,1959,0,18,18819,18819,18819,13400,13181,37907
1,3120,3119,1791084294966114,1791084294967784,1670,0,19,18835,18835,18835,13412,11906,35542
1,3121,3120,1791084295016114,1791084295017501,1387,0,0,18626,18626,18626,13412,13231,40272
1,3122,3121,1791084295066114,1791084295069028,2914,0,1,18935,18935,18935,13511,13181,37367
1,3123,3122,1791084295116114,1791084295117590,1476,0,2,18682,18682,18682,13334,12848,36983
1,3124,3123,1791084295166114,1791084295167757,1643,0,3,18826,18826,18826,13393,12506,36582
1,3125,3124,1791084295216114,1791084295217700,1586,0,4,18604,18604,18604,13281,13202,37253
1,3126,3125,1791084295266114,1791084295267741,1627,0,5,18709,18709,18709,13303,12644,36573
1,3127,3126,1791084295316114,1791084295317834,1720,0,6,18617,18617,18617,13277,12344,36177
1,3128,3127,1791084295366114,1791084295367567,1453,0,7,18850,18850,18850,13155,12446,36468
1,3129,3128,1791084295416114,1791084295418132,2018,0,8,18851,18851,18851,13343,12912,36848
1,3130,3129,1791084295466114,1791084295468040,1926,0,9,18646,18646,18646,13247,12859,36667
1,3131,3130,1791084295516114,1791084295517387,1273,0,10,18692,18692,18692,13319,12359,35971
1,3132,3131,1791084295566114,1791084295567287,1173,0,11,18798,18798,18798,13274,12279,36444
1,3133,3132,1791084295616114,1791084295618224,2110,0,12,18837,18837,18837,13379,12546,37035
1,3134,3133,1791084295666114,1791084295667826,1712,0,13,18708,18708,18708,13222,12200,35932
1,3135,3134,1791084295716114,1791084295717594,1480,0,14,18699,18699,18699,13320,12200,36406
1,3136,3135,1791084295766114,1791084295767613,1499,0,15,18795,18795,18795,13468,12863,38377
1,3137,3136,1791084295816114,1791084295818321,2207,0,16,18872,18872,18872,13446,12973,37153
1,3138,3137,1791084295866114,1791084295867479,1365,0,17,18599,18599,18599,13302,13143,37174
1,3139,3138,1791084295916114,1791084295917579,1465,0,18,18819,18819,18819,13553,13468,37622
1,3140,3139,1791084295966114,1791084295967552,1438,0,19,18835,18835,18835,13500,12641,36636
1,3141,3140,1791084296016114,1791084296018243,2129,0,0,18626,18626,18626,13357,12611,37145
1,3142,3141,1791084296066114,1791084296067985,1871,0,1,18935,18935,18935,13616,13079,38065
1,3143,3142,1791084296116114,1791084296118354,2240,0,2,18682,18682,18682,13427,12850,37413
1,3144,3143,1791084296166114,1791084296167499,1385,0,3,18826,18826,18826,13425,12579,36861
1,3145,3144,1791084296216114,1791084296217398,1284,0,4,18604,18604,18604,13364,13212,37829
1,3146,3145,1791084296266114,1791084296267500,1386,0,5,18709,18709,18709,13363,13003,36977
1,3147,3146,1791084296316114,1791084296317510,1396,0,6,18617,18617,18617,13200,12233,35814
1,3148,3147,1791084296366114,1791084296368035,1921,0,7,18850,18850,18850,13070,12336,35994
1,3149,3148,1791084296416114,1791084296417421,1307,0,8,18851,18851,18851,13310,12422,36415
1,3150,3149,1791084296466114,1791084296467436,1322,0,9,18646,18646,18646,13308,12636,37078
1,3151,3150,1791084296516114,1791084296517903,1789,0,10,18692,18692,18692,13251,12606,36721
1,3152,3151,1791084296566114,1791084296567619,1505,0,11,18798,18798,18798,13272,12551,36494
1,3153,3152,1791084296616114,1791084296617631,1517,0,12,18837,18837,18837,13366,12572,36784
1,3154,3153,1791084296666114,1791084296667999,1885,0,13,18708,18708,18708,13263,12587,36528
1,3155,3154,1791084296716114,1791084296717804,1690,0,14,18699,18699,18699,13256,13227,37221
1,3156,3155,1791084296766114,1791084296767846,1732,0,15,18795,18795,18795,13435,13341,37555
1,3157,3156,1791084296816114,1791084296818025,1911,0,16,18872,18872,18872,13580,12564,36659
1,3158,3157,1791084296866114,1791084296868233,2119,0,17,18599,18599,18599,13216,12612,37234
1,3159,3158,1791084296916114,1791084296917527,1413,0,18,18819,18819,18819,13421,13217,37612
1,3160,3159,1791084296966114,1791084296967816,1702,0,19,18835,18835,18835,13583,13043,37303
1,3161,3160,1791084297016114,1791084297017848,1734,0,0,18626,18626,18626,13254,12492,36249
1,3162,3161,1791084297066114,1791084297067458,1344,0,1,18935,18935,18935,13651,12456,36894
1,3163,3162,1791084297116114,1791084297117855,1741,0,2,18682,18682,18682,13449,12598,37639
1,3164,3163,1791084297166114,1791084297167617,1503,0,3,18826,18826,18826,13400,12689,37358
1,3165,3164,1791084297216114,1791084297217301,1187,0,4,18604,18604,18604,13241,12788,36993
1,3166,3165,1791084297266114,1791084297267800,1686,0,5,18709,18709,18709,13475,13284,37598
1,3167,3166,1791084297316114,1791084297318000,1886,0,6,18617,18617,18617,13146,12289,35744
1,3168,3167,1791084297366114,1791084297367614,1500,0,7,18850,18850,18850,13158,11900,35604
1,3169,3168,1791084297416114,1791084297418256,2142,0,8,18851,18851,18851,13310,12490,37284
1,3170,3169,1791084297466114,1791084297467586,1472,0,9,18646,18646,18646,13209,12554,36443
1,3171,3170,1791084297516114,1791084297518129,2015,0,10,18692,18692,18692,13212,12419,35920
1,3172,3171,1791084297566114,1791084297567797,1683,0,11,18798,18798,18798,13285,12472,36830
1,3173,3172,1791084297616114,1791084297617292,1178,0,12,18837,18837,18837,13245,12640,36848
1,3174,3173,1791084297666114,1791084297667855,1741,0,13,18708,18708,18708,13182,12764,36452
1,3175,3174,1791084297716114,1791084297717448,1334,0,14,18699,18699,18699,13265,12558,36068
1,3176,3175,1791084297766114,1791084297767643,1529,0,15,18795,18795,18795,13464,12865,37442
1,3177,3176,1791084297816114,1791084297819952,3838,0,16,18872,18872,18872,13389,13201,37518
1,3178,3177,1791084297866114,1791084297867853,1739,0,17,18599,18599,18599,13252,12573,36545
1,3179,3178,1791084297916114,1791084297917986,1872,0,18,18819,18819,18819,13545,13151,37742
1,3180,3179,1791084297966114,1791084297967517,1403,0,19,18835,18835,18835,13443,12939,37273
1,3181,3180,1791084298016114,1791084298017930,1816,0,0,18626,18626,18626,13309,12734,36730
1,3182,3181,1791084298066114,1791084298067719,1605,0,1,18935,18935,18935,13581,13161,38005
1,3183,3182,1791084298116114,1791084298117524,1410,0,2,18682,18682,18682,13376,12953,37157
1,3184,3183,1791084298166114,1791084298167641,1527,0,3,18826,18826,18826,13518,12464,36764
1,3185,3184,1791084298216114,1791084298217312,1198,0,4,18604,18604,18604,13390,12777,38269
1,3186,3185,1791084298266114,1791084298267573,1459,0,5,18709,18709,18709,13409,12985,37355
1,3187,3186,1791084298316114,1791084298318004,1890,0,6,18617,18617,18617,13276,13041,36895
1,3188,3187,1791084298366114,1791084298367606,1492,0,7,18850,18850,18850,13292,13118,37114
1,3189,3188,1791084298416114,1791084298418070,1956,0,8,18851,18851,18851,13335,12285,35648
1,3190,3189,1791084298466114,1791084298468171,2057,0,9,18646,18646,18646,13148,12918,37270
1,3191,3190,1791084298516114,1791084298518104,1990,0,10,18692,18692,18692,13257,11867,35314
1,3192,3191,1791084298566114,1791084298567784,1670,0,11,18798,18798,18798,13461,13049,39811
1,3193,3192,1791084298616114,1791084298617469,1355,0,12,18837,18837,18837,13406,12495,36560
1,3194,3193,1791084298666114,1791084298667783,1669,0,13,18708,18708,18708,13483,12752,37979
1,3195,3194,1791084298716114,1791084298717546,1432,0,14,18699,18699,18699,13380,12369,36885
1,3196,3195,1791084298766114,1791084298767540,1426,0,15,18795,18795,18795,13476,12998,38491
1,3197,3196,1791084298816114,1791084298817762,1648,0,16,18872,18872,18872,13420,12860,37391
1,3198,3197,1791084298866114,1791084298867648,1534,0,17,18599,18599,18599,13422,12896,37681
1,3199,3198,1791084298916114,1791084298917551,1437,0,18,18819,18819,18819,13514,12969,37491
1,3200,3199,1791084298966114,1791084298967791,1677,0,19,18835,18835,18835,13457,12999,37370
1,3201,3200,1791084299016114,1791084299018083,1969,0,0,18626,18626,18626,13361,12466,36533
1,3202,3201,1791084299066114,1791084299067599,1485,0,1,18935,18935,18935,13597,12578,37515
1,3203,3202,1791084299116114,1791084299117381,1267,0,2,18682,18682,18682,13363,12852,37793
1,3204,3203,1791084299166114,1791084299167264,1150,0,3,18826,18826,18826,13495,12979,37510
1,3205,3204,1791084299216114,1791084299217495,1381,0,4,18604,18604,18604,13323,12936,37059
1,3206,3205,1791084299266114,1791084299267452,1338,0,5,18709,18709,18709,13400,13172,37652
1,3207,3206,1791084299316114,1791084299317289,1175,0,6,18617,18617,18617,13253,13057,36911
1,3208,3207,1791084299366114,1791084299367678,1564,0,7,18850,18850,18850,13258,11976,35172
1,3209,3208,1791084299416114,1791084299417586,1472,0,8,18851,18851,18851,13188,12884,37597
1,3210,3209,1791084299466114,1791084299467546,1432,0,9,18646,18646,18646,13157,12298,35925
1,3211,3210,1791084299516114,1791084299518117,2003,0,10,18692,18692,18692,13331,12117,36350
1,3212,3211,1791084299566114,1791084299567745,1631,0,11,18798,18798,18798,13513,12985,38281
1,3213,3212,1791084299616114,1791084299618259,2145,0,12,18837,18837,18837,13293,13185,36970
1,3214,3213,1791084299666114,1791084299667800,1686,0,13,18708,18708,18708,13356,12326,36177
1,3215,3214,1791084299716114,1791084299717983,1869,0,14,18699,18699,18699,13481,12930,38456
1,3216,3215,1791084299766114,1791084299767551,1437,0,15,18795,18795,18795,13606,13076,37903
1,3217,3216,1791084299816114,1791084299818180,2066,0,16,18872,18872,18872,13505,12835,37450
1,3218,3217,1791084299866114,1791084299867766,1652,0,17,18599,18599,18599,13316,12336,36230
1,3219,3218,1791084299916114,1791084299917762,1648,0,18,18819,18819,18819,13420,12648,37905
1,3220,3219,1791084299966114,1791084299967818,1704,0,19,18835,18835,18835,13516,12666,36855
1,3221,3220,1791084300016114,1791084300017392,1278,0,0,18626,18626,18626,13307,12835,37303
1,3222,3221,1791084300066114,1791084300067335,1221,0,1,18935,18935,18935,13595,13402,37791
1,3223,3222,1791084300116114,1791084300117442,1328,0,2,18682,18682,18682,13447,13021,37323
1,3224,3223,1791084300166114,1791084300167430,1316,0,3,18826,18826,18826,13542,12975,37400
1,3225,3224,1791084300216114,1791084300218298,2184,0,4,18604,18604,18604,13286,12614,36607
1,3226,3225,1791084300266114,1791084300267469,1355,0,5,18709,18709,18709,13584,13428,38225
1,3227,3226,1791084300316114,1791084300317866,1752,0,6,18617,18617,18617,13332,12810,36911
1,3228,3227,1791084300366114,1791084300367656,1542,0,7,18850,18850,18850,13340,12470,36659
1,3229,3228,1791084300416114,1791084300417525,1411,0,8,18851,18851,18851,13343,12665,37723
1,3230,3229,1791084300466114,1791084300468051,1937,0,9,18646,18646,18646,13291,12608,37045
1,3231,3230,1791084300516114,1791084300518287,2173,0,10,18692,18692,18692,13335,12624,37208
1,3232,3231,1791084300566114,1791084300567576,1462,0,11,18798,18798,18798,13498,12072,36628
1,3233,3232,1791084300616114,1791084300617696,1582,0,12,18837,18837,18837,13618,13123,39774
1,3234,3233,1791084300666114,1791084300667588,1474,0,13,18708,18708,18708,13445,13042,37226
1,3235,3234,1791084300716114,1791084300718000,1886,0,14,18699,18699,18699,13532,12231,36387
1,3236,3235,1791084300766114,1791084300767621,1507,0,15,18795,18795,18795,13632,13539,39688
1,3237,3236,1791084300816114,1791084300818250,2136,0,16,18872,18872,18872,13520,12330,36547
1,3238,3237,1791084300866114,1791084300867384,1270,0,17,18599,18599,18599,13440,13197,38876
1,3239,3238,1791084300916114,1791084300917348,1234,0,18,18819,18819,18819,13495,12785,37078
1,3240,3239,1791084300966114,1791084300967527,1413,0,19,18835,18835,18835,13434,12966,37541
1,3241,3240,1791084301016114,1791084301017438,1324,0,0,18626,18626,18626,13412,12788,37241
1,3242,3241,1791084301066114,1791084301067696,1582,0,1,18935,18935,18935,13577,12647,37282
1,3243,3242,1791084301116114,1791084301117999,1885,0,2,18682,18682,18682,13337,13328,38033
1,3244,3243,1791084301166114,1791084301167701,1587,0,3,18826,18826,18826,13434,12938,37028
1,3245,3244,1791084301216114,1791084301217844,1730,0,4,18604,18604,18604,13298,12666,36596
1,3246,3245,1791084301266114,1791084301267391,1277,0,5,18709,18709,18709,13440,13288,37752
1,3247,3246,1791084301316114,1791084301340684,24570,0,6,18617,18617,18617,13342,12689,36501
1,3248,3247,1791084301366114,1791084301382617,16503,0,7,18850,18850,18850,13319,12727,36790
1,3249,3248,1791084301416114,1791084301425060,8946,0,8,18851,18851,18851,13333,12337,36330
1,3250,3249,1791084301466114,1791084301469576,3462,0,9,18646,18646,18646,13243,12275,36416
1,3251,3250,1791084301516114,1791084301518386,2272,0,10,18692,18692,18692,13347,13146,37535
1,3252,3251,1791084301566114,1791084301567583,1469,0,11,18798,18798,18798,13496,13255,37750
1,3253,3252,1791084301616114,1791084301617624,1510,0,12,18837,18837,18837,13556,12862,37116
1,3254,3253,1791084301666114,1791084301667514,1400,0,13,18708,18708,18708,13445,12254,36432
1,3255,3254,1791084301716114,1791084301719739,3625,0,14,18699,18699,18699,13406,12631,37761
1,3256,3255,1791084301766114,1791084301767630,1516,0,15,18795,18795,18795,13410,12195,36200
1,3257,3256,1791084301816114,1791084301818005,1891,0,16,18872,18872,18872,13481,12201,37453
1,3258,3257,1791084301866114,1791084301868283,2169,0,17,18599,18599,18599,13548,13251,39319
1,3259,3258,1791084301916114,1791084301917823,1709,0,18,18819,18819,18819,13511,12645,36668
1,3260,3259,1791084301966114,1791084301967562,1448,0,19,18835,18835,18835,13420,12046,36371
1,3261,3260,1791084302016114,1791084302017398,1284,0,0,18626,18626,18626,13262,12761,38501
1,3262,3261,1791084302066114,1791084302068266,2152,0,1,18935,18935,18935,13663,12883,37397
1,3263,3262,1791084302116114,1791084302118070,1956,0,2,18682,18682,18682,13388,12943,37406
1,3264,3263,1791084302166114,1791084302167871,1757,0,3,18826,18826,18826,13533,12744,37080
1,3265,3264,1791084302216114,1791084302217480,1366,0,4,18604,18604,18604,13301,12411,36938
1,3266,3265,1791084302266114,1791084302267337,1223,0,5,18709,18709,18709,13471,12726,37720
1,3267,3266,1791084302316114,1791084302317798,1684,0,6,18617,18617,18617,13378,12487,37180
1,3268,3267,1791084302366114,1791084302367711,1597,0,7,18850,18850,18850,13510,12982,38240
1,3269,3268,1791084302416114,1791084302418234,2120,0,8,18851,18851,18851,13488,12794,37127
1,3270,3269,1791084302466114,1791084302467876,1762,0,9,18646,18646,18646,13469,12443,37162
1,3271,3270,1791084302516114,1791084302517305,1191,0,10,18692,18692,18692,13359,12742,37968
1,3272,3271,1791084302566114,1791084302567543,1429,0,11,18798,18798,18798,13499,12864,37475
1,3273,3272,1791084302616114,1791084302618225,2111,0,12,18837,18837,18837,13560,12639,37142
1,3274,3273,1791084302666114,1791084302667819,1705,0,13,18708,18708,18708,13451,12740,37867
1,3275,3274,1791084302716114,1791084302717761,1647,0,14,18699,18699,18699,13484,13320,37987
1,3276,3275,1791084302766114,1791084302767595,1481,0,15,18795,18795,18795,13505,13415,37633
1,3277,3276,1791084302816114,1791084302818406,2292,0,16,18872,18872,18872,13452,12614,36679
1,3278,3277,1791084302866114,1791084302868239,2125,0,17,18599,18599,18599,13500,12691,37473
1,3279,3278,1791084302916114,1791084302918308,2194,0,18,18819,18819,18819,13511,12634,37255
1,3280,3279,1791084302966114,1791084302967427,1313,0,19,18835,18835,18835,13341,12688,37311
1,3281,3280,1791084303016114,1791084303017878,1764,0,0,18626,18626,18626,13295,12723,36856
1,3282,3281,1791084303066114,1791084303067990,1876,0,1,18935,18935,18935,13592,12809,37329
1,3283,3282,1791084303116114,1791084303117973,1859,0,2,18682,18682,18682,13321,12801,37330
1,3284,3283,1791084303166114,1791084303167601,1487,0,3,18826,18826,18826,13531,13095,37923
1,3285,3284,1791084303216114,1791084303217654,1540,0,4,18604,18604,18604,13329,12185,36245
1,3286,3285,1791084303266114,1791084303268294,2180,0,5,18709,18709,18709,13400,13139,38775
1,3287,3286,1791084303316114,1791084303317973,1859,0,6,18617,18617,18617,13418,12432,36327
1,3288,3287,1791084303366114,1791084303367347,1233,0,7,18850,18850,18850,13495,12674,37454
1,3289,3288,1791084303416114,1791084303417643,1529,0,8,18851,18851,18851,13427,12247,36222
1,3290,3289,1791084303466114,1791084303467953,1839,0,9,18646,18646,18646,13199,12344,37028
1,3291,3290,1791084303516114,1791084303518171,2057,0,10,18692,18692,18692,13301,13041,37358
1,3292,3291,1791084303566114,1791084303567642,1528,0,11,18798,18798,18798,13449,13088,37113
1,3293,3292,1791084303616114,1791084303618250,2136,0,12,18837,18837,18837,13564,12957,37158
1,3294,3293,1791084303666114,1791084303667437,1323,0,13,18708,18708,18708,13307,12851,37069
1,3295,3294,1791084303716114,1791084303717891,1777,0,14,18699,18699,18699,13436,13094,37293
1,3296,3295,1791084303766114,1791084303767932,1818,0,15,18795,18795,18795,13531,12868,37187
1,3297,3296,1791084303816114,1791084303817826,1712,0,16,18872,18872,18872,13484,13184,37572
1,3298,3297,1791084303866114,1791084303868182,2068,0,17,18599,18599,18599,13476,13320,37603
1,3299,3298,1791084303916114,1791084303917578,1464,0,18,18819,18819,18819,13447,13202,37288
1,3300,3299,1791084303966114,1791084303967976,1862,0,19,18835,18835,18835,13473,13047,37587
1,3301,3300,1791084304016114,1791084304017894,1780,0,0,18626,18626,18626,13292,12371,36311
1,3302,3301,1791084304066114,1791084304068065,1951,0,1,18935,18935,18935,13687,12593,38124
1,3303,3302,1791084304116114,1791084304118167,2053,0,2,18682,18682,18682,13440,12572,37896
1,3304,3303,1791084304166114,1791084304167656,1542,0,3,18826,18826,18826,13550,12535,37516
1,3305,3304,1791084304216114,1791084304217585,1471,0,4,18604,18604,18604,13416,13224,38467
1,3306,3305,1791084304266114,1791084304268321,2207,0,5,18709,18709,18709,13407,13313,37193
1,3307,3306,1791084304316114,1791084304317690,1576,0,6,18617,18617,18617,13306,12898,36990
1,3308,3307,1791084304366114,1791084304368032,1918,0,7,18850,18850,18850,13338,12704,36712
1,3309,3308,1791084304416114,1791084304418239,2125,0,8,18851,18851,18851,13295,12732,36831
1,3310,3309,1791084304466114,1791084304467414,1300,0,9,18646,18646,18646,13260,12587,36401
1,3311,3310,1791084304516114,1791084304517999,1885,0,10,18692,18692,18692,13363,12709,36751
1,3312,3311,1791084304566114,1791084304568230,2116,0,11,18798,18798,18798,13443,12369,36588
1,3313,3312,1791084304616114,1791084304618774,2660,0,12,18837,18837,18837,13468,12893,37982
1,3314,3313,1791084304666114,1791084304667561,1447,0,13,18708,18708,18708,13525,13079,37430
1,3315,3314,1791084304716114,1791084304717992,1878,0,14,18699,18699,18699,13372,12809,37015
1,3316,3315,1791084304766114,1791084304768124,2010,0,15,18795,18795,18795,13367,12174,36220
1,3317,3316,1791084304816114,1791084304818082,1968,0,16,18872,18872,18872,13392,12607,37407
1,3318,3317,1791084304866114,1791084304867557,1443,0,17,18599,18599,18599,13302,12814,37356
1,3319,3318,1791084304916114,1791084304917589,1475,0,18,18819,18819,18819,13470,13299,37657
1,3320,3319,1791084304966114,1791084304967618,1504,0,19,18835,18835,18835,13467,12389,36265
1,3321,3320,1791084305016114,1791084305019070,2956,0,0,18626,18626,18626,13319,13228,38087
1,3322,3321,1791084305066114,1791084305075032,8918,0,1,18935,18935,18935,13595,12895,37251
1,3323,3322,1791084305116114,1791084305118692,2578,0,2,18682,18682,18682,13364,12913,37338
1,3324,3323,1791084305166114,1791084305167577,1463,0,3,18826,18826,18826,13567,12790,37372
1,3325,3324,1791084305216114,1791084305217323,1209,0,4,18604,18604,18604,13319,12832,37246
1,3326,3325,1791084305266114,1791084305268164,2050,0,5,18709,18709,18709,13469,12326,36436
1,3327,3326,1791084305316114,1791084305318007,1893,0,6,18617,18617,18617,13318,12678,37591
1,3328,3327,1791084305366114,1791084305367599,1485,0,7,18850,18850,18850,13430,13295,37562
1,3329,3328,1791084305416114,1791084305417826,1712,0,8,18851,18851,18851,13420,13286,37515
1,3330,3329,1791084305466114,1791084305467500,1386,0,9,18646,18646,18646,13396,12866,36773
1,3331,3330,1791084305516114,1791084305517884,1770,0,10,18692,18692,18692,13445,13230,37865
1,3332,3331,1791084305566114,1791084305567670,1556,0,11,18798,18798,18798,13479,12451,36709
1,3333,3332,1791084305616114,1791084305617514,1400,0,12,18837,18837,18837,13579,13475,38740
1,3334,3333,1791084305666114,1791084305667682,1568,0,13,18708,18708,18708,13421,13075,37322
1,3335,3334,1791084305716114,1791084305718144,2030,0,14,18699,18699,18699,13414,12330,36319
1,3336,3335,1791084305766114,1791084305767917,1803,0,15,18795,18795,18795,13353,12422,36945
1,3337,3336,1791084305816114,1791084305819066,2952,0,16,18872,18872,18872,13425,13318,37908
1,3338,3337,1791084305866114,1791084305867677,1563,0,17,18599,18599,18599,13354,12864,36695
1,3339,3338,1791084305916114,1791084305917413,1299,0,18,18819,18819,18819,13469,12663,36874
1,3340,3339,1791084305966114,1791084305967832,1718,0,19,18835,18835,18835,13551,12728,37808
1,3341,3340,1791084306016114,1791084306017758,1644,0,0,18626,18626,18626,13458,12574,37698
1,3342,3341,1791084306066114,1791084306068263,2149,0,1,18935,18935,18935,13681,12915,38140
1,3343,3342,1791084306116114,1791084306118284,2170,0,2,18682,18682,18682,13392,13074,37708
1,3344,3343,1791084306166114,1791084306167520,1406,0,3,18826,18826,18826,13522,12887,37243
1,3345,3344,1791084306216114,1791084306217802,1688,0,4,18604,18604,18604,13353,12459,36662
1,3346,3345,1791084306266114,1791084306267838,1724,0,5,18709,18709,18709,13408,12838,37418
1,3347,3346,1791084306316114,1791084306318167,2053,0,6,18617,18617,18617,13311,13224,37514
1,3348,3347,1791084306366114,1791084306368064,1950,0,7,18850,18850,18850,13379,13020,37071
1,3349,3348,1791084306416114,1791084306417696,1582,0,8,18851,18851,18851,13325,12499,36233
1,3350,3349,1791084306466114,1791084306470049,3935,0,9,18646,18646,18646,13310,12607,36908
1,3351,3350,1791084306516114,1791084306517833,1719,0,10,18692,18692,18692,13456,13139,37552
1,3352,3351,1791084306566114,1791084306567865,1751,0,11,18798,18798,18798,13411,13145,37152
1,3353,3352,1791084306616114,1791084306617445,1331,0,12,18837,18837,18837,13536,12376,36528
1,3354,3353,1791084306666114,1791084306668140,2026,0,13,18708,18708,18708,13478,13103,38955
1,3355,3354,1791084306716114,1791084306717758,1644,0,14,18699,18699,18699,13352,13098,37196
1,3356,3355,1791084306766114,1791084306767635,1521,0,15,18795,18795,18795,13406,12773,37059
1,3357,3356,1791084306816114,1791084306817455,1341,0,16,18872,18872,18872,13359,11929,35531
1,3358,3357,1791084306866114,1791084306867846,1732,0,17,18599,18599,18599,13319,12761,38504
1,3359,3358,1791084306916114,1791084306917879,1765,0,18,18819,18819,18819,13576,12756,37332
1,3360,3359,1791084306966114,1791084306967557,1443,0,19,18835,18835,18835,13565,12658,37756
1,3361,3360,1791084307016114,1791084307018013,1899,0,0,18626,18626,18626,13376,12458,37148
1,3362,3361,1791084307066114,1791084307067813,1699,0,1,18935,18935,18935,13618,12854,37874
1,3363,3362,1791084307116114,1791084307117696,1582,0,2,18682,18682,18682,13487,13359,37945
1,3364,3363,1791084307166114,1791084307167610,1496,0,3,18826,18826,18826,13592,12828,37093
1,3365,3364,1791084307216114,1791084307217367,1253,0,4,18604,18604,18604,13270,12260,36300
1,3366,3365,1791084307266114,1791084307267651,1537,0,5,18709,18709,18709,13350,12758,37562
1,3367,3366,1791084307316114,1791084307317451,1337,0,6,18617,18617,18617,13342,13051,37068
1,3368,3367,1791084307366114,1791084307367777,1663,0,7,18850,18850,18850,13376,12978,37253
1,3369,3368,1791084307416114,1791084307417879,1765,0,8,18851,18851,18851,13490,12616,36673
1,3370,3369,1791084307466114,1791084307470127,4013,0,9,18646,18646,18646,13265,12914,36989
1,3371,3370,1791084307516114,1791084307517961,1847,0,10,18692,18692,18692,13411,13384,37402
1,3372,3371,1791084307566114,1791084307567456,1342,0,11,18798,18798,18798,13533,13280,37671
1,3373,3372,1791084307616114,1791084307617374,1260,0,12,18837,18837,18837,13563,12632,36731
1,3374,3373,1791084307666114,1791084307667442,1328,0,13,18708,18708,18708,13468,12542,37709
1,3375,3374,1791084307716114,1791084307717350,1236,0,14,18699,18699,18699,13425,12716,37439
1,3376,3375,1791084307766114,1791084307767735,1621,0,15,18795,18795,18795,13344,12735,36801
1,3377,3376,1791084307816114,1791084307825280,9166,0,16,18872,18872,18872,13310,12848,36855
1,3378,3377,1791084307866114,1791084307876245,10131,0,17,18599,18599,18599,13303,12657,36761
1,3379,3378,1791084307916114,1791084307918055,1941,0,18,18819,18819,18819,13553,13331,38023
1,3380,3379,1791084307966114,1791084307967509,1395,0,19,18835,18835,18835,13550,12841,37331
1,3381,3380,1791084308016114,1791084308017977,1863,0,0,18626,18626,18626,13394,12973,37574
1,3382,3381,1791084308066114,1791084308067410,1296,0,1,18935,18935,18935,13552,13173,37601
1,3383,3382,1791084308116114,1791084308118120,2006,0,2,18682,18682,18682,13393,12756,36925
1,3384,3383,1791084308166114,1791084308167755,1641,0,3,18826,18826,18826,13600,12842,37779
1,3385,3384,1791084308216114,1791084308218248,2134,0,4,18604,18604,18604,13316,13189,37462
1,3386,3385,1791084308266114,1791084308267505,1391,0,5,18709,18709,18709,13413,13118,37214
1,3387,3386,1791084308316114,1791084308319024,2910,0,6,18617,18617,18617,13354,12480,36477
1,3388,3387,1791084308366114,1791084308367526,1412,0,7,18850,18850,18850,13423,13350,38326
1,3389,3388,1791084308416114,1791084308417428,1314,0,8,18851,18851,18851,13548,13383,37904
1,3390,3389,1791084308466114,1791084308468236,2122,0,9,18646,18646,18646,13309,12610,36339
1,3391,3390,1791084308516114,1791084308518353,2239,0,10,18692,18692,18692,13466,12836,37672
1,3392,3391,1791084308566114,1791084308567643,1529,0,11,18798,18798,18798,13488,13127,37938
1,3393,3392,1791084308616114,1791084308618271,2157,0,12,18837,18837,18837,13595,12507,36905
1,3394,3393,1791084308666114,1791084308667819,1705,0,13,18708,18708,18708,13492,12611,37870
1,3395,3394,1791084308716114,1791084308717630,1516,0,14,18699,18699,18699,13525,12988,38158
1,3396,3395,1791084308766114,1791084308767626,1512,0,15,18795,18795,18795,13423,13201,37890
1,3397,3396,1791084308816114,1791084308817402,1288,0,16,18872,18872,18872,13440,12981,37286
1,3398,3397,1791084308866114,1791084308869904,3790,0,17,18599,18599,18599,13409,12276,36331
1,3399,3398,1791084308916114,1791084308917554,1440,0,18,18819,18819,18819,13409,13037,38385
1,3400,3399,1791084308966114,1791084308967610,1496,0,19,18835,18835,18835,13525,12438,36717
1,3401,3400,1791084309016114,1791084309018290,2176,0,0,18626,18626,18626,13332,13024,38208
1,3402,3401,1791084309066114,1791084309067632,1518,0,1,18935,18935,18935,13697,13377,38285
1,3403,3402,1791084309116114,1791084309118233,2119,0,2,18682,18682,18682,13409,12677,36865
1,3404,3403,1791084309166114,1791084309167799,1685,0,3,18826,18826,18826,13532,12608,37366
1,3405,3404,1791084309216114,1791084309217579,1465,0,4,18604,18604,18604,13433,12622,37692
1,3406,3405,1791084309266114,1791084309267736,1622,0,5,18709,18709,18709,13425,12754,37662
1,3407,3406,1791084309316114,1791084309318036,1922,0,6,18617,18617,18617,13365,12785,37330
1,3408,3407,1791084309366114,1791084309367609,1495,0,7,18850,18850,18850,13661,12831,37903
1,3409,3408,1791084309416114,1791084309417763,1649,0,8,18851,18851,18851,13533,12805,37798
1,3410,3409,1791084309466114,1791084309467485,1371,0,9,18646,18646,18646,13452,12906,37901
1,3411,3410,1791084309516114,1791084309517937,1823,0,10,18692,18692,18692,13469,13006,37502
1,3412,3411,1791084309566114,1791084309567660,1546,0,11,18798,18798,18798,13447,13137,37573
1,3413,3412,1791084309616114,1791084309617980,1866,0,12,18837,18837,18837,13532,13170,37583
1,3414,3413,1791084309666114,1791084309668084,1970,0,13,18708,18708,18708,13464,12670,37018
1,3415,3414,1791084309716114,1791084309718311,2197,0,14,18699,18699,18699,13508,12451,37264
1,3416,3415,1791084309766114,1791084309767964,1850,0,15,18795,18795,18795,13516,12589,37969
1,3417,3416,1791084309816114,1791084309817824,1710,0,16,18872,18872,18872,13598,12966,38675
1,3418,3417,1791084309866114,1791084309867946,1832,0,17,18599,18599,18599,13524,13200,38142
1,3419,3418,1791084309916114,1791084309917936,1822,0,18,18819,18819,18819,13472,12573,36717
1,3420,3419,1791084309966114,1791084309967932,1818,0,19,18835,18835,18835,13532,13083,38337
1,3421,3420,1791084310016114,1791084310017357,1243,0,0,18626,18626,18626,13458,12397,36569
1,3422,3421,1791084310066114,1791084310067466,1352,0,1,18935,18935,18935,13516,12569,37593
1,3423,3422,1791084310116114,1791084310117565,1451,0,2,18682,18682,18682,13486,12296,37358
1,3424,3423,1791084310166114,1791084310167662,1548,0,3,18826,18826,18826,13592,12467,38189
1,3425,3424,1791084310216114,1791084310217568,1454,0,4,18604,18604,18604,13536,12727,38115
1,3426,3425,1791084310266114,1791084310267786,1672,0,5,18709,18709,18709,13411,13058,37821
1,3427,3426,1791084310316114,1791084310317688,1574,0,6,18617,18617,18617,13511,12987,37511
1,3428,3427,1791084310366114,1791084310367687,1573,0,7,18850,18850,18850,13540,12918,37763
1,3429,3428,1791084310416114,1791084310417944,1830,0,8,18851,18851,18851,13520,12701,37647
1,3430,3429,1791084310466114,1791084310467678,1564,0,9,18646,18646,18646,13511,13114,38119
1,3431,3430,1791084310516114,1791084310518233,2119,0,10,18692,18692,18692,13405,12759,36821
1,3432,3431,1791084310566114,1791084310567809,1695,0,11,18798,18798,18798,13479,12825,37615
1,3433,3432,1791084310616114,1791084310617962,1848,0,12,18837,18837,18837,13649,13138,37971
1,3434,3433,1791084310666114,1791084310667892,1778,0,13,18708,18708,18708,13500,12573,36940
1,3435,3434,1791084310716114,1791084310718329,2215,0,14,18699,18699,18699,13442,12188,36765
1,3436,3435,1791084310766114,1791084310767369,1255,0,15,18795,18795,18795,13518,12696,38914
1,3437,3436,1791084310816114,1791084310818131,2017,0,16,18872,18872,18872,13570,12865,38003
1,3438,3437,1791084310866114,1791084310867574,1460,0,17,18599,18599,18599,13418,12747,37337
1,3439,3438,1791084310916114,1791084310918547,2433,0,18,18819,18819,18819,13481,12732,37512
1,3440,3439,1791084310966114,1791084310967555,1441,0,19,18835,18835,18835,13511,12780,37767
1,3441,3440,1791084311016114,1791084311017472,1358,0,0,18626,18626,18626,13507,12648,37350
1,3442,3441,1791084311066114,1791084311067762,1648,0,1,18935,18935,18935,13691,13503,38637
1,3443,3442,1791084311116114,1791084311118358,2244,0,2,18682,18682,18682,13471,13418,37563
1,3444,3443,1791084311166114,1791084311167706,1592,0,3,18826,18826,18826,13494,12924,37195
1,3445,3444,1791084311216114,1791084311217744,1630,0,4,18604,18604,18604,13370,13130,37499
1,3446,3445,1791084311266114,1791084311267409,1295,0,5,18709,18709,18709,13478,12896,37247
1,3447,3446,1791084311316114,1791084311317855,1741,0,6,18617,18617,18617,13548,12790,37391
1,3448,3447,1791084311366114,1791084311367699,1585,0,7,18850,18850,18850,13646,12906,38151
1,3449,3448,1791084311416114,1791084311417522,1408,0,8,18851,18851,18851,13557,12542,37181
1,3450,3449,1791084311466114,1791084311467670,1556,0,9,18646,18646,18646,13555,12997,38466
1,3451,3450,1791084311516114,1791084311517701,1587,0,10,18692,18692,18692,13540,12861,37567
1,3452,3451,1791084311566114,1791084311567611,1497,0,11,18798,18798,18798,13433,12695,37298
1,3453,3452,1791084311616114,1791084311618237,2123,0,12,18837,18837,18837,13533,13093,37913
1,3454,3453,1791084311666114,1791084311667784,1670,0,13,18708,18708,18708,13451,13406,37769
1,3455,3454,1791084311716114,1791084311717429,1315,0,14,18699,18699,18699,13478,12699,36873
1,3456,3455,1791084311766114,1791084311767301,1187,0,15,18795,18795,18795,13484,12843,37680
1,3457,3456,1791084311816114,1791084311817724,1610,0,16,18872,18872,18872,13632,12713,37590
1,3458,3457,1791084311866114,1791084311868017,1903,0,17,18599,18599,18599,13451,12483,37312
1,3459,3458,1791084311916114,1791084311917853,1739,0,18,18819,18819,18819,13457,12661,37788
1,3460,3459,1791084311966114,1791084311967411,1297,0,19,18835,18835,18835,13505,12784,37280
1,3461,3460,1791084312016114,1791084312017434,1320,0,0,18626,18626,18626,13424,12723,37521
1,3462,3461,1791084312066114,1791084312067512,1398,0,1,18935,18935,18935,13673,12739,37399
1,3463,3462,1791084312116114,1791084312144391,28277,0,2,18682,18682,18682,13615,13049,38331
1,3464,3463,1791084312166114,1791084312185825,19711,0,3,18826,18826,18826,13497,13396,38167
1,3465,3464,1791084312216114,1791084312230710,14596,0,4,18604,18604,18604,13491,13123,37612
1,3466,3465,1791084312266114,1791084312274843,8729,0,5,18709,18709,18709,13421,12139,36063
1,3467,3466,1791084312316114,1791084312319684,3570,0,6,18617,18617,18617,13542,13174,39270
1,3468,3467,1791084312366114,1791084312367873,1759,0,7,18850,18850,18850,13500,12461,36966
1,3469,3468,1791084312416114,1791084312417891,1777,0,8,18851,18851,18851,13723,13533,39402
1,3470,3469,1791084312466114,1791084312467969,1855,0,9,18646,18646,18646,13457,12592,36625
1,3471,3470,1791084312516114,1791084312517860,1746,0,10,18692,18692,18692,13442,12824,37557
1,3472,3471,1791084312566114,1791084312567587,1473,0,11,18798,18798,18798,13559,12779,37071
1,3473,3472,1791084312616114,1791084312617987,1873,0,12,18837,18837,18837,13612,13160,38275
1,3474,3473,1791084312666114,1791084312667773,1659,0,13,18708,18708,18708,13649,13269,38113
1,3475,3474,1791084312716114,1791084312717953,1839,0,14,18699,18699,18699,13521,12746,36978
1,3476,3475,1791084312766114,1791084312768175,2061,0,15,18795,18795,18795,13568,12894,38069
1,3477,3476,1791084312816114,1791084312817696,1582,0,16,18872,18872,18872,13633,13432,38739
1,3478,3477,1791084312866114,1791084312868055,1941,0,17,18599,18599,18599,13390,13172,37345
1,3479,3478,1791084312916114,1791084312918120,2006,0,18,18819,18819,18819,13552,13083,37618
1,3480,3479,1791084312966114,1791084312967645,1531,0,19,18835,18835,18835,13578,12884,37542
1,3481,3480,1791084313016114,1791084313017687,1573,0,0,18626,18626,18626,13303,12586,36844
1,3482,3481,1791084313066114,1791084313067537,1423,0,1,18935,18935,18935,13684,13277,38528
1,3483,3482,1791084313116114,1791084313117678,1564,0,2,18682,18682,18682,13467,12708,37020
1,3484,3483,1791084313166114,1791084313167433,1319,0,3,18826,18826,18826,13549,12629,37302
1,3485,3484,1791084313216114,1791084313217610,1496,0,4,18604,18604,18604,13435,13001,38081
1,3486,3485,1791084313266114,1791084313268258,2144,0,5,18709,18709,18709,13500,12830,37291
1,3487,3486,1791084313316114,1791084313317723,1609,0,6,18617,18617,18617,13464,12669,37105
1,3488,3487,1791084313366114,1791084313367624,1510,0,7,18850,18850,18850,13715,13443,38861
1,3489,3488,1791084313416114,1791084313418019,1905,0,8,18851,18851,18851,13548,12984,37439
1,3490,3489,1791084313466114,1791084313467998,1884,0,9,18646,18646,18646,13444,12851,37640
1,3491,3490,1791084313516114,1791084313518236,2122,0,10,18692,18692,18692,13536,12867,37560
1,3492,3491,1791084313566114,1791084313567618,1504,0,11,18798,18798,18798,13488,13224,38038
1,3493,3492,1791084313616114,1791084313618309,2195,0,12,18837,18837,18837,13663,12999,37756
1,3494,3493,1791084313666114,1791084313668009,1895,0,13,18708,18708,18708,13550,12366,37136
1,3495,3494,1791084313716114,1791084313718123,2009,0,14,18699,18699,18699,13407,13096,38578
1,3496,3495,1791084313766114,1791084313767323,1209,0,15,18795,18795,18795,13681,12446,37060
1,3497,3496,1791084313816114,1791084313817567,1453,0,16,18872,18872,18872,13649,13055,39643
1,3498,3497,1791084313866114,1791084313867609,1495,0,17,18599,18599,18599,13297,12571,36726
1,3499,3498,1791084313916114,1791084313917941,1827,0,18,18819,18819,18819,13546,12728,37744
1,3500,3499,1791084313966114,1791084313967621,1507,0,19,18835,18835,18835,13511,13143,38032
1,3501,3500,1791084314016114,1791084314017536,1422,0,0,18626,18626,18626,13437,13156,37311
1,3502,3501,1791084314066114,1791084314067440,1326,0,1,18935,18935,18935,13607,12911,37284
1,3503,3502,1791084314116114,1791084314118231,2117,0,2,18682,18682,18682,13478,12929,37568
1,3504,3503,1791084314166114,1791084314168006,1892,0,3,18826,18826,18826,13582,12806,37605
1,3505,3504,1791084314216114,1791084314218108,1994,0,4,18604,18604,18604,13436,12401,37170
1,3506,3505,1791084314266114,1791084314268246,2132,0,5,18709,18709,18709,13464,12700,37951
1,3507,3506,1791084314316114,1791084314318088,1974,0,6,18617,18617,18617,13453,12334,36823
1,3508,3507,1791084314366114,1791084314367459,1345,0,7,18850,18850,18850,13654,12951,38992
1,3509,3508,1791084314416114,1791084314417956,1842,0,8,18851,18851,18851,13672,12869,38010
1,3510,3509,1791084314466114,1791084314467746,1632,0,9,18646,18646,18646,13509,12755,37898
1,3511,3510,1791084314516114,1791084314517981,1867,0,10,18692,18692,18692,13527,12744,37391
1,3512,3511,1791084314566114,1791084314567607,1493,0,11,18798,18798,18798,13411,12591,37135
1,3513,3512,1791084314616114,1791084314617749,1635,0,12,18837,18837,18837,13616,12729,37975
1,3514,3513,1791084314666114,1791084314667504,1390,0,13,18708,18708,18708,13509,12807,37842
1,3515,3514,1791084314716114,1791084314718288,2174,0,14,18699,18699,18699,13498,12385,37190
1,3516,3515,1791084314766114,1791084314767813,1699,0,15,18795,18795,18795,13549,12089,37491
1,3517,3516,1791084314816114,1791084314818319,2205,0,16,18872,18872,18872,13705,13111,40235
1,3518,3517,1791084314866114,1791084314867739,1625,0,17,18599,18599,18599,13470,12733,37242
1,3519,3518,1791084314916114,1791084314917816,1702,0,18,18819,18819,18819,13494,12427,37073
1,3520,3519,1791084314966114,1791084314967443,1329,0,19,18835,18835,18835,13660,12952,38516
1,3521,3520,1791084315016114,1791084315018161,2047,0,0,18626,18626,18626,13363,12740,37001
1,3522,3521,1791084315066114,1791084315067776,1662,0,1,18935,18935,18935,13647,12971,37933
1,3523,3522,1791084315116114,1791084315117445,1331,0,2,18682,18682,18682,13424,13168,37774
1,3524,3523,1791084315166114,1791084315167567,1453,0,3,18826,18826,18826,13602,12919,37439
1,3525,3524,1791084315216114,1791084315218342,2228,0,4,18604,18604,18604,13430,12606,37207
1,3526,3525,1791084315266114,1791084315268197,2083,0,5,18709,18709,18709,13438,13058,38070
1,3527,3526,1791084315316114,1791084315317449,1335,0,6,18617,18617,18617,13532,12778,37349
1,3528,3527,1791084315366114,1791084315367593,1479,0,7,18850,18850,18850,13505,13427,38135
1,3529,3528,1791084315416114,1791084315417403,1289,0,8,18851,18851,18851,13615,13032,37744
1,3530,3529,1791084315466114,1791084315468061,1947,0,9,18646,18646,18646,13506,12438,36686
1,3531,3530,1791084315516114,1791084315517752,1638,0,10,18692,18692,18692,13430,12957,38208
1,3532,3531,1791084315566114,1791084315567783,1669,0,11,18798,18798,18798,13505,12603,37219
1,3533,3532,1791084315616114,1791084315617819,1705,0,12,18837,18837,18837,13649,12822,38207
1,3534,3533,1791084315666114,1791084315667712,1598,0,13,18708,18708,18708,13479,12834,37778
1,3535,3534,1791084315716114,1791084315717500,1386,0,14,18699,18699,18699,13456,12705,37223
1,3536,3535,1791084315766114,1791084315768961,2847,0,15,18795,18795,18795,13523,12763,37492
1,3537,3536,1791084315816114,1791084315817530,1416,0,16,18872,18872,18872,13701,13112,38680
1,3538,3537,1791084315866114,1791084315868060,1946,0,17,18599,18599,18599,13534,12767,37365
1,3539,3538,1791084315916114,1791084315917869,1755,0,18,18819,18819,18819,13437,12655,37245
1,3540,3539,1791084315966114,1791084315967605,1491,0,19,18835,18835,18835,13592,12907,37995
1,3541,3540,1791084316016114,1791084316017869,1755,0,0,18626,18626,18626,13471,12754,37568
1,3542,3541,1791084316066114,1791084316067848,1734,0,1,18935,18935,18935,13780,12681,37968
1,3543,3542,1791084316116114,1791084316117996,1882,0,2,18682,18682,18682,13416,12646,37917
1,3544,3543,1791084316166114,1791084316167666,1552,0,3,18826,18826,18826,13739,13077,38467
1,3545,3544,1791084316216114,1791084316217376,1262,0,4,18604,18604,18604,13495,12520,37269
1,3546,3545,1791084316266114,1791084316268015,1901,0,5,18709,18709,18709,13583,12963,38555
1,3547,3546,1791084316316114,1791084316318255,2141,0,6,18617,18617,18617,13509,12971,37521
1,3548,3547,1791084316366114,1791084316367839,1725,0,7,18850,18850,18850,13636,12944,37815
1,3549,3548,1791084316416114,1791084316417547,1433,0,8,18851,18851,18851,13615,12953,37975
1,3550,3549,1791084316466114,1791084316468258,2144,0,9,18646,18646,18646,13412,12602,37078
1,3551,3550,1791084316516114,1791084316517431,1317,0,10,18692,18692,18692,13484,13124,37909
1,3552,3551,1791084316566114,1791084316567543,1429,0,11,18798,18798,18798,13575,12898,37538
1,3553,3552,1791084316616114,1791084316617591,1477,0,12,18837,18837,18837,13630,12652,37485
1,3554,3553,1791084316666114,1791084316668302,2188,0,13,18708,18708,18708,13561,12542,37614
1,3555,3554,1791084316716114,1791084316718039,1925,0,14,18699,18699,18699,13534,12658,37875
1,3556,3555,1791084316766114,1791084316767429,1315,0,15,18795,18795,18795,13542,12660,37950
1,3557,3556,1791084316816114,1791084316818279,2165,0,16,18872,18872,18872,13626,13056,38490
1,3558,3557,1791084316866114,1791084316867628,1514,0,17,18599,18599,18599,13385,13205,37459
1,3559,3558,1791084316916114,1791084316917667,1553,0,18,18819,18819,18819,13475,12426,36648
1,3560,3559,1791084316966114,1791084316967441,1327,0,19,18835,18835,18835,13518,12849,38281
1,3561,3560,1791084317016114,1791084317018058,1944,0,0,18626,18626,18626,13430,12532,36858
1,3562,3561,1791084317066114,1791084317068059,1945,0,1,18935,18935,18935,13683,13295,38716
1,3563,3562,1791084317116114,1791084317117555,1441,0,2,18682,18682,18682,13641,12833,37407
1,3564,3563,1791084317166114,1791084317167866,1752,0,3,18826,18826,18826,13543,13016,37951
1,3565,3564,1791084317216114,1791084317217994,1880,0,4,18604,18604,18604,13440,13249,37763
1,3566,3565,1791084317266114,1791084317267355,1241,0,5,18709,18709,18709,13488,12154,36245
1,3567,3566,1791084317316114,1791084317318039,1925,0,6,18617,18617,18617,13421,13335,39509
1,3568,3567,1791084317366114,1791084317367584,1470,0,7,18850,18850,18850,13659,12529,37068
1,3569,3568,1791084317416114,1791084317417933,1819,0,8,18851,18851,18851,13646,13431,39423
1,3570,3569,1791084317466114,1791084317467821,1707,0,9,18646,18646,18646,13612,13183,37896
1,3571,3570,1791084317516114,1791084317517652,1538,0,10,18692,18692,18692,13461,12442,36777
1,3572,3571,1791084317566114,1791084317567444,1330,0,11,18798,18798,18798,13632,13019,38638
1,3573,3572,1791084317616114,1791084317617354,1240,0,12,18837,18837,18837,13725,13361,38330
1,3574,3573,1791084317666114,1791084317667732,1618,0,13,18708,18708,18708,13387,12969,37167
1,3575,3574,1791084317716114,1791084317717396,1282,0,14,18699,18699,18699,13464,12733,36933
1,3576,3575,1791084317766114,1791084317767827,1713,0,15,18795,18795,18795,13621,13226,38366
1,3577,3576,1791084317816114,1791084317818038,1924,0,16,18872,18872,18872,13680,13471,38456
1,3578,3577,1791084317866114,1791084317868157,2043,0,17,18599,18599,18599,13387,12661,36933
1,3579,3578,1791084317916114,1791084317918291,2177,0,18,18819,18819,18819,13644,13237,38355
1,3580,3579,1791084317966114,1791084317967594,1480,0,19,18835,18835,18835,13541,12566,36979
1,3581,3580,1791084318016114,1791084318017712,1598,0,0,18626,18626,18626,13248,12863,37931
1,3582,3581,1791084318066114,1791084318067866,1752,0,1,18935,18935,18935,13703,12477,37105
1,3583,3582,1791084318116114,1791084318117976,1862,0,2,18682,18682,18682,13568,12599,38561
1,3584,3583,1791084318166114,1791084318168112,1998,0,3,18826,18826,18826,13755,12801,38587
1,3585,3584,1791084318216114,1791084318217457,1343,0,4,18604,18604,18604,13476,12951,38176
1,3586,3585,1791084318266114,1791084318267551,1437,0,5,18709,18709,18709,13489,12715,37217
1,3587,3586,1791084318316114,1791084318318252,2138,0,6,18617,18617,18617,13505,13073,37596
1,3588,3587,1791084318366114,1791084318367535,1421,0,7,18850,18850,18850,13569,13120,37640
1,3589,3588,1791084318416114,1791084318417404,1290,0,8,18851,18851,18851,13647,12690,37282
1,3590,3589,1791084318466114,1791084318467705,1591,0,9,18646,18646,18646,13565,13071,38229
1,3591,3590,1791084318516114,1791084318518117,2003,0,10,18692,18692,18692,13497,13082,37598
1,3592,3591,1791084318566114,1791084318567394,1280,0,11,18798,18798,18798,13602,12913,37741
1,3593,3592,1791084318616114,1791084318617753,1639,0,12,18837,18837,18837,13572,13358,38311
1,3594,3593,1791084318666114,1791084318668191,2077,0,13,18708,18708,18708,13528,12484,36762
1,3595,3594,1791084318716114,1791084318717359,1245,0,14,18699,18699,18699,13554,13211,38970
1,3596,3595,1791084318766114,1791084318767541,1427,0,15,18795,18795,18795,13598,12712,37223
1,3597,3596,1791084318816114,1791084318817935,1821,0,16,18872,18872,18872,13666,13122,38440
1,3598,3597,1791084318866114,1791084318867514,1400,0,17,18599,18599,18599,13260,12443,36739
1,3599,3598,1791084318916114,1791084318917840,1726,0,18,18819,18819,18819,13641,13388,38886
1,3600,3599,1791084318966114,1791084318967735,1621,0,19,18835,18835,18835,13638,13403,38104
1,3601,3600,1791084319016114,1791084319017513,1399,0,0,18626,18626,18626,13278,11975,35375
1,3602,3601,1791084319066114,1791084319068260,2146,0,1,18935,18935,18935,13697,13055,39405
1,3603,3602,1791084319116114,1791084319117713,1599,0,2,18682,18682,18682,13551,12880,37688
1,3604,3603,1791084319166114,1791084319168000,1886,0,3,18826,18826,18826,13663,12815,37618
1,3605,3604,1791084319216114,1791084319217361,1247,0,4,18604,18604,18604,13393,12877,37497
1,3606,3605,1791084319266114,1791084319268189,2075,0,5,18709,18709,18709,13527,13160,37899
1,3607,3606,1791084319316114,1791084319317872,1758,0,6,18617,18617,18617,13444,13041,37863
1,3608,3607,1791084319366114,1791084319367751,1637,0,7,18850,18850,18850,13716,13358,38272
1,3609,3608,1791084319416114,1791084319417769,1655,0,8,18851,18851,18851,13635,12936,37770
1,3610,3609,1791084319466114,1791084319468089,1975,0,9,18646,18646,18646,13552,12354,37082
1,3611,3610,1791084319516114,1791084319518030,1916,0,10,18692,18692,18692,13489,12243,37790
1,3612,3611,1791084319566114,1791084319567820,1706,0,11,18798,18798,18798,13497,12482,37635
1,3613,3612,1791084319616114,1791084319617572,1458,0,12,18837,18837,18837,13676,12530,38078
1,3614,3613,1791084319666114,1791084319667398,1284,0,13,18708,18708,18708,13609,13321,39142
1,3615,3614,1791084319716114,1791084319717506,1392,0,14,18699,18699,18699,13463,12261,36236
1,3616,3615,1791084319766114,1791084319767603,1489,0,15,18795,18795,18795,13514,13069,38823
1,3617,3616,1791084319816114,1791084319817475,1361,0,16,18872,18872,18872,13695,12937,37756
1,3618,3617,1791084319866114,1791084319867623,1509,0,17,18599,18599,18599,13400,13060,37478
1,3619,3618,1791084319916114,1791084319917850,1736,0,18,18819,18819,18819,13729,13125,37978
1,3620,3619,1791084319966114,1791084319967651,1537,0,19,18835,18835,18835,13608,12998,37557
1,3621,3620,1791084320016114,1791084320018130,2016,0,0,18626,18626,18626,13296,12142,36207
1,3622,3621,1791084320066114,1791084320067455,1341,0,1,18935,18935,18935,13685,12985,39442
1,3623,3622,1791084320116114,1791084320117860,1746,0,2,18682,18682,18682,13541,12723,37366
1,3624,3623,1791084320166114,1791084320167597,1483,0,3,18826,18826,18826,13789,13295,39029
1,3625,3624,1791084320216114,1791084320217384,1270,0,4,18604,18604,18604,13442,12838,37353
1,3626,3625,1791084320266114,1791084320267987,1873,0,5,18709,18709,18709,13514,12529,37060
1,3627,3626,1791084320316114,1791084320318167,2053,0,6,18617,18617,18617,13480,12597,37371
1,3628,3627,1791084320366114,1791084320367407,1293,0,7,18850,18850,18850,13632,12479,37453
1,3629,3628,1791084320416114,1791084320418166,2052,0,8,18851,18851,18851,13608,12666,38176
1,3630,3629,1791084320466114,1791084320467858,1744,0,9,18646,18646,18646,13509,12993,38155
1,3631,3630,1791084320516114,1791084320518065,1951,0,10,18692,18692,18692,13511,13361,38254
1,3632,3631,1791084320566114,1791084320567667,1553,0,11,18798,18798,18798,13499,13036,37354
1,3633,3632,1791084320616114,1791084320618243,2129,0,12,18837,18837,18837,13622,12953,37705
1,3634,3633,1791084320666114,1791084320667856,1742,0,13,18708,18708,18708,13436,12223,36624
1,3635,3634,1791084320716114,1791084320718188,2074,0,14,18699,18699,18699,13523,12764,38380
1,3636,3635,1791084320766114,1791084320767583,1469,0,15,18795,18795,18795,13468,12564,37170
1,3637,3636,1791084320816114,1791084320817298,1184,0,16,18872,18872,18872,13644,12431,37619
1,3638,3637,1791084320866114,1791084320867653,1539,0,17,18599,18599,18599,13496,13296,39145
1,3639,3638,1791084320916114,1791084320917524,1410,0,18,18819,18819,18819,13640,13317,37840
1,3640,3639,1791084320966114,1791084320967659,1545,0,19,18835,18835,18835,13669,12988,37798
1,3641,3640,1791084321016114,1791084321018212,2098,0,0,18626,18626,18626,13419,12907,37769
1,3642,3641,1791084321066114,1791084321070032,3918,0,1,18935,18935,18935,13798,13387,38796
1,3643,3642,1791084321116114,1791084321117818,1704,0,2,18682,18682,18682,13358,12666,36903
1,3644,3643,1791084321166114,1791084321167644,1530,0,3,18826,18826,18826,13639,12685,37557
1,3645,3644,1791084321216114,1791084321217642,1528,0,4,18604,18604,18604,13464,13081,38225
1,3646,3645,1791084321266114,1791084321267477,1363,0,5,18709,18709,18709,13482,12834,37308
1,3647,3646,1791084321316114,1791084321317694,1580,0,6,18617,18617,18617,13411,12960,37405
1,3648,3647,1791084321366114,1791084321367687,1573,0,7,18850,18850,18850,13579,13203,37901
1,3649,3648,1791084321416114,1791084321417867,1753,0,8,18851,18851,18851,13593,12661,37116
1,3650,3649,1791084321466114,1791084321467991,1877,0,9,18646,18646,18646,13342,12661,37392
1,3651,3650,1791084321516114,1791084321518260,2146,0,10,18692,18692,18692,13504,13287,38093
1,3652,3651,1791084321566114,1791084321567499,1385,0,11,18798,18798,18798,13532,12800,37231
1,3653,3652,1791084321616114,1791084321618144,2030,0,12,18837,18837,18837,13632,12790,37717
1,3654,3653,1791084321666114,1791084321667683,1569,0,13,18708,18708,18708,13468,12782,37848
1,3655,3654,1791084321716114,1791084321718325,2211,0,14,18699,18699,18699,13455,12764,37127
1,3656,3655,1791084321766114,1791084321767608,1494,0,15,18795,18795,18795,13549,12799,37389
1,3657,3656,1791084321816114,1791084321817987,1873,0,16,18872,18872,18872,13531,12723,37804
1,3658,3657,1791084321866114,1791084321868132,2018,0,17,18599,18599,18599,13361,12738,37155
1,3659,3658,1791084321916114,1791084321917586,1472,0,18,18819,18819,18819,13599,12798,37618
1,3660,3659,1791084321966114,1791084321967284,1170,0,19,18835,18835,18835,13700,12772,38297
1,3661,3660,1791084322016114,1791084322017589,1475,0,0,18626,18626,18626,13489,12881,38012
1,3662,3661,1791084322066114,1791084322067818,1704,0,1,18935,18935,18935,13813,13618,38606
1,3663,3662,1791084322116114,1791084322117804,1690,0,2,18682,18682,18682,13445,12378,36553
1,3664,3663,1791084322166114,1791084322167569,1455,0,3,18826,18826,18826,13570,13488,38867
1,3665,3664,1791084322216114,1791084322218093,1979,0,4,18604,18604,18604,13401,13026,37366
1,3666,3665,1791084322266114,1791084322267429,1315,0,5,18709,18709,18709,13485,12703,37202
1,3667,3666,1791084322316114,1791084322318304,2190,0,6,18617,18617,18617,13506,12921,38161
1,3668,3667,1791084322366114,1791084322367644,1530,0,7,18850,18850,18850,13597,13146,37927
1,3669,3668,1791084322416114,1791084322417956,1842,0,8,18851,18851,18851,13606,12972,37727
1,3670,3669,1791084322466114,1791084322468059,1945,0,9,18646,18646,18646,13505,12963,38016
1,3671,3670,1791084322516114,1791084322517441,1327,0,10,18692,18692,18692,13553,13018,37641
1,3672,3671,1791084322566114,1791084322567983,1869,0,11,18798,18798,18798,13528,12708,37083
1,3673,3672,1791084322616114,1791084322617814,1700,0,12,18837,18837,18837,13613,12594,37659
1,3674,3673,1791084322666114,1791084322667714,1600,0,13,18708,18708,18708,13405,12686,37725
1,3675,3674,1791084322716114,1791084322718053,1939,0,14,18699,18699,18699,13436,13105,37930
1,3676,3675,1791084322766114,1791084322767603,1489,0,15,18795,18795,18795,13494,13048,37546
1,3677,3676,1791084322816114,1791084322818194,2080,0,16,18872,18872,18872,13608,12594,37310
1,3678,3677,1791084322866114,1791084322867795,1681,0,17,18599,18599,18599,13435,12529,37950
1,3679,3678,1791084322916114,1791084322917639,1525,0,18,18819,18819,18819,13531,12437,37333
1,3680,3679,1791084322966114,1791084322967807,1693,0,19,18835,18835,18835,13567,13107,38669
1,3681,3680,1791084323016114,1791084323038902,22788,0,0,18626,18626,18626,13592,12975,37669
1,3682,3681,1791084323066114,1791084323085454,19340,0,1,18935,18935,18935,13649,12874,37450
1,3683,3682,1791084323116114,1791084323130614,14500,0,2,18682,18682,18682,13446,12835,37596
1,3684,3683,1791084323166114,1791084323176114,10000,0,3,18826,18826,18826,13645,12749,37618
1,3685,3684,1791084323216114,1791084323223445,7331,0,4,18604,18604,18604,13501,12643,37873
1,3686,3685,1791084323266114,1791084323267777,1663,0,5,18709,18709,18709,13568,12532,37229
1,3687,3686,1791084323316114,1791084323317784,1670,0,6,18617,18617,18617,13422,12724,37957
1,3688,3687,1791084323366114,1791084323367866,1752,0,7,18850,18850,18850,13690,13335,38643
1,3689,3688,1791084323416114,1791084323417972,1858,0,8,18851,18851,18851,13750,13398,38458
1,3690,3689,1791084323466114,1791084323467869,1755,0,9,18646,18646,18646,13457,13159,37708
1,3691,3690,1791084323516114,1791084323517437,1323,0,10,18692,18692,18692,13626,12870,37545
1,3692,3691,1791084323566114,1791084323567626,1512,0,11,18798,18798,18798,13474,12641,37150
1,3693,3692,1791084323616114,1791084323617740,1626,0,12,18837,18837,18837,13670,12735,38041
1,3694,3693,1791084323666114,1791084323667893,1779,0,13,18708,18708,18708,13630,12639,37804
1,3695,3694,1791084323716114,1791084323717601,1487,0,14,18699,18699,18699,13583,12260,37708
1,3696,3695,1791084323766114,1791084323767407,1293,0,15,18795,18795,18795,13601,12780,39337
1,3697,3696,1791084323816114,1791084323817638,1524,0,16,18872,18872,18872,13655,12801,38268
1,3698,3697,1791084323866114,1791084323867288,1174,0,17,18599,18599,18599,13336,12808,37564
1,3699,3698,1791084323916114,1791084323918227,2113,0,18,18819,18819,18819,13667,13550,38361
1,3700,3699,1791084323966114,1791084323967997,1883,0,19,18835,18835,18835,13777,13375,38188
1,3701,3700,1791084324016114,1791084324018010,1896,0,0,18626,18626,18626,13493,13366,37654
1,3702,3701,1791084324066114,1791084324067539,1425,0,1,18935,18935,18935,13634,12593,37039
1,3703,3702,1791084324116114,1791084324117575,1461,0,2,18682,18682,18682,13492,12590,37851
1,3704,3703,1791084324166114,1791084324167585,1471,0,3,18826,18826,18826,13571,13083,38267
1,3705,3704,1791084324216114,1791084324218211,2097,0,4,18604,18604,18604,13464,13377,37704
1,3706,3705,1791084324266114,1791084324267725,1611,0,5,18709,18709,18709,13482,12778,37224
1,3707,3706,1791084324316114,1791084324317792,1678,0,6,18617,18617,18617,13452,12772,37448
1,3708,3707,1791084324366114,1791084324367804,1690,0,7,18850,18850,18850,13612,12837,37877
1,3709,3708,1791084324416114,1791084324417982,1868,0,8,18851,18851,18851,13717,13694,38891
1,3710,3709,1791084324466114,1791084324467992,1878,0,9,18646,18646,18646,13339,12904,36988
1,3711,3710,1791084324516114,1791084324518211,2097,0,10,18692,18692,18692,13537,12742,37055
1,3712,3711,1791084324566114,1791084324567623,1509,0,11,18798,18798,18798,13527,13005,38284
1,3713,3712,1791084324616114,1791084324617874,1760,0,12,18837,18837,18837,13602,13352,38182
1,3714,3713,1791084324666114,1791084324668291,2177,0,13,18708,18708,18708,13441,13412,37705
1,3715,3714,1791084324716114,1791084324717605,1491,0,14,18699,18699,18699,13485,12810,37216
1,3716,3715,1791084324766114,1791084324767672,1558,0,15,18795,18795,18795,13538,12004,36366
1,3717,3716,1791084324816114,1791084324817470,1356,0,16,18872,18872,18872,13719,13349,40918
1,3718,3717,1791084324866114,1791084324867951,1837,0,17,18599,18599,18599,13451,12749,37098
1,3719,3718,1791084324916114,1791084324917620,1506,0,18,18819,18819,18819,13694,12803,37830
1,3720,3719,1791084324966114,1791084324967651,1537,0,19,18835,18835,18835,13587,13370,38362
1,3721,3720,1791084325016114,1791084325017986,1872,0,0,18626,18626,18626,13417,12852,36848
1,3722,3721,1791084325066114,1791084325067697,1583,0,1,18935,18935,18935,13666,12630,37410
1,3723,3722,1791084325116114,1791084325118125,2011,0,2,18682,18682,18682,13462,13357,38606
1,3724,3723,1791084325166114,1791084325167651,1537,0,3,18826,18826,18826,13574,13330,37881
1,3725,3724,1791084325216114,1791084325217353,1239,0,4,18604,18604,18604,13488,12470,36747
1,3726,3725,1791084325266114,1791084325267596,1482,0,5,18709,18709,18709,13433,13167,38543
1,3727,3726,1791084325316114,1791084325317995,1881,0,6,18617,18617,18617,13452,12861,36985
1,3728,3727,1791084325366114,1791084325367509,1395,0,7,18850,18850,18850,13709,13242,38366
1,3729,3728,1791084325416114,1791084325417710,1596,0,8,18851,18851,18851,13657,12776,37560
1,3730,3729,1791084325466114,1791084325467517,1403,0,9,18646,18646,18646,13545,13143,38456
1,3731,3730,1791084325516114,1791084325517875,1761,0,10,18692,18692,18692,13500,12712,37180
1,3732,3731,1791084325566114,1791084325567413,1299,0,11,18798,18798,18798,13592,12923,37773
1,3733,3732,1791084325616114,1791084325618096,1982,0,12,18837,18837,18837,13661,13155,38139
1,3734,3733,1791084325666114,1791084325667500,1386,0,13,18708,18708,18708,13510,13006,37529
1,3735,3734,1791084325716114,1791084325717452,1338,0,14,18699,18699,18699,13594,13113,38065
1,3736,3735,1791084325766114,1791084325767911,1797,0,15,18795,18795,18795,13661,13056,37818
1,3737,3736,1791084325816114,1791084325818317,2203,0,16,18872,18872,18872,13585,12904,37961
1,3738,3737,1791084325866114,1791084325868189,2075,0,17,18599,18599,18599,13502,12475,37068
1,3739,3738,1791084325916114,1791084325917518,1404,0,18,18819,18819,18819,13550,12513,37740
1,3740,3739,1791084325966114,1791084325967386,1272,0,19,18835,18835,18835,13611,13125,38493
1,3741,3740,1791084326016114,1791084326017529,1415,0,0,18626,18626,18626,13583,12826,37584
1,3742,3741,1791084326066114,1791084326067399,1285,0,1,18935,18935,18935,13567,13125,38059
1,3743,3742,1791084326116114,1791084326118161,2047,0,2,18682,18682,18682,13465,12382,36594
1,3744,3743,1791084326166114,1791084326167868,1754,0,3,18826,18826,18826,13681,12454,37883
1,3745,3744,1791084326216114,1791084326217657,1543,0,4,18604,18604,18604,13500,13323,39032
1,3746,3745,1791084326266114,1791084326267816,1702,0,5,18709,18709,18709,13413,12673,37061
1,3747,3746,1791084326316114,1791084326317647,1533,0,6,18617,18617,18617,13486,12706,37327
1,3748,3747,1791084326366114,1791084326368053,1939,0,7,18850,18850,18850,13690,12958,37946
1,3749,3748,1791084326416114,1791084326417640,1526,0,8,18851,18851,18851,13624,13220,38314
1,3750,3749,1791084326466114,1791084326467958,1844,0,9,18646,18646,18646,13581,12927,37917
1,3751,3750,1791084326516114,1791084326519017,2903,0,10,18692,18692,18692,13456,13393,38141
1,3752,3751,1791084326566114,1791084326567477,1363,0,11,18798,18798,18798,13603,12946,37627
1,3753,3752,1791084326616114,1791084326617809,1695,0,12,18837,18837,18837,13643,13031,38024
1,3754,3753,1791084326666114,1791084326667721,1607,0,13,18708,18708,18708,13564,13365,38053
1,3755,3754,1791084326716114,1791084326717703,1589,0,14,18699,18699,18699,13659,12373,36988
1,3756,3755,1791084326766114,1791084326777284,11170,0,15,18795,18795,18795,13648,12946,39061
1,3757,3756,1791084326816114,1791084326825761,9647,0,16,18872,18872,18872,13733,13125,38225
1,3758,3757,1791084326866114,1791084326874468,8354,0,17,18599,18599,18599,13547,13069,37802
1,3759,3758,1791084326916114,1791084326921824,5710,0,18,18819,18819,18819,13697,13112,38167
1,3760,3759,1791084326966114,1791084326967469,1355,0,19,18835,18835,18835,13700,12992,38004
1,3761,3760,1791084327016114,1791084327017780,1666,0,0,18626,18626,18626,13465,13269,38375
1,3762,3761,1791084327066114,1791084327067945,1831,0,1,18935,18935,18935,13624,12138,36389
1,3763,3762,1791084327116114,1791084327118372,2258,0,2,18682,18682,18682,13453,13131,39448
1,3764,3763,1791084327166114,1791084327168079,1965,0,3,18826,18826,18826,13589,12996,37443
1,3765,3764,1791084327216114,1791084327218179,2065,0,4,18604,18604,18604,13398,12442,36452
1,3766,3765,1791084327266114,1791084327267702,1588,0,5,18709,18709,18709,13681,13166,38727
1,3767,3766,1791084327316114,1791084327317887,1773,0,6,18617,18617,18617,13475,13006,37544
1,3768,3767,1791084327366114,1791084327367957,1843,0,7,18850,18850,18850,13598,13025,37874
1,3769,3768,1791084327416114,1791084327418228,2114,0,8,18851,18851,18851,13577,12993,37950
1,3770,3769,1791084327466114,1791084327468224,2110,0,9,18646,18646,18646,13524,12824,37767
1,3771,3770,1791084327516114,1791084327517581,1467,0,10,18692,18692,18692,13589,13088,37800
1,3772,3771,1791084327566114,1791084327567651,1537,0,11,18798,18798,18798,13613,12635,37330
1,3773,3772,1791084327616114,1791084327617448,1334,0,12,18837,18837,18837,13587,12373,37342
1,3774,3773,1791084327666114,1791084327668316,2202,0,13,18708,18708,18708,13491,12698,38409
1,3775,3774,1791084327716114,1791084327718072,1958,0,14,18699,18699,18699,13565,12639,37662
1,3776,3775,1791084327766114,1791084327767615,1501,0,15,18795,18795,18795,13643,13096,38724
1,3777,3776,1791084327816114,1791084327817414,1300,0,16,18872,18872,18872,13618,13062,37817
1,3778,3777,1791084327866114,1791084327867729,1615,0,17,18599,18599,18599,13533,12809,37271
1,3779,3778,1791084327916114,1791084327917833,1719,0,18,18819,18819,18819,13561,12596,37326
1,3780,3779,1791084327966114,1791084327967458,1344,0,19,18835,18835,18835,13630,12699,37947
1,3781,3780,1791084328016114,1791084328017618,1504,0,0,18626,18626,18626,13447,12682,37624
1,3782,3781,1791084328066114,1791084328067699,1585,0,1,18935,18935,18935,13784,13141,38454
1,3783,3782,1791084328116114,1791084328117404,1290,0,2,18682,18682,18682,13417,13017,37451
1,3784,3783,1791084328166114,1791084328167696,1582,0,3,18826,18826,18826,13548,13473,37956
1,3785,3784,1791084328216114,1791084328217972,1858,0,4,18604,18604,18604,13541,12508,36895
1,3786,3785,1791084328266114,1791084328268239,2125,0,5,18709,18709,18709,13576,12983,38869
1,3787,3786,1791084328316114,1791084328317543,1429,0,6,18617,18617,18617,13526,12961,37812
1,3788,3787,1791084328366114,1791084328367902,1788,0,7,18850,18850,18850,13800,13775,38872
1,3789,3788,1791084328416114,1791084328418050,1936,0,8,18851,18851,18851,13722,13405,38275
1,3790,3789,1791084328466114,1791084328467603,1489,0,9,18646,18646,18646,13539,12588,37530
1,3791,3790,1791084328516114,1791084328518175,2061,0,10,18692,18692,18692,13545,12878,38404
1,3792,3791,1791084328566114,1791084328567633,1519,0,11,18798,18798,18798,13628,12975,38256
1,3793,3792,1791084328616114,1791084328617497,1383,0,12,18837,18837,18837,13608,13018,38182
1,3794,3793,1791084328666114,1791084328667430,1316,0,13,18708,18708,18708,13627,12596,37349
1,3795,3794,1791084328716114,1791084328717560,1446,0,14,18699,18699,18699,13457,12504,37655
1,3796,3795,1791084328766114,1791084328767907,1793,0,15,18795,18795,18795,13673,12953,38668
1,3797,3796,1791084328816114,1791084328817425,1311,0,16,18872,18872,18872,13688,12790,38006
1,3798,3797,1791084328866114,1791084328868227,2113,0,17,18599,18599,18599,13545,12813,38072
1,3799,3798,1791084328916114,1791084328917685,1571,0,18,18819,18819,18819,13607,13187,38367
1,3800,3799,1791084328966114,1791084328967600,1486,0,19,18835,18835,18835,13540,12731,37389
1,3801,3800,1791084329016114,1791084329018138,2024,0,0,18626,18626,18626,13556,12991,38031
1,3802,3801,1791084329066114,1791084329067840,1726,0,1,18935,18935,18935,13756,13552,38584
1,3803,3802,1791084329116114,1791084329117565,1451,0,2,18682,18682,18682,13419,12560,36605
1,3804,3803,1791084329166114,1791084329167635,1521,0,3,18826,18826,18826,13604,12902,38089
1,3805,3804,1791084329216114,1791084329218709,2595,0,4,18604,18604,18604,13431,12723,37406
1,3806,3805,1791084329266114,1791084329268346,2232,0,5,18709,18709,18709,13588,13350,38029
1,3807,3806,1791084329316114,1791084329317640,1526,0,6,18617,18617,18617,13598,13423,38193
1,3808,3807,1791084329366114,1791084329367559,1445,0,7,18850,18850,18850,13731,13650,38704
1,3809,3808,1791084329416114,1791084329418281,2167,0,8,18851,18851,18851,13663,12962,37722
1,3810,3809,1791084329466114,1791084329467591,1477,0,9,18646,18646,18646,13445,12769,37470
1,3811,3810,1791084329516114,1791084329517979,1865,0,10,18692,18692,18692,13529,12477,37131
1,3812,3811,1791084329566114,1791084329574500,8386,0,11,18798,18798,18798,13615,12536,38318
1,3813,3812,1791084329616114,1791084329625433,9319,0,12,18837,18837,18837,13753,13133,39088
1,3814,3813,1791084329666114,1791084329671557,5443,0,13,18708,18708,18708,13555,12578,37107
1,3815,3814,1791084329716114,1791084329717991,1877,0,14,18699,18699,18699,13479,12409,37091
1,3816,3815,1791084329766114,1791084329767992,1878,0,15,18795,18795,18795,13603,12901,38347
1,3817,3816,1791084329816114,1791084329817324,1210,0,16,18872,18872,18872,13831,12927,38324
1,3818,3817,1791084329866114,1791084329868165,2051,0,17,18599,18599,18599,13515,12415,37344
1,3819,3818,1791084329916114,1791084329917496,1382,0,18,18819,18819,18819,13567,13130,38673
1,3820,3819,1791084329966114,1791084329967778,1664,0,19,18835,18835,18835,13585,12922,37628
1,3821,3820,1791084330016114,1791084330017820,1706,0,0,18626,18626,18626,13570,13451,38561
1,3822,3821,1791084330066114,1791084330067593,1479,0,1,18935,18935,18935,13694,12053,36111
1,3823,3822,1791084330116114,1791084330117895,1781,0,2,18682,18682,18682,13345,12795,39670
1,3824,3823,1791084330166114,1791084330167492,1378,0,3,18826,18826,18826,13613,12787,37521
1,3825,3824,1791084330216114,1791084330217331,1217,0,4,18604,18604,18604,13414,13113,37843
1,3826,3825,1791084330266114,1791084330267758,1644,0,5,18709,18709,18709,13497,12417,36758
1,3827,3826,1791084330316114,1791084330317384,1270,0,6,18617,18617,18617,13517,12693,38223
1,3828,3827,1791084330366114,1791084330367723,1609,0,7,18850,18850,18850,13684,13144,38597
1,3829,3828,1791084330416114,1791084330417432,1318,0,8,18851,18851,18851,13599,12829,37653
1,3830,3829,1791084330466114,1791084330467741,1627,0,9,18646,18646,18646,13552,12888,37936
1,3831,3830,1791084330516114,1791084330517711,1597,0,10,18692,18692,18692,13442,12669,37271
1,3832,3831,1791084330566114,1791084330567516,1402,0,11,18798,18798,18798,13673,12851,38125
1,3833,3832,1791084330616114,1791084330618004,1890,0,12,18837,18837,18837,13699,13116,38434
1,3834,3833,1791084330666114,1791084330667635,1521,0,13,18708,18708,18708,13698,13420,38269
1,3835,3834,1791084330716114,1791084330717453,1339,0,14,18699,18699,18699,13430,13123,37618
1,3836,3835,1791084330766114,1791084330767504,1390,0,15,18795,18795,18795,13591,12328,36772
1,3837,3836,1791084330816114,1791084330819109,2995,0,16,18872,18872,18872,13635,13139,39414
1,3838,3837,1791084330866114,1791084330867933,1819,0,17,18599,18599,18599,13531,12182,36619
1,3839,3838,1791084330916114,1791084330917490,1376,0,18,18819,18819,18819,13642,13446,40191
1,3840,3839,1791084330966114,1791084330967518,1404,0,19,18835,18835,18835,13693,12923,37608
1,3841,3840,1791084331016114,1791084331018252,2138,0,0,18626,18626,18626,13534,12550,37392
1,3842,3841,1791084331066114,1791084331067451,1337,0,1,18935,18935,18935,13638,12852,38091
1,3843,3842,1791084331116114,1791084331117701,1587,0,2,18682,18682,18682,13441,13054,37602
1,3844,3843,1791084331166114,1791084331167945,1831,0,3,18826,18826,18826,13633,13050,37633
1,3845,3844,1791084331216114,1791084331217744,1630,0,4,18604,18604,18604,13426,12298,36805
1,3846,3845,1791084331266114,1791084331267506,1392,0,5,18709,18709,18709,13499,12568,38022
1,3847,3846,1791084331316114,1791084331318308,2194,0,6,18617,18617,18617,13415,12675,37618
1,3848,3847,1791084331366114,1791084331367618,1504,0,7,18850,18850,18850,13638,12796,37681
1,3849,3848,1791084331416114,1791084331417835,1721,0,8,18851,18851,18851,13680,13561,38929
1,3850,3849,1791084331466114,1791084331467982,1868,0,9,18646,18646,18646,13694,13032,37627
1,3851,3850,1791084331516114,1791084331517845,1731,0,10,18692,18692,18692,13603,12453,37283
1,3852,3851,1791084331566114,1791084331567568,1454,0,11,18798,18798,18798,13514,12847,38466
1,3853,3852,1791084331616114,1791084331618286,2172,0,12,18837,18837,18837,13685,13640,38645
1,3854,3853,1791084331666114,1791084331667505,1391,0,13,18708,18708,18708,13584,12058,36320
1,3855,3854,1791084331716114,1791084331717368,1254,0,14,18699,18699,18699,13510,12720,39569
1,3856,3855,1791084331766114,1791084331767579,1465,0,15,18795,18795,18795,13520,12955,37975
1,3857,3856,1791084331816114,1791084331818071,1957,0,16,18872,18872,18872,13634,13410,38239
1,3858,3857,1791084331866114,1791084331867766,1652,0,17,18599,18599,18599,13430,13018,37424
1,3859,3858,1791084331916114,1791084331918101,1987,0,18,18819,18819,18819,13574,12978,37932
1,3860,3859,1791084331966114,1791084331967609,1495,0,19,18835,18835,18835,13640,12365,37117
1,3861,3860,1791084332016114,1791084332017814,1700,0,0,18626,18626,18626,13517,12843,38823
1,3862,3861,1791084332066114,1791084332067957,1843,0,1,18935,18935,18935,13732,13490,38770
1,3863,3862,1791084332116114,1791084332117791,1677,0,2,18682,18682,18682,13311,12899,36986
1,3864,3863,1791084332166114,1791084332167414,1300,0,3,18826,18826,18826,13620,12788,37394
1,3865,3864,1791084332216114,1791084332217531,1417,0,4,18604,18604,18604,13500,13144,38481
1,3866,3865,1791084332266114,1791084332267379,1265,0,5,18709,18709,18709,13502,12060,36320
1,3867,3866,1791084332316114,1791084332317850,1736,0,6,18617,18617,18617,13625,12470,39382
1,3868,3867,1791084332366114,1791084332367665,1551,0,7,18850,18850,18850,13714,12959,38742
1,3869,3868,1791084332416114,1791084332417474,1360,0,8,18851,18851,18851,13634,12541,37352
1,3870,3869,1791084332466114,1791084332467513,1399,0,9,18646,18646,18646,13528,12714,38084
1,3871,3870,1791084332516114,1791084332517557,1443,0,10,18692,18692,18692,13533,12915,37870
1,3872,3871,1791084332566114,1791084332567652,1538,0,11,18798,18798,18798,13583,12902,37917
1,3873,3872,1791084332616114,1791084332617762,1648,0,12,18837,18837,18837,13617,12795,37689
1,3874,3873,1791084332666114,1791084332668017,1903,0,13,18708,18708,18708,13522,12919,38092
1,3875,3874,1791084332716114,1791084332717517,1403,0,14,18699,18699,18699,13455,12632,37033
1,3876,3875,1791084332766114,1791084332767537,1423,0,15,18795,18795,18795,13539,12811,37872
1,3877,3876,1791084332816114,1791084332817555,1441,0,16,18872,18872,18872,13639,13009,38287
1,3878,3877,1791084332866114,1791084332867549,1435,0,17,18599,18599,18599,13498,13171,37883
1,3879,3878,1791084332916114,1791084332917550,1436,0,18,18819,18819,18819,13630,12898,37564
1,3880,3879,1791084332966114,1791084332967646,1532,0,19,18835,18835,18835,13668,12222,37022
1,3881,3880,1791084333016114,1791084333018283,2169,0,0,18626,18626,18626,13584,12882,39621
1,3882,3881,1791084333066114,1791084333067830,1716,0,1,18935,18935,18935,13816,12799,37980
1,3883,3882,1791084333116114,1791084333117825,1711,0,2,18682,18682,18682,13570,12878,38626
1,3884,3883,1791084333166114,1791084333167830,1716,0,3,18826,18826,18826,13669,13228,38536
1,3885,3884,1791084333216114,1791084333217487,1373,0,4,18604,18604,18604,13503,12938,37774
1,3886,3885,1791084333266114,1791084333267378,1264,0,5,18709,18709,18709,13534,12219,36810
1,3887,3886,1791084333316114,1791084333317809,1695,0,6,18617,18617,18617,13490,12870,38609
1,3888,3887,1791084333366114,1791084333367449,1335,0,7,18850,18850,18850,13714,12950,38189
1,3889,3888,1791084333416114,1791084333417261,1147,0,8,18851,18851,18851,13631,13068,38119
1,3890,3889,1791084333466114,1791084333467271,1157,0,9,18646,18646,18646,13371,12744,37048
1,3891,3890,1791084333516114,1791084333517605,1491,0,10,18692,18692,18692,13558,12896,37610
1,3892,3891,1791084333566114,1791084333567517,1403,0,11,18798,18798,18798,13611,13031,38079
1,3893,3892,1791084333616114,1791084333618188,2074,0,12,18837,18837,18837,13651,12780,37818
1,3894,3893,1791084333666114,1791084333667383,1269,0,13,18708,18708,18708,13577,12470,37533
1,3895,3894,1791084333716114,1791084333717439,1325,0,14,18699,18699,18699,13458,12531,37479
1,3896,3895,1791084333766114,1791084333767629,1515,0,15,18795,18795,18795,13511,12868,37867
1,3897,3896,1791084333816114,1791084333844410,28296,0,16,18872,18872,18872,13698,13063,38215
1,3898,3897,1791084333866114,1791084333885667,19553,0,17,18599,18599,18599,13532,12710,37290
1,3899,3898,1791084333916114,1791084333928734,12620,0,18,18819,18819,18819,13645,13265,38591
1,3900,3899,1791084333966114,1791084333970658,4544,0,19,18835,18835,18835,13674,12800,37381
1,3901,3900,1791084334016114,1791084334018111,1997,0,0,18626,18626,18626,13525,12606,37408
1,3902,3901,1791084334066114,1791084334067583,1469,0,1,18935,18935,18935,13753,13081,38763
1,3903,3902,1791084334116114,1791084334117533,1419,0,2,18682,18682,18682,13531,13085,38104
1,3904,3903,1791084334166114,1791084334167586,1472,0,3,18826,18826,18826,13780,12959,38029
1,3905,3904,1791084334216114,1791084334219262,3148,0,4,18604,18604,18604,13535,12652,37575
1,3906,3905,1791084334266114,1791084334267847,1733,0,5,18709,18709,18709,13524,12788,37855
1,3907,3906,1791084334316114,1791084334317723,1609,0,6,18617,18617,18617,13517,13256,38182
1,3908,3907,1791084334366114,1791084334367587,1473,0,7,18850,18850,18850,13693,13465,38269
1,3909,3908,1791084334416114,1791084334417361,1247,0,8,18851,18851,18851,13587,12754,37157
1,3910,3909,1791084334466114,1791084334467675,1561,0,9,18646,18646,18646,13463,12632,37305
1,3911,3910,1791084334516114,1791084334518136,2022,0,10,18692,18692,18692,13585,13381,38542
1,3912,3911,1791084334566114,1791084334567785,1671,0,11,18798,18798,18798,13636,12439,36686
1,3913,3912,1791084334616114,1791084334617829,1715,0,12,18837,18837,18837,13548,13060,38940
1,3914,3913,1791084334666114,1791084334667505,1391,0,13,18708,18708,18708,13539,12433,36723
1,3915,3914,1791084334716114,1791084334717609,1495,0,14,18699,18699,18699,13660,12965,39018
1,3916,3915,1791084334766114,1791084334767442,1328,0,15,18795,18795,18795,13609,12450,37143
1,3917,3916,1791084334816114,1791084334817455,1341,0,16,18872,18872,18872,13733,12735,39213
1,3918,3917,1791084334866114,1791084334867815,1701,0,17,18599,18599,18599,13581,13254,39053
1,3919,3918,1791084334916114,1791084334918007,1893,0,18,18819,18819,18819,13691,13171,38102
1,3920,3919,1791084334966114,1791084334967577,1463,0,19,18835,18835,18835,13747,12870,37892
1,3921,3920,1791084335016114,1791084335018036,1922,0,0,18626,18626,18626,13590,12798,38223
1,3922,3921,1791084335066114,1791084335067737,1623,0,1,18935,18935,18935,13879,13017,38439
1,3923,3922,1791084335116114,1791084335117532,1418,0,2,18682,18682,18682,13523,12679,37699
1,3924,3923,1791084335166114,1791084335167578,1464,0,3,18826,18826,18826,13664,12881,37921
1,3925,3924,1791084335216114,1791084335217978,1864,0,4,18604,18604,18604,13520,13178,38150
1,3926,3925,1791084335266114,1791084335267608,1494,0,5,18709,18709,18709,13655,12905,37797
1,3927,3926,1791084335316114,1791084335317264,1150,0,6,18617,18617,18617,13573,12756,37735
1,3928,3927,1791084335366114,1791084335367842,1728,0,7,18850,18850,18850,13724,12941,38349
1,3929,3928,1791084335416114,1791084335418209,2095,0,8,18851,18851,18851,13793,13198,38571
1,3930,3929,1791084335466114,1791084335467894,1780,0,9,18646,18646,18646,13554,12602,37129
1,3931,3930,1791084335516114,1791084335517966,1852,0,10,18692,18692,18692,13637,13021,38479
1,3932,3931,1791084335566114,1791084335567981,1867,0,11,18798,18798,18798,13559,13558,38237
1,3933,3932,1791084335616114,1791084335617591,1477,0,12,18837,18837,18837,13534,13528,38245
1,3934,3933,1791084335666114,1791084335667548,1434,0,13,18708,18708,18708,13588,12822,37254
1,3935,3934,1791084335716114,1791084335718040,1926,0,14,18699,18699,18699,13475,12279,36554
1,3936,3935,1791084335766114,1791084335767634,1520,0,15,18795,18795,18795,13510,12622,38098
1,3937,3936,1791084335816114,1791084335817520,1406,0,16,18872,18872,18872,13672,13068,38441
1,3938,3937,1791084335866114,1791084335867454,1340,0,17,18599,18599,18599,13639,12867,37717
1,3939,3938,1791084335916114,1791084335917751,1637,0,18,18819,18819,18819,13840,13146,38826
1,3940,3939,1791084335966114,1791084335968172,2058,0,19,18835,18835,18835,13688,12881,37846
1,3941,3940,1791084336016114,1791084336017299,1185,0,0,18626,18626,18626,13500,13305,38368
1,3942,3941,1791084336066114,1791084336067998,1884,0,1,18935,18935,18935,13717,13370,38262
1,3943,3942,1791084336116114,1791084336117789,1675,0,2,18682,18682,18682,13445,13028,37478
1,3944,3943,1791084336166114,1791084336167626,1512,0,3,18826,18826,18826,13702,13204,38168
1,3945,3944,1791084336216114,1791084336217406,1292,0,4,18604,18604,18604,13593,13181,37969
1,3946,3945,1791084336266114,1791084336267623,1509,0,5,18709,18709,18709,13608,12722,37411
1,3947,3946,1791084336316114,1791084336317841,1727,0,6,18617,18617,18617,13558,12739,37605
1,3948,3947,1791084336366114,1791084336367802,1688,0,7,18850,18850,18850,13715,13542,38797
1,3949,3948,1791084336416114,1791084336417471,1357,0,8,18851,18851,18851,13686,13068,38067
1,3950,3949,1791084336466114,1791084336467881,1767,0,9,18646,18646,18646,13559,13294,38285
1,3951,3950,1791084336516114,1791084336517505,1391,0,10,18692,18692,18692,13535,12325,36651
1,3952,3951,1791084336566114,1791084336567559,1445,0,11,18798,18798,18798,13657,13320,39721
1,3953,3952,1791084336616114,1791084336617565,1451,0,12,18837,18837,18837,13642,12990,37889
1,3954,3953,1791084336666114,1791084336667838,1724,0,13,18708,18708,18708,13521,12678,37646
1,3955,3954,1791084336716114,1791084336718280,2166,0,14,18699,18699,18699,13383,12844,37510
1,3956,3955,1791084336766114,1791084336767594,1480,0,15,18795,18795,18795,13539,12670,37090
1,3957,3956,1791084336816114,1791084336817958,1844,0,16,18872,18872,18872,13666,13042,38397
1,3958,3957,1791084336866114,1791084336867670,1556,0,17,18599,18599,18599,13415,13016,37667
1,3959,3958,1791084336916114,1791084336918117,2003,0,18,18819,18819,18819,13733,13185,38192
1,3960,3959,1791084336966114,1791084336967598,1484,0,19,18835,18835,18835,13656,12427,37076
1,3961,3960,1791084337016114,1791084337018088,1974,0,0,18626,18626,18626,13512,12727,38475
1,3962,3961,1791084337066114,1791084337068251,2137,0,1,18935,18935,18935,13635,13089,38414
1,3963,3962,1791084337116114,1791084337117680,1566,0,2,18682,18682,18682,13581,13031,37854
1,3964,3963,1791084337166114,1791084337167692,1578,0,3,18826,18826,18826,13727,12954,37896
1,3965,3964,1791084337216114,1791084337217506,1392,0,4,18604,18604,18604,13540,12532,37371
1,3966,3965,1791084337266114,1791084337267393,1279,0,5,18709,18709,18709,13601,12840,38496
1,3967,3966,1791084337316114,1791084337318083,1969,0,6,18617,18617,18617,13502,12941,37713
1,3968,3967,1791084337366114,1791084337367494,1380,0,7,18850,18850,18850,13735,13249,38207
1,3969,3968,1791084337416114,1791084337417857,1743,0,8,18851,18851,18851,13828,13380,38528
1,3970,3969,1791084337466114,1791084337468217,2103,0,9,18646,18646,18646,13555,12840,37442
1,3971,3970,1791084337516114,1791084337517605,1491,0,10,18692,18692,18692,13527,12799,37575
1,3972,3971,1791084337566114,1791084337569447,3333,0,11,18798,18798,18798,13702,13670,38844
1,3973,3972,1791084337616114,1791084337617575,1461,0,12,18837,18837,18837,13558,12857,37461
1,3974,3973,1791084337666114,1791084337667342,1228,0,13,18708,18708,18708,13480,12200,36668
1,3975,3974,1791084337716114,1791084337717913,1799,0,14,18699,18699,18699,13600,12565,39227
1,3976,3975,1791084337766114,1791084337767564,1450,0,15,18795,18795,18795,13532,12451,37903
1,3977,3976,1791084337816114,1791084337817523,1409,0,16,18872,18872,18872,13777,13116,39406
1,3978,3977,1791084337866114,1791084337868150,2036,0,17,18599,18599,18599,13522,13444,38109
1,3979,3978,1791084337916114,1791084337917934,1820,0,18,18819,18819,18819,13695,12916,37641
1,3980,3979,1791084337966114,1791084337967658,1544,0,19,18835,18835,18835,13737,13427,38755
1,3981,3980,1791084338016114,1791084338017690,1576,0,0,18626,18626,18626,13568,12512,37040
1,3982,3981,1791084338066114,1791084338067942,1828,0,1,18935,18935,18935,13779,13048,38731
1,3983,3982,1791084338116114,1791084338118195,2081,0,2,18682,18682,18682,13590,12919,37874
1,3984,3983,1791084338166114,1791084338167558,1444,0,3,18826,18826,18826,13636,13198,38200
1,3985,3984,1791084338216114,1791084338218113,1999,0,4,18604,18604,18604,13501,12699,37074
1,3986,3985,1791084338266114,1791084338267972,1858,0,5,18709,18709,18709,13513,12514,37468
1,3987,3986,1791084338316114,1791084338317529,1415,0,6,18617,18617,18617,13515,12733,38229
1,3988,3987,1791084338366114,1791084338367643,1529,0,7,18850,18850,18850,13747,13495,38878
1,3989,3988,1791084338416114,1791084338418147,2033,0,8,18851,18851,18851,13628,12909,37537
1,3990,3989,1791084338466114,1791084338468071,1957,0,9,18646,18646,18646,13455,12830,37452
1,3991,3990,1791084338516114,1791084338517467,1353,0,10,18692,18692,18692,13523,12618,37566
1,3992,3991,1791084338566114,1791084338567707,1593,0,11,18798,18798,18798,13610,12448,37797
1,3993,3992,1791084338616114,1791084338617690,1576,0,12,18837,18837,18837,13552,12819,38614
1,3994,3993,1791084338666114,1791084338668036,1922,0,13,18708,18708,18708,13501,12726,37596
1,3995,3994,1791084338716114,1791084338717628,1514,0,14,18699,18699,18699,13557,12929,38117
1,3996,3995,1791084338766114,1791084338767627,1513,0,15,18795,18795,18795,13722,13481,38690
1,3997,3996,1791084338816114,1791084338818134,2020,0,16,18872,18872,18872,13675,11836,36131
1,3998,3997,1791084338866114,1791084338868234,2120,0,17,18599,18599,18599,13565,13021,41262
1,3999,3998,1791084338916114,1791084338918059,1945,0,18,18819,18819,18819,13515,13279,38235
1,4000,3999,1791084338966114,1791084338968255,2141,0,19,18835,18835,18835,13629,12224,36688
