run_id,slot,tick,intended_us,invoked_us,lateness_us,skipped,bucket,actor_steps,actor_updates,policy_evaluations,orders_submitted,orders_filled,matched_shares
1,1,0,1791082253414472,1791082253416196,1724,0,0,18626,18626,18626,13891,13602,39267
1,2,1,1791082253464472,1791082253466430,1958,0,1,18935,18935,18935,14228,13626,40203
1,3,2,1791082253514472,1791082253515756,1284,0,2,18682,18682,18682,13998,13880,39999
1,4,3,1791082253564472,1791082253565743,1271,0,3,18826,18826,18826,14185,13596,39990
1,5,4,1791082253614472,1791082253615991,1519,0,4,18604,18604,18604,13982,13802,40282
1,6,5,1791082253664472,1791082253666072,1600,0,5,18709,18709,18709,13942,13896,39799
1,7,6,1791082253714472,1791082253715808,1336,0,6,18617,18617,18617,13966,13519,39279
1,8,7,1791082253764472,1791082253766090,1618,0,7,18850,18850,18850,14252,14100,40804
1,9,8,1791082253814472,1791082253816015,1543,0,8,18851,18851,18851,14194,13675,40126
1,10,9,1791082253864472,1791082253866462,1990,0,9,18646,18646,18646,13995,13715,39941
1,11,10,1791082253914472,1791082253915812,1340,0,10,18692,18692,18692,14210,13943,40462
1,12,11,1791082253964472,1791082253966039,1567,0,11,18798,18798,18798,14121,13723,40088
1,13,12,1791082254014472,1791082254015513,1041,0,12,18837,18837,18837,14260,14008,40707
1,14,13,1791082254064472,1791082254065942,1470,0,13,18708,18708,18708,14020,13706,39789
1,15,14,1791082254114472,1791082254116295,1823,0,14,18699,18699,18699,14026,13799,40179
1,16,15,1791082254164472,1791082254165651,1179,0,15,18795,18795,18795,14169,13585,40093
1,17,16,1791082254214472,1791082254215941,1469,0,16,18872,18872,18872,14102,13723,40384
1,18,17,1791082254264472,1791082254265820,1348,0,17,18599,18599,18599,14052,13406,39751
1,19,18,1791082254314472,1791082254316166,1694,0,18,18819,18819,18819,14005,13619,40188
1,20,19,1791082254364472,1791082254365908,1436,0,19,18835,18835,18835,14086,13379,39901
1,21,20,1791082254414472,1791082254416447,1975,0,0,18626,18626,18626,13882,13626,39954
1,22,21,1791082254464472,1791082254465868,1396,0,1,18935,18935,18935,14173,13989,40391
1,23,22,1791082254514472,1791082254516197,1725,0,2,18682,18682,18682,14026,13696,39820
1,24,23,1791082254564472,1791082254566177,1705,0,3,18826,18826,18826,14074,13698,39982
1,25,24,1791082254614472,1791082254616353,1881,0,4,18604,18604,18604,13926,13351,39599
1,26,25,1791082254664472,1791082254666476,2004,0,5,18709,18709,18709,13937,13418,39552
1,27,26,1791082254714472,1791082254716098,1626,0,6,18617,18617,18617,14144,13589,40085
1,28,27,1791082254764472,1791082254765772,1300,0,7,18850,18850,18850,14171,13980,40895
1,29,28,1791082254814472,1791082254816239,1767,0,8,18851,18851,18851,14165,13799,40519
1,30,29,1791082254864472,1791082254865958,1486,0,9,18646,18646,18646,14041,13934,40433
1,31,30,1791082254914472,1791082254916450,1978,0,10,18692,18692,18692,13995,13647,40020
1,32,31,1791082254964472,1791082254965765,1293,0,11,18798,18798,18798,14084,13426,39636
1,33,32,1791082255014472,1791082255016029,1557,0,12,18837,18837,18837,14100,13415,39923
1,34,33,1791082255064472,1791082255065718,1246,0,13,18708,18708,18708,13968,13749,40271
1,35,34,1791082255114472,1791082255115483,1011,0,14,18699,18699,18699,13976,13667,40093
1,36,35,1791082255164472,1791082255166174,1702,0,15,18795,18795,18795,14081,13868,40308
1,37,36,1791082255214472,1791082255216000,1528,0,16,18872,18872,18872,14187,13419,40166
1,38,37,1791082255264472,1791082255265851,1379,0,17,18599,18599,18599,13962,13178,39543
1,39,38,1791082255314472,1791082255316141,1669,0,18,18819,18819,18819,14103,13636,40257
1,40,39,1791082255364472,1791082255366064,1592,0,19,18835,18835,18835,14148,13970,40658
1,41,40,1791082255414472,1791082255415797,1325,0,0,18626,18626,18626,13961,13415,39380
1,42,41,1791082255464472,1791082255466233,1761,0,1,18935,18935,18935,14292,14051,40750
1,43,42,1791082255514472,1791082255515696,1224,0,2,18682,18682,18682,14078,13485,40157
1,44,43,1791082255564472,1791082255566230,1758,0,3,18826,18826,18826,14149,13910,40795
1,45,44,1791082255614472,1791082255615608,1136,0,4,18604,18604,18604,14009,13632,39920
1,46,45,1791082255664472,1791082255665629,1157,0,5,18709,18709,18709,14104,14058,40673
1,47,46,1791082255714472,1791082255715576,1104,0,6,18617,18617,18617,13903,13502,39607
1,48,47,1791082255764472,1791082255765761,1289,0,7,18850,18850,18850,14166,13902,40960
1,49,48,1791082255814472,1791082255815803,1331,0,8,18851,18851,18851,14136,13637,40734
1,50,49,1791082255864472,1791082255866249,1777,0,9,18646,18646,18646,13993,13359,39961
1,51,50,1791082255914472,1791082255915844,1372,0,10,18692,18692,18692,14078,13818,40790
1,52,51,1791082255964472,1791082255966235,1763,0,11,18798,18798,18798,14190,13723,40764
1,53,52,1791082256014472,1791082256015774,1302,0,12,18837,18837,18837,14144,13513,40370
1,54,53,1791082256064472,1791082256066382,1910,0,13,18708,18708,18708,13945,13426,40661
1,55,54,1791082256114472,1791082256115679,1207,0,14,18699,18699,18699,14106,13470,40576
1,56,55,1791082256164472,1791082256166263,1791,0,15,18795,18795,18795,14241,13785,41645
1,57,56,1791082256214472,1791082256215613,1141,0,16,18872,18872,18872,14117,13636,41634
1,58,57,1791082256264472,1791082256266313,1841,0,17,18599,18599,18599,13940,13354,40715
1,59,58,1791082256314472,1791082256315592,1120,0,18,18819,18819,18819,14070,13901,41730
1,60,59,1791082256364472,1791082256365977,1505,0,19,18835,18835,18835,14048,13071,40721
1,61,60,1791082256414472,1791082256416346,1874,0,0,18626,18626,18626,13901,13575,41955
1,62,61,1791082256464472,1791082256465608,1136,0,1,18935,18935,18935,14202,13749,42432
1,63,62,1791082256514472,1791082256516330,1858,0,2,18682,18682,18682,13966,13780,41489
1,64,63,1791082256564472,1791082256566126,1654,0,3,18826,18826,18826,14153,13922,42155
1,65,64,1791082256614472,1791082256616146,1674,0,4,18604,18604,18604,13952,13691,41461
1,66,65,1791082256664472,1791082256665664,1192,0,5,18709,18709,18709,14028,13625,42063
1,67,66,1791082256714472,1791082256716452,1980,0,6,18617,18617,18617,14039,13596,41586
1,68,67,1791082256764472,1791082256766214,1742,0,7,18850,18850,18850,14266,13823,41914
1,69,68,1791082256814472,1791082256815547,1075,0,8,18851,18851,18851,14181,13623,41680
1,70,69,1791082256864472,1791082256865578,1106,0,9,18646,18646,18646,13935,13820,41366
1,71,70,1791082256914472,1791082256916270,1798,0,10,18692,18692,18692,14045,13373,41283
1,72,71,1791082256964472,1791082256965941,1469,0,11,18798,18798,18798,14063,13706,42132
1,73,72,1791082257014472,1791082257015734,1262,0,12,18837,18837,18837,14235,13813,42226
1,74,73,1791082257064472,1791082257065708,1236,0,13,18708,18708,18708,14072,13904,42158
1,75,74,1791082257114472,1791082257115473,1001,0,14,18699,18699,18699,14058,13644,42024
1,76,75,1791082257164472,1791082257166080,1608,0,15,18795,18795,18795,14168,13660,41929
1,77,76,1791082257214472,1791082257215634,1162,0,16,18872,18872,18872,14130,13436,42129
1,78,77,1791082257264472,1791082257265518,1046,0,17,18599,18599,18599,14031,13891,42357
1,79,78,1791082257314472,1791082257316326,1854,0,18,18819,18819,18819,14146,13580,42289
1,80,79,1791082257364472,1791082257365732,1260,0,19,18835,18835,18835,14173,14030,42863
1,81,80,1791082257414472,1791082257415473,1001,0,0,18626,18626,18626,13953,13654,42010
1,82,81,1791082257464472,1791082257466485,2013,0,1,18935,18935,18935,14292,13807,43475
1,83,82,1791082257514472,1791082257515978,1506,0,2,18682,18682,18682,13973,13671,42327
1,84,83,1791082257564472,1791082257566153,1681,0,3,18826,18826,18826,14134,13707,42915
1,85,84,1791082257614472,1791082257615689,1217,0,4,18604,18604,18604,14089,14086,43223
1,86,85,1791082257664472,1791082257666136,1664,0,5,18709,18709,18709,14024,13582,42551
1,87,86,1791082257714472,1791082257716350,1878,0,6,18617,18617,18617,13943,13737,43149
1,88,87,1791082257764472,1791082257765879,1407,0,7,18850,18850,18850,14184,14017,43621
1,89,88,1791082257814472,1791082257815573,1101,0,8,18851,18851,18851,14100,13504,42860
1,90,89,1791082257864472,1791082257865737,1265,0,9,18646,18646,18646,14017,13292,42960
1,91,90,1791082257914472,1791082257916150,1678,0,10,18692,18692,18692,14090,13471,44106
1,92,91,1791082257964472,1791082257966190,1718,0,11,18798,18798,18798,14161,13795,44745
1,93,92,1791082258014472,1791082258015530,1058,0,12,18837,18837,18837,14224,14054,44602
1,94,93,1791082258064472,1791082258065672,1200,0,13,18708,18708,18708,14055,13178,43348
1,95,94,1791082258114472,1791082258115559,1087,0,14,18699,18699,18699,14096,13660,44807
1,96,95,1791082258164472,1791082258165432,960,0,15,18795,18795,18795,14144,13541,44691
1,97,96,1791082258214472,1791082258215830,1358,0,16,18872,18872,18872,14264,14082,45896
1,98,97,1791082258264472,1791082258265766,1294,0,17,18599,18599,18599,14029,13233,44530
1,99,98,1791082258314472,1791082258316436,1964,0,18,18819,18819,18819,14205,13772,45312
1,100,99,1791082258364472,1791082258365976,1504,0,19,18835,18835,18835,14212,14087,45387
1,101,100,1791082258414472,1791082258415505,1033,0,0,18626,18626,18626,14023,13299,44218
1,102,101,1791082258464472,1791082258465790,1318,0,1,18935,18935,18935,14273,13919,45482
1,103,102,1791082258514472,1791082258516424,1952,0,2,18682,18682,18682,14055,13892,44794
1,104,103,1791082258564472,1791082258566245,1773,0,3,18826,18826,18826,14241,14171,45424
1,105,104,1791082258614472,1791082258616289,1817,0,4,18604,18604,18604,13920,13291,43933
1,106,105,1791082258664472,1791082258666144,1672,0,5,18709,18709,18709,14068,13814,44385
1,107,106,1791082258714472,1791082258716179,1707,0,6,18617,18617,18617,13953,13789,43961
1,108,107,1791082258764472,1791082258765783,1311,0,7,18850,18850,18850,14036,13359,43681
1,109,108,1791082258814472,1791082258816402,1930,0,8,18851,18851,18851,14065,13668,44069
1,110,109,1791082258864472,1791082258866021,1549,0,9,18646,18646,18646,13946,13139,43133
1,111,110,1791082258914472,1791082258915696,1224,0,10,18692,18692,18692,14187,14089,45562
1,112,111,1791082258964472,1791082258966016,1544,0,11,18798,18798,18798,14119,13915,45164
1,113,112,1791082259014472,1791082259015471,999,0,12,18837,18837,18837,14151,14085,44946
1,114,113,1791082259064472,1791082259065940,1468,0,13,18708,18708,18708,14090,14090,45306
1,115,114,1791082259114472,1791082259115653,1181,0,14,18699,18699,18699,14030,13420,44253
1,116,115,1791082259164472,1791082259166104,1632,0,15,18795,18795,18795,14194,13582,44998
1,117,116,1791082259214472,1791082259215763,1291,0,16,18872,18872,18872,14182,13947,45997
1,118,117,1791082259264472,1791082259265621,1149,0,17,18599,18599,18599,13936,13194,44242
1,119,118,1791082259314472,1791082259316154,1682,0,18,18819,18819,18819,14164,13596,44945
1,120,119,1791082259364472,1791082259365865,1393,0,19,18835,18835,18835,14086,13370,44927
1,121,120,1791082259414472,1791082259415452,980,0,0,18626,18626,18626,14247,13731,46373
1,122,121,1791082259464472,1791082259466254,1782,0,1,18935,18935,18935,14392,13492,45618
1,123,122,1791082259514472,1791082259516482,2010,0,2,18682,18682,18682,14066,13758,44996
1,124,123,1791082259564472,1791082259565800,1328,0,3,18826,18826,18826,14151,13713,44552
1,125,124,1791082259614472,1791082259616214,1742,0,4,18604,18604,18604,13853,13806,44707
1,126,125,1791082259664472,1791082259665979,1507,0,5,18709,18709,18709,13998,13489,44703
1,127,126,1791082259714472,1791082259716222,1750,0,6,18617,18617,18617,13972,13562,45213
1,128,127,1791082259764472,1791082259765938,1466,0,7,18850,18850,18850,14230,13337,45413
1,129,128,1791082259814472,1791082259815700,1228,0,8,18851,18851,18851,14149,13822,45803
1,130,129,1791082259864472,1791082259865864,1392,0,9,18646,18646,18646,14026,13639,45709
1,131,130,1791082259914472,1791082259915892,1420,0,10,18692,18692,18692,13992,13695,45755
1,132,131,1791082259964472,1791082259965941,1469,0,11,18798,18798,18798,14278,14142,47352
1,133,132,1791082260014472,1791082260016242,1770,0,12,18837,18837,18837,14291,14272,47504
1,134,133,1791082260064472,1791082260065461,989,0,13,18708,18708,18708,14233,14047,47343
1,135,134,1791082260114472,1791082260116450,1978,0,14,18699,18699,18699,14158,13630,46677
1,136,135,1791082260164472,1791082260166236,1764,0,15,18795,18795,18795,14359,13992,48219
1,137,136,1791082260214472,1791082260216095,1623,0,16,18872,18872,18872,14205,13909,47305
1,138,137,1791082260264472,1791082260265898,1426,0,17,18599,18599,18599,14121,13758,46459
1,139,138,1791082260314472,1791082260315959,1487,0,18,18819,18819,18819,14335,13970,47099
1,140,139,1791082260364472,1791082260365946,1474,0,19,18835,18835,18835,14131,13604,46560
1,141,140,1791082260414472,1791082260415807,1335,0,0,18626,18626,18626,14043,13491,46723
1,142,141,1791082260464472,1791082260466343,1871,0,1,18935,18935,18935,14488,14034,47437
1,143,142,1791082260514472,1791082260516120,1648,0,2,18682,18682,18682,14033,13657,45768
1,144,143,1791082260564472,1791082260565860,1388,0,3,18826,18826,18826,14258,13932,46276
1,145,144,1791082260614472,1791082260615521,1049,0,4,18604,18604,18604,13955,13473,44906
1,146,145,1791082260664472,1791082260665746,1274,0,5,18709,18709,18709,14089,13747,45160
1,147,146,1791082260714472,1791082260716456,1984,0,6,18617,18617,18617,14086,13535,45430
1,148,147,1791082260764472,1791082260765785,1313,0,7,18850,18850,18850,14163,13514,45137
1,149,148,1791082260814472,1791082260816201,1729,0,8,18851,18851,18851,14268,14250,46709
1,150,149,1791082260864472,1791082260865646,1174,0,9,18646,18646,18646,14072,13636,45330
1,151,150,1791082260914472,1791082260916221,1749,0,10,18692,18692,18692,14025,13507,45254
1,152,151,1791082260964472,1791082260965762,1290,0,11,18798,18798,18798,14156,13843,45727
1,153,152,1791082261014472,1791082261015775,1303,0,12,18837,18837,18837,14088,13593,44929
1,154,153,1791082261064472,1791082261066482,2010,0,13,18708,18708,18708,14077,13866,45449
1,155,154,1791082261114472,1791082261115451,979,0,14,18699,18699,18699,14076,13828,45092
1,156,155,1791082261164472,1791082261165730,1258,0,15,18795,18795,18795,14037,13316,44154
1,157,156,1791082261214472,1791082261215627,1155,0,16,18872,18872,18872,14133,14030,45687
1,158,157,1791082261264472,1791082261265644,1172,0,17,18599,18599,18599,14005,13087,44485
1,159,158,1791082261314472,1791082261315523,1051,0,18,18819,18819,18819,14139,13754,45358
1,160,159,1791082261364472,1791082261366140,1668,0,19,18835,18835,18835,14239,13836,46325
1,161,160,1791082261414472,1791082261416415,1943,0,0,18626,18626,18626,14000,13552,45686
1,162,161,1791082261464472,1791082261465698,1226,0,1,18935,18935,18935,14328,13361,45967
1,163,162,1791082261514472,1791082261516459,1987,0,2,18682,18682,18682,14188,13804,46126
1,164,163,1791082261564472,1791082261565928,1456,0,3,18826,18826,18826,14187,13702,45640
1,165,164,1791082261614472,1791082261615736,1264,0,4,18604,18604,18604,14044,13612,44629
1,166,165,1791082261664472,1791082261666132,1660,0,5,18709,18709,18709,14117,13500,44457
1,167,166,1791082261714472,1791082261716056,1584,0,6,18617,18617,18617,13974,13754,44963
1,168,167,1791082261764472,1791082261765877,1405,0,7,18850,18850,18850,14177,13807,45453
1,169,168,1791082261814472,1791082261815440,968,0,8,18851,18851,18851,14179,13702,45879
1,170,169,1791082261864472,1791082261865811,1339,0,9,18646,18646,18646,14105,13909,45327
1,171,170,1791082261914472,1791082261915532,1060,0,10,18692,18692,18692,14001,13558,44386
1,172,171,1791082261964472,1791082261965942,1470,0,11,18798,18798,18798,14228,14016,45305
1,173,172,1791082262014472,1791082262015523,1051,0,12,18837,18837,18837,14175,13884,45293
1,174,173,1791082262064472,1791082262065613,1141,0,13,18708,18708,18708,14104,13816,44810
1,175,174,1791082262114472,1791082262116312,1840,0,14,18699,18699,18699,14062,13773,45151
1,176,175,1791082262164472,1791082262166133,1661,0,15,18795,18795,18795,14127,13471,44273
1,177,176,1791082262214472,1791082262215438,966,0,16,18872,18872,18872,14131,13828,45324
1,178,177,1791082262264472,1791082262266181,1709,0,17,18599,18599,18599,14049,13754,45611
1,179,178,1791082262314472,1791082262316204,1732,0,18,18819,18819,18819,14214,13400,45493
1,180,179,1791082262364472,1791082262366291,1819,0,19,18835,18835,18835,14259,14033,46933
1,181,180,1791082262414472,1791082262415829,1357,0,0,18626,18626,18626,14187,13811,46770
1,182,181,1791082262464472,1791082262466014,1542,0,1,18935,18935,18935,14421,13763,47776
1,183,182,1791082262514472,1791082262516259,1787,0,2,18682,18682,18682,14080,13431,46164
1,184,183,1791082262564472,1791082262565904,1432,0,3,18826,18826,18826,14285,13571,46385
1,185,184,1791082262614472,1791082262615449,977,0,4,18604,18604,18604,14038,14029,46804
1,186,185,1791082262664472,1791082262665831,1359,0,5,18709,18709,18709,14173,13885,47263
1,187,186,1791082262714472,1791082262716210,1738,0,6,18617,18617,18617,14119,13837,47195
1,188,187,1791082262764472,1791082262766038,1566,0,7,18850,18850,18850,14385,13879,47475
1,189,188,1791082262814472,1791082262816269,1797,0,8,18851,18851,18851,14171,13967,47350
1,190,189,1791082262864472,1791082262865453,981,0,9,18646,18646,18646,14199,13858,47407
1,191,190,1791082262914472,1791082262916173,1701,0,10,18692,18692,18692,14189,13682,47661
1,192,191,1791082262964472,1791082262965784,1312,0,11,18798,18798,18798,14406,14211,48617
1,193,192,1791082263014472,1791082263016125,1653,0,12,18837,18837,18837,14315,13861,47613
1,194,193,1791082263064472,1791082263065821,1349,0,13,18708,18708,18708,14229,14172,48123
1,195,194,1791082263114472,1791082263115990,1518,0,14,18699,18699,18699,14252,14086,47784
1,196,195,1791082263164472,1791082263165982,1510,0,15,18795,18795,18795,14404,13782,48094
1,197,196,1791082263214472,1791082263216081,1609,0,16,18872,18872,18872,14442,13900,48786
1,198,197,1791082263264472,1791082263265940,1468,0,17,18599,18599,18599,14183,13768,47767
1,199,198,1791082263314472,1791082263315695,1223,0,18,18819,18819,18819,14393,13516,47378
1,200,199,1791082263364472,1791082263365958,1486,0,19,18835,18835,18835,14485,13937,48910
1,201,200,1791082263414472,1791082263415945,1473,0,0,18626,18626,18626,14302,13444,47912
1,202,201,1791082263464472,1791082263466464,1992,0,1,18935,18935,18935,14539,14393,49156
1,203,202,1791082263514472,1791082263515474,1002,0,2,18682,18682,18682,14298,14239,48208
1,204,203,1791082263564472,1791082263566139,1667,0,3,18826,18826,18826,14342,13829,48124
1,205,204,1791082263614472,1791082263616464,1992,0,4,18604,18604,18604,14081,13820,47084
1,206,205,1791082263664472,1791082263665649,1177,0,5,18709,18709,18709,14138,13584,46933
1,207,206,1791082263714472,1791082263715578,1106,0,6,18617,18617,18617,14145,13556,46966
1,208,207,1791082263764472,1791082263793103,28631,0,7,18850,18850,18850,14521,14473,49541
1,209,208,1791082263814472,1791082263833325,18853,0,8,18851,18851,18851,14383,13666,47963
1,210,209,1791082263864472,1791082263875172,10700,0,9,18646,18646,18646,14365,13981,48985
1,211,210,1791082263914472,1791082263916444,1972,0,10,18692,18692,18692,14245,14099,48229
1,212,211,1791082263964472,1791082263966019,1547,0,11,18798,18798,18798,14377,14142,48469
1,213,212,1791082264014472,1791082264015591,1119,0,12,18837,18837,18837,14393,14372,48907
1,214,213,1791082264064472,1791082264065714,1242,0,13,18708,18708,18708,14220,13854,47491
1,215,214,1791082264114472,1791082264116443,1971,0,14,18699,18699,18699,14272,13602,47956
1,216,215,1791082264164472,1791082264166196,1724,0,15,18795,18795,18795,14327,13709,47925
1,217,216,1791082264214472,1791082264215911,1439,0,16,18872,18872,18872,14411,14098,48723
1,218,217,1791082264264472,1791082264266001,1529,0,17,18599,18599,18599,14309,13701,48420
1,219,218,1791082264314472,1791082264315782,1310,0,18,18819,18819,18819,14356,13760,48391
1,220,219,1791082264364472,1791082264365952,1480,0,19,18835,18835,18835,14514,13778,48766
1,221,220,1791082264414472,1791082264416443,1971,0,0,18626,18626,18626,14401,14030,49703
1,222,221,1791082264464472,1791082264466317,1845,0,1,18935,18935,18935,14615,14497,49812
1,223,222,1791082264514472,1791082264516040,1568,0,2,18682,18682,18682,14369,14033,48855
1,224,223,1791082264564472,1791082264565610,1138,0,3,18826,18826,18826,14429,13660,48146
1,225,224,1791082264614472,1791082264615645,1173,0,4,18604,18604,18604,14243,14075,48182
1,226,225,1791082264664472,1791082264666348,1876,0,5,18709,18709,18709,14127,13732,47155
1,227,226,1791082264714472,1791082264715739,1267,0,6,18617,18617,18617,14199,13641,47223
1,228,227,1791082264764472,1791082264765784,1312,0,7,18850,18850,18850,14437,13941,48647
1,229,228,1791082264814472,1791082264815861,1389,0,8,18851,18851,18851,14313,14136,48178
1,230,229,1791082264864472,1791082264866057,1585,0,9,18646,18646,18646,14217,13744,47565
1,231,230,1791082264914472,1791082264915943,1471,0,10,18692,18692,18692,14316,14040,48594
1,232,231,1791082264964472,1791082264965826,1354,0,11,18798,18798,18798,14476,14321,49823
1,233,232,1791082265014472,1791082265016176,1704,0,12,18837,18837,18837,14421,14031,49095
1,234,233,1791082265064472,1791082265065974,1502,0,13,18708,18708,18708,14467,13926,49112
1,235,234,1791082265114472,1791082265116446,1974,0,14,18699,18699,18699,14560,13935,49809
1,236,235,1791082265164472,1791082265166199,1727,0,15,18795,18795,18795,14529,13741,48939
1,237,236,1791082265214472,1791082265216066,1594,0,16,18872,18872,18872,14701,14679,51075
1,238,237,1791082265264472,1791082265266053,1581,0,17,18599,18599,18599,14333,13407,48345
1,239,238,1791082265314472,1791082265316345,1873,0,18,18819,18819,18819,14561,14252,49818
1,240,239,1791082265364472,1791082265365769,1297,0,19,18835,18835,18835,14439,14010,48832
1,241,240,1791082265414472,1791082265416478,2006,0,0,18626,18626,18626,14414,13576,48393
1,242,241,1791082265464472,1791082265465974,1502,0,1,18935,18935,18935,14550,13771,48785
1,243,242,1791082265514472,1791082265516445,1973,0,2,18682,18682,18682,14242,14172,48061
1,244,243,1791082265564472,1791082265565884,1412,0,3,18826,18826,18826,14360,13852,47935
1,245,244,1791082265614472,1791082265615686,1214,0,4,18604,18604,18604,14174,13941,47493
1,246,245,1791082265664472,1791082265666313,1841,0,5,18709,18709,18709,14234,14010,47354
1,247,246,1791082265714472,1791082265716284,1812,0,6,18617,18617,18617,13951,13559,45951
1,248,247,1791082265764472,1791082265766062,1590,0,7,18850,18850,18850,14293,14032,47114
1,249,248,1791082265814472,1791082265815728,1256,0,8,18851,18851,18851,14216,13969,46426
1,250,249,1791082265864472,1791082265865644,1172,0,9,18646,18646,18646,14083,13800,45779
1,251,250,1791082265914472,1791082265916190,1718,0,10,18692,18692,18692,14104,14020,46397
1,252,251,1791082265964472,1791082265966029,1557,0,11,18798,18798,18798,14120,13966,46263
1,253,252,1791082266014472,1791082266016114,1642,0,12,18837,18837,18837,14109,13514,45583
1,254,253,1791082266064472,1791082266065428,956,0,13,18708,18708,18708,14078,14066,46109
1,255,254,1791082266114472,1791082266116261,1789,0,14,18699,18699,18699,14135,13813,46210
1,256,255,1791082266164472,1791082266165781,1309,0,15,18795,18795,18795,14189,14019,46396
1,257,256,1791082266214472,1791082266215933,1461,0,16,18872,18872,18872,14165,13625,46049
1,258,257,1791082266264472,1791082266266055,1583,0,17,18599,18599,18599,14117,13919,46275
1,259,258,1791082266314472,1791082266315787,1315,0,18,18819,18819,18819,14221,14049,46751
1,260,259,1791082266364472,1791082266365909,1437,0,19,18835,18835,18835,14226,14078,46647
1,261,260,1791082266414472,1791082266416236,1764,0,0,18626,18626,18626,14034,13416,46001
1,262,261,1791082266464472,1791082266466329,1857,0,1,18935,18935,18935,14411,14023,46901
1,263,262,1791082266514472,1791082266516193,1721,0,2,18682,18682,18682,13904,13650,45064
1,264,263,1791082266564472,1791082266565944,1472,0,3,18826,18826,18826,14178,13824,45220
1,265,264,1791082266614472,1791082266616313,1841,0,4,18604,18604,18604,13905,13049,43416
1,266,265,1791082266664472,1791082266666256,1784,0,5,18709,18709,18709,14113,14081,45245
1,267,266,1791082266714472,1791082266716303,1831,0,6,18617,18617,18617,13954,13711,44061
1,268,267,1791082266764472,1791082266766077,1605,0,7,18850,18850,18850,14263,14030,45142
1,269,268,1791082266814472,1791082266816287,1815,0,8,18851,18851,18851,14178,13515,44530
1,270,269,1791082266864472,1791082266866086,1614,0,9,18646,18646,18646,14006,13580,44940
1,271,270,1791082266914472,1791082266915900,1428,0,10,18692,18692,18692,14059,13777,45507
1,272,271,1791082266964472,1791082266965750,1278,0,11,18798,18798,18798,14126,13599,45479
1,273,272,1791082267014472,1791082267015850,1378,0,12,18837,18837,18837,14238,14097,46102
1,274,273,1791082267064472,1791082267066294,1822,0,13,18708,18708,18708,14159,13382,45463
1,275,274,1791082267114472,1791082267116117,1645,0,14,18699,18699,18699,14213,14212,46612
1,276,275,1791082267164472,1791082267166069,1597,0,15,18795,18795,18795,14192,13593,45908
1,277,276,1791082267214472,1791082267216254,1782,0,16,18872,18872,18872,14308,13951,47292
1,278,277,1791082267264472,1791082267266054,1582,0,17,18599,18599,18599,14084,13252,45977
1,279,278,1791082267314472,1791082267316199,1727,0,18,18819,18819,18819,14182,13629,45773
1,280,279,1791082267364472,1791082267367738,3266,0,19,18835,18835,18835,14205,13555,46219
1,281,280,1791082267414472,1791082267416007,1535,0,0,18626,18626,18626,14128,13908,46929
1,282,281,1791082267464472,1791082267465947,1475,0,1,18935,18935,18935,14294,13558,46519
1,283,282,1791082267514472,1791082267516229,1757,0,2,18682,18682,18682,14122,13734,46123
1,284,283,1791082267564472,1791082267565806,1334,0,3,18826,18826,18826,14276,14165,46175
1,285,284,1791082267614472,1791082267615718,1246,0,4,18604,18604,18604,14011,13493,45618
1,286,285,1791082267664472,1791082267666307,1835,0,5,18709,18709,18709,14102,13899,45661
1,287,286,1791082267714472,1791082267715958,1486,0,6,18617,18617,18617,13977,13315,44271
1,288,287,1791082267764472,1791082267765913,1441,0,7,18850,18850,18850,14190,14148,45431
1,289,288,1791082267814472,1791082267816061,1589,0,8,18851,18851,18851,14136,14096,45202
1,290,289,1791082267864472,1791082267865593,1121,0,9,18646,18646,18646,14080,13215,44069
1,291,290,1791082267914472,1791082267916397,1925,0,10,18692,18692,18692,14222,14096,45966
1,292,291,1791082267964472,1791082267965893,1421,0,11,18798,18798,18798,14159,13586,45611
1,293,292,1791082268014472,1791082268015828,1356,0,12,18837,18837,18837,14225,14084,45751
1,294,293,1791082268064472,1791082268065906,1434,0,13,18708,18708,18708,14177,13169,44388
1,295,294,1791082268114472,1791082268116417,1945,0,14,18699,18699,18699,14154,13331,45244
1,296,295,1791082268164472,1791082268166312,1840,0,15,18795,18795,18795,14250,13846,45473
1,297,296,1791082268214472,1791082268216462,1990,0,16,18872,18872,18872,14198,13954,45865
1,298,297,1791082268264472,1791082268266542,2070,0,17,18599,18599,18599,13992,13079,44310
1,299,298,1791082268314472,1791082268315813,1341,0,18,18819,18819,18819,14177,13962,45759
1,300,299,1791082268364472,1791082268365967,1495,0,19,18835,18835,18835,14180,13758,45624
1,301,300,1791082268414472,1791082268416059,1587,0,0,18626,18626,18626,14061,13254,44935
1,302,301,1791082268464472,1791082268465891,1419,0,1,18935,18935,18935,14296,14176,46254
1,303,302,1791082268514472,1791082268516421,1949,0,2,18682,18682,18682,13966,13789,45018
1,304,303,1791082268564472,1791082268565813,1341,0,3,18826,18826,18826,14209,13777,45546
1,305,304,1791082268614472,1791082268615584,1112,0,4,18604,18604,18604,14024,13834,45580
1,306,305,1791082268664472,1791082268665576,1104,0,5,18709,18709,18709,13964,13049,43961
1,307,306,1791082268714472,1791082268716137,1665,0,6,18617,18617,18617,14125,13969,46422
1,308,307,1791082268764472,1791082268765861,1389,0,7,18850,18850,18850,14057,14012,45722
1,309,308,1791082268814472,1791082268815878,1406,0,8,18851,18851,18851,14367,13806,46343
1,310,309,1791082268864472,1791082268867246,2774,0,9,18646,18646,18646,14138,13168,45450
1,311,310,1791082268914472,1791082268916485,2013,0,10,18692,18692,18692,14255,14026,47664
1,312,311,1791082268964472,1791082268965762,1290,0,11,18798,18798,18798,14187,14113,47003
1,313,312,1791082269014472,1791082269015752,1280,0,12,18837,18837,18837,14284,13825,46945
1,314,313,1791082269064472,1791082269066191,1719,0,13,18708,18708,18708,14205,14036,47713
1,315,314,1791082269114472,1791082269115524,1052,0,14,18699,18699,18699,14164,13888,47261
1,316,315,1791082269164472,1791082269166010,1538,0,15,18795,18795,18795,14235,13649,46888
1,317,316,1791082269214472,1791082269215655,1183,0,16,18872,18872,18872,14361,14126,48528
1,318,317,1791082269264472,1791082269265936,1464,0,17,18599,18599,18599,14180,13509,47256
1,319,318,1791082269314472,1791082269316348,1876,0,18,18819,18819,18819,14268,13784,46830
1,320,319,1791082269364472,1791082269365933,1461,0,19,18835,18835,18835,14253,13763,47352
1,321,320,1791082269414472,1791082269416184,1712,0,0,18626,18626,18626,14160,13857,47660
1,322,321,1791082269464472,1791082269465997,1525,0,1,18935,18935,18935,14519,13862,48554
1,323,322,1791082269514472,1791082269515518,1046,0,2,18682,18682,18682,14187,13523,47224
1,324,323,1791082269564472,1791082269566144,1672,0,3,18826,18826,18826,14355,13894,47652
1,325,324,1791082269614472,1791082269616346,1874,0,4,18604,18604,18604,13980,13659,46177
1,326,325,1791082269664472,1791082269665709,1237,0,5,18709,18709,18709,14196,13616,46224
1,327,326,1791082269714472,1791082269716076,1604,0,6,18617,18617,18617,14109,13798,46576
1,328,327,1791082269764472,1791082269765831,1359,0,7,18850,18850,18850,14167,14080,46687
1,329,328,1791082269814472,1791082269816221,1749,0,8,18851,18851,18851,14303,13781,46560
1,330,329,1791082269864472,1791082269865742,1270,0,9,18646,18646,18646,14051,13544,45817
1,331,330,1791082269914472,1791082269916401,1929,0,10,18692,18692,18692,14227,14014,47731
1,332,331,1791082269964472,1791082269965980,1508,0,11,18798,18798,18798,14271,14203,47456
1,333,332,1791082270014472,1791082270016460,1988,0,12,18837,18837,18837,14222,14174,46921
1,334,333,1791082270064472,1791082270065644,1172,0,13,18708,18708,18708,14173,13585,46539
1,335,334,1791082270114472,1791082270116345,1873,0,14,18699,18699,18699,14335,13932,47543
1,336,335,1791082270164472,1791082270167584,3112,0,15,18795,18795,18795,14338,13616,47082
1,337,336,1791082270214472,1791082270215463,991,0,16,18872,18872,18872,14299,14041,48093
1,338,337,1791082270264472,1791082270266221,1749,0,17,18599,18599,18599,14176,13751,46946
1,339,338,1791082270314472,1791082270315899,1427,0,18,18819,18819,18819,14260,13693,46795
1,340,339,1791082270364472,1791082270366072,1600,0,19,18835,18835,18835,14237,13961,47495
1,341,340,1791082270414472,1791082270415736,1264,0,0,18626,18626,18626,14001,13764,46263
1,342,341,1791082270464472,1791082270466042,1570,0,1,18935,18935,18935,14358,13393,46714
1,343,342,1791082270514472,1791082270515532,1060,0,2,18682,18682,18682,14151,13964,46824
1,344,343,1791082270564472,1791082270566071,1599,0,3,18826,18826,18826,14235,13877,46423
1,345,344,1791082270614472,1791082270615725,1253,0,4,18604,18604,18604,14026,13510,45330
1,346,345,1791082270664472,1791082270665612,1140,0,5,18709,18709,18709,14022,13495,45073
1,347,346,1791082270714472,1791082270715730,1258,0,6,18617,18617,18617,14109,13540,45336
1,348,347,1791082270764472,1791082270765753,1281,0,7,18850,18850,18850,14170,13770,45590
1,349,348,1791082270814472,1791082270816412,1940,0,8,18851,18851,18851,14209,13926,46293
1,350,349,1791082270864472,1791082270866198,1726,0,9,18646,18646,18646,14041,14034,46418
1,351,350,1791082270914472,1791082270916080,1608,0,10,18692,18692,18692,14152,13855,46468
1,352,351,1791082270964472,1791082270966061,1589,0,11,18798,18798,18798,14230,14025,47130
1,353,352,1791082271014472,1791082271015979,1507,0,12,18837,18837,18837,14349,13659,46764
1,354,353,1791082271064472,1791082271065581,1109,0,13,18708,18708,18708,14079,13371,46288
1,355,354,1791082271114472,1791082271115994,1522,0,14,18699,18699,18699,14256,13851,47715
1,356,355,1791082271164472,1791082271165744,1272,0,15,18795,18795,18795,14285,13652,47207
1,357,356,1791082271214472,1791082271215716,1244,0,16,18872,18872,18872,14492,13916,48575
1,358,357,1791082271264472,1791082271265650,1178,0,17,18599,18599,18599,14216,13769,47023
1,359,358,1791082271314472,1791082271315989,1517,0,18,18819,18819,18819,14303,13849,47050
1,360,359,1791082271364472,1791082271365969,1497,0,19,18835,18835,18835,14291,13560,46913
1,361,360,1791082271414472,1791082271416149,1677,0,0,18626,18626,18626,14116,13630,47353
1,362,361,1791082271464472,1791082271466160,1688,0,1,18935,18935,18935,14392,13642,47385
1,363,362,1791082271514472,1791082271515620,1148,0,2,18682,18682,18682,14194,14052,47019
1,364,363,1791082271564472,1791082271566022,1550,0,3,18826,18826,18826,14246,14145,47327
1,365,364,1791082271614472,1791082271615450,978,0,4,18604,18604,18604,14151,13833,46968
1,366,365,1791082271664472,1791082271665894,1422,0,5,18709,18709,18709,14090,13494,46401
1,367,366,1791082271714472,1791082271715666,1194,0,6,18617,18617,18617,14121,13653,46852
1,368,367,1791082271764472,1791082271765946,1474,0,7,18850,18850,18850,14357,14067,47678
1,369,368,1791082271814472,1791082271815725,1253,0,8,18851,18851,18851,14408,13855,47645
1,370,369,1791082271864472,1791082271865879,1407,0,9,18646,18646,18646,14204,13996,47363
1,371,370,1791082271914472,1791082271916216,1744,0,10,18692,18692,18692,14166,14025,46799
1,372,371,1791082271964472,1791082271966158,1686,0,11,18798,18798,18798,14094,13991,47025
1,373,372,1791082272014472,1791082272015466,994,0,12,18837,18837,18837,14380,13979,47999
1,374,373,1791082272064472,1791082272065476,1004,0,13,18708,18708,18708,14324,13890,48331
1,375,374,1791082272114472,1791082272115471,999,0,14,18699,18699,18699,14282,14175,48764
1,376,375,1791082272164472,1791082272166248,1776,0,15,18795,18795,18795,14366,13715,48031
1,377,376,1791082272214472,1791082272215939,1467,0,16,18872,18872,18872,14429,14208,49038
1,378,377,1791082272264472,1791082272265910,1438,0,17,18599,18599,18599,14203,13398,47150
1,379,378,1791082272314472,1791082272315901,1429,0,18,18819,18819,18819,14240,13595,47306
1,380,379,1791082272364472,1791082272365833,1361,0,19,18835,18835,18835,14417,14336,48892
1,381,380,1791082272414472,1791082272415948,1476,0,0,18626,18626,18626,14246,13598,47626
1,382,381,1791082272464472,1791082272466399,1927,0,1,18935,18935,18935,14455,14086,48686
1,383,382,1791082272514472,1791082272516269,1797,0,2,18682,18682,18682,14236,14222,48104
1,384,383,1791082272564472,1791082272566062,1590,0,3,18826,18826,18826,14405,14322,48427
1,385,384,1791082272614472,1791082272616395,1923,0,4,18604,18604,18604,14079,13809,47577
1,386,385,1791082272664472,1791082272666155,1683,0,5,18709,18709,18709,14291,13725,47507
1,387,386,1791082272714472,1791082272716252,1780,0,6,18617,18617,18617,14148,13939,47224
1,388,387,1791082272764472,1791082272765909,1437,0,7,18850,18850,18850,14262,14085,47470
1,389,388,1791082272814472,1791082272816004,1532,0,8,18851,18851,18851,14166,13515,46624
1,390,389,1791082272864472,1791082272865487,1015,0,9,18646,18646,18646,14144,13358,46984
1,391,390,1791082272914472,1791082272916233,1761,0,10,18692,18692,18692,14325,14155,48636
1,392,391,1791082272964472,1791082272965738,1266,0,11,18798,18798,18798,14292,14208,48464
1,393,392,1791082273014472,1791082273015805,1333,0,12,18837,18837,18837,14366,14195,48725
1,394,393,1791082273064472,1791082273065947,1475,0,13,18708,18708,18708,14431,13866,48766
1,395,394,1791082273114472,1791082273115762,1290,0,14,18699,18699,18699,14525,14218,49917
1,396,395,1791082273164472,1791082273166069,1597,0,15,18795,18795,18795,14623,14084,50206
1,397,396,1791082273214472,1791082273216116,1644,0,16,18872,18872,18872,14692,13936,50339
1,398,397,1791082273264472,1791082273266384,1912,0,17,18599,18599,18599,14276,13894,49015
1,399,398,1791082273314472,1791082273316316,1844,0,18,18819,18819,18819,14564,14242,50463
1,400,399,1791082273364472,1791082273365946,1474,0,19,18835,18835,18835,14680,14522,51125
1,401,400,1791082273414472,1791082273416138,1666,0,0,18626,18626,18626,14526,14295,50837
1,402,401,1791082273464472,1791082273466187,1715,0,1,18935,18935,18935,14760,13824,50157
1,403,402,1791082273514472,1791082273516323,1851,0,2,18682,18682,18682,14563,14247,50450
1,404,403,1791082273564472,1791082273565646,1174,0,3,18826,18826,18826,14698,14509,51088
1,405,404,1791082273614472,1791082273616452,1980,0,4,18604,18604,18604,14381,14198,49818
1,406,405,1791082273664472,1791082273666168,1696,0,5,18709,18709,18709,14556,13986,50175
1,407,406,1791082273714472,1791082273716603,2131,0,6,18617,18617,18617,14458,14140,49822
1,408,407,1791082273764472,1791082273765973,1501,0,7,18850,18850,18850,14561,13967,50253
1,409,408,1791082273814472,1791082273816045,1573,0,8,18851,18851,18851,14750,14500,51474
1,410,409,1791082273864472,1791082273865591,1119,0,9,18646,18646,18646,14609,14215,51035
1,411,410,1791082273914472,1791082273915559,1087,0,10,18692,18692,18692,14751,14167,51721
1,412,411,1791082273964472,1791082273965863,1391,0,11,18798,18798,18798,14817,14591,51768
1,413,412,1791082274014472,1791082274016061,1589,0,12,18837,18837,18837,14753,14458,51642
1,414,413,1791082274064472,1791082274065568,1096,0,13,18708,18708,18708,14709,14567,51972
1,415,414,1791082274114472,1791082274115885,1413,0,14,18699,18699,18699,14583,14175,50634
1,416,415,1791082274164472,1791082274165766,1294,0,15,18795,18795,18795,14640,14180,50607
1,417,416,1791082274214472,1791082274216138,1666,0,16,18872,18872,18872,14739,14481,51645
1,418,417,1791082274264472,1791082274265826,1354,0,17,18599,18599,18599,14544,13903,50036
1,419,418,1791082274314472,1791082274316157,1685,0,18,18819,18819,18819,14631,14507,50869
1,420,419,1791082274364472,1791082274365884,1412,0,19,18835,18835,18835,14589,13767,49684
1,421,420,1791082274414472,1791082274415483,1011,0,0,18626,18626,18626,14590,14183,50632
1,422,421,1791082274464472,1791082274466173,1701,0,1,18935,18935,18935,14631,13933,49862
1,423,422,1791082274514472,1791082274516050,1578,0,2,18682,18682,18682,14348,14306,49390
1,424,423,1791082274564472,1791082274566052,1580,0,3,18826,18826,18826,14580,13871,49701
1,425,424,1791082274614472,1791082274639649,25177,0,4,18604,18604,18604,14284,13713,48475
1,426,425,1791082274664472,1791082274686927,22455,0,5,18709,18709,18709,14309,13769,48043
1,427,426,1791082274714472,1791082274733067,18595,0,6,18617,18617,18617,14131,13648,47260
1,428,427,1791082274764472,1791082274777668,13196,0,7,18850,18850,18850,14395,14230,48365
1,429,428,1791082274814472,1791082274819786,5314,0,8,18851,18851,18851,14319,14117,47940
1,430,429,1791082274864472,1791082274865489,1017,0,9,18646,18646,18646,14199,13185,46409
1,431,430,1791082274914472,1791082274915793,1321,0,10,18692,18692,18692,14375,14350,48968
1,432,431,1791082274964472,1791082274966060,1588,0,11,18798,18798,18798,14206,13823,47492
1,433,432,1791082275014472,1791082275015843,1371,0,12,18837,18837,18837,14307,13596,47352
1,434,433,1791082275064472,1791082275066431,1959,0,13,18708,18708,18708,14359,14351,48497
1,435,434,1791082275114472,1791082275115774,1302,0,14,18699,18699,18699,14217,14150,47791
1,436,435,1791082275164472,1791082275165933,1461,0,15,18795,18795,18795,14272,13995,48172
1,437,436,1791082275214472,1791082275215829,1357,0,16,18872,18872,18872,14379,13841,48640
1,438,437,1791082275264472,1791082275266219,1747,0,17,18599,18599,18599,14158,13831,47556
1,439,438,1791082275314472,1791082275315813,1341,0,18,18819,18819,18819,14178,13510,46808
1,440,439,1791082275364472,1791082275365783,1311,0,19,18835,18835,18835,14452,14269,49167
1,441,440,1791082275414472,1791082275415522,1050,0,0,18626,18626,18626,14155,13668,47411
1,442,441,1791082275464472,1791082275465476,1004,0,1,18935,18935,18935,14389,13964,47947
1,443,442,1791082275514472,1791082275516498,2026,0,2,18682,18682,18682,14037,13827,46457
1,444,443,1791082275564472,1791082275565851,1379,0,3,18826,18826,18826,14257,13908,46664
1,445,444,1791082275614472,1791082275616143,1671,0,4,18604,18604,18604,14025,13604,45905
1,446,445,1791082275664472,1791082275666300,1828,0,5,18709,18709,18709,14183,13367,45326
1,447,446,1791082275714472,1791082275715687,1215,0,6,18617,18617,18617,14124,14062,46914
1,448,447,1791082275764472,1791082275765756,1284,0,7,18850,18850,18850,14267,14101,46675
1,449,448,1791082275814472,1791082275816277,1805,0,8,18851,18851,18851,14171,13670,46404
1,450,449,1791082275864472,1791082275865995,1523,0,9,18646,18646,18646,14064,13503,46115
1,451,450,1791082275914472,1791082275915973,1501,0,10,18692,18692,18692,14177,13940,47253
1,452,451,1791082275964472,1791082275965865,1393,0,11,18798,18798,18798,14256,14091,48001
1,453,452,1791082276014472,1791082276015633,1161,0,12,18837,18837,18837,14344,14183,47906
1,454,453,1791082276064472,1791082276066079,1607,0,13,18708,18708,18708,14149,14101,47180
1,455,454,1791082276114472,1791082276116097,1625,0,14,18699,18699,18699,14066,13931,47208
1,456,455,1791082276164472,1791082276165856,1384,0,15,18795,18795,18795,14150,13310,46282
1,457,456,1791082276214472,1791082276215465,993,0,16,18872,18872,18872,14424,13792,47981
1,458,457,1791082276264472,1791082276266066,1594,0,17,18599,18599,18599,14140,13585,46856
1,459,458,1791082276314472,1791082276316060,1588,0,18,18819,18819,18819,14197,13863,46458
1,460,459,1791082276364472,1791082276365849,1377,0,19,18835,18835,18835,14169,13664,46591
1,461,460,1791082276414472,1791082276416047,1575,0,0,18626,18626,18626,14269,14076,47990
1,462,461,1791082276464472,1791082276465621,1149,0,1,18935,18935,18935,14474,13665,47929
1,463,462,1791082276514472,1791082276515887,1415,0,2,18682,18682,18682,14246,14206,47924
1,464,463,1791082276564472,1791082276566450,1978,0,3,18826,18826,18826,14364,13924,47708
1,465,464,1791082276614472,1791082276616152,1680,0,4,18604,18604,18604,14198,13904,47362
1,466,465,1791082276664472,1791082276666386,1914,0,5,18709,18709,18709,14152,13927,46781
1,467,466,1791082276714472,1791082276716009,1537,0,6,18617,18617,18617,14065,13670,46056
1,468,467,1791082276764472,1791082276765972,1500,0,7,18850,18850,18850,14251,13506,46637
1,469,468,1791082276814472,1791082276816136,1664,0,8,18851,18851,18851,14262,13643,47318
1,470,469,1791082276864472,1791082276866292,1820,0,9,18646,18646,18646,14289,13865,47906
1,471,470,1791082276914472,1791082276915588,1116,0,10,18692,18692,18692,14316,13676,48072
1,472,471,1791082276964472,1791082276966021,1549,0,11,18798,18798,18798,14479,13827,49203
1,473,472,1791082277014472,1791082277016065,1593,0,12,18837,18837,18837,14404,14157,48766
1,474,473,1791082277064472,1791082277065973,1501,0,13,18708,18708,18708,14215,14207,47884
1,475,474,1791082277114472,1791082277116159,1687,0,14,18699,18699,18699,14221,14061,47594
1,476,475,1791082277164472,1791082277166002,1530,0,15,18795,18795,18795,14372,13845,48238
1,477,476,1791082277214472,1791082277215447,975,0,16,18872,18872,18872,14355,13989,48350
1,478,477,1791082277264472,1791082277266206,1734,0,17,18599,18599,18599,14219,13997,48038
1,479,478,1791082277314472,1791082277315848,1376,0,18,18819,18819,18819,14288,13662,47554
1,480,479,1791082277364472,1791082277365916,1444,0,19,18835,18835,18835,14404,13669,48151
1,481,480,1791082277414472,1791082277416410,1938,0,0,18626,18626,18626,14273,13775,48282
1,482,481,1791082277464472,1791082277466004,1532,0,1,18935,18935,18935,14548,13605,48457
1,483,482,1791082277514472,1791082277515693,1221,0,2,18682,18682,18682,14307,13910,48240
1,484,483,1791082277564472,1791082277565953,1481,0,3,18826,18826,18826,14368,13851,47677
1,485,484,1791082277614472,1791082277616091,1619,0,4,18604,18604,18604,14131,14041,46750
1,486,485,1791082277664472,1791082277666179,1707,0,5,18709,18709,18709,14083,13908,46603
1,487,486,1791082277714472,1791082277715480,1008,0,6,18617,18617,18617,14116,13692,46726
1,488,487,1791082277764472,1791082277766072,1600,0,7,18850,18850,18850,14383,14289,48004
1,489,488,1791082277814472,1791082277815442,970,0,8,18851,18851,18851,14360,14209,48104
1,490,489,1791082277864472,1791082277866203,1731,0,9,18646,18646,18646,14296,13797,47332
1,491,490,1791082277914472,1791082277915716,1244,0,10,18692,18692,18692,14255,14109,48098
1,492,491,1791082277964472,1791082277965749,1277,0,11,18798,18798,18798,14337,13682,48044
1,493,492,1791082278014472,1791082278015577,1105,0,12,18837,18837,18837,14468,14281,49214
1,494,493,1791082278064472,1791082278065865,1393,0,13,18708,18708,18708,14389,13821,48830
1,495,494,1791082278114472,1791082278116471,1999,0,14,18699,18699,18699,14486,14048,49703
1,496,495,1791082278164472,1791082278174754,10282,0,15,18795,18795,18795,14396,14191,49244
1,497,496,1791082278214472,1791082278227276,12804,0,16,18872,18872,18872,14651,14420,50422
1,498,497,1791082278264472,1791082278272862,8390,0,17,18599,18599,18599,14439,13785,49352
1,499,498,1791082278314472,1791082278315582,1110,0,18,18819,18819,18819,14607,14435,50094
1,500,499,1791082278364472,1791082278365722,1250,0,19,18835,18835,18835,14586,14483,50057
1,501,500,1791082278414472,1791082278416047,1575,0,0,18626,18626,18626,14362,14204,49478
1,502,501,1791082278464472,1791082278465712,1240,0,1,18935,18935,18935,14755,13597,49357
1,503,502,1791082278514472,1791082278516020,1548,0,2,18682,18682,18682,14278,14032,48451
1,504,503,1791082278564472,1791082278565698,1226,0,3,18826,18826,18826,14463,14393,49363
1,505,504,1791082278614472,1791082278616166,1694,0,4,18604,18604,18604,14238,13657,48286
1,506,505,1791082278664472,1791082278666290,1818,0,5,18709,18709,18709,14329,14242,48272
1,507,506,1791082278714472,1791082278716413,1941,0,6,18617,18617,18617,14159,13993,47358
1,508,507,1791082278764472,1791082278765990,1518,0,7,18850,18850,18850,14519,14419,48992
1,509,508,1791082278814472,1791082278816238,1766,0,8,18851,18851,18851,14400,13717,48374
1,510,509,1791082278864472,1791082278866401,1929,0,9,18646,18646,18646,14308,13532,47973
1,511,510,1791082278914472,1791082278915441,969,0,10,18692,18692,18692,14449,14304,49892
1,512,511,1791082278964472,1791082278965988,1516,0,11,18798,18798,18798,14533,14347,49941
1,513,512,1791082279014472,1791082279016015,1543,0,12,18837,18837,18837,14546,13942,49064
1,514,513,1791082279064472,1791082279065996,1524,0,13,18708,18708,18708,14486,13900,49310
1,515,514,1791082279114472,1791082279116056,1584,0,14,18699,18699,18699,14403,13998,48988
1,516,515,1791082279164472,1791082279166130,1658,0,15,18795,18795,18795,14398,13615,48186
1,517,516,1791082279214472,1791082279216293,1821,0,16,18872,18872,18872,14475,13952,49416
1,518,517,1791082279264472,1791082279265899,1427,0,17,18599,18599,18599,14318,13827,48305
1,519,518,1791082279314472,1791082279316077,1605,0,18,18819,18819,18819,14370,13573,47979
1,520,519,1791082279364472,1791082279365788,1316,0,19,18835,18835,18835,14452,13943,48802
1,521,520,1791082279414472,1791082279415987,1515,0,0,18626,18626,18626,14367,13877,48982
1,522,521,1791082279464472,1791082279465659,1187,0,1,18935,18935,18935,14574,13813,48834
1,523,522,1791082279514472,1791082279516285,1813,0,2,18682,18682,18682,14271,14132,47978
1,524,523,1791082279564472,1791082279565545,1073,0,3,18826,18826,18826,14500,14122,48804
1,525,524,1791082279614472,1791082279615455,983,0,4,18604,18604,18604,14241,13800,47913
1,526,525,1791082279664472,1791082279665794,1322,0,5,18709,18709,18709,14344,14208,48154
1,527,526,1791082279714472,1791082279715761,1289,0,6,18617,18617,18617,14163,13748,47103
1,528,527,1791082279764472,1791082279765763,1291,0,7,18850,18850,18850,14294,13711,47612
1,529,528,1791082279814472,1791082279816466,1994,0,8,18851,18851,18851,14361,13579,47167
1,530,529,1791082279864472,1791082279865785,1313,0,9,18646,18646,18646,14296,13745,47721
1,531,530,1791082279914472,1791082279916306,1834,0,10,18692,18692,18692,14282,14127,48199
1,532,531,1791082279964472,1791082279965876,1404,0,11,18798,18798,18798,14302,14066,48093
1,533,532,1791082280014472,1791082280015808,1336,0,12,18837,18837,18837,14392,14267,48105
1,534,533,1791082280064472,1791082280065861,1389,0,13,18708,18708,18708,14265,14071,47510
1,535,534,1791082280114472,1791082280115672,1200,0,14,18699,18699,18699,14155,13811,46718
1,536,535,1791082280164472,1791082280165785,1313,0,15,18795,18795,18795,14186,13466,45896
1,537,536,1791082280214472,1791082280216419,1947,0,16,18872,18872,18872,14316,13758,47439
1,538,537,1791082280264472,1791082280266158,1686,0,17,18599,18599,18599,14112,13112,45467
1,539,538,1791082280314472,1791082280315777,1305,0,18,18819,18819,18819,14226,13945,46271
1,540,539,1791082280364472,1791082280366232,1760,0,19,18835,18835,18835,14153,13967,45712
1,541,540,1791082280414472,1791082280415579,1107,0,0,18626,18626,18626,14041,13199,44654
1,542,541,1791082280464472,1791082280465489,1017,0,1,18935,18935,18935,14317,13590,45460
1,543,542,1791082280514472,1791082280516329,1857,0,2,18682,18682,18682,13947,13593,44353
1,544,543,1791082280564472,1791082280565831,1359,0,3,18826,18826,18826,14087,13601,44729
1,545,544,1791082280614472,1791082280616130,1658,0,4,18604,18604,18604,13954,13927,44331
1,546,545,1791082280664472,1791082280665589,1117,0,5,18709,18709,18709,13919,13789,44118
1,547,546,1791082280714472,1791082280716447,1975,0,6,18617,18617,18617,13951,13604,43239
1,548,547,1791082280764472,1791082280765766,1294,0,7,18850,18850,18850,14020,13287,43796
1,549,548,1791082280814472,1791082280816218,1746,0,8,18851,18851,18851,14151,13627,45105
1,550,549,1791082280864472,1791082280865958,1486,0,9,18646,18646,18646,14064,13315,44561
1,551,550,1791082280914472,1791082280916428,1956,0,10,18692,18692,18692,14110,13511,45416
1,552,551,1791082280964472,1791082280966182,1710,0,11,18798,18798,18798,14255,13870,45966
1,553,552,1791082281014472,1791082281016008,1536,0,12,18837,18837,18837,14126,13917,45256
1,554,553,1791082281064472,1791082281065959,1487,0,13,18708,18708,18708,14145,13726,45132
1,555,554,1791082281114472,1791082281115448,976,0,14,18699,18699,18699,14144,13944,44911
1,556,555,1791082281164472,1791082281165756,1284,0,15,18795,18795,18795,14116,13856,45382
1,557,556,1791082281214472,1791082281216055,1583,0,16,18872,18872,18872,14040,13792,45404
1,558,557,1791082281264472,1791082281265900,1428,0,17,18599,18599,18599,14021,13804,45254
1,559,558,1791082281314472,1791082281315695,1223,0,18,18819,18819,18819,14150,13894,45114
1,560,559,1791082281364472,1791082281365786,1314,0,19,18835,18835,18835,14134,13897,44556
1,561,560,1791082281414472,1791082281416391,1919,0,0,18626,18626,18626,13978,13267,43404
1,562,561,1791082281464472,1791082281466053,1581,0,1,18935,18935,18935,14326,13605,45354
1,563,562,1791082281514472,1791082281515591,1119,0,2,18682,18682,18682,13972,13145,43507
1,564,563,1791082281564472,1791082281565793,1321,0,3,18826,18826,18826,14203,14051,44965
1,565,564,1791082281614472,1791082281616445,1973,0,4,18604,18604,18604,13864,13351,43377
1,566,565,1791082281664472,1791082281665463,991,0,5,18709,18709,18709,14030,13533,43387
1,567,566,1791082281714472,1791082281715700,1228,0,6,18617,18617,18617,14033,13675,44032
1,568,567,1791082281764472,1791082281765795,1323,0,7,18850,18850,18850,14183,13740,44436
1,569,568,1791082281814472,1791082281815795,1323,0,8,18851,18851,18851,14071,13984,43945
1,570,569,1791082281864472,1791082281866399,1927,0,9,18646,18646,18646,13977,13389,43056
1,571,570,1791082281914472,1791082281915754,1282,0,10,18692,18692,18692,14114,13652,44269
1,572,571,1791082281964472,1791082281965801,1329,0,11,18798,18798,18798,14116,13942,44082
1,573,572,1791082282014472,1791082282015750,1278,0,12,18837,18837,18837,14108,13443,43849
1,574,573,1791082282064472,1791082282065718,1246,0,13,18708,18708,18708,14023,14021,44602
1,575,574,1791082282114472,1791082282115747,1275,0,14,18699,18699,18699,14005,13933,44614
1,576,575,1791082282164472,1791082282165976,1504,0,15,18795,18795,18795,14068,13381,43959
1,577,576,1791082282214472,1791082282215598,1126,0,16,18872,18872,18872,14198,13668,44903
1,578,577,1791082282264472,1791082282266157,1685,0,17,18599,18599,18599,13976,13281,43749
1,579,578,1791082282314472,1791082282316207,1735,0,18,18819,18819,18819,14081,13846,44213
1,580,579,1791082282364472,1791082282365863,1391,0,19,18835,18835,18835,14202,13751,44525
1,581,580,1791082282414472,1791082282416030,1558,0,0,18626,18626,18626,13961,13691,44359
1,582,581,1791082282464472,1791082282465805,1333,0,1,18935,18935,18935,14243,13799,44490
1,583,582,1791082282514472,1791082282516413,1941,0,2,18682,18682,18682,14046,13440,43723
1,584,583,1791082282564472,1791082282565950,1478,0,3,18826,18826,18826,14158,14152,44021
1,585,584,1791082282614472,1791082282615820,1348,0,4,18604,18604,18604,13894,13430,43182
1,586,585,1791082282664472,1791082282665861,1389,0,5,18709,18709,18709,14161,13940,44351
1,587,586,1791082282714472,1791082282716117,1645,0,6,18617,18617,18617,13988,13736,44336
1,588,587,1791082282764472,1791082282766054,1582,0,7,18850,18850,18850,14177,13926,45030
1,589,588,1791082282814472,1791082282816412,1940,0,8,18851,18851,18851,14238,13642,44930
1,590,589,1791082282864472,1791082282866269,1797,0,9,18646,18646,18646,14004,13499,44906
1,591,590,1791082282914472,1791082282916462,1990,0,10,18692,18692,18692,14096,14090,45941
1,592,591,1791082282964472,1791082282965997,1525,0,11,18798,18798,18798,14133,13759,45359
1,593,592,1791082283014472,1791082283016206,1734,0,12,18837,18837,18837,14149,13443,44895
1,594,593,1791082283064472,1791082283065483,1011,0,13,18708,18708,18708,14150,13484,45649
1,595,594,1791082283114472,1791082283115789,1317,0,14,18699,18699,18699,14136,13992,46397
1,596,595,1791082283164472,1791082283165986,1514,0,15,18795,18795,18795,14233,14011,46781
1,597,596,1791082283214472,1791082283216064,1592,0,16,18872,18872,18872,14341,13623,46741
1,598,597,1791082283264472,1791082283266179,1707,0,17,18599,18599,18599,14144,13359,45702
1,599,598,1791082283314472,1791082283316065,1593,0,18,18819,18819,18819,14302,13647,46258
1,600,599,1791082283364472,1791082283366136,1664,0,19,18835,18835,18835,14308,13824,46662
1,601,600,1791082283414472,1791082283415823,1351,0,0,18626,18626,18626,14075,13592,46342
1,602,601,1791082283464472,1791082283466028,1556,0,1,18935,18935,18935,14289,13609,46293
1,603,602,1791082283514472,1791082283516387,1915,0,2,18682,18682,18682,14141,13879,46098
1,604,603,1791082283564472,1791082283566041,1569,0,3,18826,18826,18826,14277,13961,45655
1,605,604,1791082283614472,1791082283616505,2033,0,4,18604,18604,18604,13965,13191,44143
1,606,605,1791082283664472,1791082283666079,1607,0,5,18709,18709,18709,14029,13404,44072
1,607,606,1791082283714472,1791082283716442,1970,0,6,18617,18617,18617,14030,13835,45513
1,608,607,1791082283764472,1791082283766222,1750,0,7,18850,18850,18850,14306,13924,45153
1,609,608,1791082283814472,1791082283815505,1033,0,8,18851,18851,18851,14067,13296,43891
1,610,609,1791082283864472,1791082283865749,1277,0,9,18646,18646,18646,13992,13481,44843
1,611,610,1791082283914472,1791082283916111,1639,0,10,18692,18692,18692,14117,13897,45652
1,612,611,1791082283964472,1791082283965749,1277,0,11,18798,18798,18798,14309,13982,46382
1,613,612,1791082284014472,1791082284016243,1771,0,12,18837,18837,18837,14279,13798,45863
1,614,613,1791082284064472,1791082284065762,1290,0,13,18708,18708,18708,14129,13761,45643
1,615,614,1791082284114472,1791082284115597,1125,0,14,18699,18699,18699,14055,13770,45853
1,616,615,1791082284164472,1791082284166103,1631,0,15,18795,18795,18795,14114,13595,45535
1,617,616,1791082284214472,1791082284216487,2015,0,16,18872,18872,18872,14209,13771,46358
1,618,617,1791082284264472,1791082284265571,1099,0,17,18599,18599,18599,14065,13443,45222
1,619,618,1791082284314472,1791082284315705,1233,0,18,18819,18819,18819,14317,14219,47099
1,620,619,1791082284364472,1791082284365981,1509,0,19,18835,18835,18835,14204,14062,46552
1,621,620,1791082284414472,1791082284416208,1736,0,0,18626,18626,18626,13982,13631,45227
1,622,621,1791082284464472,1791082284465549,1077,0,1,18935,18935,18935,14259,13791,46456
1,623,622,1791082284514472,1791082284515549,1077,0,2,18682,18682,18682,14066,13076,44887
1,624,623,1791082284564472,1791082284566152,1680,0,3,18826,18826,18826,14221,13937,45886
1,625,624,1791082284614472,1791082284615859,1387,0,4,18604,18604,18604,14000,13617,44752
1,626,625,1791082284664472,1791082284665538,1066,0,5,18709,18709,18709,14129,13606,45156
1,627,626,1791082284714472,1791082284715507,1035,0,6,18617,18617,18617,14057,13596,45485
1,628,627,1791082284764472,1791082284765907,1435,0,7,18850,18850,18850,14347,14051,46860
1,629,628,1791082284814472,1791082284816317,1845,0,8,18851,18851,18851,14376,13715,47102
1,630,629,1791082284864472,1791082284865730,1258,0,9,18646,18646,18646,14168,13811,46972
1,631,630,1791082284914472,1791082284916291,1819,0,10,18692,18692,18692,14105,13913,47225
1,632,631,1791082284964472,1791082284966106,1634,0,11,18798,18798,18798,14321,14172,47492
1,633,632,1791082285014472,1791082285015880,1408,0,12,18837,18837,18837,14320,14264,47857
1,634,633,1791082285064472,1791082285065693,1221,0,13,18708,18708,18708,14237,13822,47486
1,635,634,1791082285114472,1791082285116179,1707,0,14,18699,18699,18699,14130,13909,47232
1,636,635,1791082285164472,1791082285165784,1312,0,15,18795,18795,18795,14386,14203,48672
1,637,636,1791082285214472,1791082285215916,1444,0,16,18872,18872,18872,14373,14018,48030
1,638,637,1791082285264472,1791082285266231,1759,0,17,18599,18599,18599,14107,13530,46671
1,639,638,1791082285314472,1791082285315787,1315,0,18,18819,18819,18819,14236,13807,46877
1,640,639,1791082285364472,1791082285366081,1609,0,19,18835,18835,18835,14388,13604,47228
1,641,640,1791082285414472,1791082285416476,2004,0,0,18626,18626,18626,14216,13642,47423
1,642,641,1791082285464472,1791082285466173,1701,0,1,18935,18935,18935,14299,13731,47912
1,643,642,1791082285514472,1791082285538633,24161,0,2,18682,18682,18682,14153,14119,47043
1,644,643,1791082285564472,1791082285579100,14628,0,3,18826,18826,18826,14227,13583,46321
1,645,644,1791082285614472,1791082285623092,8620,0,4,18604,18604,18604,13948,13266,45165
1,646,645,1791082285664472,1791082285666352,1880,0,5,18709,18709,18709,14096,13331,44992
1,647,646,1791082285714472,1791082285716914,2442,0,6,18617,18617,18617,14084,13336,45627
1,648,647,1791082285764472,1791082285765939,1467,0,7,18850,18850,18850,14291,13676,46311
1,649,648,1791082285814472,1791082285815983,1511,0,8,18851,18851,18851,14176,13915,45771
1,650,649,1791082285864472,1791082285866209,1737,0,9,18646,18646,18646,14080,13979,45242
1,651,650,1791082285914472,1791082285916294,1822,0,10,18692,18692,18692,14046,13519,44550
1,652,651,1791082285964472,1791082285965898,1426,0,11,18798,18798,18798,14198,13494,44361
1,653,652,1791082286014472,1791082286016192,1720,0,12,18837,18837,18837,14128,13414,44676
1,654,653,1791082286064472,1791082286066336,1864,0,13,18708,18708,18708,14065,13494,45025
1,655,654,1791082286114472,1791082286115991,1519,0,14,18699,18699,18699,14135,13625,45798
1,656,655,1791082286164472,1791082286165941,1469,0,15,18795,18795,18795,14166,13507,45233
1,657,656,1791082286214472,1791082286216153,1681,0,16,18872,18872,18872,14261,13553,45921
1,658,657,1791082286264472,1791082286265583,1111,0,17,18599,18599,18599,14081,13400,44740
1,659,658,1791082286314472,1791082286316165,1693,0,18,18819,18819,18819,14302,13889,45535
1,660,659,1791082286364472,1791082286366137,1665,0,19,18835,18835,18835,14240,13476,45263
1,661,660,1791082286414472,1791082286416168,1696,0,0,18626,18626,18626,14055,13684,45663
1,662,661,1791082286464472,1791082286465652,1180,0,1,18935,18935,18935,14231,13623,45350
1,663,662,1791082286514472,1791082286516056,1584,0,2,18682,18682,18682,14038,13703,44828
1,664,663,1791082286564472,1791082286565863,1391,0,3,18826,18826,18826,14199,13296,44142
1,665,664,1791082286614472,1791082286616009,1537,0,4,18604,18604,18604,13983,13509,44174
1,666,665,1791082286664472,1791082286665669,1197,0,5,18709,18709,18709,14012,13905,43980
1,667,666,1791082286714472,1791082286716325,1853,0,6,18617,18617,18617,14071,13650,43749
1,668,667,1791082286764472,1791082286765728,1256,0,7,18850,18850,18850,14151,14020,44134
1,669,668,1791082286814472,1791082286815911,1439,0,8,18851,18851,18851,14136,13888,43782
1,670,669,1791082286864472,1791082286865710,1238,0,9,18646,18646,18646,14092,13819,44313
1,671,670,1791082286914472,1791082286916239,1767,0,10,18692,18692,18692,14066,13748,43828
1,672,671,1791082286964472,1791082286966034,1562,0,11,18798,18798,18798,14149,13692,43838
1,673,672,1791082287014472,1791082287015940,1468,0,12,18837,18837,18837,14170,13871,43721
1,674,673,1791082287064472,1791082287066201,1729,0,13,18708,18708,18708,14079,13795,43480
1,675,674,1791082287114472,1791082287115726,1254,0,14,18699,18699,18699,14067,13510,42645
1,676,675,1791082287164472,1791082287165978,1506,0,15,18795,18795,18795,14017,13723,43135
1,677,676,1791082287214472,1791082287215626,1154,0,16,18872,18872,18872,14124,14036,43048
1,678,677,1791082287264472,1791082287265464,992,0,17,18599,18599,18599,13945,13241,41645
1,679,678,1791082287314472,1791082287315793,1321,0,18,18819,18819,18819,14219,13783,42698
1,680,679,1791082287364472,1791082287366096,1624,0,19,18835,18835,18835,14149,13440,42300
1,681,680,1791082287414472,1791082287416231,1759,0,0,18626,18626,18626,13916,13505,42197
1,682,681,1791082287464472,1791082287466499,2027,0,1,18935,18935,18935,14330,13675,43253
1,683,682,1791082287514472,1791082287515560,1088,0,2,18682,18682,18682,14066,13491,42693
1,684,683,1791082287564472,1791082287566141,1669,0,3,18826,18826,18826,14114,13695,43043
1,685,684,1791082287614472,1791082287615482,1010,0,4,18604,18604,18604,13862,13227,41652
1,686,685,1791082287664472,1791082287666322,1850,0,5,18709,18709,18709,14006,13590,41943
1,687,686,1791082287714472,1791082287715630,1158,0,6,18617,18617,18617,14016,13571,42261
1,688,687,1791082287764472,1791082287766020,1548,0,7,18850,18850,18850,14201,13580,43241
1,689,688,1791082287814472,1791082287816375,1903,0,8,18851,18851,18851,14103,13911,42809
1,690,689,1791082287864472,1791082287865837,1365,0,9,18646,18646,18646,13987,13524,42663
1,691,690,1791082287914472,1791082287915960,1488,0,10,18692,18692,18692,14048,13562,43052
1,692,691,1791082287964472,1791082287965975,1503,0,11,18798,18798,18798,14088,14038,43940
1,693,692,1791082288014472,1791082288016401,1929,0,12,18837,18837,18837,14018,13138,42292
1,694,693,1791082288064472,1791082288066468,1996,0,13,18708,18708,18708,14067,13520,43892
1,695,694,1791082288114472,1791082288115574,1102,0,14,18699,18699,18699,14009,13434,42729
1,696,695,1791082288164472,1791082288165875,1403,0,15,18795,18795,18795,14145,13943,43976
1,697,696,1791082288214472,1791082288215653,1181,0,16,18872,18872,18872,14103,13420,43258
1,698,697,1791082288264472,1791082288266063,1591,0,17,18599,18599,18599,14016,13698,43233
1,699,698,1791082288314472,1791082288316246,1774,0,18,18819,18819,18819,14191,13405,43127
1,700,699,1791082288364472,1791082288365770,1298,0,19,18835,18835,18835,14275,13888,44537
1,701,700,1791082288414472,1791082288415719,1247,0,0,18626,18626,18626,14037,14033,44361
1,702,701,1791082288464472,1791082288465984,1512,0,1,18935,18935,18935,14269,13496,44225
1,703,702,1791082288514472,1791082288516219,1747,0,2,18682,18682,18682,14058,13429,43700
1,704,703,1791082288564472,1791082288565802,1330,0,3,18826,18826,18826,14083,13560,44249
1,705,704,1791082288614472,1791082288615476,1004,0,4,18604,18604,18604,14025,13749,43950
1,706,705,1791082288664472,1791082288666140,1668,0,5,18709,18709,18709,14117,13807,44293
1,707,706,1791082288714472,1791082288716286,1814,0,6,18617,18617,18617,13980,13725,44196
1,708,707,1791082288764472,1791082288765793,1321,0,7,18850,18850,18850,14058,13778,44692
1,709,708,1791082288814472,1791082288816223,1751,0,8,18851,18851,18851,14141,13938,45586
1,710,709,1791082288864472,1791082288866083,1611,0,9,18646,18646,18646,14112,13486,45317
1,711,710,1791082288914472,1791082288915559,1087,0,10,18692,18692,18692,14158,13881,45963
1,712,711,1791082288964472,1791082288965608,1136,0,11,18798,18798,18798,14140,13955,46360
1,713,712,1791082289014472,1791082289015611,1139,0,12,18837,18837,18837,14192,13947,45989
1,714,713,1791082289064472,1791082289066276,1804,0,13,18708,18708,18708,14153,13690,46379
1,715,714,1791082289114472,1791082289127835,13363,0,14,18699,18699,18699,14164,13774,46523
1,716,715,1791082289164472,1791082289175149,10677,0,15,18795,18795,18795,14199,13760,46628
1,717,716,1791082289214472,1791082289218221,3749,0,16,18872,18872,18872,14329,14231,47387
1,718,717,1791082289264472,1791082289265459,987,0,17,18599,18599,18599,14072,13597,45916
1,719,718,1791082289314472,1791082289315732,1260,0,18,18819,18819,18819,14266,14034,46770
1,720,719,1791082289364472,1791082289366028,1556,0,19,18835,18835,18835,14143,13270,45636
1,721,720,1791082289414472,1791082289415708,1236,0,0,18626,18626,18626,14120,13514,46723
1,722,721,1791082289464472,1791082289465916,1444,0,1,18935,18935,18935,14337,14286,47465
1,723,722,1791082289514472,1791082289517344,2872,0,2,18682,18682,18682,13952,13500,45507
1,724,723,1791082289564472,1791082289566058,1586,0,3,18826,18826,18826,14186,14060,46687
1,725,724,1791082289614472,1791082289616154,1682,0,4,18604,18604,18604,14120,13620,47200
1,726,725,1791082289664472,1791082289665569,1097,0,5,18709,18709,18709,14080,13800,46236
1,727,726,1791082289714472,1791082289716400,1928,0,6,18617,18617,18617,14045,13409,45282
1,728,727,1791082289764472,1791082289765872,1400,0,7,18850,18850,18850,14263,13870,47111
1,729,728,1791082289814472,1791082289815685,1213,0,8,18851,18851,18851,14211,13950,46673
1,730,729,1791082289864472,1791082289865687,1215,0,9,18646,18646,18646,14092,13752,46446
1,731,730,1791082289914472,1791082289915954,1482,0,10,18692,18692,18692,14184,13877,47068
1,732,731,1791082289964472,1791082289965941,1469,0,11,18798,18798,18798,14258,14097,47735
1,733,732,1791082290014472,1791082290015710,1238,0,12,18837,18837,18837,14305,14159,48197
1,734,733,1791082290064472,1791082290065436,964,0,13,18708,18708,18708,14361,13906,47768
1,735,734,1791082290114472,1791082290116481,2009,0,14,18699,18699,18699,14169,13967,46872
1,736,735,1791082290164472,1791082290165760,1288,0,15,18795,18795,18795,14202,13448,46947
1,737,736,1791082290214472,1791082290216374,1902,0,16,18872,18872,18872,14507,14239,48922
1,738,737,1791082290264472,1791082290266124,1652,0,17,18599,18599,18599,14181,13932,47533
1,739,738,1791082290314472,1791082290316129,1657,0,18,18819,18819,18819,14322,14113,47730
1,740,739,1791082290364472,1791082290365965,1493,0,19,18835,18835,18835,14332,13598,46914
1,741,740,1791082290414472,1791082290416867,2395,0,0,18626,18626,18626,14133,13884,47184
1,742,741,1791082290464472,1791082290466143,1671,0,1,18935,18935,18935,14419,14352,47964
1,743,742,1791082290514472,1791082290515633,1161,0,2,18682,18682,18682,14159,13799,47065
1,744,743,1791082290564472,1791082290565934,1462,0,3,18826,18826,18826,14268,13818,47633
1,745,744,1791082290614472,1791082290615527,1055,0,4,18604,18604,18604,14005,13669,46828
1,746,745,1791082290664472,1791082290665982,1510,0,5,18709,18709,18709,14301,14127,48017
1,747,746,1791082290714472,1791082290715575,1103,0,6,18617,18617,18617,14214,14124,47636
1,748,747,1791082290764472,1791082290765510,1038,0,7,18850,18850,18850,14411,14388,48866
1,749,748,1791082290814472,1791082290815904,1432,0,8,18851,18851,18851,14470,13944,49468
1,750,749,1791082290864472,1791082290865891,1419,0,9,18646,18646,18646,14433,14101,49362
1,751,750,1791082290914472,1791082290915751,1279,0,10,18692,18692,18692,14462,14174,49796
1,752,751,1791082290964472,1791082290967429,2957,0,11,18798,18798,18798,14423,14005,49081
1,753,752,1791082291014472,1791082291015731,1259,0,12,18837,18837,18837,14434,14075,49038
1,754,753,1791082291064472,1791082291066119,1647,0,13,18708,18708,18708,14337,13948,48128
1,755,754,1791082291114472,1791082291115898,1426,0,14,18699,18699,18699,14467,13533,48117
1,756,755,1791082291164472,1791082291165751,1279,0,15,18795,18795,18795,14368,13853,48409
1,757,756,1791082291214472,1791082291215461,989,0,16,18872,18872,18872,14398,13968,49037
1,758,757,1791082291264472,1791082291266463,1991,0,17,18599,18599,18599,14148,14147,47997
1,759,758,1791082291314472,1791082291316145,1673,0,18,18819,18819,18819,14404,13784,48639
1,760,759,1791082291364472,1791082291365763,1291,0,19,18835,18835,18835,14537,14142,49630
1,761,760,1791082291414472,1791082291416225,1753,0,0,18626,18626,18626,14414,14228,49826
1,762,761,1791082291464472,1791082291465632,1160,0,1,18935,18935,18935,14700,14648,50721
1,763,762,1791082291514472,1791082291515873,1401,0,2,18682,18682,18682,14373,14142,49347
1,764,763,1791082291564472,1791082291565878,1406,0,3,18826,18826,18826,14401,14069,49491
1,765,764,1791082291614472,1791082291616318,1846,0,4,18604,18604,18604,14285,14000,49138
1,766,765,1791082291664472,1791082291666093,1621,0,5,18709,18709,18709,14280,13816,48309
1,767,766,1791082291714472,1791082291715559,1087,0,6,18617,18617,18617,14330,14324,49012
1,768,767,1791082291764472,1791082291771872,7400,0,7,18850,18850,18850,14573,14073,49520
1,769,768,1791082291814472,1791082291817477,3005,0,8,18851,18851,18851,14480,13778,48917
1,770,769,1791082291864472,1791082291866366,1894,0,9,18646,18646,18646,14346,13932,49159
1,771,770,1791082291914472,1791082291916291,1819,0,10,18692,18692,18692,14484,14166,50010
1,772,771,1791082291964472,1791082291965945,1473,0,11,18798,18798,18798,14479,14211,49868
1,773,772,1791082292014472,1791082292016059,1587,0,12,18837,18837,18837,14485,14351,49255
1,774,773,1791082292064472,1791082292065768,1296,0,13,18708,18708,18708,14465,13554,48934
1,775,774,1791082292114472,1791082292116420,1948,0,14,18699,18699,18699,14566,14012,50305
1,776,775,1791082292164472,1791082292166131,1659,0,15,18795,18795,18795,14697,13732,50417
1,777,776,1791082292214472,1791082292215827,1355,0,16,18872,18872,18872,14859,14494,52342
1,778,777,1791082292264472,1791082292265439,967,0,17,18599,18599,18599,14513,14152,50932
1,779,778,1791082292314472,1791082292316132,1660,0,18,18819,18819,18819,14692,13816,50102
1,780,779,1791082292364472,1791082292365757,1285,0,19,18835,18835,18835,14764,14304,51592
1,781,780,1791082292414472,1791082292415665,1193,0,0,18626,18626,18626,14749,14630,52030
1,782,781,1791082292464472,1791082292465633,1161,0,1,18935,18935,18935,14824,14040,51173
1,783,782,1791082292514472,1791082292516332,1860,0,2,18682,18682,18682,14613,14585,51130
1,784,783,1791082292564472,1791082292565787,1315,0,3,18826,18826,18826,14597,14247,50518
1,785,784,1791082292614472,1791082292615684,1212,0,4,18604,18604,18604,14431,14410,49994
1,786,785,1791082292664472,1791082292665827,1355,0,5,18709,18709,18709,14413,13976,49532
1,787,786,1791082292714472,1791082292715810,1338,0,6,18617,18617,18617,14447,14268,49839
1,788,787,1791082292764472,1791082292765776,1304,0,7,18850,18850,18850,14656,14482,50939
1,789,788,1791082292814472,1791082292815585,1113,0,8,18851,18851,18851,14619,14141,50382
1,790,789,1791082292864472,1791082292866445,1973,0,9,18646,18646,18646,14390,14009,49251
1,791,790,1791082292914472,1791082292916282,1810,0,10,18692,18692,18692,14512,14357,50380
1,792,791,1791082292964472,1791082292966165,1693,0,11,18798,18798,18798,14510,14221,50201
1,793,792,1791082293014472,1791082293016139,1667,0,12,18837,18837,18837,14496,14218,49660
1,794,793,1791082293064472,1791082293065953,1481,0,13,18708,18708,18708,14391,14028,48831
1,795,794,1791082293114472,1791082293116407,1935,0,14,18699,18699,18699,14337,14011,49216
1,796,795,1791082293164472,1791082293165748,1276,0,15,18795,18795,18795,14595,13959,50127
1,797,796,1791082293214472,1791082293216313,1841,0,16,18872,18872,18872,14636,13917,50633
1,798,797,1791082293264472,1791082293265827,1355,0,17,18599,18599,18599,14471,13762,49593
1,799,798,1791082293314472,1791082293316059,1587,0,18,18819,18819,18819,14596,14555,49913
1,800,799,1791082293364472,1791082293366150,1678,0,19,18835,18835,18835,14501,14246,50170
1,801,800,1791082293414472,1791082293415971,1499,0,0,18626,18626,18626,14386,14236,49994
1,802,801,1791082293464472,1791082293466263,1791,0,1,18935,18935,18935,14725,13892,50241
1,803,802,1791082293514472,1791082293515485,1013,0,2,18682,18682,18682,14456,14099,49708
1,804,803,1791082293564472,1791082293565761,1289,0,3,18826,18826,18826,14384,13949,49290
1,805,804,1791082293614472,1791082293615859,1387,0,4,18604,18604,18604,14158,13772,48027
1,806,805,1791082293664472,1791082293665611,1139,0,5,18709,18709,18709,14345,14018,48541
1,807,806,1791082293714472,1791082293715768,1296,0,6,18617,18617,18617,14242,13821,48167
1,808,807,1791082293764472,1791082293765618,1146,0,7,18850,18850,18850,14546,14369,49546
1,809,808,1791082293814472,1791082293815831,1359,0,8,18851,18851,18851,14451,13846,48809
1,810,809,1791082293864472,1791082293866192,1720,0,9,18646,18646,18646,14338,13645,49018
1,811,810,1791082293914472,1791082293915478,1006,0,10,18692,18692,18692,14436,13934,49916
1,812,811,1791082293964472,1791082293965979,1507,0,11,18798,18798,18798,14493,14290,50028
1,813,812,1791082294014472,1791082294016454,1982,0,12,18837,18837,18837,14406,14398,49574
1,814,813,1791082294064472,1791082294065801,1329,0,13,18708,18708,18708,14461,13811,49114
1,815,814,1791082294114472,1791082294116039,1567,0,14,18699,18699,18699,14562,13958,49927
1,816,815,1791082294164472,1791082294165984,1512,0,15,18795,18795,18795,14643,13641,49354
1,817,816,1791082294214472,1791082294216056,1584,0,16,18872,18872,18872,14637,14116,50473
1,818,817,1791082294264472,1791082294265602,1130,0,17,18599,18599,18599,14299,13737,48994
1,819,818,1791082294314472,1791082294316328,1856,0,18,18819,18819,18819,14522,14004,49430
1,820,819,1791082294364472,1791082294365854,1382,0,19,18835,18835,18835,14656,14413,50358
1,821,820,1791082294414472,1791082294415683,1211,0,0,18626,18626,18626,14433,14358,50249
1,822,821,1791082294464472,1791082294466378,1906,0,1,18935,18935,18935,14781,13887,50675
1,823,822,1791082294514472,1791082294515790,1318,0,2,18682,18682,18682,14486,14318,50039
1,824,823,1791082294564472,1791082294566187,1715,0,3,18826,18826,18826,14602,14332,50449
1,825,824,1791082294614472,1791082294616294,1822,0,4,18604,18604,18604,14341,13607,48921
1,826,825,1791082294664472,1791082294666185,1713,0,5,18709,18709,18709,14419,14067,49072
1,827,826,1791082294714472,1791082294716404,1932,0,6,18617,18617,18617,14267,14035,48234
1,828,827,1791082294764472,1791082294765995,1523,0,7,18850,18850,18850,14303,14016,48404
1,829,828,1791082294814472,1791082294816166,1694,0,8,18851,18851,18851,14455,13790,48967
1,830,829,1791082294864472,1791082294865665,1193,0,9,18646,18646,18646,14344,14057,49158
1,831,830,1791082294914472,1791082294915990,1518,0,10,18692,18692,18692,14374,14222,49029
1,832,831,1791082294964472,1791082294965799,1327,0,11,18798,18798,18798,14432,14035,48925
1,833,832,1791082295014472,1791082295015858,1386,0,12,18837,18837,18837,14429,14282,48408
1,834,833,1791082295064472,1791082295066289,1817,0,13,18708,18708,18708,14246,13580,47376
1,835,834,1791082295114472,1791082295116119,1647,0,14,18699,18699,18699,14260,14204,48464
1,836,835,1791082295164472,1791082295165948,1476,0,15,18795,18795,18795,14240,13957,47780
1,837,836,1791082295214472,1791082295216065,1593,0,16,18872,18872,18872,14309,13864,48283
1,838,837,1791082295264472,1791082295265708,1236,0,17,18599,18599,18599,14249,13512,47156
1,839,838,1791082295314472,1791082295315620,1148,0,18,18819,18819,18819,14413,13733,47601
1,840,839,1791082295364472,1791082295365981,1509,0,19,18835,18835,18835,14429,14269,48822
1,841,840,1791082295414472,1791082295415629,1157,0,0,18626,18626,18626,14343,13506,47944
1,842,841,1791082295464472,1791082295465656,1184,0,1,18935,18935,18935,14473,13837,48453
1,843,842,1791082295514472,1791082295516139,1667,0,2,18682,18682,18682,14053,13777,46946
1,844,843,1791082295564472,1791082295565787,1315,0,3,18826,18826,18826,14325,14055,47960
1,845,844,1791082295614472,1791082295616353,1881,0,4,18604,18604,18604,14094,13955,47107
1,846,845,1791082295664472,1791082295665509,1037,0,5,18709,18709,18709,14201,13602,46664
1,847,846,1791082295714472,1791082295716375,1903,0,6,18617,18617,18617,14183,14011,47352
1,848,847,1791082295764472,1791082295765868,1396,0,7,18850,18850,18850,14207,13735,47351
1,849,848,1791082295814472,1791082295816254,1782,0,8,18851,18851,18851,14358,14018,47856
1,850,849,1791082295864472,1791082295866408,1936,0,9,18646,18646,18646,14320,13673,47682
1,851,850,1791082295914472,1791082295916286,1814,0,10,18692,18692,18692,14345,14066,48773
1,852,851,1791082295964472,1791082295965968,1496,0,11,18798,18798,18798,14391,14301,49323
1,853,852,1791082296014472,1791082296015781,1309,0,12,18837,18837,18837,14530,14104,49365
1,854,853,1791082296064472,1791082296066172,1700,0,13,18708,18708,18708,14351,14204,49551
1,855,854,1791082296114472,1791082296115722,1250,0,14,18699,18699,18699,14373,14257,49349
1,856,855,1791082296164472,1791082296165794,1322,0,15,18795,18795,18795,14395,14201,49055
1,857,856,1791082296214472,1791082296215721,1249,0,16,18872,18872,18872,14497,14266,49536
1,858,857,1791082296264472,1791082296265623,1151,0,17,18599,18599,18599,14274,13609,47830
1,859,858,1791082296314472,1791082296342109,27637,0,18,18819,18819,18819,14242,13996,47730
1,860,859,1791082296364472,1791082296387747,23275,0,19,18835,18835,18835,14486,14009,48503
1,861,860,1791082296414472,1791082296431416,16944,0,0,18626,18626,18626,14363,14179,49098
1,862,861,1791082296464472,1791082296474133,9661,0,1,18935,18935,18935,14516,13561,48717
1,863,862,1791082296514472,1791082296516695,2223,0,2,18682,18682,18682,14349,13867,48617
1,864,863,1791082296564472,1791082296565752,1280,0,3,18826,18826,18826,14339,14160,48327
1,865,864,1791082296614472,1791082296615665,1193,0,4,18604,18604,18604,14235,13521,47458
1,866,865,1791082296664472,1791082296665853,1381,0,5,18709,18709,18709,14294,14010,47821
1,867,866,1791082296714472,1791082296716169,1697,0,6,18617,18617,18617,14171,14004,48047
1,868,867,1791082296764472,1791082296765986,1514,0,7,18850,18850,18850,14298,13914,47758
1,869,868,1791082296814472,1791082296816206,1734,0,8,18851,18851,18851,14251,13659,47242
1,870,869,1791082296864472,1791082296865717,1245,0,9,18646,18646,18646,14194,13762,47556
1,871,870,1791082296914472,1791082296915542,1070,0,10,18692,18692,18692,14318,13933,48415
1,872,871,1791082296964472,1791082296966126,1654,0,11,18798,18798,18798,14348,14232,48447
1,873,872,1791082297014472,1791082297015947,1475,0,12,18837,18837,18837,14300,13768,47840
1,874,873,1791082297064472,1791082297066264,1792,0,13,18708,18708,18708,14364,14055,48472
1,875,874,1791082297114472,1791082297115981,1509,0,14,18699,18699,18699,14298,13675,48064
1,876,875,1791082297164472,1791082297166170,1698,0,15,18795,18795,18795,14302,14121,48229
1,877,876,1791082297214472,1791082297215607,1135,0,16,18872,18872,18872,14355,13753,48267
1,878,877,1791082297264472,1791082297265835,1363,0,17,18599,18599,18599,14175,13529,47327
1,879,878,1791082297314472,1791082297315998,1526,0,18,18819,18819,18819,14214,13860,47464
1,880,879,1791082297364472,1791082297365774,1302,0,19,18835,18835,18835,14359,14351,48593
1,881,880,1791082297414472,1791082297416284,1812,0,0,18626,18626,18626,14167,13682,47254
1,882,881,1791082297464472,1791082297465815,1343,0,1,18935,18935,18935,14401,13683,47370
1,883,882,1791082297514472,1791082297516096,1624,0,2,18682,18682,18682,14172,13826,46896
1,884,883,1791082297564472,1791082297565885,1413,0,3,18826,18826,18826,14180,13723,46780
1,885,884,1791082297614472,1791082297615714,1242,0,4,18604,18604,18604,14055,13563,46458
1,886,885,1791082297664472,1791082297666161,1689,0,5,18709,18709,18709,14028,13771,45991
1,887,886,1791082297714472,1791082297716221,1749,0,6,18617,18617,18617,14113,13526,45972
1,888,887,1791082297764472,1791082297766026,1554,0,7,18850,18850,18850,14360,13865,47599
1,889,888,1791082297814472,1791082297815561,1089,0,8,18851,18851,18851,14348,13755,47875
1,890,889,1791082297864472,1791082297865599,1127,0,9,18646,18646,18646,14293,13863,48066
1,891,890,1791082297914472,1791082297915654,1182,0,10,18692,18692,18692,14375,14071,48798
1,892,891,1791082297964472,1791082297966066,1594,0,11,18798,18798,18798,14350,14231,48965
1,893,892,1791082298014472,1791082298016151,1679,0,12,18837,18837,18837,14418,13981,48227
1,894,893,1791082298064472,1791082298065989,1517,0,13,18708,18708,18708,14371,14066,48624
1,895,894,1791082298114472,1791082298116493,2021,0,14,18699,18699,18699,14371,14060,48950
1,896,895,1791082298164472,1791082298165668,1196,0,15,18795,18795,18795,14383,14222,48880
1,897,896,1791082298214472,1791082298216184,1712,0,16,18872,18872,18872,14353,13950,48231
1,898,897,1791082298264472,1791082298266405,1933,0,17,18599,18599,18599,14174,13899,47429
1,899,898,1791082298314472,1791082298316083,1611,0,18,18819,18819,18819,14339,13596,47193
1,900,899,1791082298364472,1791082298365756,1284,0,19,18835,18835,18835,14309,14001,48363
1,901,900,1791082298414472,1791082298415599,1127,0,0,18626,18626,18626,14262,13746,47840
1,902,901,1791082298464472,1791082298465632,1160,0,1,18935,18935,18935,14573,13994,49384
1,903,902,1791082298514472,1791082298516446,1974,0,2,18682,18682,18682,14217,14151,48217
1,904,903,1791082298564472,1791082298566077,1605,0,3,18826,18826,18826,14242,13819,47412
1,905,904,1791082298614472,1791082298615593,1121,0,4,18604,18604,18604,14114,13439,47039
1,906,905,1791082298664472,1791082298666132,1660,0,5,18709,18709,18709,14130,13975,46592
1,907,906,1791082298714472,1791082298715932,1460,0,6,18617,18617,18617,14080,13916,46480
1,908,907,1791082298764472,1791082298765774,1302,0,7,18850,18850,18850,14287,14106,47326
1,909,908,1791082298814472,1791082298815835,1363,0,8,18851,18851,18851,14279,14147,47208
1,910,909,1791082298864472,1791082298865679,1207,0,9,18646,18646,18646,14009,13390,45678
1,911,910,1791082298914472,1791082298916170,1698,0,10,18692,18692,18692,14093,13767,46574
1,912,911,1791082298964472,1791082298965870,1398,0,11,18798,18798,18798,14277,14260,47591
1,913,912,1791082299014472,1791082299016471,1999,0,12,18837,18837,18837,14329,14080,47791
1,914,913,1791082299064472,1791082299066287,1815,0,13,18708,18708,18708,14228,13283,46959
1,915,914,1791082299114472,1791082299116475,2003,0,14,18699,18699,18699,14357,13746,48139
1,916,915,1791082299164472,1791082299165891,1419,0,15,18795,18795,18795,14271,13254,47014
1,917,916,1791082299214472,1791082299216445,1973,0,16,18872,18872,18872,14489,14279,49159
1,918,917,1791082299264472,1791082299266203,1731,0,17,18599,18599,18599,14191,14008,47939
1,919,918,1791082299314472,1791082299315550,1078,0,18,18819,18819,18819,14278,13738,48218
1,920,919,1791082299364472,1791082299365852,1380,0,19,18835,18835,18835,14550,14333,49212
1,921,920,1791082299414472,1791082299416030,1558,0,0,18626,18626,18626,14243,14235,48747
1,922,921,1791082299464472,1791082299465895,1423,0,1,18935,18935,18935,14536,14031,49313
1,923,922,1791082299514472,1791082299516353,1881,0,2,18682,18682,18682,14236,14220,48278
1,924,923,1791082299564472,1791082299566353,1881,0,3,18826,18826,18826,14407,14225,48743
1,925,924,1791082299614472,1791082299616177,1705,0,4,18604,18604,18604,14179,13646,47674
1,926,925,1791082299664472,1791082299666271,1799,0,5,18709,18709,18709,14220,13576,47429
1,927,926,1791082299714472,1791082299716300,1828,0,6,18617,18617,18617,14355,13691,48118
1,928,927,1791082299764472,1791082299765480,1008,0,7,18850,18850,18850,14463,14135,49226
1,929,928,1791082299814472,1791082299816261,1789,0,8,18851,18851,18851,14560,14025,49832
1,930,929,1791082299864472,1791082299865830,1358,0,9,18646,18646,18646,14423,13871,49492
1,931,930,1791082299914472,1791082299916158,1686,0,10,18692,18692,18692,14635,13715,50252
1,932,931,1791082299964472,1791082299965873,1401,0,11,18798,18798,18798,14714,14517,52048
1,933,932,1791082300014472,1791082300016468,1996,0,12,18837,18837,18837,14790,14275,51840
1,934,933,1791082300064472,1791082300065697,1225,0,13,18708,18708,18708,14899,14251,52009
1,935,934,1791082300114472,1791082300115672,1200,0,14,18699,18699,18699,14881,14617,53126
1,936,935,1791082300164472,1791082300165996,1524,0,15,18795,18795,18795,15070,14479,53874
1,937,936,1791082300214472,1791082300215850,1378,0,16,18872,18872,18872,15244,15055,55193
1,938,937,1791082300264472,1791082300265699,1227,0,17,18599,18599,18599,14932,14479,53414
1,939,938,1791082300314472,1791082300315491,1019,0,18,18819,18819,18819,15068,14668,54063
1,940,939,1791082300364472,1791082300366010,1538,0,19,18835,18835,18835,15143,14904,54360
1,941,940,1791082300414472,1791082300415529,1057,0,0,18626,18626,18626,15002,14489,54150
1,942,941,1791082300464472,1791082300465786,1314,0,1,18935,18935,18935,15172,14625,54085
1,943,942,1791082300514472,1791082300515544,1072,0,2,18682,18682,18682,14928,14569,53285
1,944,943,1791082300564472,1791082300566203,1731,0,3,18826,18826,18826,15031,14627,53285
1,945,944,1791082300614472,1791082300616168,1696,0,4,18604,18604,18604,14703,14530,52035
1,946,945,1791082300664472,1791082300665434,962,0,5,18709,18709,18709,14661,14348,51225
1,947,946,1791082300714472,1791082300716226,1754,0,6,18617,18617,18617,14739,14630,52072
1,948,947,1791082300764472,1791082300766354,1882,0,7,18850,18850,18850,14961,14639,53059
1,949,948,1791082300814472,1791082300816284,1812,0,8,18851,18851,18851,14889,14281,51965
1,950,949,1791082300864472,1791082300866019,1547,0,9,18646,18646,18646,14941,14366,52595
1,951,950,1791082300914472,1791082300915571,1099,0,10,18692,18692,18692,14866,14736,53078
1,952,951,1791082300964472,1791082300965972,1500,0,11,18798,18798,18798,15015,14929,53830
1,953,952,1791082301014472,1791082301015825,1353,0,12,18837,18837,18837,15248,15247,54797
1,954,953,1791082301064472,1791082301065463,991,0,13,18708,18708,18708,15076,14335,53879
1,955,954,1791082301114472,1791082301116347,1875,0,14,18699,18699,18699,15232,15124,55562
1,956,955,1791082301164472,1791082301165916,1444,0,15,18795,18795,18795,15213,14513,54488
1,957,956,1791082301214472,1791082301215994,1522,0,16,18872,18872,18872,15340,15185,56106
1,958,957,1791082301264472,1791082301265932,1460,0,17,18599,18599,18599,15149,14421,54234
1,959,958,1791082301314472,1791082301315750,1278,0,18,18819,18819,18819,15179,14714,54760
1,960,959,1791082301364472,1791082301366063,1591,0,19,18835,18835,18835,15140,14852,54716
1,961,960,1791082301414472,1791082301415762,1290,0,0,18626,18626,18626,15239,15116,55980
1,962,961,1791082301464472,1791082301465559,1087,0,1,18935,18935,18935,15479,14894,56182
1,963,962,1791082301514472,1791082301516346,1874,0,2,18682,18682,18682,15111,14643,54946
1,964,963,1791082301564472,1791082301565964,1492,0,3,18826,18826,18826,15214,15006,55052
1,965,964,1791082301614472,1791082301616431,1959,0,4,18604,18604,18604,15012,14417,53752
1,966,965,1791082301664472,1791082301666171,1699,0,5,18709,18709,18709,14942,14543,53098
1,967,966,1791082301714472,1791082301715972,1500,0,6,18617,18617,18617,14941,14610,53748
1,968,967,1791082301764472,1791082301766099,1627,0,7,18850,18850,18850,15276,15058,55447
1,969,968,1791082301814472,1791082301815747,1275,0,8,18851,18851,18851,15270,14666,54866
1,970,969,1791082301864472,1791082301865853,1381,0,9,18646,18646,18646,15197,14745,55328
1,971,970,1791082301914472,1791082301915970,1498,0,10,18692,18692,18692,15363,14959,56488
1,972,971,1791082301964472,1791082301966145,1673,0,11,18798,18798,18798,15548,15262,57313
1,973,972,1791082302014472,1791082302016278,1806,0,12,18837,18837,18837,15522,15324,57171
1,974,973,1791082302064472,1791082302065761,1289,0,13,18708,18708,18708,15290,14869,55758
1,975,974,1791082302114472,1791082302116151,1679,0,14,18699,18699,18699,15332,15146,56623
1,976,975,1791082302164472,1791082302165896,1424,0,15,18795,18795,18795,15374,14942,56477
1,977,976,1791082302214472,1791082302216272,1800,0,16,18872,18872,18872,15572,15440,57661
1,978,977,1791082302264472,1791082302265861,1389,0,17,18599,18599,18599,15210,14434,55241
1,979,978,1791082302314472,1791082302315949,1477,0,18,18819,18819,18819,15388,15005,56086
1,980,979,1791082302364472,1791082302365991,1519,0,19,18835,18835,18835,15328,14771,55757
1,981,980,1791082302414472,1791082302415650,1178,0,0,18626,18626,18626,15363,14828,56196
1,982,981,1791082302464472,1791082302466441,1969,0,1,18935,18935,18935,15630,14892,56694
1,983,982,1791082302514472,1791082302516356,1884,0,2,18682,18682,18682,15129,15128,55194
1,984,983,1791082302564472,1791082302565793,1321,0,3,18826,18826,18826,15344,14933,55768
1,985,984,1791082302614472,1791082302616421,1949,0,4,18604,18604,18604,15112,14815,54921
1,986,985,1791082302664472,1791082302665451,979,0,5,18709,18709,18709,15241,14736,55139
1,987,986,1791082302714472,1791082302716467,1995,0,6,18617,18617,18617,15189,15152,55880
1,988,987,1791082302764472,1791082302766000,1528,0,7,18850,18850,18850,15354,15116,56205
1,989,988,1791082302814472,1791082302815617,1145,0,8,18851,18851,18851,15511,14984,57048
1,990,989,1791082302864472,1791082302866444,1972,0,9,18646,18646,18646,15478,15306,57220
1,991,990,1791082302914472,1791082302916142,1670,0,10,18692,18692,18692,15321,15009,56754
1,992,991,1791082302964472,1791082302965959,1487,0,11,18798,18798,18798,15681,15564,58750
1,993,992,1791082303014472,1791082303016108,1636,0,12,18837,18837,18837,15580,15236,57977
1,994,993,1791082303064472,1791082303065831,1359,0,13,18708,18708,18708,15562,15233,58433
1,995,994,1791082303114472,1791082303116159,1687,0,14,18699,18699,18699,15587,15137,58397
1,996,995,1791082303164472,1791082303166272,1800,0,15,18795,18795,18795,15698,14997,58160
1,997,996,1791082303214472,1791082303215911,1439,0,16,18872,18872,18872,15835,15163,59357
1,998,997,1791082303264472,1791082303266293,1821,0,17,18599,18599,18599,15480,14826,57406
1,999,998,1791082303314472,1791082303315890,1418,0,18,18819,18819,18819,15607,15202,57879
1,1000,999,1791082303364472,1791082303365767,1295,0,19,18835,18835,18835,15647,15063,58093
1,1001,1000,1791082303414472,1791082303415864,1392,0,0,18626,18626,18626,15588,15059,58270
1,1002,1001,1791082303464472,1791082303465471,999,0,1,18935,18935,18935,15813,15110,58393
1,1003,1002,1791082303514472,1791082303515980,1508,0,2,18682,18682,18682,15536,15439,57954
1,1004,1003,1791082303564472,1791082303566172,1700,0,3,18826,18826,18826,15564,15176,57421
1,1005,1004,1791082303614472,1791082303615888,1416,0,4,18604,18604,18604,15277,14552,55529
1,1006,1005,1791082303664472,1791082303665986,1514,0,5,18709,18709,18709,15230,14727,55513
1,1007,1006,1791082303714472,1791082303716238,1766,0,6,18617,18617,18617,15310,15163,56426
1,1008,1007,1791082303764472,1791082303765804,1332,0,7,18850,18850,18850,15381,15245,56328
1,1009,1008,1791082303814472,1791082303816286,1814,0,8,18851,18851,18851,15445,15126,56459
1,1010,1009,1791082303864472,1791082303866005,1533,0,9,18646,18646,18646,15415,15207,56842
1,1011,1010,1791082303914472,1791082303915862,1390,0,10,18692,18692,18692,15462,14983,57042
1,1012,1011,1791082303964472,1791082303965790,1318,0,11,18798,18798,18798,15702,15265,58481
1,1013,1012,1791082304014472,1791082304015460,988,0,12,18837,18837,18837,15809,15598,59631
1,1014,1013,1791082304064472,1791082304066148,1676,0,13,18708,18708,18708,15532,15075,58310
1,1015,1014,1791082304114472,1791082304116240,1768,0,14,18699,18699,18699,15654,14987,58469
1,1016,1015,1791082304164472,1791082304165438,966,0,15,18795,18795,18795,15625,15005,57984
1,1017,1016,1791082304214472,1791082304215786,1314,0,16,18872,18872,18872,15813,15718,59946
1,1018,1017,1791082304264472,1791082304266488,2016,0,17,18599,18599,18599,15624,14673,57953
1,1019,1018,1791082304314472,1791082304316113,1641,0,18,18819,18819,18819,15724,15068,58839
1,1020,1019,1791082304364472,1791082304365743,1271,0,19,18835,18835,18835,15708,15106,59007
1,1021,1020,1791082304414472,1791082304416323,1851,0,0,18626,18626,18626,15682,15250,59721
1,1022,1021,1791082304464472,1791082304465868,1396,0,1,18935,18935,18935,15961,15268,60017
1,1023,1022,1791082304514472,1791082304515904,1432,0,2,18682,18682,18682,15638,15428,58797
1,1024,1023,1791082304564472,1791082304565979,1507,0,3,18826,18826,18826,15645,15284,58467
1,1025,1024,1791082304614472,1791082304616328,1856,0,4,18604,18604,18604,15398,14699,56992
1,1026,1025,1791082304664472,1791082304666269,1797,0,5,18709,18709,18709,15397,14897,56470
1,1027,1026,1791082304714472,1791082304715813,1341,0,6,18617,18617,18617,15414,15111,56908
1,1028,1027,1791082304764472,1791082304766242,1770,0,7,18850,18850,18850,15395,15180,57136
1,1029,1028,1791082304814472,1791082304816064,1592,0,8,18851,18851,18851,15550,15420,58194
1,1030,1029,1791082304864472,1791082304866080,1608,0,9,18646,18646,18646,15474,15323,57750
1,1031,1030,1791082304914472,1791082304916330,1858,0,10,18692,18692,18692,15619,15469,58607
1,1032,1031,1791082304964472,1791082304965987,1515,0,11,18798,18798,18798,15674,15440,59074
1,1033,1032,1791082305014472,1791082305015989,1517,0,12,18837,18837,18837,15794,15701,59544
1,1034,1033,1791082305064472,1791082305066009,1537,0,13,18708,18708,18708,15483,14932,57384
1,1035,1034,1791082305114472,1791082305115610,1138,0,14,18699,18699,18699,15620,15396,58966
1,1036,1035,1791082305164472,1791082305166201,1729,0,15,18795,18795,18795,15664,14927,57834
1,1037,1036,1791082305214472,1791082305215761,1289,0,16,18872,18872,18872,15778,15542,59512
1,1038,1037,1791082305264472,1791082305265719,1247,0,17,18599,18599,18599,15569,14749,57891
1,1039,1038,1791082305314472,1791082305315938,1466,0,18,18819,18819,18819,15656,15228,58030
1,1040,1039,1791082305364472,1791082305366144,1672,0,19,18835,18835,18835,15616,15457,58493
1,1041,1040,1791082305414472,1791082305415485,1013,0,0,18626,18626,18626,15624,15371,59026
1,1042,1041,1791082305464472,1791082305466083,1611,0,1,18935,18935,18935,15921,15322,59848
1,1043,1042,1791082305514472,1791082305515684,1212,0,2,18682,18682,18682,15542,15531,58635
1,1044,1043,1791082305564472,1791082305565911,1439,0,3,18826,18826,18826,15684,15491,58827
1,1045,1044,1791082305614472,1791082305615487,1015,0,4,18604,18604,18604,15448,14744,56869
1,1046,1045,1791082305664472,1791082305665665,1193,0,5,18709,18709,18709,15431,15400,57650
1,1047,1046,1791082305714472,1791082305716287,1815,0,6,18617,18617,18617,15431,14983,57022
1,1048,1047,1791082305764472,1791082305766522,2050,0,7,18850,18850,18850,15802,15346,59189
1,1049,1048,1791082305814472,1791082305815698,1226,0,8,18851,18851,18851,15604,15035,57539
1,1050,1049,1791082305864472,1791082305866023,1551,0,9,18646,18646,18646,15517,14739,57326
1,1051,1050,1791082305914472,1791082305916305,1833,0,10,18692,18692,18692,15683,15530,59150
1,1052,1051,1791082305964472,1791082305965935,1463,0,11,18798,18798,18798,15801,15540,59350
1,1053,1052,1791082306014472,1791082306016324,1852,0,12,18837,18837,18837,15803,15307,59492
1,1054,1053,1791082306064472,1791082306066394,1922,0,13,18708,18708,18708,15829,15527,60053
1,1055,1054,1791082306114472,1791082306115680,1208,0,14,18699,18699,18699,15850,15537,60184
1,1056,1055,1791082306164472,1791082306165432,960,0,15,18795,18795,18795,15820,15003,59540
1,1057,1056,1791082306214472,1791082306216093,1621,0,16,18872,18872,18872,15953,15214,60788
1,1058,1057,1791082306264472,1791082306265451,979,0,17,18599,18599,18599,15666,15107,58918
1,1059,1058,1791082306314472,1791082306316265,1793,0,18,18819,18819,18819,15768,15265,59239
1,1060,1059,1791082306364472,1791082306365962,1490,0,19,18835,18835,18835,15866,15338,60103
1,1061,1060,1791082306414472,1791082306415669,1197,0,0,18626,18626,18626,15719,15089,60013
1,1062,1061,1791082306464472,1791082306466287,1815,0,1,18935,18935,18935,16047,15762,60880
1,1063,1062,1791082306514472,1791082306515597,1125,0,2,18682,18682,18682,15745,15196,59130
1,1064,1063,1791082306564472,1791082306565716,1244,0,3,18826,18826,18826,15731,15541,59010
1,1065,1064,1791082306614472,1791082306615609,1137,0,4,18604,18604,18604,15581,15391,58469
1,1066,1065,1791082306664472,1791082306665809,1337,0,5,18709,18709,18709,15628,15413,58687
1,1067,1066,1791082306714472,1791082306715716,1244,0,6,18617,18617,18617,15617,15477,59099
1,1068,1067,1791082306764472,1791082306765742,1270,0,7,18850,18850,18850,15795,15651,59486
1,1069,1068,1791082306814472,1791082306815732,1260,0,8,18851,18851,18851,15568,15241,58510
1,1070,1069,1791082306864472,1791082306866191,1719,0,9,18646,18646,18646,15641,15075,58694
1,1071,1070,1791082306914472,1791082306916450,1978,0,10,18692,18692,18692,15671,15384,59599
1,1072,1071,1791082306964472,1791082306965959,1487,0,11,18798,18798,18798,15885,15687,60826
1,1073,1072,1791082307014472,1791082307016402,1930,0,12,18837,18837,18837,15977,15711,61169
1,1074,1073,1791082307064472,1791082307065534,1062,0,13,18708,18708,18708,15753,15227,60010
1,1075,1074,1791082307114472,1791082307115931,1459,0,14,18699,18699,18699,15833,15402,60569
1,1076,1075,1791082307164472,1791082307193676,29204,0,15,18795,18795,18795,15779,14840,59392
1,1077,1076,1791082307214472,1791082307234490,20018,0,16,18872,18872,18872,16057,15639,61670
1,1078,1077,1791082307264472,1791082307279794,15322,0,17,18599,18599,18599,15714,15037,59623
1,1079,1078,1791082307314472,1791082307322397,7925,0,18,18819,18819,18819,15874,15380,59995
1,1080,1079,1791082307364472,1791082307365768,1296,0,19,18835,18835,18835,15936,15136,59891
1,1081,1080,1791082307414472,1791082307416416,1944,0,0,18626,18626,18626,15860,15354,60954
1,1082,1081,1791082307464472,1791082307466263,1791,0,1,18935,18935,18935,15994,15177,60723
1,1083,1082,1791082307514472,1791082307516017,1545,0,2,18682,18682,18682,15736,15274,59583
1,1084,1083,1791082307564472,1791082307566151,1679,0,3,18826,18826,18826,15730,15284,59127
1,1085,1084,1791082307614472,1791082307615940,1468,0,4,18604,18604,18604,15525,15011,58061
1,1086,1085,1791082307664472,1791082307666295,1823,0,5,18709,18709,18709,15580,15170,58049
1,1087,1086,1791082307714472,1791082307715729,1257,0,6,18617,18617,18617,15561,15500,58309
1,1088,1087,1791082307764472,1791082307765983,1511,0,7,18850,18850,18850,15693,15636,58874
1,1089,1088,1791082307814472,1791082307816345,1873,0,8,18851,18851,18851,15720,15289,59036
1,1090,1089,1791082307864472,1791082307865952,1480,0,9,18646,18646,18646,15621,15561,59290
1,1091,1090,1791082307914472,1791082307915618,1146,0,10,18692,18692,18692,15506,15110,58285
1,1092,1091,1791082307964472,1791082307965840,1368,0,11,18798,18798,18798,15648,15318,58383
1,1093,1092,1791082308014472,1791082308016040,1568,0,12,18837,18837,18837,15699,15519,58703
1,1094,1093,1791082308064472,1791082308065809,1337,0,13,18708,18708,18708,15530,15156,57606
1,1095,1094,1791082308114472,1791082308116556,2084,0,14,18699,18699,18699,15664,15252,58465
1,1096,1095,1791082308164472,1791082308167045,2573,0,15,18795,18795,18795,15620,15384,58567
1,1097,1096,1791082308214472,1791082308215957,1485,0,16,18872,18872,18872,15762,15454,59447
1,1098,1097,1791082308264472,1791082308265978,1506,0,17,18599,18599,18599,15594,15452,58385
1,1099,1098,1791082308314472,1791082308315513,1041,0,18,18819,18819,18819,15605,14822,57343
1,1100,1099,1791082308364472,1791082308365659,1187,0,19,18835,18835,18835,15702,15281,58606
1,1101,1100,1791082308414472,1791082308416369,1897,0,0,18626,18626,18626,15605,15069,58639
1,1102,1101,1791082308464472,1791082308466049,1577,0,1,18935,18935,18935,15811,15220,58834
1,1103,1102,1791082308514472,1791082308516059,1587,0,2,18682,18682,18682,15522,15011,57713
1,1104,1103,1791082308564472,1791082308566099,1627,0,3,18826,18826,18826,15482,15181,57248
1,1105,1104,1791082308614472,1791082308616168,1696,0,4,18604,18604,18604,15243,14789,56062
1,1106,1105,1791082308664472,1791082308666093,1621,0,5,18709,18709,18709,15253,14698,55273
1,1107,1106,1791082308714472,1791082308715803,1331,0,6,18617,18617,18617,15241,14769,55976
1,1108,1107,1791082308764472,1791082308765933,1461,0,7,18850,18850,18850,15615,15498,57944
1,1109,1108,1791082308814472,1791082308815671,1199,0,8,18851,18851,18851,15671,15609,58782
1,1110,1109,1791082308864472,1791082308866245,1773,0,9,18646,18646,18646,15489,14722,56565
1,1111,1110,1791082308914472,1791082308915886,1414,0,10,18692,18692,18692,15483,15248,58088
1,1112,1111,1791082308964472,1791082308965723,1251,0,11,18798,18798,18798,15619,15259,57838
1,1113,1112,1791082309014472,1791082309016167,1695,0,12,18837,18837,18837,15558,15043,57208
1,1114,1113,1791082309064472,1791082309065587,1115,0,13,18708,18708,18708,15438,15404,57744
1,1115,1114,1791082309114472,1791082309116444,1972,0,14,18699,18699,18699,15562,15426,57958
1,1116,1115,1791082309164472,1791082309165804,1332,0,15,18795,18795,18795,15495,14914,56975
1,1117,1116,1791082309214472,1791082309215736,1264,0,16,18872,18872,18872,15693,15410,58647
1,1118,1117,1791082309264472,1791082309265906,1434,0,17,18599,18599,18599,15383,14367,55626
1,1119,1118,1791082309314472,1791082309315586,1114,0,18,18819,18819,18819,15461,14818,56161
1,1120,1119,1791082309364472,1791082309365765,1293,0,19,18835,18835,18835,15599,15415,57702
1,1121,1120,1791082309414472,1791082309415786,1314,0,0,18626,18626,18626,15292,15113,56567
1,1122,1121,1791082309464472,1791082309466131,1659,0,1,18935,18935,18935,15536,14796,56550
1,1123,1122,1791082309514472,1791082309516448,1976,0,2,18682,18682,18682,15203,15017,55744
1,1124,1123,1791082309564472,1791082309566047,1575,0,3,18826,18826,18826,15237,15056,55153
1,1125,1124,1791082309614472,1791082309616101,1629,0,4,18604,18604,18604,15142,14360,54122
1,1126,1125,1791082309664472,1791082309665454,982,0,5,18709,18709,18709,15194,15011,55082
1,1127,1126,1791082309714472,1791082309715720,1248,0,6,18617,18617,18617,15187,15152,55374
1,1128,1127,1791082309764472,1791082309765804,1332,0,7,18850,18850,18850,15343,14857,55516
1,1129,1128,1791082309814472,1791082309816505,2033,0,8,18851,18851,18851,15245,14971,55195
1,1130,1129,1791082309864472,1791082309865861,1389,0,9,18646,18646,18646,15175,14525,54798
1,1131,1130,1791082309914472,1791082309915734,1262,0,10,18692,18692,18692,15298,15012,56074
1,1132,1131,1791082309964472,1791082309965941,1469,0,11,18798,18798,18798,15422,14707,56396
1,1133,1132,1791082310014472,1791082310016114,1642,0,12,18837,18837,18837,15329,14998,56081
1,1134,1133,1791082310064472,1791082310065592,1120,0,13,18708,18708,18708,15277,14671,55741
1,1135,1134,1791082310114472,1791082310116248,1776,0,14,18699,18699,18699,15586,15364,58018
1,1136,1135,1791082310164472,1791082310165775,1303,0,15,18795,18795,18795,15456,14401,55761
1,1137,1136,1791082310214472,1791082310215499,1027,0,16,18872,18872,18872,15645,15033,58020
1,1138,1137,1791082310264472,1791082310265549,1077,0,17,18599,18599,18599,15360,14788,56670
1,1139,1138,1791082310314472,1791082310315820,1348,0,18,18819,18819,18819,15447,14933,56153
1,1140,1139,1791082310364472,1791082310365965,1493,0,19,18835,18835,18835,15555,15082,57606
1,1141,1140,1791082310414472,1791082310415997,1525,0,0,18626,18626,18626,15471,14807,57169
1,1142,1141,1791082310464472,1791082310465944,1472,0,1,18935,18935,18935,15646,14769,56710
1,1143,1142,1791082310514472,1791082310516411,1939,0,2,18682,18682,18682,15214,15063,55805
1,1144,1143,1791082310564472,1791082310566010,1538,0,3,18826,18826,18826,15326,15005,55810
1,1145,1144,1791082310614472,1791082310615669,1197,0,4,18604,18604,18604,15133,14879,55202
1,1146,1145,1791082310664472,1791082310665718,1246,0,5,18709,18709,18709,15194,14678,54441
1,1147,1146,1791082310714472,1791082310715706,1234,0,6,18617,18617,18617,15177,14906,55123
1,1148,1147,1791082310764472,1791082310773292,8820,0,7,18850,18850,18850,15224,14765,55110
1,1149,1148,1791082310814472,1791082310825821,11349,0,8,18851,18851,18851,15184,14955,54742
1,1150,1149,1791082310864472,1791082310869911,5439,0,9,18646,18646,18646,15104,14842,54356
1,1151,1150,1791082310914472,1791082310916251,1779,0,10,18692,18692,18692,15187,14864,55190
1,1152,1151,1791082310964472,1791082310965968,1496,0,11,18798,18798,18798,15375,15092,55787
1,1153,1152,1791082311014472,1791082311015971,1499,0,12,18837,18837,18837,15515,15160,56788
1,1154,1153,1791082311064472,1791082311065545,1073,0,13,18708,18708,18708,15407,15157,56813
1,1155,1154,1791082311114472,1791082311116067,1595,0,14,18699,18699,18699,15406,15375,57384
1,1156,1155,1791082311164472,1791082311166186,1714,0,15,18795,18795,18795,15648,15129,58067
1,1157,1156,1791082311214472,1791082311216108,1636,0,16,18872,18872,18872,15662,15324,59165
1,1158,1157,1791082311264472,1791082311265944,1472,0,17,18599,18599,18599,15457,14773,57176
1,1159,1158,1791082311314472,1791082311315669,1197,0,18,18819,18819,18819,15620,15221,57851
1,1160,1159,1791082311364472,1791082311365749,1277,0,19,18835,18835,18835,15706,15006,58042
1,1161,1160,1791082311414472,1791082311415800,1328,0,0,18626,18626,18626,15646,15131,58688
1,1162,1161,1791082311464472,1791082311466124,1652,0,1,18935,18935,18935,15807,15571,58985
1,1163,1162,1791082311514472,1791082311516068,1596,0,2,18682,18682,18682,15508,15250,57550
1,1164,1163,1791082311564472,1791082311565773,1301,0,3,18826,18826,18826,15661,15549,58588
1,1165,1164,1791082311614472,1791082311616102,1630,0,4,18604,18604,18604,15354,15147,57172
1,1166,1165,1791082311664472,1791082311665739,1267,0,5,18709,18709,18709,15451,15151,57367
1,1167,1166,1791082311714472,1791082311715823,1351,0,6,18617,18617,18617,15251,14662,55275
1,1168,1167,1791082311764472,1791082311766142,1670,0,7,18850,18850,18850,15410,15270,56411
1,1169,1168,1791082311814472,1791082311815639,1167,0,8,18851,18851,18851,15284,14507,55098
1,1170,1169,1791082311864472,1791082311865749,1277,0,9,18646,18646,18646,15269,14595,55672
1,1171,1170,1791082311914472,1791082311915899,1427,0,10,18692,18692,18692,15484,15299,56909
1,1172,1171,1791082311964472,1791082311965944,1472,0,11,18798,18798,18798,15413,15138,56767
1,1173,1172,1791082312014472,1791082312015991,1519,0,12,18837,18837,18837,15448,15292,56644
1,1174,1173,1791082312064472,1791082312066449,1977,0,13,18708,18708,18708,15316,14576,55068
1,1175,1174,1791082312114472,1791082312116083,1611,0,14,18699,18699,18699,15206,14536,55120
1,1176,1175,1791082312164472,1791082312165721,1249,0,15,18795,18795,18795,15379,14672,55374
1,1177,1176,1791082312214472,1791082312216395,1923,0,16,18872,18872,18872,15547,15376,57201
1,1178,1177,1791082312264472,1791082312265761,1289,0,17,18599,18599,18599,15158,14860,55289
1,1179,1178,1791082312314472,1791082312315593,1121,0,18,18819,18819,18819,15268,14499,54567
1,1180,1179,1791082312364472,1791082312366109,1637,0,19,18835,18835,18835,15406,14806,56095
1,1181,1180,1791082312414472,1791082312416202,1730,0,0,18626,18626,18626,15334,14759,56030
1,1182,1181,1791082312464472,1791082312465959,1487,0,1,18935,18935,18935,15606,14674,56197
1,1183,1182,1791082312514472,1791082312516115,1643,0,2,18682,18682,18682,15075,14728,55220
1,1184,1183,1791082312564472,1791082312566029,1557,0,3,18826,18826,18826,15081,14646,54501
1,1185,1184,1791082312614472,1791082312616216,1744,0,4,18604,18604,18604,14920,14598,53524
1,1186,1185,1791082312664472,1791082312665496,1024,0,5,18709,18709,18709,14892,14584,53343
1,1187,1186,1791082312714472,1791082312715798,1326,0,6,18617,18617,18617,14873,14564,53358
1,1188,1187,1791082312764472,1791082312766093,1621,0,7,18850,18850,18850,15268,14767,54953
1,1189,1188,1791082312814472,1791082312816063,1591,0,8,18851,18851,18851,15311,14701,55018
1,1190,1189,1791082312864472,1791082312865990,1518,0,9,18646,18646,18646,15229,14698,55295
1,1191,1190,1791082312914472,1791082312915787,1315,0,10,18692,18692,18692,15385,15132,56802
1,1192,1191,1791082312964472,1791082312965896,1424,0,11,18798,18798,18798,15501,15308,57580
1,1193,1192,1791082313014472,1791082313015661,1189,0,12,18837,18837,18837,15557,15347,57680
1,1194,1193,1791082313064472,1791082313066021,1549,0,13,18708,18708,18708,15394,14800,56805
1,1195,1194,1791082313114472,1791082313115771,1299,0,14,18699,18699,18699,15688,15474,58612
1,1196,1195,1791082313164472,1791082313165852,1380,0,15,18795,18795,18795,15603,14986,57478
1,1197,1196,1791082313214472,1791082313215715,1243,0,16,18872,18872,18872,15650,15161,58618
1,1198,1197,1791082313264472,1791082313265706,1234,0,17,18599,18599,18599,15425,14839,56749
1,1199,1198,1791082313314472,1791082313316157,1685,0,18,18819,18819,18819,15512,15209,57039
1,1200,1199,1791082313364472,1791082313366297,1825,0,19,18835,18835,18835,18227,18044,87193
1,1201,1200,1791082313414472,1791082313415497,1025,0,0,18626,18626,18626,18058,17529,85351
1,1202,1201,1791082313464472,1791082313465991,1519,0,1,18935,18935,18935,18347,17929,87106
1,1203,1202,1791082313514472,1791082313515613,1141,0,2,18682,18682,18682,18112,17670,86078
1,1204,1203,1791082313564472,1791082313565909,1437,0,3,18826,18826,18826,18303,17883,86971
1,1205,1204,1791082313614472,1791082313616429,1957,0,4,18604,18604,18604,18022,17742,86006
1,1206,1205,1791082313664472,1791082313665567,1095,0,5,18709,18709,18709,18092,17834,86320
1,1207,1206,1791082313714472,1791082313715763,1291,0,6,18617,18617,18617,18021,18011,86409
1,1208,1207,1791082313764472,1791082313765999,1527,0,7,18850,18850,18850,18245,17681,86104
1,1209,1208,1791082313814472,1791082313815588,1116,0,8,18851,18851,18851,18242,18052,87089
1,1210,1209,1791082313864472,1791082313865985,1513,0,9,18646,18646,18646,18051,17532,85396
1,1211,1210,1791082313914472,1791082313916110,1638,0,10,18692,18692,18692,18104,18024,86602
1,1212,1211,1791082313964472,1791082313965765,1293,0,11,18798,18798,18798,18152,17847,86493
1,1213,1212,1791082314014472,1791082314015461,989,0,12,18837,18837,18837,18292,17791,86541
1,1214,1213,1791082314064472,1791082314066066,1594,0,13,18708,18708,18708,18110,17745,86198
1,1215,1214,1791082314114472,1791082314115673,1201,0,14,18699,18699,18699,18131,18096,86934
1,1216,1215,1791082314164472,1791082314165989,1517,0,15,18795,18795,18795,18235,17909,86846
1,1217,1216,1791082314214472,1791082314215944,1472,0,16,18872,18872,18872,18240,17740,86422
1,1218,1217,1791082314264472,1791082314265632,1160,0,17,18599,18599,18599,18023,17617,85661
1,1219,1218,1791082314314472,1791082314316151,1679,0,18,18819,18819,18819,18220,17995,86976
1,1220,1219,1791082314364472,1791082314366174,1702,0,19,18835,18835,18835,18245,18061,87381
1,1221,1220,1791082314414472,1791082314415995,1523,0,0,18626,18626,18626,18011,17477,85249
1,1222,1221,1791082314464472,1791082314466340,1868,0,1,18935,18935,18935,18331,17887,87083
1,1223,1222,1791082314514472,1791082314516333,1861,0,2,18682,18682,18682,18148,17690,86158
1,1224,1223,1791082314564472,1791082314565975,1503,0,3,18826,18826,18826,18260,17739,86440
1,1225,1224,1791082314614472,1791082314615989,1517,0,4,18604,18604,18604,18041,17906,86350
1,1226,1225,1791082314664472,1791082314665740,1268,0,5,18709,18709,18709,18143,17977,86705
1,1227,1226,1791082314714472,1791082314716488,2016,0,6,18617,18617,18617,18039,17844,86174
1,1228,1227,1791082314764472,1791082314765975,1503,0,7,18850,18850,18850,18276,17761,86549
1,1229,1228,1791082314814472,1791082314816221,1749,0,8,18851,18851,18851,18239,18001,87006
1,1230,1229,1791082314864472,1791082314865843,1371,0,9,18646,18646,18646,18112,17533,85408
1,1231,1230,1791082314914472,1791082314916126,1654,0,10,18692,18692,18692,18150,18042,86787
1,1232,1231,1791082314964472,1791082314965895,1423,0,11,18798,18798,18798,18260,17885,86658
1,1233,1232,1791082315014472,1791082315015893,1421,0,12,18837,18837,18837,18267,17688,86214
1,1234,1233,1791082315064472,1791082315066374,1902,0,13,18708,18708,18708,18108,17691,86008
1,1235,1234,1791082315114472,1791082315115991,1519,0,14,18699,18699,18699,18089,17974,86733
1,1236,1235,1791082315164472,1791082315166142,1670,0,15,18795,18795,18795,18180,17981,86796
1,1237,1236,1791082315214472,1791082315215511,1039,0,16,18872,18872,18872,18280,17759,86454
1,1238,1237,1791082315264472,1791082315265521,1049,0,17,18599,18599,18599,17994,17600,85471
1,1239,1238,1791082315314472,1791082315315730,1258,0,18,18819,18819,18819,18233,18085,87081
1,1240,1239,1791082315364472,1791082315366010,1538,0,19,18835,18835,18835,18295,18085,87346
1,1241,1240,1791082315414472,1791082315415670,1198,0,0,18626,18626,18626,18045,17586,85583
1,1242,1241,1791082315464472,1791082315465892,1420,0,1,18935,18935,18935,18314,17830,86748
1,1243,1242,1791082315514472,1791082315516616,2144,0,2,18682,18682,18682,18114,17691,86248
1,1244,1243,1791082315564472,1791082315566229,1757,0,3,18826,18826,18826,18282,17808,86728
1,1245,1244,1791082315614472,1791082315616476,2004,0,4,18604,18604,18604,18033,17866,86333
1,1246,1245,1791082315664472,1791082315666249,1777,0,5,18709,18709,18709,18105,18004,86905
1,1247,1246,1791082315714472,1791082315715477,1005,0,6,18617,18617,18617,18042,17827,86098
1,1248,1247,1791082315764472,1791082315765942,1470,0,7,18850,18850,18850,18237,17743,86519
1,1249,1248,1791082315814472,1791082315816423,1951,0,8,18851,18851,18851,18268,18004,87109
1,1250,1249,1791082315864472,1791082315865662,1190,0,9,18646,18646,18646,18050,17549,85567
1,1251,1250,1791082315914472,1791082315916150,1678,0,10,18692,18692,18692,18079,18003,86723
1,1252,1251,1791082315964472,1791082315965820,1348,0,11,18798,18798,18798,18143,17853,86704
1,1253,1252,1791082316014472,1791082316016444,1972,0,12,18837,18837,18837,18255,17793,86438
1,1254,1253,1791082316064472,1791082316066279,1807,0,13,18708,18708,18708,18111,17731,86117
1,1255,1254,1791082316114472,1791082316116213,1741,0,14,18699,18699,18699,18097,17996,86749
1,1256,1255,1791082316164472,1791082316165756,1284,0,15,18795,18795,18795,18220,18048,87169
1,1257,1256,1791082316214472,1791082316215440,968,0,16,18872,18872,18872,18289,17821,86758
1,1258,1257,1791082316264472,1791082316265802,1330,0,17,18599,18599,18599,18037,17625,85590
1,1259,1258,1791082316314472,1791082316316449,1977,0,18,18819,18819,18819,18194,17998,86809
1,1260,1259,1791082316364472,1791082316366094,1622,0,19,18835,18835,18835,18254,18121,87339
1,1261,1260,1791082316414472,1791082316416443,1971,0,0,18626,18626,18626,18041,17524,85463
1,1262,1261,1791082316464472,1791082316466012,1540,0,1,18935,18935,18935,18318,17869,86845
1,1263,1262,1791082316514472,1791082316515744,1272,0,2,18682,18682,18682,18115,17723,86292
1,1264,1263,1791082316564472,1791082316565887,1415,0,3,18826,18826,18826,18253,17738,86534
1,1265,1264,1791082316614472,1791082316616313,1841,0,4,18604,18604,18604,18019,17761,85871
1,1266,1265,1791082316664472,1791082316665763,1291,0,5,18709,18709,18709,18131,18086,86920
1,1267,1266,1791082316714472,1791082316715661,1189,0,6,18617,18617,18617,18001,17711,85740
1,1268,1267,1791082316764472,1791082316766103,1631,0,7,18850,18850,18850,18233,17734,86481
1,1269,1268,1791082316814472,1791082316815485,1013,0,8,18851,18851,18851,18268,18092,87362
1,1270,1269,1791082316864472,1791082316865976,1504,0,9,18646,18646,18646,18060,17507,85286
1,1271,1270,1791082316914472,1791082316915462,990,0,10,18692,18692,18692,18129,18072,86762
1,1272,1271,1791082316964472,1791082316966142,1670,0,11,18798,18798,18798,18199,17959,86785
1,1273,1272,1791082317014472,1791082317016364,1892,0,12,18837,18837,18837,18245,17705,86218
1,1274,1273,1791082317064472,1791082317065520,1048,0,13,18708,18708,18708,18108,17657,85795
1,1275,1274,1791082317114472,1791082317116258,1786,0,14,18699,18699,18699,18104,18047,86812
1,1276,1275,1791082317164472,1791082317166113,1641,0,15,18795,18795,18795,18173,18001,86816
1,1277,1276,1791082317214472,1791082317215841,1369,0,16,18872,18872,18872,18258,17749,86420
1,1278,1277,1791082317264472,1791082317265652,1180,0,17,18599,18599,18599,18014,17611,85622
1,1279,1278,1791082317314472,1791082317316283,1811,0,18,18819,18819,18819,18173,17951,86800
1,1280,1279,1791082317364472,1791082317365783,1311,0,19,18835,18835,18835,18229,17995,87182
1,1281,1280,1791082317414472,1791082317415734,1262,0,0,18626,18626,18626,18030,17521,85377
1,1282,1281,1791082317464472,1791082317466208,1736,0,1,18935,18935,18935,18302,17867,86943
1,1283,1282,1791082317514472,1791082317515435,963,0,2,18682,18682,18682,18159,17714,86223
1,1284,1283,1791082317564472,1791082317566238,1766,0,3,18826,18826,18826,18238,17755,86508
1,1285,1284,1791082317614472,1791082317616022,1550,0,4,18604,18604,18604,18056,17934,86295
1,1286,1285,1791082317664472,1791082317665988,1516,0,5,18709,18709,18709,18122,18014,86596
1,1287,1286,1791082317714472,1791082317716374,1902,0,6,18617,18617,18617,17997,17779,85950
1,1288,1287,1791082317764472,1791082317766083,1611,0,7,18850,18850,18850,18288,17743,86405
1,1289,1288,1791082317814472,1791082317815703,1231,0,8,18851,18851,18851,18263,18163,87422
1,1290,1289,1791082317864472,1791082317865624,1152,0,9,18646,18646,18646,18066,17520,85402
1,1291,1290,1791082317914472,1791082317915484,1012,0,10,18692,18692,18692,18111,17957,86566
1,1292,1291,1791082317964472,1791082317965759,1287,0,11,18798,18798,18798,18126,17850,86466
1,1293,1292,1791082318014472,1791082318041964,27492,0,12,18837,18837,18837,18243,17788,86428
1,1294,1293,1791082318064472,1791082318087200,22728,0,13,18708,18708,18708,18124,17738,86079
1,1295,1294,1791082318114472,1791082318132100,17628,0,14,18699,18699,18699,18127,18002,86766
1,1296,1295,1791082318164472,1791082318177649,13177,0,15,18795,18795,18795,18223,17993,87015
1,1297,1296,1791082318214472,1791082318226517,12045,0,16,18872,18872,18872,18271,17707,86331
1,1298,1297,1791082318264472,1791082318274355,9883,0,17,18599,18599,18599,17974,17655,85480
1,1299,1298,1791082318314472,1791082318319683,5211,0,18,18819,18819,18819,18229,18146,87084
1,1300,1299,1791082318364472,1791082318365806,1334,0,19,18835,18835,18835,18263,18185,87345
1,1301,1300,1791082318414472,1791082318416084,1612,0,0,18626,18626,18626,18003,17565,85489
1,1302,1301,1791082318464472,1791082318466488,2016,0,1,18935,18935,18935,18338,17843,86672
1,1303,1302,1791082318514472,1791082318515773,1301,0,2,18682,18682,18682,18098,17643,85918
1,1304,1303,1791082318564472,1791082318565748,1276,0,3,18826,18826,18826,18261,17747,86527
1,1305,1304,1791082318614472,1791082318616626,2154,0,4,18604,18604,18604,18073,18009,86247
1,1306,1305,1791082318664472,1791082318665992,1520,0,5,18709,18709,18709,18148,17964,86688
1,1307,1306,1791082318714472,1791082318715989,1517,0,6,18617,18617,18617,18021,17768,85916
1,1308,1307,1791082318764472,1791082318765961,1489,0,7,18850,18850,18850,18280,17748,86470
1,1309,1308,1791082318814472,1791082318816294,1822,0,8,18851,18851,18851,18266,18121,87242
1,1310,1309,1791082318864472,1791082318866046,1574,0,9,18646,18646,18646,18045,17459,85241
1,1311,1310,1791082318914472,1791082318916347,1875,0,10,18692,18692,18692,18096,17978,86591
1,1312,1311,1791082318964472,1791082318965869,1397,0,11,18798,18798,18798,18204,17828,86474
1,1313,1312,1791082319014472,1791082319016342,1870,0,12,18837,18837,18837,18259,17761,86412
1,1314,1313,1791082319064472,1791082319065558,1086,0,13,18708,18708,18708,18117,17688,85941
1,1315,1314,1791082319114472,1791082319115990,1518,0,14,18699,18699,18699,18144,18024,86886
1,1316,1315,1791082319164472,1791082319165931,1459,0,15,18795,18795,18795,18222,18043,87219
1,1317,1316,1791082319214472,1791082319215851,1379,0,16,18872,18872,18872,18227,17582,85681
1,1318,1317,1791082319264472,1791082319266300,1828,0,17,18599,18599,18599,17982,17591,85360
1,1319,1318,1791082319314472,1791082319315619,1147,0,18,18819,18819,18819,18237,18226,87217
1,1320,1319,1791082319364472,1791082319365799,1327,0,19,18835,18835,18835,18198,18103,87101
1,1321,1320,1791082319414472,1791082319416437,1965,0,0,18626,18626,18626,18007,17545,85383
1,1322,1321,1791082319464472,1791082319465694,1222,0,1,18935,18935,18935,18337,17813,86676
1,1323,1322,1791082319514472,1791082319515986,1514,0,2,18682,18682,18682,18077,17500,85396
1,1324,1323,1791082319564472,1791082319565760,1288,0,3,18826,18826,18826,18227,17725,86352
1,1325,1324,1791082319614472,1791082319616450,1978,0,4,18604,18604,18604,18020,17925,86085
1,1326,1325,1791082319664472,1791082319665910,1438,0,5,18709,18709,18709,18106,17821,86253
1,1327,1326,1791082319714472,1791082319716120,1648,0,6,18617,18617,18617,18038,17806,86085
1,1328,1327,1791082319764472,1791082319766048,1576,0,7,18850,18850,18850,18282,17750,86639
1,1329,1328,1791082319814472,1791082319816422,1950,0,8,18851,18851,18851,18239,17949,87047
1,1330,1329,1791082319864472,1791082319865726,1254,0,9,18646,18646,18646,18009,17432,84916
1,1331,1330,1791082319914472,1791082319916425,1953,0,10,18692,18692,18692,18082,17943,86349
1,1332,1331,1791082319964472,1791082319965748,1276,0,11,18798,18798,18798,18174,17915,86737
1,1333,1332,1791082320014472,1791082320016246,1774,0,12,18837,18837,18837,18233,17683,86063
1,1334,1333,1791082320064472,1791082320066005,1533,0,13,18708,18708,18708,18100,17657,85832
1,1335,1334,1791082320114472,1791082320115992,1520,0,14,18699,18699,18699,18098,17755,86043
1,1336,1335,1791082320164472,1791082320166024,1552,0,15,18795,18795,18795,18223,17924,86734
1,1337,1336,1791082320214472,1791082320215817,1345,0,16,18872,18872,18872,18185,17560,85585
1,1338,1337,1791082320264472,1791082320266122,1650,0,17,18599,18599,18599,17986,17737,85596
1,1339,1338,1791082320314472,1791082320315994,1522,0,18,18819,18819,18819,18191,18027,86900
1,1340,1339,1791082320364472,1791082320365954,1482,0,19,18835,18835,18835,18145,17948,86656
1,1341,1340,1791082320414472,1791082320415946,1474,0,0,18626,18626,18626,17923,17465,85068
1,1342,1341,1791082320464472,1791082320466174,1702,0,1,18935,18935,18935,18303,17732,86390
1,1343,1342,1791082320514472,1791082320515442,970,0,2,18682,18682,18682,18107,17598,85773
1,1344,1343,1791082320564472,1791082320566262,1790,0,3,18826,18826,18826,18180,17677,86266
1,1345,1344,1791082320614472,1791082320616016,1544,0,4,18604,18604,18604,17984,17856,85936
1,1346,1345,1791082320664472,1791082320665951,1479,0,5,18709,18709,18709,18073,17689,85797
1,1347,1346,1791082320714472,1791082320715735,1263,0,6,18617,18617,18617,18008,17895,86203
1,1348,1347,1791082320764472,1791082320765937,1465,0,7,18850,18850,18850,18234,17704,86311
1,1349,1348,1791082320814472,1791082320815480,1008,0,8,18851,18851,18851,18259,17917,86849
1,1350,1349,1791082320864472,1791082320866400,1928,0,9,18646,18646,18646,18039,17316,84535
1,1351,1350,1791082320914472,1791082320915946,1474,0,10,18692,18692,18692,18025,17978,86246
1,1352,1351,1791082320964472,1791082320965938,1466,0,11,18798,18798,18798,18215,18167,87198
1,1353,1352,1791082321014472,1791082321016209,1737,0,12,18837,18837,18837,18228,17622,85806
1,1354,1353,1791082321064472,1791082321065672,1200,0,13,18708,18708,18708,18067,17558,85381
1,1355,1354,1791082321114472,1791082321116496,2024,0,14,18699,18699,18699,18035,17569,85349
1,1356,1355,1791082321164472,1791082321165760,1288,0,15,18795,18795,18795,18162,17783,86325
1,1357,1356,1791082321214472,1791082321216115,1643,0,16,18872,18872,18872,18095,17340,84688
1,1358,1357,1791082321264472,1791082321266445,1973,0,17,18599,18599,18599,17937,17588,85139
1,1359,1358,1791082321314472,1791082321315519,1047,0,18,18819,18819,18819,18156,17715,85959
1,1360,1359,1791082321364472,1791082321365771,1299,0,19,18835,18835,18835,18127,17934,86561
1,1361,1360,1791082321414472,1791082321416213,1741,0,0,18626,18626,18626,17934,17592,85207
1,1362,1361,1791082321464472,1791082321465595,1123,0,1,18935,18935,18935,18286,17648,85991
1,1363,1362,1791082321514472,1791082321515493,1021,0,2,18682,18682,18682,18025,17518,85311
1,1364,1363,1791082321564472,1791082321565938,1466,0,3,18826,18826,18826,18221,17776,86450
1,1365,1364,1791082321614472,1791082321616159,1687,0,4,18604,18604,18604,17959,17909,85763
1,1366,1365,1791082321664472,1791082321676568,12096,0,5,18709,18709,18709,18030,17757,85911
1,1367,1366,1791082321714472,1791082321727761,13289,0,6,18617,18617,18617,17996,17945,86217
1,1368,1367,1791082321764472,1791082321780527,16055,0,7,18850,18850,18850,18232,17646,86054
1,1369,1368,1791082321814472,1791082321822346,7874,0,8,18851,18851,18851,18242,17807,86611
1,1370,1369,1791082321864472,1791082321868165,3693,0,9,18646,18646,18646,17974,17202,83997
1,1371,1370,1791082321914472,1791082321915689,1217,0,10,18692,18692,18692,18042,17819,85964
1,1372,1371,1791082321964472,1791082321965768,1296,0,11,18798,18798,18798,18133,18035,86647
1,1373,1372,1791082322014472,1791082322016483,2011,0,12,18837,18837,18837,18212,17522,85434
1,1374,1373,1791082322064472,1791082322066454,1982,0,13,18708,18708,18708,18012,17443,85001
1,1375,1374,1791082322114472,1791082322116415,1943,0,14,18699,18699,18699,17969,17476,84950
1,1376,1375,1791082322164472,1791082322165859,1387,0,15,18795,18795,18795,18149,17718,86064
1,1377,1376,1791082322214472,1791082322216162,1690,0,16,18872,18872,18872,18101,17360,84552
1,1378,1377,1791082322264472,1791082322266486,2014,0,17,18599,18599,18599,17897,17561,84778
1,1379,1378,1791082322314472,1791082322315758,1286,0,18,18819,18819,18819,18110,17687,85837
1,1380,1379,1791082322364472,1791082322366262,1790,0,19,18835,18835,18835,18103,17784,86205
1,1381,1380,1791082322414472,1791082322415759,1287,0,0,18626,18626,18626,17853,17583,84965
1,1382,1381,1791082322464472,1791082322466420,1948,0,1,18935,18935,18935,18214,17638,85920
1,1383,1382,1791082322514472,1791082322516495,2023,0,2,18682,18682,18682,17989,17529,85408
1,1384,1383,1791082322564472,1791082322566673,2201,0,3,18826,18826,18826,18148,17798,86292
1,1385,1384,1791082322614472,1791082322616226,1754,0,4,18604,18604,18604,17947,17754,85626
1,1386,1385,1791082322664472,1791082322665902,1430,0,5,18709,18709,18709,18077,17726,85743
1,1387,1386,1791082322714472,1791082322715915,1443,0,6,18617,18617,18617,17944,17780,85686
1,1388,1387,1791082322764472,1791082322766012,1540,0,7,18850,18850,18850,18179,17573,85619
1,1389,1388,1791082322814472,1791082322816382,1910,0,8,18851,18851,18851,18211,17801,86572
1,1390,1389,1791082322864472,1791082322866326,1854,0,9,18646,18646,18646,17962,17189,83981
1,1391,1390,1791082322914472,1791082322915794,1322,0,10,18692,18692,18692,18011,17721,85569
1,1392,1391,1791082322964472,1791082322965845,1373,0,11,18798,18798,18798,18077,17776,86098
1,1393,1392,1791082323014472,1791082323016159,1687,0,12,18837,18837,18837,18140,17499,85312
1,1394,1393,1791082323064472,1791082323066016,1544,0,13,18708,18708,18708,17939,17399,84706
1,1395,1394,1791082323114472,1791082323115565,1093,0,14,18699,18699,18699,17944,17350,84307
1,1396,1395,1791082323164472,1791082323166351,1879,0,15,18795,18795,18795,18062,17571,85406
1,1397,1396,1791082323214472,1791082323215983,1511,0,16,18872,18872,18872,18035,17288,84312
1,1398,1397,1791082323264472,1791082323266434,1962,0,17,18599,18599,18599,17885,17671,85166
1,1399,1398,1791082323314472,1791082323315467,995,0,18,18819,18819,18819,18090,17611,85552
1,1400,1399,1791082323364472,1791082323365961,1489,0,19,18835,18835,18835,18093,17672,85578
1,1401,1400,1791082323414472,1791082323415932,1460,0,0,18626,18626,18626,17852,17608,84955
1,1402,1401,1791082323464472,1791082323465996,1524,0,1,18935,18935,18935,18206,17623,85652
1,1403,1402,1791082323514472,1791082323516266,1794,0,2,18682,18682,18682,17955,17357,84559
1,1404,1403,1791082323564472,1791082323565840,1368,0,3,18826,18826,18826,18088,17784,86066
1,1405,1404,1791082323614472,1791082323616274,1802,0,4,18604,18604,18604,17908,17607,85088
1,1406,1405,1791082323664472,1791082323666175,1703,0,5,18709,18709,18709,18018,17621,85377
1,1407,1406,1791082323714472,1791082323715899,1427,0,6,18617,18617,18617,17906,17884,85571
1,1408,1407,1791082323764472,1791082323765965,1493,0,7,18850,18850,18850,18137,17542,85368
1,1409,1408,1791082323814472,1791082323816094,1622,0,8,18851,18851,18851,18192,17635,85937
1,1410,1409,1791082323864472,1791082323866067,1595,0,9,18646,18646,18646,17938,17117,83428
1,1411,1410,1791082323914472,1791082323915728,1256,0,10,18692,18692,18692,17916,17796,85611
1,1412,1411,1791082323964472,1791082323965862,1390,0,11,18798,18798,18798,18028,17723,85810
1,1413,1412,1791082324014472,1791082324016404,1932,0,12,18837,18837,18837,18077,17389,84743
1,1414,1413,1791082324064472,1791082324066372,1900,0,13,18708,18708,18708,17892,17266,84182
1,1415,1414,1791082324114472,1791082324116003,1531,0,14,18699,18699,18699,17829,17145,83516
1,1416,1415,1791082324164472,1791082324166141,1669,0,15,18795,18795,18795,18003,17378,84627
1,1417,1416,1791082324214472,1791082324215633,1161,0,16,18872,18872,18872,17978,17203,83918
1,1418,1417,1791082324264472,1791082324266199,1727,0,17,18599,18599,18599,17789,17617,84853
1,1419,1418,1791082324314472,1791082324315722,1250,0,18,18819,18819,18819,18048,17570,85250
1,1420,1419,1791082324364472,1791082324366033,1561,0,19,18835,18835,18835,17992,17521,85067
1,1421,1420,1791082324414472,1791082324416141,1669,0,0,18626,18626,18626,17766,17657,84700
1,1422,1421,1791082324464472,1791082324465876,1404,0,1,18935,18935,18935,18098,17501,85179
1,1423,1422,1791082324514472,1791082324515963,1491,0,2,18682,18682,18682,17917,17270,84174
1,1424,1423,1791082324564472,1791082324566247,1775,0,3,18826,18826,18826,18028,17775,85833
1,1425,1424,1791082324614472,1791082324615464,992,0,4,18604,18604,18604,17802,17488,84600
1,1426,1425,1791082324664472,1791082324666414,1942,0,5,18709,18709,18709,18001,17670,85470
1,1427,1426,1791082324714472,1791082324716378,1906,0,6,18617,18617,18617,17860,17711,85092
1,1428,1427,1791082324764472,1791082324765985,1513,0,7,18850,18850,18850,18082,17455,84906
1,1429,1428,1791082324814472,1791082324816309,1837,0,8,18851,18851,18851,18118,17637,85686
1,1430,1429,1791082324864472,1791082324866442,1970,0,9,18646,18646,18646,17871,17047,83120
1,1431,1430,1791082324914472,1791082324916333,1861,0,10,18692,18692,18692,17879,17858,85453
1,1432,1431,1791082324964472,1791082324965946,1474,0,11,18798,18798,18798,17944,17652,85261
1,1433,1432,1791082325014472,1791082325016485,2013,0,12,18837,18837,18837,17996,17365,84593
1,1434,1433,1791082325064472,1791082325066479,2007,0,13,18708,18708,18708,17877,17382,84356
1,1435,1434,1791082325114472,1791082325115706,1234,0,14,18699,18699,18699,17766,17167,83325
1,1436,1435,1791082325164472,1791082325165486,1014,0,15,18795,18795,18795,17940,17327,84252
1,1437,1436,1791082325214472,1791082325216240,1768,0,16,18872,18872,18872,17875,17202,83724
1,1438,1437,1791082325264472,1791082325265704,1232,0,17,18599,18599,18599,17710,17560,84278
1,1439,1438,1791082325314472,1791082325316080,1608,0,18,18819,18819,18819,17969,17426,84682
1,1440,1439,1791082325364472,1791082325366026,1554,0,19,18835,18835,18835,17955,17555,84933
1,1441,1440,1791082325414472,1791082325415767,1295,0,0,18626,18626,18626,17656,17322,83729
1,1442,1441,1791082325464472,1791082325465742,1270,0,1,18935,18935,18935,17968,17466,84698
1,1443,1442,1791082325514472,1791082325516289,1817,0,2,18682,18682,18682,17795,17241,83862
1,1444,1443,1791082325564472,1791082325565744,1272,0,3,18826,18826,18826,18008,17742,85638
1,1445,1444,1791082325614472,1791082325616478,2006,0,4,18604,18604,18604,17823,17513,84590
1,1446,1445,1791082325664472,1791082325665886,1414,0,5,18709,18709,18709,17882,17622,84912
1,1447,1446,1791082325714472,1791082325715638,1166,0,6,18617,18617,18617,17829,17730,85048
1,1448,1447,1791082325764472,1791082325766096,1624,0,7,18850,18850,18850,18008,17445,84860
1,1449,1448,1791082325814472,1791082325816012,1540,0,8,18851,18851,18851,18056,17545,85179
1,1450,1449,1791082325864472,1791082325865659,1187,0,9,18646,18646,18646,17774,16983,82758
1,1451,1450,1791082325914472,1791082325915748,1276,0,10,18692,18692,18692,17747,17651,84685
1,1452,1451,1791082325964472,1791082325965748,1276,0,11,18798,18798,18798,17838,17544,84827
1,1453,1452,1791082326014472,1791082326015914,1442,0,12,18837,18837,18837,17925,17309,84183
1,1454,1453,1791082326064472,1791082326065992,1520,0,13,18708,18708,18708,17776,17394,84222
1,1455,1454,1791082326114472,1791082326116153,1681,0,14,18699,18699,18699,17675,17222,83345
1,1456,1455,1791082326164472,1791082326166437,1965,0,15,18795,18795,18795,17822,17302,84035
1,1457,1456,1791082326214472,1791082326216450,1978,0,16,18872,18872,18872,17740,17111,83252
1,1458,1457,1791082326264472,1791082326265673,1201,0,17,18599,18599,18599,17604,17313,83386
1,1459,1458,1791082326314472,1791082326315899,1427,0,18,18819,18819,18819,17909,17419,84483
1,1460,1459,1791082326364472,1791082326366037,1565,0,19,18835,18835,18835,17800,17408,84276
1,1461,1460,1791082326414472,1791082326415474,1002,0,0,18626,18626,18626,17573,17236,83337
1,1462,1461,1791082326464472,1791082326466439,1967,0,1,18935,18935,18935,17877,17456,84464
1,1463,1462,1791082326514472,1791082326516440,1968,0,2,18682,18682,18682,17698,17152,83460
1,1464,1463,1791082326564472,1791082326566135,1663,0,3,18826,18826,18826,17927,17624,85295
1,1465,1464,1791082326614472,1791082326615642,1170,0,4,18604,18604,18604,17771,17533,84347
1,1466,1465,1791082326664472,1791082326666201,1729,0,5,18709,18709,18709,17817,17453,84406
1,1467,1466,1791082326714472,1791082326715501,1029,0,6,18617,18617,18617,17733,17484,84157
1,1468,1467,1791082326764472,1791082326765978,1506,0,7,18850,18850,18850,17952,17428,84482
1,1469,1468,1791082326814472,1791082326815488,1016,0,8,18851,18851,18851,17935,17392,84450
1,1470,1469,1791082326864472,1791082326865625,1153,0,9,18646,18646,18646,17692,16971,82572
1,1471,1470,1791082326914472,1791082326915986,1514,0,10,18692,18692,18692,17649,17378,83858
1,1472,1471,1791082326964472,1791082326965833,1361,0,11,18798,18798,18798,17719,17705,84532
1,1473,1472,1791082327014472,1791082327015530,1058,0,12,18837,18837,18837,17799,17348,84178
1,1474,1473,1791082327064472,1791082327066033,1561,0,13,18708,18708,18708,17651,17339,83829
1,1475,1474,1791082327114472,1791082327115730,1258,0,14,18699,18699,18699,17498,17241,83117
1,1476,1475,1791082327164472,1791082327165740,1268,0,15,18795,18795,18795,17709,17262,83705
1,1477,1476,1791082327214472,1791082327215971,1499,0,16,18872,18872,18872,17635,17060,83044
1,1478,1477,1791082327264472,1791082327266711,2239,0,17,18599,18599,18599,17467,17160,82753
1,1479,1478,1791082327314472,1791082327315661,1189,0,18,18819,18819,18819,17836,17485,84485
1,1480,1479,1791082327364472,1791082327366090,1618,0,19,18835,18835,18835,17672,17486,84004
1,1481,1480,1791082327414472,1791082327415562,1090,0,0,18626,18626,18626,17425,16960,82304
1,1482,1481,1791082327464472,1791082327466118,1646,0,1,18935,18935,18935,17677,17420,83960
1,1483,1482,1791082327514472,1791082327515482,1010,0,2,18682,18682,18682,17554,17115,83020
1,1484,1483,1791082327564472,1791082327565968,1496,0,3,18826,18826,18826,17782,17347,83970
1,1485,1484,1791082327614472,1791082327615985,1513,0,4,18604,18604,18604,17625,17452,83710
1,1486,1485,1791082327664472,1791082327666498,2026,0,5,18709,18709,18709,17678,17659,84328
1,1487,1486,1791082327714472,1791082327715822,1350,0,6,18617,18617,18617,17614,17513,83850
1,1488,1487,1791082327764472,1791082327765859,1387,0,7,18850,18850,18850,17781,17439,84250
1,1489,1488,1791082327814472,1791082327815561,1089,0,8,18851,18851,18851,17814,17400,84303
1,1490,1489,1791082327864472,1791082327865468,996,0,9,18646,18646,18646,17523,16839,82029
1,1491,1490,1791082327914472,1791082327915622,1150,0,10,18692,18692,18692,17540,17212,83205
1,1492,1491,1791082327964472,1791082327966423,1951,0,11,18798,18798,18798,17581,17452,83821
1,1493,1492,1791082328014472,1791082328016149,1677,0,12,18837,18837,18837,17746,17283,83816
1,1494,1493,1791082328064472,1791082328065632,1160,0,13,18708,18708,18708,17541,17248,83274
1,1495,1494,1791082328114472,1791082328116243,1771,0,14,18699,18699,18699,17402,17251,82767
1,1496,1495,1791082328164472,1791082328165511,1039,0,15,18795,18795,18795,17573,17310,83556
1,1497,1496,1791082328214472,1791082328215846,1374,0,16,18872,18872,18872,17484,16997,82442
1,1498,1497,1791082328264472,1791082328265476,1004,0,17,18599,18599,18599,17340,16799,81485
1,1499,1498,1791082328314472,1791082328315697,1225,0,18,18819,18819,18819,17638,17287,83540
1,1500,1499,1791082328364472,1791082328365885,1413,0,19,18835,18835,18835,17541,17420,83466
1,1501,1500,1791082328414472,1791082328416045,1573,0,0,18626,18626,18626,17305,16766,81282
1,1502,1501,1791082328464472,1791082328465985,1513,0,1,18935,18935,18935,17562,17384,83456
1,1503,1502,1791082328514472,1791082328515668,1196,0,2,18682,18682,18682,17435,17237,83013
1,1504,1503,1791082328564472,1791082328565882,1410,0,3,18826,18826,18826,17676,17105,83117
1,1505,1504,1791082328614472,1791082328616343,1871,0,4,18604,18604,18604,17464,17069,82492
1,1506,1505,1791082328664472,1791082328665727,1255,0,5,18709,18709,18709,17575,17367,83458
1,1507,1506,1791082328714472,1791082328715956,1484,0,6,18617,18617,18617,17461,17240,82862
1,1508,1507,1791082328764472,1791082328765787,1315,0,7,18850,18850,18850,17594,17345,83554
1,1509,1508,1791082328814472,1791082328815780,1308,0,8,18851,18851,18851,17631,17373,83885
1,1510,1509,1791082328864472,1791082328892664,28192,0,9,18646,18646,18646,17351,16806,81518
1,1511,1510,1791082328914472,1791082328932008,17536,0,10,18692,18692,18692,17384,16977,82078
1,1512,1511,1791082328964472,1791082328975014,10542,0,11,18798,18798,18798,17435,17092,82524
1,1513,1512,1791082329014472,1791082329016915,2443,0,12,18837,18837,18837,17538,17251,83159
1,1514,1513,1791082329064472,1791082329065684,1212,0,13,18708,18708,18708,17366,17166,82456
1,1515,1514,1791082329114472,1791082329116070,1598,0,14,18699,18699,18699,17194,17157,81863
1,1516,1515,1791082329164472,1791082329165776,1304,0,15,18795,18795,18795,17390,17297,82845
1,1517,1516,1791082329214472,1791082329215863,1391,0,16,18872,18872,18872,17317,17012,82131
1,1518,1517,1791082329264472,1791082329266172,1700,0,17,18599,18599,18599,17176,16551,80170
1,1519,1518,1791082329314472,1791082329316340,1868,0,18,18819,18819,18819,17471,17371,83239
1,1520,1519,1791082329364472,1791082329366285,1813,0,19,18835,18835,18835,17340,17014,82012
1,1521,1520,1791082329414472,1791082329416039,1567,0,0,18626,18626,18626,17147,16571,80375
1,1522,1521,1791082329464472,1791082329465794,1322,0,1,18935,18935,18935,17372,17133,82426
1,1523,1522,1791082329514472,1791082329515907,1435,0,2,18682,18682,18682,17274,17138,82226
1,1524,1523,1791082329564472,1791082329565810,1338,0,3,18826,18826,18826,17477,16815,81552
1,1525,1524,1791082329614472,1791082329615714,1242,0,4,18604,18604,18604,17273,16816,81283
1,1526,1525,1791082329664472,1791082329666135,1663,0,5,18709,18709,18709,17375,17108,82192
1,1527,1526,1791082329714472,1791082329715990,1518,0,6,18617,18617,18617,17263,16792,81126
1,1528,1527,1791082329764472,1791082329765822,1350,0,7,18850,18850,18850,17461,17390,83007
1,1529,1528,1791082329814472,1791082329815465,993,0,8,18851,18851,18851,17493,17468,83191
1,1530,1529,1791082329864472,1791082329865519,1047,0,9,18646,18646,18646,17180,16715,80793
1,1531,1530,1791082329914472,1791082329915976,1504,0,10,18692,18692,18692,17152,16585,80546
1,1532,1531,1791082329964472,1791082329965959,1487,0,11,18798,18798,18798,17237,16788,81132
1,1533,1532,1791082330014472,1791082330015655,1183,0,12,18837,18837,18837,17351,17297,82491
1,1534,1533,1791082330064472,1791082330066210,1738,0,13,18708,18708,18708,17188,16979,81366
1,1535,1534,1791082330114472,1791082330116142,1670,0,14,18699,18699,18699,17029,16805,80528
1,1536,1535,1791082330164472,1791082330165909,1437,0,15,18795,18795,18795,17189,16978,81451
1,1537,1536,1791082330214472,1791082330215741,1269,0,16,18872,18872,18872,17136,16995,81365
1,1538,1537,1791082330264472,1791082330265833,1361,0,17,18599,18599,18599,16981,16243,78564
1,1539,1538,1791082330314472,1791082330316273,1801,0,18,18819,18819,18819,17305,16948,81537
1,1540,1539,1791082330364472,1791082330366148,1676,0,19,18835,18835,18835,17130,16682,80300
1,1541,1540,1791082330414472,1791082330415792,1320,0,0,18626,18626,18626,16918,16181,78361
1,1542,1541,1791082330464472,1791082330465821,1349,0,1,18935,18935,18935,17170,16840,80904
1,1543,1542,1791082330514472,1791082330515496,1024,0,2,18682,18682,18682,17079,17063,81154
1,1544,1543,1791082330564472,1791082330565775,1303,0,3,18826,18826,18826,17258,16513,79959
1,1545,1544,1791082330614472,1791082330615605,1133,0,4,18604,18604,18604,17085,16527,79656
1,1546,1545,1791082330664472,1791082330666053,1581,0,5,18709,18709,18709,17197,16687,80388
1,1547,1546,1791082330714472,1791082330715960,1488,0,6,18617,18617,18617,17048,16489,79703
1,1548,1547,1791082330764472,1791082330766047,1575,0,7,18850,18850,18850,17213,16897,81127
1,1549,1548,1791082330814472,1791082330815483,1011,0,8,18851,18851,18851,17305,17039,81661
1,1550,1549,1791082330864472,1791082330866429,1957,0,9,18646,18646,18646,16998,16600,79836
1,1551,1550,1791082330914472,1791082330915554,1082,0,10,18692,18692,18692,17004,16429,79255
1,1552,1551,1791082330964472,1791082330965743,1271,0,11,18798,18798,18798,17043,16496,79603
1,1553,1552,1791082331014472,1791082331016473,2001,0,12,18837,18837,18837,17121,16857,80778
1,1554,1553,1791082331064472,1791082331065576,1104,0,13,18708,18708,18708,16960,16676,79852
1,1555,1554,1791082331114472,1791082331117340,2868,0,14,18699,18699,18699,16793,16354,78415
1,1556,1555,1791082331164472,1791082331165845,1373,0,15,18795,18795,18795,17007,16658,79923
1,1557,1556,1791082331214472,1791082331216530,2058,0,16,18872,18872,18872,16969,16874,80186
1,1558,1557,1791082331264472,1791082331266226,1754,0,17,18599,18599,18599,16790,15979,77166
1,1559,1558,1791082331314472,1791082331315981,1509,0,18,18819,18819,18819,17109,16578,79721
1,1560,1559,1791082331364472,1791082331365960,1488,0,19,18835,18835,18835,16943,16421,78939
1,1561,1560,1791082331414472,1791082331415692,1220,0,0,18626,18626,18626,16696,15889,76626
1,1562,1561,1791082331464472,1791082331465536,1064,0,1,18935,18935,18935,16972,16568,79585
1,1563,1562,1791082331514472,1791082331516320,1848,0,2,18682,18682,18682,16861,16546,79182
1,1564,1563,1791082331564472,1791082331565515,1043,0,3,18826,18826,18826,17151,16240,78334
1,1565,1564,1791082331614472,1791082331616156,1684,0,4,18604,18604,18604,16955,16271,78414
1,1566,1565,1791082331664472,1791082331666148,1676,0,5,18709,18709,18709,16999,16429,79102
1,1567,1566,1791082331714472,1791082331716072,1600,0,6,18617,18617,18617,16876,16189,77962
1,1568,1567,1791082331764472,1791082331765829,1357,0,7,18850,18850,18850,17028,16639,79672
1,1569,1568,1791082331814472,1791082331815774,1302,0,8,18851,18851,18851,17099,16842,80519
1,1570,1569,1791082331864472,1791082331866450,1978,0,9,18646,18646,18646,16781,16641,78959
1,1571,1570,1791082331914472,1791082331915492,1020,0,10,18692,18692,18692,16770,16080,77351
1,1572,1571,1791082331964472,1791082331965761,1289,0,11,18798,18798,18798,16809,16241,78096
1,1573,1572,1791082332014472,1791082332016204,1732,0,12,18837,18837,18837,16927,16594,79410
1,1574,1573,1791082332064472,1791082332065800,1328,0,13,18708,18708,18708,16778,16489,78742
1,1575,1574,1791082332114472,1791082332115608,1136,0,14,18699,18699,18699,16677,16219,77558
1,1576,1575,1791082332164472,1791082332166380,1908,0,15,18795,18795,18795,16829,16408,78497
1,1577,1576,1791082332214472,1791082332215424,952,0,16,18872,18872,18872,16773,16534,78540
1,1578,1577,1791082332264472,1791082332266001,1529,0,17,18599,18599,18599,16587,15704,75628
1,1579,1578,1791082332314472,1791082332316329,1857,0,18,18819,18819,18819,16888,16247,77991
1,1580,1579,1791082332364472,1791082332365858,1386,0,19,18835,18835,18835,16691,16137,77347
1,1581,1580,1791082332414472,1791082332415649,1177,0,0,18626,18626,18626,16471,15577,74779
1,1582,1581,1791082332464472,1791082332466396,1924,0,1,18935,18935,18935,16817,16375,78437
1,1583,1582,1791082332514472,1791082332521459,6987,0,2,18682,18682,18682,16624,16151,77353
1,1584,1583,1791082332564472,1791082332569285,4813,0,3,18826,18826,18826,16868,15954,76734
1,1585,1584,1791082332614472,1791082332615476,1004,0,4,18604,18604,18604,16686,15957,76811
1,1586,1585,1791082332664472,1791082332666088,1616,0,5,18709,18709,18709,16794,16169,77749
1,1587,1586,1791082332714472,1791082332715714,1242,0,6,18617,18617,18617,16662,15932,76608
1,1588,1587,1791082332764472,1791082332765763,1291,0,7,18850,18850,18850,16840,16461,78645
1,1589,1588,1791082332814472,1791082332815573,1101,0,8,18851,18851,18851,16904,16499,78830
1,1590,1589,1791082332864472,1791082332866457,1985,0,9,18646,18646,18646,16519,16426,77736
1,1591,1590,1791082332914472,1791082332915987,1515,0,10,18692,18692,18692,16582,15775,75844
1,1592,1591,1791082332964472,1791082332965736,1264,0,11,18798,18798,18798,16636,15982,76693
1,1593,1592,1791082333014472,1791082333015615,1143,0,12,18837,18837,18837,16700,16331,77966
1,1594,1593,1791082333064472,1791082333065790,1318,0,13,18708,18708,18708,16593,16276,77531
1,1595,1594,1791082333114472,1791082333115612,1140,0,14,18699,18699,18699,16396,15793,75620
1,1596,1595,1791082333164472,1791082333165694,1222,0,15,18795,18795,18795,16637,16133,77284
1,1597,1596,1791082333214472,1791082333216110,1638,0,16,18872,18872,18872,16577,16237,77260
1,1598,1597,1791082333264472,1791082333265827,1355,0,17,18599,18599,18599,16331,15435,74059
1,1599,1598,1791082333314472,1791082333315464,992,0,18,18819,18819,18819,16677,15964,76640
1,1600,1599,1791082333364472,1791082333365606,1134,0,19,18835,18835,18835,16502,15779,75723
1,1601,1600,1791082333414472,1791082333415999,1527,0,0,18626,18626,18626,16308,15371,73658
1,1602,1601,1791082333464472,1791082333466211,1739,0,1,18935,18935,18935,16587,16085,76916
1,1603,1602,1791082333514472,1791082333515618,1146,0,2,18682,18682,18682,16432,15960,76425
1,1604,1603,1791082333564472,1791082333566058,1586,0,3,18826,18826,18826,16660,15703,75613
1,1605,1604,1791082333614472,1791082333615666,1194,0,4,18604,18604,18604,16503,15715,75458
1,1606,1605,1791082333664472,1791082333666208,1736,0,5,18709,18709,18709,16615,15944,76430
1,1607,1606,1791082333714472,1791082333715435,963,0,6,18617,18617,18617,16440,15662,75269
1,1608,1607,1791082333764472,1791082333765862,1390,0,7,18850,18850,18850,16552,16126,77058
1,1609,1608,1791082333814472,1791082333815686,1214,0,8,18851,18851,18851,16710,16145,77351
1,1610,1609,1791082333864472,1791082333866402,1930,0,9,18646,18646,18646,16310,16066,76334
1,1611,1610,1791082333914472,1791082333916253,1781,0,10,18692,18692,18692,16351,15589,74747
1,1612,1611,1791082333964472,1791082333965616,1144,0,11,18798,18798,18798,16386,15633,75118
1,1613,1612,1791082334014472,1791082334015741,1269,0,12,18837,18837,18837,16526,16165,77026
1,1614,1613,1791082334064472,1791082334065902,1430,0,13,18708,18708,18708,16384,15908,76134
1,1615,1614,1791082334114472,1791082334116169,1697,0,14,18699,18699,18699,16205,15528,74319
1,1616,1615,1791082334164472,1791082334165782,1310,0,15,18795,18795,18795,16451,15789,75616
1,1617,1616,1791082334214472,1791082334215605,1133,0,16,18872,18872,18872,16330,15938,76091
1,1618,1617,1791082334264472,1791082334265686,1214,0,17,18599,18599,18599,16134,15208,72907
1,1619,1618,1791082334314472,1791082334316376,1904,0,18,18819,18819,18819,16453,15667,75388
1,1620,1619,1791082334364472,1791082334365913,1441,0,19,18835,18835,18835,16316,15574,74696
1,1621,1620,1791082334414472,1791082334415433,961,0,0,18626,18626,18626,16071,15161,72698
1,1622,1621,1791082334464472,1791082334466430,1958,0,1,18935,18935,18935,16384,15968,76141
1,1623,1622,1791082334514472,1791082334516024,1552,0,2,18682,18682,18682,16188,15685,75278
1,1624,1623,1791082334564472,1791082334566075,1603,0,3,18826,18826,18826,16504,15501,74452
1,1625,1624,1791082334614472,1791082334616001,1529,0,4,18604,18604,18604,16297,15535,74553
1,1626,1625,1791082334664472,1791082334665604,1132,0,5,18709,18709,18709,16458,15752,75697
1,1627,1626,1791082334714472,1791082334716177,1705,0,6,18617,18617,18617,16272,15499,74181
1,1628,1627,1791082334764472,1791082334765739,1267,0,7,18850,18850,18850,16374,15997,76336
1,1629,1628,1791082334814472,1791082334816331,1859,0,8,18851,18851,18851,16474,15899,76182
1,1630,1629,1791082334864472,1791082334866424,1952,0,9,18646,18646,17388,17264,7961,74878
1,1631,1630,1791082334914472,1791082334916183,1711,0,10,18692,18692,5207,17820,500,4900
1,1632,1631,1791082334964472,1791082334965949,1477,0,11,18798,18798,5270,17877,491,4791
1,1633,1632,1791082335014472,1791082335016234,1762,0,12,18837,18837,5262,17961,512,5040
1,1634,1633,1791082335064472,1791082335065746,1274,0,13,18708,18708,5233,17818,501,4870
1,1635,1634,1791082335114472,1791082335116371,1899,0,14,18699,18699,5404,17768,547,5380
1,1636,1635,1791082335164472,1791082335165624,1152,0,15,18795,18795,5202,17904,457,4470
1,1637,1636,1791082335214472,1791082335216355,1883,0,16,18872,18872,5212,17903,525,5160
1,1638,1637,1791082335264472,1791082335265650,1178,0,17,18599,18599,5142,17698,531,5210
1,1639,1638,1791082335314472,1791082335315883,1411,0,18,18819,18819,5169,17976,484,4760
1,1640,1639,1791082335364472,1791082335365784,1312,0,19,18835,18835,5180,17871,558,5480
1,1641,1640,1791082335414472,1791082335415806,1334,0,0,18626,18626,5235,17639,571,5540
1,1642,1641,1791082335464472,1791082335465634,1162,0,1,18935,18935,5313,17959,630,6150
1,1643,1642,1791082335514472,1791082335516384,1912,0,2,18682,18682,5118,17731,625,6130
1,1644,1643,1791082335564472,1791082335566219,1747,0,3,18826,18826,5142,17977,573,5620
1,1645,1644,1791082335614472,1791082335615483,1011,0,4,18604,18604,5092,17774,619,6070
1,1646,1645,1791082335664472,1791082335665569,1097,0,5,18709,18709,5168,17899,627,6160
1,1647,1646,1791082335714472,1791082335716003,1531,0,6,18617,18617,5160,17726,647,6350
1,1648,1647,1791082335764472,1791082335765910,1438,0,7,18850,18850,5262,17927,593,5790
1,1649,1648,1791082335814472,1791082335815556,1084,0,8,18851,18851,5129,17967,544,5330
1,1650,1649,1791082335864472,1791082335865693,1221,0,9,18646,18646,5099,17726,505,4900
1,1651,1650,1791082335914472,1791082335915692,1220,0,10,18692,18692,5207,17811,502,4894
1,1652,1651,1791082335964472,1791082335965987,1515,0,11,18798,18798,5270,17869,491,4790
1,1653,1652,1791082336014472,1791082336015491,1019,0,12,18837,18837,5262,17955,519,5047
1,1654,1653,1791082336064472,1791082336065490,1018,0,13,18708,18708,5233,17811,496,4870
1,1655,1654,1791082336114472,1791082336115738,1266,0,14,18699,18699,5404,17760,550,5380
1,1656,1655,1791082336164472,1791082336166207,1735,0,15,18795,18795,5202,17897,457,4471
1,1657,1656,1791082336214472,1791082336215590,1118,0,16,18872,18872,5212,17897,524,5160
1,1658,1657,1791082336264472,1791082336265575,1103,0,17,18599,18599,5142,17691,537,5210
1,1659,1658,1791082336314472,1791082336315464,992,0,18,18819,18819,5169,17971,484,4760
1,1660,1659,1791082336364472,1791082336365945,1473,0,19,18835,18835,5180,17863,562,5480
1,1661,1660,1791082336414472,1791082336415848,1376,0,0,18626,18626,5235,17630,565,5537
1,1662,1661,1791082336464472,1791082336466265,1793,0,1,18935,18935,5313,17949,626,6150
1,1663,1662,1791082336514472,1791082336515889,1417,0,2,18682,18682,5118,17722,623,6130
1,1664,1663,1791082336564472,1791082336566044,1572,0,3,18826,18826,5142,17968,576,5621
1,1665,1664,1791082336614472,1791082336615571,1099,0,4,18604,18604,5092,17766,623,6070
1,1666,1665,1791082336664472,1791082336665770,1298,0,5,18709,18709,5168,17891,626,6160
1,1667,1666,1791082336714472,1791082336715994,1522,0,6,18617,18617,5160,17717,649,6350
1,1668,1667,1791082336764472,1791082336766170,1698,0,7,18850,18850,5262,17919,593,5790
1,1669,1668,1791082336814472,1791082336816313,1841,0,8,18851,18851,5129,17960,543,5330
1,1670,1669,1791082336864472,1791082336865463,991,0,9,18646,18646,5174,17793,578,5650
1,1671,1670,1791082336914472,1791082336915561,1089,0,10,18692,18692,5215,17808,506,4943
1,1672,1671,1791082336964472,1791082336965901,1429,0,11,18798,18798,5278,17865,491,4830
1,1673,1672,1791082337014472,1791082337015670,1198,0,12,18837,18837,5269,17951,519,5089
1,1674,1673,1791082337064472,1791082337065980,1508,0,13,18708,18708,5240,17809,501,4910
1,1675,1674,1791082337114472,1791082337115750,1278,0,14,18699,18699,5411,17759,556,5440
1,1676,1675,1791082337164472,1791082337165894,1422,0,15,18795,18795,5209,17895,460,4501
1,1677,1676,1791082337214472,1791082337215877,1405,0,16,18872,18872,5218,17896,532,5210
1,1678,1677,1791082337264472,1791082337266771,2299,0,17,18599,18599,5149,17686,538,5250
1,1679,1678,1791082337314472,1791082337316021,1549,0,18,18819,18819,5174,17968,489,4800
1,1680,1679,1791082337364472,1791082337365854,1382,0,19,18835,18835,5188,17863,571,5551
1,1681,1680,1791082337414472,1791082337415864,1392,0,0,18626,18626,5244,17628,572,5605
1,1682,1681,1791082337464472,1791082337466168,1696,0,1,18935,18935,5323,17947,638,6215
1,1683,1682,1791082337514472,1791082337515754,1282,0,2,18682,18682,5127,17719,633,6190
1,1684,1683,1791082337564472,1791082337565760,1288,0,3,18826,18826,5151,17964,579,5669
1,1685,1684,1791082337614472,1791082337616164,1692,0,4,18604,18604,5100,17763,630,6130
1,1686,1685,1791082337664472,1791082337666131,1659,0,5,18709,18709,5176,17888,638,6220
1,1687,1686,1791082337714472,1791082337715557,1085,0,6,18617,18617,5169,17712,657,6410
1,1688,1687,1791082337764472,1791082337766279,1807,0,7,18850,18850,5271,17914,594,5831
1,1689,1688,1791082337814472,1791082337816360,1888,0,8,18851,18851,5136,17957,554,5370
1,1690,1689,1791082337864472,1791082337865854,1382,0,9,18646,18646,5182,17786,581,5680
1,1691,1690,1791082337914472,1791082337916476,2004,0,10,18692,18692,5223,17807,510,4998
1,1692,1691,1791082337964472,1791082337965798,1326,0,11,18798,18798,5285,17863,500,4880
1,1693,1692,1791082338014472,1791082338016132,1660,0,12,18837,18837,5277,17945,519,5100
1,1694,1693,1791082338064472,1791082338065640,1168,0,13,18708,18708,5246,17806,505,4950
1,1695,1694,1791082338114472,1791082338116214,1742,0,14,18699,18699,5417,17757,564,5500
1,1696,1695,1791082338164472,1791082338165797,1325,0,15,18795,18795,5215,17891,470,4542
1,1697,1696,1791082338214472,1791082338215776,1304,0,16,18872,18872,5224,17892,535,5260
1,1698,1697,1791082338264472,1791082338266072,1600,0,17,18599,18599,5158,17682,539,5290
1,1699,1698,1791082338314472,1791082338315848,1376,0,18,18819,18819,5181,17964,496,4840
1,1700,1699,1791082338364472,1791082338365953,1481,0,19,18835,18835,5196,17861,573,5620
1,1701,1700,1791082338414472,1791082338416283,1811,0,0,18626,18626,5253,17622,576,5630
1,1702,1701,1791082338464472,1791082338465775,1303,0,1,18935,18935,5332,17944,641,6278
1,1703,1702,1791082338514472,1791082338516296,1824,0,2,18682,18682,5136,17716,638,6260
1,1704,1703,1791082338564472,1791082338565978,1506,0,3,18826,18826,5159,17962,587,5721
1,1705,1704,1791082338614472,1791082338616314,1842,0,4,18604,18604,5109,17759,633,6190
1,1706,1705,1791082338664472,1791082338665803,1331,0,5,18709,18709,5185,17884,639,6290
1,1707,1706,1791082338714472,1791082338716197,1725,0,6,18617,18617,5180,17706,658,6460
1,1708,1707,1791082338764472,1791082338765755,1283,0,7,18850,18850,5279,17908,601,5870
1,1709,1708,1791082338814472,1791082338815836,1364,0,8,18851,18851,5143,17953,555,5430
1,1710,1709,1791082338864472,1791082338866423,1951,0,9,18646,18646,5192,17781,583,5710
1,1711,1710,1791082338914472,1791082338915504,1032,0,10,18692,18692,5230,17803,515,5024
1,1712,1711,1791082338964472,1791082338966020,1548,0,11,18798,18798,5292,17860,502,4921
1,1713,1712,1791082339014472,1791082339015660,1188,0,12,18837,18837,5284,17942,524,5136
1,1714,1713,1791082339064472,1791082339066368,1896,0,13,18708,18708,5253,17801,509,4980
1,1715,1714,1791082339114472,1791082339115683,1211,0,14,18699,18699,5425,17754,565,5550
1,1716,1715,1791082339164472,1791082339165960,1488,0,15,18795,18795,5222,17888,469,4584
1,1717,1716,1791082339214472,1791082339215626,1154,0,16,18872,18872,5233,17892,548,5330
1,1718,1717,1791082339264472,1791082339266429,1957,0,17,18599,18599,5166,17680,550,5340
1,1719,1718,1791082339314472,1791082339315456,984,0,18,18819,18819,5189,17960,506,4900
1,1720,1719,1791082339364472,1791082339365745,1273,0,19,18835,18835,5204,17858,577,5670
1,1721,1720,1791082339414472,1791082339416141,1669,0,0,18626,18626,5262,17621,582,5690
1,1722,1721,1791082339464472,1791082339466464,1992,0,1,18935,18935,5342,17940,646,6330
1,1723,1722,1791082339514472,1791082339515672,1200,0,2,18682,18682,5145,17715,644,6340
1,1724,1723,1791082339564472,1791082339566456,1984,0,3,18826,18826,5167,17959,594,5780
1,1725,1724,1791082339614472,1791082339615960,1488,0,4,18604,18604,5119,17755,636,6250
1,1726,1725,1791082339664472,1791082339665471,999,0,5,18709,18709,5195,17884,653,6370
1,1727,1726,1791082339714472,1791082339742882,28410,0,6,18617,18617,5191,17702,663,6500
1,1728,1727,1791082339764472,1791082339780138,15666,0,7,18850,18850,5288,17902,608,5921
1,1729,1728,1791082339814472,1791082339819536,5064,0,8,18851,18851,5153,17952,560,5490
1,1730,1729,1791082339864472,1791082339865702,1230,0,9,18646,18646,5200,17777,586,5760
1,1731,1730,1791082339914472,1791082339916317,1845,0,10,18692,18692,5237,17801,517,5064
1,1732,1731,1791082339964472,1791082339965753,1281,0,11,18798,18798,5300,17854,505,4950
1,1733,1732,1791082340014472,1791082340015738,1266,0,12,18837,18837,5291,17939,528,5180
1,1734,1733,1791082340064472,1791082340065733,1261,0,13,18708,18708,5261,17800,516,5040
1,1735,1734,1791082340114472,1791082340115860,1388,0,14,18699,18699,5433,17750,571,5590
1,1736,1735,1791082340164472,1791082340165851,1379,0,15,18795,18795,5229,17885,473,4635
1,1737,1736,1791082340214472,1791082340216292,1820,0,16,18872,18872,5240,17888,548,5380
1,1738,1737,1791082340264472,1791082340265860,1388,0,17,18599,18599,5173,17675,549,5380
1,1739,1738,1791082340314472,1791082340316154,1682,0,18,18819,18819,5198,17956,504,4950
1,1740,1739,1791082340364472,1791082340365732,1260,0,19,18835,18835,5212,17856,582,5720
1,1741,1740,1791082340414472,1791082340415747,1275,0,0,18626,18626,5269,17619,589,5760
1,1742,1741,1791082340464472,1791082340465556,1084,0,1,18935,18935,5350,17936,655,6388
1,1743,1742,1791082340514472,1791082340516235,1763,0,2,18682,18682,5154,17711,652,6390
1,1744,1743,1791082340564472,1791082340566179,1707,0,3,18826,18826,5176,17951,595,5806
1,1745,1744,1791082340614472,1791082340615830,1358,0,4,18604,18604,5129,17751,644,6300
1,1746,1745,1791082340664472,1791082340666168,1696,0,5,18709,18709,5203,17880,659,6430
1,1747,1746,1791082340714472,1791082340716248,1776,0,6,18617,18617,5199,17700,671,6560
1,1748,1747,1791082340764472,1791082340765829,1357,0,7,18850,18850,5299,17895,606,5950
1,1749,1748,1791082340814472,1791082340816364,1892,0,8,18851,18851,5160,17949,565,5550
1,1750,1749,1791082340864472,1791082340866172,1700,0,9,18646,18646,5209,17772,592,5800
1,1751,1750,1791082340914472,1791082340915655,1183,0,10,18692,18692,5243,17797,522,5090
1,1752,1751,1791082340964472,1791082340966173,1701,0,11,18798,18798,5307,17852,515,4991
1,1753,1752,1791082341014472,1791082341015664,1192,0,12,18837,18837,5298,17938,533,5234
1,1754,1753,1791082341064472,1791082341066075,1603,0,13,18708,18708,5268,17797,517,5080
1,1755,1754,1791082341114472,1791082341116258,1786,0,14,18699,18699,5441,17748,577,5660
1,1756,1755,1791082341164472,1791082341165873,1401,0,15,18795,18795,5237,17882,476,4670
1,1757,1756,1791082341214472,1791082341215853,1381,0,16,18872,18872,5249,17887,560,5440
1,1758,1757,1791082341264472,1791082341265689,1217,0,17,18599,18599,5181,17673,561,5440
1,1759,1758,1791082341314472,1791082341316385,1913,0,18,18819,18819,5206,17952,510,4990
1,1760,1759,1791082341364472,1791082341365797,1325,0,19,18835,18835,5220,17853,593,5780
1,1761,1760,1791082341414472,1791082341416351,1879,0,0,18626,18626,5277,17616,596,5817
1,1762,1761,1791082341464472,1791082341466242,1770,0,1,18935,18935,5360,17935,660,6460
1,1763,1762,1791082341514472,1791082341516386,1914,0,2,18682,18682,5163,17708,657,6450
1,1764,1763,1791082341564472,1791082341565988,1516,0,3,18826,18826,5185,17948,597,5865
1,1765,1764,1791082341614472,1791082341616235,1763,0,4,18604,18604,5138,17748,651,6370
1,1766,1765,1791082341664472,1791082341666342,1870,0,5,18709,18709,5213,17872,659,6470
1,1767,1766,1791082341714472,1791082341715990,1518,0,6,18617,18617,5207,17696,675,6620
1,1768,1767,1791082341764472,1791082341765966,1494,0,7,18850,18850,5309,17891,610,6010
1,1769,1768,1791082341814472,1791082341815961,1489,0,8,18851,18851,5169,17948,573,5610
1,1770,1769,1791082341864472,1791082341865729,1257,0,9,18646,18646,5218,17766,601,5840
1,1771,1770,1791082341914472,1791082341915981,1509,0,10,18692,18692,5250,17791,527,5133
1,1772,1771,1791082341964472,1791082341965960,1488,0,11,18798,18798,5314,17851,515,5050
1,1773,1772,1791082342014472,1791082342015471,999,0,12,18837,18837,5305,17937,541,5290
1,1774,1773,1791082342064472,1791082342065553,1081,0,13,18708,18708,5275,17798,523,5150
1,1775,1774,1791082342114472,1791082342115952,1480,0,14,18699,18699,5450,17745,584,5710
1,1776,1775,1791082342164472,1791082342165851,1379,0,15,18795,18795,5244,17878,480,4700
1,1777,1776,1791082342214472,1791082342216297,1825,0,16,18872,18872,5256,17885,560,5510
1,1778,1777,1791082342264472,1791082342266049,1577,0,17,18599,18599,5189,17668,555,5470
1,1779,1778,1791082342314472,1791082342316377,1905,0,18,18819,18819,5214,17950,513,5030
1,1780,1779,1791082342364472,1791082342365989,1517,0,19,18835,18835,5228,17850,598,5830
1,1781,1780,1791082342414472,1791082342416502,2030,0,0,18626,18626,5286,17617,599,5900
1,1782,1781,1791082342464472,1791082342465818,1346,0,1,18935,18935,5369,17931,668,6539
1,1783,1782,1791082342514472,1791082342515753,1281,0,2,18682,18682,5172,17704,667,6510
1,1784,1783,1791082342564472,1791082342566052,1580,0,3,18826,18826,5195,17948,609,5951
1,1785,1784,1791082342614472,1791082342615571,1099,0,4,18604,18604,5148,17744,653,6420
1,1786,1785,1791082342664472,1791082342665494,1022,0,5,18709,18709,5225,17870,669,6560
1,1787,1786,1791082342714472,1791082342716133,1661,0,6,18617,18617,5217,17693,683,6690
1,1788,1787,1791082342764472,1791082342765944,1472,0,7,18850,18850,5318,17888,620,6060
1,1789,1788,1791082342814472,1791082342816309,1837,0,8,18851,18851,5176,17944,577,5660
1,1790,1789,1791082342864472,1791082342866478,2006,0,9,18646,18646,5228,17762,604,5900
1,1791,1790,1791082342914472,1791082342915483,1011,0,10,18692,18692,5259,17790,533,5192
1,1792,1791,1791082342964472,1791082342966071,1599,0,11,18798,18798,5321,17848,524,5101
1,1793,1792,1791082343014472,1791082343015791,1319,0,12,18837,18837,5312,17935,546,5360
1,1794,1793,1791082343064472,1791082343065716,1244,0,13,18708,18708,5281,17795,532,5180
1,1795,1794,1791082343114472,1791082343115722,1250,0,14,18699,18699,5458,17742,589,5760
1,1796,1795,1791082343164472,1791082343166026,1554,0,15,18795,18795,5251,17874,484,4750
1,1797,1796,1791082343214472,1791082343216296,1824,0,16,18872,18872,5265,17883,565,5560
1,1798,1797,1791082343264472,1791082343266322,1850,0,17,18599,18599,5196,17665,563,5510
1,1799,1798,1791082343314472,1791082343315742,1270,0,18,18819,18819,5220,17946,519,5070
1,1800,1799,1791082343364472,1791082343365847,1375,0,19,18835,18835,5236,17845,600,5861
1,1801,1800,1791082343414472,1791082343416314,1842,0,0,18626,18626,5294,17617,610,5979
1,1802,1801,1791082343464472,1791082343465580,1108,0,1,18935,18935,5379,17927,672,6600
1,1803,1802,1791082343514472,1791082343516085,1613,0,2,18682,18682,5182,17700,672,6570
1,1804,1803,1791082343564472,1791082343580856,16384,0,3,18826,18826,5203,17943,614,6010
1,1805,1804,1791082343614472,1791082343627412,12940,0,4,18604,18604,5157,17742,666,6480
1,1806,1805,1791082343664472,1791082343669015,4543,0,5,18709,18709,5236,17864,673,6600
1,1807,1806,1791082343714472,1791082343716196,1724,0,6,18617,18617,5227,17688,689,6750
1,1808,1807,1791082343764472,1791082343766202,1730,0,7,18850,18850,5326,17886,626,6131
1,1809,1808,1791082343814472,1791082343815504,1032,0,8,18851,18851,5185,17941,583,5720
1,1810,1809,1791082343864472,1791082343866310,1838,0,9,18646,18646,5238,17760,609,5960
1,1811,1810,1791082343914472,1791082343916122,1650,0,10,18692,18692,5267,17788,536,5268
1,1812,1811,1791082343964472,1791082343965969,1497,0,11,18798,18798,5329,17845,526,5150
1,1813,1812,1791082344014472,1791082344016380,1908,0,12,18837,18837,5320,17933,555,5420
1,1814,1813,1791082344064472,1791082344065782,1310,0,13,18708,18708,5287,17792,537,5230
1,1815,1814,1791082344114472,1791082344115727,1255,0,14,18699,18699,5466,17737,592,5810
1,1816,1815,1791082344164472,1791082344165786,1314,0,15,18795,18795,5258,17872,491,4801
1,1817,1816,1791082344214472,1791082344215960,1488,0,16,18872,18872,5272,17880,573,5610
1,1818,1817,1791082344264472,1791082344265750,1278,0,17,18599,18599,5203,17663,565,5560
1,1819,1818,1791082344314472,1791082344315818,1346,0,18,18819,18819,5228,17945,524,5140
1,1820,1819,1791082344364472,1791082344365771,1299,0,19,18835,18835,5245,17842,605,5920
1,1821,1820,1791082344414472,1791082344416429,1957,0,0,18626,18626,5301,17613,615,6030
1,1822,1821,1791082344464472,1791082344466238,1766,0,1,18935,18935,5389,17925,680,6672
1,1823,1822,1791082344514472,1791082344515848,1376,0,2,18682,18682,5192,17695,673,6610
1,1824,1823,1791082344564472,1791082344565940,1468,0,3,18826,18826,5213,17940,618,6061
1,1825,1824,1791082344614472,1791082344615904,1432,0,4,18604,18604,5165,17736,665,6540
1,1826,1825,1791082344664472,1791082344665840,1368,0,5,18709,18709,5246,17862,683,6670
1,1827,1826,1791082344714472,1791082344716334,1862,0,6,18617,18617,5238,17685,697,6810
1,1828,1827,1791082344764472,1791082344766117,1645,0,7,18850,18850,5335,17883,632,6190
1,1829,1828,1791082344814472,1791082344816445,1973,0,8,18851,18851,5194,17936,593,5750
1,1830,1829,1791082344864472,1791082344865762,1290,0,9,18646,18646,5246,17756,617,6010
1,1831,1830,1791082344914472,1791082344915594,1122,0,10,18692,18692,5275,17785,541,5310
1,1832,1831,1791082344964472,1791082344965766,1294,0,11,18798,18798,5336,17842,528,5190
1,1833,1832,1791082345014472,1791082345016120,1648,0,12,18837,18837,5328,17928,557,5460
1,1834,1833,1791082345064472,1791082345066231,1759,0,13,18708,18708,5295,17787,540,5280
1,1835,1834,1791082345114472,1791082345116224,1752,0,14,18699,18699,5476,17734,598,5870
1,1836,1835,1791082345164472,1791082345166064,1592,0,15,18795,18795,5266,17867,491,4826
1,1837,1836,1791082345214472,1791082345215516,1044,0,16,18872,18872,5280,17876,575,5660
1,1838,1837,1791082345264472,1791082345266393,1921,0,17,18599,18599,5210,17661,578,5610
1,1839,1838,1791082345314472,1791082345315603,1131,0,18,18819,18819,5236,17941,532,5180
1,1840,1839,1791082345364472,1791082345366106,1634,0,19,18835,18835,5253,17840,616,5981
1,1841,1840,1791082345414472,1791082345416455,1983,0,0,18626,18626,5310,17609,618,6060
1,1842,1841,1791082345464472,1791082345465645,1173,0,1,18935,18935,5399,17923,687,6740
1,1843,1842,1791082345514472,1791082345515482,1010,0,2,18682,18682,5201,17692,681,6690
1,1844,1843,1791082345564472,1791082345566124,1652,0,3,18826,18826,5222,17938,624,6120
1,1845,1844,1791082345614472,1791082345615992,1520,0,4,18604,18604,5177,17734,680,6610
1,1846,1845,1791082345664472,1791082345666317,1845,0,5,18709,18709,5255,17858,692,6730
1,1847,1846,1791082345714472,1791082345716449,1977,0,6,18617,18617,5247,17679,699,6860
1,1848,1847,1791082345764472,1791082345765907,1435,0,7,18850,18850,5344,17879,640,6250
1,1849,1848,1791082345814472,1791082345815797,1325,0,8,18851,18851,5202,17932,594,5800
1,1850,1849,1791082345864472,1791082345865620,1148,0,9,18646,18646,5255,17751,618,6070
1,1851,1850,1791082345914472,1791082345916173,1701,0,10,18692,18692,5282,17786,549,5372
1,1852,1851,1791082345964472,1791082345966048,1576,0,11,18798,18798,5343,17841,532,5250
1,1853,1852,1791082346014472,1791082346016218,1746,0,12,18837,18837,5337,17926,565,5520
1,1854,1853,1791082346064472,1791082346066275,1803,0,13,18708,18708,5304,17784,544,5330
1,1855,1854,1791082346114472,1791082346115984,1512,0,14,18699,18699,5484,17730,604,5920
1,1856,1855,1791082346164472,1791082346165785,1313,0,15,18795,18795,5274,17867,498,4888
1,1857,1856,1791082346214472,1791082346216426,1954,0,16,18872,18872,5289,17873,580,5700
1,1858,1857,1791082346264472,1791082346266490,2018,0,17,18599,18599,5217,17657,579,5670
1,1859,1858,1791082346314472,1791082346316266,1794,0,18,18819,18819,5244,17937,532,5210
1,1860,1859,1791082346364472,1791082346366113,1641,0,19,18835,18835,5262,17837,621,6040
1,1861,1860,1791082346414472,1791082346415682,1210,0,0,18626,18626,5317,17606,625,6120
1,1862,1861,1791082346464472,1791082346466083,1611,0,1,18935,18935,5407,17918,693,6800
1,1863,1862,1791082346514472,1791082346515737,1265,0,2,18682,18682,5212,17691,694,6780
1,1864,1863,1791082346564472,1791082346565686,1214,0,3,18826,18826,5230,17935,628,6171
1,1865,1864,1791082346614472,1791082346616465,1993,0,4,18604,18604,5186,17730,679,6670
1,1866,1865,1791082346664472,1791082346665800,1328,0,5,18709,18709,5265,17854,696,6790
1,1867,1866,1791082346714472,1791082346715778,1306,0,6,18617,18617,5257,17675,704,6910
1,1868,1867,1791082346764472,1791082346766028,1556,0,7,18850,18850,5353,17874,648,6320
1,1869,1868,1791082346814472,1791082346815705,1233,0,8,18851,18851,5211,17928,596,5850
1,1870,1869,1791082346864472,1791082346866474,2002,0,9,18646,18646,5266,17748,632,6130
1,1871,1870,1791082346914472,1791082346915622,1150,0,10,18692,18692,5288,17783,556,5432
1,1872,1871,1791082346964472,1791082346966017,1545,0,11,18798,18798,5351,17840,541,5301
1,1873,1872,1791082347014472,1791082347016207,1735,0,12,18837,18837,5345,17919,565,5530
1,1874,1873,1791082347064472,1791082347065584,1112,0,13,18708,18708,5312,17780,550,5370
1,1875,1874,1791082347114472,1791082347115940,1468,0,14,18699,18699,5492,17727,612,5980
1,1876,1875,1791082347164472,1791082347165989,1517,0,15,18795,18795,5280,17865,507,4932
1,1877,1876,1791082347214472,1791082347216381,1909,0,16,18872,18872,5296,17871,587,5760
1,1878,1877,1791082347264472,1791082347265584,1112,0,17,18599,18599,5226,17656,588,5750
1,1879,1878,1791082347314472,1791082347315946,1474,0,18,18819,18819,5251,17935,536,5260
1,1880,1879,1791082347364472,1791082347365899,1427,0,19,18835,18835,5271,17834,623,6111
1,1881,1880,1791082347414472,1791082347416082,1610,0,0,18626,18626,5326,17602,630,6176
1,1882,1881,1791082347464472,1791082347465452,980,0,1,18935,18935,5418,17915,702,6863
1,1883,1882,1791082347514472,1791082347515883,1411,0,2,18682,18682,5222,17687,699,6850
1,1884,1883,1791082347564472,1791082347566213,1741,0,3,18826,18826,5238,17931,633,6213
1,1885,1884,1791082347614472,1791082347615953,1481,0,4,18604,18604,5196,17727,685,6730
1,1886,1885,1791082347664472,1791082347666272,1800,0,5,18709,18709,5275,17850,700,6860
1,1887,1886,1791082347714472,1791082347716380,1908,0,6,18617,18617,5266,17672,712,6990
1,1888,1887,1791082347764472,1791082347765785,1313,0,7,18850,18850,5365,17873,659,6401
1,1889,1888,1791082347814472,1791082347816236,1764,0,8,18851,18851,5220,17926,602,5910
1,1890,1889,1791082347864472,1791082347866299,1827,0,9,18646,18646,5275,17742,629,6190
1,1891,1890,1791082347914472,1791082347916437,1965,0,10,18692,18692,5296,17778,558,5478
1,1892,1891,1791082347964472,1791082347966103,1631,0,11,18798,18798,5357,17837,548,5350
1,1893,1892,1791082348014472,1791082348016053,1581,0,12,18837,18837,5353,17914,567,5570
1,1894,1893,1791082348064472,1791082348065464,992,0,13,18708,18708,5320,17777,551,5430
1,1895,1894,1791082348114472,1791082348116493,2021,0,14,18699,18699,5501,17725,620,6040
1,1896,1895,1791082348164472,1791082348166212,1740,0,15,18795,18795,5287,17863,510,4974
1,1897,1896,1791082348214472,1791082348215958,1486,0,16,18872,18872,5304,17869,593,5820
1,1898,1897,1791082348264472,1791082348265765,1293,0,17,18599,18599,5235,17651,589,5790
1,1899,1898,1791082348314472,1791082348315620,1148,0,18,18819,18819,5258,17929,543,5280
1,1900,1899,1791082348364472,1791082348365976,1504,0,19,18835,18835,5280,17832,632,6180
1,1901,1900,1791082348414472,1791082348416290,1818,0,0,18626,18626,5335,17599,636,6240
1,1902,1901,1791082348464472,1791082348466000,1528,0,1,18935,18935,5428,17910,708,6936
1,1903,1902,1791082348514472,1791082348516497,2025,0,2,18682,18682,5233,17682,703,6900
1,1904,1903,1791082348564472,1791082348566134,1662,0,3,18826,18826,5247,17927,643,6274
1,1905,1904,1791082348614472,1791082348616229,1757,0,4,18604,18604,5205,17725,699,6800
1,1906,1905,1791082348664472,1791082348665488,1016,0,5,18709,18709,5285,17847,712,6930
1,1907,1906,1791082348714472,1791082348716276,1804,0,6,18617,18617,5277,17669,721,7050
1,1908,1907,1791082348764472,1791082348765608,1136,0,7,18850,18850,5375,17871,660,6480
1,1909,1908,1791082348814472,1791082348815829,1357,0,8,18851,18851,5228,17924,614,5970
1,1910,1909,1791082348864472,1791082348866334,1862,0,9,18646,18646,5287,17736,633,6220
1,1911,1910,1791082348914472,1791082348916083,1611,0,10,18692,18692,5305,17778,570,5537
1,1912,1911,1791082348964472,1791082348965983,1511,0,11,18798,18798,5365,17833,551,5400
1,1913,1912,1791082349014472,1791082349016270,1798,0,12,18837,18837,5362,17910,578,5610
1,1914,1913,1791082349064472,1791082349066058,1586,0,13,18708,18708,5328,17777,561,5490
1,1915,1914,1791082349114472,1791082349116132,1660,0,14,18699,18699,5509,17720,621,6100
1,1916,1915,1791082349164472,1791082349166078,1606,0,15,18795,18795,5294,17860,509,5015
1,1917,1916,1791082349214472,1791082349216106,1634,0,16,18872,18872,5312,17865,600,5870
1,1918,1917,1791082349264472,1791082349266352,1880,0,17,18599,18599,5244,17648,596,5850
1,1919,1918,1791082349314472,1791082349315791,1319,0,18,18819,18819,5266,17929,549,5350
1,1920,1919,1791082349364472,1791082349366105,1633,0,19,18835,18835,5288,17828,637,6241
1,1921,1920,1791082349414472,1791082349415597,1125,0,0,18626,18626,5345,17596,648,6306
1,1922,1921,1791082349464472,1791082349465693,1221,0,1,18935,18935,5439,17906,718,7003
1,1923,1922,1791082349514472,1791082349516282,1810,0,2,18682,18682,5243,17681,715,7000
1,1924,1923,1791082349564472,1791082349565749,1277,0,3,18826,18826,5257,17923,645,6335
1,1925,1924,1791082349614472,1791082349615484,1012,0,4,18604,18604,5214,17722,697,6880
1,1926,1925,1791082349664472,1791082349665708,1236,0,5,18709,18709,5295,17840,710,6970
1,1927,1926,1791082349714472,1791082349715762,1290,0,6,18617,18617,5286,17667,730,7130
1,1928,1927,1791082349764472,1791082349766056,1584,0,7,18850,18850,5385,17867,673,6541
1,1929,1928,1791082349814472,1791082349815623,1151,0,8,18851,18851,5236,17920,618,6030
1,1930,1929,1791082349864472,1791082349866281,1809,0,9,18646,18646,5296,17737,642,6310
1,1931,1930,1791082349914472,1791082349916257,1785,0,10,18692,18692,5312,17777,573,5594
1,1932,1931,1791082349964472,1791082349965966,1494,0,11,18798,18798,5373,17833,559,5460
1,1933,1932,1791082350014472,1791082350015981,1509,0,12,18837,18837,5370,17904,576,5650
1,1934,1933,1791082350064472,1791082350065791,1319,0,13,18708,18708,5334,17772,563,5530
1,1935,1934,1791082350114472,1791082350116213,1741,0,14,18699,18699,5519,17717,631,6160
1,1936,1935,1791082350164472,1791082350166008,1536,0,15,18795,18795,5301,17858,521,5080
1,1937,1936,1791082350214472,1791082350216073,1601,0,16,18872,18872,5320,17859,603,5910
1,1938,1937,1791082350264472,1791082350265469,997,0,17,18599,18599,5253,17646,604,5900
1,1939,1938,1791082350314472,1791082350315814,1342,0,18,18819,18819,5273,17924,551,5400
1,1940,1939,1791082350364472,1791082350365946,1474,0,19,18835,18835,5299,17825,644,6300
1,1941,1940,1791082350414472,1791082350416094,1622,0,0,18626,18626,5354,17592,653,6390
1,1942,1941,1791082350464472,1791082350466246,1774,0,1,18935,18935,5450,17902,726,7080
1,1943,1942,1791082350514472,1791082350516257,1785,0,2,18682,18682,5254,17675,720,7050
1,1944,1943,1791082350564472,1791082350592213,27741,0,3,18826,18826,5266,17923,658,6421
1,1945,1944,1791082350614472,1791082350633306,18834,0,4,18604,18604,5225,17720,710,6940
1,1946,1945,1791082350664472,1791082350674644,10172,0,5,18709,18709,5306,17836,721,7040
1,1947,1946,1791082350714472,1791082350715609,1137,0,6,18617,18617,5296,17663,734,7200
1,1948,1947,1791082350764472,1791082350765950,1478,0,7,18850,18850,5395,17860,671,6590
1,1949,1948,1791082350814472,1791082350816318,1846,0,8,18851,18851,5246,17912,617,6050
1,1950,1949,1791082350864472,1791082350866271,1799,0,9,18646,18646,5304,17733,647,6360
1,1951,1950,1791082350914472,1791082350915490,1018,0,10,18692,18692,5319,17774,575,5659
1,1952,1951,1791082350964472,1791082350966155,1683,0,11,18798,18798,5380,17832,568,5531
1,1953,1952,1791082351014472,1791082351015691,1219,0,12,18837,18837,5381,17898,582,5690
1,1954,1953,1791082351064472,1791082351066434,1962,0,13,18708,18708,5343,17769,572,5590
1,1955,1954,1791082351114472,1791082351115837,1365,0,14,18699,18699,5528,17714,638,6220
1,1956,1955,1791082351164472,1791082351165940,1468,0,15,18795,18795,5307,17858,525,5130
1,1957,1956,1791082351214472,1791082351215705,1233,0,16,18872,18872,5330,17855,607,5950
1,1958,1957,1791082351264472,1791082351266088,1616,0,17,18599,18599,5260,17643,614,5970
1,1959,1958,1791082351314472,1791082351315449,977,0,18,18819,18819,5282,17923,560,5470
1,1960,1959,1791082351364472,1791082351366031,1559,0,19,18835,18835,5308,17819,654,6351
1,1961,1960,1791082351414472,1791082351415780,1308,0,0,18626,18626,5366,17590,661,6460
1,1962,1961,1791082351464472,1791082351466129,1657,0,1,18935,18935,5461,17897,738,7158
1,1963,1962,1791082351514472,1791082351515977,1505,0,2,18682,18682,5265,17672,725,7120
1,1964,1963,1791082351564472,1791082351565871,1399,0,3,18826,18826,5275,17918,666,6465
1,1965,1964,1791082351614472,1791082351615958,1486,0,4,18604,18604,5233,17714,710,6990
1,1966,1965,1791082351664472,1791082351665964,1492,0,5,18709,18709,5317,17832,729,7120
1,1967,1966,1791082351714472,1791082351716145,1673,0,6,18617,18617,5307,17659,745,7270
1,1968,1967,1791082351764472,1791082351766008,1536,0,7,18850,18850,5406,17854,677,6650
1,1969,1968,1791082351814472,1791082351815990,1518,0,8,18851,18851,5256,17912,629,6140
1,1970,1969,1791082351864472,1791082351866319,1847,0,9,18646,18646,5313,17728,654,6400
1,1971,1970,1791082351914472,1791082351916060,1588,0,10,18692,18692,5328,17770,584,5690
1,1972,1971,1791082351964472,1791082351966027,1555,0,11,18798,18798,5388,17827,572,5580
1,1973,1972,1791082352014472,1791082352015970,1498,0,12,18837,18837,5390,17893,587,5730
1,1974,1973,1791082352064472,1791082352066228,1756,0,13,18708,18708,5352,17765,575,5650
1,1975,1974,1791082352114472,1791082352115602,1130,0,14,18699,18699,5537,17708,642,6270
1,1976,1975,1791082352164472,1791082352165987,1515,0,15,18795,18795,5314,17853,529,5171
1,1977,1976,1791082352214472,1791082352215491,1019,0,16,18872,18872,5338,17853,616,6010
1,1978,1977,1791082352264472,1791082352265996,1524,0,17,18599,18599,5270,17638,613,6020
1,1979,1978,1791082352314472,1791082352315791,1319,0,18,18819,18819,5290,17921,563,5530
1,1980,1979,1791082352364472,1791082352365460,988,0,19,18835,18835,5318,17815,652,6420
1,1981,1980,1791082352414472,1791082352415807,1335,0,0,18626,18626,5375,17583,665,6510
1,1982,1981,1791082352464472,1791082352466425,1953,0,1,18935,18935,5474,17889,735,7190
1,1983,1982,1791082352514472,1791082352516354,1882,0,2,18682,18682,5275,17670,731,7200
1,1984,1983,1791082352564472,1791082352566093,1621,0,3,18826,18826,5285,17912,665,6540
1,1985,1984,1791082352614472,1791082352615546,1074,0,4,18604,18604,5244,17709,717,7040
1,1986,1985,1791082352664472,1791082352665843,1371,0,5,18709,18709,5329,17826,735,7190
1,1987,1986,1791082352714472,1791082352716331,1859,0,6,18617,18617,5318,17653,747,7330
1,1988,1987,1791082352764472,1791082352765794,1322,0,7,18850,18850,5417,17848,680,6680
1,1989,1988,1791082352814472,1791082352815670,1198,0,8,18851,18851,5265,17908,631,6190
1,1990,1989,1791082352864472,1791082352866185,1713,0,9,18646,18646,5322,17725,659,6470
1,1991,1990,1791082352914472,1791082352915993,1521,0,10,18692,18692,5336,17767,586,5750
1,1992,1991,1791082352964472,1791082352965944,1472,0,11,18798,18798,5398,17821,572,5620
1,1993,1992,1791082353014472,1791082353016436,1964,0,12,18837,18837,5399,17890,587,5780
1,1994,1993,1791082353064472,1791082353066280,1808,0,13,18708,18708,5362,17759,581,5680
1,1995,1994,1791082353114472,1791082353115944,1472,0,14,18699,18699,5547,17703,643,6310
1,1996,1995,1791082353164472,1791082353165767,1295,0,15,18795,18795,5323,17848,529,5210
1,1997,1996,1791082353214472,1791082353216127,1655,0,16,18872,18872,5346,17850,623,6080
1,1998,1997,1791082353264472,1791082353265911,1439,0,17,18599,18599,5280,17634,621,6080
1,1999,1998,1791082353314472,1791082353316380,1908,0,18,18819,18819,5298,17918,569,5580
1,2000,1999,1791082353364472,1791082353365985,1513,0,19,18835,18835,5329,17810,657,6451
1,2001,2000,1791082353414472,1791082353415739,1267,0,0,18626,18626,5387,17576,666,6540
1,2002,2001,1791082353464472,1791082353465906,1434,0,1,18935,18935,5485,17886,739,7250
1,2003,2002,1791082353514472,1791082353515791,1319,0,2,18682,18682,5285,17671,746,7300
1,2004,2003,1791082353564472,1791082353565906,1434,0,3,18826,18826,5297,17907,671,6580
1,2005,2004,1791082353614472,1791082353616149,1677,0,4,18604,18604,5254,17706,728,7120
1,2006,2005,1791082353664472,1791082353666061,1589,0,5,18709,18709,5342,17822,737,7250
1,2007,2006,1791082353714472,1791082353715944,1472,0,6,18617,18617,5330,17650,756,7410
1,2008,2007,1791082353764472,1791082353765981,1509,0,7,18850,18850,5427,17842,685,6720
1,2009,2008,1791082353814472,1791082353815439,967,0,8,18851,18851,5274,17905,641,6260
1,2010,2009,1791082353864472,1791082353865478,1006,0,9,18646,18646,5332,17724,668,6550
1,2011,2010,1791082353914472,1791082353915989,1517,0,10,18692,18692,5345,17765,595,5813
1,2012,2011,1791082353964472,1791082353965843,1371,0,11,18798,18798,5407,17818,581,5670
1,2013,2012,1791082354014472,1791082354015452,980,0,12,18837,18837,5407,17889,594,5830
1,2014,2013,1791082354064472,1791082354066333,1861,0,13,18708,18708,5371,17753,584,5720
1,2015,2014,1791082354114472,1791082354116334,1862,0,14,18699,18699,5556,17701,653,6370
1,2016,2015,1791082354164472,1791082354166050,1578,0,15,18795,18795,5332,17844,535,5241
1,2017,2016,1791082354214472,1791082354215678,1206,0,16,18872,18872,5356,17847,631,6160
1,2018,2017,1791082354264472,1791082354266121,1649,0,17,18599,18599,5290,17634,626,6160
1,2019,2018,1791082354314472,1791082354315535,1063,0,18,18819,18819,5306,17918,583,5650
1,2020,2019,1791082354364472,1791082354365758,1286,0,19,18835,18835,5337,17804,665,6490
1,2021,2020,1791082354414472,1791082354416543,2071,0,0,18626,18626,5398,17573,676,6599
1,2022,2021,1791082354464472,1791082354469419,4947,0,1,18935,18935,5494,17882,750,7330
1,2023,2022,1791082354514472,1791082354520708,6236,0,2,18682,18682,5294,17666,752,7360
1,2024,2023,1791082354564472,1791082354565829,1357,0,3,18826,18826,5307,17902,677,6641
1,2025,2024,1791082354614472,1791082354616147,1675,0,4,18604,18604,5265,17702,735,7190
1,2026,2025,1791082354664472,1791082354665725,1253,0,5,18709,18709,5352,17819,748,7320
1,2027,2026,1791082354714472,1791082354716372,1900,0,6,18617,18617,5341,17646,762,7490
1,2028,2027,1791082354764472,1791082354765767,1295,0,7,18850,18850,5436,17839,695,6790
1,2029,2028,1791082354814472,1791082354815999,1527,0,8,18851,18851,5283,17900,649,6320
1,2030,2029,1791082354864472,1791082354866320,1848,0,9,18646,18646,5341,17720,676,6610
1,2031,2030,1791082354914472,1791082354915991,1519,0,10,18692,18692,5353,17762,599,5863
1,2032,2031,1791082354964472,1791082354966207,1735,0,11,18798,18798,5416,17815,588,5731
1,2033,2032,1791082355014472,1791082355015839,1367,0,12,18837,18837,5413,17888,602,5885
1,2034,2033,1791082355064472,1791082355065825,1353,0,13,18708,18708,5381,17751,592,5780
1,2035,2034,1791082355114472,1791082355116460,1988,0,14,18699,18699,5564,17696,652,6420
1,2036,2035,1791082355164472,1791082355165971,1499,0,15,18795,18795,5339,17840,546,5288
1,2037,2036,1791082355214472,1791082355216086,1614,0,16,18872,18872,5367,17846,644,6240
1,2038,2037,1791082355264472,1791082355266176,1704,0,17,18599,18599,5298,17634,637,6230
1,2039,2038,1791082355314472,1791082355316191,1719,0,18,18819,18819,5313,17915,583,5710
1,2040,2039,1791082355364472,1791082355366118,1646,0,19,18835,18835,5346,17801,669,6561
1,2041,2040,1791082355414472,1791082355416385,1913,0,0,18626,18626,5406,17568,677,6647
1,2042,2041,1791082355464472,1791082355465652,1180,0,1,18935,18935,5505,17878,756,7390
1,2043,2042,1791082355514472,1791082355516442,1970,0,2,18682,18682,5305,17663,759,7440
1,2044,2043,1791082355564472,1791082355566313,1841,0,3,18826,18826,5318,17902,685,6730
1,2045,2044,1791082355614472,1791082355616321,1849,0,4,18604,18604,5276,17697,742,7250
1,2046,2045,1791082355664472,1791082355665676,1204,0,5,18709,18709,5362,17814,755,7390
1,2047,2046,1791082355714472,1791082355716052,1580,0,6,18617,18617,5353,17641,768,7550
1,2048,2047,1791082355764472,1791082355765970,1498,0,7,18850,18850,5446,17832,696,6830
1,2049,2048,1791082355814472,1791082355815440,968,0,8,18851,18851,5294,17898,652,6400
1,2050,2049,1791082355864472,1791082355865627,1155,0,9,18646,18646,5351,17715,680,6670
1,2051,2050,1791082355914472,1791082355915482,1010,0,10,18692,18692,5361,17761,606,5939
1,2052,2051,1791082355964472,1791082355966271,1799,0,11,18798,18798,5424,17813,589,5780
1,2053,2052,1791082356014472,1791082356015802,1330,0,12,18837,18837,5420,17883,604,5930
1,2054,2053,1791082356064472,1791082356066141,1669,0,13,18708,18708,5389,17748,596,5840
1,2055,2054,1791082356114472,1791082356116161,1689,0,14,18699,18699,5574,17695,659,6490
1,2056,2055,1791082356164472,1791082356165765,1293,0,15,18795,18795,5346,17838,547,5350
1,2057,2056,1791082356214472,1791082356215868,1396,0,16,18872,18872,5376,17841,641,6290
1,2058,2057,1791082356264472,1791082356265680,1208,0,17,18599,18599,5305,17631,641,6280
1,2059,2058,1791082356314472,1791082356315997,1525,0,18,18819,18819,5322,17909,586,5740
1,2060,2059,1791082356364472,1791082356366038,1566,0,19,18835,18835,5357,17795,680,6600
1,2061,2060,1791082356414472,1791082356416335,1863,0,0,18626,18626,5416,17564,684,6686
1,2062,2061,1791082356464472,1791082356465686,1214,0,1,18935,18935,5515,17874,761,7455
1,2063,2062,1791082356514472,1791082356516134,1662,0,2,18682,18682,5316,17658,766,7486
1,2064,2063,1791082356564472,1791082356566157,1685,0,3,18826,18826,5327,17899,695,6791
1,2065,2064,1791082356614472,1791082356616018,1546,0,4,18604,18604,5287,17695,749,7350
1,2066,2065,1791082356664472,1791082356665709,1237,0,5,18709,18709,5374,17809,762,7460
1,2067,2066,1791082356714472,1791082356715613,1141,0,6,18617,18617,5364,17636,774,7600
1,2068,2067,1791082356764472,1791082356765973,1501,0,7,18850,18850,5457,17827,700,6880
1,2069,2068,1791082356814472,1791082356815852,1380,0,8,18851,18851,5304,17893,660,6450
1,2070,2069,1791082356864472,1791082356866486,2014,0,9,18646,18646,5362,17716,694,6760
1,2071,2070,1791082356914472,1791082356916377,1905,0,10,18692,18692,5369,17758,613,6009
1,2072,2071,1791082356964472,1791082356965952,1480,0,11,18798,18798,5431,17811,597,5851
1,2073,2072,1791082357014472,1791082357015539,1067,0,12,18837,18837,5429,17880,611,5980
1,2074,2073,1791082357064472,1791082357066427,1955,0,13,18708,18708,5398,17745,609,5890
1,2075,2074,1791082357114472,1791082357115480,1008,0,14,18699,18699,5582,17693,667,6550
1,2076,2075,1791082357164472,1791082357165775,1303,0,15,18795,18795,5355,17835,550,5393
1,2077,2076,1791082357214472,1791082357215845,1373,0,16,18872,18872,5386,17838,648,6350
1,2078,2077,1791082357264472,1791082357265964,1492,0,17,18599,18599,5313,17627,648,6330
1,2079,2078,1791082357314472,1791082357316043,1571,0,18,18819,18819,5331,17908,599,5820
1,2080,2079,1791082357364472,1791082357366179,1707,0,19,18835,18835,5367,17792,685,6671
1,2081,2080,1791082357414472,1791082357415722,1250,0,0,18626,18626,5424,17560,696,6748
1,2082,2081,1791082357464472,1791082357466233,1761,0,1,18935,18935,5527,17869,769,7540
1,2083,2082,1791082357514472,1791082357516259,1787,0,2,18682,18682,5326,17651,772,7543
1,2084,2083,1791082357564472,1791082357565543,1071,0,3,18826,18826,5336,17894,698,6840
1,2085,2084,1791082357614472,1791082357616371,1899,0,4,18604,18604,5297,17692,756,7420
1,2086,2085,1791082357664472,1791082357665655,1183,0,5,18709,18709,5386,17805,770,7540
1,2087,2086,1791082357714472,1791082357715789,1317,0,6,18617,18617,5374,17632,782,7650
1,2088,2087,1791082357764472,1791082357765756,1284,0,7,18850,18850,5467,17825,714,6950
1,2089,2088,1791082357814472,1791082357816312,1840,0,8,18851,18851,5314,17889,665,6510
1,2090,2089,1791082357864472,1791082357866092,1620,0,9,18646,18646,5370,17713,696,6840
1,2091,2090,1791082357914472,1791082357915470,998,0,10,18692,18692,5378,17756,624,6080
1,2092,2091,1791082357964472,1791082357965821,1349,0,11,18798,18798,5440,17809,603,5900
1,2093,2092,1791082358014472,1791082358016180,1708,0,12,18837,18837,5437,17879,618,6060
1,2094,2093,1791082358064472,1791082358066335,1863,0,13,18708,18708,5406,17743,608,5950
1,2095,2094,1791082358114472,1791082358116412,1940,0,14,18699,18699,5590,17693,675,6630
1,2096,2095,1791082358164472,1791082358166074,1602,0,15,18795,18795,5364,17831,559,5460
1,2097,2096,1791082358214472,1791082358216036,1564,0,16,18872,18872,5395,17835,653,6410
1,2098,2097,1791082358264472,1791082358266313,1841,0,17,18599,18599,5322,17622,654,6400
1,2099,2098,1791082358314472,1791082358315681,1209,0,18,18819,18819,5340,17904,598,5860
1,2100,2099,1791082358364472,1791082358365927,1455,0,19,18835,18835,5377,17787,690,6740
1,2101,2100,1791082358414472,1791082358416185,1713,0,0,18626,18626,5434,17552,694,6804
1,2102,2101,1791082358464472,1791082358465812,1340,0,1,18935,18935,5539,17865,780,7610
1,2103,2102,1791082358514472,1791082358515829,1357,0,2,18682,18682,5339,17644,775,7603
1,2104,2103,1791082358564472,1791082358566153,1681,0,3,18826,18826,5346,17889,707,6891
1,2105,2104,1791082358614472,1791082358615900,1428,0,4,18604,18604,5307,17690,768,7510
1,2106,2105,1791082358664472,1791082358665981,1509,0,5,18709,18709,5398,17801,776,7610
1,2107,2106,1791082358714472,1791082358716081,1609,0,6,18617,18617,5383,17627,787,7720
1,2108,2107,1791082358764472,1791082358765958,1486,0,7,18850,18850,5476,17819,711,7000
1,2109,2108,1791082358814472,1791082358815709,1237,0,8,18851,18851,5323,17887,675,6570
1,2110,2109,1791082358864472,1791082358865831,1359,0,9,18646,18646,5381,17708,708,6890
1,2111,2110,1791082358914472,1791082358915996,1524,0,10,18692,18692,5387,17755,628,6165
1,2112,2111,1791082358964472,1791082358966066,1594,0,11,18798,18798,5447,17804,611,5951
1,2113,2112,1791082359014472,1791082359016046,1574,0,12,18837,18837,5446,17873,621,6100
1,2114,2113,1791082359064472,1791082359066280,1808,0,13,18708,18708,5414,17740,617,6000
1,2115,2114,1791082359114472,1791082359115635,1163,0,14,18699,18699,5598,17689,687,6700
1,2116,2115,1791082359164472,1791082359165774,1302,0,15,18795,18795,5372,17831,567,5523
1,2117,2116,1791082359214472,1791082359216302,1830,0,16,18872,18872,5404,17833,665,6470
1,2118,2117,1791082359264472,1791082359265745,1273,0,17,18599,18599,5334,17619,665,6470
1,2119,2118,1791082359314472,1791082359316145,1673,0,18,18819,18819,5348,17901,604,5920
1,2120,2119,1791082359364472,1791082359365945,1473,0,19,18835,18835,5389,17783,693,6810
1,2121,2120,1791082359414472,1791082359415486,1014,0,0,18626,18626,5446,17550,702,6872
1,2122,2121,1791082359464472,1791082359465694,1222,0,1,18935,18935,5551,17861,790,7700
1,2123,2122,1791082359514472,1791082359515989,1517,0,2,18682,18682,5352,17639,784,7670
1,2124,2123,1791082359564472,1791082359566056,1584,0,3,18826,18826,5356,17886,712,6970
1,2125,2124,1791082359614472,1791082359615641,1169,0,4,18604,18604,5318,17686,773,7590
1,2126,2125,1791082359664472,1791082359666491,2019,0,5,18709,18709,5409,17798,785,7680
1,2127,2126,1791082359714472,1791082359716382,1910,0,6,18617,18617,5395,17621,794,7780
1,2128,2127,1791082359764472,1791082359765971,1499,0,7,18850,18850,5487,17816,724,7060
1,2129,2128,1791082359814472,1791082359815497,1025,0,8,18851,18851,5331,17883,676,6630
1,2130,2129,1791082359864472,1791082359865606,1134,0,9,18646,18646,5390,17702,708,6950
1,2131,2130,1791082359914472,1791082359915949,1477,0,10,18692,18692,5397,17754,638,6237
1,2132,2131,1791082359964472,1791082359966051,1579,0,11,18798,18798,5457,17802,613,6010
1,2133,2132,1791082360014472,1791082360015679,1207,0,12,18837,18837,5455,17869,625,6136
1,2134,2133,1791082360064472,1791082360066138,1666,0,13,18708,18708,5422,17733,618,6050
1,2135,2134,1791082360114472,1791082360115585,1113,0,14,18699,18699,5609,17685,689,6770
1,2136,2135,1791082360164472,1791082360166001,1529,0,15,18795,18795,5381,17828,572,5579
1,2137,2136,1791082360214472,1791082360215458,986,0,16,18872,18872,5412,17828,668,6540
1,2138,2137,1791082360264472,1791082360265753,1281,0,17,18599,18599,5344,17614,666,6530
1,2139,2138,1791082360314472,1791082360315978,1506,0,18,18819,18819,5357,17898,609,5980
1,2140,2139,1791082360364472,1791082360365972,1500,0,19,18835,18835,5399,17783,704,6900
1,2141,2140,1791082360414472,1791082360415853,1381,0,0,18626,18626,5455,17548,706,6960
1,2142,2141,1791082360464472,1791082360465525,1053,0,1,18935,18935,5563,17857,791,7767
1,2143,2142,1791082360514472,1791082360515826,1354,0,2,18682,18682,5363,17635,788,7750
1,2144,2143,1791082360564472,1791082360566066,1594,0,3,18826,18826,5367,17881,718,7041
1,2145,2144,1791082360614472,1791082360615626,1154,0,4,18604,18604,5330,17681,785,7670
1,2146,2145,1791082360664472,1791082360665664,1192,0,5,18709,18709,5419,17793,791,7750
1,2147,2146,1791082360714472,1791082360715467,995,0,6,18617,18617,5407,17615,796,7840
1,2148,2147,1791082360764472,1791082360765905,1433,0,7,18850,18850,5496,17811,723,7120
1,2149,2148,1791082360814472,1791082360815955,1483,0,8,18851,18851,5341,17881,684,6710
1,2150,2149,1791082360864472,1791082360866222,1750,0,9,18646,18646,5402,17699,718,7020
1,2151,2150,1791082360914472,1791082360915650,1178,0,10,18692,18692,5405,17751,647,6305
1,2152,2151,1791082360964472,1791082360965494,1022,0,11,18798,18798,5465,17801,625,6081
1,2153,2152,1791082361014472,1791082361016361,1889,0,12,18837,18837,5463,17865,630,6190
1,2154,2153,1791082361064472,1791082361066243,1771,0,13,18708,18708,5434,17728,624,6100
1,2155,2154,1791082361114472,1791082361115623,1151,0,14,18699,18699,5620,17681,697,6830
1,2156,2155,1791082361164472,1791082361165745,1273,0,15,18795,18795,5389,17823,576,5622
1,2157,2156,1791082361214472,1791082361215946,1474,0,16,18872,18872,5423,17825,676,6610
1,2158,2157,1791082361264472,1791082361265484,1012,0,17,18599,18599,5355,17610,672,6580
1,2159,2158,1791082361314472,1791082361315475,1003,0,18,18819,18819,5366,17896,615,6040
1,2160,2159,1791082361364472,1791082361366129,1657,0,19,18835,18835,5408,17777,710,6951
1,2161,2160,1791082361414472,1791082361439390,24918,0,0,18626,18626,5465,17547,717,7021
1,2162,2161,1791082361464472,1791082361477054,12582,0,1,18935,18935,5575,17852,802,7833
1,2163,2162,1791082361514472,1791082361517831,3359,0,2,18682,18682,5375,17633,803,7830
1,2164,2163,1791082361564472,1791082361566284,1812,0,3,18826,18826,5379,17875,723,7085
1,2165,2164,1791082361614472,1791082361615887,1415,0,4,18604,18604,5343,17675,789,7740
1,2166,2165,1791082361664472,1791082361666416,1944,0,5,18709,18709,5431,17789,798,7810
1,2167,2166,1791082361714472,1791082361715622,1150,0,6,18617,18617,5419,17612,812,7920
1,2168,2167,1791082361764472,1791082361765976,1504,0,7,18850,18850,5507,17806,733,7170
1,2169,2168,1791082361814472,1791082361816157,1685,0,8,18851,18851,5351,17877,693,6780
1,2170,2169,1791082361864472,1791082361866059,1587,0,9,18646,18646,5412,17694,726,7090
1,2171,2170,1791082361914472,1791082361915727,1255,0,10,18692,18692,5414,17747,648,6360
1,2172,2171,1791082361964472,1791082361965839,1367,0,11,18798,18798,5473,17798,624,6140
1,2173,2172,1791082362014472,1791082362016083,1611,0,12,18837,18837,5472,17864,642,6270
1,2174,2173,1791082362064472,1791082362066146,1674,0,13,18708,18708,5444,17727,628,6170
1,2175,2174,1791082362114472,1791082362115935,1463,0,14,18699,18699,5630,17675,707,6880
1,2176,2175,1791082362164472,1791082362165965,1493,0,15,18795,18795,5398,17822,584,5700
1,2177,2176,1791082362214472,1791082362216205,1733,0,16,18872,18872,5433,17821,681,6680
1,2178,2177,1791082362264472,1791082362265662,1190,0,17,18599,18599,5364,17605,679,6640
1,2179,2178,1791082362314472,1791082362315517,1045,0,18,18819,18819,5374,17895,627,6110
1,2180,2179,1791082362364472,1791082362366042,1570,0,19,18835,18835,5420,17775,719,7030
1,2181,2180,1791082362414472,1791082362415777,1305,0,0,18626,18626,5473,17543,725,7094
1,2182,2181,1791082362464472,1791082362465494,1022,0,1,18935,18935,5586,17849,816,7922
1,2183,2182,1791082362514472,1791082362515690,1218,0,2,18682,18682,5385,17630,811,7910
1,2184,2183,1791082362564472,1791082362566243,1771,0,3,18826,18826,5390,17872,733,7169
1,2185,2184,1791082362614472,1791082362615781,1309,0,4,18604,18604,5355,17674,798,7840
1,2186,2185,1791082362664472,1791082362665649,1177,0,5,18709,18709,5441,17783,802,7870
1,2187,2186,1791082362714472,1791082362715743,1271,0,6,18617,18617,5430,17604,812,7980
1,2188,2187,1791082362764472,1791082362765995,1523,0,7,18850,18850,5517,17802,741,7240
1,2189,2188,1791082362814472,1791082362815472,1000,0,8,18851,18851,5362,17872,699,6840
1,2190,2189,1791082362864472,1791082362865485,1013,0,9,18646,18646,5424,17688,728,7140
1,2191,2190,1791082362914472,1791082362915631,1159,0,10,18692,18692,5425,17743,659,6410
1,2192,2191,1791082362964472,1791082362965760,1288,0,11,18798,18798,5482,17794,627,6181
1,2193,2192,1791082363014472,1791082363016414,1942,0,12,18837,18837,5481,17859,646,6320
1,2194,2193,1791082363064472,1791082363065825,1353,0,13,18708,18708,5452,17725,637,6240
1,2195,2194,1791082363114472,1791082363115944,1472,0,14,18699,18699,5640,17668,705,6940
1,2196,2195,1791082363164472,1791082363166096,1624,0,15,18795,18795,5406,17823,590,5779
1,2197,2196,1791082363214472,1791082363215659,1187,0,16,18872,18872,5444,17818,689,6750
1,2198,2197,1791082363264472,1791082363266220,1748,0,17,18599,18599,5375,17602,689,6720
1,2199,2198,1791082363314472,1791082363316017,1545,0,18,18819,18819,5381,17892,628,6170
1,2200,2199,1791082363364472,1791082363365966,1494,0,19,18835,18835,5430,17770,724,7110
1,2201,2200,1791082363414472,1791082363416452,1980,0,0,18626,18626,5484,17540,733,7176
1,2202,2201,1791082363464472,1791082363465809,1337,0,1,18935,18935,5598,17845,814,8008
1,2203,2202,1791082363514472,1791082363515592,1120,0,2,18682,18682,5396,17626,812,7980
1,2204,2203,1791082363564472,1791082363565992,1520,0,3,18826,18826,5401,17866,735,7214
1,2205,2204,1791082363614472,1791082363615677,1205,0,4,18604,18604,5366,17670,803,7910
1,2206,2205,1791082363664472,1791082363666080,1608,0,5,18709,18709,5453,17780,811,7960
1,2207,2206,1791082363714472,1791082363716355,1883,0,6,18617,18617,5444,17598,816,8040
1,2208,2207,1791082363764472,1791082363766052,1580,0,7,18850,18850,5528,17798,748,7321
1,2209,2208,1791082363814472,1791082363815713,1241,0,8,18851,18851,5373,17867,705,6900
1,2210,2209,1791082363864472,1791082363866251,1779,0,9,18646,18646,5435,17683,737,7190
1,2211,2210,1791082363914472,1791082363915704,1232,0,10,18692,18692,5434,17738,663,6482
1,2212,2211,1791082363964472,1791082363966024,1552,0,11,18798,18798,5490,17794,641,6250
1,2213,2212,1791082364014472,1791082364015810,1338,0,12,18837,18837,5491,17851,648,6350
1,2214,2213,1791082364064472,1791082364066497,2025,0,13,18708,18708,5461,17724,642,6310
1,2215,2214,1791082364114472,1791082364116082,1610,0,14,18699,18699,5652,17666,714,7020
1,2216,2215,1791082364164472,1791082364165959,1487,0,15,18795,18795,5414,17820,596,5840
1,2217,2216,1791082364214472,1791082364215489,1017,0,16,18872,18872,5454,17815,698,6820
1,2218,2217,1791082364264472,1791082364266097,1625,0,17,18599,18599,5386,17596,694,6770
1,2219,2218,1791082364314472,1791082364316258,1786,0,18,18819,18819,5390,17891,639,6250
1,2220,2219,1791082364364472,1791082364365723,1251,0,19,18835,18835,5441,17768,733,7190
1,2221,2220,1791082364414472,1791082364416026,1554,0,0,18626,18626,5495,17535,735,7230
1,2222,2221,1791082364464472,1791082364465441,969,0,1,18935,18935,5610,17844,832,8096
1,2223,2222,1791082364514472,1791082364515705,1233,0,2,18682,18682,5407,17623,820,8060
1,2224,2223,1791082364564472,1791082364565776,1304,0,3,18826,18826,5412,17862,745,7290
1,2225,2224,1791082364614472,1791082364615457,985,0,4,18604,18604,5377,17668,815,7990
1,2226,2225,1791082364664472,1791082364666180,1708,0,5,18709,18709,5465,17775,815,8010
1,2227,2226,1791082364714472,1791082364716212,1740,0,6,18617,18617,5456,17597,829,8130
1,2228,2227,1791082364764472,1791082364766215,1743,0,7,18850,18850,5540,17794,764,7390
1,2229,2228,1791082364814472,1791082364815550,1078,0,8,18851,18851,5384,17863,712,6970
1,2230,2229,1791082364864472,1791082364866481,2009,0,9,18646,18646,5445,17678,741,7270
1,2231,2230,1791082364914472,1791082364915470,998,0,10,18692,18692,5445,17736,673,6560
1,2232,2231,1791082364964472,1791082364966231,1759,0,11,18798,18798,5497,17790,645,6311
1,2233,2232,1791082365014472,1791082365016099,1627,0,12,18837,18837,5502,17848,657,6410
1,2234,2233,1791082365064472,1791082365065791,1319,0,13,18708,18708,5469,17719,649,6360
1,2235,2234,1791082365114472,1791082365115776,1304,0,14,18699,18699,5662,17664,724,7100
1,2236,2235,1791082365164472,1791082365165976,1504,0,15,18795,18795,5422,17813,599,5870
1,2237,2236,1791082365214472,1791082365216473,2001,0,16,18872,18872,5464,17810,702,6890
1,2238,2237,1791082365264472,1791082365265854,1382,0,17,18599,18599,5397,17594,699,6850
1,2239,2238,1791082365314472,1791082365316025,1553,0,18,18819,18819,5399,17886,641,6300
1,2240,2239,1791082365364472,1791082365375603,11131,0,19,18835,18835,5451,17764,740,7251
1,2241,2240,1791082365414472,1791082365429510,15038,0,0,18626,18626,5506,17531,746,7285
1,2242,2241,1791082365464472,1791082365474405,9933,0,1,18935,18935,5620,17840,832,8174
1,2243,2242,1791082365514472,1791082365516289,1817,0,2,18682,18682,5418,17623,834,8156
1,2244,2243,1791082365564472,1791082365566343,1871,0,3,18826,18826,5422,17856,750,7350
1,2245,2244,1791082365614472,1791082365616213,1741,0,4,18604,18604,5387,17663,820,8060
1,2246,2245,1791082365664472,1791082365665819,1347,0,5,18709,18709,5475,17770,825,8070
1,2247,2246,1791082365714472,1791082365716185,1713,0,6,18617,18617,5466,17594,839,8220
1,2248,2247,1791082365764472,1791082365765893,1421,0,7,18850,18850,5551,17791,767,7471
1,2249,2248,1791082365814472,1791082365815892,1420,0,8,18851,18851,5395,17857,716,7020
1,2250,2249,1791082365864472,1791082365866257,1785,0,9,18646,18646,5458,17675,751,7340
1,2251,2250,1791082365914472,1791082365915636,1164,0,10,18692,18692,5455,17729,674,6600
1,2252,2251,1791082365964472,1791082365966047,1575,0,11,18798,18798,5506,17788,653,6390
1,2253,2252,1791082366014472,1791082366015735,1263,0,12,18837,18837,5511,17845,661,6470
1,2254,2253,1791082366064472,1791082366066353,1881,0,13,18708,18708,5479,17711,651,6390
1,2255,2254,1791082366114472,1791082366116224,1752,0,14,18699,18699,5671,17662,733,7180
1,2256,2255,1791082366164472,1791082366165940,1468,0,15,18795,18795,5431,17812,607,5950
1,2257,2256,1791082366214472,1791082366215826,1354,0,16,18872,18872,5476,17805,711,6950
1,2258,2257,1791082366264472,1791082366266408,1936,0,17,18599,18599,5407,17591,704,6910
1,2259,2258,1791082366314472,1791082366315693,1221,0,18,18819,18819,5409,17884,649,6370
1,2260,2259,1791082366364472,1791082366365868,1396,0,19,18835,18835,5462,17761,748,7330
1,2261,2260,1791082366414472,1791082366415493,1021,0,0,18626,18626,5515,17527,749,7358
1,2262,2261,1791082366464472,1791082366465855,1383,0,1,18935,18935,5632,17834,843,8247
1,2263,2262,1791082366514472,1791082366515508,1036,0,2,18682,18682,5428,17619,846,8250
1,2264,2263,1791082366564472,1791082366566144,1672,0,3,18826,18826,5434,17855,754,7430
1,2265,2264,1791082366614472,1791082366616058,1586,0,4,18604,18604,5399,17660,834,8150
1,2266,2265,1791082366664472,1791082366665711,1239,0,5,18709,18709,5486,17763,836,8130
1,2267,2266,1791082366714472,1791082366716171,1699,0,6,18617,18617,5478,17587,846,8290
1,2268,2267,1791082366764472,1791082366765756,1284,0,7,18850,18850,5562,17783,769,7550
1,2269,2268,1791082366814472,1791082366816276,1804,0,8,18851,18851,5406,17854,726,7100
1,2270,2269,1791082366864472,1791082366865461,989,0,9,18646,18646,5468,17673,758,7420
1,2271,2270,1791082366914472,1791082366915879,1407,0,10,18692,18692,5466,17726,678,6660
1,2272,2271,1791082366964472,1791082366966065,1593,0,11,18798,18798,5516,17785,658,6451
1,2273,2272,1791082367014472,1791082367015821,1349,0,12,18837,18837,5520,17842,669,6540
1,2274,2273,1791082367064472,1791082367065522,1050,0,13,18708,18708,5490,17709,660,6470
1,2275,2274,1791082367114472,1791082367116063,1591,0,14,18699,18699,5681,17657,742,7250
1,2276,2275,1791082367164472,1791082367165967,1495,0,15,18795,18795,5441,17809,615,6003
1,2277,2276,1791082367214472,1791082367215932,1460,0,16,18872,18872,5487,17800,715,7000
1,2278,2277,1791082367264472,1791082367265997,1525,0,17,18599,18599,5416,17589,715,6990
1,2279,2278,1791082367314472,1791082367315759,1287,0,18,18819,18819,5418,17880,653,6420
1,2280,2279,1791082367364472,1791082367365918,1446,0,19,18835,18835,5473,17756,756,7400
1,2281,2280,1791082367414472,1791082367415447,975,0,0,18626,18626,5526,17529,761,7452
1,2282,2281,1791082367464472,1791082367466249,1777,0,1,18935,18935,5645,17833,850,8350
1,2283,2282,1791082367514472,1791082367515861,1389,0,2,18682,18682,5441,17616,850,8350
1,2284,2283,1791082367564472,1791082367565966,1494,0,3,18826,18826,5444,17852,766,7500
1,2285,2284,1791082367614472,1791082367615651,1179,0,4,18604,18604,5411,17654,834,8220
1,2286,2285,1791082367664472,1791082367665823,1351,0,5,18709,18709,5499,17757,834,8210
1,2287,2286,1791082367714472,1791082367716489,2017,0,6,18617,18617,5492,17581,854,8350
1,2288,2287,1791082367764472,1791082367766164,1692,0,7,18850,18850,5576,17784,776,7641
1,2289,2288,1791082367814472,1791082367816280,1808,0,8,18851,18851,5417,17851,737,7170
1,2290,2289,1791082367864472,1791082367865839,1367,0,9,18646,18646,5478,17668,764,7470
1,2291,2290,1791082367914472,1791082367915502,1030,0,10,18692,18692,5475,17723,687,6730
1,2292,2291,1791082367964472,1791082367965772,1300,0,11,18798,18798,5525,17779,669,6510
1,2293,2292,1791082368014472,1791082368015707,1235,0,12,18837,18837,5530,17837,676,6594
1,2294,2293,1791082368064472,1791082368066067,1595,0,13,18708,18708,5500,17706,666,6530
1,2295,2294,1791082368114472,1791082368116194,1722,0,14,18699,18699,5693,17654,747,7320
1,2296,2295,1791082368164472,1791082368166148,1676,0,15,18795,18795,5449,17808,624,6081
1,2297,2296,1791082368214472,1791082368215948,1476,0,16,18872,18872,5497,17797,723,7070
1,2298,2297,1791082368264472,1791082368266067,1595,0,17,18599,18599,5426,17583,717,7050
1,2299,2298,1791082368314472,1791082368315714,1242,0,18,18819,18819,5427,17878,663,6490
1,2300,2299,1791082368364472,1791082368366052,1580,0,19,18835,18835,5484,17755,766,7480
1,2301,2300,1791082368414472,1791082368416362,1890,0,0,18626,18626,5535,17524,769,7520
1,2302,2301,1791082368464472,1791082368465782,1310,0,1,18935,18935,5657,17829,861,8450
1,2303,2302,1791082368514472,1791082368516476,2004,0,2,18682,18682,5454,17612,860,8430
1,2304,2303,1791082368564472,1791082368565847,1375,0,3,18826,18826,5453,17850,775,7585
1,2305,2304,1791082368614472,1791082368616052,1580,0,4,18604,18604,5424,17655,848,8340
1,2306,2305,1791082368664472,1791082368666014,1542,0,5,18709,18709,5513,17753,845,8280
1,2307,2306,1791082368714472,1791082368715988,1516,0,6,18617,18617,5504,17578,862,8450
1,2308,2307,1791082368764472,1791082368765776,1304,0,7,18850,18850,5585,17779,788,7700
1,2309,2308,1791082368814472,1791082368816063,1591,0,8,18851,18851,5427,17845,739,7230
1,2310,2309,1791082368864472,1791082368865947,1475,0,9,18646,18646,5488,17664,769,7560
1,2311,2310,1791082368914472,1791082368916250,1778,0,10,18692,18692,5485,17716,694,6780
1,2312,2311,1791082368964472,1791082368966061,1589,0,11,18798,18798,5536,17776,679,6581
1,2313,2312,1791082369014472,1791082369016399,1927,0,12,18837,18837,5541,17831,685,6667
1,2314,2313,1791082369064472,1791082369066237,1765,0,13,18708,18708,5509,17702,680,6600
1,2315,2314,1791082369114472,1791082369115440,968,0,14,18699,18699,5703,17652,759,7410
1,2316,2315,1791082369164472,1791082369165944,1472,0,15,18795,18795,5459,17803,633,6149
1,2317,2316,1791082369214472,1791082369215915,1443,0,16,18872,18872,5507,17795,729,7150
1,2318,2317,1791082369264472,1791082369266461,1989,0,17,18599,18599,5438,17580,727,7120
1,2319,2318,1791082369314472,1791082369315749,1277,0,18,18819,18819,5436,17873,669,6550
1,2320,2319,1791082369364472,1791082369366105,1633,0,19,18835,18835,5494,17749,771,7541
1,2321,2320,1791082369414472,1791082369415670,1198,0,0,18626,18626,5546,17520,772,7590
1,2322,2321,1791082369464472,1791082369466195,1723,0,1,18935,18935,5670,17825,870,8516
1,2323,2322,1791082369514472,1791082369515568,1096,0,2,18682,18682,5466,17605,867,8510
1,2324,2323,1791082369564472,1791082369565816,1344,0,3,18826,18826,5465,17848,789,7678
1,2325,2324,1791082369614472,1791082369616019,1547,0,4,18604,18604,5435,17654,862,8440
1,2326,2325,1791082369664472,1791082369665835,1363,0,5,18709,18709,5524,17750,853,8370
1,2327,2326,1791082369714472,1791082369716092,1620,0,6,18617,18617,5517,17575,870,8540
1,2328,2327,1791082369764472,1791082369765830,1358,0,7,18850,18850,5595,17775,797,7771
1,2329,2328,1791082369814472,1791082369815834,1362,0,8,18851,18851,5439,17840,748,7280
1,2330,2329,1791082369864472,1791082369866245,1773,0,9,18646,18646,5501,17659,776,7610
1,2331,2330,1791082369914472,1791082369916026,1554,0,10,18692,18692,5494,17714,695,6840
1,2332,2331,1791082369964472,1791082369966123,1651,0,11,18798,18798,5547,17770,676,6640
1,2333,2332,1791082370014472,1791082370015769,1297,0,12,18837,18837,5553,17823,683,6700
1,2334,2333,1791082370064472,1791082370065691,1219,0,13,18708,18708,5520,17700,683,6680
1,2335,2334,1791082370114472,1791082370116275,1803,0,14,18699,18699,5714,17646,761,7470
1,2336,2335,1791082370164472,1791082370165754,1282,0,15,18795,18795,5470,17797,633,6200
1,2337,2336,1791082370214472,1791082370215990,1518,0,16,18872,18872,5517,17791,739,7210
1,2338,2337,1791082370264472,1791082370266261,1789,0,17,18599,18599,5448,17575,732,7200
1,2339,2338,1791082370314472,1791082370315570,1098,0,18,18819,18819,5446,17871,673,6620
1,2340,2339,1791082370364472,1791082370366075,1603,0,19,18835,18835,5506,17745,783,7610
1,2341,2340,1791082370414472,1791082370416451,1979,0,0,18626,18626,5557,17517,782,7663
1,2342,2341,1791082370464472,1791082370466037,1565,0,1,18935,18935,5682,17820,878,8612
1,2343,2342,1791082370514472,1791082370516393,1921,0,2,18682,18682,5481,17602,879,8600
1,2344,2343,1791082370564472,1791082370566318,1846,0,3,18826,18826,5475,17844,794,7751
1,2345,2344,1791082370614472,1791082370615961,1489,0,4,18604,18604,5446,17647,868,8510
1,2346,2345,1791082370664472,1791082370666189,1717,0,5,18709,18709,5536,17748,869,8480
1,2347,2346,1791082370714472,1791082370715880,1408,0,6,18617,18617,5529,17568,876,8590
1,2348,2347,1791082370764472,1791082370765752,1280,0,7,18850,18850,5607,17769,803,7840
1,2349,2348,1791082370814472,1791082370816373,1901,0,8,18851,18851,5449,17834,749,7340
1,2350,2349,1791082370864472,1791082370865797,1325,0,9,18646,18646,5511,17655,786,7680
1,2351,2350,1791082370914472,1791082370915987,1515,0,10,18692,18692,5503,17711,705,6905
1,2352,2351,1791082370964472,1791082370965987,1515,0,11,18798,18798,5559,17767,686,6721
1,2353,2352,1791082371014472,1791082371015577,1105,0,12,18837,18837,5564,17821,692,6775
1,2354,2353,1791082371064472,1791082371065807,1335,0,13,18708,18708,5530,17696,684,6750
1,2355,2354,1791082371114472,1791082371115624,1152,0,14,18699,18699,5726,17641,772,7530
1,2356,2355,1791082371164472,1791082371165959,1487,0,15,18795,18795,5481,17793,639,6260
1,2357,2356,1791082371214472,1791082371215787,1315,0,16,18872,18872,5527,17785,746,7270
1,2358,2357,1791082371264472,1791082371265501,1029,0,17,18599,18599,5461,17570,737,7240
1,2359,2358,1791082371314472,1791082371315844,1372,0,18,18819,18819,5455,17870,678,6690
1,2360,2359,1791082371364472,1791082371365498,1026,0,19,18835,18835,5517,17741,786,7701
1,2361,2360,1791082371414472,1791082371416279,1807,0,0,18626,18626,5567,17514,794,7740
1,2362,2361,1791082371464472,1791082371466370,1898,0,1,18935,18935,5696,17813,888,8674
1,2363,2362,1791082371514472,1791082371516369,1897,0,2,18682,18682,5493,17599,885,8680
1,2364,2363,1791082371564472,1791082371565768,1296,0,3,18826,18826,5487,17837,800,7830
1,2365,2364,1791082371614472,1791082371615622,1150,0,4,18604,18604,5460,17643,878,8610
1,2366,2365,1791082371664472,1791082371665960,1488,0,5,18709,18709,5549,17740,873,8540
1,2367,2366,1791082371714472,1791082371716201,1729,0,6,18617,18617,5541,17565,886,8690
1,2368,2367,1791082371764472,1791082371766185,1713,0,7,18850,18850,5619,17762,805,7911
1,2369,2368,1791082371814472,1791082371815856,1384,0,8,18851,18851,5461,17828,753,7390
1,2370,2369,1791082371864472,1791082371866243,1771,0,9,18646,18646,5522,17648,791,7740
1,2371,2370,1791082371914472,1791082371915862,1390,0,10,18692,18692,5513,17706,710,6960
1,2372,2371,1791082371964472,1791082371966015,1543,0,11,18798,18798,5570,17763,694,6780
1,2373,2372,1791082372014472,1791082372015713,1241,0,12,18837,18837,5574,17817,697,6838
1,2374,2373,1791082372064472,1791082372066067,1595,0,13,18708,18708,5541,17694,697,6810
1,2375,2374,1791082372114472,1791082372116428,1956,0,14,18699,18699,5737,17640,782,7620
1,2376,2375,1791082372164472,1791082372165897,1425,0,15,18795,18795,5491,17791,649,6324
1,2377,2376,1791082372214472,1791082372215992,1520,0,16,18872,18872,5539,17783,752,7350
1,2378,2377,1791082372264472,1791082372265851,1379,0,17,18599,18599,5470,17566,750,7310
1,2379,2378,1791082372314472,1791082372342672,28200,0,18,18819,18819,5463,17869,689,6750
1,2380,2379,1791082372364472,1791082372387977,23505,0,19,18835,18835,5530,17734,797,7770
1,2381,2380,1791082372414472,1791082372429816,15344,0,0,18626,18626,5577,17509,794,7810
1,2382,2381,1791082372464472,1791082372469983,5511,0,1,18935,18935,5710,17808,897,8779
1,2383,2382,1791082372514472,1791082372515805,1333,0,2,18682,18682,5504,17594,896,8774
1,2384,2383,1791082372564472,1791082372565939,1467,0,3,18826,18826,5501,17832,810,7901
1,2385,2384,1791082372614472,1791082372615432,960,0,4,18604,18604,5474,17639,887,8700
1,2386,2385,1791082372664472,1791082372665712,1240,0,5,18709,18709,5563,17735,884,8620
1,2387,2386,1791082372714472,1791082372716086,1614,0,6,18617,18617,5554,17557,891,8750
1,2388,2387,1791082372764472,1791082372766483,2011,0,7,18850,18850,5634,17759,816,7990
1,2389,2388,1791082372814472,1791082372815874,1402,0,8,18851,18851,5472,17823,762,7440
1,2390,2389,1791082372864472,1791082372865643,1171,0,9,18646,18646,5535,17644,803,7830
1,2391,2390,1791082372914472,1791082372915895,1423,0,10,18692,18692,5524,17702,717,7039
1,2392,2391,1791082372964472,1791082372965942,1470,0,11,18798,18798,5580,17759,698,6850
1,2393,2392,1791082373014472,1791082373016017,1545,0,12,18837,18837,5584,17811,700,6880
1,2394,2393,1791082373064472,1791082373065806,1334,0,13,18708,18708,5549,17692,700,6880
1,2395,2394,1791082373114472,1791082373116373,1901,0,14,18699,18699,5747,17635,788,7700
1,2396,2395,1791082373164472,1791082373165759,1287,0,15,18795,18795,5501,17787,654,6400
1,2397,2396,1791082373214472,1791082373216352,1880,0,16,18872,18872,5549,17778,761,7420
1,2398,2397,1791082373264472,1791082373266068,1596,0,17,18599,18599,5481,17563,755,7400
1,2399,2398,1791082373314472,1791082373316141,1669,0,18,18819,18819,5470,17865,695,6820
1,2400,2399,1791082373364472,1791082373366201,1729,0,19,18835,18835,5543,17728,803,7840
1,2401,2400,1791082373414472,1791082373415998,1526,0,0,18626,18626,5589,17507,802,7900
