run_id,slot,tick,intended_us,invoked_us,lateness_us,skipped,bucket,actor_steps,actor_updates,policy_evaluations,orders_submitted,orders_filled,matched_shares
2,1,0,1791052717850905,1791052717852154,1249,0,0,7,7,7,7,5,12
2,2,1,1791052717900905,1791052717902183,1278,0,1,13,13,13,13,13,60
2,3,2,1791052717950905,1791052717952381,1476,0,2,8,8,8,7,4,12
2,4,3,1791052718000905,1791052718002427,1522,0,3,8,8,8,6,4,19
2,5,4,1791052718050905,1791052718052420,1515,0,4,9,9,9,9,4,20
2,6,5,1791052718100905,1791052718102580,1675,0,5,9,9,9,9,6,30
2,7,6,1791052718150905,1791052718152494,1589,0,6,7,7,7,7,5,20
2,8,7,1791052718200905,1791052718202477,1572,0,7,11,11,11,10,9,36
2,9,8,1791052718250905,1791052718252369,1464,0,8,6,6,6,5,3,8
2,10,9,1791052718300905,1791052718302561,1656,0,9,12,12,12,12,4,17
2,11,10,1791052718350905,1791052718351899,994,0,10,10,10,10,10,8,40
2,12,11,1791052718400905,1791052718402529,1624,0,11,12,12,12,10,8,37
2,13,12,1791052718450905,1791052718452605,1700,0,12,10,10,10,8,4,12
2,14,13,1791052718500905,1791052718501972,1067,0,13,10,10,10,10,10,45
2,15,14,1791052718550905,1791052718552368,1463,0,14,11,11,11,8,6,24
2,16,15,1791052718600905,1791052718602396,1491,0,15,16,16,16,15,11,32
2,17,16,1791052718650905,1791052718652436,1531,0,16,13,13,13,12,7,26
2,18,17,1791052718700905,1791052718702375,1470,0,17,11,11,11,11,4,15
2,19,18,1791052718750905,1791052718752597,1692,0,18,7,7,7,6,4,20
2,20,19,1791052718800905,1791052718802539,1634,0,19,10,10,10,10,4,13
2,21,20,1791052718850905,1791052718852736,1831,0,0,7,7,7,6,4,14
2,22,21,1791052718900905,1791052718902165,1260,0,1,13,13,13,13,12,60
2,23,22,1791052718950905,1791052718952422,1517,0,2,8,8,8,6,3,10
2,24,23,1791052719000905,1791052719002302,1397,0,3,8,8,8,8,4,20
2,25,24,1791052719050905,1791052719052513,1608,0,4,9,9,9,9,6,26
2,26,25,1791052719100905,1791052719101949,1044,0,5,9,9,9,9,8,38
2,27,26,1791052719150905,1791052719151988,1083,0,6,7,7,7,6,2,10
2,28,27,1791052719200905,1791052719202523,1618,0,7,11,11,11,12,8,38
2,29,28,1791052719250905,1791052719252558,1653,0,8,6,6,6,6,4,15
2,30,29,1791052719300905,1791052719302484,1579,0,9,12,12,12,10,4,20
2,31,30,1791052719350905,1791052719351975,1070,0,10,10,10,10,10,8,40
2,32,31,1791052719400905,1791052719402496,1591,0,11,12,12,12,11,9,39
2,33,32,1791052719450905,1791052719452462,1557,0,12,10,10,10,10,7,27
2,34,33,1791052719500905,1791052719502418,1513,0,13,10,10,10,10,6,25
2,35,34,1791052719550905,1791052719552547,1642,0,14,11,11,11,11,6,29
2,36,35,1791052719600905,1791052719602303,1398,0,15,16,16,16,16,14,65
2,37,36,1791052719650905,1791052719652070,1165,0,16,13,13,13,12,8,34
2,38,37,1791052719700905,1791052719702719,1814,0,17,11,11,11,11,6,27
2,39,38,1791052719750905,1791052719751828,923,0,18,7,7,7,7,6,21
2,40,39,1791052719800905,1791052719802407,1502,0,19,10,10,10,11,7,30
2,41,40,1791052719850905,1791052719852366,1461,0,0,7,7,7,6,4,20
2,42,41,1791052719900905,1791052719902164,1259,0,1,13,13,13,10,8,40
2,43,42,1791052719950905,1791052719952259,1354,0,2,8,8,8,7,6,24
2,44,43,1791052720000905,1791052720002405,1500,0,3,8,8,8,8,5,13
2,45,44,1791052720050905,1791052720052460,1555,0,4,9,9,9,8,4,20
2,46,45,1791052720100905,1791052720102620,1715,0,5,9,9,9,9,8,38
2,47,46,1791052720150905,1791052720152595,1690,0,6,7,7,7,7,2,5
2,48,47,1791052720200905,1791052720202445,1540,0,7,11,11,11,11,8,40
2,49,48,1791052720250905,1791052720252542,1637,0,8,6,6,6,4,0,0
2,50,49,1791052720300905,1791052720302154,1249,0,9,12,12,12,11,4,20
2,51,50,1791052720350905,1791052720352429,1524,0,10,10,10,10,10,10,43
2,52,51,1791052720400905,1791052720402508,1603,0,11,12,12,12,13,9,36
2,53,52,1791052720450905,1791052720452544,1639,0,12,10,10,10,9,6,30
2,54,53,1791052720500905,1791052720501836,931,0,13,10,10,10,10,9,31
2,55,54,1791052720550905,1791052720551977,1072,0,14,11,11,11,10,10,37
2,56,55,1791052720600905,1791052720602326,1421,0,15,16,16,16,15,12,44
2,57,56,1791052720650905,1791052720652386,1481,0,16,13,13,13,10,8,31
2,58,57,1791052720700905,1791052720702025,1120,0,17,11,11,11,9,4,12
2,59,58,1791052720750905,1791052720751876,971,0,18,7,7,7,7,6,24
2,60,59,1791052720800905,1791052720802427,1522,0,19,10,10,10,10,5,18
2,61,60,1791052720850905,1791052720852430,1525,0,0,7,7,7,6,2,10
2,62,61,1791052720900905,1791052720902413,1508,0,1,13,13,13,13,12,60
2,63,62,1791052720950905,1791052720951913,1008,0,2,8,8,8,7,6,25
2,64,63,1791052721000905,1791052721002545,1640,0,3,8,8,8,9,9,33
2,65,64,1791052721050905,1791052721051906,1001,0,4,9,9,9,8,8,36
2,66,65,1791052721100905,1791052721101890,985,0,5,9,9,9,9,8,34
2,67,66,1791052721150905,1791052721152422,1517,0,6,7,7,7,5,2,10
2,68,67,1791052721200905,1791052721202429,1524,0,7,11,11,11,11,7,30
2,69,68,1791052721250905,1791052721252506,1601,0,8,6,6,6,6,4,16
2,70,69,1791052721300905,1791052721302585,1680,0,9,12,12,12,10,4,20
2,71,70,1791052721350905,1791052721352554,1649,0,10,10,10,10,9,8,40
2,72,71,1791052721400905,1791052721402276,1371,0,11,12,12,12,11,11,47
2,73,72,1791052721450905,1791052721452187,1282,0,12,10,10,10,8,7,26
2,74,73,1791052721500905,1791052721502060,1155,0,13,10,10,10,10,5,10
2,75,74,1791052721550905,1791052721552054,1149,0,14,11,11,11,11,6,29
2,76,75,1791052721600905,1791052721602391,1486,0,15,16,16,16,15,12,60
2,77,76,1791052721650905,1791052721652172,1267,0,16,13,13,13,12,6,30
2,78,77,1791052721700905,1791052721702771,1866,0,17,11,11,11,9,2,10
2,79,78,1791052721750905,1791052721751988,1083,0,18,7,7,7,7,6,30
2,80,79,1791052721800905,1791052721802220,1315,0,19,10,10,10,9,5,17
2,81,80,1791052721850905,1791052721851830,925,0,0,7,7,7,5,2,10
2,82,81,1791052721900905,1791052721902733,1828,0,1,13,13,13,13,10,50
2,83,82,1791052721950905,1791052721952673,1768,0,2,8,8,8,7,4,20
2,84,83,1791052722000905,1791052722002292,1387,0,3,8,8,8,9,4,20
2,85,84,1791052722050905,1791052722051880,975,0,4,9,9,9,9,6,26
2,86,85,1791052722100905,1791052722101825,920,0,5,9,9,9,8,6,30
2,87,86,1791052722150905,1791052722151814,909,0,6,7,7,7,7,4,14
2,88,87,1791052722200905,1791052722202428,1523,0,7,11,11,11,11,8,40
2,89,88,1791052722250905,1791052722252487,1582,0,8,6,6,6,4,2,5
2,90,89,1791052722300905,1791052722302330,1425,0,9,12,12,12,11,6,25
2,91,90,1791052722350905,1791052722352491,1586,0,10,10,10,10,10,10,41
2,92,91,1791052722400905,1791052722402380,1475,0,11,12,12,12,12,10,50
2,93,92,1791052722450905,1791052722452439,1534,0,12,10,10,10,8,6,30
2,94,93,1791052722500905,1791052722502667,1762,0,13,10,10,10,8,2,10
2,95,94,1791052722550905,1791052722551976,1071,0,14,11,11,11,11,6,30
2,96,95,1791052722600905,1791052722602482,1577,0,15,16,16,16,16,16,69
2,97,96,1791052722650905,1791052722652508,1603,0,16,13,13,13,12,6,30
2,98,97,1791052722700905,1791052722701890,985,0,17,11,11,11,11,8,40
2,99,98,1791052722750905,1791052722752712,1807,0,18,7,7,7,7,6,30
2,100,99,1791052722800905,1791052722802422,1517,0,19,10,10,10,8,4,13
2,101,100,1791052722850905,1791052722852336,1431,0,0,7,7,7,6,2,10
2,102,101,1791052722900905,1791052722902568,1663,0,1,13,13,13,12,10,50
2,103,102,1791052722950905,1791052722952475,1570,0,2,8,8,8,8,6,30
2,104,103,1791052723000905,1791052723002348,1443,0,3,8,8,8,8,7,24
2,105,104,1791052723050905,1791052723052244,1339,0,4,9,9,9,9,8,35
2,106,105,1791052723100905,1791052723101844,939,0,5,9,9,9,8,6,27
2,107,106,1791052723150905,1791052723151866,961,0,6,7,7,7,7,4,16
2,108,107,1791052723200905,1791052723202545,1640,0,7,11,11,11,12,8,40
2,109,108,1791052723250905,1791052723252597,1692,0,8,6,6,6,4,2,4
2,110,109,1791052723300905,1791052723302559,1654,0,9,12,12,12,12,8,40
2,111,110,1791052723350905,1791052723352670,1765,0,10,10,10,10,10,8,40
2,112,111,1791052723400905,1791052723402416,1511,0,11,12,12,12,12,12,58
2,113,112,1791052723450905,1791052723452470,1565,0,12,10,10,10,10,6,23
2,114,113,1791052723500905,1791052723502622,1717,0,13,10,10,10,9,4,20
2,115,114,1791052723550905,1791052723552026,1121,0,14,11,11,11,10,6,30
2,116,115,1791052723600905,1791052723602306,1401,0,15,16,16,16,17,14,70
2,117,116,1791052723650905,1791052723652520,1615,0,16,13,13,13,12,7,29
2,118,117,1791052723700905,1791052723702247,1342,0,17,11,11,11,11,9,34
2,119,118,1791052723750905,1791052723751974,1069,0,18,7,7,7,7,6,30
2,120,119,1791052723800905,1791052723802419,1514,0,19,10,10,10,9,4,11
2,121,120,1791052723850905,1791052723852341,1436,0,0,7,7,7,6,2,10
2,122,121,1791052723900905,1791052723902255,1350,0,1,13,13,13,12,8,40
2,123,122,1791052723950905,1791052723952678,1773,0,2,8,8,8,8,6,26
2,124,123,1791052724000905,1791052724002386,1481,0,3,8,8,8,7,6,29
2,125,124,1791052724050905,1791052724052349,1444,0,4,9,9,9,8,8,40
2,126,125,1791052724100905,1791052724102261,1356,0,5,9,9,9,9,8,37
2,127,126,1791052724150905,1791052724152364,1459,0,6,7,7,7,7,2,10
2,128,127,1791052724200905,1791052724202381,1476,0,7,11,11,11,11,7,30
2,129,128,1791052724250905,1791052724252491,1586,0,8,6,6,6,5,4,18
2,130,129,1791052724300905,1791052724301741,836,0,9,12,12,12,11,11,47
2,131,130,1791052724350905,1791052724352555,1650,0,10,10,10,10,9,6,30
2,132,131,1791052724400905,1791052724402401,1496,0,11,12,12,12,12,12,55
2,133,132,1791052724450905,1791052724452356,1451,0,12,10,10,10,10,6,27
2,134,133,1791052724500905,1791052724502287,1382,0,13,10,10,10,8,4,20
2,135,134,1791052724550905,1791052724552131,1226,0,14,11,11,11,10,6,30
2,136,135,1791052724600905,1791052724602360,1455,0,15,16,16,16,16,15,70
2,137,136,1791052724650905,1791052724652433,1528,0,16,13,13,13,12,8,37
2,138,137,1791052724700905,1791052724702114,1209,0,17,11,11,11,10,10,42
2,139,138,1791052724750905,1791052724752659,1754,0,18,7,7,7,6,4,20
2,140,139,1791052724800905,1791052724802375,1470,0,19,10,10,10,7,4,14
2,141,140,1791052724850905,1791052724852477,1572,0,0,7,7,7,7,2,10
2,142,141,1791052724900905,1791052724902054,1149,0,1,13,13,13,12,10,50
2,143,142,1791052724950905,1791052724952372,1467,0,2,8,8,8,8,6,30
2,144,143,1791052725000905,1791052725002410,1505,0,3,8,8,8,9,8,31
2,145,144,1791052725050905,1791052725052580,1675,0,4,9,9,9,9,8,40
2,146,145,1791052725100905,1791052725101793,888,0,5,9,9,9,7,4,11
2,147,146,1791052725150905,1791052725152184,1279,0,6,7,7,7,7,7,28
2,148,147,1791052725200905,1791052725202395,1490,0,7,11,11,11,9,6,26
2,149,148,1791052725250905,1791052725252788,1883,0,8,6,6,6,5,4,14
2,150,149,1791052725300905,1791052725301850,945,0,9,12,12,12,12,11,46
2,151,150,1791052725350905,1791052725352031,1126,0,10,10,10,10,9,6,30
2,152,151,1791052725400905,1791052725402268,1363,0,11,12,12,12,12,12,57
2,153,152,1791052725450905,1791052725452361,1456,0,12,10,10,10,8,4,20
2,154,153,1791052725500905,1791052725501866,961,0,13,10,10,10,10,7,26
2,155,154,1791052725550905,1791052725551913,1008,0,14,11,11,11,9,9,40
2,156,155,1791052725600905,1791052725602495,1590,0,15,16,16,16,15,12,60
2,157,156,1791052725650905,1791052725652561,1656,0,16,13,13,13,13,9,32
2,158,157,1791052725700905,1791052725702398,1493,0,17,11,11,11,10,8,36
2,159,158,1791052725750905,1791052725752213,1308,0,18,7,7,7,7,6,30
2,160,159,1791052725800905,1791052725802383,1478,0,19,10,10,10,9,6,25
2,161,160,1791052725850905,1791052725852582,1677,0,0,7,7,7,7,4,20
2,162,161,1791052725900905,1791052725901953,1048,0,1,13,13,13,13,10,48
2,163,162,1791052725950905,1791052725951916,1011,0,2,8,8,8,8,6,30
2,164,163,1791052726000905,1791052726002383,1478,0,3,8,8,8,8,6,23
2,165,164,1791052726050905,1791052726052534,1629,0,4,9,9,9,9,9,38
2,166,165,1791052726100905,1791052726102699,1794,0,5,9,9,9,9,8,35
2,167,166,1791052726150905,1791052726152716,1811,0,6,7,7,7,7,2,10
2,168,167,1791052726200905,1791052726202473,1568,0,7,11,11,11,12,10,41
2,169,168,1791052726250905,1791052726252071,1166,0,8,6,6,6,3,0,0
2,170,169,1791052726300905,1791052726301898,993,0,9,12,12,12,11,6,25
2,171,170,1791052726350905,1791052726352112,1207,0,10,10,10,10,10,10,44
2,172,171,1791052726400905,1791052726402351,1446,0,11,12,12,12,12,12,52
2,173,172,1791052726450905,1791052726452636,1731,0,12,10,10,10,10,6,30
2,174,173,1791052726500905,1791052726501964,1059,0,13,10,10,10,9,4,20
2,175,174,1791052726550905,1791052726552071,1166,0,14,11,11,11,11,6,26
2,176,175,1791052726600905,1791052726602587,1682,0,15,16,16,16,17,17,74
2,177,176,1791052726650905,1791052726651984,1079,0,16,13,13,13,13,6,30
2,178,177,1791052726700905,1791052726702029,1124,0,17,11,11,11,11,9,36
2,179,178,1791052726750905,1791052726752168,1263,0,18,7,7,7,7,6,22
2,180,179,1791052726800905,1791052726802424,1519,0,19,10,10,10,8,6,21
2,181,180,1791052726850905,1791052726852163,1258,0,0,7,7,7,5,4,19
2,182,181,1791052726900905,1791052726902317,1412,0,1,13,13,13,12,10,50
2,183,182,1791052726950905,1791052726952321,1416,0,2,8,8,8,8,6,22
2,184,183,1791052727000905,1791052727002464,1559,0,3,8,8,8,8,6,21
2,185,184,1791052727050905,1791052727052546,1641,0,4,9,9,9,9,8,35
2,186,185,1791052727100905,1791052727101777,872,0,5,9,9,9,9,6,26
2,187,186,1791052727150905,1791052727152586,1681,0,6,7,7,7,6,4,15
2,188,187,1791052727200905,1791052727202334,1429,0,7,11,11,11,12,8,40
2,189,188,1791052727250905,1791052727251782,877,0,8,6,6,6,3,2,6
2,190,189,1791052727300905,1791052727302726,1821,0,9,12,12,12,12,10,46
2,191,190,1791052727350905,1791052727352662,1757,0,10,10,10,10,10,8,40
2,192,191,1791052727400905,1791052727402468,1563,0,11,12,12,12,13,13,60
2,193,192,1791052727450905,1791052727452433,1528,0,12,10,10,10,9,6,23
2,194,193,1791052727500905,1791052727502747,1842,0,13,10,10,10,9,7,26
2,195,194,1791052727550905,1791052727552680,1775,0,14,11,11,11,10,8,33
2,196,195,1791052727600905,1791052727602399,1494,0,15,16,16,16,15,14,70
2,197,196,1791052727650905,1791052727652477,1572,0,16,13,13,13,12,8,35
2,198,197,1791052727700905,1791052727702723,1818,0,17,11,11,11,10,8,40
2,199,198,1791052727750905,1791052727752172,1267,0,18,7,7,7,7,6,29
2,200,199,1791052727800905,1791052727802382,1477,0,19,10,10,10,8,5,19
2,201,200,1791052727850905,1791052727852687,1782,0,0,7,7,7,6,4,20
2,202,201,1791052727900905,1791052727901913,1008,0,1,13,13,13,12,10,49
2,203,202,1791052727950905,1791052727952748,1843,0,2,8,8,8,8,6,30
2,204,203,1791052728000905,1791052728002221,1316,0,3,8,8,8,8,8,33
2,205,204,1791052728050905,1791052728052504,1599,0,4,9,9,9,9,8,35
2,206,205,1791052728100905,1791052728102485,1580,0,5,9,9,9,6,4,14
2,207,206,1791052728150905,1791052728152549,1644,0,6,7,7,7,7,2,10
2,208,207,1791052728200905,1791052728202365,1460,0,7,11,11,11,11,9,40
2,209,208,1791052728250905,1791052728252481,1576,0,8,6,6,6,6,2,9
2,210,209,1791052728300905,1791052728302380,1475,0,9,12,12,12,12,6,27
2,211,210,1791052728350905,1791052728351993,1088,0,10,10,10,10,10,10,46
2,212,211,1791052728400905,1791052728402357,1452,0,11,12,12,12,11,10,42
2,213,212,1791052728450905,1791052728452479,1574,0,12,10,10,10,9,6,22
2,214,213,1791052728500905,1791052728502668,1763,0,13,10,10,10,10,8,35
2,215,214,1791052728550905,1791052728551758,853,0,14,11,11,11,5,4,20
2,216,215,1791052728600905,1791052728602358,1453,0,15,16,16,16,15,13,55
2,217,216,1791052728650905,1791052728652659,1754,0,16,13,13,13,12,7,23
2,218,217,1791052728700905,1791052728702679,1774,0,17,11,11,11,10,4,14
2,219,218,1791052728750905,1791052728752748,1843,0,18,7,7,7,7,7,29
2,220,219,1791052728800905,1791052728802218,1313,0,19,10,10,10,9,4,14
2,221,220,1791052728850905,1791052728851941,1036,0,0,7,7,7,7,2,10
2,222,221,1791052728900905,1791052728902165,1260,0,1,13,13,13,11,10,48
2,223,222,1791052728950905,1791052728952299,1394,0,2,8,8,8,8,6,30
2,224,223,1791052729000905,1791052729002455,1550,0,3,8,8,8,7,5,14
2,225,224,1791052729050905,1791052729052277,1372,0,4,9,9,9,9,7,30
2,226,225,1791052729100905,1791052729102179,1274,0,5,9,9,9,7,6,30
2,227,226,1791052729150905,1791052729152223,1318,0,6,7,7,7,7,2,7
2,228,227,1791052729200905,1791052729202565,1660,0,7,11,11,11,11,6,30
2,229,228,1791052729250905,1791052729252549,1644,0,8,6,6,6,5,2,6
2,230,229,1791052729300905,1791052729302469,1564,0,9,12,12,12,11,6,30
2,231,230,1791052729350905,1791052729352633,1728,0,10,10,10,10,10,10,50
2,232,231,1791052729400905,1791052729402241,1336,0,11,12,12,12,11,10,46
2,233,232,1791052729450905,1791052729452092,1187,0,12,10,10,10,10,6,27
2,234,233,1791052729500905,1791052729501891,986,0,13,10,10,10,8,6,29
2,235,234,1791052729550905,1791052729551875,970,0,14,11,11,11,10,9,40
2,236,235,1791052729600905,1791052729602263,1358,0,15,16,16,16,17,12,60
2,237,236,1791052729650905,1791052729652589,1684,0,16,13,13,13,9,6,26
2,238,237,1791052729700905,1791052729702782,1877,0,17,11,11,11,11,7,25
2,239,238,1791052729750905,1791052729752066,1161,0,18,7,7,7,7,6,30
2,240,239,1791052729800905,1791052729802455,1550,0,19,10,10,10,8,5,15
2,241,240,1791052729850905,1791052729852536,1631,0,0,7,7,7,7,2,10
2,242,241,1791052729900905,1791052729902614,1709,0,1,13,13,13,13,12,58
2,243,242,1791052729950905,1791052729951880,975,0,2,8,8,8,7,4,20
2,244,243,1791052730000905,1791052730002378,1473,0,3,8,8,8,7,4,20
2,245,244,1791052730050905,1791052730052237,1332,0,4,9,9,9,9,7,28
2,246,245,1791052730100905,1791052730101872,967,0,5,9,9,9,8,6,30
2,247,246,1791052730150905,1791052730152708,1803,0,6,7,7,7,7,2,10
2,248,247,1791052730200905,1791052730202535,1630,0,7,11,11,11,12,9,35
2,249,248,1791052730250905,1791052730252409,1504,0,8,6,6,6,6,4,17
2,250,249,1791052730300905,1791052730302611,1706,0,9,12,12,12,11,8,37
2,251,250,1791052730350905,1791052730352704,1799,0,10,10,10,10,10,10,42
2,252,251,1791052730400905,1791052730402370,1465,0,11,12,12,12,11,10,50
2,253,252,1791052730450905,1791052730452209,1304,0,12,10,10,10,9,9,34
2,254,253,1791052730500905,1791052730502622,1717,0,13,10,10,10,10,6,24
2,255,254,1791052730550905,1791052730551820,915,0,14,11,11,11,10,6,29
2,256,255,1791052730600905,1791052730602372,1467,0,15,16,16,16,15,15,65
2,257,256,1791052730650905,1791052730652391,1486,0,16,13,13,13,12,6,30
2,258,257,1791052730700905,1791052730702498,1593,0,17,11,11,11,10,6,22
2,259,258,1791052730750905,1791052730752448,1543,0,18,7,7,7,7,6,26
2,260,259,1791052730800905,1791052730802286,1381,0,19,10,10,10,8,6,27
2,261,260,1791052730850905,1791052730851860,955,0,0,7,7,7,6,4,20
2,262,261,1791052730900905,1791052730901888,983,0,1,13,13,13,12,10,45
2,263,262,1791052730950905,1791052730951939,1034,0,2,8,8,8,8,6,30
2,264,263,1791052731000905,1791052731002371,1466,0,3,8,8,8,8,5,20
2,265,264,1791052731050905,1791052731052502,1597,0,4,9,9,9,8,8,32
2,266,265,1791052731100905,1791052731102456,1551,0,5,9,9,9,9,7,27
2,267,266,1791052731150905,1791052731152137,1232,0,6,7,7,7,7,4,13
2,268,267,1791052731200905,1791052731202396,1491,0,7,11,11,11,12,9,37
2,269,268,1791052731250905,1791052731252381,1476,0,8,6,6,6,4,0,0
2,270,269,1791052731300905,1791052731302200,1295,0,9,12,12,12,11,4,20
2,271,270,1791052731350905,1791052731352441,1536,0,10,10,10,10,10,10,44
2,272,271,1791052731400905,1791052731402431,1526,0,11,12,12,12,11,10,43
2,273,272,1791052731450905,1791052731452508,1603,0,12,10,10,10,9,9,33
2,274,273,1791052731500905,1791052731502493,1588,0,13,10,10,10,9,8,32
2,275,274,1791052731550905,1791052731552330,1425,0,14,11,11,11,7,6,27
2,276,275,1791052731600905,1791052731602492,1587,0,15,16,16,16,17,15,63
2,277,276,1791052731650905,1791052731652312,1407,0,16,13,13,13,12,7,19
2,278,277,1791052731700905,1791052731702441,1536,0,17,11,11,11,11,4,20
2,279,278,1791052731750905,1791052731752482,1577,0,18,7,7,7,6,6,21
2,280,279,1791052731800905,1791052731802313,1408,0,19,10,10,10,8,8,31
2,281,280,1791052731850905,1791052731852010,1105,0,0,7,7,7,7,4,20
2,282,281,1791052731900905,1791052731902522,1617,0,1,13,13,13,11,10,46
2,283,282,1791052731950905,1791052731951962,1057,0,2,8,8,8,8,6,26
2,284,283,1791052732000905,1791052732002395,1490,0,3,8,8,8,7,2,10
2,285,284,1791052732050905,1791052732052234,1329,0,4,9,9,9,9,6,30
2,286,285,1791052732100905,1791052732102582,1677,0,5,9,9,9,8,6,30
2,287,286,1791052732150905,1791052732151972,1067,0,6,7,7,7,7,2,10
2,288,287,1791052732200905,1791052732202327,1422,0,7,11,11,11,10,8,35
2,289,288,1791052732250905,1791052732252056,1151,0,8,6,6,6,5,2,9
2,290,289,1791052732300905,1791052732302023,1118,0,9,12,12,12,12,8,35
2,291,290,1791052732350905,1791052732352074,1169,0,10,10,10,10,10,10,49
2,292,291,1791052732400905,1791052732402446,1541,0,11,12,12,12,13,10,43
2,293,292,1791052732450905,1791052732452042,1137,0,12,10,10,10,10,8,35
2,294,293,1791052732500905,1791052732501953,1048,0,13,10,10,10,7,2,10
2,295,294,1791052732550905,1791052732552122,1217,0,14,11,11,11,11,8,35
2,296,295,1791052732600905,1791052732602473,1568,0,15,16,16,16,16,16,68
2,297,296,1791052732650905,1791052732652012,1107,0,16,13,13,13,12,6,29
2,298,297,1791052732700905,1791052732702450,1545,0,17,11,11,11,10,7,28
2,299,298,1791052732750905,1791052732752662,1757,0,18,7,7,7,7,6,22
2,300,299,1791052732800905,1791052732802274,1369,0,19,10,10,10,10,8,36
2,301,300,1791052732850905,1791052732852077,1172,0,0,7,7,7,7,4,20
2,302,301,1791052732900905,1791052732901995,1090,0,1,13,13,13,11,10,48
2,303,302,1791052732950905,1791052732951909,1004,0,2,8,8,8,8,6,27
2,304,303,1791052733000905,1791052733002480,1575,0,3,8,8,8,9,8,31
2,305,304,1791052733050905,1791052733052280,1375,0,4,9,9,9,9,8,40
2,306,305,1791052733100905,1791052733102163,1258,0,5,9,9,9,9,9,34
2,307,306,1791052733150905,1791052733151889,984,0,6,7,7,7,6,0,0
2,308,307,1791052733200905,1791052733202354,1449,0,7,11,11,11,11,8,40
2,309,308,1791052733250905,1791052733252399,1494,0,8,6,6,6,5,2,10
2,310,309,1791052733300905,1791052733302376,1471,0,9,12,12,12,12,8,40
2,311,310,1791052733350905,1791052733352416,1511,0,10,10,10,10,10,8,36
2,312,311,1791052733400905,1791052733402338,1433,0,11,12,12,12,13,11,48
2,313,312,1791052733450905,1791052733452363,1458,0,12,10,10,10,9,6,29
2,314,313,1791052733500905,1791052733502470,1565,0,13,10,10,10,8,5,15
2,315,314,1791052733550905,1791052733551757,852,0,14,11,11,11,10,6,27
2,316,315,1791052733600905,1791052733602313,1408,0,15,16,16,16,14,10,50
2,317,316,1791052733650905,1791052733651985,1080,0,16,13,13,13,13,6,30
2,318,317,1791052733700905,1791052733702585,1680,0,17,11,11,11,11,4,20
2,319,318,1791052733750905,1791052733752101,1196,0,18,7,7,7,7,6,23
2,320,319,1791052733800905,1791052733802347,1442,0,19,10,10,10,10,8,30
2,321,320,1791052733850905,1791052733852167,1262,0,0,7,7,7,5,4,17
2,322,321,1791052733900905,1791052733902064,1159,0,1,13,13,13,13,11,47
2,323,322,1791052733950905,1791052733951778,873,0,2,8,8,8,8,6,30
2,324,323,1791052734000905,1791052734002233,1328,0,3,8,8,8,7,4,19
2,325,324,1791052734050905,1791052734052672,1767,0,4,9,9,9,9,6,30
2,326,325,1791052734100905,1791052734101827,922,0,5,9,9,9,7,4,20
2,327,326,1791052734150905,1791052734152664,1759,0,6,7,7,7,5,5,20
2,328,327,1791052734200905,1791052734202469,1564,0,7,11,11,11,11,7,26
2,329,328,1791052734250905,1791052734252133,1228,0,8,6,6,6,5,4,20
2,330,329,1791052734300905,1791052734301972,1067,0,9,12,12,12,11,2,9
2,331,330,1791052734350905,1791052734351785,880,0,10,10,10,10,10,8,40
2,332,331,1791052734400905,1791052734402348,1443,0,11,12,12,12,12,10,47
2,333,332,1791052734450905,1791052734452239,1334,0,12,10,10,10,9,8,30
2,334,333,1791052734500905,1791052734502129,1224,0,13,10,10,10,7,4,15
2,335,334,1791052734550905,1791052734552617,1712,0,14,11,11,11,11,8,34
2,336,335,1791052734600905,1791052734602384,1479,0,15,16,16,16,15,14,61
2,337,336,1791052734650905,1791052734651792,887,0,16,13,13,13,13,8,35
2,338,337,1791052734700905,1791052734701899,994,0,17,11,11,11,10,8,33
2,339,338,1791052734750905,1791052734751965,1060,0,18,7,7,7,7,6,30
2,340,339,1791052734800905,1791052734802308,1403,0,19,10,10,10,10,8,33
2,341,340,1791052734850905,1791052734852393,1488,0,0,7,7,7,6,2,9
2,342,341,1791052734900905,1791052734902613,1708,0,1,13,13,13,13,10,50
2,343,342,1791052734950905,1791052734951782,877,0,2,8,8,8,8,6,28
2,344,343,1791052735000905,1791052735002408,1503,0,3,8,8,8,9,9,35
2,345,344,1791052735050905,1791052735051860,955,0,4,9,9,9,9,6,30
2,346,345,1791052735100905,1791052735102759,1854,0,5,9,9,9,9,8,30
2,347,346,1791052735150905,1791052735152660,1755,0,6,7,7,7,6,2,10
2,348,347,1791052735200905,1791052735202208,1303,0,7,11,11,11,11,6,30
2,349,348,1791052735250905,1791052735252009,1104,0,8,6,6,6,6,2,10
2,350,349,1791052735300905,1791052735301897,992,0,9,12,12,12,11,4,20
2,351,350,1791052735350905,1791052735352758,1853,0,10,10,10,10,10,10,50
2,352,351,1791052735400905,1791052735402386,1481,0,11,12,12,12,10,8,37
2,353,352,1791052735450905,1791052735452309,1404,0,12,10,10,10,8,6,28
2,354,353,1791052735500905,1791052735502550,1645,0,13,10,10,10,9,9,39
2,355,354,1791052735550905,1791052735552602,1697,0,14,11,11,11,6,4,13
2,356,355,1791052735600905,1791052735602492,1587,0,15,16,16,16,15,13,48
2,357,356,1791052735650905,1791052735652129,1224,0,16,13,13,13,9,5,18
2,358,357,1791052735700905,1791052735702067,1162,0,17,11,11,11,10,4,13
2,359,358,1791052735750905,1791052735751934,1029,0,18,7,7,7,7,6,30
2,360,359,1791052735800905,1791052735802345,1440,0,19,10,10,10,10,4,16
2,361,360,1791052735850905,1791052735852197,1292,0,0,7,7,7,5,2,10
2,362,361,1791052735900905,1791052735902806,1901,0,1,13,13,13,13,12,54
2,363,362,1791052735950905,1791052735952707,1802,0,2,8,8,8,8,6,26
2,364,363,1791052736000905,1791052736002273,1368,0,3,8,8,8,8,4,20
2,365,364,1791052736050905,1791052736052402,1497,0,4,9,9,9,9,6,29
2,366,365,1791052736100905,1791052736102217,1312,0,5,9,9,9,9,7,28
2,367,366,1791052736150905,1791052736152172,1267,0,6,7,7,7,6,4,15
2,368,367,1791052736200905,1791052736202286,1381,0,7,11,11,11,11,9,40
2,369,368,1791052736250905,1791052736252513,1608,0,8,6,6,6,6,2,10
2,370,369,1791052736300905,1791052736302457,1552,0,9,12,12,12,11,8,35
2,371,370,1791052736350905,1791052736352145,1240,0,10,10,10,10,10,10,41
2,372,371,1791052736400905,1791052736402395,1490,0,11,12,12,12,12,12,53
2,373,372,1791052736450905,1791052736452257,1352,0,12,10,10,10,7,4,20
2,374,373,1791052736500905,1791052736502189,1284,0,13,10,10,10,7,4,13
2,375,374,1791052736550905,1791052736552246,1341,0,14,11,11,11,11,6,24
2,376,375,1791052736600905,1791052736602560,1655,0,15,16,16,16,16,16,71
2,377,376,1791052736650905,1791052736652112,1207,0,16,13,13,13,10,6,30
2,378,377,1791052736700905,1791052736701901,996,0,17,11,11,11,8,4,17
2,379,378,1791052736750905,1791052736751847,942,0,18,7,7,7,7,6,21
2,380,379,1791052736800905,1791052736802370,1465,0,19,10,10,10,9,5,18
2,381,380,1791052736850905,1791052736852311,1406,0,0,7,7,7,7,6,25
2,382,381,1791052736900905,1791052736902164,1259,0,1,13,13,13,11,6,30
2,383,382,1791052736950905,1791052736952367,1462,0,2,8,8,8,7,6,29
2,384,383,1791052737000905,1791052737002292,1387,0,3,8,8,8,9,8,22
2,385,384,1791052737050905,1791052737052157,1252,0,4,9,9,9,9,9,34
2,386,385,1791052737100905,1791052737102101,1196,0,5,9,9,9,9,7,28
2,387,386,1791052737150905,1791052737152026,1121,0,6,7,7,7,6,4,18
2,388,387,1791052737200905,1791052737202366,1461,0,7,11,11,11,12,10,43
2,389,388,1791052737250905,1791052737252499,1594,0,8,6,6,6,4,2,3
2,390,389,1791052737300905,1791052737302632,1727,0,9,12,12,12,11,4,20
2,391,390,1791052737350905,1791052737352608,1703,0,10,10,10,10,9,6,30
2,392,391,1791052737400905,1791052737402132,1227,0,11,12,12,12,11,10,47
2,393,392,1791052737450905,1791052737451909,1004,0,12,10,10,10,9,7,29
2,394,393,1791052737500905,1791052737502763,1858,0,13,10,10,10,6,2,9
2,395,394,1791052737550905,1791052737551901,996,0,14,11,11,11,10,4,20
2,396,395,1791052737600905,1791052737602405,1500,0,15,16,16,16,17,14,67
2,397,396,1791052737650905,1791052737652567,1662,0,16,13,13,13,12,8,35
2,398,397,1791052737700905,1791052737702592,1687,0,17,11,11,11,10,4,19
2,399,398,1791052737750905,1791052737751894,989,0,18,7,7,7,7,6,23
2,400,399,1791052737800905,1791052737802482,1577,0,19,10,10,10,9,9,32
2,401,400,1791052737850905,1791052737852360,1455,0,0,7,7,7,6,4,20
2,402,401,1791052737900905,1791052737902541,1636,0,1,13,13,13,9,6,24
2,403,402,1791052737950905,1791052737952659,1754,0,2,8,8,8,8,6,30
2,404,403,1791052738000905,1791052738002370,1465,0,3,8,8,8,5,2,10
2,405,404,1791052738050905,1791052738052227,1322,0,4,9,9,9,8,4,20
2,406,405,1791052738100905,1791052738102256,1351,0,5,9,9,9,9,8,40
2,407,406,1791052738150905,1791052738152129,1224,0,6,7,7,7,7,2,6
2,408,407,1791052738200905,1791052738202448,1543,0,7,11,11,11,11,9,40
2,409,408,1791052738250905,1791052738252639,1734,0,8,6,6,6,4,4,13
2,410,409,1791052738300905,1791052738302531,1626,0,9,12,12,12,12,12,53
2,411,410,1791052738350905,1791052738352549,1644,0,10,10,10,10,6,6,25
2,412,411,1791052738400905,1791052738402224,1319,0,11,12,12,12,10,8,40
2,413,412,1791052738450905,1791052738452283,1378,0,12,10,10,10,9,7,29
2,414,413,1791052738500905,1791052738502393,1488,0,13,10,10,10,9,2,8
2,415,414,1791052738550905,1791052738552240,1335,0,14,11,11,11,11,6,30
2,416,415,1791052738600905,1791052738602466,1561,0,15,16,16,16,16,14,60
2,417,416,1791052738650905,1791052738652466,1561,0,16,13,13,13,13,6,30
2,418,417,1791052738700905,1791052738702457,1552,0,17,11,11,11,11,7,30
2,419,418,1791052738750905,1791052738752557,1652,0,18,7,7,7,7,6,30
2,420,419,1791052738800905,1791052738802445,1540,0,19,10,10,10,8,2,10
2,421,420,1791052738850905,1791052738852505,1600,0,0,7,7,7,7,2,10
2,422,421,1791052738900905,1791052738902549,1644,0,1,13,13,13,11,8,40
2,423,422,1791052738950905,1791052738952451,1546,0,2,8,8,8,8,6,30
2,424,423,1791052739000905,1791052739002412,1507,0,3,8,8,8,8,7,28
2,425,424,1791052739050905,1791052739052558,1653,0,4,9,9,9,9,8,38
2,426,425,1791052739100905,1791052739102576,1671,0,5,9,9,9,8,8,33
2,427,426,1791052739150905,1791052739152522,1617,0,6,7,7,7,6,2,10
2,428,427,1791052739200905,1791052739202338,1433,0,7,11,11,11,10,8,40
2,429,428,1791052739250905,1791052739252162,1257,0,8,6,6,6,5,2,8
2,430,429,1791052739300905,1791052739302220,1315,0,9,12,12,12,12,8,38
2,431,430,1791052739350905,1791052739352570,1665,0,10,10,10,10,9,8,31
2,432,431,1791052739400905,1791052739402304,1399,0,11,12,12,12,13,10,40
2,433,432,1791052739450905,1791052739452347,1442,0,12,10,10,10,9,6,28
2,434,433,1791052739500905,1791052739502374,1469,0,13,10,10,10,9,6,29
2,435,434,1791052739550905,1791052739552500,1595,0,14,11,11,11,9,6,30
2,436,435,1791052739600905,1791052739602382,1477,0,15,16,16,16,16,14,63
2,437,436,1791052739650905,1791052739652520,1615,0,16,13,13,13,12,6,26
2,438,437,1791052739700905,1791052739702767,1862,0,17,11,11,11,11,4,12
2,439,438,1791052739750905,1791052739752769,1864,0,18,7,7,7,7,6,28
2,440,439,1791052739800905,1791052739802429,1524,0,19,10,10,10,9,6,25
2,441,440,1791052739850905,1791052739852674,1769,0,0,7,7,7,7,4,16
2,442,441,1791052739900905,1791052739902269,1364,0,1,13,13,13,10,8,40
2,443,442,1791052739950905,1791052739952295,1390,0,2,8,8,8,8,6,30
2,444,443,1791052740000905,1791052740002489,1584,0,3,8,8,8,8,4,13
2,445,444,1791052740050905,1791052740051862,957,0,4,9,9,9,9,7,29
2,446,445,1791052740100905,1791052740101981,1076,0,5,9,9,9,9,6,30
2,447,446,1791052740150905,1791052740151810,905,0,6,7,7,7,7,6,21
2,448,447,1791052740200905,1791052740202439,1534,0,7,11,11,11,10,9,39
2,449,448,1791052740250905,1791052740252137,1232,0,8,6,6,6,4,0,0
2,450,449,1791052740300905,1791052740302138,1233,0,9,12,12,12,12,6,27
2,451,450,1791052740350905,1791052740352323,1418,0,10,10,10,10,10,10,49
2,452,451,1791052740400905,1791052740402523,1618,0,11,12,12,12,13,10,43
2,453,452,1791052740450905,1791052740452609,1704,0,12,10,10,10,9,6,25
2,454,453,1791052740500905,1791052740502594,1689,0,13,10,10,10,8,4,17
2,455,454,1791052740550905,1791052740551861,956,0,14,11,11,11,11,6,30
2,456,455,1791052740600905,1791052740602371,1466,0,15,16,16,16,16,16,72
2,457,456,1791052740650905,1791052740652103,1198,0,16,13,13,13,12,6,30
2,458,457,1791052740700905,1791052740702078,1173,0,17,11,11,11,9,5,15
2,459,458,1791052740750905,1791052740752152,1247,0,18,7,7,7,7,6,28
2,460,459,1791052740800905,1791052740802390,1485,0,19,10,10,10,10,7,30
2,461,460,1791052740850905,1791052740852412,1507,0,0,7,7,7,7,4,18
2,462,461,1791052740900905,1791052740902451,1546,0,1,13,13,13,11,10,44
2,463,462,1791052740950905,1791052740952510,1605,0,2,8,8,8,8,6,22
2,464,463,1791052741000905,1791052741002223,1318,0,3,8,8,8,8,6,26
2,465,464,1791052741050905,1791052741052115,1210,0,4,9,9,9,8,6,30
2,466,465,1791052741100905,1791052741102119,1214,0,5,9,9,9,8,6,30
2,467,466,1791052741150905,1791052741152721,1816,0,6,7,7,7,7,5,14
2,468,467,1791052741200905,1791052741202171,1266,0,7,11,11,11,11,6,30
2,469,468,1791052741250905,1791052741252238,1333,0,8,6,6,6,5,4,18
2,470,469,1791052741300905,1791052741302127,1222,0,9,12,12,12,12,10,50
2,471,470,1791052741350905,1791052741352118,1213,0,10,10,10,10,9,8,31
2,472,471,1791052741400905,1791052741402464,1559,0,11,12,12,12,13,12,50
2,473,472,1791052741450905,1791052741452532,1627,0,12,10,10,10,9,6,24
2,474,473,1791052741500905,1791052741502616,1711,0,13,10,10,10,7,4,15
2,475,474,1791052741550905,1791052741551980,1075,0,14,11,11,11,11,6,30
2,476,475,1791052741600905,1791052741602340,1435,0,15,16,16,16,16,14,70
2,477,476,1791052741650905,1791052741651832,927,0,16,13,13,13,12,8,33
2,478,477,1791052741700905,1791052741702086,1181,0,17,11,11,11,11,9,39
2,479,478,1791052741750905,1791052741752769,1864,0,18,7,7,7,7,6,24
2,480,479,1791052741800905,1791052741802326,1421,0,19,10,10,10,10,6,21
2,481,480,1791052741850905,1791052741851967,1062,0,0,7,7,7,7,4,17
2,482,481,1791052741900905,1791052741902085,1180,0,1,13,13,13,13,10,48
2,483,482,1791052741950905,1791052741952502,1597,0,2,8,8,8,8,6,30
2,484,483,1791052742000905,1791052742002447,1542,0,3,8,8,8,7,4,19
2,485,484,1791052742050905,1791052742052637,1732,0,4,9,9,9,8,6,30
2,486,485,1791052742100905,1791052742101894,989,0,5,9,9,9,9,6,30
2,487,486,1791052742150905,1791052742152530,1625,0,6,7,7,7,7,2,10
2,488,487,1791052742200905,1791052742202179,1274,0,7,11,11,11,12,9,37
2,489,488,1791052742250905,1791052742252498,1593,0,8,6,6,6,6,2,10
2,490,489,1791052742300905,1791052742301988,1083,0,9,12,12,12,11,8,40
2,491,490,1791052742350905,1791052742352148,1243,0,10,10,10,10,10,8,38
2,492,491,1791052742400905,1791052742402387,1482,0,11,12,12,12,11,10,50
2,493,492,1791052742450905,1791052742452676,1771,0,12,10,10,10,9,6,29
2,494,493,1791052742500905,1791052742502099,1194,0,13,10,10,10,10,6,30
2,495,494,1791052742550905,1791052742552486,1581,0,14,11,11,11,10,9,40
2,496,495,1791052742600905,1791052742602275,1370,0,15,16,16,16,17,14,60
2,497,496,1791052742650905,1791052742651900,995,0,16,13,13,13,12,9,32
2,498,497,1791052742700905,1791052742702323,1418,0,17,11,11,11,11,9,39
2,499,498,1791052742750905,1791052742752592,1687,0,18,7,7,7,7,6,30
2,500,499,1791052742800905,1791052742802412,1507,0,19,10,10,10,8,2,10
2,501,500,1791052742850905,1791052742852200,1295,0,0,7,7,7,7,2,10
2,502,501,1791052742900905,1791052742902094,1189,0,1,13,13,13,12,8,40
2,503,502,1791052742950905,1791052742951992,1087,0,2,8,8,8,8,6,28
2,504,503,1791052743000905,1791052743002497,1592,0,3,8,8,8,8,7,25
2,505,504,1791052743050905,1791052743052542,1637,0,4,9,9,9,9,8,40
2,506,505,1791052743100905,1791052743102428,1523,0,5,9,9,9,9,8,33
2,507,506,1791052743150905,1791052743152507,1602,0,6,7,7,7,7,2,10
2,508,507,1791052743200905,1791052743202387,1482,0,7,11,11,11,11,10,41
2,509,508,1791052743250905,1791052743252437,1532,0,8,6,6,6,4,2,4
2,510,509,1791052743300905,1791052743302406,1501,0,9,12,12,12,12,8,40
2,511,510,1791052743350905,1791052743352394,1489,0,10,10,10,10,10,9,40
2,512,511,1791052743400905,1791052743402220,1315,0,11,12,12,12,12,11,50
2,513,512,1791052743450905,1791052743452734,1829,0,12,10,10,10,9,8,31
2,514,513,1791052743500905,1791052743501978,1073,0,13,10,10,10,8,4,20
2,515,514,1791052743550905,1791052743552001,1096,0,14,11,11,11,10,6,30
2,516,515,1791052743600905,1791052743602340,1435,0,15,16,16,16,17,16,80
2,517,516,1791052743650905,1791052743652519,1614,0,16,13,13,13,12,8,35
2,518,517,1791052743700905,1791052743702731,1826,0,17,11,11,11,11,10,50
2,519,518,1791052743750905,1791052743752059,1154,0,18,7,7,7,7,6,30
2,520,519,1791052743800905,1791052743802333,1428,0,19,10,10,10,8,5,20
2,521,520,1791052743850905,1791052743851819,914,0,0,7,7,7,6,4,20
2,522,521,1791052743900905,1791052743902205,1300,0,1,13,13,13,11,8,40
2,523,522,1791052743950905,1791052743952241,1336,0,2,8,8,8,8,6,30
2,524,523,1791052744000905,1791052744002416,1511,0,3,8,8,8,8,8,38
2,525,524,1791052744050905,1791052744051752,847,0,4,9,9,9,9,8,40
2,526,525,1791052744100905,1791052744101962,1057,0,5,9,9,9,7,6,23
2,527,526,1791052744150905,1791052744152236,1331,0,6,7,7,7,7,4,15
2,528,527,1791052744200905,1791052744202244,1339,0,7,11,11,11,11,7,30
2,529,528,1791052744250905,1791052744252536,1631,0,8,6,6,6,5,2,6
2,530,529,1791052744300905,1791052744302778,1873,0,9,12,12,12,11,6,30
2,531,530,1791052744350905,1791052744352164,1259,0,10,10,10,10,10,10,41
2,532,531,1791052744400905,1791052744402301,1396,0,11,12,12,12,13,12,52
2,533,532,1791052744450905,1791052744452583,1678,0,12,10,10,10,9,4,20
2,534,533,1791052744500905,1791052744502061,1156,0,13,10,10,10,10,7,28
2,535,534,1791052744550905,1791052744552521,1616,0,14,11,11,11,11,6,27
2,536,535,1791052744600905,1791052744602390,1485,0,15,16,16,16,16,16,71
2,537,536,1791052744650905,1791052744652756,1851,0,16,13,13,13,12,6,30
2,538,537,1791052744700905,1791052744702759,1854,0,17,11,11,11,10,4,13
2,539,538,1791052744750905,1791052744752515,1610,0,18,7,7,7,7,6,30
2,540,539,1791052744800905,1791052744802295,1390,0,19,10,10,10,9,6,28
2,541,540,1791052744850905,1791052744852236,1331,0,0,7,7,7,7,4,20
2,542,541,1791052744900905,1791052744902314,1409,0,1,13,13,13,13,12,51
2,543,542,1791052744950905,1791052744952073,1168,0,2,8,8,8,7,4,20
2,544,543,1791052745000905,1791052745002381,1476,0,3,8,8,8,8,6,21
2,545,544,1791052745050905,1791052745052562,1657,0,4,9,9,9,9,4,20
2,546,545,1791052745100905,1791052745102586,1681,0,5,9,9,9,9,8,40
2,547,546,1791052745150905,1791052745152510,1605,0,6,7,7,7,7,4,15
2,548,547,1791052745200905,1791052745202391,1486,0,7,11,11,11,10,8,40
2,549,548,1791052745250905,1791052745252463,1558,0,8,6,6,6,4,4,16
2,550,549,1791052745300905,1791052745302298,1393,0,9,12,12,12,11,8,36
2,551,550,1791052745350905,1791052745352316,1411,0,10,10,10,10,8,6,30
2,552,551,1791052745400905,1791052745402395,1490,0,11,12,12,12,13,12,51
2,553,552,1791052745450905,1791052745452302,1397,0,12,10,10,10,9,6,30
2,554,553,1791052745500905,1791052745502234,1329,0,13,10,10,10,10,5,20
2,555,554,1791052745550905,1791052745552364,1459,0,14,11,11,11,11,6,30
2,556,555,1791052745600905,1791052745602446,1541,0,15,16,16,16,14,14,70
2,557,556,1791052745650905,1791052745652624,1719,0,16,13,13,13,13,6,29
2,558,557,1791052745700905,1791052745702680,1775,0,17,11,11,11,10,8,33
2,559,558,1791052745750905,1791052745752445,1540,0,18,7,7,7,7,6,22
2,560,559,1791052745800905,1791052745802433,1528,0,19,10,10,10,10,7,26
2,561,560,1791052745850905,1791052745852377,1472,0,0,7,7,7,7,6,24
2,562,561,1791052745900905,1791052745902480,1575,0,1,13,13,13,13,10,46
2,563,562,1791052745950905,1791052745952512,1607,0,2,8,8,8,8,6,26
2,564,563,1791052746000905,1791052746002259,1354,0,3,8,8,8,9,8,38
2,565,564,1791052746050905,1791052746051963,1058,0,4,9,9,9,9,8,35
2,566,565,1791052746100905,1791052746102685,1780,0,5,9,9,9,9,5,16
2,567,566,1791052746150905,1791052746152791,1886,0,6,7,7,7,7,6,30
2,568,567,1791052746200905,1791052746202386,1481,0,7,11,11,11,10,10,44
2,569,568,1791052746250905,1791052746252160,1255,0,8,6,6,6,6,3,9
2,570,569,1791052746300905,1791052746302056,1151,0,9,12,12,12,12,10,43
2,571,570,1791052746350905,1791052746351954,1049,0,10,10,10,10,10,8,36
2,572,571,1791052746400905,1791052746402206,1301,0,11,12,12,12,13,12,53
2,573,572,1791052746450905,1791052746451983,1078,0,12,10,10,10,9,7,29
2,574,573,1791052746500905,1791052746501974,1069,0,13,10,10,10,10,7,29
2,575,574,1791052746550905,1791052746552108,1203,0,14,11,11,11,11,8,40
2,576,575,1791052746600905,1791052746602441,1536,0,15,16,16,16,17,15,70
2,577,576,1791052746650905,1791052746652571,1666,0,16,13,13,13,11,6,30
2,578,577,1791052746700905,1791052746702740,1835,0,17,11,11,11,9,6,24
2,579,578,1791052746750905,1791052746752766,1861,0,18,7,7,7,7,6,22
2,580,579,1791052746800905,1791052746802392,1487,0,19,10,10,10,9,9,33
2,581,580,1791052746850905,1791052746852328,1423,0,0,7,7,7,7,5,18
2,582,581,1791052746900905,1791052746902526,1621,0,1,13,13,13,13,10,50
2,583,582,1791052746950905,1791052746952556,1651,0,2,8,8,8,8,6,30
2,584,583,1791052747000905,1791052747002404,1499,0,3,8,8,8,9,9,40
2,585,584,1791052747050905,1791052747051809,904,0,4,9,9,9,9,6,30
2,586,585,1791052747100905,1791052747102165,1260,0,5,9,9,9,8,8,33
2,587,586,1791052747150905,1791052747152290,1385,0,6,7,7,7,6,3,9
2,588,587,1791052747200905,1791052747202409,1504,0,7,11,11,11,11,6,30
2,589,588,1791052747250905,1791052747252400,1495,0,8,6,6,6,5,4,13
2,590,589,1791052747300905,1791052747302507,1602,0,9,12,12,12,11,6,23
2,591,590,1791052747350905,1791052747352707,1802,0,10,10,10,10,9,8,40
2,592,591,1791052747400905,1791052747402514,1609,0,11,12,12,12,13,13,57
2,593,592,1791052747450905,1791052747452244,1339,0,12,10,10,10,9,4,20
2,594,593,1791052747500905,1791052747502391,1486,0,13,10,10,10,8,6,26
2,595,594,1791052747550905,1791052747552431,1526,0,14,11,11,11,8,6,24
2,596,595,1791052747600905,1791052747602554,1649,0,15,16,16,16,16,12,52
2,597,596,1791052747650905,1791052747652691,1786,0,16,13,13,13,13,8,36
2,598,597,1791052747700905,1791052747702728,1823,0,17,11,11,11,7,4,20
2,599,598,1791052747750905,1791052747752706,1801,0,18,7,7,7,7,6,21
2,600,599,1791052747800905,1791052747802299,1394,0,19,10,10,10,9,9,28
2,601,600,1791052747850905,1791052747852281,1376,0,0,7,7,7,7,4,12
2,602,601,1791052747900905,1791052747902245,1340,0,1,13,13,13,11,8,40
2,603,602,1791052747950905,1791052747952542,1637,0,2,8,8,8,8,6,30
2,604,603,1791052748000905,1791052748002365,1460,0,3,8,8,8,9,6,26
2,605,604,1791052748050905,1791052748052145,1240,0,4,9,9,9,7,7,30
2,606,605,1791052748100905,1791052748102053,1148,0,5,9,9,9,8,6,23
2,607,606,1791052748150905,1791052748152047,1142,0,6,7,7,7,6,4,20
2,608,607,1791052748200905,1791052748202385,1480,0,7,11,11,11,9,6,30
2,609,608,1791052748250905,1791052748252315,1410,0,8,6,6,6,6,2,3
2,610,609,1791052748300905,1791052748302587,1682,0,9,12,12,12,12,4,20
2,611,610,1791052748350905,1791052748352594,1689,0,10,10,10,10,9,8,40
2,612,611,1791052748400905,1791052748402250,1345,0,11,12,12,12,11,10,50
2,613,612,1791052748450905,1791052748452251,1346,0,12,10,10,10,9,6,23
2,614,613,1791052748500905,1791052748502158,1253,0,13,10,10,10,10,6,23
2,615,614,1791052748550905,1791052748552438,1533,0,14,11,11,11,9,6,23
2,616,615,1791052748600905,1791052748602234,1329,0,15,16,16,16,15,14,63
2,617,616,1791052748650905,1791052748652088,1183,0,16,13,13,13,13,6,30
2,618,617,1791052748700905,1791052748702125,1220,0,17,11,11,11,10,4,20
2,619,618,1791052748750905,1791052748752043,1138,0,18,7,7,7,7,6,24
2,620,619,1791052748800905,1791052748802369,1464,0,19,10,10,10,9,7,24
2,621,620,1791052748850905,1791052748852497,1592,0,0,7,7,7,7,6,23
2,622,621,1791052748900905,1791052748902338,1433,0,1,13,13,13,12,9,38
2,623,622,1791052748950905,1791052748952564,1659,0,2,8,8,8,8,6,30
2,624,623,1791052749000905,1791052749002350,1445,0,3,8,8,8,7,4,13
2,625,624,1791052749050905,1791052749052027,1122,0,4,9,9,9,9,6,23
2,626,625,1791052749100905,1791052749102066,1161,0,5,9,9,9,8,6,27
2,627,626,1791052749150905,1791052749152127,1222,0,6,7,7,7,6,2,10
2,628,627,1791052749200905,1791052749202475,1570,0,7,11,11,11,12,8,40
2,629,628,1791052749250905,1791052749252488,1583,0,8,6,6,6,5,0,0
2,630,629,1791052749300905,1791052749302295,1390,0,9,12,12,12,11,6,30
2,631,630,1791052749350905,1791052749352621,1716,0,10,10,10,10,10,10,41
2,632,631,1791052749400905,1791052749402363,1458,0,11,12,12,12,11,10,50
2,633,632,1791052749450905,1791052749452356,1451,0,12,10,10,10,8,7,29
2,634,633,1791052749500905,1791052749502715,1810,0,13,10,10,10,9,5,17
2,635,634,1791052749550905,1791052749552197,1292,0,14,11,11,11,11,6,30
2,636,635,1791052749600905,1791052749602401,1496,0,15,16,16,16,17,16,75
2,637,636,1791052749650905,1791052749651984,1079,0,16,13,13,13,12,8,32
2,638,637,1791052749700905,1791052749702429,1524,0,17,11,11,11,9,6,26
2,639,638,1791052749750905,1791052749752736,1831,0,18,7,7,7,7,6,24
2,640,639,1791052749800905,1791052749802331,1426,0,19,10,10,10,9,8,34
2,641,640,1791052749850905,1791052749852420,1515,0,0,7,7,7,6,4,17
2,642,641,1791052749900905,1791052749902648,1743,0,1,13,13,13,11,8,40
2,643,642,1791052749950905,1791052749952787,1882,0,2,8,8,8,8,6,30
2,644,643,1791052750000905,1791052750002375,1470,0,3,8,8,8,9,7,29
2,645,644,1791052750050905,1791052750052392,1487,0,4,9,9,9,9,8,36
2,646,645,1791052750100905,1791052750102307,1402,0,5,9,9,9,8,6,21
2,647,646,1791052750150905,1791052750152405,1500,0,6,7,7,7,7,2,4
2,648,647,1791052750200905,1791052750202410,1505,0,7,11,11,11,11,8,40
2,649,648,1791052750250905,1791052750251945,1040,0,8,6,6,6,6,4,16
2,650,649,1791052750300905,1791052750301958,1053,0,9,12,12,12,12,8,35
2,651,650,1791052750350905,1791052750352593,1688,0,10,10,10,10,10,10,41
2,652,651,1791052750400905,1791052750402398,1493,0,11,12,12,12,12,10,42
2,653,652,1791052750450905,1791052750452731,1826,0,12,10,10,10,10,6,30
2,654,653,1791052750500905,1791052750502636,1731,0,13,10,10,10,9,4,16
2,655,654,1791052750550905,1791052750551940,1035,0,14,11,11,11,10,6,30
2,656,655,1791052750600905,1791052750602357,1452,0,15,16,16,16,16,16,73
2,657,656,1791052750650905,1791052750652579,1674,0,16,13,13,13,12,8,33
2,658,657,1791052750700905,1791052750702617,1712,0,17,11,11,11,9,6,20
2,659,658,1791052750750905,1791052750752411,1506,0,18,7,7,7,7,6,30
2,660,659,1791052750800905,1791052750802319,1414,0,19,10,10,10,9,5,18
2,661,660,1791052750850905,1791052750852156,1251,0,0,7,7,7,7,4,19
2,662,661,1791052750900905,1791052750902350,1445,0,1,13,13,13,13,10,49
2,663,662,1791052750950905,1791052750952485,1580,0,2,8,8,8,8,6,30
2,664,663,1791052751000905,1791052751002299,1394,0,3,8,8,8,7,4,20
2,665,664,1791052751050905,1791052751052102,1197,0,4,9,9,9,9,6,26
2,666,665,1791052751100905,1791052751102041,1136,0,5,9,9,9,8,6,30
2,667,666,1791052751150905,1791052751152784,1879,0,6,7,7,7,7,2,10
2,668,667,1791052751200905,1791052751202591,1686,0,7,11,11,11,11,8,33
2,669,668,1791052751250905,1791052751251894,989,0,8,6,6,6,6,2,8
2,670,669,1791052751300905,1791052751302340,1435,0,9,12,12,12,10,6,30
2,671,670,1791052751350905,1791052751351794,889,0,10,10,10,10,10,10,47
2,672,671,1791052751400905,1791052751402385,1480,0,11,12,12,12,11,10,46
2,673,672,1791052751450905,1791052751452096,1191,0,12,10,10,10,8,7,26
2,674,673,1791052751500905,1791052751502156,1251,0,13,10,10,10,8,6,22
2,675,674,1791052751550905,1791052751552008,1103,0,14,11,11,11,11,8,39
2,676,675,1791052751600905,1791052751602513,1608,0,15,16,16,16,16,14,64
2,677,676,1791052751650905,1791052751652608,1703,0,16,13,13,13,13,7,30
2,678,677,1791052751700905,1791052751701790,885,0,17,11,11,11,11,4,20
2,679,678,1791052751750905,1791052751752713,1808,0,18,7,7,7,7,6,30
2,680,679,1791052751800905,1791052751802275,1370,0,19,10,10,10,8,4,13
2,681,680,1791052751850905,1791052751851903,998,0,0,7,7,7,7,2,10
2,682,681,1791052751900905,1791052751901871,966,0,1,13,13,13,13,12,53
2,683,682,1791052751950905,1791052751952760,1855,0,2,8,8,8,8,6,30
2,684,683,1791052752000905,1791052752002325,1420,0,3,8,8,8,8,6,25
2,685,684,1791052752050905,1791052752052609,1704,0,4,9,9,9,8,8,36
2,686,685,1791052752100905,1791052752102588,1683,0,5,9,9,9,8,4,17
2,687,686,1791052752150905,1791052752152541,1636,0,6,7,7,7,7,5,20
2,688,687,1791052752200905,1791052752202578,1673,0,7,11,11,11,11,11,46
2,689,688,1791052752250905,1791052752252499,1594,0,8,6,6,6,4,0,0
2,690,689,1791052752300905,1791052752302473,1568,0,9,12,12,12,10,4,20
2,691,690,1791052752350905,1791052752352577,1672,0,10,10,10,10,9,8,40
2,692,691,1791052752400905,1791052752402458,1553,0,11,12,12,12,13,12,51
2,693,692,1791052752450905,1791052752452376,1471,0,12,10,10,10,7,6,26
2,694,693,1791052752500905,1791052752502347,1442,0,13,10,10,10,10,9,25
2,695,694,1791052752550905,1791052752552658,1753,0,14,11,11,11,9,9,38
2,696,695,1791052752600905,1791052752602405,1500,0,15,16,16,16,16,13,57
2,697,696,1791052752650905,1791052752652492,1587,0,16,13,13,13,9,4,20
2,698,697,1791052752700905,1791052752702245,1340,0,17,11,11,11,9,4,17
2,699,698,1791052752750905,1791052752752364,1459,0,18,7,7,7,6,4,20
2,700,699,1791052752800905,1791052752802510,1605,0,19,10,10,10,9,6,24
2,701,700,1791052752850905,1791052752852695,1790,0,0,7,7,7,6,4,18
2,702,701,1791052752900905,1791052752902007,1102,0,1,13,13,13,12,11,47
2,703,702,1791052752950905,1791052752952792,1887,0,2,8,8,8,8,6,30
2,704,703,1791052753000905,1791052753002446,1541,0,3,8,8,8,8,5,15
2,705,704,1791052753050905,1791052753052032,1127,0,4,9,9,9,8,4,20
2,706,705,1791052753100905,1791052753102369,1464,0,5,9,9,9,8,6,30
2,707,706,1791052753150905,1791052753152728,1823,0,6,7,7,7,6,6,21
2,708,707,1791052753200905,1791052753202356,1451,0,7,11,11,11,12,11,47
2,709,708,1791052753250905,1791052753252532,1627,0,8,6,6,6,4,2,9
2,710,709,1791052753300905,1791052753302645,1740,0,9,12,12,12,12,10,45
2,711,710,1791052753350905,1791052753352542,1637,0,10,10,10,10,9,8,36
2,712,711,1791052753400905,1791052753402494,1589,0,11,12,12,12,12,12,51
2,713,712,1791052753450905,1791052753451856,951,0,12,10,10,10,9,6,23
2,714,713,1791052753500905,1791052753502198,1293,0,13,10,10,10,10,8,27
2,715,714,1791052753550905,1791052753552307,1402,0,14,11,11,11,10,6,25
2,716,715,1791052753600905,1791052753602401,1496,0,15,16,16,16,15,14,69
2,717,716,1791052753650905,1791052753652631,1726,0,16,13,13,13,12,8,34
2,718,717,1791052753700905,1791052753702753,1848,0,17,11,11,11,10,6,22
2,719,718,1791052753750905,1791052753752789,1884,0,18,7,7,7,7,6,30
2,720,719,1791052753800905,1791052753802509,1604,0,19,10,10,10,10,6,21
2,721,720,1791052753850905,1791052753852455,1550,0,0,7,7,7,6,2,10
2,722,721,1791052753900905,1791052753902580,1675,0,1,13,13,13,13,12,58
2,723,722,1791052753950905,1791052753952719,1814,0,2,8,8,8,7,6,21
2,724,723,1791052754000905,1791052754002373,1468,0,3,8,8,8,8,6,30
2,725,724,1791052754050905,1791052754052000,1095,0,4,9,9,9,8,6,30
2,726,725,1791052754100905,1791052754102073,1168,0,5,9,9,9,9,6,30
2,727,726,1791052754150905,1791052754151859,954,0,6,7,7,7,6,4,12
2,728,727,1791052754200905,1791052754202495,1590,0,7,11,11,11,11,7,30
2,729,728,1791052754250905,1791052754252487,1582,0,8,6,6,6,5,2,10
2,730,729,1791052754300905,1791052754302243,1338,0,9,12,12,12,12,8,40
2,731,730,1791052754350905,1791052754352571,1666,0,10,10,10,10,10,8,31
2,732,731,1791052754400905,1791052754402503,1598,0,11,12,12,12,12,10,49
2,733,732,1791052754450905,1791052754452673,1768,0,12,10,10,10,9,7,28
2,734,733,1791052754500905,1791052754502715,1810,0,13,10,10,10,8,6,22
2,735,734,1791052754550905,1791052754552736,1831,0,14,11,11,11,10,7,27
2,736,735,1791052754600905,1791052754602163,1258,0,15,16,16,16,17,17,78
2,737,736,1791052754650905,1791052754651965,1060,0,16,13,13,13,9,6,28
2,738,737,1791052754700905,1791052754702105,1200,0,17,11,11,11,9,5,16
2,739,738,1791052754750905,1791052754752132,1227,0,18,7,7,7,7,6,30
2,740,739,1791052754800905,1791052754802408,1503,0,19,10,10,10,11,7,29
2,741,740,1791052754850905,1791052754852291,1386,0,0,7,7,7,6,2,10
2,742,741,1791052754900905,1791052754902637,1732,0,1,13,13,13,13,12,57
2,743,742,1791052754950905,1791052754952032,1127,0,2,8,8,8,8,6,25
2,744,743,1791052755000905,1791052755002328,1423,0,3,8,8,8,8,6,20
2,745,744,1791052755050905,1791052755052037,1132,0,4,9,9,9,8,8,33
2,746,745,1791052755100905,1791052755102036,1131,0,5,9,9,9,8,6,23
2,747,746,1791052755150905,1791052755152128,1223,0,6,7,7,7,6,4,20
2,748,747,1791052755200905,1791052755202467,1562,0,7,11,11,11,11,8,35
2,749,748,1791052755250905,1791052755252293,1388,0,8,6,6,6,6,5,18
2,750,749,1791052755300905,1791052755302300,1395,0,9,12,12,12,12,2,10
2,751,750,1791052755350905,1791052755352158,1253,0,10,10,10,10,10,8,36
2,752,751,1791052755400905,1791052755402399,1494,0,11,12,12,12,12,9,40
2,753,752,1791052755450905,1791052755452556,1651,0,12,10,10,10,8,6,30
2,754,753,1791052755500905,1791052755501803,898,0,13,10,10,10,9,2,10
2,755,754,1791052755550905,1791052755551844,939,0,14,11,11,11,11,8,33
2,756,755,1791052755600905,1791052755602327,1422,0,15,16,16,16,16,14,70
2,757,756,1791052755650905,1791052755652743,1838,0,16,13,13,13,11,6,30
2,758,757,1791052755700905,1791052755702667,1762,0,17,11,11,11,11,10,42
2,759,758,1791052755750905,1791052755752531,1626,0,18,7,7,7,7,6,30
2,760,759,1791052755800905,1791052755802243,1338,0,19,10,10,10,11,7,26
2,761,760,1791052755850905,1791052755852214,1309,0,0,7,7,7,6,2,10
2,762,761,1791052755900905,1791052755902525,1620,0,1,13,13,13,13,10,44
2,763,762,1791052755950905,1791052755952357,1452,0,2,8,8,8,8,6,30
2,764,763,1791052756000905,1791052756002353,1448,0,3,8,8,8,8,7,28
2,765,764,1791052756050905,1791052756052489,1584,0,4,9,9,9,8,8,40
2,766,765,1791052756100905,1791052756102373,1468,0,5,9,9,9,9,6,22
2,767,766,1791052756150905,1791052756152097,1192,0,6,7,7,7,6,2,10
2,768,767,1791052756200905,1791052756202532,1627,0,7,11,11,11,12,10,41
2,769,768,1791052756250905,1791052756252012,1107,0,8,6,6,6,6,4,15
2,770,769,1791052756300905,1791052756302152,1247,0,9,12,12,12,12,8,36
2,771,770,1791052756350905,1791052756352078,1173,0,10,10,10,10,9,8,38
2,772,771,1791052756400905,1791052756402233,1328,0,11,12,12,12,12,10,46
2,773,772,1791052756450905,1791052756452767,1862,0,12,10,10,10,10,6,27
2,774,773,1791052756500905,1791052756502289,1384,0,13,10,10,10,9,4,20
2,775,774,1791052756550905,1791052756552751,1846,0,14,11,11,11,10,6,30
2,776,775,1791052756600905,1791052756602394,1489,0,15,16,16,16,15,15,64
2,777,776,1791052756650905,1791052756652413,1508,0,16,13,13,13,13,6,30
2,778,777,1791052756700905,1791052756702080,1175,0,17,11,11,11,11,7,28
2,779,778,1791052756750905,1791052756751840,935,0,18,7,7,7,7,6,30
2,780,779,1791052756800905,1791052756802389,1484,0,19,10,10,10,9,7,23
2,781,780,1791052756850905,1791052756852579,1674,0,0,7,7,7,7,4,14
2,782,781,1791052756900905,1791052756902360,1455,0,1,13,13,13,12,8,40
2,783,782,1791052756950905,1791052756952340,1435,0,2,8,8,8,8,6,30
2,784,783,1791052757000905,1791052757002417,1512,0,3,8,8,8,8,7,30
2,785,784,1791052757050905,1791052757052598,1693,0,4,9,9,9,9,8,40
2,786,785,1791052757100905,1791052757101782,877,0,5,9,9,9,8,8,31
2,787,786,1791052757150905,1791052757152583,1678,0,6,7,7,7,7,3,7
2,788,787,1791052757200905,1791052757202411,1506,0,7,11,11,11,9,6,30
2,789,788,1791052757250905,1791052757252784,1879,0,8,6,6,6,6,4,19
2,790,789,1791052757300905,1791052757301787,882,0,9,12,12,12,12,10,47
2,791,790,1791052757350905,1791052757351950,1045,0,10,10,10,10,10,8,31
2,792,791,1791052757400905,1791052757402347,1442,0,11,12,12,12,13,12,51
2,793,792,1791052757450905,1791052757452169,1264,0,12,10,10,10,9,6,27
2,794,793,1791052757500905,1791052757502151,1246,0,13,10,10,10,10,8,37
2,795,794,1791052757550905,1791052757552365,1460,0,14,11,11,11,9,7,27
2,796,795,1791052757600905,1791052757602540,1635,0,15,16,16,16,16,15,70
2,797,796,1791052757650905,1791052757652544,1639,0,16,13,13,13,12,8,33
2,798,797,1791052757700905,1791052757702693,1788,0,17,11,11,11,11,6,29
2,799,798,1791052757750905,1791052757751844,939,0,18,7,7,7,7,6,30
2,800,799,1791052757800905,1791052757802336,1431,0,19,10,10,10,10,6,23
2,801,800,1791052757850905,1791052757852028,1123,0,0,7,7,7,5,2,10
2,802,801,1791052757900905,1791052757902010,1105,0,1,13,13,13,13,12,53
2,803,802,1791052757950905,1791052757952025,1120,0,2,8,8,8,7,4,16
2,804,803,1791052758000905,1791052758002452,1547,0,3,8,8,8,8,6,24
2,805,804,1791052758050905,1791052758052442,1537,0,4,9,9,9,9,8,33
2,806,805,1791052758100905,1791052758102240,1335,0,5,9,9,9,7,6,24
2,807,806,1791052758150905,1791052758152092,1187,0,6,7,7,7,7,4,13
2,808,807,1791052758200905,1791052758202246,1341,0,7,11,11,11,12,7,30
2,809,808,1791052758250905,1791052758252129,1224,0,8,6,6,6,6,4,18
2,810,809,1791052758300905,1791052758302032,1127,0,9,12,12,12,11,10,45
2,811,810,1791052758350905,1791052758352281,1376,0,10,10,10,10,8,6,30
2,812,811,1791052758400905,1791052758402278,1373,0,11,12,12,12,13,10,47
2,813,812,1791052758450905,1791052758452461,1556,0,12,10,10,10,10,7,26
2,814,813,1791052758500905,1791052758502413,1508,0,13,10,10,10,8,6,27
2,815,814,1791052758550905,1791052758552603,1698,0,14,11,11,11,10,10,39
2,816,815,1791052758600905,1791052758602365,1460,0,15,16,16,16,14,12,51
2,817,816,1791052758650905,1791052758652368,1463,0,16,13,13,13,11,5,18
2,818,817,1791052758700905,1791052758702553,1648,0,17,11,11,11,11,2,10
2,819,818,1791052758750905,1791052758752627,1722,0,18,7,7,7,5,4,20
2,820,819,1791052758800905,1791052758802447,1542,0,19,10,10,10,8,6,30
2,821,820,1791052758850905,1791052758852081,1176,0,0,7,7,7,7,5,20
2,822,821,1791052758900905,1791052758902098,1193,0,1,13,13,13,12,10,50
2,823,822,1791052758950905,1791052758952679,1774,0,2,8,8,8,8,6,26
2,824,823,1791052759000905,1791052759002394,1489,0,3,8,8,8,6,4,13
2,825,824,1791052759050905,1791052759052318,1413,0,4,9,9,9,7,4,20
2,826,825,1791052759100905,1791052759102302,1397,0,5,9,9,9,9,8,32
2,827,826,1791052759150905,1791052759152192,1287,0,6,7,7,7,7,2,10
2,828,827,1791052759200905,1791052759202490,1585,0,7,11,11,11,12,8,33
2,829,828,1791052759250905,1791052759252424,1519,0,8,6,6,6,5,2,4
2,830,829,1791052759300905,1791052759301837,932,0,9,12,12,12,12,8,36
2,831,830,1791052759350905,1791052759352160,1255,0,10,10,10,10,10,10,49
2,832,831,1791052759400905,1791052759402285,1380,0,11,12,12,12,11,10,43
2,833,832,1791052759450905,1791052759452252,1347,0,12,10,10,10,6,4,20
2,834,833,1791052759500905,1791052759502203,1298,0,13,10,10,10,10,8,33
2,835,834,1791052759550905,1791052759552432,1527,0,14,11,11,11,8,4,20
2,836,835,1791052759600905,1791052759602440,1535,0,15,16,16,16,16,14,68
2,837,836,1791052759650905,1791052759651940,1035,0,16,13,13,13,13,6,30
2,838,837,1791052759700905,1791052759701974,1069,0,17,11,11,11,10,4,20
2,839,838,1791052759750905,1791052759752624,1719,0,18,7,7,7,7,6,30
2,840,839,1791052759800905,1791052759802180,1275,0,19,10,10,10,11,5,15
2,841,840,1791052759850905,1791052759852015,1110,0,0,7,7,7,5,2,10
2,842,841,1791052759900905,1791052759902063,1158,0,1,13,13,13,10,10,50
2,843,842,1791052759950905,1791052759952082,1177,0,2,8,8,8,6,4,20
2,844,843,1791052760000905,1791052760002482,1577,0,3,8,8,8,9,5,19
2,845,844,1791052760050905,1791052760052564,1659,0,4,9,9,9,8,6,29
2,846,845,1791052760100905,1791052760102385,1480,0,5,9,9,9,8,8,35
2,847,846,1791052760150905,1791052760152040,1135,0,6,7,7,7,6,2,10
2,848,847,1791052760200905,1791052760202207,1302,0,7,11,11,11,10,8,33
2,849,848,1791052760250905,1791052760252380,1475,0,8,6,6,6,6,4,13
2,850,849,1791052760300905,1791052760301790,885,0,9,12,12,12,12,8,38
2,851,850,1791052760350905,1791052760352583,1678,0,10,10,10,10,9,6,30
2,852,851,1791052760400905,1791052760402393,1488,0,11,12,12,12,12,10,47
2,853,852,1791052760450905,1791052760451940,1035,0,12,10,10,10,9,6,26
2,854,853,1791052760500905,1791052760502030,1125,0,13,10,10,10,8,5,18
2,855,854,1791052760550905,1791052760551879,974,0,14,11,11,11,11,6,30
2,856,855,1791052760600905,1791052760602321,1416,0,15,16,16,16,15,14,69
2,857,856,1791052760650905,1791052760652349,1444,0,16,13,13,13,13,6,30
2,858,857,1791052760700905,1791052760702667,1762,0,17,11,11,11,10,8,31
2,859,858,1791052760750905,1791052760752520,1615,0,18,7,7,7,7,6,30
2,860,859,1791052760800905,1791052760802227,1322,0,19,10,10,10,10,4,12
2,861,860,1791052760850905,1791052760852311,1406,0,0,7,7,7,5,2,10
2,862,861,1791052760900905,1791052760902277,1372,0,1,13,13,13,12,8,40
2,863,862,1791052760950905,1791052760952440,1535,0,2,8,8,8,8,6,30
2,864,863,1791052761000905,1791052761002392,1487,0,3,8,8,8,6,4,20
2,865,864,1791052761050905,1791052761052488,1583,0,4,9,9,9,9,6,30
2,866,865,1791052761100905,1791052761101904,999,0,5,9,9,9,9,6,30
2,867,866,1791052761150905,1791052761152033,1128,0,6,7,7,7,7,6,22
2,868,867,1791052761200905,1791052761202460,1555,0,7,11,11,11,12,10,43
2,869,868,1791052761250905,1791052761252632,1727,0,8,6,6,6,5,0,0
2,870,869,1791052761300905,1791052761302598,1693,0,9,12,12,12,11,4,20
2,871,870,1791052761350905,1791052761352057,1152,0,10,10,10,10,10,10,43
2,872,871,1791052761400905,1791052761402324,1419,0,11,12,12,12,11,11,49
2,873,872,1791052761450905,1791052761452153,1248,0,12,10,10,10,8,4,20
2,874,873,1791052761500905,1791052761502380,1475,0,13,10,10,10,10,5,17
2,875,874,1791052761550905,1791052761552501,1596,0,14,11,11,11,10,6,27
2,876,875,1791052761600905,1791052761602566,1661,0,15,16,16,16,17,14,69
2,877,876,1791052761650905,1791052761651837,932,0,16,13,13,13,13,6,30
2,878,877,1791052761700905,1791052761701957,1052,0,17,11,11,11,11,8,35
2,879,878,1791052761750905,1791052761751742,837,0,18,7,7,7,7,6,30
2,880,879,1791052761800905,1791052761802205,1300,0,19,10,10,10,8,6,24
2,881,880,1791052761850905,1791052761852270,1365,0,0,7,7,7,6,4,17
2,882,881,1791052761900905,1791052761902428,1523,0,1,13,13,13,12,8,40
2,883,882,1791052761950905,1791052761952022,1117,0,2,8,8,8,8,6,30
2,884,883,1791052762000905,1791052762002329,1424,0,3,8,8,8,9,8,40
2,885,884,1791052762050905,1791052762052229,1324,0,4,9,9,9,8,6,30
2,886,885,1791052762100905,1791052762101816,911,0,5,9,9,9,7,4,19
2,887,886,1791052762150905,1791052762152456,1551,0,6,7,7,7,7,2,10
2,888,887,1791052762200905,1791052762202347,1442,0,7,11,11,11,10,8,40
2,889,888,1791052762250905,1791052762252064,1159,0,8,6,6,6,5,2,10
2,890,889,1791052762300905,1791052762302354,1449,0,9,12,12,12,10,4,20
2,891,890,1791052762350905,1791052762352743,1838,0,10,10,10,10,9,8,40
2,892,891,1791052762400905,1791052762402464,1559,0,11,12,12,12,12,11,49
2,893,892,1791052762450905,1791052762452528,1623,0,12,10,10,10,8,4,10
2,894,893,1791052762500905,1791052762502559,1654,0,13,10,10,10,10,8,40
2,895,894,1791052762550905,1791052762552295,1390,0,14,11,11,11,9,8,32
2,896,895,1791052762600905,1791052762602530,1625,0,15,16,16,16,16,16,66
2,897,896,1791052762650905,1791052762652585,1680,0,16,13,13,13,10,7,24
2,898,897,1791052762700905,1791052762702674,1769,0,17,11,11,11,11,6,21
2,899,898,1791052762750905,1791052762752686,1781,0,18,7,7,7,7,6,30
2,900,899,1791052762800905,1791052762802343,1438,0,19,10,10,10,9,8,32
2,901,900,1791052762850905,1791052762852106,1201,0,0,7,7,7,6,5,15
2,902,901,1791052762900905,1791052762902016,1111,0,1,13,13,13,11,10,44
2,903,902,1791052762950905,1791052762952066,1161,0,2,8,8,8,7,6,26
2,904,903,1791052763000905,1791052763002341,1436,0,3,8,8,8,8,5,14
2,905,904,1791052763050905,1791052763052441,1536,0,4,9,9,9,9,4,20
2,906,905,1791052763100905,1791052763102420,1515,0,5,9,9,9,9,8,34
2,907,906,1791052763150905,1791052763152361,1456,0,6,7,7,7,7,2,9
2,908,907,1791052763200905,1791052763202506,1601,0,7,11,11,11,11,8,40
2,909,908,1791052763250905,1791052763252465,1560,0,8,6,6,6,6,3,7
2,910,909,1791052763300905,1791052763302366,1461,0,9,12,12,12,10,4,20
2,911,910,1791052763350905,1791052763352667,1762,0,10,10,10,10,9,8,31
2,912,911,1791052763400905,1791052763402414,1509,0,11,12,12,12,9,8,40
2,913,912,1791052763450905,1791052763452219,1314,0,12,10,10,10,9,6,24
2,914,913,1791052763500905,1791052763502540,1635,0,13,10,10,10,10,10,45
2,915,914,1791052763550905,1791052763552666,1761,0,14,11,11,11,10,8,24
2,916,915,1791052763600905,1791052763602522,1617,0,15,16,16,16,16,12,60
2,917,916,1791052763650905,1791052763652444,1539,0,16,13,13,13,11,4,20
2,918,917,1791052763700905,1791052763702449,1544,0,17,11,11,11,11,2,10
2,919,918,1791052763750905,1791052763752364,1459,0,18,7,7,7,6,6,26
2,920,919,1791052763800905,1791052763802277,1372,0,19,10,10,10,10,6,17
2,921,920,1791052763850905,1791052763852391,1486,0,0,7,7,7,6,2,10
2,922,921,1791052763900905,1791052763902778,1873,0,1,13,13,13,12,12,57
2,923,922,1791052763950905,1791052763952089,1184,0,2,8,8,8,8,6,24
2,924,923,1791052764000905,1791052764002431,1526,0,3,8,8,8,7,4,13
2,925,924,1791052764050905,1791052764052330,1425,0,4,9,9,9,8,4,20
2,926,925,1791052764100905,1791052764102399,1494,0,5,9,9,9,8,6,30
2,927,926,1791052764150905,1791052764152630,1725,0,6,7,7,7,7,5,19
2,928,927,1791052764200905,1791052764202371,1466,0,7,11,11,11,11,9,40
2,929,928,1791052764250905,1791052764252292,1387,0,8,6,6,6,5,4,11
2,930,929,1791052764300905,1791052764302667,1762,0,9,12,12,12,12,11,46
2,931,930,1791052764350905,1791052764352185,1280,0,10,10,10,10,9,9,40
2,932,931,1791052764400905,1791052764402481,1576,0,11,12,12,12,13,10,48
2,933,932,1791052764450905,1791052764452522,1617,0,12,10,10,10,9,4,20
2,934,933,1791052764500905,1791052764502599,1694,0,13,10,10,10,10,8,31
2,935,934,1791052764550905,1791052764552616,1711,0,14,11,11,11,9,9,36
2,936,935,1791052764600905,1791052764602487,1582,0,15,16,16,16,15,13,55
2,937,936,1791052764650905,1791052764652555,1650,0,16,13,13,13,9,7,27
2,938,937,1791052764700905,1791052764702541,1636,0,17,11,11,11,7,7,30
2,939,938,1791052764750905,1791052764752294,1389,0,18,7,7,7,6,6,21
2,940,939,1791052764800905,1791052764802343,1438,0,19,10,10,10,9,6,20
2,941,940,1791052764850905,1791052764852486,1581,0,0,7,7,7,7,4,18
2,942,941,1791052764900905,1791052764902583,1678,0,1,13,13,13,12,8,40
2,943,942,1791052764950905,1791052764952686,1781,0,2,8,8,8,8,6,30
2,944,943,1791052765000905,1791052765002452,1547,0,3,8,8,8,8,7,22
2,945,944,1791052765050905,1791052765052693,1788,0,4,9,9,9,7,4,20
2,946,945,1791052765100905,1791052765101883,978,0,5,9,9,9,8,8,37
2,947,946,1791052765150905,1791052765152258,1353,0,6,7,7,7,7,2,10
2,948,947,1791052765200905,1791052765202357,1452,0,7,11,11,11,10,6,30
2,949,948,1791052765250905,1791052765252396,1491,0,8,6,6,6,5,4,17
2,950,949,1791052765300905,1791052765302621,1716,0,9,12,12,12,11,10,44
2,951,950,1791052765350905,1791052765351946,1041,0,10,10,10,10,8,6,28
2,952,951,1791052765400905,1791052765402458,1553,0,11,12,12,12,13,11,48
2,953,952,1791052765450905,1791052765452167,1262,0,12,10,10,10,7,6,29
2,954,953,1791052765500905,1791052765501973,1068,0,13,10,10,10,9,6,27
2,955,954,1791052765550905,1791052765551844,939,0,14,11,11,11,10,8,34
2,956,955,1791052765600905,1791052765602523,1618,0,15,16,16,16,16,14,68
2,957,956,1791052765650905,1791052765652672,1767,0,16,13,13,13,12,9,36
2,958,957,1791052765700905,1791052765702703,1798,0,17,11,11,11,10,9,40
2,959,958,1791052765750905,1791052765752753,1848,0,18,7,7,7,6,6,24
2,960,959,1791052765800905,1791052765802386,1481,0,19,10,10,10,8,4,15
2,961,960,1791052765850905,1791052765852427,1522,0,0,7,7,7,6,2,10
2,962,961,1791052765900905,1791052765902372,1467,0,1,13,13,13,13,12,52
2,963,962,1791052765950905,1791052765952022,1117,0,2,8,8,8,7,4,20
2,964,963,1791052766000905,1791052766002311,1406,0,3,8,8,8,9,6,28
2,965,964,1791052766050905,1791052766052644,1739,0,4,9,9,9,8,6,30
2,966,965,1791052766100905,1791052766102203,1298,0,5,9,9,9,9,6,28
2,967,966,1791052766150905,1791052766152564,1659,0,6,7,7,7,6,4,17
2,968,967,1791052766200905,1791052766202543,1638,0,7,11,11,11,10,7,30
2,969,968,1791052766250905,1791052766252676,1771,0,8,6,6,6,4,2,10
2,970,969,1791052766300905,1791052766302695,1790,0,9,12,12,12,11,8,40
2,971,970,1791052766350905,1791052766351903,998,0,10,10,10,10,10,8,38
2,972,971,1791052766400905,1791052766402516,1611,0,11,12,12,12,13,12,53
2,973,972,1791052766450905,1791052766452698,1793,0,12,10,10,10,9,7,27
2,974,973,1791052766500905,1791052766502504,1599,0,13,10,10,10,9,6,22
2,975,974,1791052766550905,1791052766552553,1648,0,14,11,11,11,10,8,35
2,976,975,1791052766600905,1791052766602213,1308,0,15,16,16,16,16,16,75
2,977,976,1791052766650905,1791052766651997,1092,0,16,13,13,13,11,6,30
2,978,977,1791052766700905,1791052766701939,1034,0,17,11,11,11,11,6,26
2,979,978,1791052766750905,1791052766751939,1034,0,18,7,7,7,7,6,23
2,980,979,1791052766800905,1791052766802245,1340,0,19,10,10,10,9,7,28
2,981,980,1791052766850905,1791052766852436,1531,0,0,7,7,7,7,4,20
2,982,981,1791052766900905,1791052766902330,1425,0,1,13,13,13,12,8,34
2,983,982,1791052766950905,1791052766952410,1505,0,2,8,8,8,7,6,26
2,984,983,1791052767000905,1791052767002396,1491,0,3,8,8,8,6,6,25
2,985,984,1791052767050905,1791052767052428,1523,0,4,9,9,9,9,8,34
2,986,985,1791052767100905,1791052767102050,1145,0,5,9,9,9,8,8,32
2,987,986,1791052767150905,1791052767152655,1750,0,6,7,7,7,6,2,10
2,988,987,1791052767200905,1791052767202362,1457,0,7,11,11,11,11,8,40
2,989,988,1791052767250905,1791052767251854,949,0,8,6,6,6,5,2,7
2,990,989,1791052767300905,1791052767302688,1783,0,9,12,12,12,11,4,20
2,991,990,1791052767350905,1791052767352057,1152,0,10,10,10,10,9,6,30
2,992,991,1791052767400905,1791052767402405,1500,0,11,12,12,12,12,10,41
2,993,992,1791052767450905,1791052767452547,1642,0,12,10,10,10,10,8,33
2,994,993,1791052767500905,1791052767502556,1651,0,13,10,10,10,9,5,17
2,995,994,1791052767550905,1791052767552643,1738,0,14,11,11,11,10,6,25
2,996,995,1791052767600905,1791052767602294,1389,0,15,16,16,16,16,14,62
2,997,996,1791052767650905,1791052767652719,1814,0,16,13,13,13,11,6,27
2,998,997,1791052767700905,1791052767702246,1341,0,17,11,11,11,11,4,17
2,999,998,1791052767750905,1791052767752568,1663,0,18,7,7,7,6,4,20
2,1000,999,1791052767800905,1791052767802380,1475,0,19,10,10,10,11,10,40
2,1001,1000,1791052767850905,1791052767852793,1888,0,0,7,7,7,7,3,10
2,1002,1001,1791052767900905,1791052767902215,1310,0,1,13,13,13,12,11,47
2,1003,1002,1791052767950905,1791052767952583,1678,0,2,8,8,8,8,4,19
2,1004,1003,1791052768000905,1791052768002327,1422,0,3,8,8,8,8,7,30
2,1005,1004,1791052768050905,1791052768051730,825,0,4,9,9,9,9,9,37
2,1006,1005,1791052768100905,1791052768102692,1787,0,5,9,9,9,6,2,10
2,1007,1006,1791052768150905,1791052768152683,1778,0,6,7,7,7,7,2,10
2,1008,1007,1791052768200905,1791052768202457,1552,0,7,11,11,11,12,12,51
2,1009,1008,1791052768250905,1791052768252361,1456,0,8,6,6,6,6,2,10
2,1010,1009,1791052768300905,1791052768302194,1289,0,9,12,12,12,11,6,24
2,1011,1010,1791052768350905,1791052768352052,1147,0,10,10,10,10,10,10,41
2,1012,1011,1791052768400905,1791052768402579,1674,0,11,12,12,12,12,11,48
2,1013,1012,1791052768450905,1791052768452683,1778,0,12,10,10,10,10,6,22
2,1014,1013,1791052768500905,1791052768502752,1847,0,13,10,10,10,9,4,20
2,1015,1014,1791052768550905,1791052768552507,1602,0,14,11,11,11,10,7,30
2,1016,1015,1791052768600905,1791052768602404,1499,0,15,16,16,16,15,14,62
2,1017,1016,1791052768650905,1791052768652337,1432,0,16,13,13,13,12,6,30
2,1018,1017,1791052768700905,1791052768702391,1486,0,17,11,11,11,11,6,20
2,1019,1018,1791052768750905,1791052768752241,1336,0,18,7,7,7,7,6,24
2,1020,1019,1791052768800905,1791052768802411,1506,0,19,10,10,10,9,8,31
2,1021,1020,1791052768850905,1791052768852674,1769,0,0,7,7,7,5,4,18
2,1022,1021,1791052768900905,1791052768902670,1765,0,1,13,13,13,9,8,39
2,1023,1022,1791052768950905,1791052768952679,1774,0,2,8,8,8,8,6,24
2,1024,1023,1791052769000905,1791052769002257,1352,0,3,8,8,8,8,7,29
2,1025,1024,1791052769050905,1791052769052238,1333,0,4,9,9,9,8,6,30
2,1026,1025,1791052769100905,1791052769102723,1818,0,5,9,9,9,8,8,36
2,1027,1026,1791052769150905,1791052769152790,1885,0,6,7,7,7,7,4,15
2,1028,1027,1791052769200905,1791052769202267,1362,0,7,11,11,11,11,8,39
2,1029,1028,1791052769250905,1791052769251815,910,0,8,6,6,6,6,4,17
2,1030,1029,1791052769300905,1791052769301877,972,0,9,12,12,12,11,6,28
2,1031,1030,1791052769350905,1791052769351914,1009,0,10,10,10,10,9,8,39
2,1032,1031,1791052769400905,1791052769402436,1531,0,11,12,12,12,11,11,42
2,1033,1032,1791052769450905,1791052769452505,1600,0,12,10,10,10,10,8,36
2,1034,1033,1791052769500905,1791052769502262,1357,0,13,10,10,10,9,5,15
2,1035,1034,1791052769550905,1791052769552282,1377,0,14,11,11,11,10,6,27
2,1036,1035,1791052769600905,1791052769602425,1520,0,15,16,16,16,17,15,67
2,1037,1036,1791052769650905,1791052769652204,1299,0,16,13,13,13,12,5,18
2,1038,1037,1791052769700905,1791052769702171,1266,0,17,11,11,11,10,4,13
2,1039,1038,1791052769750905,1791052769752435,1530,0,18,7,7,7,7,6,30
2,1040,1039,1791052769800905,1791052769802557,1652,0,19,10,10,10,10,5,18
2,1041,1040,1791052769850905,1791052769852543,1638,0,0,7,7,7,7,2,10
2,1042,1041,1791052769900905,1791052769901813,908,0,1,13,13,13,11,10,50
2,1043,1042,1791052769950905,1791052769951830,925,0,2,8,8,8,7,6,24
2,1044,1043,1791052770000905,1791052770002501,1596,0,3,8,8,8,7,4,20
2,1045,1044,1791052770050905,1791052770052757,1852,0,4,9,9,9,8,6,25
2,1046,1045,1791052770100905,1791052770102695,1790,0,5,9,9,9,9,7,27
2,1047,1046,1791052770150905,1791052770152642,1737,0,6,7,7,7,7,2,10
2,1048,1047,1791052770200905,1791052770202396,1491,0,7,11,11,11,10,8,40
2,1049,1048,1791052770250905,1791052770252429,1524,0,8,6,6,6,6,5,19
2,1050,1049,1791052770300905,1791052770302569,1664,0,9,12,12,12,11,2,7
2,1051,1050,1791052770350905,1791052770352462,1557,0,10,10,10,10,10,8,40
2,1052,1051,1791052770400905,1791052770402388,1483,0,11,12,12,12,10,7,28
2,1053,1052,1791052770450905,1791052770452615,1710,0,12,10,10,10,10,6,29
2,1054,1053,1791052770500905,1791052770502321,1416,0,13,10,10,10,10,9,36
2,1055,1054,1791052770550905,1791052770552092,1187,0,14,11,11,11,10,6,30
2,1056,1055,1791052770600905,1791052770602336,1431,0,15,16,16,16,13,13,54
2,1057,1056,1791052770650905,1791052770651947,1042,0,16,13,13,13,11,7,23
2,1058,1057,1791052770700905,1791052770702603,1698,0,17,11,11,11,10,4,19
2,1059,1058,1791052770750905,1791052770752102,1197,0,18,7,7,7,6,4,12
2,1060,1059,1791052770800905,1791052770802301,1396,0,19,10,10,10,10,7,27
2,1061,1060,1791052770850905,1791052770852729,1824,0,0,7,7,7,5,4,12
2,1062,1061,1791052770900905,1791052770902684,1779,0,1,13,13,13,11,8,40
2,1063,1062,1791052770950905,1791052770951781,876,0,2,8,8,8,7,6,24
2,1064,1063,1791052771000905,1791052771002359,1454,0,3,8,8,8,6,6,26
2,1065,1064,1791052771050905,1791052771052458,1553,0,4,9,9,9,5,3,7
2,1066,1065,1791052771100905,1791052771102522,1617,0,5,9,9,9,8,6,30
2,1067,1066,1791052771150905,1791052771152525,1620,0,6,7,7,7,7,4,18
2,1068,1067,1791052771200905,1791052771202429,1524,0,7,11,11,11,12,11,42
2,1069,1068,1791052771250905,1791052771252058,1153,0,8,6,6,6,4,4,12
2,1070,1069,1791052771300905,1791052771302144,1239,0,9,12,12,12,9,7,26
2,1071,1070,1791052771350905,1791052771352658,1753,0,10,10,10,10,8,6,28
2,1072,1071,1791052771400905,1791052771402524,1619,0,11,12,12,12,11,8,39
2,1073,1072,1791052771450905,1791052771452638,1733,0,12,10,10,10,8,5,15
2,1074,1073,1791052771500905,1791052771502567,1662,0,13,10,10,10,10,8,36
2,1075,1074,1791052771550905,1791052771552264,1359,0,14,11,11,11,6,2,2
2,1076,1075,1791052771600905,1791052771602462,1557,0,15,16,16,16,15,14,68
2,1077,1076,1791052771650905,1791052771651825,920,0,16,13,13,13,7,5,18
2,1078,1077,1791052771700905,1791052771701820,915,0,17,11,11,11,10,4,19
2,1079,1078,1791052771750905,1791052771752172,1267,0,18,7,7,7,7,6,27
2,1080,1079,1791052771800905,1791052771802531,1626,0,19,10,10,10,11,4,17
2,1081,1080,1791052771850905,1791052771852602,1697,0,0,7,7,7,7,7,27
2,1082,1081,1791052771900905,1791052771902580,1675,0,1,13,13,13,9,8,33
2,1083,1082,1791052771950905,1791052771952571,1666,0,2,8,8,8,6,6,23
2,1084,1083,1791052772000905,1791052772002481,1576,0,3,8,8,8,8,6,14
2,1085,1084,1791052772050905,1791052772052614,1709,0,4,9,9,9,8,4,20
2,1086,1085,1791052772100905,1791052772102636,1731,0,5,9,9,9,9,6,30
2,1087,1086,1791052772150905,1791052772152462,1557,0,6,7,7,7,7,4,13
2,1088,1087,1791052772200905,1791052772202395,1490,0,7,11,11,11,11,8,40
2,1089,1088,1791052772250905,1791052772252653,1748,0,8,6,6,6,4,4,13
2,1090,1089,1791052772300905,1791052772302776,1871,0,9,12,12,12,7,5,13
2,1091,1090,1791052772350905,1791052772351791,886,0,10,10,10,10,10,8,36
2,1092,1091,1791052772400905,1791052772402453,1548,0,11,12,12,12,11,5,17
2,1093,1092,1791052772450905,1791052772452673,1768,0,12,10,10,10,10,2,10
2,1094,1093,1791052772500905,1791052772502715,1810,0,13,10,10,10,9,8,38
2,1095,1094,1791052772550905,1791052772552606,1701,0,14,11,11,11,9,4,16
2,1096,1095,1791052772600905,1791052772602242,1337,0,15,16,16,16,16,16,74
2,1097,1096,1791052772650905,1791052772652040,1135,0,16,13,13,13,9,6,19
2,1098,1097,1791052772700905,1791052772702088,1183,0,17,11,11,11,11,4,17
2,1099,1098,1791052772750905,1791052772752152,1247,0,18,7,7,7,6,4,18
2,1100,1099,1791052772800905,1791052772802563,1658,0,19,10,10,10,10,4,14
2,1101,1100,1791052772850905,1791052772852655,1750,0,0,7,7,7,7,6,25
2,1102,1101,1791052772900905,1791052772901839,934,0,1,13,13,13,10,10,37
2,1103,1102,1791052772950905,1791052772952022,1117,0,2,8,8,8,6,3,9
2,1104,1103,1791052773000905,1791052773002374,1469,0,3,8,8,8,7,2,10
2,1105,1104,1791052773050905,1791052773052317,1412,0,4,9,9,9,8,4,20
2,1106,1105,1791052773100905,1791052773102061,1156,0,5,9,9,9,9,8,40
2,1107,1106,1791052773150905,1791052773152035,1130,0,6,7,7,7,6,2,8
2,1108,1107,1791052773200905,1791052773202251,1346,0,7,11,11,11,12,8,40
2,1109,1108,1791052773250905,1791052773252509,1604,0,8,6,6,6,6,5,12
2,1110,1109,1791052773300905,1791052773302587,1682,0,9,12,12,12,11,6,22
2,1111,1110,1791052773350905,1791052773352712,1807,0,10,10,10,10,10,10,45
2,1112,1111,1791052773400905,1791052773402484,1579,0,11,12,12,12,10,9,36
2,1113,1112,1791052773450905,1791052773452584,1679,0,12,10,10,10,9,9,31
2,1114,1113,1791052773500905,1791052773502743,1838,0,13,10,10,10,8,7,27
2,1115,1114,1791052773550905,1791052773552616,1711,0,14,11,11,11,10,7,25
2,1116,1115,1791052773600905,1791052773602269,1364,0,15,16,16,16,16,10,33
2,1117,1116,1791052773650905,1791052773652123,1218,0,16,13,13,13,12,8,33
2,1118,1117,1791052773700905,1791052773702090,1185,0,17,11,11,11,10,4,11
2,1119,1118,1791052773750905,1791052773752090,1185,0,18,7,7,7,5,4,20
2,1120,1119,1791052773800905,1791052773802362,1457,0,19,10,10,10,10,5,19
2,1121,1120,1791052773850905,1791052773852567,1662,0,0,7,7,7,6,4,17
2,1122,1121,1791052773900905,1791052773902751,1846,0,1,13,13,13,8,6,23
2,1123,1122,1791052773950905,1791052773952737,1832,0,2,8,8,8,8,6,30
2,1124,1123,1791052774000905,1791052774002361,1456,0,3,8,8,8,7,5,16
2,1125,1124,1791052774050905,1791052774051978,1073,0,4,9,9,9,7,4,20
2,1126,1125,1791052774100905,1791052774101896,991,0,5,9,9,9,9,6,30
2,1127,1126,1791052774150905,1791052774152603,1698,0,6,7,7,7,7,2,10
2,1128,1127,1791052774200905,1791052774202389,1484,0,7,11,11,11,11,9,40
2,1129,1128,1791052774250905,1791052774252282,1377,0,8,6,6,6,4,4,13
2,1130,1129,1791052774300905,1791052774302150,1245,0,9,12,12,12,8,2,4
2,1131,1130,1791052774350905,1791052774352059,1154,0,10,10,10,10,10,8,40
2,1132,1131,1791052774400905,1791052774402252,1347,0,11,12,12,12,11,7,29
2,1133,1132,1791052774450905,1791052774452113,1208,0,12,10,10,10,8,2,10
2,1134,1133,1791052774500905,1791052774501970,1065,0,13,10,10,10,10,10,44
2,1135,1134,1791052774550905,1791052774551757,852,0,14,11,11,11,11,8,29
2,1136,1135,1791052774600905,1791052774602265,1360,0,15,16,16,16,17,15,63
2,1137,1136,1791052774650905,1791052774652254,1349,0,16,13,13,13,8,7,25
2,1138,1137,1791052774700905,1791052774702397,1492,0,17,11,11,11,11,4,12
2,1139,1138,1791052774750905,1791052774752461,1556,0,18,7,7,7,5,4,15
2,1140,1139,1791052774800905,1791052774802225,1320,0,19,10,10,10,9,2,10
2,1141,1140,1791052774850905,1791052774852140,1235,0,0,7,7,7,7,6,27
2,1142,1141,1791052774900905,1791052774902170,1265,0,1,13,13,13,10,8,37
2,1143,1142,1791052774950905,1791052774952009,1104,0,2,8,8,8,7,6,21
2,1144,1143,1791052775000905,1791052775002381,1476,0,3,8,8,8,6,4,12
2,1145,1144,1791052775050905,1791052775052413,1508,0,4,9,9,9,9,4,20
2,1146,1145,1791052775100905,1791052775102524,1619,0,5,9,9,9,9,8,38
2,1147,1146,1791052775150905,1791052775152495,1590,0,6,7,7,7,6,4,11
2,1148,1147,1791052775200905,1791052775202275,1370,0,7,11,11,11,10,9,36
2,1149,1148,1791052775250905,1791052775252227,1322,0,8,6,6,6,4,3,6
2,1150,1149,1791052775300905,1791052775302110,1205,0,9,12,12,12,12,6,23
2,1151,1150,1791052775350905,1791052775352538,1633,0,10,10,10,10,9,8,32
2,1152,1151,1791052775400905,1791052775402374,1469,0,11,12,12,12,12,8,33
2,1153,1152,1791052775450905,1791052775451943,1038,0,12,10,10,10,10,8,33
2,1154,1153,1791052775500905,1791052775502227,1322,0,13,10,10,10,9,6,24
2,1155,1154,1791052775550905,1791052775552469,1564,0,14,11,11,11,10,5,20
2,1156,1155,1791052775600905,1791052775602359,1454,0,15,16,16,16,16,15,68
2,1157,1156,1791052775650905,1791052775652047,1142,0,16,13,13,13,10,6,30
2,1158,1157,1791052775700905,1791052775702264,1359,0,17,11,11,11,11,4,18
2,1159,1158,1791052775750905,1791052775752710,1805,0,18,7,7,7,6,6,30
2,1160,1159,1791052775800905,1791052775802349,1444,0,19,10,10,10,8,2,8
2,1161,1160,1791052775850905,1791052775851741,836,0,0,7,7,7,6,4,13
2,1162,1161,1791052775900905,1791052775902258,1353,0,1,13,13,13,12,10,50
2,1163,1162,1791052775950905,1791052775952255,1350,0,2,8,8,8,8,6,23
2,1164,1163,1791052776000905,1791052776002410,1505,0,3,8,8,8,8,6,21
2,1165,1164,1791052776050905,1791052776052497,1592,0,4,9,9,9,7,4,20
2,1166,1165,1791052776100905,1791052776102554,1649,0,5,9,9,9,9,8,38
2,1167,1166,1791052776150905,1791052776152607,1702,0,6,7,7,7,7,2,8
2,1168,1167,1791052776200905,1791052776202467,1562,0,7,11,11,11,12,8,38
2,1169,1168,1791052776250905,1791052776252298,1393,0,8,6,6,6,5,2,4
2,1170,1169,1791052776300905,1791052776302447,1542,0,9,12,12,12,12,6,24
2,1171,1170,1791052776350905,1791052776352508,1603,0,10,10,10,10,9,8,37
2,1172,1171,1791052776400905,1791052776402358,1453,0,11,12,12,12,12,9,39
2,1173,1172,1791052776450905,1791052776452355,1450,0,12,10,10,10,9,8,35
2,1174,1173,1791052776500905,1791052776502645,1740,0,13,10,10,10,8,6,16
2,1175,1174,1791052776550905,1791052776552703,1798,0,14,11,11,11,10,6,24
2,1176,1175,1791052776600905,1791052776602352,1447,0,15,16,16,16,17,16,71
2,1177,1176,1791052776650905,1791052776652196,1291,0,16,13,13,13,11,6,30
2,1178,1177,1791052776700905,1791052776702409,1504,0,17,11,11,11,10,4,11
2,1179,1178,1791052776750905,1791052776752660,1755,0,18,7,7,7,7,6,30
2,1180,1179,1791052776800905,1791052776802335,1430,0,19,10,10,10,11,8,28
2,1181,1180,1791052776850905,1791052776852037,1132,0,0,7,7,7,6,2,10
2,1182,1181,1791052776900905,1791052776901903,998,0,1,13,13,13,12,12,57
2,1183,1182,1791052776950905,1791052776951986,1081,0,2,8,8,8,7,4,17
2,1184,1183,1791052777000905,1791052777002419,1514,0,3,8,8,8,8,4,20
2,1185,1184,1791052777050905,1791052777052617,1712,0,4,9,9,9,9,6,22
2,1186,1185,1791052777100905,1791052777102076,1171,0,5,9,9,9,9,7,27
2,1187,1186,1791052777150905,1791052777152101,1196,0,6,7,7,7,6,5,19
2,1188,1187,1791052777200905,1791052777202394,1489,0,7,11,11,11,11,8,28
2,1189,1188,1791052777250905,1791052777252495,1590,0,8,6,6,6,6,4,20
2,1190,1189,1791052777300905,1791052777302324,1419,0,9,12,12,12,12,10,49
2,1191,1190,1791052777350905,1791052777352631,1726,0,10,10,10,10,9,4,20
2,1192,1191,1791052777400905,1791052777402494,1589,0,11,12,12,12,13,8,36
2,1193,1192,1791052777450905,1791052777452612,1707,0,12,10,10,10,9,6,30
2,1194,1193,1791052777500905,1791052777501781,876,0,13,10,10,10,7,5,18
2,1195,1194,1791052777550905,1791052777551856,951,0,14,11,11,11,8,6,30
2,1196,1195,1791052777600905,1791052777602259,1354,0,15,16,16,16,16,14,65
2,1197,1196,1791052777650905,1791052777652171,1266,0,16,13,13,13,13,9,39
2,1198,1197,1791052777700905,1791052777702378,1473,0,17,11,11,11,7,4,20
2,1199,1198,1791052777750905,1791052777752505,1600,0,18,7,7,7,6,4,20
2,1200,1199,1791052777800905,1791052777802393,1488,0,19,10,10,10,10,6,25
2,1201,1200,1791052777850905,1791052777852077,1172,0,0,7,7,7,6,4,20
2,1202,1201,1791052777900905,1791052777901984,1079,0,1,13,13,13,12,12,52
2,1203,1202,1791052777950905,1791052777951938,1033,0,2,8,8,8,7,6,25
2,1204,1203,1791052778000905,1791052778002410,1505,0,3,8,8,8,8,8,40
2,1205,1204,1791052778050905,1791052778052236,1331,0,4,9,9,9,8,8,37
2,1206,1205,1791052778100905,1791052778102258,1353,0,5,9,9,9,7,6,20
2,1207,1206,1791052778150905,1791052778151975,1070,0,6,7,7,7,7,5,13
2,1208,1207,1791052778200905,1791052778202428,1523,0,7,11,11,11,12,8,39
2,1209,1208,1791052778250905,1791052778252537,1632,0,8,6,6,6,6,2,10
2,1210,1209,1791052778300905,1791052778302553,1648,0,9,12,12,12,11,6,24
2,1211,1210,1791052778350905,1791052778352629,1724,0,10,10,10,10,9,8,36
2,1212,1211,1791052778400905,1791052778402437,1532,0,11,12,12,12,11,9,38
2,1213,1212,1791052778450905,1791052778452478,1573,0,12,10,10,10,9,6,28
2,1214,1213,1791052778500905,1791052778502632,1727,0,13,10,10,10,9,6,23
2,1215,1214,1791052778550905,1791052778552559,1654,0,14,11,11,11,11,6,28
2,1216,1215,1791052778600905,1791052778602271,1366,0,15,16,16,16,16,14,70
2,1217,1216,1791052778650905,1791052778652231,1326,0,16,13,13,13,11,4,20
2,1218,1217,1791052778700905,1791052778702239,1334,0,17,11,11,11,11,6,23
2,1219,1218,1791052778750905,1791052778752389,1484,0,18,7,7,7,7,6,30
2,1220,1219,1791052778800905,1791052778802216,1311,0,19,10,10,10,9,9,32
2,1221,1220,1791052778850905,1791052778852242,1337,0,0,7,7,7,7,6,28
2,1222,1221,1791052778900905,1791052778902353,1448,0,1,13,13,13,11,7,26
2,1223,1222,1791052778950905,1791052778952586,1681,0,2,8,8,8,8,6,30
2,1224,1223,1791052779000905,1791052779002381,1476,0,3,8,8,8,9,6,24
2,1225,1224,1791052779050905,1791052779052283,1378,0,4,9,9,9,9,5,16
2,1226,1225,1791052779100905,1791052779102205,1300,0,5,9,9,9,9,6,30
2,1227,1226,1791052779150905,1791052779152243,1338,0,6,7,7,7,6,6,21
2,1228,1227,1791052779200905,1791052779202455,1550,0,7,11,11,11,10,9,26
2,1229,1228,1791052779250905,1791052779252585,1680,0,8,6,6,6,2,2,4
2,1230,1229,1791052779300905,1791052779302645,1740,0,9,12,12,12,12,10,43
2,1231,1230,1791052779350905,1791052779352519,1614,0,10,10,10,10,10,8,32
2,1232,1231,1791052779400905,1791052779402247,1342,0,11,12,12,12,12,10,42
2,1233,1232,1791052779450905,1791052779452052,1147,0,12,10,10,10,10,6,26
2,1234,1233,1791052779500905,1791052779502067,1162,0,13,10,10,10,10,6,29
2,1235,1234,1791052779550905,1791052779551859,954,0,14,11,11,11,8,6,22
2,1236,1235,1791052779600905,1791052779602457,1552,0,15,16,16,16,16,16,71
2,1237,1236,1791052779650905,1791052779652563,1658,0,16,13,13,13,11,6,29
2,1238,1237,1791052779700905,1791052779702717,1812,0,17,11,11,11,9,4,14
2,1239,1238,1791052779750905,1791052779751944,1039,0,18,7,7,7,7,6,25
2,1240,1239,1791052779800905,1791052779802498,1593,0,19,10,10,10,10,7,30
2,1241,1240,1791052779850905,1791052779852471,1566,0,0,7,7,7,7,3,8
2,1242,1241,1791052779900905,1791052779902460,1555,0,1,13,13,13,13,10,50
2,1243,1242,1791052779950905,1791052779952455,1550,0,2,8,8,8,8,6,30
2,1244,1243,1791052780000905,1791052780002424,1519,0,3,8,8,8,8,6,19
2,1245,1244,1791052780050905,1791052780052459,1554,0,4,9,9,9,9,7,27
2,1246,1245,1791052780100905,1791052780102508,1603,0,5,9,9,9,9,6,30
2,1247,1246,1791052780150905,1791052780152342,1437,0,6,7,7,7,6,2,9
2,1248,1247,1791052780200905,1791052780202307,1402,0,7,11,11,11,11,8,35
2,1249,1248,1791052780250905,1791052780252696,1791,0,8,6,6,6,6,3,6
2,1250,1249,1791052780300905,1791052780302459,1554,0,9,12,12,12,11,4,20
2,1251,1250,1791052780350905,1791052780352430,1525,0,10,10,10,10,10,10,50
2,1252,1251,1791052780400905,1791052780402388,1483,0,11,12,12,12,11,11,45
2,1253,1252,1791052780450905,1791052780452293,1388,0,12,10,10,10,9,7,30
2,1254,1253,1791052780500905,1791052780502563,1658,0,13,10,10,10,10,5,18
2,1255,1254,1791052780550905,1791052780552732,1827,0,14,11,11,11,11,8,38
2,1256,1255,1791052780600905,1791052780602300,1395,0,15,16,16,16,15,13,60
2,1257,1256,1791052780650905,1791052780652486,1581,0,16,13,13,13,13,6,30
2,1258,1257,1791052780700905,1791052780701948,1043,0,17,11,11,11,11,4,17
2,1259,1258,1791052780750905,1791052780752308,1403,0,18,7,7,7,6,6,30
2,1260,1259,1791052780800905,1791052780802437,1532,0,19,10,10,10,9,6,19
2,1261,1260,1791052780850905,1791052780852780,1875,0,0,7,7,7,6,2,10
2,1262,1261,1791052780900905,1791052780902400,1495,0,1,13,13,13,13,10,50
2,1263,1262,1791052780950905,1791052780952210,1305,0,2,8,8,8,8,6,30
2,1264,1263,1791052781000905,1791052781002359,1454,0,3,8,8,8,7,6,24
2,1265,1264,1791052781050905,1791052781052377,1472,0,4,9,9,9,9,6,30
2,1266,1265,1791052781100905,1791052781102411,1506,0,5,9,9,9,8,5,16
2,1267,1266,1791052781150905,1791052781152386,1481,0,6,7,7,7,6,4,12
2,1268,1267,1791052781200905,1791052781202190,1285,0,7,11,11,11,11,11,47
2,1269,1268,1791052781250905,1791052781252796,1891,0,8,6,6,6,2,2,4
2,1270,1269,1791052781300905,1791052781302662,1757,0,9,12,12,12,12,0,0
2,1271,1270,1791052781350905,1791052781352111,1206,0,10,10,10,10,10,8,35
2,1272,1271,1791052781400905,1791052781402475,1570,0,11,12,12,12,13,10,44
2,1273,1272,1791052781450905,1791052781452656,1751,0,12,10,10,10,9,9,36
2,1274,1273,1791052781500905,1791052781502717,1812,0,13,10,10,10,10,8,35
2,1275,1274,1791052781550905,1791052781552615,1710,0,14,11,11,11,11,8,40
2,1276,1275,1791052781600905,1791052781602429,1524,0,15,16,16,16,16,11,48
2,1277,1276,1791052781650905,1791052781652412,1507,0,16,13,13,13,9,8,31
2,1278,1277,1791052781700905,1791052781702609,1704,0,17,11,11,11,11,8,34
2,1279,1278,1791052781750905,1791052781752566,1661,0,18,7,7,7,7,2,10
2,1280,1279,1791052781800905,1791052781802253,1348,0,19,10,10,10,9,6,24
2,1281,1280,1791052781850905,1791052781851890,985,0,0,7,7,7,6,2,10
2,1282,1281,1791052781900905,1791052781902729,1824,0,1,13,13,13,13,10,50
2,1283,1282,1791052781950905,1791052781952547,1642,0,2,8,8,8,8,6,29
2,1284,1283,1791052782000905,1791052782002282,1377,0,3,8,8,8,7,5,14
2,1285,1284,1791052782050905,1791052782052237,1332,0,4,9,9,9,9,6,30
2,1286,1285,1791052782100905,1791052782102190,1285,0,5,9,9,9,9,8,36
2,1287,1286,1791052782150905,1791052782152040,1135,0,6,7,7,7,7,2,10
2,1288,1287,1791052782200905,1791052782202314,1409,0,7,11,11,11,11,8,40
2,1289,1288,1791052782250905,1791052782252558,1653,0,8,6,6,6,5,2,3
2,1290,1289,1791052782300905,1791052782302385,1480,0,9,12,12,12,11,4,20
2,1291,1290,1791052782350905,1791052782352271,1366,0,10,10,10,10,10,10,44
2,1292,1291,1791052782400905,1791052782402383,1478,0,11,12,12,12,12,12,50
2,1293,1292,1791052782450905,1791052782452568,1663,0,12,10,10,10,10,6,24
2,1294,1293,1791052782500905,1791052782502685,1780,0,13,10,10,10,8,6,22
2,1295,1294,1791052782550905,1791052782552603,1698,0,14,11,11,11,11,6,30
2,1296,1295,1791052782600905,1791052782602492,1587,0,15,16,16,16,16,14,65
2,1297,1296,1791052782650905,1791052782652240,1335,0,16,13,13,13,13,6,30
2,1298,1297,1791052782700905,1791052782702475,1570,0,17,11,11,11,10,7,25
2,1299,1298,1791052782750905,1791052782752647,1742,0,18,7,7,7,7,6,29
2,1300,1299,1791052782800905,1791052782802361,1456,0,19,10,10,10,9,8,33
2,1301,1300,1791052782850905,1791052782852308,1403,0,0,7,7,7,6,4,14
2,1302,1301,1791052782900905,1791052782902587,1682,0,1,13,13,13,11,8,40
2,1303,1302,1791052782950905,1791052782951844,939,0,2,8,8,8,8,6,30
2,1304,1303,1791052783000905,1791052783002295,1390,0,3,8,8,8,8,4,20
2,1305,1304,1791052783050905,1791052783052650,1745,0,4,9,9,9,7,6,28
2,1306,1305,1791052783100905,1791052783102168,1263,0,5,9,9,9,9,6,22
2,1307,1306,1791052783150905,1791052783152457,1552,0,6,7,7,7,6,4,16
2,1308,1307,1791052783200905,1791052783202285,1380,0,7,11,11,11,12,9,40
2,1309,1308,1791052783250905,1791052783251730,825,0,8,6,6,6,6,3,9
2,1310,1309,1791052783300905,1791052783302116,1211,0,9,12,12,12,12,8,39
2,1311,1310,1791052783350905,1791052783352189,1284,0,10,10,10,10,9,6,30
2,1312,1311,1791052783400905,1791052783402359,1454,0,11,12,12,12,12,10,48
2,1313,1312,1791052783450905,1791052783452563,1658,0,12,10,10,10,9,6,30
2,1314,1313,1791052783500905,1791052783501888,983,0,13,10,10,10,10,6,21
2,1315,1314,1791052783550905,1791052783551901,996,0,14,11,11,11,11,6,30
2,1316,1315,1791052783600905,1791052783602381,1476,0,15,16,16,16,17,17,78
2,1317,1316,1791052783650905,1791052783652759,1854,0,16,13,13,13,13,6,30
2,1318,1317,1791052783700905,1791052783702080,1175,0,17,11,11,11,9,6,16
2,1319,1318,1791052783750905,1791052783752571,1666,0,18,7,7,7,7,6,30
2,1320,1319,1791052783800905,1791052783802362,1457,0,19,10,10,10,10,6,27
2,1321,1320,1791052783850905,1791052783852685,1780,0,0,7,7,7,7,4,14
2,1322,1321,1791052783900905,1791052783902052,1147,0,1,13,13,13,13,10,47
2,1323,1322,1791052783950905,1791052783952392,1487,0,2,8,8,8,8,6,30
2,1324,1323,1791052784000905,1791052784002422,1517,0,3,8,8,8,8,8,33
2,1325,1324,1791052784050905,1791052784051868,963,0,4,9,9,9,9,9,38
2,1326,1325,1791052784100905,1791052784101946,1041,0,5,9,9,9,9,6,22
2,1327,1326,1791052784150905,1791052784152398,1493,0,6,7,7,7,7,4,20
2,1328,1327,1791052784200905,1791052784202359,1454,0,7,11,11,11,12,8,40
2,1329,1328,1791052784250905,1791052784252451,1546,0,8,6,6,6,5,0,0
2,1330,1329,1791052784300905,1791052784302562,1657,0,9,12,12,12,12,6,24
2,1331,1330,1791052784350905,1791052784352752,1847,0,10,10,10,10,10,10,47
2,1332,1331,1791052784400905,1791052784402419,1514,0,11,12,12,12,13,13,59
2,1333,1332,1791052784450905,1791052784452366,1461,0,12,10,10,10,7,6,30
2,1334,1333,1791052784500905,1791052784502565,1660,0,13,10,10,10,9,6,23
2,1335,1334,1791052784550905,1791052784552665,1760,0,14,11,11,11,11,6,30
2,1336,1335,1791052784600905,1791052784602448,1543,0,15,16,16,16,15,15,69
2,1337,1336,1791052784650905,1791052784652781,1876,0,16,13,13,13,12,6,29
2,1338,1337,1791052784700905,1791052784702034,1129,0,17,11,11,11,9,6,25
2,1339,1338,1791052784750905,1791052784751882,977,0,18,7,7,7,7,6,27
2,1340,1339,1791052784800905,1791052784802354,1449,0,19,10,10,10,10,9,29
2,1341,1340,1791052784850905,1791052784852269,1364,0,0,7,7,7,7,6,24
2,1342,1341,1791052784900905,1791052784902339,1434,0,1,13,13,13,13,10,47
2,1343,1342,1791052784950905,1791052784952640,1735,0,2,8,8,8,8,6,30
2,1344,1343,1791052785000905,1791052785002367,1462,0,3,8,8,8,9,8,37
2,1345,1344,1791052785050905,1791052785052412,1507,0,4,9,9,9,9,8,36
2,1346,1345,1791052785100905,1791052785102486,1581,0,5,9,9,9,8,6,25
2,1347,1346,1791052785150905,1791052785152379,1474,0,6,7,7,7,7,2,10
2,1348,1347,1791052785200905,1791052785202384,1479,0,7,11,11,11,12,9,40
2,1349,1348,1791052785250905,1791052785252454,1549,0,8,6,6,6,6,6,19
2,1350,1349,1791052785300905,1791052785302591,1686,0,9,12,12,12,9,3,10
2,1351,1350,1791052785350905,1791052785352742,1837,0,10,10,10,10,10,8,33
2,1352,1351,1791052785400905,1791052785402365,1460,0,11,12,12,12,12,10,43
2,1353,1352,1791052785450905,1791052785452357,1452,0,12,10,10,10,7,5,17
2,1354,1353,1791052785500905,1791052785502396,1491,0,13,10,10,10,9,8,40
2,1355,1354,1791052785550905,1791052785552575,1670,0,14,11,11,11,8,4,15
2,1356,1355,1791052785600905,1791052785602186,1281,0,15,16,16,16,16,15,64
2,1357,1356,1791052785650905,1791052785652022,1117,0,16,13,13,13,7,4,14
2,1358,1357,1791052785700905,1791052785701968,1063,0,17,11,11,11,11,5,19
2,1359,1358,1791052785750905,1791052785752041,1136,0,18,7,7,7,7,4,20
2,1360,1359,1791052785800905,1791052785802420,1515,0,19,10,10,10,10,4,14
2,1361,1360,1791052785850905,1791052785852354,1449,0,0,7,7,7,5,2,10
2,1362,1361,1791052785900905,1791052785902581,1676,0,1,13,13,13,11,10,50
2,1363,1362,1791052785950905,1791052785952721,1816,0,2,8,8,8,8,6,27
2,1364,1363,1791052786000905,1791052786002385,1480,0,3,8,8,8,8,6,19
2,1365,1364,1791052786050905,1791052786052426,1521,0,4,9,9,9,8,6,24
2,1366,1365,1791052786100905,1791052786102597,1692,0,5,9,9,9,9,6,30
2,1367,1366,1791052786150905,1791052786152450,1545,0,6,7,7,7,6,4,20
2,1368,1367,1791052786200905,1791052786202241,1336,0,7,11,11,11,12,8,33
2,1369,1368,1791052786250905,1791052786252409,1504,0,8,6,6,6,6,2,10
2,1370,1369,1791052786300905,1791052786302518,1613,0,9,12,12,12,12,8,40
2,1371,1370,1791052786350905,1791052786352503,1598,0,10,10,10,10,10,10,50
2,1372,1371,1791052786400905,1791052786402419,1514,0,11,12,12,12,12,8,40
2,1373,1372,1791052786450905,1791052786452510,1605,0,12,10,10,10,9,7,29
2,1374,1373,1791052786500905,1791052786502592,1687,0,13,10,10,10,10,9,37
2,1375,1374,1791052786550905,1791052786552715,1810,0,14,11,11,11,8,7,30
2,1376,1375,1791052786600905,1791052786602435,1530,0,15,16,16,16,17,13,57
2,1377,1376,1791052786650905,1791052786652543,1638,0,16,13,13,13,10,6,23
2,1378,1377,1791052786700905,1791052786702686,1781,0,17,11,11,11,11,5,19
2,1379,1378,1791052786750905,1791052786752749,1844,0,18,7,7,7,7,6,30
2,1380,1379,1791052786800905,1791052786802494,1589,0,19,10,10,10,9,7,29
2,1381,1380,1791052786850905,1791052786852469,1564,0,0,7,7,7,5,4,20
2,1382,1381,1791052786900905,1791052786902383,1478,0,1,13,13,13,11,6,30
2,1383,1382,1791052786950905,1791052786952621,1716,0,2,8,8,8,7,4,20
2,1384,1383,1791052787000905,1791052787002397,1492,0,3,8,8,8,8,4,13
2,1385,1384,1791052787050905,1791052787052235,1330,0,4,9,9,9,9,6,24
2,1386,1385,1791052787100905,1791052787102464,1559,0,5,9,9,9,9,8,40
2,1387,1386,1791052787150905,1791052787152229,1324,0,6,7,7,7,7,2,4
2,1388,1387,1791052787200905,1791052787202409,1504,0,7,11,11,11,12,9,40
2,1389,1388,1791052787250905,1791052787252223,1318,0,8,6,6,6,5,2,10
2,1390,1389,1791052787300905,1791052787302178,1273,0,9,12,12,12,10,4,20
2,1391,1390,1791052787350905,1791052787352565,1660,0,10,10,10,10,9,8,39
2,1392,1391,1791052787400905,1791052787402315,1410,0,11,12,12,12,12,11,48
2,1393,1392,1791052787450905,1791052787451789,884,0,12,10,10,10,10,6,28
2,1394,1393,1791052787500905,1791052787502186,1281,0,13,10,10,10,8,6,22
2,1395,1394,1791052787550905,1791052787552580,1675,0,14,11,11,11,9,6,27
2,1396,1395,1791052787600905,1791052787602394,1489,0,15,16,16,16,16,16,66
2,1397,1396,1791052787650905,1791052787652495,1590,0,16,13,13,13,12,9,36
2,1398,1397,1791052787700905,1791052787702457,1552,0,17,11,11,11,9,7,25
2,1399,1398,1791052787750905,1791052787752350,1445,0,18,7,7,7,6,4,20
2,1400,1399,1791052787800905,1791052787802368,1463,0,19,10,10,10,8,7,24
2,1401,1400,1791052787850905,1791052787852291,1386,0,0,7,7,7,6,4,20
2,1402,1401,1791052787900905,1791052787902410,1505,0,1,13,13,13,11,8,40
2,1403,1402,1791052787950905,1791052787952153,1248,0,2,8,8,8,8,6,30
2,1404,1403,1791052788000905,1791052788002451,1546,0,3,8,8,8,7,6,21
2,1405,1404,1791052788050905,1791052788052537,1632,0,4,9,9,9,9,6,30
2,1406,1405,1791052788100905,1791052788102586,1681,0,5,9,9,9,9,6,30
2,1407,1406,1791052788150905,1791052788152297,1392,0,6,7,7,7,6,5,18
2,1408,1407,1791052788200905,1791052788202421,1516,0,7,11,11,11,11,10,45
2,1409,1408,1791052788250905,1791052788252311,1406,0,8,6,6,6,6,5,19
2,1410,1409,1791052788300905,1791052788302466,1561,0,9,12,12,12,11,8,40
2,1411,1410,1791052788350905,1791052788352647,1742,0,10,10,10,10,9,8,36
2,1412,1411,1791052788400905,1791052788402460,1555,0,11,12,12,12,12,12,51
2,1413,1412,1791052788450905,1791052788452265,1360,0,12,10,10,10,8,4,20
2,1414,1413,1791052788500905,1791052788502553,1648,0,13,10,10,10,10,6,26
2,1415,1414,1791052788550905,1791052788552652,1747,0,14,11,11,11,10,6,27
2,1416,1415,1791052788600905,1791052788602249,1344,0,15,16,16,16,16,15,70
2,1417,1416,1791052788650905,1791052788652507,1602,0,16,13,13,13,12,6,30
2,1418,1417,1791052788700905,1791052788702532,1627,0,17,11,11,11,10,7,25
2,1419,1418,1791052788750905,1791052788752394,1489,0,18,7,7,7,7,6,30
2,1420,1419,1791052788800905,1791052788802379,1474,0,19,10,10,10,11,8,30
2,1421,1420,1791052788850905,1791052788852392,1487,0,0,7,7,7,6,4,20
2,1422,1421,1791052788900905,1791052788902372,1467,0,1,13,13,13,12,10,45
2,1423,1422,1791052788950905,1791052788952004,1099,0,2,8,8,8,8,6,29
2,1424,1423,1791052789000905,1791052789002325,1420,0,3,8,8,8,8,4,14
2,1425,1424,1791052789050905,1791052789052682,1777,0,4,9,9,9,6,4,20
2,1426,1425,1791052789100905,1791052789102763,1858,0,5,9,9,9,8,8,39
2,1427,1426,1791052789150905,1791052789152421,1516,0,6,7,7,7,5,2,2
2,1428,1427,1791052789200905,1791052789202382,1477,0,7,11,11,11,11,8,40
2,1429,1428,1791052789250905,1791052789252428,1523,0,8,6,6,6,5,2,8
2,1430,1429,1791052789300905,1791052789302421,1516,0,9,12,12,12,12,8,38
2,1431,1430,1791052789350905,1791052789352685,1780,0,10,10,10,10,9,8,36
2,1432,1431,1791052789400905,1791052789402547,1642,0,11,12,12,12,12,10,50
2,1433,1432,1791052789450905,1791052789452037,1132,0,12,10,10,10,10,6,29
2,1434,1433,1791052789500905,1791052789502060,1155,0,13,10,10,10,10,6,28
2,1435,1434,1791052789550905,1791052789552074,1169,0,14,11,11,11,10,8,32
2,1436,1435,1791052789600905,1791052789602545,1640,0,15,16,16,16,16,13,60
2,1437,1436,1791052789650905,1791052789652758,1853,0,16,13,13,13,11,8,39
2,1438,1437,1791052789700905,1791052789701843,938,0,17,11,11,11,8,4,14
2,1439,1438,1791052789750905,1791052789751956,1051,0,18,7,7,7,7,6,28
2,1440,1439,1791052789800905,1791052789802402,1497,0,19,10,10,10,8,6,24
2,1441,1440,1791052789850905,1791052789852520,1615,0,0,7,7,7,6,2,10
2,1442,1441,1791052789900905,1791052789902602,1697,0,1,13,13,13,12,12,54
2,1443,1442,1791052789950905,1791052789952507,1602,0,2,8,8,8,8,6,30
2,1444,1443,1791052790000905,1791052790002506,1601,0,3,8,8,8,8,8,31
2,1445,1444,1791052790050905,1791052790052495,1590,0,4,9,9,9,8,8,32
2,1446,1445,1791052790100905,1791052790102045,1140,0,5,9,9,9,8,6,30
2,1447,1446,1791052790150905,1791052790151892,987,0,6,7,7,7,6,3,10
2,1448,1447,1791052790200905,1791052790202342,1437,0,7,11,11,11,11,8,35
2,1449,1448,1791052790250905,1791052790252011,1106,0,8,6,6,6,6,4,16
2,1450,1449,1791052790300905,1791052790301913,1008,0,9,12,12,12,12,8,33
2,1451,1450,1791052790350905,1791052790351865,960,0,10,10,10,10,10,10,50
2,1452,1451,1791052790400905,1791052790402331,1426,0,11,12,12,12,13,10,36
2,1453,1452,1791052790450905,1791052790452260,1355,0,12,10,10,10,7,4,18
2,1454,1453,1791052790500905,1791052790502213,1308,0,13,10,10,10,10,10,45
2,1455,1454,1791052790550905,1791052790552679,1774,0,14,11,11,11,10,9,38
2,1456,1455,1791052790600905,1791052790602321,1416,0,15,16,16,16,15,11,44
2,1457,1456,1791052790650905,1791052790652201,1296,0,16,13,13,13,10,10,45
2,1458,1457,1791052790700905,1791052790702282,1377,0,17,11,11,11,11,4,20
2,1459,1458,1791052790750905,1791052790751982,1077,0,18,7,7,7,7,4,13
2,1460,1459,1791052790800905,1791052790802338,1433,0,19,10,10,10,10,5,16
2,1461,1460,1791052790850905,1791052790852260,1355,0,0,7,7,7,7,2,10
2,1462,1461,1791052790900905,1791052790902414,1509,0,1,13,13,13,13,12,53
2,1463,1462,1791052790950905,1791052790951989,1084,0,2,8,8,8,8,6,29
2,1464,1463,1791052791000905,1791052791002314,1409,0,3,8,8,8,7,6,30
2,1465,1464,1791052791050905,1791052791052659,1754,0,4,9,9,9,9,9,37
2,1466,1465,1791052791100905,1791052791102786,1881,0,5,9,9,9,8,5,18
2,1467,1466,1791052791150905,1791052791152527,1622,0,6,7,7,7,6,4,15
2,1468,1467,1791052791200905,1791052791202233,1328,0,7,11,11,11,11,10,37
2,1469,1468,1791052791250905,1791052791252225,1320,0,8,6,6,6,6,6,22
2,1470,1469,1791052791300905,1791052791302178,1273,0,9,12,12,12,11,7,24
2,1471,1470,1791052791350905,1791052791352260,1355,0,10,10,10,10,9,6,30
2,1472,1471,1791052791400905,1791052791402411,1506,0,11,12,12,12,10,8,34
2,1473,1472,1791052791450905,1791052791452141,1236,0,12,10,10,10,9,8,32
2,1474,1473,1791052791500905,1791052791502249,1344,0,13,10,10,10,10,10,45
2,1475,1474,1791052791550905,1791052791552529,1624,0,14,11,11,11,11,6,26
2,1476,1475,1791052791600905,1791052791602423,1518,0,15,16,16,16,15,11,46
2,1477,1476,1791052791650905,1791052791652350,1445,0,16,13,13,13,12,6,30
2,1478,1477,1791052791700905,1791052791702382,1477,0,17,11,11,11,9,4,14
2,1479,1478,1791052791750905,1791052791751947,1042,0,18,7,7,7,7,6,22
2,1480,1479,1791052791800905,1791052791802431,1526,0,19,10,10,10,9,8,30
2,1481,1480,1791052791850905,1791052791852621,1716,0,0,7,7,7,7,6,25
2,1482,1481,1791052791900905,1791052791902763,1858,0,1,13,13,13,12,10,47
2,1483,1482,1791052791950905,1791052791952506,1601,0,2,8,8,8,8,6,28
2,1484,1483,1791052792000905,1791052792002458,1553,0,3,8,8,8,8,5,17
2,1485,1484,1791052792050905,1791052792052587,1682,0,4,9,9,9,8,4,20
2,1486,1485,1791052792100905,1791052792102482,1577,0,5,9,9,9,9,8,40
2,1487,1486,1791052792150905,1791052792152373,1468,0,6,7,7,7,7,4,11
2,1488,1487,1791052792200905,1791052792202436,1531,0,7,11,11,11,10,8,33
2,1489,1488,1791052792250905,1791052792252682,1777,0,8,6,6,6,6,4,13
2,1490,1489,1791052792300905,1791052792301888,983,0,9,12,12,12,10,8,40
2,1491,1490,1791052792350905,1791052792351981,1076,0,10,10,10,10,10,8,32
2,1492,1491,1791052792400905,1791052792402341,1436,0,11,12,12,12,13,13,51
2,1493,1492,1791052792450905,1791052792452513,1608,0,12,10,10,10,10,8,33
2,1494,1493,1791052792500905,1791052792501946,1041,0,13,10,10,10,7,5,15
2,1495,1494,1791052792550905,1791052792552049,1144,0,14,11,11,11,11,6,30
2,1496,1495,1791052792600905,1791052792602455,1550,0,15,16,16,16,17,15,70
2,1497,1496,1791052792650905,1791052792651886,981,0,16,13,13,13,10,6,30
2,1498,1497,1791052792700905,1791052792702245,1340,0,17,11,11,11,11,10,41
2,1499,1498,1791052792750905,1791052792752274,1369,0,18,7,7,7,7,6,29
2,1500,1499,1791052792800905,1791052792802488,1583,0,19,10,10,10,10,9,35
2,1501,1500,1791052792850905,1791052792852587,1682,0,0,7,7,7,6,4,20
2,1502,1501,1791052792900905,1791052792902360,1455,0,1,13,13,13,12,10,45
2,1503,1502,1791052792950905,1791052792952278,1373,0,2,8,8,8,8,6,23
2,1504,1503,1791052793000905,1791052793002359,1454,0,3,8,8,8,6,4,20
2,1505,1504,1791052793050905,1791052793051970,1065,0,4,9,9,9,9,8,31
2,1506,1505,1791052793100905,1791052793101798,893,0,5,9,9,9,9,6,22
2,1507,1506,1791052793150905,1791052793152665,1760,0,6,7,7,7,5,4,20
2,1508,1507,1791052793200905,1791052793202292,1387,0,7,11,11,11,10,10,35
2,1509,1508,1791052793250905,1791052793252417,1512,0,8,6,6,6,5,2,8
2,1510,1509,1791052793300905,1791052793302567,1662,0,9,12,12,12,12,8,40
2,1511,1510,1791052793350905,1791052793351819,914,0,10,10,10,10,10,8,40
2,1512,1511,1791052793400905,1791052793402359,1454,0,11,12,12,12,12,10,50
2,1513,1512,1791052793450905,1791052793451875,970,0,12,10,10,10,8,6,30
2,1514,1513,1791052793500905,1791052793502083,1178,0,13,10,10,10,10,4,18
2,1515,1514,1791052793550905,1791052793551842,937,0,14,11,11,11,11,8,36
2,1516,1515,1791052793600905,1791052793602408,1503,0,15,16,16,16,16,16,73
2,1517,1516,1791052793650905,1791052793651766,861,0,16,13,13,13,11,6,30
2,1518,1517,1791052793700905,1791052793702185,1280,0,17,11,11,11,9,4,17
2,1519,1518,1791052793750905,1791052793752046,1141,0,18,7,7,7,7,6,30
2,1520,1519,1791052793800905,1791052793802416,1511,0,19,10,10,10,10,8,33
2,1521,1520,1791052793850905,1791052793852499,1594,0,0,7,7,7,6,4,14
2,1522,1521,1791052793900905,1791052793902632,1727,0,1,13,13,13,12,8,40
2,1523,1522,1791052793950905,1791052793951875,970,0,2,8,8,8,8,6,30
2,1524,1523,1791052794000905,1791052794002349,1444,0,3,8,8,8,9,9,37
2,1525,1524,1791052794050905,1791052794052356,1451,0,4,9,9,9,9,8,40
2,1526,1525,1791052794100905,1791052794102363,1458,0,5,9,9,9,7,6,24
2,1527,1526,1791052794150905,1791052794152318,1413,0,6,7,7,7,7,4,15
2,1528,1527,1791052794200905,1791052794202251,1346,0,7,11,11,11,11,9,34
2,1529,1528,1791052794250905,1791052794252303,1398,0,8,6,6,6,5,4,13
2,1530,1529,1791052794300905,1791052794302598,1693,0,9,12,12,12,11,11,49
2,1531,1530,1791052794350905,1791052794352491,1586,0,10,10,10,10,10,8,31
2,1532,1531,1791052794400905,1791052794402376,1471,0,11,12,12,12,13,12,46
2,1533,1532,1791052794450905,1791052794452555,1650,0,12,10,10,10,9,6,29
2,1534,1533,1791052794500905,1791052794502260,1355,0,13,10,10,10,9,2,10
2,1535,1534,1791052794550905,1791052794552668,1763,0,14,11,11,11,11,8,36
2,1536,1535,1791052794600905,1791052794602296,1391,0,15,16,16,16,17,14,70
2,1537,1536,1791052794650905,1791052794652222,1317,0,16,13,13,13,12,8,33
2,1538,1537,1791052794700905,1791052794702269,1364,0,17,11,11,11,8,7,29
2,1539,1538,1791052794750905,1791052794752038,1133,0,18,7,7,7,7,6,30
2,1540,1539,1791052794800905,1791052794802224,1319,0,19,10,10,10,8,4,18
2,1541,1540,1791052794850905,1791052794851833,928,0,0,7,7,7,6,4,19
2,1542,1541,1791052794900905,1791052794902115,1210,0,1,13,13,13,11,10,50
2,1543,1542,1791052794950905,1791052794952201,1296,0,2,8,8,8,8,6,23
2,1544,1543,1791052795000905,1791052795002287,1382,0,3,8,8,8,8,5,19
2,1545,1544,1791052795050905,1791052795052321,1416,0,4,9,9,9,9,7,30
2,1546,1545,1791052795100905,1791052795102404,1499,0,5,9,9,9,9,6,30
2,1547,1546,1791052795150905,1791052795152018,1113,0,6,7,7,7,7,4,11
2,1548,1547,1791052795200905,1791052795202227,1322,0,7,11,11,11,10,8,40
2,1549,1548,1791052795250905,1791052795252568,1663,0,8,6,6,6,4,0,0
2,1550,1549,1791052795300905,1791052795302744,1839,0,9,12,12,12,12,6,23
2,1551,1550,1791052795350905,1791052795352679,1774,0,10,10,10,10,10,10,42
2,1552,1551,1791052795400905,1791052795402148,1243,0,11,12,12,12,12,11,50
2,1553,1552,1791052795450905,1791052795452022,1117,0,12,10,10,10,9,8,32
2,1554,1553,1791052795500905,1791052795501989,1084,0,13,10,10,10,8,4,20
2,1555,1554,1791052795550905,1791052795551797,892,0,14,11,11,11,10,6,30
2,1556,1555,1791052795600905,1791052795602555,1650,0,15,16,16,16,17,17,80
2,1557,1556,1791052795650905,1791052795652629,1724,0,16,13,13,13,12,6,30
2,1558,1557,1791052795700905,1791052795702668,1763,0,17,11,11,11,10,9,39
2,1559,1558,1791052795750905,1791052795752583,1678,0,18,7,7,7,7,6,30
2,1560,1559,1791052795800905,1791052795802364,1459,0,19,10,10,10,9,4,15
2,1561,1560,1791052795850905,1791052795852048,1143,0,0,7,7,7,6,2,10
2,1562,1561,1791052795900905,1791052795902207,1302,0,1,13,13,13,11,10,50
2,1563,1562,1791052795950905,1791052795952688,1783,0,2,8,8,8,8,6,30
2,1564,1563,1791052796000905,1791052796002436,1531,0,3,8,8,8,9,9,34
2,1565,1564,1791052796050905,1791052796051959,1054,0,4,9,9,9,8,6,30
2,1566,1565,1791052796100905,1791052796102049,1144,0,5,9,9,9,8,7,27
2,1567,1566,1791052796150905,1791052796152020,1115,0,6,7,7,7,7,3,10
2,1568,1567,1791052796200905,1791052796202406,1501,0,7,11,11,11,11,8,40
2,1569,1568,1791052796250905,1791052796252470,1565,0,8,6,6,6,5,2,6
2,1570,1569,1791052796300905,1791052796302721,1816,0,9,12,12,12,12,8,34
2,1571,1570,1791052796350905,1791052796352469,1564,0,10,10,10,10,9,8,32
2,1572,1571,1791052796400905,1791052796402468,1563,0,11,12,12,12,12,12,51
2,1573,1572,1791052796450905,1791052796452794,1889,0,12,10,10,10,10,6,24
2,1574,1573,1791052796500905,1791052796502297,1392,0,13,10,10,10,8,4,20
2,1575,1574,1791052796550905,1791052796552715,1810,0,14,11,11,11,10,6,29
2,1576,1575,1791052796600905,1791052796602375,1470,0,15,16,16,16,15,14,69
2,1577,1576,1791052796650905,1791052796652410,1505,0,16,13,13,13,10,4,20
2,1578,1577,1791052796700905,1791052796702382,1477,0,17,11,11,11,10,4,20
2,1579,1578,1791052796750905,1791052796752530,1625,0,18,7,7,7,7,6,30
2,1580,1579,1791052796800905,1791052796802225,1320,0,19,10,10,10,10,5,20
2,1581,1580,1791052796850905,1791052796852626,1721,0,0,7,7,7,7,2,10
2,1582,1581,1791052796900905,1791052796902273,1368,0,1,13,13,13,12,12,54
2,1583,1582,1791052796950905,1791052796952684,1779,0,2,8,8,8,6,4,12
2,1584,1583,1791052797000905,1791052797002478,1573,0,3,8,8,8,9,4,20
2,1585,1584,1791052797050905,1791052797052206,1301,0,4,9,9,9,9,6,22
2,1586,1585,1791052797100905,1791052797101812,907,0,5,9,9,9,9,8,40
2,1587,1586,1791052797150905,1791052797152658,1753,0,6,7,7,7,7,4,15
2,1588,1587,1791052797200905,1791052797202449,1544,0,7,11,11,11,12,11,44
2,1589,1588,1791052797250905,1791052797252658,1753,0,8,6,6,6,4,0,0
2,1590,1589,1791052797300905,1791052797302787,1882,0,9,12,12,12,10,4,20
2,1591,1590,1791052797350905,1791052797352597,1692,0,10,10,10,10,10,10,48
2,1592,1591,1791052797400905,1791052797402306,1401,0,11,12,12,12,12,12,55
2,1593,1592,1791052797450905,1791052797451872,967,0,12,10,10,10,8,6,23
2,1594,1593,1791052797500905,1791052797501809,904,0,13,10,10,10,8,4,20
2,1595,1594,1791052797550905,1791052797552254,1349,0,14,11,11,11,10,6,30
2,1596,1595,1791052797600905,1791052797602444,1539,0,15,16,16,16,15,14,61
2,1597,1596,1791052797650905,1791052797651812,907,0,16,13,13,13,10,6,30
2,1598,1597,1791052797700905,1791052797702212,1307,0,17,11,11,11,11,7,19
2,1599,1598,1791052797750905,1791052797752293,1388,0,18,7,7,7,7,6,30
2,1600,1599,1791052797800905,1791052797802358,1453,0,19,10,10,10,9,2,10
2,1601,1600,1791052797850905,1791052797851803,898,0,0,7,7,7,5,2,10
2,1602,1601,1791052797900905,1791052797902192,1287,0,1,13,13,13,13,10,44
2,1603,1602,1791052797950905,1791052797952181,1276,0,2,8,8,8,8,6,26
2,1604,1603,1791052798000905,1791052798002368,1463,0,3,8,8,8,8,6,21
2,1605,1604,1791052798050905,1791052798052776,1871,0,4,9,9,9,7,4,18
2,1606,1605,1791052798100905,1791052798101968,1063,0,5,9,9,9,9,8,36
2,1607,1606,1791052798150905,1791052798152022,1117,0,6,7,7,7,7,2,10
2,1608,1607,1791052798200905,1791052798202440,1535,0,7,11,11,11,11,8,36
2,1609,1608,1791052798250905,1791052798252439,1534,0,8,6,6,6,4,0,0
2,1610,1609,1791052798300905,1791052798302627,1722,0,9,12,12,12,12,4,20
2,1611,1610,1791052798350905,1791052798352507,1602,0,10,10,10,10,9,8,40
2,1612,1611,1791052798400905,1791052798402438,1533,0,11,12,12,12,11,10,47
2,1613,1612,1791052798450905,1791052798452352,1447,0,12,10,10,10,8,6,27
2,1614,1613,1791052798500905,1791052798502034,1129,0,13,10,10,10,9,8,29
2,1615,1614,1791052798550905,1791052798552210,1305,0,14,11,11,11,9,9,35
2,1616,1615,1791052798600905,1791052798602462,1557,0,15,16,16,16,16,13,47
2,1617,1616,1791052798650905,1791052798652003,1098,0,16,13,13,13,10,6,27
2,1618,1617,1791052798700905,1791052798702638,1733,0,17,11,11,11,10,4,18
2,1619,1618,1791052798750905,1791052798752369,1464,0,18,7,7,7,7,6,30
2,1620,1619,1791052798800905,1791052798802408,1503,0,19,10,10,10,10,6,21
2,1621,1620,1791052798850905,1791052798852462,1557,0,0,7,7,7,5,2,10
2,1622,1621,1791052798900905,1791052798901976,1071,0,1,13,13,13,12,12,51
2,1623,1622,1791052798950905,1791052798952239,1334,0,2,8,8,8,8,5,15
2,1624,1623,1791052799000905,1791052799002433,1528,0,3,8,8,8,8,4,13
2,1625,1624,1791052799050905,1791052799052772,1867,0,4,9,9,9,8,4,20
2,1626,1625,1791052799100905,1791052799102158,1253,0,5,9,9,9,9,6,30
2,1627,1626,1791052799150905,1791052799151952,1047,0,6,7,7,7,7,4,12
2,1628,1627,1791052799200905,1791052799202297,1392,0,7,11,11,11,10,8,32
2,1629,1628,1791052799250905,1791052799251969,1064,0,8,6,6,6,5,2,10
2,1630,1629,1791052799300905,1791052799301946,1041,0,9,12,12,12,10,4,20
2,1631,1630,1791052799350905,1791052799351989,1084,0,10,10,10,10,9,8,40
2,1632,1631,1791052799400905,1791052799402500,1595,0,11,12,12,12,13,11,50
2,1633,1632,1791052799450905,1791052799452520,1615,0,12,10,10,10,8,4,20
2,1634,1633,1791052799500905,1791052799502655,1750,0,13,10,10,10,9,6,21
2,1635,1634,1791052799550905,1791052799552054,1149,0,14,11,11,11,11,6,30
2,1636,1635,1791052799600905,1791052799602396,1491,0,15,16,16,16,16,14,68
2,1637,1636,1791052799650905,1791052799652189,1284,0,16,13,13,13,12,8,33
2,1638,1637,1791052799700905,1791052799702551,1646,0,17,11,11,11,10,6,23
2,1639,1638,1791052799750905,1791052799751797,892,0,18,7,7,7,7,6,30
2,1640,1639,1791052799800905,1791052799802243,1338,0,19,10,10,10,10,6,23
2,1641,1640,1791052799850905,1791052799852208,1303,0,0,7,7,7,6,2,10
2,1642,1641,1791052799900905,1791052799901819,914,0,1,13,13,13,13,12,53
2,1643,1642,1791052799950905,1791052799951867,962,0,2,8,8,8,8,6,26
2,1644,1643,1791052800000905,1791052800002594,1689,0,3,8,8,8,8,6,21
2,1645,1644,1791052800050905,1791052800052752,1847,0,4,9,9,9,9,6,21
2,1646,1645,1791052800100905,1791052800102218,1313,0,5,9,9,9,9,8,37
2,1647,1646,1791052800150905,1791052800152316,1411,0,6,7,7,7,7,4,17
2,1648,1647,1791052800200905,1791052800202580,1675,0,7,11,11,11,12,8,36
2,1649,1648,1791052800250905,1791052800251844,939,0,8,6,6,6,5,4,13
2,1650,1649,1791052800300905,1791052800301788,883,0,9,12,12,12,11,8,38
2,1651,1650,1791052800350905,1791052800351757,852,0,10,10,10,10,10,9,39
2,1652,1651,1791052800400905,1791052800402453,1548,0,11,12,12,12,13,13,52
2,1653,1652,1791052800450905,1791052800451806,901,0,12,10,10,10,8,4,20
2,1654,1653,1791052800500905,1791052800502202,1297,0,13,10,10,10,9,6,23
2,1655,1654,1791052800550905,1791052800552329,1424,0,14,11,11,11,11,8,36
2,1656,1655,1791052800600905,1791052800602426,1521,0,15,16,16,16,15,14,70
2,1657,1656,1791052800650905,1791052800651756,851,0,16,13,13,13,11,6,30
2,1658,1657,1791052800700905,1791052800702643,1738,0,17,11,11,11,8,5,14
2,1659,1658,1791052800750905,1791052800752626,1721,0,18,7,7,7,7,6,27
2,1660,1659,1791052800800905,1791052800802313,1408,0,19,10,10,10,8,7,22
2,1661,1660,1791052800850905,1791052800852254,1349,0,0,7,7,7,6,2,10
2,1662,1661,1791052800900905,1791052800902466,1561,0,1,13,13,13,12,10,50
2,1663,1662,1791052800950905,1791052800952685,1780,0,2,8,8,8,7,4,20
2,1664,1663,1791052801000905,1791052801002369,1464,0,3,8,8,8,8,4,20
2,1665,1664,1791052801050905,1791052801052445,1540,0,4,9,9,9,8,6,26
2,1666,1665,1791052801100905,1791052801102494,1589,0,5,9,9,9,8,6,23
2,1667,1666,1791052801150905,1791052801152636,1731,0,6,7,7,7,6,4,20
2,1668,1667,1791052801200905,1791052801202441,1536,0,7,11,11,11,10,7,30
2,1669,1668,1791052801250905,1791052801252171,1266,0,8,6,6,6,5,2,10
2,1670,1669,1791052801300905,1791052801302619,1714,0,9,12,12,12,11,6,30
2,1671,1670,1791052801350905,1791052801352708,1803,0,10,10,10,10,10,10,50
2,1672,1671,1791052801400905,1791052801402433,1528,0,11,12,12,12,13,10,46
2,1673,1672,1791052801450905,1791052801452461,1556,0,12,10,10,10,6,5,20
2,1674,1673,1791052801500905,1791052801502587,1682,0,13,10,10,10,10,9,39
2,1675,1674,1791052801550905,1791052801552623,1718,0,14,11,11,11,9,8,34
2,1676,1675,1791052801600905,1791052801602342,1437,0,15,16,16,16,16,9,39
2,1677,1676,1791052801650905,1791052801652636,1731,0,16,13,13,13,12,12,50
2,1678,1677,1791052801700905,1791052801702783,1878,0,17,11,11,11,10,6,24
2,1679,1678,1791052801750905,1791052801752690,1785,0,18,7,7,7,7,2,10
2,1680,1679,1791052801800905,1791052801802250,1345,0,19,10,10,10,9,4,12
2,1681,1680,1791052801850905,1791052801852297,1392,0,0,7,7,7,6,2,10
2,1682,1681,1791052801900905,1791052801902482,1577,0,1,13,13,13,12,10,50
2,1683,1682,1791052801950905,1791052801952240,1335,0,2,8,8,8,8,6,30
2,1684,1683,1791052802000905,1791052802002356,1451,0,3,8,8,8,8,8,31
2,1685,1684,1791052802050905,1791052802052508,1603,0,4,9,9,9,8,8,40
2,1686,1685,1791052802100905,1791052802102572,1667,0,5,9,9,9,7,6,23
2,1687,1686,1791052802150905,1791052802152565,1660,0,6,7,7,7,7,4,15
2,1688,1687,1791052802200905,1791052802202353,1448,0,7,11,11,11,12,8,33
2,1689,1688,1791052802250905,1791052802251836,931,0,8,6,6,6,5,2,8
2,1690,1689,1791052802300905,1791052802301943,1038,0,9,12,12,12,11,6,24
2,1691,1690,1791052802350905,1791052802352453,1548,0,10,10,10,10,8,6,30
2,1692,1691,1791052802400905,1791052802402316,1411,0,11,12,12,12,13,13,55
2,1693,1692,1791052802450905,1791052802452053,1148,0,12,10,10,10,10,6,21
2,1694,1693,1791052802500905,1791052802502353,1448,0,13,10,10,10,8,4,16
2,1695,1694,1791052802550905,1791052802552343,1438,0,14,11,11,11,10,6,29
2,1696,1695,1791052802600905,1791052802602481,1576,0,15,16,16,16,17,16,75
2,1697,1696,1791052802650905,1791052802651935,1030,0,16,13,13,13,12,8,36
2,1698,1697,1791052802700905,1791052802702307,1402,0,17,11,11,11,11,11,49
2,1699,1698,1791052802750905,1791052802751919,1014,0,18,7,7,7,6,4,20
2,1700,1699,1791052802800905,1791052802802430,1525,0,19,10,10,10,10,8,28
2,1701,1700,1791052802850905,1791052802852795,1890,0,0,7,7,7,7,6,30
2,1702,1701,1791052802900905,1791052802901823,918,0,1,13,13,13,12,8,36
2,1703,1702,1791052802950905,1791052802951748,843,0,2,8,8,8,8,6,30
2,1704,1703,1791052803000905,1791052803002404,1499,0,3,8,8,8,9,7,28
2,1705,1704,1791052803050905,1791052803052428,1523,0,4,9,9,9,9,8,39
2,1706,1705,1791052803100905,1791052803102390,1485,0,5,9,9,9,9,4,20
2,1707,1706,1791052803150905,1791052803152135,1230,0,6,7,7,7,5,5,20
2,1708,1707,1791052803200905,1791052803202500,1595,0,7,11,11,11,9,8,31
2,1709,1708,1791052803250905,1791052803252656,1751,0,8,6,6,6,6,4,14
2,1710,1709,1791052803300905,1791052803302423,1518,0,9,12,12,12,12,11,50
2,1711,1710,1791052803350905,1791052803352437,1532,0,10,10,10,10,9,4,20
2,1712,1711,1791052803400905,1791052803402397,1492,0,11,12,12,12,12,8,40
2,1713,1712,1791052803450905,1791052803452014,1109,0,12,10,10,10,9,6,30
2,1714,1713,1791052803500905,1791052803502190,1285,0,13,10,10,10,9,7,25
2,1715,1714,1791052803550905,1791052803552233,1328,0,14,11,11,11,11,8,39
2,1716,1715,1791052803600905,1791052803602237,1332,0,15,16,16,16,17,15,70
2,1717,1716,1791052803650905,1791052803652400,1495,0,16,13,13,13,11,7,23
2,1718,1717,1791052803700905,1791052803702468,1563,0,17,11,11,11,9,4,17
2,1719,1718,1791052803750905,1791052803752542,1637,0,18,7,7,7,7,6,29
2,1720,1719,1791052803800905,1791052803802483,1578,0,19,10,10,10,10,8,32
2,1721,1720,1791052803850905,1791052803852417,1512,0,0,7,7,7,7,4,16
2,1722,1721,1791052803900905,1791052803902645,1740,0,1,13,13,13,12,10,49
2,1723,1722,1791052803950905,1791052803952731,1826,0,2,8,8,8,7,4,20
2,1724,1723,1791052804000905,1791052804002313,1408,0,3,8,8,8,9,7,29
2,1725,1724,1791052804050905,1791052804052591,1686,0,4,9,9,9,7,6,30
2,1726,1725,1791052804100905,1791052804101968,1063,0,5,9,9,9,8,6,27
2,1727,1726,1791052804150905,1791052804151912,1007,0,6,7,7,7,7,4,17
2,1728,1727,1791052804200905,1791052804202380,1475,0,7,11,11,11,11,8,40
2,1729,1728,1791052804250905,1791052804252350,1445,0,8,6,6,6,6,4,15
2,1730,1729,1791052804300905,1791052804302334,1429,0,9,12,12,12,12,11,50
2,1731,1730,1791052804350905,1791052804352203,1298,0,10,10,10,10,9,9,38
2,1732,1731,1791052804400905,1791052804402451,1546,0,11,12,12,12,12,11,43
2,1733,1732,1791052804450905,1791052804452555,1650,0,12,10,10,10,9,8,34
2,1734,1733,1791052804500905,1791052804502642,1737,0,13,10,10,10,9,4,18
2,1735,1734,1791052804550905,1791052804551878,973,0,14,11,11,11,11,8,34
2,1736,1735,1791052804600905,1791052804602384,1479,0,15,16,16,16,16,15,70
2,1737,1736,1791052804650905,1791052804652471,1566,0,16,13,13,13,10,8,38
2,1738,1737,1791052804700905,1791052804702491,1586,0,17,11,11,11,10,8,35
2,1739,1738,1791052804750905,1791052804752351,1446,0,18,7,7,7,7,6,30
2,1740,1739,1791052804800905,1791052804802367,1462,0,19,10,10,10,10,7,28
2,1741,1740,1791052804850905,1791052804852288,1383,0,0,7,7,7,7,4,15
2,1742,1741,1791052804900905,1791052804902367,1462,0,1,13,13,13,12,8,40
2,1743,1742,1791052804950905,1791052804952614,1709,0,2,8,8,8,8,6,30
2,1744,1743,1791052805000905,1791052805002335,1430,0,3,8,8,8,9,6,28
2,1745,1744,1791052805050905,1791052805052144,1239,0,4,9,9,9,9,6,28
2,1746,1745,1791052805100905,1791052805102505,1600,0,5,9,9,9,9,6,30
2,1747,1746,1791052805150905,1791052805152543,1638,0,6,7,7,7,7,4,15
2,1748,1747,1791052805200905,1791052805202332,1427,0,7,11,11,11,11,8,39
2,1749,1748,1791052805250905,1791052805252487,1582,0,8,6,6,6,5,2,10
2,1750,1749,1791052805300905,1791052805301754,849,0,9,12,12,12,11,8,39
2,1751,1750,1791052805350905,1791052805352146,1241,0,10,10,10,10,8,6,30
2,1752,1751,1791052805400905,1791052805402312,1407,0,11,12,12,12,13,10,50
2,1753,1752,1791052805450905,1791052805452717,1812,0,12,10,10,10,10,6,26
2,1754,1753,1791052805500905,1791052805501937,1032,0,13,10,10,10,8,2,10
2,1755,1754,1791052805550905,1791052805552040,1135,0,14,11,11,11,11,8,37
2,1756,1755,1791052805600905,1791052805602309,1404,0,15,16,16,16,16,16,71
2,1757,1756,1791052805650905,1791052805652302,1397,0,16,13,13,13,12,8,34
2,1758,1757,1791052805700905,1791052805701782,877,0,17,11,11,11,10,10,43
2,1759,1758,1791052805750905,1791052805752109,1204,0,18,7,7,7,7,6,27
2,1760,1759,1791052805800905,1791052805802173,1268,0,19,10,10,10,8,4,13
2,1761,1760,1791052805850905,1791052805852498,1593,0,0,7,7,7,7,2,10
2,1762,1761,1791052805900905,1791052805901826,921,0,1,13,13,13,13,10,50
2,1763,1762,1791052805950905,1791052805952049,1144,0,2,8,8,8,8,6,30
2,1764,1763,1791052806000905,1791052806002294,1389,0,3,8,8,8,8,7,30
2,1765,1764,1791052806050905,1791052806052232,1327,0,4,9,9,9,8,8,40
2,1766,1765,1791052806100905,1791052806102191,1286,0,5,9,9,9,9,6,30
2,1767,1766,1791052806150905,1791052806152132,1227,0,6,7,7,7,6,4,17
2,1768,1767,1791052806200905,1791052806202402,1497,0,7,11,11,11,11,8,40
2,1769,1768,1791052806250905,1791052806252388,1483,0,8,6,6,6,5,0,0
2,1770,1769,1791052806300905,1791052806302058,1153,0,9,12,12,12,12,6,24
2,1771,1770,1791052806350905,1791052806352149,1244,0,10,10,10,10,10,10,44
2,1772,1771,1791052806400905,1791052806402524,1619,0,11,12,12,12,13,12,43
2,1773,1772,1791052806450905,1791052806452641,1736,0,12,10,10,10,8,8,31
2,1774,1773,1791052806500905,1791052806501788,883,0,13,10,10,10,9,8,33
2,1775,1774,1791052806550905,1791052806552273,1368,0,14,11,11,11,9,9,33
2,1776,1775,1791052806600905,1791052806602428,1523,0,15,16,16,16,15,11,48
2,1777,1776,1791052806650905,1791052806652692,1787,0,16,13,13,13,11,11,45
2,1778,1777,1791052806700905,1791052806702654,1749,0,17,11,11,11,10,6,27
2,1779,1778,1791052806750905,1791052806752628,1723,0,18,7,7,7,7,2,10
2,1780,1779,1791052806800905,1791052806802335,1430,0,19,10,10,10,10,6,21
2,1781,1780,1791052806850905,1791052806851986,1081,0,0,7,7,7,6,2,10
2,1782,1781,1791052806900905,1791052806902202,1297,0,1,13,13,13,13,10,50
2,1783,1782,1791052806950905,1791052806952462,1557,0,2,8,8,8,8,6,30
2,1784,1783,1791052807000905,1791052807002267,1362,0,3,8,8,8,8,6,28
2,1785,1784,1791052807050905,1791052807052696,1791,0,4,9,9,9,9,8,40
2,1786,1785,1791052807100905,1791052807101865,960,0,5,9,9,9,8,8,32
2,1787,1786,1791052807150905,1791052807152784,1879,0,6,7,7,7,7,2,6
2,1788,1787,1791052807200905,1791052807202354,1449,0,7,11,11,11,11,8,34
2,1789,1788,1791052807250905,1791052807252294,1389,0,8,6,6,6,6,4,20
2,1790,1789,1791052807300905,1791052807302031,1126,0,9,12,12,12,12,11,47
2,1791,1790,1791052807350905,1791052807352166,1261,0,10,10,10,10,9,6,30
2,1792,1791,1791052807400905,1791052807402295,1390,0,11,12,12,12,13,10,45
2,1793,1792,1791052807450905,1791052807452585,1680,0,12,10,10,10,10,6,30
2,1794,1793,1791052807500905,1791052807502652,1747,0,13,10,10,10,8,5,20
2,1795,1794,1791052807550905,1791052807552027,1122,0,14,11,11,11,9,6,30
2,1796,1795,1791052807600905,1791052807602364,1459,0,15,16,16,16,17,16,70
2,1797,1796,1791052807650905,1791052807652273,1368,0,16,13,13,13,10,7,27
2,1798,1797,1791052807700905,1791052807702179,1274,0,17,11,11,11,10,9,40
2,1799,1798,1791052807750905,1791052807752071,1166,0,18,7,7,7,7,4,20
2,1800,1799,1791052807800905,1791052807802378,1473,0,19,10,10,10,10,8,33
2,1801,1800,1791052807850905,1791052807852140,1235,0,0,7,7,7,7,4,16
2,1802,1801,1791052807900905,1791052807902106,1201,0,1,13,13,13,12,10,43
2,1803,1802,1791052807950905,1791052807952782,1877,0,2,8,8,8,8,6,30
2,1804,1803,1791052808000905,1791052808002496,1591,0,3,8,8,8,9,7,29
2,1805,1804,1791052808050905,1791052808052540,1635,0,4,9,9,9,8,6,30
2,1806,1805,1791052808100905,1791052808102013,1108,0,5,9,9,9,8,6,28
2,1807,1806,1791052808150905,1791052808151757,852,0,6,7,7,7,6,4,12
2,1808,1807,1791052808200905,1791052808202299,1394,0,7,11,11,11,12,8,40
2,1809,1808,1791052808250905,1791052808252279,1374,0,8,6,6,6,6,2,10
2,1810,1809,1791052808300905,1791052808302414,1509,0,9,12,12,12,11,6,24
2,1811,1810,1791052808350905,1791052808352478,1573,0,10,10,10,10,10,10,50
2,1812,1811,1791052808400905,1791052808402361,1456,0,11,12,12,12,12,9,40
2,1813,1812,1791052808450905,1791052808452280,1375,0,12,10,10,10,8,7,30
2,1814,1813,1791052808500905,1791052808502288,1383,0,13,10,10,10,10,6,26
2,1815,1814,1791052808550905,1791052808552311,1406,0,14,11,11,11,9,6,27
2,1816,1815,1791052808600905,1791052808602422,1517,0,15,16,16,16,15,14,68
2,1817,1816,1791052808650905,1791052808652453,1548,0,16,13,13,13,11,6,28
2,1818,1817,1791052808700905,1791052808702289,1384,0,17,11,11,11,9,6,24
2,1819,1818,1791052808750905,1791052808751815,910,0,18,7,7,7,6,4,20
2,1820,1819,1791052808800905,1791052808802348,1443,0,19,10,10,10,10,8,27
2,1821,1820,1791052808850905,1791052808852153,1248,0,0,7,7,7,5,2,10
2,1822,1821,1791052808900905,1791052808902074,1169,0,1,13,13,13,11,8,40
2,1823,1822,1791052808950905,1791052808951903,998,0,2,8,8,8,8,6,30
2,1824,1823,1791052809000905,1791052809002375,1470,0,3,8,8,8,7,6,27
2,1825,1824,1791052809050905,1791052809052544,1639,0,4,9,9,9,9,8,40
2,1826,1825,1791052809100905,1791052809101853,948,0,5,9,9,9,8,6,21
2,1827,1826,1791052809150905,1791052809151863,958,0,6,7,7,7,7,5,20
2,1828,1827,1791052809200905,1791052809202341,1436,0,7,11,11,11,12,8,29
2,1829,1828,1791052809250905,1791052809252274,1369,0,8,6,6,6,6,4,16
2,1830,1829,1791052809300905,1791052809302174,1269,0,9,12,12,12,10,4,20
2,1831,1830,1791052809350905,1791052809352059,1154,0,10,10,10,10,9,8,37
2,1832,1831,1791052809400905,1791052809402411,1506,0,11,12,12,12,11,8,40
2,1833,1832,1791052809450905,1791052809452327,1422,0,12,10,10,10,10,6,30
2,1834,1833,1791052809500905,1791052809502118,1213,0,13,10,10,10,10,7,29
2,1835,1834,1791052809550905,1791052809552012,1107,0,14,11,11,11,9,4,20
2,1836,1835,1791052809600905,1791052809602383,1478,0,15,16,16,16,15,15,70
2,1837,1836,1791052809650905,1791052809651935,1030,0,16,13,13,13,11,8,31
2,1838,1837,1791052809700905,1791052809702660,1755,0,17,11,11,11,10,7,22
2,1839,1838,1791052809750905,1791052809751964,1059,0,18,7,7,7,7,6,30
2,1840,1839,1791052809800905,1791052809802358,1453,0,19,10,10,10,9,6,30
2,1841,1840,1791052809850905,1791052809852294,1389,0,0,7,7,7,7,4,20
2,1842,1841,1791052809900905,1791052809902134,1229,0,1,13,13,13,12,11,49
2,1843,1842,1791052809950905,1791052809952340,1435,0,2,8,8,8,8,6,30
2,1844,1843,1791052810000905,1791052810002393,1488,0,3,8,8,8,8,7,28
2,1845,1844,1791052810050905,1791052810052522,1617,0,4,9,9,9,9,8,33
2,1846,1845,1791052810100905,1791052810102638,1733,0,5,9,9,9,6,4,15
2,1847,1846,1791052810150905,1791052810152421,1516,0,6,7,7,7,6,5,20
2,1848,1847,1791052810200905,1791052810202435,1530,0,7,11,11,11,11,9,39
2,1849,1848,1791052810250905,1791052810252515,1610,0,8,6,6,6,5,3,9
2,1850,1849,1791052810300905,1791052810302606,1701,0,9,12,12,12,12,8,37
2,1851,1850,1791052810350905,1791052810352452,1547,0,10,10,10,10,10,9,36
2,1852,1851,1791052810400905,1791052810402403,1498,0,11,12,12,12,13,12,51
2,1853,1852,1791052810450905,1791052810452605,1700,0,12,10,10,10,9,8,35
2,1854,1853,1791052810500905,1791052810502650,1745,0,13,10,10,10,9,6,22
2,1855,1854,1791052810550905,1791052810552450,1545,0,14,11,11,11,11,8,32
2,1856,1855,1791052810600905,1791052810602385,1480,0,15,16,16,16,15,14,62
2,1857,1856,1791052810650905,1791052810652468,1563,0,16,13,13,13,12,8,31
2,1858,1857,1791052810700905,1791052810702450,1545,0,17,11,11,11,11,4,16
2,1859,1858,1791052810750905,1791052810752166,1261,0,18,7,7,7,7,6,30
2,1860,1859,1791052810800905,1791052810802385,1480,0,19,10,10,10,9,4,11
2,1861,1860,1791052810850905,1791052810852324,1419,0,0,7,7,7,7,4,17
2,1862,1861,1791052810900905,1791052810902298,1393,0,1,13,13,13,12,8,40
2,1863,1862,1791052810950905,1791052810952425,1520,0,2,8,8,8,8,6,30
2,1864,1863,1791052811000905,1791052811002468,1563,0,3,8,8,8,8,6,25
2,1865,1864,1791052811050905,1791052811052063,1158,0,4,9,9,9,8,6,25
2,1866,1865,1791052811100905,1791052811101791,886,0,5,9,9,9,7,6,27
2,1867,1866,1791052811150905,1791052811152716,1811,0,6,7,7,7,7,4,18
2,1868,1867,1791052811200905,1791052811202381,1476,0,7,11,11,11,10,6,29
2,1869,1868,1791052811250905,1791052811252332,1427,0,8,6,6,6,6,4,11
2,1870,1869,1791052811300905,1791052811302334,1429,0,9,12,12,12,11,6,28
2,1871,1870,1791052811350905,1791052811352536,1631,0,10,10,10,10,10,10,48
2,1872,1871,1791052811400905,1791052811402340,1435,0,11,12,12,12,13,11,49
2,1873,1872,1791052811450905,1791052811452211,1306,0,12,10,10,10,6,4,20
2,1874,1873,1791052811500905,1791052811502450,1545,0,13,10,10,10,9,6,24
2,1875,1874,1791052811550905,1791052811552543,1638,0,14,11,11,11,10,6,30
2,1876,1875,1791052811600905,1791052811602390,1485,0,15,16,16,16,15,14,64
2,1877,1876,1791052811650905,1791052811652315,1410,0,16,13,13,13,13,6,24
2,1878,1877,1791052811700905,1791052811702679,1774,0,17,11,11,11,11,4,19
2,1879,1878,1791052811750905,1791052811752566,1661,0,18,7,7,7,7,6,25
2,1880,1879,1791052811800905,1791052811802313,1408,0,19,10,10,10,10,9,37
2,1881,1880,1791052811850905,1791052811852224,1319,0,0,7,7,7,6,2,8
2,1882,1881,1791052811900905,1791052811902386,1481,0,1,13,13,13,13,12,54
2,1883,1882,1791052811950905,1791052811951748,843,0,2,8,8,8,7,4,15
2,1884,1883,1791052812000905,1791052812002317,1412,0,3,8,8,8,7,4,14
2,1885,1884,1791052812050905,1791052812052565,1660,0,4,9,9,9,9,6,24
2,1886,1885,1791052812100905,1791052812101935,1030,0,5,9,9,9,9,8,39
2,1887,1886,1791052812150905,1791052812151882,977,0,6,7,7,7,7,2,5
2,1888,1887,1791052812200905,1791052812202391,1486,0,7,11,11,11,12,8,40
2,1889,1888,1791052812250905,1791052812252727,1822,0,8,6,6,6,6,2,10
2,1890,1889,1791052812300905,1791052812301854,949,0,9,12,12,12,12,8,32
2,1891,1890,1791052812350905,1791052812351856,951,0,10,10,10,10,10,10,50
2,1892,1891,1791052812400905,1791052812402390,1485,0,11,12,12,12,11,6,30
2,1893,1892,1791052812450905,1791052812452035,1130,0,12,10,10,10,8,4,20
2,1894,1893,1791052812500905,1791052812502073,1168,0,13,10,10,10,10,10,43
2,1895,1894,1791052812550905,1791052812552742,1837,0,14,11,11,11,8,4,20
2,1896,1895,1791052812600905,1791052812602516,1611,0,15,16,16,16,17,16,64
2,1897,1896,1791052812650905,1791052812652640,1735,0,16,13,13,13,12,7,26
2,1898,1897,1791052812700905,1791052812702264,1359,0,17,11,11,11,11,4,17
2,1899,1898,1791052812750905,1791052812751960,1055,0,18,7,7,7,6,6,30
2,1900,1899,1791052812800905,1791052812802392,1487,0,19,10,10,10,9,4,11
2,1901,1900,1791052812850905,1791052812852456,1551,0,0,7,7,7,6,4,13
2,1902,1901,1791052812900905,1791052812902330,1425,0,1,13,13,13,13,10,50
2,1903,1902,1791052812950905,1791052812952424,1519,0,2,8,8,8,8,6,22
2,1904,1903,1791052813000905,1791052813002515,1610,0,3,8,8,8,8,6,23
2,1905,1904,1791052813050905,1791052813051862,957,0,4,9,9,9,7,4,20
2,1906,1905,1791052813100905,1791052813102245,1340,0,5,9,9,9,9,8,40
2,1907,1906,1791052813150905,1791052813152333,1428,0,6,7,7,7,7,2,6
2,1908,1907,1791052813200905,1791052813202292,1387,0,7,11,11,11,12,9,40
2,1909,1908,1791052813250905,1791052813252567,1662,0,8,6,6,6,5,4,10
2,1910,1909,1791052813300905,1791052813302679,1774,0,9,12,12,12,12,8,37
2,1911,1910,1791052813350905,1791052813352022,1117,0,10,10,10,10,10,10,48
2,1912,1911,1791052813400905,1791052813402284,1379,0,11,12,12,12,13,8,35
2,1913,1912,1791052813450905,1791052813452603,1698,0,12,10,10,10,8,4,17
2,1914,1913,1791052813500905,1791052813502291,1386,0,13,10,10,10,10,10,44
2,1915,1914,1791052813550905,1791052813552440,1535,0,14,11,11,11,10,8,31
2,1916,1915,1791052813600905,1791052813602359,1454,0,15,16,16,16,13,10,34
2,1917,1916,1791052813650905,1791052813652402,1497,0,16,13,13,13,12,8,27
2,1918,1917,1791052813700905,1791052813702165,1260,0,17,11,11,11,9,5,19
2,1919,1918,1791052813750905,1791052813752712,1807,0,18,7,7,7,6,4,20
2,1920,1919,1791052813800905,1791052813802488,1583,0,19,10,10,10,11,8,25
2,1921,1920,1791052813850905,1791052813852784,1879,0,0,7,7,7,7,4,15
2,1922,1921,1791052813900905,1791052813901978,1073,0,1,13,13,13,13,12,54
2,1923,1922,1791052813950905,1791052813952090,1185,0,2,8,8,8,8,6,24
2,1924,1923,1791052814000905,1791052814002471,1566,0,3,8,8,8,9,6,17
2,1925,1924,1791052814050905,1791052814052646,1741,0,4,9,9,9,9,6,30
2,1926,1925,1791052814100905,1791052814102324,1419,0,5,9,9,9,8,6,30
2,1927,1926,1791052814150905,1791052814151904,999,0,6,7,7,7,7,4,14
2,1928,1927,1791052814200905,1791052814202322,1417,0,7,11,11,11,11,6,30
2,1929,1928,1791052814250905,1791052814252422,1517,0,8,6,6,6,6,2,9
2,1930,1929,1791052814300905,1791052814302523,1618,0,9,12,12,12,12,8,33
2,1931,1930,1791052814350905,1791052814352672,1767,0,10,10,10,10,10,10,48
2,1932,1931,1791052814400905,1791052814402424,1519,0,11,12,12,12,13,11,42
2,1933,1932,1791052814450905,1791052814452523,1618,0,12,10,10,10,9,7,28
2,1934,1933,1791052814500905,1791052814502481,1576,0,13,10,10,10,10,10,46
2,1935,1934,1791052814550905,1791052814552747,1842,0,14,11,11,11,8,4,13
2,1936,1935,1791052814600905,1791052814602329,1424,0,15,16,16,16,13,10,50
2,1937,1936,1791052814650905,1791052814652437,1532,0,16,13,13,13,11,11,42
2,1938,1937,1791052814700905,1791052814702514,1609,0,17,11,11,11,9,8,32
2,1939,1938,1791052814750905,1791052814751858,953,0,18,7,7,7,7,5,14
2,1940,1939,1791052814800905,1791052814802408,1503,0,19,10,10,10,10,4,11
2,1941,1940,1791052814850905,1791052814852211,1306,0,0,7,7,7,6,2,10
2,1942,1941,1791052814900905,1791052814902577,1672,0,1,13,13,13,12,12,57
2,1943,1942,1791052814950905,1791052814952525,1620,0,2,8,8,8,8,8,30
2,1944,1943,1791052815000905,1791052815002309,1404,0,3,8,8,8,9,6,27
2,1945,1944,1791052815050905,1791052815052304,1399,0,4,9,9,9,8,6,27
2,1946,1945,1791052815100905,1791052815102439,1534,0,5,9,9,9,7,6,30
2,1947,1946,1791052815150905,1791052815152664,1759,0,6,7,7,7,5,2,2
2,1948,1947,1791052815200905,1791052815202352,1447,0,7,11,11,11,11,8,40
2,1949,1948,1791052815250905,1791052815252786,1881,0,8,6,6,6,6,5,19
2,1950,1949,1791052815300905,1791052815301906,1001,0,9,12,12,12,12,12,51
2,1951,1950,1791052815350905,1791052815351803,898,0,10,10,10,10,8,8,30
2,1952,1951,1791052815400905,1791052815402283,1378,0,11,12,12,12,12,11,44
2,1953,1952,1791052815450905,1791052815452352,1447,0,12,10,10,10,8,8,29
2,1954,1953,1791052815500905,1791052815502397,1492,0,13,10,10,10,9,4,20
2,1955,1954,1791052815550905,1791052815552504,1599,0,14,11,11,11,11,6,26
2,1956,1955,1791052815600905,1791052815602369,1464,0,15,16,16,16,17,15,69
2,1957,1956,1791052815650905,1791052815652271,1366,0,16,13,13,13,13,8,33
2,1958,1957,1791052815700905,1791052815702123,1218,0,17,11,11,11,11,7,29
2,1959,1958,1791052815750905,1791052815751892,987,0,18,7,7,7,6,6,26
2,1960,1959,1791052815800905,1791052815802448,1543,0,19,10,10,10,8,2,10
2,1961,1960,1791052815850905,1791052815852461,1556,0,0,7,7,7,6,4,12
2,1962,1961,1791052815900905,1791052815902606,1701,0,1,13,13,13,12,8,40
2,1963,1962,1791052815950905,1791052815952318,1413,0,2,8,8,8,8,6,24
2,1964,1963,1791052816000905,1791052816002455,1550,0,3,8,8,8,8,6,24
2,1965,1964,1791052816050905,1791052816052581,1676,0,4,9,9,9,8,7,30
2,1966,1965,1791052816100905,1791052816102307,1402,0,5,9,9,9,8,6,30
2,1967,1966,1791052816150905,1791052816152607,1702,0,6,7,7,7,7,2,10
2,1968,1967,1791052816200905,1791052816202400,1495,0,7,11,11,11,12,8,40
2,1969,1968,1791052816250905,1791052816251869,964,0,8,6,6,6,5,2,7
2,1970,1969,1791052816300905,1791052816302383,1478,0,9,12,12,12,11,8,40
2,1971,1970,1791052816350905,1791052816352711,1806,0,10,10,10,10,10,8,32
2,1972,1971,1791052816400905,1791052816402390,1485,0,11,12,12,12,12,12,53
2,1973,1972,1791052816450905,1791052816452695,1790,0,12,10,10,10,8,6,22
2,1974,1973,1791052816500905,1791052816501841,936,0,13,10,10,10,9,4,11
2,1975,1974,1791052816550905,1791052816552661,1756,0,14,11,11,11,10,6,24
2,1976,1975,1791052816600905,1791052816602327,1422,0,15,16,16,16,17,14,69
2,1977,1976,1791052816650905,1791052816652216,1311,0,16,13,13,13,12,6,30
2,1978,1977,1791052816700905,1791052816702614,1709,0,17,11,11,11,10,4,14
2,1979,1978,1791052816750905,1791052816752076,1171,0,18,7,7,7,7,6,26
2,1980,1979,1791052816800905,1791052816802448,1543,0,19,10,10,10,9,7,23
2,1981,1980,1791052816850905,1791052816852544,1639,0,0,7,7,7,7,6,28
2,1982,1981,1791052816900905,1791052816902374,1469,0,1,13,13,13,10,6,30
2,1983,1982,1791052816950905,1791052816952695,1790,0,2,8,8,8,8,6,28
2,1984,1983,1791052817000905,1791052817002431,1526,0,3,8,8,8,8,7,28
2,1985,1984,1791052817050905,1791052817052660,1755,0,4,9,9,9,8,6,28
2,1986,1985,1791052817100905,1791052817102253,1348,0,5,9,9,9,9,6,30
2,1987,1986,1791052817150905,1791052817152026,1121,0,6,7,7,7,6,5,20
2,1988,1987,1791052817200905,1791052817202379,1474,0,7,11,11,11,10,9,34
2,1989,1988,1791052817250905,1791052817252701,1796,0,8,6,6,6,5,2,8
2,1990,1989,1791052817300905,1791052817302464,1559,0,9,12,12,12,11,8,40
2,1991,1990,1791052817350905,1791052817352567,1662,0,10,10,10,10,9,6,30
2,1992,1991,1791052817400905,1791052817402409,1504,0,11,12,12,12,13,10,44
2,1993,1992,1791052817450905,1791052817452495,1590,0,12,10,10,10,10,8,34
2,1994,1993,1791052817500905,1791052817502736,1831,0,13,10,10,10,10,4,19
2,1995,1994,1791052817550905,1791052817551841,936,0,14,11,11,11,10,6,30
2,1996,1995,1791052817600905,1791052817602366,1461,0,15,16,16,16,15,14,61
2,1997,1996,1791052817650905,1791052817652630,1725,0,16,13,13,13,13,6,30
2,1998,1997,1791052817700905,1791052817702596,1691,0,17,11,11,11,11,7,21
2,1999,1998,1791052817750905,1791052817752534,1629,0,18,7,7,7,7,6,27
2,2000,1999,1791052817800905,1791052817802379,1474,0,19,10,10,10,9,2,10
2,2001,2000,1791052817850905,1791052817852669,1764,0,0,7,7,7,7,2,10
2,2002,2001,1791052817900905,1791052817902757,1852,0,1,13,13,13,13,10,50
2,2003,2002,1791052817950905,1791052817952566,1661,0,2,8,8,8,8,6,30
2,2004,2003,1791052818000905,1791052818002236,1331,0,3,8,8,8,6,4,20
2,2005,2004,1791052818050905,1791052818052568,1663,0,4,9,9,9,9,7,27
2,2006,2005,1791052818100905,1791052818101962,1057,0,5,9,9,9,9,6,30
2,2007,2006,1791052818150905,1791052818151960,1055,0,6,7,7,7,7,6,23
2,2008,2007,1791052818200905,1791052818202315,1410,0,7,11,11,11,12,10,44
2,2009,2008,1791052818250905,1791052818252540,1635,0,8,6,6,6,6,2,3
2,2010,2009,1791052818300905,1791052818302496,1591,0,9,12,12,12,11,6,26
2,2011,2010,1791052818350905,1791052818352305,1400,0,10,10,10,10,10,10,41
2,2012,2011,1791052818400905,1791052818402386,1481,0,11,12,12,12,11,10,50
2,2013,2012,1791052818450905,1791052818452454,1549,0,12,10,10,10,10,8,37
2,2014,2013,1791052818500905,1791052818502208,1303,0,13,10,10,10,8,4,20
2,2015,2014,1791052818550905,1791052818552070,1165,0,14,11,11,11,10,6,29
2,2016,2015,1791052818600905,1791052818602301,1396,0,15,16,16,16,17,16,74
2,2017,2016,1791052818650905,1791052818652429,1524,0,16,13,13,13,10,6,24
2,2018,2017,1791052818700905,1791052818701767,862,0,17,11,11,11,11,7,26
2,2019,2018,1791052818750905,1791052818752095,1190,0,18,7,7,7,7,6,30
2,2020,2019,1791052818800905,1791052818802344,1439,0,19,10,10,10,10,6,25
2,2021,2020,1791052818850905,1791052818852324,1419,0,0,7,7,7,7,5,16
2,2022,2021,1791052818900905,1791052818901785,880,0,1,13,13,13,12,10,50
2,2023,2022,1791052818950905,1791052818952463,1558,0,2,8,8,8,8,6,30
2,2024,2023,1791052819000905,1791052819002350,1445,0,3,8,8,8,9,8,38
2,2025,2024,1791052819050905,1791052819051781,876,0,4,9,9,9,9,6,30
2,2026,2025,1791052819100905,1791052819102747,1842,0,5,9,9,9,9,6,25
2,2027,2026,1791052819150905,1791052819152334,1429,0,6,7,7,7,7,2,10
2,2028,2027,1791052819200905,1791052819202340,1435,0,7,11,11,11,11,8,32
2,2029,2028,1791052819250905,1791052819252537,1632,0,8,6,6,6,5,4,13
2,2030,2029,1791052819300905,1791052819301793,888,0,9,12,12,12,11,8,37
2,2031,2030,1791052819350905,1791052819352377,1472,0,10,10,10,10,10,10,45
2,2032,2031,1791052819400905,1791052819402322,1417,0,11,12,12,12,13,10,45
2,2033,2032,1791052819450905,1791052819452347,1442,0,12,10,10,10,8,6,30
2,2034,2033,1791052819500905,1791052819502655,1750,0,13,10,10,10,9,5,19
2,2035,2034,1791052819550905,1791052819552181,1276,0,14,11,11,11,11,7,27
2,2036,2035,1791052819600905,1791052819602613,1708,0,15,16,16,16,16,14,61
2,2037,2036,1791052819650905,1791052819652204,1299,0,16,13,13,13,12,8,31
2,2038,2037,1791052819700905,1791052819701941,1036,0,17,11,11,11,10,6,27
2,2039,2038,1791052819750905,1791052819751812,907,0,18,7,7,7,6,4,20
2,2040,2039,1791052819800905,1791052819802337,1432,0,19,10,10,10,9,6,24
2,2041,2040,1791052819850905,1791052819852575,1670,0,0,7,7,7,6,6,21
2,2042,2041,1791052819900905,1791052819902467,1562,0,1,13,13,13,12,9,39
2,2043,2042,1791052819950905,1791052819952499,1594,0,2,8,8,8,8,6,30
2,2044,2043,1791052820000905,1791052820002236,1331,0,3,8,8,8,9,9,33
2,2045,2044,1791052820050905,1791052820052090,1185,0,4,9,9,9,9,8,32
2,2046,2045,1791052820100905,1791052820102133,1228,0,5,9,9,9,8,6,22
2,2047,2046,1791052820150905,1791052820152117,1212,0,6,7,7,7,5,4,13
2,2048,2047,1791052820200905,1791052820202292,1387,0,7,11,11,11,12,10,50
2,2049,2048,1791052820250905,1791052820252113,1208,0,8,6,6,6,6,0,0
2,2050,2049,1791052820300905,1791052820302057,1152,0,9,12,12,12,11,4,20
2,2051,2050,1791052820350905,1791052820352277,1372,0,10,10,10,10,10,10,47
2,2052,2051,1791052820400905,1791052820402397,1492,0,11,12,12,12,10,10,40
2,2053,2052,1791052820450905,1791052820452152,1247,0,12,10,10,10,9,4,20
2,2054,2053,1791052820500905,1791052820502001,1096,0,13,10,10,10,10,7,24
2,2055,2054,1791052820550905,1791052820551843,938,0,14,11,11,11,10,6,25
2,2056,2055,1791052820600905,1791052820602427,1522,0,15,16,16,16,16,13,54
2,2057,2056,1791052820650905,1791052820652489,1584,0,16,13,13,13,12,5,20
2,2058,2057,1791052820700905,1791052820702623,1718,0,17,11,11,11,10,4,19
2,2059,2058,1791052820750905,1791052820752263,1358,0,18,7,7,7,5,4,20
2,2060,2059,1791052820800905,1791052820802348,1443,0,19,10,10,10,9,6,26
2,2061,2060,1791052820850905,1791052820852647,1742,0,0,7,7,7,7,5,17
2,2062,2061,1791052820900905,1791052820902715,1810,0,1,13,13,13,11,8,39
2,2063,2062,1791052820950905,1791052820952409,1504,0,2,8,8,8,7,4,20
2,2064,2063,1791052821000905,1791052821002385,1480,0,3,8,8,8,9,4,20
2,2065,2064,1791052821050905,1791052821052445,1540,0,4,9,9,9,9,6,30
2,2066,2065,1791052821100905,1791052821102662,1757,0,5,9,9,9,9,8,36
2,2067,2066,1791052821150905,1791052821152739,1834,0,6,7,7,7,7,2,9
2,2068,2067,1791052821200905,1791052821202388,1483,0,7,11,11,11,12,9,37
2,2069,2068,1791052821250905,1791052821252622,1717,0,8,6,6,6,6,2,3
2,2070,2069,1791052821300905,1791052821302471,1566,0,9,12,12,12,10,4,20
2,2071,2070,1791052821350905,1791052821352353,1448,0,10,10,10,10,10,10,47
2,2072,2071,1791052821400905,1791052821402421,1516,0,11,12,12,12,11,8,40
2,2073,2072,1791052821450905,1791052821452486,1581,0,12,10,10,10,7,4,17
2,2074,2073,1791052821500905,1791052821502557,1652,0,13,10,10,10,10,10,43
2,2075,2074,1791052821550905,1791052821552548,1643,0,14,11,11,11,10,2,9
2,2076,2075,1791052821600905,1791052821602640,1735,0,15,16,16,16,17,16,70
2,2077,2076,1791052821650905,1791052821652699,1794,0,16,13,13,13,12,5,19
2,2078,2077,1791052821700905,1791052821701835,930,0,17,11,11,11,11,4,12
2,2079,2078,1791052821750905,1791052821752234,1329,0,18,7,7,7,7,6,30
2,2080,2079,1791052821800905,1791052821802317,1412,0,19,10,10,10,9,2,10
2,2081,2080,1791052821850905,1791052821851933,1028,0,0,7,7,7,7,4,15
2,2082,2081,1791052821900905,1791052821901780,875,0,1,13,13,13,12,12,53
2,2083,2082,1791052821950905,1791052821951764,859,0,2,8,8,8,8,7,30
2,2084,2083,1791052822000905,1791052822002327,1422,0,3,8,8,8,8,6,21
2,2085,2084,1791052822050905,1791052822052508,1603,0,4,9,9,9,9,6,27
2,2086,2085,1791052822100905,1791052822102214,1309,0,5,9,9,9,9,8,37
2,2087,2086,1791052822150905,1791052822152148,1243,0,6,7,7,7,7,2,10
2,2088,2087,1791052822200905,1791052822202388,1483,0,7,11,11,11,12,8,40
2,2089,2088,1791052822250905,1791052822252361,1456,0,8,6,6,6,4,2,7
2,2090,2089,1791052822300905,1791052822301877,972,0,9,12,12,12,12,8,35
2,2091,2090,1791052822350905,1791052822352193,1288,0,10,10,10,10,9,8,36
2,2092,2091,1791052822400905,1791052822402372,1467,0,11,12,12,12,13,11,46
2,2093,2092,1791052822450905,1791052822451918,1013,0,12,10,10,10,10,7,30
2,2094,2093,1791052822500905,1791052822502170,1265,0,13,10,10,10,9,7,30
2,2095,2094,1791052822550905,1791052822552205,1300,0,14,11,11,11,10,6,29
2,2096,2095,1791052822600905,1791052822602355,1450,0,15,16,16,16,15,14,67
2,2097,2096,1791052822650905,1791052822652708,1803,0,16,13,13,13,12,9,34
2,2098,2097,1791052822700905,1791052822702036,1131,0,17,11,11,11,9,6,24
2,2099,2098,1791052822750905,1791052822752274,1369,0,18,7,7,7,7,6,30
2,2100,2099,1791052822800905,1791052822802456,1551,0,19,10,10,10,9,5,14
2,2101,2100,1791052822850905,1791052822851828,923,0,0,7,7,7,6,2,10
2,2102,2101,1791052822900905,1791052822902125,1220,0,1,13,13,13,13,10,50
2,2103,2102,1791052822950905,1791052822952520,1615,0,2,8,8,8,8,6,30
2,2104,2103,1791052823000905,1791052823002427,1522,0,3,8,8,8,6,4,12
2,2105,2104,1791052823050905,1791052823052613,1708,0,4,9,9,9,9,7,28
2,2106,2105,1791052823100905,1791052823102388,1483,0,5,9,9,9,8,8,35
2,2107,2106,1791052823150905,1791052823152319,1414,0,6,7,7,7,7,2,4
2,2108,2107,1791052823200905,1791052823202250,1345,0,7,11,11,11,12,9,40
2,2109,2108,1791052823250905,1791052823252514,1609,0,8,6,6,6,6,4,20
2,2110,2109,1791052823300905,1791052823302733,1828,0,9,12,12,12,11,8,40
2,2111,2110,1791052823350905,1791052823352167,1262,0,10,10,10,10,10,8,34
2,2112,2111,1791052823400905,1791052823402590,1685,0,11,12,12,12,12,10,49
2,2113,2112,1791052823450905,1791052823452618,1713,0,12,10,10,10,9,5,19
2,2114,2113,1791052823500905,1791052823501820,915,0,13,10,10,10,10,7,29
2,2115,2114,1791052823550905,1791052823552105,1200,0,14,11,11,11,9,6,26
2,2116,2115,1791052823600905,1791052823602455,1550,0,15,16,16,16,15,14,67
2,2117,2116,1791052823650905,1791052823652543,1638,0,16,13,13,13,12,8,34
2,2118,2117,1791052823700905,1791052823702252,1347,0,17,11,11,11,10,4,20
2,2119,2118,1791052823750905,1791052823752240,1335,0,18,7,7,7,7,6,29
2,2120,2119,1791052823800905,1791052823802515,1610,0,19,10,10,10,8,4,20
2,2121,2120,1791052823850905,1791052823851941,1036,0,0,7,7,7,7,2,10
2,2122,2121,1791052823900905,1791052823901802,897,0,1,13,13,13,11,10,50
2,2123,2122,1791052823950905,1791052823952614,1709,0,2,8,8,8,8,6,30
2,2124,2123,1791052824000905,1791052824002332,1427,0,3,8,8,8,8,6,23
2,2125,2124,1791052824050905,1791052824052048,1143,0,4,9,9,9,8,8,36
2,2126,2125,1791052824100905,1791052824102069,1164,0,5,9,9,9,8,6,30
2,2127,2126,1791052824150905,1791052824152022,1117,0,6,7,7,7,6,2,10
2,2128,2127,1791052824200905,1791052824202365,1460,0,7,11,11,11,12,10,43
2,2129,2128,1791052824250905,1791052824252630,1725,0,8,6,6,6,5,0,0
2,2130,2129,1791052824300905,1791052824301854,949,0,9,12,12,12,12,4,20
2,2131,2130,1791052824350905,1791052824352259,1354,0,10,10,10,10,9,8,37
2,2132,2131,1791052824400905,1791052824402386,1481,0,11,12,12,12,12,10,44
2,2133,2132,1791052824450905,1791052824451822,917,0,12,10,10,10,10,6,26
2,2134,2133,1791052824500905,1791052824502136,1231,0,13,10,10,10,8,4,20
2,2135,2134,1791052824550905,1791052824552491,1586,0,14,11,11,11,10,8,34
2,2136,2135,1791052824600905,1791052824602262,1357,0,15,16,16,16,15,14,63
2,2137,2136,1791052824650905,1791052824651979,1074,0,16,13,13,13,13,8,30
2,2138,2137,1791052824700905,1791052824702418,1513,0,17,11,11,11,10,5,18
2,2139,2138,1791052824750905,1791052824751791,886,0,18,7,7,7,7,6,24
2,2140,2139,1791052824800905,1791052824802603,1698,0,19,10,10,10,10,9,40
2,2141,2140,1791052824850905,1791052824852456,1551,0,0,7,7,7,7,6,26
2,2142,2141,1791052824900905,1791052824902772,1867,0,1,13,13,13,12,10,42
2,2143,2142,1791052824950905,1791052824951934,1029,0,2,8,8,8,7,4,20
2,2144,2143,1791052825000905,1791052825002362,1457,0,3,8,8,8,7,6,24
2,2145,2144,1791052825050905,1791052825052416,1511,0,4,9,9,9,9,6,25
2,2146,2145,1791052825100905,1791052825101974,1069,0,5,9,9,9,9,8,31
2,2147,2146,1791052825150905,1791052825152553,1648,0,6,7,7,7,7,2,10
2,2148,2147,1791052825200905,1791052825202400,1495,0,7,11,11,11,12,10,38
2,2149,2148,1791052825250905,1791052825252071,1166,0,8,6,6,6,5,2,9
2,2150,2149,1791052825300905,1791052825302573,1668,0,9,12,12,12,12,8,35
2,2151,2150,1791052825350905,1791052825352412,1507,0,10,10,10,10,9,8,35
2,2152,2151,1791052825400905,1791052825402269,1364,0,11,12,12,12,13,12,55
2,2153,2152,1791052825450905,1791052825451876,971,0,12,10,10,10,9,6,29
2,2154,2153,1791052825500905,1791052825502107,1202,0,13,10,10,10,7,6,25
2,2155,2154,1791052825550905,1791052825552716,1811,0,14,11,11,11,8,6,30
2,2156,2155,1791052825600905,1791052825602442,1537,0,15,16,16,16,17,17,74
2,2157,2156,1791052825650905,1791052825651943,1038,0,16,13,13,13,11,6,23
2,2158,2157,1791052825700905,1791052825702473,1568,0,17,11,11,11,11,6,24
2,2159,2158,1791052825750905,1791052825752753,1848,0,18,7,7,7,7,6,30
2,2160,2159,1791052825800905,1791052825802429,1524,0,19,10,10,10,8,6,24
2,2161,2160,1791052825850905,1791052825852230,1325,0,0,7,7,7,6,2,10
2,2162,2161,1791052825900905,1791052825902756,1851,0,1,13,13,13,13,10,50
2,2163,2162,1791052825950905,1791052825951780,875,0,2,8,8,8,8,6,26
2,2164,2163,1791052826000905,1791052826002369,1464,0,3,8,8,8,8,6,21
2,2165,2164,1791052826050905,1791052826052384,1479,0,4,9,9,9,8,7,21
2,2166,2165,1791052826100905,1791052826102639,1734,0,5,9,9,9,7,4,20
2,2167,2166,1791052826150905,1791052826151815,910,0,6,7,7,7,6,4,20
2,2168,2167,1791052826200905,1791052826202503,1598,0,7,11,11,11,12,8,36
2,2169,2168,1791052826250905,1791052826252305,1400,0,8,6,6,6,3,0,0
2,2170,2169,1791052826300905,1791052826301990,1085,0,9,12,12,12,10,4,20
2,2171,2170,1791052826350905,1791052826352018,1113,0,10,10,10,10,10,10,46
2,2172,2171,1791052826400905,1791052826402463,1558,0,11,12,12,12,12,10,45
2,2173,2172,1791052826450905,1791052826452452,1547,0,12,10,10,10,9,8,35
2,2174,2173,1791052826500905,1791052826502420,1515,0,13,10,10,10,9,4,13
2,2175,2174,1791052826550905,1791052826552279,1374,0,14,11,11,11,10,6,29
2,2176,2175,1791052826600905,1791052826602426,1521,0,15,16,16,16,15,12,53
2,2177,2176,1791052826650905,1791052826652624,1719,0,16,13,13,13,11,6,30
2,2178,2177,1791052826700905,1791052826701900,995,0,17,11,11,11,9,4,20
2,2179,2178,1791052826750905,1791052826752181,1276,0,18,7,7,7,7,6,30
2,2180,2179,1791052826800905,1791052826802353,1448,0,19,10,10,10,8,5,17
2,2181,2180,1791052826850905,1791052826852211,1306,0,0,7,7,7,6,2,10
2,2182,2181,1791052826900905,1791052826902242,1337,0,1,13,13,13,11,10,50
2,2183,2182,1791052826950905,1791052826952558,1653,0,2,8,8,8,8,6,26
2,2184,2183,1791052827000905,1791052827002433,1528,0,3,8,8,8,7,4,13
2,2185,2184,1791052827050905,1791052827051812,907,0,4,9,9,9,9,6,28
2,2186,2185,1791052827100905,1791052827102689,1784,0,5,9,9,9,9,8,38
2,2187,2186,1791052827150905,1791052827152710,1805,0,6,7,7,7,7,2,2
2,2188,2187,1791052827200905,1791052827202428,1523,0,7,11,11,11,11,8,40
2,2189,2188,1791052827250905,1791052827251732,827,0,8,6,6,6,3,0,0
2,2190,2189,1791052827300905,1791052827301987,1082,0,9,12,12,12,12,4,20
2,2191,2190,1791052827350905,1791052827352369,1464,0,10,10,10,10,10,10,50
2,2192,2191,1791052827400905,1791052827402423,1518,0,11,12,12,12,13,8,40
2,2193,2192,1791052827450905,1791052827452474,1569,0,12,10,10,10,10,5,19
2,2194,2193,1791052827500905,1791052827502523,1618,0,13,10,10,10,10,10,46
2,2195,2194,1791052827550905,1791052827552607,1702,0,14,11,11,11,9,8,33
2,2196,2195,1791052827600905,1791052827602306,1401,0,15,16,16,16,15,11,42
2,2197,2196,1791052827650905,1791052827652039,1134,0,16,13,13,13,12,12,46
2,2198,2197,1791052827700905,1791052827702239,1334,0,17,11,11,11,11,7,29
2,2199,2198,1791052827750905,1791052827752323,1418,0,18,7,7,7,6,2,10
2,2200,2199,1791052827800905,1791052827802541,1636,0,19,10,10,10,10,4,19
2,2201,2200,1791052827850905,1791052827851847,942,0,0,7,7,7,6,2,10
2,2202,2201,1791052827900905,1791052827902742,1837,0,1,13,13,13,13,10,50
2,2203,2202,1791052827950905,1791052827951876,971,0,2,8,8,8,8,6,30
2,2204,2203,1791052828000905,1791052828002389,1484,0,3,8,8,8,6,4,16
2,2205,2204,1791052828050905,1791052828052642,1737,0,4,9,9,9,9,4,20
2,2206,2205,1791052828100905,1791052828102388,1483,0,5,9,9,9,8,6,30
2,2207,2206,1791052828150905,1791052828152456,1551,0,6,7,7,7,6,4,12
2,2208,2207,1791052828200905,1791052828202306,1401,0,7,11,11,11,12,8,39
2,2209,2208,1791052828250905,1791052828252472,1567,0,8,6,6,6,6,2,3
2,2210,2209,1791052828300905,1791052828302639,1734,0,9,12,12,12,11,6,30
2,2211,2210,1791052828350905,1791052828352454,1549,0,10,10,10,10,10,10,41
2,2212,2211,1791052828400905,1791052828402400,1495,0,11,12,12,12,12,10,50
2,2213,2212,1791052828450905,1791052828452293,1388,0,12,10,10,10,9,6,25
2,2214,2213,1791052828500905,1791052828502090,1185,0,13,10,10,10,7,2,10
2,2215,2214,1791052828550905,1791052828552180,1275,0,14,11,11,11,11,8,35
2,2216,2215,1791052828600905,1791052828602394,1489,0,15,16,16,16,16,14,70
2,2217,2216,1791052828650905,1791052828652708,1803,0,16,13,13,13,13,7,30
2,2218,2217,1791052828700905,1791052828701856,951,0,17,11,11,11,11,4,20
2,2219,2218,1791052828750905,1791052828752788,1883,0,18,7,7,7,7,6,30
2,2220,2219,1791052828800905,1791052828802428,1523,0,19,10,10,10,9,5,16
2,2221,2220,1791052828850905,1791052828852459,1554,0,0,7,7,7,6,2,10
2,2222,2221,1791052828900905,1791052828902624,1719,0,1,13,13,13,11,8,40
2,2223,2222,1791052828950905,1791052828952616,1711,0,2,8,8,8,8,6,24
2,2224,2223,1791052829000905,1791052829002457,1552,0,3,8,8,8,9,6,30
2,2225,2224,1791052829050905,1791052829051743,838,0,4,9,9,9,9,8,35
2,2226,2225,1791052829100905,1791052829101919,1014,0,5,9,9,9,8,6,30
2,2227,2226,1791052829150905,1791052829152349,1444,0,6,7,7,7,7,2,10
2,2228,2227,1791052829200905,1791052829202466,1561,0,7,11,11,11,11,8,39
2,2229,2228,1791052829250905,1791052829252589,1684,0,8,6,6,6,6,2,10
2,2230,2229,1791052829300905,1791052829302652,1747,0,9,12,12,12,11,8,39
2,2231,2230,1791052829350905,1791052829352533,1628,0,10,10,10,10,10,9,36
2,2232,2231,1791052829400905,1791052829402400,1495,0,11,12,12,12,12,10,48
2,2233,2232,1791052829450905,1791052829452787,1882,0,12,10,10,10,7,6,23
2,2234,2233,1791052829500905,1791052829502765,1860,0,13,10,10,10,9,4,20
2,2235,2234,1791052829550905,1791052829553300,2395,0,14,11,11,11,11,6,30
2,2236,2235,1791052829600905,1791052829602366,1461,0,15,16,16,16,16,16,74
2,2237,2236,1791052829650905,1791052829652691,1786,0,16,13,13,13,13,8,34
2,2238,2237,1791052829700905,1791052829701973,1068,0,17,11,11,11,10,7,29
2,2239,2238,1791052829750905,1791052829751904,999,0,18,7,7,7,7,6,30
2,2240,2239,1791052829800905,1791052829802477,1572,0,19,10,10,10,11,6,26
2,2241,2240,1791052829850905,1791052829852421,1516,0,0,7,7,7,7,4,20
2,2242,2241,1791052829900905,1791052829901790,885,0,1,13,13,13,13,10,50
2,2243,2242,1791052829950905,1791052829951898,993,0,2,8,8,8,8,6,27
2,2244,2243,1791052830000905,1791052830002361,1456,0,3,8,8,8,7,5,20
2,2245,2244,1791052830050905,1791052830052448,1543,0,4,9,9,9,8,6,30
2,2246,2245,1791052830100905,1791052830102606,1701,0,5,9,9,9,9,6,23
2,2247,2246,1791052830150905,1791052830151863,958,0,6,7,7,7,7,7,23
2,2248,2247,1791052830200905,1791052830202418,1513,0,7,11,11,11,11,8,40
2,2249,2248,1791052830250905,1791052830252284,1379,0,8,6,6,6,6,4,14
2,2250,2249,1791052830300905,1791052830302505,1600,0,9,12,12,12,12,10,44
2,2251,2250,1791052830350905,1791052830352201,1296,0,10,10,10,10,10,8,33
2,2252,2251,1791052830400905,1791052830402374,1469,0,11,12,12,12,12,10,50
2,2253,2252,1791052830450905,1791052830451754,849,0,12,10,10,10,9,4,20
2,2254,2253,1791052830500905,1791052830502233,1328,0,13,10,10,10,9,4,20
2,2255,2254,1791052830550905,1791052830551791,886,0,14,11,11,11,11,6,30
2,2256,2255,1791052830600905,1791052830602606,1701,0,15,16,16,16,16,14,70
2,2257,2256,1791052830650905,1791052830652738,1833,0,16,13,13,13,12,6,30
2,2258,2257,1791052830700905,1791052830702595,1690,0,17,11,11,11,9,8,34
2,2259,2258,1791052830750905,1791052830751886,981,0,18,7,7,7,7,6,30
2,2260,2259,1791052830800905,1791052830802179,1274,0,19,10,10,10,8,6,24
2,2261,2260,1791052830850905,1791052830851975,1070,0,0,7,7,7,7,4,18
2,2262,2261,1791052830900905,1791052830902564,1659,0,1,13,13,13,11,10,47
2,2263,2262,1791052830950905,1791052830951763,858,0,2,8,8,8,8,6,30
2,2264,2263,1791052831000905,1791052831002413,1508,0,3,8,8,8,9,7,27
2,2265,2264,1791052831050905,1791052831052221,1316,0,4,9,9,9,8,8,37
2,2266,2265,1791052831100905,1791052831101946,1041,0,5,9,9,9,9,7,29
2,2267,2266,1791052831150905,1791052831152237,1332,0,6,7,7,7,7,4,13
2,2268,2267,1791052831200905,1791052831202416,1511,0,7,11,11,11,11,10,44
2,2269,2268,1791052831250905,1791052831252341,1436,0,8,6,6,6,5,0,0
2,2270,2269,1791052831300905,1791052831302230,1325,0,9,12,12,12,11,6,30
2,2271,2270,1791052831350905,1791052831352586,1681,0,10,10,10,10,10,9,36
2,2272,2271,1791052831400905,1791052831402438,1533,0,11,12,12,12,12,10,50
2,2273,2272,1791052831450905,1791052831452423,1518,0,12,10,10,10,8,6,30
2,2274,2273,1791052831500905,1791052831502218,1313,0,13,10,10,10,9,4,20
2,2275,2274,1791052831550905,1791052831551960,1055,0,14,11,11,11,10,6,30
2,2276,2275,1791052831600905,1791052831602279,1374,0,15,16,16,16,16,16,75
2,2277,2276,1791052831650905,1791052831651817,912,0,16,13,13,13,13,8,31
2,2278,2277,1791052831700905,1791052831702653,1748,0,17,11,11,11,11,8,40
2,2279,2278,1791052831750905,1791052831752010,1105,0,18,7,7,7,7,6,30
2,2280,2279,1791052831800905,1791052831802414,1509,0,19,10,10,10,9,4,20
2,2281,2280,1791052831850905,1791052831852308,1403,0,0,7,7,7,7,2,10
2,2282,2281,1791052831900905,1791052831902090,1185,0,1,13,13,13,12,10,49
2,2283,2282,1791052831950905,1791052831952086,1181,0,2,8,8,8,8,6,24
2,2284,2283,1791052832000905,1791052832002337,1432,0,3,8,8,8,7,6,25
2,2285,2284,1791052832050905,1791052832052036,1131,0,4,9,9,9,9,8,38
2,2286,2285,1791052832100905,1791052832102805,1900,0,5,9,9,9,8,6,25
2,2287,2286,1791052832150905,1791052832152115,1210,0,6,7,7,7,5,2,10
2,2288,2287,1791052832200905,1791052832202468,1563,0,7,11,11,11,12,8,36
2,2289,2288,1791052832250905,1791052832252738,1833,0,8,6,6,6,5,4,16
2,2290,2289,1791052832300905,1791052832302710,1805,0,9,12,12,12,11,10,43
2,2291,2290,1791052832350905,1791052832352020,1115,0,10,10,10,10,9,6,27
2,2292,2291,1791052832400905,1791052832402438,1533,0,11,12,12,12,12,12,55
2,2293,2292,1791052832450905,1791052832452765,1860,0,12,10,10,10,8,4,20
2,2294,2293,1791052832500905,1791052832502203,1298,0,13,10,10,10,10,5,19
2,2295,2294,1791052832550905,1791052832552561,1656,0,14,11,11,11,11,8,34
2,2296,2295,1791052832600905,1791052832602340,1435,0,15,16,16,16,16,14,68
2,2297,2296,1791052832650905,1791052832652741,1836,0,16,13,13,13,13,6,26
2,2298,2297,1791052832700905,1791052832702034,1129,0,17,11,11,11,11,9,39
2,2299,2298,1791052832750905,1791052832752582,1677,0,18,7,7,7,7,6,30
2,2300,2299,1791052832800905,1791052832802356,1451,0,19,10,10,10,9,2,10
2,2301,2300,1791052832850905,1791052832852329,1424,0,0,7,7,7,6,4,14
2,2302,2301,1791052832900905,1791052832902339,1434,0,1,13,13,13,12,8,40
2,2303,2302,1791052832950905,1791052832952634,1729,0,2,8,8,8,8,6,30
2,2304,2303,1791052833000905,1791052833002447,1542,0,3,8,8,8,8,6,27
2,2305,2304,1791052833050905,1791052833052542,1637,0,4,9,9,9,9,8,40
2,2306,2305,1791052833100905,1791052833101847,942,0,5,9,9,9,7,7,26
2,2307,2306,1791052833150905,1791052833151848,943,0,6,7,7,7,7,2,10
2,2308,2307,1791052833200905,1791052833202421,1516,0,7,11,11,11,10,6,30
2,2309,2308,1791052833250905,1791052833252570,1665,0,8,6,6,6,5,2,10
2,2310,2309,1791052833300905,1791052833302642,1737,0,9,12,12,12,12,8,40
2,2311,2310,1791052833350905,1791052833352063,1158,0,10,10,10,10,10,9,38
2,2312,2311,1791052833400905,1791052833402542,1637,0,11,12,12,12,13,12,53
2,2313,2312,1791052833450905,1791052833452625,1720,0,12,10,10,10,10,6,30
2,2314,2313,1791052833500905,1791052833502513,1608,0,13,10,10,10,8,2,10
2,2315,2314,1791052833550905,1791052833552575,1670,0,14,11,11,11,11,8,33
2,2316,2315,1791052833600905,1791052833602291,1386,0,15,16,16,16,15,15,70
2,2317,2316,1791052833650905,1791052833652234,1329,0,16,13,13,13,13,6,30
2,2318,2317,1791052833700905,1791052833702356,1451,0,17,11,11,11,11,6,25
2,2319,2318,1791052833750905,1791052833752755,1850,0,18,7,7,7,7,6,22
2,2320,2319,1791052833800905,1791052833802552,1647,0,19,10,10,10,9,8,32
2,2321,2320,1791052833850905,1791052833851865,960,0,0,7,7,7,7,6,27
2,2322,2321,1791052833900905,1791052833902585,1680,0,1,13,13,13,12,8,35
2,2323,2322,1791052833950905,1791052833952708,1803,0,2,8,8,8,8,6,28
2,2324,2323,1791052834000905,1791052834002292,1387,0,3,8,8,8,8,8,38
2,2325,2324,1791052834050905,1791052834052161,1256,0,4,9,9,9,9,8,40
2,2326,2325,1791052834100905,1791052834102007,1102,0,5,9,9,9,8,6,26
2,2327,2326,1791052834150905,1791052834152599,1694,0,6,7,7,7,7,4,14
2,2328,2327,1791052834200905,1791052834202257,1352,0,7,11,11,11,12,6,29
2,2329,2328,1791052834250905,1791052834252243,1338,0,8,6,6,6,6,4,14
2,2330,2329,1791052834300905,1791052834302227,1322,0,9,12,12,12,10,10,47
2,2331,2330,1791052834350905,1791052834352385,1480,0,10,10,10,10,7,5,20
2,2332,2331,1791052834400905,1791052834402457,1552,0,11,12,12,12,10,8,40
2,2333,2332,1791052834450905,1791052834452769,1864,0,12,10,10,10,10,6,29
2,2334,2333,1791052834500905,1791052834502599,1694,0,13,10,10,10,9,7,29
2,2335,2334,1791052834550905,1791052834552404,1499,0,14,11,11,11,10,6,28
2,2336,2335,1791052834600905,1791052834602526,1621,0,15,16,16,16,17,16,76
2,2337,2336,1791052834650905,1791052834652598,1693,0,16,13,13,13,12,6,30
2,2338,2337,1791052834700905,1791052834702373,1468,0,17,11,11,11,10,5,18
2,2339,2338,1791052834750905,1791052834751936,1031,0,18,7,7,7,7,6,30
2,2340,2339,1791052834800905,1791052834802373,1468,0,19,10,10,10,10,4,17
2,2341,2340,1791052834850905,1791052834852576,1671,0,0,7,7,7,7,2,10
2,2342,2341,1791052834900905,1791052834902683,1778,0,1,13,13,13,13,10,44
2,2343,2342,1791052834950905,1791052834952725,1820,0,2,8,8,8,8,6,30
2,2344,2343,1791052835000905,1791052835002202,1297,0,3,8,8,8,9,8,33
2,2345,2344,1791052835050905,1791052835052639,1734,0,4,9,9,9,7,6,30
2,2346,2345,1791052835100905,1791052835102786,1881,0,5,9,9,9,9,6,30
2,2347,2346,1791052835150905,1791052835152716,1811,0,6,7,7,7,6,4,13
2,2348,2347,1791052835200905,1791052835202420,1515,0,7,11,11,11,11,8,40
2,2349,2348,1791052835250905,1791052835252357,1452,0,8,6,6,6,6,4,14
2,2350,2349,1791052835300905,1791052835302178,1273,0,9,12,12,12,12,8,39
2,2351,2350,1791052835350905,1791052835352643,1738,0,10,10,10,10,9,8,35
2,2352,2351,1791052835400905,1791052835402338,1433,0,11,12,12,12,12,10,47
2,2353,2352,1791052835450905,1791052835452739,1834,0,12,10,10,10,9,6,30
2,2354,2353,1791052835500905,1791052835502518,1613,0,13,10,10,10,10,6,30
2,2355,2354,1791052835550905,1791052835552538,1633,0,14,11,11,11,11,7,30
2,2356,2355,1791052835600905,1791052835602395,1490,0,15,16,16,16,15,15,68
2,2357,2356,1791052835650905,1791052835652615,1710,0,16,13,13,13,13,6,28
2,2358,2357,1791052835700905,1791052835702662,1757,0,17,11,11,11,11,8,31
2,2359,2358,1791052835750905,1791052835752284,1379,0,18,7,7,7,7,6,27
2,2360,2359,1791052835800905,1791052835802171,1266,0,19,10,10,10,10,6,22
2,2361,2360,1791052835850905,1791052835852024,1119,0,0,7,7,7,6,4,18
2,2362,2361,1791052835900905,1791052835902063,1158,0,1,13,13,13,11,8,40
2,2363,2362,1791052835950905,1791052835952490,1585,0,2,8,8,8,8,6,26
2,2364,2363,1791052836000905,1791052836002372,1467,0,3,8,8,8,8,6,30
2,2365,2364,1791052836050905,1791052836052267,1362,0,4,9,9,9,7,6,29
2,2366,2365,1791052836100905,1791052836102543,1638,0,5,9,9,9,9,7,27
2,2367,2366,1791052836150905,1791052836151788,883,0,6,7,7,7,7,4,20
2,2368,2367,1791052836200905,1791052836202467,1562,0,7,11,11,11,12,8,40
2,2369,2368,1791052836250905,1791052836251908,1003,0,8,6,6,6,4,0,0
2,2370,2369,1791052836300905,1791052836302192,1287,0,9,12,12,12,11,4,20
2,2371,2370,1791052836350905,1791052836352577,1672,0,10,10,10,10,10,9,40
2,2372,2371,1791052836400905,1791052836402433,1528,0,11,12,12,12,12,12,56
2,2373,2372,1791052836450905,1791052836452058,1153,0,12,10,10,10,10,6,29
2,2374,2373,1791052836500905,1791052836502750,1845,0,13,10,10,10,8,4,18
2,2375,2374,1791052836550905,1791052836552473,1568,0,14,11,11,11,11,8,34
2,2376,2375,1791052836600905,1791052836602418,1513,0,15,16,16,16,14,12,57
2,2377,2376,1791052836650905,1791052836652781,1876,0,16,13,13,13,13,6,30
2,2378,2377,1791052836700905,1791052836702045,1140,0,17,11,11,11,10,7,24
2,2379,2378,1791052836750905,1791052836752198,1293,0,18,7,7,7,7,6,30
2,2380,2379,1791052836800905,1791052836802448,1543,0,19,10,10,10,8,2,10
2,2381,2380,1791052836850905,1791052836852225,1320,0,0,7,7,7,7,2,10
2,2382,2381,1791052836900905,1791052836902171,1266,0,1,13,13,13,13,12,53
2,2383,2382,1791052836950905,1791052836952500,1595,0,2,8,8,8,8,6,22
2,2384,2383,1791052837000905,1791052837002341,1436,0,3,8,8,8,8,5,18
2,2385,2384,1791052837050905,1791052837052364,1459,0,4,9,9,9,8,6,26
2,2386,2385,1791052837100905,1791052837102649,1744,0,5,9,9,9,7,4,20
2,2387,2386,1791052837150905,1791052837152187,1282,0,6,7,7,7,7,6,24
2,2388,2387,1791052837200905,1791052837202412,1507,0,7,11,11,11,10,10,37
2,2389,2388,1791052837250905,1791052837251855,950,0,8,6,6,6,3,0,0
2,2390,2389,1791052837300905,1791052837301951,1046,0,9,12,12,12,12,4,20
2,2391,2390,1791052837350905,1791052837352508,1603,0,10,10,10,10,10,10,43
2,2392,2391,1791052837400905,1791052837402364,1459,0,11,12,12,12,13,11,49
2,2393,2392,1791052837450905,1791052837451797,892,0,12,10,10,10,10,6,30
2,2394,2393,1791052837500905,1791052837502300,1395,0,13,10,10,10,10,6,22
2,2395,2394,1791052837550905,1791052837552490,1585,0,14,11,11,11,10,7,28
2,2396,2395,1791052837600905,1791052837602455,1550,0,15,16,16,16,16,15,70
2,2397,2396,1791052837650905,1791052837652601,1696,0,16,13,13,13,12,6,24
2,2398,2397,1791052837700905,1791052837702416,1511,0,17,11,11,11,10,6,25
2,2399,2398,1791052837750905,1791052837752335,1430,0,18,7,7,7,7,6,22
2,2400,2399,1791052837800905,1791052837802450,1545,0,19,10,10,10,9,6,30
2,2401,2400,1791052837850905,1791052837852344,1439,0,0,7,7,7,7,4,13
2,2402,2401,1791052837900905,1791052837902494,1589,0,1,13,13,13,12,10,47
2,2403,2402,1791052837950905,1791052837952687,1782,0,2,8,8,8,8,6,30
2,2404,2403,1791052838000905,1791052838002346,1441,0,3,8,8,8,6,6,23
2,2405,2404,1791052838050905,1791052838052433,1528,0,4,9,9,9,9,9,40
2,2406,2405,1791052838100905,1791052838102673,1768,0,5,9,9,9,5,2,10
2,2407,2406,1791052838150905,1791052838152535,1630,0,6,7,7,7,7,4,16
2,2408,2407,1791052838200905,1791052838202334,1429,0,7,11,11,11,11,10,44
2,2409,2408,1791052838250905,1791052838252451,1546,0,8,6,6,6,4,4,13
2,2410,2409,1791052838300905,1791052838302124,1219,0,9,12,12,12,11,10,50
2,2411,2410,1791052838350905,1791052838352061,1156,0,10,10,10,10,10,6,30
2,2412,2411,1791052838400905,1791052838402443,1538,0,11,12,12,12,12,10,50
2,2413,2412,1791052838450905,1791052838452271,1366,0,12,10,10,10,9,6,27
2,2414,2413,1791052838500905,1791052838502397,1492,0,13,10,10,10,8,4,20
2,2415,2414,1791052838550905,1791052838552609,1704,0,14,11,11,11,8,6,30
2,2416,2415,1791052838600905,1791052838602437,1532,0,15,16,16,16,16,12,59
2,2417,2416,1791052838650905,1791052838652487,1582,0,16,13,13,13,11,7,29
2,2418,2417,1791052838700905,1791052838702573,1668,0,17,11,11,11,10,10,38
2,2419,2418,1791052838750905,1791052838752710,1805,0,18,7,7,7,7,6,27
2,2420,2419,1791052838800905,1791052838802218,1313,0,19,10,10,10,10,4,20
2,2421,2420,1791052838850905,1791052838852139,1234,0,0,7,7,7,6,4,18
2,2422,2421,1791052838900905,1791052838901827,922,0,1,13,13,13,12,10,43
2,2423,2422,1791052838950905,1791052838951802,897,0,2,8,8,8,8,6,25
2,2424,2423,1791052839000905,1791052839002238,1333,0,3,8,8,8,8,6,30
2,2425,2424,1791052839050905,1791052839052119,1214,0,4,9,9,9,9,6,30
2,2426,2425,1791052839100905,1791052839102148,1243,0,5,9,9,9,6,4,19
2,2427,2426,1791052839150905,1791052839152170,1265,0,6,7,7,7,7,2,10
2,2428,2427,1791052839200905,1791052839202443,1538,0,7,11,11,11,11,8,40
2,2429,2428,1791052839250905,1791052839252215,1310,0,8,6,6,6,6,4,13
2,2430,2429,1791052839300905,1791052839302142,1237,0,9,12,12,12,12,7,29
2,2431,2430,1791052839350905,1791052839352297,1392,0,10,10,10,10,10,9,39
2,2432,2431,1791052839400905,1791052839402196,1291,0,11,12,12,12,13,12,53
2,2433,2432,1791052839450905,1791052839452113,1208,0,12,10,10,10,7,6,23
2,2434,2433,1791052839500905,1791052839502030,1125,0,13,10,10,10,9,8,40
2,2435,2434,1791052839550905,1791052839552130,1225,0,14,11,11,11,9,6,23
2,2436,2435,1791052839600905,1791052839602429,1524,0,15,16,16,16,14,6,23
2,2437,2436,1791052839650905,1791052839652486,1581,0,16,13,13,13,12,10,44
2,2438,2437,1791052839700905,1791052839702713,1808,0,17,11,11,11,8,2,10
2,2439,2438,1791052839750905,1791052839751979,1074,0,18,7,7,7,6,4,11
2,2440,2439,1791052839800905,1791052839802482,1577,0,19,10,10,10,11,7,28
2,2441,2440,1791052839850905,1791052839852555,1650,0,0,7,7,7,6,4,20
2,2442,2441,1791052839900905,1791052839902304,1399,0,1,13,13,13,11,8,40
2,2443,2442,1791052839950905,1791052839952159,1254,0,2,8,8,8,7,4,11
2,2444,2443,1791052840000905,1791052840002291,1386,0,3,8,8,8,7,4,17
2,2445,2444,1791052840050905,1791052840051963,1058,0,4,9,9,9,8,7,30
2,2446,2445,1791052840100905,1791052840102653,1748,0,5,9,9,9,8,6,27
2,2447,2446,1791052840150905,1791052840152037,1132,0,6,7,7,7,7,2,10
2,2448,2447,1791052840200905,1791052840202423,1518,0,7,11,11,11,12,8,40
2,2449,2448,1791052840250905,1791052840252401,1496,0,8,6,6,6,6,2,3
2,2450,2449,1791052840300905,1791052840302512,1607,0,9,12,12,12,11,6,25
2,2451,2450,1791052840350905,1791052840352335,1430,0,10,10,10,10,10,10,50
2,2452,2451,1791052840400905,1791052840402356,1451,0,11,12,12,12,10,7,28
2,2453,2452,1791052840450905,1791052840452449,1544,0,12,10,10,10,10,7,26
2,2454,2453,1791052840500905,1791052840502708,1803,0,13,10,10,10,10,10,48
2,2455,2454,1791052840550905,1791052840552796,1891,0,14,11,11,11,8,8,33
2,2456,2455,1791052840600905,1791052840602385,1480,0,15,16,16,16,16,11,48
2,2457,2456,1791052840650905,1791052840652519,1614,0,16,13,13,13,10,5,20
2,2458,2457,1791052840700905,1791052840701808,903,0,17,11,11,11,10,6,25
2,2459,2458,1791052840750905,1791052840752265,1360,0,18,7,7,7,6,4,20
2,2460,2459,1791052840800905,1791052840802321,1416,0,19,10,10,10,10,8,34
2,2461,2460,1791052840850905,1791052840852374,1469,0,0,7,7,7,7,4,20
2,2462,2461,1791052840900905,1791052840902622,1717,0,1,13,13,13,10,10,45
2,2463,2462,1791052840950905,1791052840952600,1695,0,2,8,8,8,6,5,16
2,2464,2463,1791052841000905,1791052841002650,1745,0,3,8,8,8,7,4,19
2,2465,2464,1791052841050905,1791052841052768,1863,0,4,9,9,9,7,7,22
2,2466,2465,1791052841100905,1791052841102641,1736,0,5,9,9,9,7,7,27
2,2467,2466,1791052841150905,1791052841152326,1421,0,6,7,7,7,5,2,8
2,2468,2467,1791052841200905,1791052841202277,1372,0,7,11,11,11,9,6,30
2,2469,2468,1791052841250905,1791052841252470,1565,0,8,6,6,6,4,2,10
2,2470,2469,1791052841300905,1791052841301739,834,0,9,12,12,12,11,6,29
2,2471,2470,1791052841350905,1791052841352001,1096,0,10,10,10,10,9,8,40
2,2472,2471,1791052841400905,1791052841402406,1501,0,11,12,12,12,11,10,48
2,2473,2472,1791052841450905,1791052841452347,1442,0,12,10,10,10,10,9,33
2,2474,2473,1791052841500905,1791052841502596,1691,0,13,10,10,10,9,4,20
2,2475,2474,1791052841550905,1791052841552147,1242,0,14,11,11,11,9,7,25
2,2476,2475,1791052841600905,1791052841602237,1332,0,15,16,16,16,16,13,59
2,2477,2476,1791052841650905,1791052841652756,1851,0,16,13,13,13,10,2,10
2,2478,2477,1791052841700905,1791052841702135,1230,0,17,11,11,11,9,2,10
2,2479,2478,1791052841750905,1791052841752387,1482,0,18,7,7,7,7,6,30
2,2480,2479,1791052841800905,1791052841802425,1520,0,19,10,10,10,9,6,21
2,2481,2480,1791052841850905,1791052841852756,1851,0,0,7,7,7,6,2,10
2,2482,2481,1791052841900905,1791052841902001,1096,0,1,13,13,13,10,10,41
2,2483,2482,1791052841950905,1791052841952497,1592,0,2,8,8,8,6,4,12
2,2484,2483,1791052842000905,1791052842002345,1440,0,3,8,8,8,6,2,10
2,2485,2484,1791052842050905,1791052842052502,1597,0,4,9,9,9,7,4,20
2,2486,2485,1791052842100905,1791052842102457,1552,0,5,9,9,9,7,7,28
2,2487,2486,1791052842150905,1791052842151963,1058,0,6,7,7,7,6,2,3
2,2488,2487,1791052842200905,1791052842202233,1328,0,7,11,11,11,12,8,40
2,2489,2488,1791052842250905,1791052842252732,1827,0,8,6,6,6,6,4,14
2,2490,2489,1791052842300905,1791052842302013,1108,0,9,12,12,12,12,6,20
2,2491,2490,1791052842350905,1791052842352273,1368,0,10,10,10,10,10,10,45
2,2492,2491,1791052842400905,1791052842402442,1537,0,11,12,12,12,11,9,31
2,2493,2492,1791052842450905,1791052842452440,1535,0,12,10,10,10,8,7,26
2,2494,2493,1791052842500905,1791052842502789,1884,0,13,10,10,10,10,10,42
2,2495,2494,1791052842550905,1791052842551981,1076,0,14,11,11,11,6,4,14
2,2496,2495,1791052842600905,1791052842602149,1244,0,15,16,16,16,16,13,55
2,2497,2496,1791052842650905,1791052842651851,946,0,16,13,13,13,8,8,27
2,2498,2497,1791052842700905,1791052842702445,1540,0,17,11,11,11,9,6,26
2,2499,2498,1791052842750905,1791052842752770,1865,0,18,7,7,7,7,4,13
2,2500,2499,1791052842800905,1791052842802412,1507,0,19,10,10,10,9,4,20
2,2501,2500,1791052842850905,1791052842851983,1078,0,0,7,7,7,6,4,17
2,2502,2501,1791052842900905,1791052842902433,1528,0,1,13,13,13,11,11,48
2,2503,2502,1791052842950905,1791052842951869,964,0,2,8,8,8,6,2,10
2,2504,2503,1791052843000905,1791052843002316,1411,0,3,8,8,8,7,4,20
2,2505,2504,1791052843050905,1791052843052419,1514,0,4,9,9,9,8,7,29
2,2506,2505,1791052843100905,1791052843102290,1385,0,5,9,9,9,4,2,10
2,2507,2506,1791052843150905,1791052843152460,1555,0,6,7,7,7,7,5,16
2,2508,2507,1791052843200905,1791052843202487,1582,0,7,11,11,11,9,6,23
2,2509,2508,1791052843250905,1791052843252610,1705,0,8,6,6,6,6,4,13
2,2510,2509,1791052843300905,1791052843302746,1841,0,9,12,12,12,9,3,10
2,2511,2510,1791052843350905,1791052843351968,1063,0,10,10,10,10,9,8,33
2,2512,2511,1791052843400905,1791052843402677,1772,0,11,12,12,12,9,8,40
2,2513,2512,1791052843450905,1791052843452705,1800,0,12,10,10,10,7,4,18
2,2514,2513,1791052843500905,1791052843501807,902,0,13,10,10,10,10,6,25
2,2515,2514,1791052843550905,1791052843552772,1867,0,14,11,11,11,9,6,27
2,2516,2515,1791052843600905,1791052843602389,1484,0,15,16,16,16,12,12,54
2,2517,2516,1791052843650905,1791052843652168,1263,0,16,13,13,13,11,5,17
2,2518,2517,1791052843700905,1791052843702288,1383,0,17,11,11,11,10,4,19
2,2519,2518,1791052843750905,1791052843751839,934,0,18,7,7,7,7,6,30
2,2520,2519,1791052843800905,1791052843802391,1486,0,19,10,10,10,10,2,10
2,2521,2520,1791052843850905,1791052843852335,1430,0,0,7,7,7,6,2,10
2,2522,2521,1791052843900905,1791052843902267,1362,0,1,13,13,13,10,8,40
2,2523,2522,1791052843950905,1791052843952305,1400,0,2,8,8,8,5,4,14
2,2524,2523,1791052844000905,1791052844002383,1478,0,3,8,8,8,8,8,29
2,2525,2524,1791052844050905,1791052844052430,1525,0,4,9,9,9,5,4,12
2,2526,2525,1791052844100905,1791052844102435,1530,0,5,9,9,9,9,6,30
2,2527,2526,1791052844150905,1791052844152703,1798,0,6,7,7,7,6,2,10
2,2528,2527,1791052844200905,1791052844202238,1333,0,7,11,11,11,11,8,40
2,2529,2528,1791052844250905,1791052844251954,1049,0,8,6,6,6,5,2,6
2,2530,2529,1791052844300905,1791052844301865,960,0,9,12,12,12,10,0,0
2,2531,2530,1791052844350905,1791052844351875,970,0,10,10,10,10,10,9,40
2,2532,2531,1791052844400905,1791052844402471,1566,0,11,12,12,12,10,8,34
2,2533,2532,1791052844450905,1791052844452380,1475,0,12,10,10,10,9,6,23
2,2534,2533,1791052844500905,1791052844502333,1428,0,13,10,10,10,10,8,36
2,2535,2534,1791052844550905,1791052844552603,1698,0,14,11,11,11,7,5,20
2,2536,2535,1791052844600905,1791052844602530,1625,0,15,16,16,16,16,14,53
2,2537,2536,1791052844650905,1791052844652266,1361,0,16,13,13,13,8,2,3
2,2538,2537,1791052844700905,1791052844702309,1404,0,17,11,11,11,10,4,15
2,2539,2538,1791052844750905,1791052844752476,1571,0,18,7,7,7,7,6,30
2,2540,2539,1791052844800905,1791052844802461,1556,0,19,10,10,10,9,7,23
2,2541,2540,1791052844850905,1791052844852540,1635,0,0,7,7,7,7,3,3
2,2542,2541,1791052844900905,1791052844902082,1177,0,1,13,13,13,11,8,38
2,2543,2542,1791052844950905,1791052844952199,1294,0,2,8,8,8,5,2,10
2,2544,2543,1791052845000905,1791052845002278,1373,0,3,8,8,8,7,2,10
2,2545,2544,1791052845050905,1791052845052585,1680,0,4,9,9,9,8,4,20
2,2546,2545,1791052845100905,1791052845102558,1653,0,5,9,9,9,9,6,30
2,2547,2546,1791052845150905,1791052845152259,1354,0,6,7,7,7,6,4,13
2,2548,2547,1791052845200905,1791052845202418,1513,0,7,11,11,11,11,10,45
2,2549,2548,1791052845250905,1791052845252695,1790,0,8,6,6,6,4,2,6
2,2550,2549,1791052845300905,1791052845302759,1854,0,9,12,12,12,10,0,0
2,2551,2550,1791052845350905,1791052845352406,1501,0,10,10,10,10,9,8,40
2,2552,2551,1791052845400905,1791052845402344,1439,0,11,12,12,12,11,10,33
2,2553,2552,1791052845450905,1791052845452650,1745,0,12,10,10,10,8,7,18
2,2554,2553,1791052845500905,1791052845502078,1173,0,13,10,10,10,9,6,21
2,2555,2554,1791052845550905,1791052845552372,1467,0,14,11,11,11,8,5,20
2,2556,2555,1791052845600905,1791052845602460,1555,0,15,16,16,16,15,14,53
2,2557,2556,1791052845650905,1791052845652561,1656,0,16,13,13,13,9,8,26
2,2558,2557,1791052845700905,1791052845702535,1630,0,17,11,11,11,8,2,5
2,2559,2558,1791052845750905,1791052845752223,1318,0,18,7,7,7,6,4,18
2,2560,2559,1791052845800905,1791052845802390,1485,0,19,10,10,10,10,6,24
2,2561,2560,1791052845850905,1791052845851969,1064,0,0,7,7,7,5,2,10
2,2562,2561,1791052845900905,1791052845901859,954,0,1,13,13,13,11,8,31
2,2563,2562,1791052845950905,1791052845952100,1195,0,2,8,8,8,7,6,22
2,2564,2563,1791052846000905,1791052846002404,1499,0,3,8,8,8,5,2,8
2,2565,2564,1791052846050905,1791052846052374,1469,0,4,9,9,9,9,4,20
2,2566,2565,1791052846100905,1791052846102415,1510,0,5,9,9,9,9,8,32
2,2567,2566,1791052846150905,1791052846152136,1231,0,6,7,7,7,7,4,11
2,2568,2567,1791052846200905,1791052846202220,1315,0,7,11,11,11,11,11,49
2,2569,2568,1791052846250905,1791052846252428,1523,0,8,6,6,6,4,2,4
2,2570,2569,1791052846300905,1791052846302310,1405,0,9,12,12,12,10,0,0
2,2571,2570,1791052846350905,1791052846352311,1406,0,10,10,10,10,9,8,40
2,2572,2571,1791052846400905,1791052846402446,1541,0,11,12,12,12,10,7,26
2,2573,2572,1791052846450905,1791052846452316,1411,0,12,10,10,10,8,5,18
2,2574,2573,1791052846500905,1791052846502030,1125,0,13,10,10,10,9,8,36
2,2575,2574,1791052846550905,1791052846552030,1125,0,14,11,11,11,7,4,20
2,2576,2575,1791052846600905,1791052846602428,1523,0,15,16,16,16,13,12,51
2,2577,2576,1791052846650905,1791052846652289,1384,0,16,13,13,13,4,4,8
2,2578,2577,1791052846700905,1791052846702439,1534,0,17,11,11,11,10,8,20
2,2579,2578,1791052846750905,1791052846752643,1738,0,18,7,7,7,7,6,22
2,2580,2579,1791052846800905,1791052846802420,1515,0,19,10,10,10,9,4,15
2,2581,2580,1791052846850905,1791052846852564,1659,0,0,7,7,7,7,6,24
2,2582,2581,1791052846900905,1791052846901791,886,0,1,13,13,13,10,8,32
2,2583,2582,1791052846950905,1791052846952393,1488,0,2,8,8,8,8,8,32
2,2584,2583,1791052847000905,1791052847002386,1481,0,3,8,8,8,8,5,20
2,2585,2584,1791052847050905,1791052847052619,1714,0,4,9,9,9,6,4,19
2,2586,2585,1791052847100905,1791052847102634,1729,0,5,9,9,9,8,6,29
2,2587,2586,1791052847150905,1791052847152646,1741,0,6,7,7,7,7,4,18
2,2588,2587,1791052847200905,1791052847202407,1502,0,7,11,11,11,10,8,38
2,2589,2588,1791052847250905,1791052847251868,963,0,8,6,6,6,6,6,13
2,2590,2589,1791052847300905,1791052847302106,1201,0,9,12,12,12,10,9,30
2,2591,2590,1791052847350905,1791052847352422,1517,0,10,10,10,10,8,6,15
2,2592,2591,1791052847400905,1791052847402489,1584,0,11,12,12,12,13,9,33
2,2593,2592,1791052847450905,1791052847452678,1773,0,12,10,10,10,8,2,10
2,2594,2593,1791052847500905,1791052847502792,1887,0,13,10,10,10,10,8,40
2,2595,2594,1791052847550905,1791052847552079,1174,0,14,11,11,11,10,4,17
2,2596,2595,1791052847600905,1791052847602409,1504,0,15,16,16,16,15,14,65
2,2597,2596,1791052847650905,1791052847652661,1756,0,16,13,13,13,9,6,22
2,2598,2597,1791052847700905,1791052847702703,1798,0,17,11,11,11,11,5,16
2,2599,2598,1791052847750905,1791052847751981,1076,0,18,7,7,7,7,7,30
2,2600,2599,1791052847800905,1791052847802441,1536,0,19,10,10,10,10,4,12
2,2601,2600,1791052847850905,1791052847852415,1510,0,0,7,7,7,7,5,19
2,2602,2601,1791052847900905,1791052847902536,1631,0,1,13,13,13,12,12,51
2,2603,2602,1791052847950905,1791052847952787,1882,0,2,8,8,8,7,6,15
2,2604,2603,1791052848000905,1791052848001981,1076,0,3,8,8,8,8,4,12
2,2605,2604,1791052848050905,1791052848051802,897,0,4,9,9,9,10,4,20
2,2606,2605,1791052848100905,1791052848101825,920,0,5,9,9,9,9,6,30
2,2607,2606,1791052848150905,1791052848151893,988,0,6,7,7,7,7,4,12
2,2608,2607,1791052848200905,1791052848202343,1438,0,7,11,11,11,10,10,43
2,2609,2608,1791052848250905,1791052848251939,1034,0,8,6,6,6,5,3,10
2,2610,2609,1791052848300905,1791052848302649,1744,0,9,12,12,12,11,6,27
2,2611,2610,1791052848350905,1791052848352566,1661,0,10,10,10,10,9,8,38
2,2612,2611,1791052848400905,1791052848402367,1462,0,11,12,12,12,12,10,43
2,2613,2612,1791052848450905,1791052848451953,1048,0,12,10,10,10,8,5,17
2,2614,2613,1791052848500905,1791052848501840,935,0,13,10,10,10,7,6,21
2,2615,2614,1791052848550905,1791052848551838,933,0,14,11,11,11,9,6,23
2,2616,2615,1791052848600905,1791052848602323,1418,0,15,16,16,16,15,14,62
2,2617,2616,1791052848650905,1791052848652122,1217,0,16,13,13,13,9,8,31
2,2618,2617,1791052848700905,1791052848702070,1165,0,17,11,11,11,10,6,27
2,2619,2618,1791052848750905,1791052848752600,1695,0,18,7,7,7,7,6,30
2,2620,2619,1791052848800905,1791052848802444,1539,0,19,10,10,10,8,6,24
2,2621,2620,1791052848850905,1791052848852615,1710,0,0,7,7,7,5,3,8
2,2622,2621,1791052848900905,1791052848902435,1530,0,1,13,13,13,12,10,50
2,2623,2622,1791052848950905,1791052848952055,1150,0,2,8,8,8,7,4,20
2,2624,2623,1791052849000905,1791052849002318,1413,0,3,8,8,8,9,5,17
2,2625,2624,1791052849050905,1791052849052241,1336,0,4,9,9,9,8,4,20
2,2626,2625,1791052849100905,1791052849102007,1102,0,5,9,9,8,9,5,33
2,2627,2626,1791052849150905,1791052849151836,931,0,6,7,7,1,7,2,10
2,2628,2627,1791052849200905,1791052849202433,1528,0,7,11,11,3,12,4,30
2,2629,2628,1791052849250905,1791052849252380,1475,0,8,6,6,1,6,0,0
2,2630,2629,1791052849300905,1791052849302372,1467,0,9,12,12,3,12,3,20
2,2631,2630,1791052849350905,1791052849352437,1532,0,10,10,10,4,10,4,30
2,2632,2631,1791052849400905,1791052849402432,1527,0,11,12,12,5,13,7,51
2,2633,2632,1791052849450905,1791052849452154,1249,0,12,10,10,2,10,3,20
2,2634,2633,1791052849500905,1791052849502100,1195,0,13,10,10,3,10,4,30
2,2635,2634,1791052849550905,1791052849552456,1551,0,14,11,11,3,11,3,20
2,2636,2635,1791052849600905,1791052849602473,1568,0,15,16,16,6,16,7,60
2,2637,2636,1791052849650905,1791052849651993,1088,0,16,13,13,3,13,4,30
2,2638,2637,1791052849700905,1791052849701999,1094,0,17,11,11,2,11,3,20
2,2639,2638,1791052849750905,1791052849752238,1333,0,18,7,7,2,7,3,20
2,2640,2639,1791052849800905,1791052849802404,1499,0,19,10,10,1,11,3,11
2,2641,2640,1791052849850905,1791052849852011,1106,0,0,7,7,1,7,2,10
2,2642,2641,1791052849900905,1791052849901761,856,0,1,13,13,5,13,3,20
2,2643,2642,1791052849950905,1791052849952282,1377,0,2,8,8,2,8,3,20
2,2644,2643,1791052850000905,1791052850002442,1537,0,3,8,8,2,8,3,20
2,2645,2644,1791052850050905,1791052850052319,1414,0,4,9,9,2,9,3,20
2,2646,2645,1791052850100905,1791052850102365,1460,0,5,9,9,3,9,4,30
2,2647,2646,1791052850150905,1791052850152006,1101,0,6,7,7,1,7,2,10
2,2648,2647,1791052850200905,1791052850202451,1546,0,7,11,11,3,12,5,31
2,2649,2648,1791052850250905,1791052850252241,1336,0,8,6,6,1,6,0,0
2,2650,2649,1791052850300905,1791052850302419,1514,0,9,12,12,3,12,4,20
2,2651,2650,1791052850350905,1791052850352720,1815,0,10,10,10,4,10,4,30
2,2652,2651,1791052850400905,1791052850402322,1417,0,11,12,12,5,12,6,50
2,2653,2652,1791052850450905,1791052850451895,990,0,12,10,10,2,10,3,20
2,2654,2653,1791052850500905,1791052850502114,1209,0,13,10,10,3,10,4,30
2,2655,2654,1791052850550905,1791052850552400,1495,0,14,11,11,3,11,3,20
2,2656,2655,1791052850600905,1791052850602296,1391,0,15,16,16,6,17,8,61
2,2657,2656,1791052850650905,1791052850651749,844,0,16,13,13,3,13,4,30
2,2658,2657,1791052850700905,1791052850701868,963,0,17,11,11,2,11,3,20
2,2659,2658,1791052850750905,1791052850752381,1476,0,18,7,7,2,7,3,20
2,2660,2659,1791052850800905,1791052850802457,1552,0,19,10,10,1,11,2,10
2,2661,2660,1791052850850905,1791052850852289,1384,0,0,7,7,1,7,2,10
2,2662,2661,1791052850900905,1791052850902650,1745,0,1,13,13,5,13,3,20
2,2663,2662,1791052850950905,1791052850952803,1898,0,2,8,8,2,8,3,20
2,2664,2663,1791052851000905,1791052851002419,1514,0,3,8,8,2,8,3,20
2,2665,2664,1791052851050905,1791052851052009,1104,0,4,9,9,2,9,3,20
2,2666,2665,1791052851100905,1791052851102459,1554,0,5,9,9,3,9,4,30
2,2667,2666,1791052851150905,1791052851152469,1564,0,6,7,7,1,7,2,10
2,2668,2667,1791052851200905,1791052851202470,1565,0,7,11,11,3,12,4,30
2,2669,2668,1791052851250905,1791052851252434,1529,0,8,6,6,1,6,0,0
2,2670,2669,1791052851300905,1791052851302565,1660,0,9,12,12,3,12,3,20
2,2671,2670,1791052851350905,1791052851352438,1533,0,10,10,10,4,10,4,30
2,2672,2671,1791052851400905,1791052851402680,1775,0,11,12,12,5,13,7,51
2,2673,2672,1791052851450905,1791052851452219,1314,0,12,10,10,2,10,3,20
2,2674,2673,1791052851500905,1791052851501987,1082,0,13,10,10,3,10,4,30
2,2675,2674,1791052851550905,1791052851552559,1654,0,14,11,11,3,11,3,20
2,2676,2675,1791052851600905,1791052851602396,1491,0,15,16,16,6,16,7,60
2,2677,2676,1791052851650905,1791052851651968,1063,0,16,13,13,3,13,4,30
2,2678,2677,1791052851700905,1791052851702374,1469,0,17,11,11,2,11,3,20
2,2679,2678,1791052851750905,1791052851752425,1520,0,18,7,7,2,7,3,20
2,2680,2679,1791052851800905,1791052851802317,1412,0,19,10,10,1,11,3,11
2,2681,2680,1791052851850905,1791052851852664,1759,0,0,7,7,1,7,2,10
2,2682,2681,1791052851900905,1791052851902685,1780,0,1,13,13,5,13,3,20
2,2683,2682,1791052851950905,1791052851952823,1918,0,2,8,8,2,8,3,20
2,2684,2683,1791052852000905,1791052852002467,1562,0,3,8,8,2,9,3,20
2,2685,2684,1791052852050905,1791052852052400,1495,0,4,9,9,2,9,3,20
2,2686,2685,1791052852100905,1791052852102298,1393,0,5,9,9,3,9,4,30
2,2687,2686,1791052852150905,1791052852152640,1735,0,6,7,7,1,7,2,10
2,2688,2687,1791052852200905,1791052852202410,1505,0,7,11,11,3,11,4,30
2,2689,2688,1791052852250905,1791052852251937,1032,0,8,6,6,1,6,0,0
2,2690,2689,1791052852300905,1791052852301904,999,0,9,12,12,3,12,3,20
2,2691,2690,1791052852350905,1791052852352097,1192,0,10,10,10,4,10,4,30
2,2692,2691,1791052852400905,1791052852402429,1524,0,11,12,12,5,13,6,50
2,2693,2692,1791052852450905,1791052852451795,890,0,12,10,10,2,10,3,20
2,2694,2693,1791052852500905,1791052852502065,1160,0,13,10,10,3,10,4,30
2,2695,2694,1791052852550905,1791052852552583,1678,0,14,11,11,3,11,3,20
2,2696,2695,1791052852600905,1791052852602335,1430,0,15,16,16,6,17,8,61
2,2697,2696,1791052852650905,1791052852652746,1841,0,16,13,13,3,13,4,30
2,2698,2697,1791052852700905,1791052852702014,1109,0,17,11,11,2,11,3,20
2,2699,2698,1791052852750905,1791052852752370,1465,0,18,7,7,2,7,3,20
2,2700,2699,1791052852800905,1791052852802344,1439,0,19,10,10,1,10,2,10
2,2701,2700,1791052852850905,1791052852852002,1097,0,0,7,7,1,7,2,10
2,2702,2701,1791052852900905,1791052852901803,898,0,1,13,13,5,13,3,20
2,2703,2702,1791052852950905,1791052852952293,1388,0,2,8,8,2,8,3,20
2,2704,2703,1791052853000905,1791052853002628,1723,0,3,8,8,2,9,4,21
2,2705,2704,1791052853050905,1791052853051794,889,0,4,9,9,2,9,3,20
2,2706,2705,1791052853100905,1791052853101774,869,0,5,9,9,3,9,4,30
2,2707,2706,1791052853150905,1791052853151731,826,0,6,7,7,1,7,2,10
2,2708,2707,1791052853200905,1791052853202353,1448,0,7,11,11,3,11,4,30
2,2709,2708,1791052853250905,1791052853252381,1476,0,8,6,6,1,6,0,0
2,2710,2709,1791052853300905,1791052853302427,1522,0,9,12,12,3,12,3,20
2,2711,2710,1791052853350905,1791052853352597,1692,0,10,10,10,4,10,4,30
2,2712,2711,1791052853400905,1791052853402469,1564,0,11,12,12,5,13,7,51
2,2713,2712,1791052853450905,1791052853452663,1758,0,12,10,10,2,10,3,20
2,2714,2713,1791052853500905,1791052853502746,1841,0,13,10,10,3,10,4,30
2,2715,2714,1791052853550905,1791052853552648,1743,0,14,11,11,3,11,3,20
2,2716,2715,1791052853600905,1791052853602265,1360,0,15,16,16,6,17,7,60
2,2717,2716,1791052853650905,1791052853652385,1480,0,16,13,13,3,13,4,30
2,2718,2717,1791052853700905,1791052853702634,1729,0,17,11,11,2,11,3,20
2,2719,2718,1791052853750905,1791052853751841,936,0,18,7,7,2,7,3,20
2,2720,2719,1791052853800905,1791052853802381,1476,0,19,10,10,1,11,3,11
2,2721,2720,1791052853850905,1791052853852583,1678,0,0,7,7,1,7,2,10
2,2722,2721,1791052853900905,1791052853902565,1660,0,1,13,13,5,13,3,20
2,2723,2722,1791052853950905,1791052853952064,1159,0,2,8,8,2,8,3,20
2,2724,2723,1791052854000905,1791052854002393,1488,0,3,8,8,2,8,3,20
2,2725,2724,1791052854050905,1791052854052276,1371,0,4,9,9,2,9,3,20
2,2726,2725,1791052854100905,1791052854102500,1595,0,5,9,9,3,9,4,30
2,2727,2726,1791052854150905,1791052854152626,1721,0,6,7,7,1,7,2,10
2,2728,2727,1791052854200905,1791052854202426,1521,0,7,11,11,3,12,5,31
2,2729,2728,1791052854250905,1791052854252271,1366,0,8,6,6,1,6,0,0
2,2730,2729,1791052854300905,1791052854301970,1065,0,9,12,12,3,12,3,20
2,2731,2730,1791052854350905,1791052854351815,910,0,10,10,10,4,10,4,30
2,2732,2731,1791052854400905,1791052854402442,1537,0,11,12,12,5,12,6,50
2,2733,2732,1791052854450905,1791052854452185,1280,0,12,10,10,2,10,3,20
2,2734,2733,1791052854500905,1791052854501957,1052,0,13,10,10,3,10,4,30
2,2735,2734,1791052854550905,1791052854552179,1274,0,14,11,11,3,11,3,20
2,2736,2735,1791052854600905,1791052854602315,1410,0,15,16,16,6,17,8,61
2,2737,2736,1791052854650905,1791052854652687,1782,0,16,13,13,3,13,4,30
2,2738,2737,1791052854700905,1791052854702148,1243,0,17,11,11,2,11,3,20
2,2739,2738,1791052854750905,1791052854752486,1581,0,18,7,7,2,7,3,20
2,2740,2739,1791052854800905,1791052854802313,1408,0,19,10,10,1,11,2,10
2,2741,2740,1791052854850905,1791052854851880,975,0,0,7,7,1,7,2,10
2,2742,2741,1791052854900905,1791052854902221,1316,0,1,13,13,5,13,3,20
2,2743,2742,1791052854950905,1791052854952498,1593,0,2,8,8,2,8,3,20
2,2744,2743,1791052855000905,1791052855002624,1719,0,3,8,8,2,9,4,21
2,2745,2744,1791052855050905,1791052855052749,1844,0,4,9,9,2,9,3,20
2,2746,2745,1791052855100905,1791052855102400,1495,0,5,9,9,3,9,4,30
2,2747,2746,1791052855150905,1791052855152236,1331,0,6,7,7,1,7,2,10
2,2748,2747,1791052855200905,1791052855202336,1431,0,7,11,11,3,11,4,30
2,2749,2748,1791052855250905,1791052855251938,1033,0,8,6,6,1,6,0,0
2,2750,2749,1791052855300905,1791052855301860,955,0,9,12,12,3,12,3,20
2,2751,2750,1791052855350905,1791052855351979,1074,0,10,10,10,4,10,4,30
2,2752,2751,1791052855400905,1791052855402414,1509,0,11,12,12,5,13,7,51
2,2753,2752,1791052855450905,1791052855453347,2442,0,12,10,10,2,10,3,20
2,2754,2753,1791052855500905,1791052855502538,1633,0,13,10,10,3,10,4,30
2,2755,2754,1791052855550905,1791052855552311,1406,0,14,11,11,3,11,3,20
2,2756,2755,1791052855600905,1791052855602525,1620,0,15,16,16,6,17,7,60
2,2757,2756,1791052855650905,1791052855652431,1526,0,16,13,13,3,13,4,30
2,2758,2757,1791052855700905,1791052855702072,1167,0,17,11,11,2,11,3,20
2,2759,2758,1791052855750905,1791052855751971,1066,0,18,7,7,2,7,3,20
2,2760,2759,1791052855800905,1791052855802395,1490,0,19,10,10,1,10,2,10
2,2761,2760,1791052855850905,1791052855852224,1319,0,0,7,7,1,7,2,10
2,2762,2761,1791052855900905,1791052855901962,1057,0,1,13,13,5,13,3,20
2,2763,2762,1791052855950905,1791052855952744,1839,0,2,8,8,2,8,3,20
2,2764,2763,1791052856000905,1791052856002403,1498,0,3,8,8,2,9,3,20
2,2765,2764,1791052856050905,1791052856052207,1302,0,4,9,9,2,9,3,20
2,2766,2765,1791052856100905,1791052856102333,1428,0,5,9,9,3,9,4,30
2,2767,2766,1791052856150905,1791052856152458,1553,0,6,7,7,1,7,2,10
2,2768,2767,1791052856200905,1791052856202293,1388,0,7,11,11,3,11,4,30
2,2769,2768,1791052856250905,1791052856252335,1430,0,8,6,6,1,6,0,0
2,2770,2769,1791052856300905,1791052856301971,1066,0,9,12,12,3,12,3,20
2,2771,2770,1791052856350905,1791052856351715,810,0,10,10,10,4,10,4,30
2,2772,2771,1791052856400905,1791052856402436,1531,0,11,12,12,5,13,6,50
2,2773,2772,1791052856450905,1791052856452494,1589,0,12,10,10,2,10,3,20
2,2774,2773,1791052856500905,1791052856502640,1735,0,13,10,10,3,10,4,30
2,2775,2774,1791052856550905,1791052856552682,1777,0,14,11,11,3,11,3,20
2,2776,2775,1791052856600905,1791052856602423,1518,0,15,16,16,6,16,7,60
2,2777,2776,1791052856650905,1791052856652685,1780,0,16,13,13,3,13,4,30
2,2778,2777,1791052856700905,1791052856702669,1764,0,17,11,11,2,11,3,20
2,2779,2778,1791052856750905,1791052856752639,1734,0,18,7,7,2,7,3,20
2,2780,2779,1791052856800905,1791052856802245,1340,0,19,10,10,1,11,2,10
2,2781,2780,1791052856850905,1791052856851976,1071,0,0,7,7,1,7,2,10
2,2782,2781,1791052856900905,1791052856901787,882,0,1,13,13,5,13,4,20
2,2783,2782,1791052856950905,1791052856952561,1656,0,2,8,8,2,8,3,20
2,2784,2783,1791052857000905,1791052857002310,1405,0,3,8,8,2,9,4,21
2,2785,2784,1791052857050905,1791052857051941,1036,0,4,9,9,2,9,3,20
2,2786,2785,1791052857100905,1791052857102139,1234,0,5,9,9,3,9,4,30
2,2787,2786,1791052857150905,1791052857152071,1166,0,6,7,7,1,7,2,10
2,2788,2787,1791052857200905,1791052857202404,1499,0,7,11,11,3,12,4,30
2,2789,2788,1791052857250905,1791052857252491,1586,0,8,6,6,1,6,0,0
2,2790,2789,1791052857300905,1791052857302506,1601,0,9,12,12,3,12,3,20
2,2791,2790,1791052857350905,1791052857352499,1594,0,10,10,10,4,10,5,30
2,2792,2791,1791052857400905,1791052857402379,1474,0,11,12,12,5,12,6,50
2,2793,2792,1791052857450905,1791052857452632,1727,0,12,10,10,2,10,3,20
2,2794,2793,1791052857500905,1791052857502296,1391,0,13,10,10,3,10,4,30
2,2795,2794,1791052857550905,1791052857551872,967,0,14,11,11,3,11,3,20
2,2796,2795,1791052857600905,1791052857602253,1348,0,15,16,16,6,17,7,60
2,2797,2796,1791052857650905,1791052857652279,1374,0,16,13,13,3,13,4,30
2,2798,2797,1791052857700905,1791052857702471,1566,0,17,11,11,2,11,3,20
2,2799,2798,1791052857750905,1791052857751892,987,0,18,7,7,2,7,3,20
2,2800,2799,1791052857800905,1791052857802301,1396,0,19,10,10,1,10,2,10
2,2801,2800,1791052857850905,1791052857852088,1183,0,0,7,7,1,7,2,10
2,2802,2801,1791052857900905,1791052857902014,1109,0,1,13,13,5,13,3,20
2,2803,2802,1791052857950905,1791052857952150,1245,0,2,8,8,2,8,3,20
2,2804,2803,1791052858000905,1791052858002533,1628,0,3,8,8,2,9,3,20
2,2805,2804,1791052858050905,1791052858052640,1735,0,4,9,9,2,9,3,20
2,2806,2805,1791052858100905,1791052858102603,1698,0,5,9,9,3,9,4,30
2,2807,2806,1791052858150905,1791052858152113,1208,0,6,7,7,1,7,2,10
2,2808,2807,1791052858200905,1791052858202342,1437,0,7,11,11,3,11,4,30
2,2809,2808,1791052858250905,1791052858251994,1089,0,8,6,6,1,6,0,0
2,2810,2809,1791052858300905,1791052858302063,1158,0,9,12,12,3,12,4,20
2,2811,2810,1791052858350905,1791052858351779,874,0,10,10,10,4,10,4,30
2,2812,2811,1791052858400905,1791052858402228,1323,0,11,12,12,5,13,6,50
2,2813,2812,1791052858450905,1791052858452470,1565,0,12,10,10,2,10,3,20
2,2814,2813,1791052858500905,1791052858502713,1808,0,13,10,10,3,10,4,30
2,2815,2814,1791052858550905,1791052858552688,1783,0,14,11,11,3,11,3,20
2,2816,2815,1791052858600905,1791052858602388,1483,0,15,16,16,6,16,7,60
2,2817,2816,1791052858650905,1791052858652399,1494,0,16,13,13,3,13,4,30
2,2818,2817,1791052858700905,1791052858702554,1649,0,17,11,11,2,11,3,20
2,2819,2818,1791052858750905,1791052858752311,1406,0,18,7,7,2,7,3,20
2,2820,2819,1791052858800905,1791052858802422,1517,0,19,10,10,1,11,2,10
2,2821,2820,1791052858850905,1791052858852057,1152,0,0,7,7,1,7,2,10
2,2822,2821,1791052858900905,1791052858901900,995,0,1,13,13,5,13,4,20
2,2823,2822,1791052858950905,1791052858952114,1209,0,2,8,8,2,8,3,20
2,2824,2823,1791052859000905,1791052859002380,1475,0,3,8,8,2,8,3,20
2,2825,2824,1791052859050905,1791052859053472,2567,0,4,9,9,2,9,3,20
2,2826,2825,1791052859100905,1791052859101957,1052,0,5,9,9,3,9,4,30
2,2827,2826,1791052859150905,1791052859152534,1629,0,6,7,7,1,7,2,10
2,2828,2827,1791052859200905,1791052859202396,1491,0,7,11,11,3,12,4,30
2,2829,2828,1791052859250905,1791052859252302,1397,0,8,6,6,1,6,0,0
2,2830,2829,1791052859300905,1791052859302113,1208,0,9,12,12,3,12,3,20
2,2831,2830,1791052859350905,1791052859352276,1371,0,10,10,10,4,10,4,30
2,2832,2831,1791052859400905,1791052859402428,1523,0,11,12,12,5,13,7,51
2,2833,2832,1791052859450905,1791052859452629,1724,0,12,10,10,2,10,3,20
2,2834,2833,1791052859500905,1791052859502726,1821,0,13,10,10,3,10,4,30
2,2835,2834,1791052859550905,1791052859552237,1332,0,14,11,11,3,11,3,20
2,2836,2835,1791052859600905,1791052859601728,823,0,15,16,16,6,17,7,60
2,2837,2836,1791052859650905,1791052859651996,1091,0,16,13,13,3,13,4,30
2,2838,2837,1791052859700905,1791052859702088,1183,0,17,11,11,2,11,3,20
2,2839,2838,1791052859750905,1791052859752068,1163,0,18,7,7,2,7,3,20
2,2840,2839,1791052859800905,1791052859802437,1532,0,19,10,10,1,10,2,10
2,2841,2840,1791052859850905,1791052859852293,1388,0,0,7,7,1,7,2,10
2,2842,2841,1791052859900905,1791052859902493,1588,0,1,13,13,5,13,3,20
2,2843,2842,1791052859950905,1791052859952378,1473,0,2,8,8,2,8,3,20
2,2844,2843,1791052860000905,1791052860002607,1702,0,3,8,8,2,9,3,20
2,2845,2844,1791052860050905,1791052860051738,833,0,4,9,9,2,9,3,20
2,2846,2845,1791052860100905,1791052860101776,871,0,5,9,9,3,9,4,30
2,2847,2846,1791052860150905,1791052860151941,1036,0,6,7,7,1,7,2,10
2,2848,2847,1791052860200905,1791052860202324,1419,0,7,11,11,3,11,4,30
2,2849,2848,1791052860250905,1791052860252114,1209,0,8,6,6,1,6,0,0
2,2850,2849,1791052860300905,1791052860302164,1259,0,9,12,12,3,12,3,20
2,2851,2850,1791052860350905,1791052860352320,1415,0,10,10,10,4,10,4,30
2,2852,2851,1791052860400905,1791052860402370,1465,0,11,12,12,5,13,6,50
2,2853,2852,1791052860450905,1791052860452398,1493,0,12,10,10,2,10,3,20
2,2854,2853,1791052860500905,1791052860502587,1682,0,13,10,10,3,10,4,30
2,2855,2854,1791052860550905,1791052860552221,1316,0,14,11,11,3,11,3,20
2,2856,2855,1791052860600905,1791052860602365,1460,0,15,16,16,6,16,7,60
2,2857,2856,1791052860650905,1791052860652740,1835,0,16,13,13,3,13,4,30
2,2858,2857,1791052860700905,1791052860702753,1848,0,17,11,11,2,11,3,20
2,2859,2858,1791052860750905,1791052860752534,1629,0,18,7,7,2,7,3,20
2,2860,2859,1791052860800905,1791052860802676,1771,0,19,10,10,1,11,2,10
2,2861,2860,1791052860850905,1791052860852612,1707,0,0,7,7,1,7,2,10
2,2862,2861,1791052860900905,1791052860902762,1857,0,1,13,13,5,13,4,20
2,2863,2862,1791052860950905,1791052860952704,1799,0,2,8,8,2,8,3,20
2,2864,2863,1791052861000905,1791052861002458,1553,0,3,8,8,2,8,3,20
2,2865,2864,1791052861050905,1791052861051792,887,0,4,9,9,2,9,3,20
2,2866,2865,1791052861100905,1791052861102633,1728,0,5,9,9,3,9,4,30
2,2867,2866,1791052861150905,1791052861152679,1774,0,6,7,7,1,7,2,10
2,2868,2867,1791052861200905,1791052861202413,1508,0,7,11,11,3,12,4,30
2,2869,2868,1791052861250905,1791052861252523,1618,0,8,6,6,1,6,0,0
2,2870,2869,1791052861300905,1791052861302550,1645,0,9,12,12,3,12,3,20
2,2871,2870,1791052861350905,1791052861351766,861,0,10,10,10,4,10,4,30
2,2872,2871,1791052861400905,1791052861402447,1542,0,11,12,12,5,13,7,51
2,2873,2872,1791052861450905,1791052861451986,1081,0,12,10,10,2,10,3,20
2,2874,2873,1791052861500905,1791052861501979,1074,0,13,10,10,3,10,4,30
2,2875,2874,1791052861550905,1791052861551804,899,0,14,11,11,3,11,3,20
2,2876,2875,1791052861600905,1791052861602415,1510,0,15,16,16,6,17,7,60
2,2877,2876,1791052861650905,1791052861652665,1760,0,16,13,13,3,13,4,30
2,2878,2877,1791052861700905,1791052861702724,1819,0,17,11,11,2,11,3,20
2,2879,2878,1791052861750905,1791052861752705,1800,0,18,7,7,2,7,3,20
2,2880,2879,1791052861800905,1791052861802303,1398,0,19,10,10,1,11,3,11
2,2881,2880,1791052861850905,1791052861851808,903,0,0,7,7,1,7,2,10
2,2882,2881,1791052861900905,1791052861902670,1765,0,1,13,13,5,13,4,20
2,2883,2882,1791052861950905,1791052861952754,1849,0,2,8,8,2,8,3,20
2,2884,2883,1791052862000905,1791052862002405,1500,0,3,8,8,2,8,3,20
2,2885,2884,1791052862050905,1791052862052345,1440,0,4,9,9,2,9,3,20
2,2886,2885,1791052862100905,1791052862102563,1658,0,5,9,9,3,9,4,30
2,2887,2886,1791052862150905,1791052862152456,1551,0,6,7,7,1,7,2,10
2,2888,2887,1791052862200905,1791052862202391,1486,0,7,11,11,3,12,5,31
2,2889,2888,1791052862250905,1791052862252500,1595,0,8,6,6,1,6,0,0
2,2890,2889,1791052862300905,1791052862302259,1354,0,9,12,12,3,12,3,20
2,2891,2890,1791052862350905,1791052862351808,903,0,10,10,10,4,10,4,30
2,2892,2891,1791052862400905,1791052862402269,1364,0,11,12,12,5,12,6,50
2,2893,2892,1791052862450905,1791052862452431,1526,0,12,10,10,2,10,3,20
2,2894,2893,1791052862500905,1791052862502649,1744,0,13,10,10,3,10,4,30
2,2895,2894,1791052862550905,1791052862552648,1743,0,14,11,11,3,11,3,20
2,2896,2895,1791052862600905,1791052862602393,1488,0,15,16,16,6,17,8,61
2,2897,2896,1791052862650905,1791052862652220,1315,0,16,13,13,3,13,4,30
2,2898,2897,1791052862700905,1791052862702397,1492,0,17,11,11,2,11,3,20
2,2899,2898,1791052862750905,1791052862752657,1752,0,18,7,7,2,7,3,20
2,2900,2899,1791052862800905,1791052862802498,1593,0,19,10,10,1,11,2,10
2,2901,2900,1791052862850905,1791052862852383,1478,0,0,7,7,1,7,2,10
2,2902,2901,1791052862900905,1791052862902331,1426,0,1,13,13,5,13,4,20
2,2903,2902,1791052862950905,1791052862952175,1270,0,2,8,8,2,8,3,20
2,2904,2903,1791052863000905,1791052863002372,1467,0,3,8,8,2,8,3,20
2,2905,2904,1791052863050905,1791052863052540,1635,0,4,9,9,2,9,3,20
2,2906,2905,1791052863100905,1791052863102598,1693,0,5,9,9,3,9,4,30
2,2907,2906,1791052863150905,1791052863152227,1322,0,6,7,7,1,7,2,10
2,2908,2907,1791052863200905,1791052863202304,1399,0,7,11,11,3,12,4,30
2,2909,2908,1791052863250905,1791052863252405,1500,0,8,6,6,1,6,0,0
2,2910,2909,1791052863300905,1791052863302416,1511,0,9,12,12,3,12,3,20
2,2911,2910,1791052863350905,1791052863352367,1462,0,10,10,10,4,10,4,30
2,2912,2911,1791052863400905,1791052863402645,1740,0,11,12,12,5,13,7,51
2,2913,2912,1791052863450905,1791052863452747,1842,0,12,10,10,2,10,3,20
2,2914,2913,1791052863500905,1791052863502684,1779,0,13,10,10,3,10,4,30
2,2915,2914,1791052863550905,1791052863552755,1850,0,14,11,11,3,11,3,20
2,2916,2915,1791052863600905,1791052863602407,1502,0,15,16,16,6,16,7,60
2,2917,2916,1791052863650905,1791052863652536,1631,0,16,13,13,3,13,4,30
2,2918,2917,1791052863700905,1791052863702058,1153,0,17,11,11,2,11,3,20
2,2919,2918,1791052863750905,1791052863752245,1340,0,18,7,7,2,7,3,20
2,2920,2919,1791052863800905,1791052863802722,1817,0,19,10,10,1,11,3,11
2,2921,2920,1791052863850905,1791052863852170,1265,0,0,7,7,1,7,2,10
2,2922,2921,1791052863900905,1791052863902636,1731,0,1,13,13,5,13,3,20
2,2923,2922,1791052863950905,1791052863952249,1344,0,2,8,8,2,8,3,20
2,2924,2923,1791052864000905,1791052864002425,1520,0,3,8,8,2,8,3,20
2,2925,2924,1791052864050905,1791052864051738,833,0,4,9,9,2,9,3,20
2,2926,2925,1791052864100905,1791052864101945,1040,0,5,9,9,3,9,4,30
2,2927,2926,1791052864150905,1791052864152430,1525,0,6,7,7,1,7,2,10
2,2928,2927,1791052864200905,1791052864202304,1399,0,7,11,11,3,12,5,31
2,2929,2928,1791052864250905,1791052864252317,1412,0,8,6,6,1,6,0,0
2,2930,2929,1791052864300905,1791052864301834,929,0,9,12,12,3,12,3,20
2,2931,2930,1791052864350905,1791052864352442,1537,0,10,10,10,4,10,4,30
2,2932,2931,1791052864400905,1791052864402352,1447,0,11,12,12,5,12,6,50
2,2933,2932,1791052864450905,1791052864452401,1496,0,12,10,10,2,10,3,20
2,2934,2933,1791052864500905,1791052864501962,1057,0,13,10,10,3,10,4,30
2,2935,2934,1791052864550905,1791052864552265,1360,0,14,11,11,3,11,3,20
2,2936,2935,1791052864600905,1791052864602411,1506,0,15,16,16,6,17,8,61
2,2937,2936,1791052864650905,1791052864652526,1621,0,16,13,13,3,13,4,30
2,2938,2937,1791052864700905,1791052864702509,1604,0,17,11,11,2,11,3,20
2,2939,2938,1791052864750905,1791052864752354,1449,0,18,7,7,2,7,3,20
2,2940,2939,1791052864800905,1791052864802255,1350,0,19,10,10,1,11,2,10
2,2941,2940,1791052864850905,1791052864852385,1480,0,0,7,7,1,7,2,10
2,2942,2941,1791052864900905,1791052864902686,1781,0,1,13,13,5,13,3,20
2,2943,2942,1791052864950905,1791052864952674,1769,0,2,8,8,2,8,3,20
2,2944,2943,1791052865000905,1791052865002348,1443,0,3,8,8,2,8,3,20
2,2945,2944,1791052865050905,1791052865052115,1210,0,4,9,9,2,9,3,20
2,2946,2945,1791052865100905,1791052865101856,951,0,5,9,9,3,9,4,30
2,2947,2946,1791052865150905,1791052865152156,1251,0,6,7,7,1,7,2,10
2,2948,2947,1791052865200905,1791052865202328,1423,0,7,11,11,3,12,4,30
2,2949,2948,1791052865250905,1791052865252623,1718,0,8,6,6,1,6,0,0
2,2950,2949,1791052865300905,1791052865302345,1440,0,9,12,12,3,12,4,20
2,2951,2950,1791052865350905,1791052865352508,1603,0,10,10,10,4,10,4,30
2,2952,2951,1791052865400905,1791052865402496,1591,0,11,12,12,5,13,7,51
2,2953,2952,1791052865450905,1791052865452579,1674,0,12,10,10,2,10,3,20
2,2954,2953,1791052865500905,1791052865502363,1458,0,13,10,10,3,10,4,30
2,2955,2954,1791052865550905,1791052865551821,916,0,14,11,11,3,11,3,20
2,2956,2955,1791052865600905,1791052865602544,1639,0,15,16,16,6,17,7,60
2,2957,2956,1791052865650905,1791052865652640,1735,0,16,13,13,3,13,4,30
2,2958,2957,1791052865700905,1791052865702597,1692,0,17,11,11,2,11,3,20
2,2959,2958,1791052865750905,1791052865752527,1622,0,18,7,7,2,7,3,20
2,2960,2959,1791052865800905,1791052865802387,1482,0,19,10,10,1,11,3,11
2,2961,2960,1791052865850905,1791052865852130,1225,0,0,7,7,1,7,2,10
2,2962,2961,1791052865900905,1791052865902043,1138,0,1,13,13,5,13,3,20
2,2963,2962,1791052865950905,1791052865951946,1041,0,2,8,8,2,8,3,20
2,2964,2963,1791052866000905,1791052866002477,1572,0,3,8,8,2,8,3,20
2,2965,2964,1791052866050905,1791052866052718,1813,0,4,9,9,2,9,3,20
2,2966,2965,1791052866100905,1791052866102815,1910,0,5,9,9,3,9,4,30
2,2967,2966,1791052866150905,1791052866152156,1251,0,6,7,7,1,7,2,10
2,2968,2967,1791052866200905,1791052866202398,1493,0,7,11,11,3,12,5,31
2,2969,2968,1791052866250905,1791052866251906,1001,0,8,6,6,1,6,0,0
2,2970,2969,1791052866300905,1791052866302342,1437,0,9,12,12,3,12,3,20
2,2971,2970,1791052866350905,1791052866352375,1470,0,10,10,10,4,10,4,30
2,2972,2971,1791052866400905,1791052866402279,1374,0,11,12,12,5,12,6,50
2,2973,2972,1791052866450905,1791052866452305,1400,0,12,10,10,2,10,3,20
2,2974,2973,1791052866500905,1791052866502750,1845,0,13,10,10,3,10,4,30
2,2975,2974,1791052866550905,1791052866552127,1222,0,14,11,11,3,11,3,20
2,2976,2975,1791052866600905,1791052866602493,1588,0,15,16,16,6,17,8,61
2,2977,2976,1791052866650905,1791052866651972,1067,0,16,13,13,3,13,4,30
2,2978,2977,1791052866700905,1791052866702416,1511,0,17,11,11,2,11,3,20
2,2979,2978,1791052866750905,1791052866752681,1776,0,18,7,7,2,7,3,20
2,2980,2979,1791052866800905,1791052866802286,1381,0,19,10,10,1,11,2,10
2,2981,2980,1791052866850905,1791052866852146,1241,0,0,7,7,1,7,2,10
2,2982,2981,1791052866900905,1791052866902074,1169,0,1,13,13,5,13,4,20
2,2983,2982,1791052866950905,1791052866952771,1866,0,2,8,8,2,8,3,20
2,2984,2983,1791052867000905,1791052867002421,1516,0,3,8,8,2,8,3,20
2,2985,2984,1791052867050905,1791052867052400,1495,0,4,9,9,2,9,3,20
2,2986,2985,1791052867100905,1791052867102373,1468,0,5,9,9,3,9,4,30
2,2987,2986,1791052867150905,1791052867152204,1299,0,6,7,7,1,7,2,10
2,2988,2987,1791052867200905,1791052867202301,1396,0,7,11,11,3,12,4,30
2,2989,2988,1791052867250905,1791052867252173,1268,0,8,6,6,1,6,0,0
2,2990,2989,1791052867300905,1791052867302718,1813,0,9,12,12,3,12,3,20
2,2991,2990,1791052867350905,1791052867351850,945,0,10,10,10,4,10,4,30
2,2992,2991,1791052867400905,1791052867402446,1541,0,11,12,12,5,13,7,51
2,2993,2992,1791052867450905,1791052867452435,1530,0,12,10,10,2,10,3,20
2,2994,2993,1791052867500905,1791052867502798,1893,0,13,10,10,3,10,4,30
2,2995,2994,1791052867550905,1791052867552107,1202,0,14,11,11,3,11,3,20
2,2996,2995,1791052867600905,1791052867602426,1521,0,15,16,16,6,16,7,60
2,2997,2996,1791052867650905,1791052867652565,1660,0,16,13,13,3,13,4,30
2,2998,2997,1791052867700905,1791052867702524,1619,0,17,11,11,2,11,3,20
2,2999,2998,1791052867750905,1791052867752452,1547,0,18,7,7,2,7,3,20
2,3000,2999,1791052867800905,1791052867802181,1276,0,19,10,10,1,11,3,11
2,3001,3000,1791052867850905,1791052867851860,955,0,0,7,7,1,7,2,10
2,3002,3001,1791052867900905,1791052867901797,892,0,1,13,13,5,13,4,20
2,3003,3002,1791052867950905,1791052867951787,882,0,2,8,8,2,8,3,20
2,3004,3003,1791052868000905,1791052868002517,1612,0,3,8,8,2,9,3,20
2,3005,3004,1791052868050905,1791052868052518,1613,0,4,9,9,2,9,3,20
2,3006,3005,1791052868100905,1791052868102275,1370,0,5,9,9,3,9,4,30
2,3007,3006,1791052868150905,1791052868152029,1124,0,6,7,7,1,7,2,10
2,3008,3007,1791052868200905,1791052868202432,1527,0,7,11,11,3,11,4,30
2,3009,3008,1791052868250905,1791052868252134,1229,0,8,6,6,1,6,0,0
2,3010,3009,1791052868300905,1791052868302278,1373,0,9,12,12,3,12,3,20
2,3011,3010,1791052868350905,1791052868352085,1180,0,10,10,10,4,10,4,30
2,3012,3011,1791052868400905,1791052868402405,1500,0,11,12,12,5,13,6,50
2,3013,3012,1791052868450905,1791052868452341,1436,0,12,10,10,2,10,3,20
2,3014,3013,1791052868500905,1791052868502454,1549,0,13,10,10,3,10,4,30
2,3015,3014,1791052868550905,1791052868552414,1509,0,14,11,11,3,11,3,20
2,3016,3015,1791052868600905,1791052868602487,1582,0,15,16,16,6,17,8,61
2,3017,3016,1791052868650905,1791052868652744,1839,0,16,13,13,3,13,4,30
2,3018,3017,1791052868700905,1791052868702569,1664,0,17,11,11,2,11,3,20
2,3019,3018,1791052868750905,1791052868752617,1712,0,18,7,7,2,7,3,20
2,3020,3019,1791052868800905,1791052868802471,1566,0,19,10,10,1,11,2,10
2,3021,3020,1791052868850905,1791052868852327,1422,0,0,7,7,1,7,2,10
2,3022,3021,1791052868900905,1791052868902578,1673,0,1,13,13,5,13,4,20
2,3023,3022,1791052868950905,1791052868952309,1404,0,2,8,8,2,8,3,20
2,3024,3023,1791052869000905,1791052869002433,1528,0,3,8,8,2,8,3,20
2,3025,3024,1791052869050905,1791052869052294,1389,0,4,9,9,2,9,3,20
2,3026,3025,1791052869100905,1791052869102045,1140,0,5,9,9,3,9,4,30
2,3027,3026,1791052869150905,1791052869152589,1684,0,6,7,7,1,7,2,10
2,3028,3027,1791052869200905,1791052869202310,1405,0,7,11,11,3,12,4,30
2,3029,3028,1791052869250905,1791052869252284,1379,0,8,6,6,1,6,0,0
2,3030,3029,1791052869300905,1791052869301982,1077,0,9,12,12,3,12,3,20
2,3031,3030,1791052869350905,1791052869352786,1881,0,10,10,10,4,10,4,30
2,3032,3031,1791052869400905,1791052869402540,1635,0,11,12,12,5,13,7,51
2,3033,3032,1791052869450905,1791052869451838,933,0,12,10,10,2,10,3,20
2,3034,3033,1791052869500905,1791052869501994,1089,0,13,10,10,3,10,4,30
2,3035,3034,1791052869550905,1791052869552665,1760,0,14,11,11,3,11,4,20
2,3036,3035,1791052869600905,1791052869602413,1508,0,15,16,16,6,16,7,60
2,3037,3036,1791052869650905,1791052869652317,1412,0,16,13,13,3,13,4,30
2,3038,3037,1791052869700905,1791052869702493,1588,0,17,11,11,2,11,3,20
2,3039,3038,1791052869750905,1791052869752496,1591,0,18,7,7,2,7,3,20
2,3040,3039,1791052869800905,1791052869802218,1313,0,19,10,10,1,11,3,11
2,3041,3040,1791052869850905,1791052869852387,1482,0,0,7,7,1,7,2,10
2,3042,3041,1791052869900905,1791052869902645,1740,0,1,13,13,5,13,3,20
2,3043,3042,1791052869950905,1791052869952704,1799,0,2,8,8,2,8,3,20
2,3044,3043,1791052870000905,1791052870002442,1537,0,3,8,8,2,9,3,20
2,3045,3044,1791052870050905,1791052870052219,1314,0,4,9,9,2,9,3,20
2,3046,3045,1791052870100905,1791052870102265,1360,0,5,9,9,3,9,4,30
2,3047,3046,1791052870150905,1791052870152509,1604,0,6,7,7,1,7,2,10
2,3048,3047,1791052870200905,1791052870202339,1434,0,7,11,11,3,11,4,30
2,3049,3048,1791052870250905,1791052870252133,1228,0,8,6,6,1,6,0,0
2,3050,3049,1791052870300905,1791052870302219,1314,0,9,12,12,3,12,3,20
2,3051,3050,1791052870350905,1791052870352117,1212,0,10,10,10,4,10,4,30
2,3052,3051,1791052870400905,1791052870402443,1538,0,11,12,12,5,13,6,50
2,3053,3052,1791052870450905,1791052870452448,1543,0,12,10,10,2,10,3,20
2,3054,3053,1791052870500905,1791052870502406,1501,0,13,10,10,3,10,4,30
2,3055,3054,1791052870550905,1791052870552755,1850,0,14,11,11,3,11,3,20
2,3056,3055,1791052870600905,1791052870602450,1545,0,15,16,16,6,17,8,61
2,3057,3056,1791052870650905,1791052870652361,1456,0,16,13,13,3,13,4,30
2,3058,3057,1791052870700905,1791052870702535,1630,0,17,11,11,2,11,3,20
2,3059,3058,1791052870750905,1791052870751969,1064,0,18,7,7,2,7,3,20
2,3060,3059,1791052870800905,1791052870802369,1464,0,19,10,10,1,10,2,10
2,3061,3060,1791052870850905,1791052870851801,896,0,0,7,7,1,7,2,10
2,3062,3061,1791052870900905,1791052870901839,934,0,1,13,13,5,13,3,20
2,3063,3062,1791052870950905,1791052870952516,1611,0,2,8,8,2,8,3,20
2,3064,3063,1791052871000905,1791052871002402,1497,0,3,8,8,2,9,4,21
2,3065,3064,1791052871050905,1791052871052259,1354,0,4,9,9,2,9,3,20
2,3066,3065,1791052871100905,1791052871102381,1476,0,5,9,9,3,9,4,30
2,3067,3066,1791052871150905,1791052871152156,1251,0,6,7,7,1,7,2,10
2,3068,3067,1791052871200905,1791052871202314,1409,0,7,11,11,3,11,4,30
2,3069,3068,1791052871250905,1791052871252046,1141,0,8,6,6,1,6,0,0
2,3070,3069,1791052871300905,1791052871301952,1047,0,9,12,12,3,12,3,20
2,3071,3070,1791052871350905,1791052871352329,1424,0,10,10,10,4,10,4,30
2,3072,3071,1791052871400905,1791052871402394,1489,0,11,12,12,5,13,7,51
2,3073,3072,1791052871450905,1791052871452442,1537,0,12,10,10,2,10,3,20
2,3074,3073,1791052871500905,1791052871502565,1660,0,13,10,10,3,10,4,30
2,3075,3074,1791052871550905,1791052871552204,1299,0,14,11,11,3,11,4,20
2,3076,3075,1791052871600905,1791052871602431,1526,0,15,16,16,6,16,7,60
2,3077,3076,1791052871650905,1791052871652572,1667,0,16,13,13,3,13,4,30
2,3078,3077,1791052871700905,1791052871701868,963,0,17,11,11,2,11,3,20
2,3079,3078,1791052871750905,1791052871751781,876,0,18,7,7,2,7,3,20
2,3080,3079,1791052871800905,1791052871802329,1424,0,19,10,10,1,11,3,11
2,3081,3080,1791052871850905,1791052871852223,1318,0,0,7,7,1,7,2,10
2,3082,3081,1791052871900905,1791052871902903,1998,0,1,13,13,5,13,3,20
2,3083,3082,1791052871950905,1791052871952605,1700,0,2,8,8,2,8,3,20
2,3084,3083,1791052872000905,1791052872002281,1376,0,3,8,8,2,9,3,20
2,3085,3084,1791052872050905,1791052872051875,970,0,4,9,9,2,9,3,20
2,3086,3085,1791052872100905,1791052872102779,1874,0,5,9,9,3,9,4,30
2,3087,3086,1791052872150905,1791052872152262,1357,0,6,7,7,1,7,2,10
2,3088,3087,1791052872200905,1791052872202346,1441,0,7,11,11,3,11,4,30
2,3089,3088,1791052872250905,1791052872252353,1448,0,8,6,6,1,6,0,0
2,3090,3089,1791052872300905,1791052872302342,1437,0,9,12,12,3,12,3,20
2,3091,3090,1791052872350905,1791052872351772,867,0,10,10,10,4,10,4,30
2,3092,3091,1791052872400905,1791052872402435,1530,0,11,12,12,5,13,6,50
2,3093,3092,1791052872450905,1791052872452474,1569,0,12,10,10,2,10,3,20
2,3094,3093,1791052872500905,1791052872502387,1482,0,13,10,10,3,10,4,30
2,3095,3094,1791052872550905,1791052872552314,1409,0,14,11,11,3,11,3,20
2,3096,3095,1791052872600905,1791052872602366,1461,0,15,16,16,6,17,8,61
2,3097,3096,1791052872650905,1791052872652709,1804,0,16,13,13,3,13,4,30
2,3098,3097,1791052872700905,1791052872702593,1688,0,17,11,11,2,11,3,20
2,3099,3098,1791052872750905,1791052872752233,1328,0,18,7,7,2,7,3,20
2,3100,3099,1791052872800905,1791052872802356,1451,0,19,10,10,1,10,2,10
2,3101,3100,1791052872850905,1791052872852069,1164,0,0,7,7,1,7,2,10
2,3102,3101,1791052872900905,1791052872901977,1072,0,1,13,13,5,13,4,20
2,3103,3102,1791052872950905,1791052872951882,977,0,2,8,8,2,8,3,20
2,3104,3103,1791052873000905,1791052873002354,1449,0,3,8,8,2,9,4,21
2,3105,3104,1791052873050905,1791052873051988,1083,0,4,9,9,2,9,3,20
2,3106,3105,1791052873100905,1791052873101911,1006,0,5,9,9,3,9,4,30
2,3107,3106,1791052873150905,1791052873151906,1001,0,6,7,7,1,7,2,10
2,3108,3107,1791052873200905,1791052873202347,1442,0,7,11,11,3,11,4,30
2,3109,3108,1791052873250905,1791052873252332,1427,0,8,6,6,1,6,0,0
2,3110,3109,1791052873300905,1791052873302232,1327,0,9,12,12,3,12,3,20
2,3111,3110,1791052873350905,1791052873352390,1485,0,10,10,10,4,10,4,30
2,3112,3111,1791052873400905,1791052873402498,1593,0,11,12,12,5,13,7,51
2,3113,3112,1791052873450905,1791052873452582,1677,0,12,10,10,2,10,3,20
2,3114,3113,1791052873500905,1791052873502723,1818,0,13,10,10,3,10,4,30
2,3115,3114,1791052873550905,1791052873551863,958,0,14,11,11,3,11,3,20
2,3116,3115,1791052873600905,1791052873602378,1473,0,15,16,16,6,16,7,60
2,3117,3116,1791052873650905,1791052873652353,1448,0,16,13,13,3,13,4,30
2,3118,3117,1791052873700905,1791052873702533,1628,0,17,11,11,2,11,3,20
2,3119,3118,1791052873750905,1791052873752556,1651,0,18,7,7,2,7,3,20
2,3120,3119,1791052873800905,1791052873802392,1487,0,19,10,10,1,11,3,11
2,3121,3120,1791052873850905,1791052873852330,1425,0,0,7,7,1,7,2,10
2,3122,3121,1791052873900905,1791052873902445,1540,0,1,13,13,5,13,3,20
2,3123,3122,1791052873950905,1791052873951825,920,0,2,8,8,2,8,3,20
2,3124,3123,1791052874000905,1791052874002449,1544,0,3,8,8,2,9,3,20
2,3125,3124,1791052874050905,1791052874052455,1550,0,4,9,9,2,9,3,20
2,3126,3125,1791052874100905,1791052874102454,1549,0,5,9,9,3,9,4,30
2,3127,3126,1791052874150905,1791052874152345,1440,0,6,7,7,1,7,2,10
2,3128,3127,1791052874200905,1791052874202371,1466,0,7,11,11,3,11,4,30
2,3129,3128,1791052874250905,1791052874252509,1604,0,8,6,6,1,6,0,0
2,3130,3129,1791052874300905,1791052874302673,1768,0,9,12,12,3,12,3,20
2,3131,3130,1791052874350905,1791052874352762,1857,0,10,10,10,4,10,4,30
2,3132,3131,1791052874400905,1791052874402463,1558,0,11,12,12,5,13,6,50
2,3133,3132,1791052874450905,1791052874452647,1742,0,12,10,10,2,10,3,20
2,3134,3133,1791052874500905,1791052874502478,1573,0,13,10,10,3,10,4,30
2,3135,3134,1791052874550905,1791052874551822,917,0,14,11,11,3,11,3,20
2,3136,3135,1791052874600905,1791052874602637,1732,0,15,16,16,6,17,8,61
2,3137,3136,1791052874650905,1791052874652385,1480,0,16,13,13,3,13,4,30
2,3138,3137,1791052874700905,1791052874702420,1515,0,17,11,11,2,11,3,20
2,3139,3138,1791052874750905,1791052874752294,1389,0,18,7,7,2,7,3,20
2,3140,3139,1791052874800905,1791052874802386,1481,0,19,10,10,1,10,2,10
2,3141,3140,1791052874850905,1791052874851962,1057,0,0,7,7,1,7,2,10
2,3142,3141,1791052874900905,1791052874902522,1617,0,1,13,13,5,13,4,20
2,3143,3142,1791052874950905,1791052874952779,1874,0,2,8,8,2,8,3,20
2,3144,3143,1791052875000905,1791052875002466,1561,0,3,8,8,2,9,4,21
2,3145,3144,1791052875050905,1791052875052758,1853,0,4,9,9,2,9,3,20
2,3146,3145,1791052875100905,1791052875101757,852,0,5,9,9,3,9,4,30
2,3147,3146,1791052875150905,1791052875152022,1117,0,6,7,7,1,7,2,10
2,3148,3147,1791052875200905,1791052875202393,1488,0,7,11,11,3,11,4,30
2,3149,3148,1791052875250905,1791052875252474,1569,0,8,6,6,1,6,0,0
2,3150,3149,1791052875300905,1791052875302280,1375,0,9,12,12,3,12,3,20
2,3151,3150,1791052875350905,1791052875352150,1245,0,10,10,10,4,10,4,30
2,3152,3151,1791052875400905,1791052875402555,1650,0,11,12,12,5,13,7,51
2,3153,3152,1791052875450905,1791052875451902,997,0,12,10,10,2,10,3,20
2,3154,3153,1791052875500905,1791052875502790,1885,0,13,10,10,3,10,4,30
2,3155,3154,1791052875550905,1791052875552433,1528,0,14,11,11,3,11,3,20
2,3156,3155,1791052875600905,1791052875602433,1528,0,15,16,16,6,16,7,60
2,3157,3156,1791052875650905,1791052875652773,1868,0,16,13,13,3,13,4,30
2,3158,3157,1791052875700905,1791052875702221,1316,0,17,11,11,2,11,3,20
2,3159,3158,1791052875750905,1791052875752783,1878,0,18,7,7,2,7,3,20
2,3160,3159,1791052875800905,1791052875802580,1675,0,19,10,10,1,11,3,11
2,3161,3160,1791052875850905,1791052875852579,1674,0,0,7,7,1,7,2,10
2,3162,3161,1791052875900905,1791052875902760,1855,0,1,13,13,5,13,3,20
2,3163,3162,1791052875950905,1791052875952603,1698,0,2,8,8,2,8,3,20
2,3164,3163,1791052876000905,1791052876002411,1506,0,3,8,8,2,8,3,20
2,3165,3164,1791052876050905,1791052876052403,1498,0,4,9,9,2,9,3,20
2,3166,3165,1791052876100905,1791052876102418,1513,0,5,9,9,3,9,4,30
2,3167,3166,1791052876150905,1791052876152545,1640,0,6,7,7,1,7,2,10
2,3168,3167,1791052876200905,1791052876202409,1504,0,7,11,11,3,12,5,31
2,3169,3168,1791052876250905,1791052876252241,1336,0,8,6,6,1,6,0,0
2,3170,3169,1791052876300905,1791052876302780,1875,0,9,12,12,3,12,3,20
2,3171,3170,1791052876350905,1791052876352682,1777,0,10,10,10,4,10,4,30
2,3172,3171,1791052876400905,1791052876402129,1224,0,11,12,12,5,12,6,50
2,3173,3172,1791052876450905,1791052876452027,1122,0,12,10,10,2,10,3,20
2,3174,3173,1791052876500905,1791052876501953,1048,0,13,10,10,3,10,4,30
2,3175,3174,1791052876550905,1791052876552348,1443,0,14,11,11,3,11,3,20
2,3176,3175,1791052876600905,1791052876602460,1555,0,15,16,16,6,17,8,61
2,3177,3176,1791052876650905,1791052876651876,971,0,16,13,13,3,13,4,30
2,3178,3177,1791052876700905,1791052876702367,1462,0,17,11,11,2,11,3,20
2,3179,3178,1791052876750905,1791052876752716,1811,0,18,7,7,2,7,3,20
2,3180,3179,1791052876800905,1791052876802486,1581,0,19,10,10,1,11,2,10
2,3181,3180,1791052876850905,1791052876852643,1738,0,0,7,7,1,7,2,10
2,3182,3181,1791052876900905,1791052876902661,1756,0,1,13,13,5,13,4,20
2,3183,3182,1791052876950905,1791052876952338,1433,0,2,8,8,2,8,3,20
2,3184,3183,1791052877000905,1791052877002442,1537,0,3,8,8,2,8,3,20
2,3185,3184,1791052877050905,1791052877052618,1713,0,4,9,9,2,9,3,20
2,3186,3185,1791052877100905,1791052877101825,920,0,5,9,9,3,9,4,30
2,3187,3186,1791052877150905,1791052877152052,1147,0,6,7,7,1,7,2,10
2,3188,3187,1791052877200905,1791052877202217,1312,0,7,11,11,3,12,4,30
2,3189,3188,1791052877250905,1791052877251719,814,0,8,6,6,1,6,0,0
2,3190,3189,1791052877300905,1791052877302456,1551,0,9,12,12,3,12,3,20
2,3191,3190,1791052877350905,1791052877352296,1391,0,10,10,10,4,10,4,30
2,3192,3191,1791052877400905,1791052877402357,1452,0,11,12,12,5,12,6,50
2,3193,3192,1791052877450905,1791052877452443,1538,0,12,10,10,2,10,3,20
2,3194,3193,1791052877500905,1791052877502600,1695,0,13,10,10,3,10,4,30
2,3195,3194,1791052877550905,1791052877551819,914,0,14,11,11,3,11,3,20
2,3196,3195,1791052877600905,1791052877602448,1543,0,15,16,16,6,17,7,60
2,3197,3196,1791052877650905,1791052877652793,1888,0,16,13,13,3,13,4,30
2,3198,3197,1791052877700905,1791052877702121,1216,0,17,11,11,2,11,3,20
2,3199,3198,1791052877750905,1791052877752362,1457,0,18,7,7,2,7,3,20
2,3200,3199,1791052877800905,1791052877802620,1715,0,19,10,10,1,11,3,11
2,3201,3200,1791052877850905,1791052877852774,1869,0,0,7,7,1,7,2,10
2,3202,3201,1791052877900905,1791052877901892,987,0,1,13,13,5,13,3,20
2,3203,3202,1791052877950905,1791052877952636,1731,0,2,8,8,2,8,3,20
2,3204,3203,1791052878000905,1791052878002405,1500,0,3,8,8,2,8,3,20
2,3205,3204,1791052878050905,1791052878052315,1410,0,4,9,9,2,9,3,20
2,3206,3205,1791052878100905,1791052878102538,1633,0,5,9,9,3,9,4,30
2,3207,3206,1791052878150905,1791052878152684,1779,0,6,7,7,1,7,2,10
2,3208,3207,1791052878200905,1791052878202398,1493,0,7,11,11,3,12,5,31
2,3209,3208,1791052878250905,1791052878252323,1418,0,8,6,6,1,6,0,0
2,3210,3209,1791052878300905,1791052878302564,1659,0,9,12,12,3,12,3,20
2,3211,3210,1791052878350905,1791052878352673,1768,0,10,10,10,4,10,4,30
2,3212,3211,1791052878400905,1791052878402277,1372,0,11,12,12,5,12,6,50
2,3213,3212,1791052878450905,1791052878452165,1260,0,12,10,10,2,10,3,20
2,3214,3213,1791052878500905,1791052878501869,964,0,13,10,10,3,10,4,30
2,3215,3214,1791052878550905,1791052878552594,1689,0,14,11,11,3,11,3,20
2,3216,3215,1791052878600905,1791052878602329,1424,0,15,16,16,6,17,8,61
2,3217,3216,1791052878650905,1791052878652319,1414,0,16,13,13,3,13,4,30
2,3218,3217,1791052878700905,1791052878702458,1553,0,17,11,11,2,11,3,20
2,3219,3218,1791052878750905,1791052878752615,1710,0,18,7,7,2,7,3,20
2,3220,3219,1791052878800905,1791052878802367,1462,0,19,10,10,1,11,2,10
2,3221,3220,1791052878850905,1791052878852194,1289,0,0,7,7,1,7,2,10
2,3222,3221,1791052878900905,1791052878902481,1576,0,1,13,13,5,13,4,20
2,3223,3222,1791052878950905,1791052878952496,1591,0,2,8,8,2,8,3,20
2,3224,3223,1791052879000905,1791052879002296,1391,0,3,8,8,2,9,4,21
2,3225,3224,1791052879050905,1791052879052032,1127,0,4,9,9,2,9,3,20
2,3226,3225,1791052879100905,1791052879102167,1262,0,5,9,9,3,9,4,30
2,3227,3226,1791052879150905,1791052879151915,1010,0,6,7,7,1,7,2,10
2,3228,3227,1791052879200905,1791052879202366,1461,0,7,11,11,3,12,4,30
2,3229,3228,1791052879250905,1791052879252503,1598,0,8,6,6,1,6,0,0
2,3230,3229,1791052879300905,1791052879302733,1828,0,9,12,12,3,12,4,20
2,3231,3230,1791052879350905,1791052879351769,864,0,10,10,10,4,10,5,30
2,3232,3231,1791052879400905,1791052879402332,1427,0,11,12,12,5,12,6,50
2,3233,3232,1791052879450905,1791052879452727,1822,0,12,10,10,2,10,3,20
2,3234,3233,1791052879500905,1791052879501865,960,0,13,10,10,3,10,4,30
2,3235,3234,1791052879550905,1791052879552221,1316,0,14,11,11,3,11,3,20
2,3236,3235,1791052879600905,1791052879602419,1514,0,15,16,16,6,17,7,60
2,3237,3236,1791052879650905,1791052879651832,927,0,16,13,13,3,13,4,30
2,3238,3237,1791052879700905,1791052879702487,1582,0,17,11,11,2,11,3,20
2,3239,3238,1791052879750905,1791052879751744,839,0,18,7,7,2,7,3,20
2,3240,3239,1791052879800905,1791052879802396,1491,0,19,10,10,1,11,3,11
2,3241,3240,1791052879850905,1791052879852632,1727,0,0,7,7,1,7,2,10
2,3242,3241,1791052879900905,1791052879902534,1629,0,1,13,13,5,13,3,20
2,3243,3242,1791052879950905,1791052879952501,1596,0,2,8,8,2,8,3,20
2,3244,3243,1791052880000905,1791052880002421,1516,0,3,8,8,2,9,3,20
2,3245,3244,1791052880050905,1791052880051990,1085,0,4,9,9,2,9,3,20
2,3246,3245,1791052880100905,1791052880101832,927,0,5,9,9,3,9,4,30
2,3247,3246,1791052880150905,1791052880152655,1750,0,6,7,7,1,7,2,10
2,3248,3247,1791052880200905,1791052880202395,1490,0,7,11,11,3,11,4,30
2,3249,3248,1791052880250905,1791052880252210,1305,0,8,6,6,1,6,0,0
2,3250,3249,1791052880300905,1791052880302244,1339,0,9,12,12,3,12,3,20
2,3251,3250,1791052880350905,1791052880352244,1339,0,10,10,10,4,10,5,30
2,3252,3251,1791052880400905,1791052880402128,1223,0,11,12,12,5,13,6,50
2,3253,3252,1791052880450905,1791052880452170,1265,0,12,10,10,2,10,3,20
2,3254,3253,1791052880500905,1791052880502173,1268,0,13,10,10,3,10,4,30
2,3255,3254,1791052880550905,1791052880552460,1555,0,14,11,11,3,11,3,20
2,3256,3255,1791052880600905,1791052880602308,1403,0,15,16,16,6,17,8,61
2,3257,3256,1791052880650905,1791052880652093,1188,0,16,13,13,3,13,4,30
2,3258,3257,1791052880700905,1791052880701915,1010,0,17,11,11,2,11,3,20
2,3259,3258,1791052880750905,1791052880752482,1577,0,18,7,7,2,7,3,20
2,3260,3259,1791052880800905,1791052880802238,1333,0,19,10,10,1,11,2,10
2,3261,3260,1791052880850905,1791052880852272,1367,0,0,7,7,1,7,2,10
2,3262,3261,1791052880900905,1791052880902268,1363,0,1,13,13,5,13,4,20
2,3263,3262,1791052880950905,1791052880952043,1138,0,2,8,8,2,8,3,20
2,3264,3263,1791052881000905,1791052881002439,1534,0,3,8,8,2,8,3,20
2,3265,3264,1791052881050905,1791052881052702,1797,0,4,9,9,2,9,3,20
2,3266,3265,1791052881100905,1791052881102777,1872,0,5,9,9,3,9,4,30
2,3267,3266,1791052881150905,1791052881152056,1151,0,6,7,7,1,7,2,10
2,3268,3267,1791052881200905,1791052881202465,1560,0,7,11,11,3,12,4,30
2,3269,3268,1791052881250905,1791052881252306,1401,0,8,6,6,1,6,0,0
2,3270,3269,1791052881300905,1791052881302510,1605,0,9,12,12,3,12,3,20
2,3271,3270,1791052881350905,1791052881352572,1667,0,10,10,10,4,10,4,30
2,3272,3271,1791052881400905,1791052881402454,1549,0,11,12,12,5,12,6,50
2,3273,3272,1791052881450905,1791052881452493,1588,0,12,10,10,2,10,3,20
2,3274,3273,1791052881500905,1791052881502506,1601,0,13,10,10,3,10,4,30
2,3275,3274,1791052881550905,1791052881552418,1513,0,14,11,11,3,11,3,20
2,3276,3275,1791052881600905,1791052881602399,1494,0,15,16,16,6,17,7,60
2,3277,3276,1791052881650905,1791052881652145,1240,0,16,13,13,3,13,4,30
2,3278,3277,1791052881700905,1791052881702495,1590,0,17,11,11,2,11,3,20
2,3279,3278,1791052881750905,1791052881752193,1288,0,18,7,7,2,7,3,20
2,3280,3279,1791052881800905,1791052881802464,1559,0,19,10,10,1,11,3,11
2,3281,3280,1791052881850905,1791052881852104,1199,0,0,7,7,1,7,2,10
2,3282,3281,1791052881900905,1791052881902267,1362,0,1,13,13,5,13,3,20
2,3283,3282,1791052881950905,1791052881952202,1297,0,2,8,8,2,8,3,20
2,3284,3283,1791052882000905,1791052882002367,1462,0,3,8,8,2,8,3,20
2,3285,3284,1791052882050905,1791052882052730,1825,0,4,9,9,2,9,3,20
2,3286,3285,1791052882100905,1791052882101902,997,0,5,9,9,3,9,4,30
2,3287,3286,1791052882150905,1791052882152457,1552,0,6,7,7,1,7,2,10
2,3288,3287,1791052882200905,1791052882202457,1552,0,7,11,11,3,12,5,31
2,3289,3288,1791052882250905,1791052882252594,1689,0,8,6,6,1,6,0,0
2,3290,3289,1791052882300905,1791052882302429,1524,0,9,12,12,3,12,3,20
2,3291,3290,1791052882350905,1791052882352308,1403,0,10,10,10,4,10,4,30
2,3292,3291,1791052882400905,1791052882402395,1490,0,11,12,12,5,12,6,50
2,3293,3292,1791052882450905,1791052882452107,1202,0,12,10,10,2,10,3,20
2,3294,3293,1791052882500905,1791052882502586,1681,0,13,10,10,3,10,4,30
2,3295,3294,1791052882550905,1791052882552535,1630,0,14,11,11,3,11,3,20
2,3296,3295,1791052882600905,1791052882602442,1537,0,15,16,16,6,17,8,61
2,3297,3296,1791052882650905,1791052882652548,1643,0,16,13,13,3,13,4,30
2,3298,3297,1791052882700905,1791052882702751,1846,0,17,11,11,2,11,3,20
2,3299,3298,1791052882750905,1791052882752805,1900,0,18,7,7,2,7,3,20
2,3300,3299,1791052882800905,1791052882801733,828,0,19,10,10,1,11,2,10
2,3301,3300,1791052882850905,1791052882852324,1419,0,0,7,7,1,7,2,10
2,3302,3301,1791052882900905,1791052882902694,1789,0,1,13,13,5,13,3,20
2,3303,3302,1791052882950905,1791052882952762,1857,0,2,8,8,2,8,3,20
2,3304,3303,1791052883000905,1791052883002343,1438,0,3,8,8,2,8,3,20
2,3305,3304,1791052883050905,1791052883052089,1184,0,4,9,9,2,9,3,20
2,3306,3305,1791052883100905,1791052883101962,1057,0,5,9,9,3,9,4,30
2,3307,3306,1791052883150905,1791052883151916,1011,0,6,7,7,1,7,2,10
2,3308,3307,1791052883200905,1791052883202303,1398,0,7,11,11,3,12,4,30
2,3309,3308,1791052883250905,1791052883252413,1508,0,8,6,6,1,6,0,0
2,3310,3309,1791052883300905,1791052883301749,844,0,9,12,12,3,12,3,20
2,3311,3310,1791052883350905,1791052883352065,1160,0,10,10,10,4,10,4,30
2,3312,3311,1791052883400905,1791052883402369,1464,0,11,12,12,5,12,6,50
2,3313,3312,1791052883450905,1791052883452683,1778,0,12,10,10,2,10,3,20
2,3314,3313,1791052883500905,1791052883501821,916,0,13,10,10,3,10,4,30
2,3315,3314,1791052883550905,1791052883552687,1782,0,14,11,11,3,11,3,20
2,3316,3315,1791052883600905,1791052883602220,1315,0,15,16,16,6,17,7,60
2,3317,3316,1791052883650905,1791052883652671,1766,0,16,13,13,3,13,4,30
2,3318,3317,1791052883700905,1791052883701952,1047,0,17,11,11,2,11,3,20
2,3319,3318,1791052883750905,1791052883751840,935,0,18,7,7,2,7,3,20
2,3320,3319,1791052883800905,1791052883802421,1516,0,19,10,10,1,10,2,10
2,3321,3320,1791052883850905,1791052883852383,1478,0,0,7,7,1,7,2,10
2,3322,3321,1791052883900905,1791052883902320,1415,0,1,13,13,5,13,4,20
2,3323,3322,1791052883950905,1791052883952354,1449,0,2,8,8,2,8,3,20
2,3324,3323,1791052884000905,1791052884002209,1304,0,3,8,8,2,9,3,20
2,3325,3324,1791052884050905,1791052884052567,1662,0,4,9,9,2,9,3,20
2,3326,3325,1791052884100905,1791052884101888,983,0,5,9,9,3,9,4,30
2,3327,3326,1791052884150905,1791052884152133,1228,0,6,7,7,1,7,2,10
2,3328,3327,1791052884200905,1791052884202360,1455,0,7,11,11,3,12,5,31
2,3329,3328,1791052884250905,1791052884252572,1667,0,8,6,6,1,6,0,0
2,3330,3329,1791052884300905,1791052884301993,1088,0,9,12,12,3,12,3,20
2,3331,3330,1791052884350905,1791052884352043,1138,0,10,10,10,4,10,4,30
2,3332,3331,1791052884400905,1791052884402162,1257,0,11,12,12,5,12,6,50
2,3333,3332,1791052884450905,1791052884451846,941,0,12,10,10,2,10,3,20
2,3334,3333,1791052884500905,1791052884501830,925,0,13,10,10,3,10,4,30
2,3335,3334,1791052884550905,1791052884552144,1239,0,14,11,11,3,11,3,20
2,3336,3335,1791052884600905,1791052884602404,1499,0,15,16,16,6,17,8,61
2,3337,3336,1791052884650905,1791052884651772,867,0,16,13,13,3,13,4,30
2,3338,3337,1791052884700905,1791052884702289,1384,0,17,11,11,2,11,3,20
2,3339,3338,1791052884750905,1791052884752643,1738,0,18,7,7,2,7,3,20
2,3340,3339,1791052884800905,1791052884802309,1404,0,19,10,10,1,10,2,10
2,3341,3340,1791052884850905,1791052884852586,1681,0,0,7,7,1,7,2,10
2,3342,3341,1791052884900905,1791052884902091,1186,0,1,13,13,5,13,3,20
2,3343,3342,1791052884950905,1791052884952429,1524,0,2,8,8,2,8,3,20
2,3344,3343,1791052885000905,1791052885002237,1332,0,3,8,8,2,9,4,21
2,3345,3344,1791052885050905,1791052885052100,1195,0,4,9,9,2,9,3,20
2,3346,3345,1791052885100905,1791052885102309,1404,0,5,9,9,3,9,4,30
2,3347,3346,1791052885150905,1791052885152016,1111,0,6,7,7,1,7,2,10
2,3348,3347,1791052885200905,1791052885202211,1306,0,7,11,11,3,12,4,30
2,3349,3348,1791052885250905,1791052885252393,1488,0,8,6,6,1,6,0,0
2,3350,3349,1791052885300905,1791052885301766,861,0,9,12,12,3,12,3,20
2,3351,3350,1791052885350905,1791052885352029,1124,0,10,10,10,4,10,5,30
2,3352,3351,1791052885400905,1791052885402363,1458,0,11,12,12,5,12,6,50
2,3353,3352,1791052885450905,1791052885452519,1614,0,12,10,10,2,10,3,20
2,3354,3353,1791052885500905,1791052885502078,1173,0,13,10,10,3,10,4,30
2,3355,3354,1791052885550905,1791052885552513,1608,0,14,11,11,3,11,3,20
2,3356,3355,1791052885600905,1791052885602370,1465,0,15,16,16,6,17,7,60
2,3357,3356,1791052885650905,1791052885651915,1010,0,16,13,13,3,13,4,30
2,3358,3357,1791052885700905,1791052885702563,1658,0,17,11,11,2,11,3,20
2,3359,3358,1791052885750905,1791052885752674,1769,0,18,7,7,2,7,3,20
2,3360,3359,1791052885800905,1791052885802270,1365,0,19,10,10,1,11,3,11
2,3361,3360,1791052885850905,1791052885852236,1331,0,0,7,7,1,7,2,10
2,3362,3361,1791052885900905,1791052885902161,1256,0,1,13,13,5,13,4,20
2,3363,3362,1791052885950905,1791052885952527,1622,0,2,8,8,2,8,3,20
2,3364,3363,1791052886000905,1791052886002309,1404,0,3,8,8,2,8,3,20
2,3365,3364,1791052886050905,1791052886052252,1347,0,4,9,9,2,9,3,20
2,3366,3365,1791052886100905,1791052886102283,1378,0,5,9,9,3,9,4,30
2,3367,3366,1791052886150905,1791052886152316,1411,0,6,7,7,1,7,2,10
2,3368,3367,1791052886200905,1791052886202359,1454,0,7,11,11,3,12,5,31
2,3369,3368,1791052886250905,1791052886252593,1688,0,8,6,6,1,6,0,0
2,3370,3369,1791052886300905,1791052886302617,1712,0,9,12,12,3,12,3,20
2,3371,3370,1791052886350905,1791052886351935,1030,0,10,10,10,4,10,4,30
2,3372,3371,1791052886400905,1791052886402195,1290,0,11,12,12,5,12,6,50
2,3373,3372,1791052886450905,1791052886452459,1554,0,12,10,10,2,10,3,20
2,3374,3373,1791052886500905,1791052886502757,1852,0,13,10,10,3,10,4,30
2,3375,3374,1791052886550905,1791052886551884,979,0,14,11,11,3,11,3,20
2,3376,3375,1791052886600905,1791052886602315,1410,0,15,16,16,6,17,8,61
2,3377,3376,1791052886650905,1791052886652501,1596,0,16,13,13,3,13,4,30
2,3378,3377,1791052886700905,1791052886702215,1310,0,17,11,11,2,11,3,20
2,3379,3378,1791052886750905,1791052886751954,1049,0,18,7,7,2,7,3,20
2,3380,3379,1791052886800905,1791052886802381,1476,0,19,10,10,1,11,2,10
2,3381,3380,1791052886850905,1791052886851811,906,0,0,7,7,1,7,2,10
2,3382,3381,1791052886900905,1791052886902091,1186,0,1,13,13,5,13,3,20
2,3383,3382,1791052886950905,1791052886952455,1550,0,2,8,8,2,8,3,20
2,3384,3383,1791052887000905,1791052887002380,1475,0,3,8,8,2,8,3,20
2,3385,3384,1791052887050905,1791052887051935,1030,0,4,9,9,2,9,3,20
2,3386,3385,1791052887100905,1791052887102116,1211,0,5,9,9,3,9,4,30
2,3387,3386,1791052887150905,1791052887151872,967,0,6,7,7,1,7,2,10
2,3388,3387,1791052887200905,1791052887202241,1336,0,7,11,11,3,12,4,30
2,3389,3388,1791052887250905,1791052887252438,1533,0,8,6,6,1,6,0,0
2,3390,3389,1791052887300905,1791052887302476,1571,0,9,12,12,3,12,3,20
2,3391,3390,1791052887350905,1791052887352422,1517,0,10,10,10,4,10,4,30
2,3392,3391,1791052887400905,1791052887402456,1551,0,11,12,12,5,13,7,51
2,3393,3392,1791052887450905,1791052887452765,1860,0,12,10,10,2,10,3,20
2,3394,3393,1791052887500905,1791052887501963,1058,0,13,10,10,3,10,4,30
2,3395,3394,1791052887550905,1791052887552100,1195,0,14,11,11,3,11,3,20
2,3396,3395,1791052887600905,1791052887602363,1458,0,15,16,16,6,16,7,60
2,3397,3396,1791052887650905,1791052887652126,1221,0,16,13,13,3,13,4,30
2,3398,3397,1791052887700905,1791052887702116,1211,0,17,11,11,2,11,3,20
2,3399,3398,1791052887750905,1791052887752255,1350,0,18,7,7,2,7,3,20
2,3400,3399,1791052887800905,1791052887802375,1470,0,19,10,10,1,11,3,11
2,3401,3400,1791052887850905,1791052887852218,1313,0,0,7,7,1,7,2,10
2,3402,3401,1791052887900905,1791052887902039,1134,0,1,13,13,5,13,4,20
2,3403,3402,1791052887950905,1791052887952200,1295,0,2,8,8,2,8,3,20
2,3404,3403,1791052888000905,1791052888002346,1441,0,3,8,8,2,8,3,20
2,3405,3404,1791052888050905,1791052888052663,1758,0,4,9,9,2,9,3,20
2,3406,3405,1791052888100905,1791052888101982,1077,0,5,9,9,3,9,4,30
2,3407,3406,1791052888150905,1791052888152268,1363,0,6,7,7,1,7,2,10
2,3408,3407,1791052888200905,1791052888202317,1412,0,7,11,11,3,12,5,31
2,3409,3408,1791052888250905,1791052888252575,1670,0,8,6,6,1,6,0,0
2,3410,3409,1791052888300905,1791052888302765,1860,0,9,12,12,3,12,3,20
2,3411,3410,1791052888350905,1791052888352152,1247,0,10,10,10,4,10,4,30
2,3412,3411,1791052888400905,1791052888402319,1414,0,11,12,12,5,12,6,50
2,3413,3412,1791052888450905,1791052888451807,902,0,12,10,10,2,10,3,20
2,3414,3413,1791052888500905,1791052888502484,1579,0,13,10,10,3,10,4,30
2,3415,3414,1791052888550905,1791052888552553,1648,0,14,11,11,3,11,4,20
2,3416,3415,1791052888600905,1791052888602167,1262,0,15,16,16,6,17,8,61
2,3417,3416,1791052888650905,1791052888652402,1497,0,16,13,13,3,13,4,30
2,3418,3417,1791052888700905,1791052888701965,1060,0,17,11,11,2,11,3,20
2,3419,3418,1791052888750905,1791052888752147,1242,0,18,7,7,2,7,3,20
2,3420,3419,1791052888800905,1791052888802417,1512,0,19,10,10,1,11,2,10
2,3421,3420,1791052888850905,1791052888851831,926,0,0,7,7,1,7,2,10
2,3422,3421,1791052888900905,1791052888902130,1225,0,1,13,13,5,13,3,20
2,3423,3422,1791052888950905,1791052888952588,1683,0,2,8,8,2,8,3,20
2,3424,3423,1791052889000905,1791052889002535,1630,0,3,8,8,2,9,4,21
2,3425,3424,1791052889050905,1791052889052092,1187,0,4,9,9,2,9,3,20
2,3426,3425,1791052889100905,1791052889102306,1401,0,5,9,9,3,9,4,30
2,3427,3426,1791052889150905,1791052889151818,913,0,6,7,7,1,7,2,10
2,3428,3427,1791052889200905,1791052889202297,1392,0,7,11,11,3,12,4,30
2,3429,3428,1791052889250905,1791052889252236,1331,0,8,6,6,1,6,0,0
2,3430,3429,1791052889300905,1791052889302234,1329,0,9,12,12,3,12,3,20
2,3431,3430,1791052889350905,1791052889352643,1738,0,10,10,10,4,10,5,30
2,3432,3431,1791052889400905,1791052889402388,1483,0,11,12,12,5,12,6,50
2,3433,3432,1791052889450905,1791052889452161,1256,0,12,10,10,2,10,3,20
2,3434,3433,1791052889500905,1791052889502079,1174,0,13,10,10,3,10,4,30
2,3435,3434,1791052889550905,1791052889551933,1028,0,14,11,11,3,11,3,20
2,3436,3435,1791052889600905,1791052889602529,1624,0,15,16,16,6,17,7,60
2,3437,3436,1791052889650905,1791052889652669,1764,0,16,13,13,3,13,4,30
2,3438,3437,1791052889700905,1791052889701983,1078,0,17,11,11,2,11,3,20
2,3439,3438,1791052889750905,1791052889752272,1367,0,18,7,7,2,7,3,20
2,3440,3439,1791052889800905,1791052889802367,1462,0,19,10,10,1,10,2,10
2,3441,3440,1791052889850905,1791052889852039,1134,0,0,7,7,1,7,2,10
2,3442,3441,1791052889900905,1791052889902046,1141,0,1,13,13,5,13,3,20
2,3443,3442,1791052889950905,1791052889951959,1054,0,2,8,8,2,8,3,20
2,3444,3443,1791052890000905,1791052890002455,1550,0,3,8,8,2,9,3,20
2,3445,3444,1791052890050905,1791052890052678,1773,0,4,9,9,2,9,3,20
2,3446,3445,1791052890100905,1791052890102404,1499,0,5,9,9,3,9,4,30
2,3447,3446,1791052890150905,1791052890152047,1142,0,6,7,7,1,7,2,10
2,3448,3447,1791052890200905,1791052890202475,1570,0,7,11,11,3,12,5,31
2,3449,3448,1791052890250905,1791052890252014,1109,0,8,6,6,1,6,0,0
2,3450,3449,1791052890300905,1791052890301885,980,0,9,12,12,3,12,4,20
2,3451,3450,1791052890350905,1791052890352687,1782,0,10,10,10,4,10,4,30
2,3452,3451,1791052890400905,1791052890402381,1476,0,11,12,12,5,12,6,50
2,3453,3452,1791052890450905,1791052890452270,1365,0,12,10,10,2,10,3,20
2,3454,3453,1791052890500905,1791052890502595,1690,0,13,10,10,3,10,4,30
2,3455,3454,1791052890550905,1791052890552541,1636,0,14,11,11,3,11,3,20
2,3456,3455,1791052890600905,1791052890602210,1305,0,15,16,16,6,17,8,61
2,3457,3456,1791052890650905,1791052890652120,1215,0,16,13,13,3,13,4,30
2,3458,3457,1791052890700905,1791052890702259,1354,0,17,11,11,2,11,3,20
2,3459,3458,1791052890750905,1791052890752488,1583,0,18,7,7,2,7,3,20
2,3460,3459,1791052890800905,1791052890802356,1451,0,19,10,10,1,11,2,10
2,3461,3460,1791052890850905,1791052890852525,1620,0,0,7,7,1,7,2,10
2,3462,3461,1791052890900905,1791052890902587,1682,0,1,13,13,5,13,3,20
2,3463,3462,1791052890950905,1791052890952546,1641,0,2,8,8,2,8,3,20
2,3464,3463,1791052891000905,1791052891002332,1427,0,3,8,8,2,8,3,20
2,3465,3464,1791052891050905,1791052891051993,1088,0,4,9,9,2,9,3,20
2,3466,3465,1791052891100905,1791052891101908,1003,0,5,9,9,3,9,4,30
2,3467,3466,1791052891150905,1791052891152632,1727,0,6,7,7,1,7,2,10
2,3468,3467,1791052891200905,1791052891202398,1493,0,7,11,11,3,12,4,30
2,3469,3468,1791052891250905,1791052891252095,1190,0,8,6,6,1,6,0,0
2,3470,3469,1791052891300905,1791052891301934,1029,0,9,12,12,3,12,3,20
2,3471,3470,1791052891350905,1791052891351803,898,0,10,10,10,4,10,5,30
2,3472,3471,1791052891400905,1791052891402370,1465,0,11,12,12,5,12,6,50
2,3473,3472,1791052891450905,1791052891452313,1408,0,12,10,10,2,10,3,20
2,3474,3473,1791052891500905,1791052891502435,1530,0,13,10,10,3,10,4,30
2,3475,3474,1791052891550905,1791052891552714,1809,0,14,11,11,3,11,3,20
2,3476,3475,1791052891600905,1791052891602473,1568,0,15,16,16,6,17,7,60
2,3477,3476,1791052891650905,1791052891652409,1504,0,16,13,13,3,13,4,30
2,3478,3477,1791052891700905,1791052891702789,1884,0,17,11,11,2,11,3,20
2,3479,3478,1791052891750905,1791052891752355,1450,0,18,7,7,2,7,3,20
2,3480,3479,1791052891800905,1791052891802376,1471,0,19,10,10,1,10,2,10
2,3481,3480,1791052891850905,1791052891852510,1605,0,0,7,7,1,7,2,10
2,3482,3481,1791052891900905,1791052891902672,1767,0,1,13,13,5,13,4,20
2,3483,3482,1791052891950905,1791052891952636,1731,0,2,8,8,2,8,3,20
2,3484,3483,1791052892000905,1791052892002714,1809,0,3,8,8,2,9,3,20
2,3485,3484,1791052892050905,1791052892051940,1035,0,4,9,9,2,9,3,20
2,3486,3485,1791052892100905,1791052892102716,1811,0,5,9,9,3,9,4,30
2,3487,3486,1791052892150905,1791052892152231,1326,0,6,7,7,1,7,2,10
2,3488,3487,1791052892200905,1791052892202426,1521,0,7,11,11,3,11,4,30
2,3489,3488,1791052892250905,1791052892252681,1776,0,8,6,6,1,6,0,0
2,3490,3489,1791052892300905,1791052892302510,1605,0,9,12,12,3,12,3,20
2,3491,3490,1791052892350905,1791052892352399,1494,0,10,10,10,4,10,4,30
2,3492,3491,1791052892400905,1791052892402380,1475,0,11,12,12,5,13,6,50
2,3493,3492,1791052892450905,1791052892452336,1431,0,12,10,10,2,10,3,20
2,3494,3493,1791052892500905,1791052892502006,1101,0,13,10,10,3,10,4,30
2,3495,3494,1791052892550905,1791052892552056,1151,0,14,11,11,3,11,3,20
2,3496,3495,1791052892600905,1791052892602347,1442,0,15,16,16,6,16,7,60
2,3497,3496,1791052892650905,1791052892651970,1065,0,16,13,13,3,13,4,30
2,3498,3497,1791052892700905,1791052892702422,1517,0,17,11,11,2,11,3,20
2,3499,3498,1791052892750905,1791052892752411,1506,0,18,7,7,2,7,3,20
2,3500,3499,1791052892800905,1791052892802313,1408,0,19,10,10,1,11,2,10
2,3501,3500,1791052892850905,1791052892852277,1372,0,0,7,7,1,7,2,10
2,3502,3501,1791052892900905,1791052892901812,907,0,1,13,13,5,13,3,20
2,3503,3502,1791052892950905,1791052892952421,1516,0,2,8,8,2,8,3,20
2,3504,3503,1791052893000905,1791052893002384,1479,0,3,8,8,2,8,3,20
2,3505,3504,1791052893050905,1791052893052307,1402,0,4,9,9,2,9,3,20
2,3506,3505,1791052893100905,1791052893102666,1761,0,5,9,9,3,9,4,30
2,3507,3506,1791052893150905,1791052893152506,1601,0,6,7,7,1,7,2,10
2,3508,3507,1791052893200905,1791052893202429,1524,0,7,11,11,3,12,4,30
2,3509,3508,1791052893250905,1791052893252641,1736,0,8,6,6,1,6,0,0
2,3510,3509,1791052893300905,1791052893302584,1679,0,9,12,12,3,12,3,20
2,3511,3510,1791052893350905,1791052893352496,1591,0,10,10,10,4,10,5,30
2,3512,3511,1791052893400905,1791052893402409,1504,0,11,12,12,5,13,7,51
2,3513,3512,1791052893450905,1791052893452335,1430,0,12,10,10,2,10,3,20
2,3514,3513,1791052893500905,1791052893502385,1480,0,13,10,10,3,10,4,30
2,3515,3514,1791052893550905,1791052893552404,1499,0,14,11,11,3,11,4,20
2,3516,3515,1791052893600905,1791052893602403,1498,0,15,16,16,6,16,7,60
2,3517,3516,1791052893650905,1791052893652559,1654,0,16,13,13,3,13,4,30
2,3518,3517,1791052893700905,1791052893702286,1381,0,17,11,11,2,11,3,20
2,3519,3518,1791052893750905,1791052893751896,991,0,18,7,7,2,7,3,20
2,3520,3519,1791052893800905,1791052893802183,1278,0,19,10,10,1,11,3,11
2,3521,3520,1791052893850905,1791052893851977,1072,0,0,7,7,1,7,2,10
2,3522,3521,1791052893900905,1791052893902537,1632,0,1,13,13,5,13,3,20
2,3523,3522,1791052893950905,1791052893952648,1743,0,2,8,8,2,8,3,20
2,3524,3523,1791052894000905,1791052894002388,1483,0,3,8,8,2,9,3,20
2,3525,3524,1791052894050905,1791052894052242,1337,0,4,9,9,2,9,3,20
2,3526,3525,1791052894100905,1791052894102019,1114,0,5,9,9,3,9,4,30
2,3527,3526,1791052894150905,1791052894152699,1794,0,6,7,7,1,7,2,10
2,3528,3527,1791052894200905,1791052894202250,1345,0,7,11,11,3,11,4,30
2,3529,3528,1791052894250905,1791052894251829,924,0,8,6,6,1,6,0,0
2,3530,3529,1791052894300905,1791052894302643,1738,0,9,12,12,3,12,3,20
2,3531,3530,1791052894350905,1791052894352267,1362,0,10,10,10,4,10,4,30
2,3532,3531,1791052894400905,1791052894402124,1219,0,11,12,12,5,13,6,50
2,3533,3532,1791052894450905,1791052894452438,1533,0,12,10,10,2,10,3,20
2,3534,3533,1791052894500905,1791052894502722,1817,0,13,10,10,3,10,4,30
2,3535,3534,1791052894550905,1791052894552645,1740,0,14,11,11,3,11,3,20
2,3536,3535,1791052894600905,1791052894602308,1403,0,15,16,16,6,16,7,60
2,3537,3536,1791052894650905,1791052894652157,1252,0,16,13,13,3,13,4,30
2,3538,3537,1791052894700905,1791052894701971,1066,0,17,11,11,2,11,3,20
2,3539,3538,1791052894750905,1791052894752027,1122,0,18,7,7,2,7,3,20
2,3540,3539,1791052894800905,1791052894802220,1315,0,19,10,10,1,11,2,10
2,3541,3540,1791052894850905,1791052894852432,1527,0,0,7,7,1,7,2,10
2,3542,3541,1791052894900905,1791052894902166,1261,0,1,13,13,5,13,3,20
2,3543,3542,1791052894950905,1791052894952292,1387,0,2,8,8,2,8,3,20
2,3544,3543,1791052895000905,1791052895002381,1476,0,3,8,8,2,8,3,20
2,3545,3544,1791052895050905,1791052895052488,1583,0,4,9,9,2,9,3,20
2,3546,3545,1791052895100905,1791052895102644,1739,0,5,9,9,3,9,4,30
2,3547,3546,1791052895150905,1791052895151728,823,0,6,7,7,1,7,2,10
2,3548,3547,1791052895200905,1791052895202128,1223,0,7,11,11,3,12,4,30
2,3549,3548,1791052895250905,1791052895252317,1412,0,8,6,6,1,6,0,0
2,3550,3549,1791052895300905,1791052895302616,1711,0,9,12,12,3,12,3,20
2,3551,3550,1791052895350905,1791052895351901,996,0,10,10,10,4,10,4,30
2,3552,3551,1791052895400905,1791052895402291,1386,0,11,12,12,5,13,7,51
2,3553,3552,1791052895450905,1791052895452611,1706,0,12,10,10,2,10,3,20
2,3554,3553,1791052895500905,1791052895502119,1214,0,13,10,10,3,10,4,30
2,3555,3554,1791052895550905,1791052895552292,1387,0,14,11,11,3,11,3,20
2,3556,3555,1791052895600905,1791052895602366,1461,0,15,16,16,6,17,7,60
2,3557,3556,1791052895650905,1791052895652543,1638,0,16,13,13,3,13,4,30
2,3558,3557,1791052895700905,1791052895702715,1810,0,17,11,11,2,11,3,20
2,3559,3558,1791052895750905,1791052895751879,974,0,18,7,7,2,7,3,20
2,3560,3559,1791052895800905,1791052895802323,1418,0,19,10,10,1,11,3,11
2,3561,3560,1791052895850905,1791052895852099,1194,0,0,7,7,1,7,2,10
2,3562,3561,1791052895900905,1791052895901815,910,0,1,13,13,5,13,3,20
2,3563,3562,1791052895950905,1791052895952648,1743,0,2,8,8,2,8,3,20
2,3564,3563,1791052896000905,1791052896002309,1404,0,3,8,8,2,8,3,20
2,3565,3564,1791052896050905,1791052896052052,1147,0,4,9,9,2,9,3,20
2,3566,3565,1791052896100905,1791052896102380,1475,0,5,9,9,3,9,4,30
2,3567,3566,1791052896150905,1791052896152741,1836,0,6,7,7,1,7,2,10
2,3568,3567,1791052896200905,1791052896202345,1440,0,7,11,11,3,12,5,31
2,3569,3568,1791052896250905,1791052896252522,1617,0,8,6,6,1,6,0,0
2,3570,3569,1791052896300905,1791052896301803,898,0,9,12,12,3,12,3,20
2,3571,3570,1791052896350905,1791052896351948,1043,0,10,10,10,4,10,4,30
2,3572,3571,1791052896400905,1791052896402480,1575,0,11,12,12,5,13,6,50
2,3573,3572,1791052896450905,1791052896452390,1485,0,12,10,10,2,10,3,20
2,3574,3573,1791052896500905,1791052896502668,1763,0,13,10,10,3,10,4,30
2,3575,3574,1791052896550905,1791052896552710,1805,0,14,11,11,3,11,3,20
2,3576,3575,1791052896600905,1791052896602339,1434,0,15,16,16,6,16,7,60
2,3577,3576,1791052896650905,1791052896651950,1045,0,16,13,13,3,13,4,30
2,3578,3577,1791052896700905,1791052896701882,977,0,17,11,11,2,11,3,20
2,3579,3578,1791052896750905,1791052896752333,1428,0,18,7,7,2,7,3,20
2,3580,3579,1791052896800905,1791052896802494,1589,0,19,10,10,1,11,2,10
2,3581,3580,1791052896850905,1791052896852593,1688,0,0,7,7,1,7,2,10
2,3582,3581,1791052896900905,1791052896902824,1919,0,1,13,13,5,13,3,20
2,3583,3582,1791052896950905,1791052896951908,1003,0,2,8,8,2,8,3,20
2,3584,3583,1791052897000905,1791052897002496,1591,0,3,8,8,2,9,4,21
2,3585,3584,1791052897050905,1791052897052764,1859,0,4,9,9,2,9,3,20
2,3586,3585,1791052897100905,1791052897102014,1109,0,5,9,9,3,9,4,30
2,3587,3586,1791052897150905,1791052897152762,1857,0,6,7,7,1,7,2,10
2,3588,3587,1791052897200905,1791052897202342,1437,0,7,11,11,3,11,4,30
2,3589,3588,1791052897250905,1791052897252399,1494,0,8,6,6,1,6,0,0
2,3590,3589,1791052897300905,1791052897301917,1012,0,9,12,12,3,12,3,20
2,3591,3590,1791052897350905,1791052897352137,1232,0,10,10,10,4,10,4,30
2,3592,3591,1791052897400905,1791052897402149,1244,0,11,12,12,5,13,7,51
2,3593,3592,1791052897450905,1791052897452000,1095,0,12,10,10,2,10,3,20
2,3594,3593,1791052897500905,1791052897502515,1610,0,13,10,10,3,10,4,30
2,3595,3594,1791052897550905,1791052897552401,1496,0,14,11,11,3,11,3,20
2,3596,3595,1791052897600905,1791052897602498,1593,0,15,16,16,6,17,7,60
2,3597,3596,1791052897650905,1791052897652494,1589,0,16,13,13,3,13,4,30
2,3598,3597,1791052897700905,1791052897702586,1681,0,17,11,11,2,11,3,20
2,3599,3598,1791052897750905,1791052897752639,1734,0,18,7,7,2,7,3,20
2,3600,3599,1791052897800905,1791052897802380,1475,0,19,10,10,1,10,2,10
2,3601,3600,1791052897850905,1791052897852127,1222,0,0,7,7,1,7,2,10
2,3602,3601,1791052897900905,1791052897902032,1127,0,1,13,13,5,13,3,20
2,3603,3602,1791052897950905,1791052897952429,1524,0,2,8,8,2,8,3,20
2,3604,3603,1791052898000905,1791052898002220,1315,0,3,8,8,2,9,3,20
2,3605,3604,1791052898050905,1791052898052657,1752,0,4,9,9,2,9,3,20
2,3606,3605,1791052898100905,1791052898101768,863,0,5,9,9,3,9,4,30
2,3607,3606,1791052898150905,1791052898152742,1837,0,6,7,7,1,7,2,10
2,3608,3607,1791052898200905,1791052898202379,1474,0,7,11,11,3,11,4,30
2,3609,3608,1791052898250905,1791052898252426,1521,0,8,6,6,1,6,0,0
2,3610,3609,1791052898300905,1791052898302385,1480,0,9,12,12,3,12,3,20
2,3611,3610,1791052898350905,1791052898352357,1452,0,10,10,10,4,10,4,30
2,3612,3611,1791052898400905,1791052898402326,1421,0,11,12,12,5,13,6,50
2,3613,3612,1791052898450905,1791052898452615,1710,0,12,10,10,2,10,3,20
2,3614,3613,1791052898500905,1791052898501891,986,0,13,10,10,3,10,4,30
2,3615,3614,1791052898550905,1791052898552213,1308,0,14,11,11,3,11,3,20
2,3616,3615,1791052898600905,1791052898602545,1640,0,15,16,16,6,17,8,61
2,3617,3616,1791052898650905,1791052898652301,1396,0,16,13,13,3,13,4,30
2,3618,3617,1791052898700905,1791052898701735,830,0,17,11,11,2,11,3,20
2,3619,3618,1791052898750905,1791052898751969,1064,0,18,7,7,2,7,3,20
2,3620,3619,1791052898800905,1791052898802348,1443,0,19,10,10,1,11,2,10
2,3621,3620,1791052898850905,1791052898852643,1738,0,0,7,7,1,7,2,10
2,3622,3621,1791052898900905,1791052898902254,1349,0,1,13,13,5,13,3,20
2,3623,3622,1791052898950905,1791052898952078,1173,0,2,8,8,2,8,3,20
2,3624,3623,1791052899000905,1791052899002707,1802,0,3,8,8,2,9,4,21
2,3625,3624,1791052899050905,1791052899052065,1160,0,4,9,9,2,9,3,20
2,3626,3625,1791052899100905,1791052899102136,1231,0,5,9,9,3,9,4,30
2,3627,3626,1791052899150905,1791052899151895,990,0,6,7,7,1,7,2,10
2,3628,3627,1791052899200905,1791052899202388,1483,0,7,11,11,3,11,4,30
2,3629,3628,1791052899250905,1791052899252663,1758,0,8,6,6,1,6,0,0
2,3630,3629,1791052899300905,1791052899302700,1795,0,9,12,12,3,12,3,20
2,3631,3630,1791052899350905,1791052899352653,1748,0,10,10,10,4,10,4,30
2,3632,3631,1791052899400905,1791052899402416,1511,0,11,12,12,5,13,7,51
2,3633,3632,1791052899450905,1791052899452578,1673,0,12,10,10,2,10,3,20
2,3634,3633,1791052899500905,1791052899502709,1804,0,13,10,10,3,10,4,30
2,3635,3634,1791052899550905,1791052899551886,981,0,14,11,11,3,11,3,20
2,3636,3635,1791052899600905,1791052899602354,1449,0,15,16,16,6,17,8,60
2,3637,3636,1791052899650905,1791052899652496,1591,0,16,13,13,3,13,4,30
2,3638,3637,1791052899700905,1791052899702621,1716,0,17,11,11,2,11,3,20
2,3639,3638,1791052899750905,1791052899752657,1752,0,18,7,7,2,7,3,20
2,3640,3639,1791052899800905,1791052899802250,1345,0,19,10,10,1,10,2,10
2,3641,3640,1791052899850905,1791052899852090,1185,0,0,7,7,1,7,2,10
2,3642,3641,1791052899900905,1791052899902176,1271,0,1,13,13,5,13,3,20
2,3643,3642,1791052899950905,1791052899951953,1048,0,2,8,8,2,8,3,20
2,3644,3643,1791052900000905,1791052900002484,1579,0,3,8,8,2,9,3,20
2,3645,3644,1791052900050905,1791052900052428,1523,0,4,9,9,2,9,3,20
2,3646,3645,1791052900100905,1791052900102232,1327,0,5,9,9,3,9,4,30
2,3647,3646,1791052900150905,1791052900152647,1742,0,6,7,7,1,7,2,10
2,3648,3647,1791052900200905,1791052900202390,1485,0,7,11,11,3,12,5,31
2,3649,3648,1791052900250905,1791052900252684,1779,0,8,6,6,1,6,0,0
2,3650,3649,1791052900300905,1791052900302479,1574,0,9,12,12,3,12,3,20
2,3651,3650,1791052900350905,1791052900352511,1606,0,10,10,10,4,10,4,30
2,3652,3651,1791052900400905,1791052900402373,1468,0,11,12,12,5,13,6,50
2,3653,3652,1791052900450905,1791052900452096,1191,0,12,10,10,2,10,3,20
2,3654,3653,1791052900500905,1791052900501884,979,0,13,10,10,3,10,4,30
2,3655,3654,1791052900550905,1791052900551909,1004,0,14,11,11,3,11,3,20
2,3656,3655,1791052900600905,1791052900602421,1516,0,15,16,16,6,15,7,60
2,3657,3656,1791052900650905,1791052900652396,1491,0,16,13,13,3,13,4,30
2,3658,3657,1791052900700905,1791052900702271,1366,0,17,11,11,2,11,3,20
2,3659,3658,1791052900750905,1791052900752507,1602,0,18,7,7,2,7,3,20
2,3660,3659,1791052900800905,1791052900802489,1584,0,19,10,10,1,11,2,10
2,3661,3660,1791052900850905,1791052900852615,1710,0,0,7,7,1,7,2,10
2,3662,3661,1791052900900905,1791052900902670,1765,0,1,13,13,5,13,3,20
2,3663,3662,1791052900950905,1791052900952665,1760,0,2,8,8,2,8,3,20
2,3664,3663,1791052901000905,1791052901002349,1444,0,3,8,8,2,8,3,20
2,3665,3664,1791052901050905,1791052901052043,1138,0,4,9,9,2,9,3,20
2,3666,3665,1791052901100905,1791052901102751,1846,0,5,9,9,3,9,4,30
2,3667,3666,1791052901150905,1791052901152794,1889,0,6,7,7,1,7,2,10
2,3668,3667,1791052901200905,1791052901202408,1503,0,7,11,11,3,12,4,30
2,3669,3668,1791052901250905,1791052901252286,1381,0,8,6,6,1,6,0,0
2,3670,3669,1791052901300905,1791052901302483,1578,0,9,12,12,3,12,3,20
2,3671,3670,1791052901350905,1791052901352676,1771,0,10,10,10,4,10,4,30
2,3672,3671,1791052901400905,1791052901402417,1512,0,11,12,12,5,12,6,50
2,3673,3672,1791052901450905,1791052901452342,1437,0,12,10,10,2,10,3,20
2,3674,3673,1791052901500905,1791052901502087,1182,0,13,10,10,3,10,4,30
2,3675,3674,1791052901550905,1791052901552294,1389,0,14,11,11,3,11,3,20
2,3676,3675,1791052901600905,1791052901602373,1468,0,15,16,16,7,16,7,60
2,3677,3676,1791052901650905,1791052901652193,1288,0,16,13,13,3,13,4,30
2,3678,3677,1791052901700905,1791052901702005,1100,0,17,11,11,2,11,3,20
2,3679,3678,1791052901750905,1791052901751983,1078,0,18,7,7,2,7,3,20
2,3680,3679,1791052901800905,1791052901802367,1462,0,19,10,10,1,10,2,10
2,3681,3680,1791052901850905,1791052901852013,1108,0,0,7,7,1,7,2,10
2,3682,3681,1791052901900905,1791052901902139,1234,0,1,13,13,5,13,3,20
2,3683,3682,1791052901950905,1791052901952098,1193,0,2,8,8,2,8,3,20
2,3684,3683,1791052902000905,1791052902002388,1483,0,3,8,8,2,9,3,20
2,3685,3684,1791052902050905,1791052902052653,1748,0,4,9,9,2,9,3,20
2,3686,3685,1791052902100905,1791052902102622,1717,0,5,9,9,3,9,4,30
2,3687,3686,1791052902150905,1791052902152534,1629,0,6,7,7,1,7,2,10
2,3688,3687,1791052902200905,1791052902202297,1392,0,7,11,11,3,12,5,31
2,3689,3688,1791052902250905,1791052902252362,1457,0,8,6,6,1,6,0,0
2,3690,3689,1791052902300905,1791052902302165,1260,0,9,12,12,3,12,3,20
2,3691,3690,1791052902350905,1791052902351911,1006,0,10,10,10,4,10,4,30
2,3692,3691,1791052902400905,1791052902402344,1439,0,11,12,12,5,12,6,50
2,3693,3692,1791052902450905,1791052902452334,1429,0,12,10,10,2,10,3,20
2,3694,3693,1791052902500905,1791052902502102,1197,0,13,10,10,3,10,4,30
2,3695,3694,1791052902550905,1791052902551791,886,0,14,11,11,3,11,3,20
2,3696,3695,1791052902600905,1791052902602377,1472,0,15,16,16,7,16,8,61
2,3697,3696,1791052902650905,1791052902652386,1481,0,16,13,13,3,13,4,30
2,3698,3697,1791052902700905,1791052902702132,1227,0,17,11,11,2,11,3,20
2,3699,3698,1791052902750905,1791052902752563,1658,0,18,7,7,2,7,3,20
2,3700,3699,1791052902800905,1791052902802378,1473,0,19,10,10,1,10,2,10
2,3701,3700,1791052902850905,1791052902852409,1504,0,0,7,7,1,7,2,10
2,3702,3701,1791052902900905,1791052902902449,1544,0,1,13,13,5,13,4,20
2,3703,3702,1791052902950905,1791052902952309,1404,0,2,8,8,2,8,3,20
2,3704,3703,1791052903000905,1791052903002248,1343,0,3,8,8,2,9,4,21
2,3705,3704,1791052903050905,1791052903052334,1429,0,4,9,9,2,9,3,20
2,3706,3705,1791052903100905,1791052903102106,1201,0,5,9,9,3,9,4,30
2,3707,3706,1791052903150905,1791052903152716,1811,0,6,7,7,1,7,2,10
2,3708,3707,1791052903200905,1791052903202358,1453,0,7,11,11,3,11,4,30
2,3709,3708,1791052903250905,1791052903252276,1371,0,8,6,6,1,6,0,0
2,3710,3709,1791052903300905,1791052903302397,1492,0,9,12,12,3,12,3,20
2,3711,3710,1791052903350905,1791052903352344,1439,0,10,10,10,4,10,5,30
2,3712,3711,1791052903400905,1791052903402359,1454,0,11,12,12,5,13,7,51
2,3713,3712,1791052903450905,1791052903452313,1408,0,12,10,10,2,10,3,20
2,3714,3713,1791052903500905,1791052903502504,1599,0,13,10,10,3,10,4,30
2,3715,3714,1791052903550905,1791052903552351,1446,0,14,11,11,3,11,3,20
2,3716,3715,1791052903600905,1791052903602470,1565,0,15,16,16,7,16,7,60
2,3717,3716,1791052903650905,1791052903652261,1356,0,16,13,13,3,13,4,30
2,3718,3717,1791052903700905,1791052903701732,827,0,17,11,11,2,11,3,20
2,3719,3718,1791052903750905,1791052903751770,865,0,18,7,7,2,7,3,20
2,3720,3719,1791052903800905,1791052903802248,1343,0,19,10,10,1,11,3,11
2,3721,3720,1791052903850905,1791052903852361,1456,0,0,7,7,1,7,2,10
2,3722,3721,1791052903900905,1791052903902505,1600,0,1,13,13,5,13,3,20
2,3723,3722,1791052903950905,1791052903952525,1620,0,2,8,8,2,8,3,20
2,3724,3723,1791052904000905,1791052904002376,1471,0,3,8,8,2,9,3,20
2,3725,3724,1791052904050905,1791052904051774,869,0,4,9,9,2,9,3,20
2,3726,3725,1791052904100905,1791052904101883,978,0,5,9,9,3,9,4,30
2,3727,3726,1791052904150905,1791052904151889,984,0,6,7,7,1,7,2,10
2,3728,3727,1791052904200905,1791052904202390,1485,0,7,11,11,3,11,4,30
2,3729,3728,1791052904250905,1791052904252540,1635,0,8,6,6,1,6,0,0
2,3730,3729,1791052904300905,1791052904302712,1807,0,9,12,12,3,12,3,20
2,3731,3730,1791052904350905,1791052904352740,1835,0,10,10,10,4,10,5,30
2,3732,3731,1791052904400905,1791052904402324,1419,0,11,12,12,5,13,6,50
2,3733,3732,1791052904450905,1791052904452239,1334,0,12,10,10,2,10,3,20
2,3734,3733,1791052904500905,1791052904502661,1756,0,13,10,10,3,10,4,30
2,3735,3734,1791052904550905,1791052904551832,927,0,14,11,11,3,11,3,20
2,3736,3735,1791052904600905,1791052904602431,1526,0,15,16,16,7,16,8,61
2,3737,3736,1791052904650905,1791052904651835,930,0,16,13,13,3,13,4,30
2,3738,3737,1791052904700905,1791052904702596,1691,0,17,11,11,2,11,3,20
2,3739,3738,1791052904750905,1791052904752181,1276,0,18,7,7,2,7,3,20
2,3740,3739,1791052904800905,1791052904802409,1504,0,19,10,10,1,10,2,10
2,3741,3740,1791052904850905,1791052904851874,969,0,0,7,7,1,7,2,10
2,3742,3741,1791052904900905,1791052904902634,1729,0,1,13,13,5,13,3,20
2,3743,3742,1791052904950905,1791052904952022,1117,0,2,8,8,2,8,3,20
2,3744,3743,1791052905000905,1791052905002357,1452,0,3,8,8,2,9,4,21
2,3745,3744,1791052905050905,1791052905051936,1031,0,4,9,9,2,9,3,20
2,3746,3745,1791052905100905,1791052905101983,1078,0,5,9,9,3,9,4,30
2,3747,3746,1791052905150905,1791052905152034,1129,0,6,7,7,1,7,2,10
2,3748,3747,1791052905200905,1791052905202536,1631,0,7,11,11,3,12,4,30
2,3749,3748,1791052905250905,1791052905252537,1632,0,8,6,6,1,6,0,0
2,3750,3749,1791052905300905,1791052905302754,1849,0,9,12,12,3,12,3,20
2,3751,3750,1791052905350905,1791052905352108,1203,0,10,10,10,4,10,4,30
2,3752,3751,1791052905400905,1791052905402420,1515,0,11,12,12,5,12,6,50
2,3753,3752,1791052905450905,1791052905452498,1593,0,12,10,10,2,10,3,20
2,3754,3753,1791052905500905,1791052905502578,1673,0,13,10,10,3,10,4,30
2,3755,3754,1791052905550905,1791052905552699,1794,0,14,11,11,3,11,3,20
2,3756,3755,1791052905600905,1791052905602338,1433,0,15,16,16,7,16,7,60
2,3757,3756,1791052905650905,1791052905652178,1273,0,16,13,13,3,13,4,30
2,3758,3757,1791052905700905,1791052905702055,1150,0,17,11,11,2,11,3,20
2,3759,3758,1791052905750905,1791052905752205,1300,0,18,7,7,2,7,3,20
2,3760,3759,1791052905800905,1791052905802387,1482,0,19,10,10,1,11,3,11
2,3761,3760,1791052905850905,1791052905852222,1317,0,0,7,7,1,7,2,10
2,3762,3761,1791052905900905,1791052905902293,1388,0,1,13,13,5,13,3,20
2,3763,3762,1791052905950905,1791052905952322,1417,0,2,8,8,2,8,3,20
2,3764,3763,1791052906000905,1791052906002450,1545,0,3,8,8,2,8,3,20
2,3765,3764,1791052906050905,1791052906052621,1716,0,4,9,9,2,9,3,20
2,3766,3765,1791052906100905,1791052906102531,1626,0,5,9,9,3,9,4,30
2,3767,3766,1791052906150905,1791052906152183,1278,0,6,7,7,1,7,2,10
2,3768,3767,1791052906200905,1791052906202329,1424,0,7,11,11,3,12,5,31
2,3769,3768,1791052906250905,1791052906252251,1346,0,8,6,6,1,6,0,0
2,3770,3769,1791052906300905,1791052906302281,1376,0,9,12,12,3,12,4,20
2,3771,3770,1791052906350905,1791052906352300,1395,0,10,10,10,4,10,4,30
2,3772,3771,1791052906400905,1791052906402343,1438,0,11,12,12,5,13,6,50
2,3773,3772,1791052906450905,1791052906452414,1509,0,12,10,10,2,10,3,20
2,3774,3773,1791052906500905,1791052906501986,1081,0,13,10,10,3,10,4,30
2,3775,3774,1791052906550905,1791052906552195,1290,0,14,11,11,3,11,3,20
2,3776,3775,1791052906600905,1791052906602428,1523,0,15,16,16,7,16,9,61
2,3777,3776,1791052906650905,1791052906651992,1087,0,16,13,13,3,13,4,30
2,3778,3777,1791052906700905,1791052906702733,1828,0,17,11,11,2,11,3,20
2,3779,3778,1791052906750905,1791052906751802,897,0,18,7,7,2,7,3,20
2,3780,3779,1791052906800905,1791052906802351,1446,0,19,10,10,1,10,2,10
2,3781,3780,1791052906850905,1791052906852270,1365,0,0,7,7,1,7,2,10
2,3782,3781,1791052906900905,1791052906901856,951,0,1,13,13,5,13,3,20
2,3783,3782,1791052906950905,1791052906952074,1169,0,2,8,8,2,8,3,20
2,3784,3783,1791052907000905,1791052907002409,1504,0,3,8,8,2,9,4,21
2,3785,3784,1791052907050905,1791052907052698,1793,0,4,9,9,2,9,3,20
2,3786,3785,1791052907100905,1791052907101877,972,0,5,9,9,3,9,4,30
2,3787,3786,1791052907150905,1791052907152768,1863,0,6,7,7,1,7,2,10
2,3788,3787,1791052907200905,1791052907202565,1660,0,7,11,11,3,12,4,30
2,3789,3788,1791052907250905,1791052907252770,1865,0,8,6,6,1,6,0,0
2,3790,3789,1791052907300905,1791052907302731,1826,0,9,12,12,3,12,3,20
2,3791,3790,1791052907350905,1791052907352558,1653,0,10,10,10,4,10,4,30
2,3792,3791,1791052907400905,1791052907402369,1464,0,11,12,12,5,12,6,50
2,3793,3792,1791052907450905,1791052907452212,1307,0,12,10,10,2,10,3,20
2,3794,3793,1791052907500905,1791052907502377,1472,0,13,10,10,3,10,4,30
2,3795,3794,1791052907550905,1791052907552633,1728,0,14,11,11,3,11,3,20
2,3796,3795,1791052907600905,1791052907602659,1754,0,15,16,16,7,15,7,60
2,3797,3796,1791052907650905,1791052907652009,1104,0,16,13,13,3,13,4,30
2,3798,3797,1791052907700905,1791052907701760,855,0,17,11,11,2,11,3,20
2,3799,3798,1791052907750905,1791052907751844,939,0,18,7,7,2,7,3,20
2,3800,3799,1791052907800905,1791052907802435,1530,0,19,10,10,1,10,2,10
2,3801,3800,1791052907850905,1791052907852711,1806,0,0,7,7,1,7,2,10
2,3802,3801,1791052907900905,1791052907901811,906,0,1,13,13,5,13,4,20
2,3803,3802,1791052907950905,1791052907952767,1862,0,2,8,8,2,8,3,20
2,3804,3803,1791052908000905,1791052908002514,1609,0,3,8,8,2,9,3,20
2,3805,3804,1791052908050905,1791052908052542,1637,0,4,9,9,2,9,3,20
2,3806,3805,1791052908100905,1791052908102413,1508,0,5,9,9,3,9,4,30
2,3807,3806,1791052908150905,1791052908152041,1136,0,6,7,7,1,7,2,10
2,3808,3807,1791052908200905,1791052908202325,1420,0,7,11,11,3,12,5,31
2,3809,3808,1791052908250905,1791052908252315,1410,0,8,6,6,1,6,0,0
2,3810,3809,1791052908300905,1791052908302245,1340,0,9,12,12,3,12,3,20
2,3811,3810,1791052908350905,1791052908352139,1234,0,10,10,10,4,10,5,30
2,3812,3811,1791052908400905,1791052908402381,1476,0,11,12,12,5,13,6,50
2,3813,3812,1791052908450905,1791052908452014,1109,0,12,10,10,2,10,3,20
2,3814,3813,1791052908500905,1791052908502086,1181,0,13,10,10,3,10,4,30
2,3815,3814,1791052908550905,1791052908551998,1093,0,14,11,11,3,11,3,20
2,3816,3815,1791052908600905,1791052908602304,1399,0,15,16,16,8,16,9,71
2,3817,3816,1791052908650905,1791052908652451,1546,0,16,13,13,3,13,4,30
2,3818,3817,1791052908700905,1791052908702652,1747,0,17,11,11,2,11,3,20
2,3819,3818,1791052908750905,1791052908752290,1385,0,18,7,7,2,7,3,20
2,3820,3819,1791052908800905,1791052908802327,1422,0,19,10,10,1,10,2,10
2,3821,3820,1791052908850905,1791052908852543,1638,0,0,7,7,1,7,2,10
2,3822,3821,1791052908900905,1791052908902754,1849,0,1,13,13,5,13,3,20
2,3823,3822,1791052908950905,1791052908952635,1730,0,2,8,8,2,8,3,20
2,3824,3823,1791052909000905,1791052909002251,1346,0,3,8,8,2,9,4,21
2,3825,3824,1791052909050905,1791052909052358,1453,0,4,9,9,2,9,3,20
2,3826,3825,1791052909100905,1791052909102789,1884,0,5,9,9,3,9,4,30
2,3827,3826,1791052909150905,1791052909151913,1008,0,6,7,7,1,7,2,10
2,3828,3827,1791052909200905,1791052909202403,1498,0,7,11,11,3,11,4,30
2,3829,3828,1791052909250905,1791052909252479,1574,0,8,6,6,1,6,0,0
2,3830,3829,1791052909300905,1791052909302513,1608,0,9,12,12,3,12,3,20
2,3831,3830,1791052909350905,1791052909352621,1716,0,10,10,10,4,10,4,30
2,3832,3831,1791052909400905,1791052909402266,1361,0,11,12,12,5,13,7,51
2,3833,3832,1791052909450905,1791052909452331,1426,0,12,10,10,2,10,3,20
2,3834,3833,1791052909500905,1791052909501836,931,0,13,10,10,3,10,4,30
2,3835,3834,1791052909550905,1791052909552322,1417,0,14,11,11,3,11,3,20
2,3836,3835,1791052909600905,1791052909602530,1625,0,15,16,16,8,16,8,70
2,3837,3836,1791052909650905,1791052909652000,1095,0,16,13,13,3,13,4,30
2,3838,3837,1791052909700905,1791052909702150,1245,0,17,11,11,2,11,3,20
2,3839,3838,1791052909750905,1791052909751899,994,0,18,7,7,2,7,3,20
2,3840,3839,1791052909800905,1791052909802237,1332,0,19,10,10,1,10,2,10
2,3841,3840,1791052909850905,1791052909852738,1833,0,0,7,7,1,7,2,10
2,3842,3841,1791052909900905,1791052909902184,1279,0,1,13,13,5,13,3,20
2,3843,3842,1791052909950905,1791052909952163,1258,0,2,8,8,2,8,3,20
2,3844,3843,1791052910000905,1791052910002354,1449,0,3,8,8,2,9,3,20
2,3845,3844,1791052910050905,1791052910052487,1582,0,4,9,9,2,9,3,20
2,3846,3845,1791052910100905,1791052910102601,1696,0,5,9,9,3,9,4,30
2,3847,3846,1791052910150905,1791052910152646,1741,0,6,7,7,1,7,2,10
2,3848,3847,1791052910200905,1791052910202274,1369,0,7,11,11,3,12,5,31
2,3849,3848,1791052910250905,1791052910252461,1556,0,8,6,6,1,6,0,0
2,3850,3849,1791052910300905,1791052910302433,1528,0,9,12,12,3,12,3,20
2,3851,3850,1791052910350905,1791052910352452,1547,0,10,10,10,4,10,4,30
2,3852,3851,1791052910400905,1791052910402405,1500,0,11,12,12,5,12,6,50
2,3853,3852,1791052910450905,1791052910452409,1504,0,12,10,10,2,10,3,20
2,3854,3853,1791052910500905,1791052910502282,1377,0,13,10,10,3,10,4,30
2,3855,3854,1791052910550905,1791052910552270,1365,0,14,11,11,3,11,3,20
2,3856,3855,1791052910600905,1791052910602340,1435,0,15,16,16,8,16,9,71
2,3857,3856,1791052910650905,1791052910652511,1606,0,16,13,13,3,13,4,30
2,3858,3857,1791052910700905,1791052910702205,1300,0,17,11,11,2,11,3,20
2,3859,3858,1791052910750905,1791052910751944,1039,0,18,7,7,2,7,3,20
2,3860,3859,1791052910800905,1791052910802319,1414,0,19,10,10,1,10,2,10
2,3861,3860,1791052910850905,1791052910852271,1366,0,0,7,7,1,7,2,10
2,3862,3861,1791052910900905,1791052910902485,1580,0,1,13,13,5,13,3,20
2,3863,3862,1791052910950905,1791052910952609,1704,0,2,8,8,2,8,3,20
2,3864,3863,1791052911000905,1791052911002465,1560,0,3,8,8,2,9,4,21
2,3865,3864,1791052911050905,1791052911052675,1770,0,4,9,9,2,9,3,20
2,3866,3865,1791052911100905,1791052911101834,929,0,5,9,9,3,9,4,30
2,3867,3866,1791052911150905,1791052911151854,949,0,6,7,7,1,7,2,10
2,3868,3867,1791052911200905,1791052911202426,1521,0,7,11,11,3,11,4,30
2,3869,3868,1791052911250905,1791052911252521,1616,0,8,6,6,1,6,0,0
2,3870,3869,1791052911300905,1791052911302620,1715,0,9,12,12,3,12,3,20
2,3871,3870,1791052911350905,1791052911352583,1678,0,10,10,10,4,10,4,30
2,3872,3871,1791052911400905,1791052911402338,1433,0,11,12,12,5,13,8,51
2,3873,3872,1791052911450905,1791052911452323,1418,0,12,10,10,2,10,3,20
2,3874,3873,1791052911500905,1791052911502639,1734,0,13,10,10,3,10,4,30
2,3875,3874,1791052911550905,1791052911551727,822,0,14,11,11,3,11,3,20
2,3876,3875,1791052911600905,1791052911602155,1250,0,15,16,16,8,16,8,70
2,3877,3876,1791052911650905,1791052911652222,1317,0,16,13,13,3,13,4,30
2,3878,3877,1791052911700905,1791052911702710,1805,0,17,11,11,2,11,3,20
2,3879,3878,1791052911750905,1791052911751895,990,0,18,7,7,2,7,3,20
2,3880,3879,1791052911800905,1791052911802432,1527,0,19,10,10,1,11,3,11
2,3881,3880,1791052911850905,1791052911852408,1503,0,0,7,7,1,7,2,10
2,3882,3881,1791052911900905,1791052911902509,1604,0,1,13,13,5,13,3,20
2,3883,3882,1791052911950905,1791052911951808,903,0,2,8,8,2,8,3,20
2,3884,3883,1791052912000905,1791052912002555,1650,0,3,8,8,2,9,3,20
2,3885,3884,1791052912050905,1791052912052696,1791,0,4,9,9,2,9,3,20
2,3886,3885,1791052912100905,1791052912102606,1701,0,5,9,9,3,9,4,30
2,3887,3886,1791052912150905,1791052912152553,1648,0,6,7,7,1,7,2,10
2,3888,3887,1791052912200905,1791052912202302,1397,0,7,11,11,3,11,4,30
2,3889,3888,1791052912250905,1791052912252031,1126,0,8,6,6,1,6,0,0
2,3890,3889,1791052912300905,1791052912301833,928,0,9,12,12,3,12,3,20
2,3891,3890,1791052912350905,1791052912352609,1704,0,10,10,10,4,10,4,30
2,3892,3891,1791052912400905,1791052912402493,1588,0,11,12,12,5,12,6,50
2,3893,3892,1791052912450905,1791052912452458,1553,0,12,10,10,2,10,3,20
2,3894,3893,1791052912500905,1791052912502179,1274,0,13,10,10,3,10,4,30
2,3895,3894,1791052912550905,1791052912552729,1824,0,14,11,11,3,11,3,20
2,3896,3895,1791052912600905,1791052912602383,1478,0,15,16,16,8,16,9,71
2,3897,3896,1791052912650905,1791052912652035,1130,0,16,13,13,3,13,4,30
2,3898,3897,1791052912700905,1791052912701904,999,0,17,11,11,2,11,3,20
2,3899,3898,1791052912750905,1791052912751787,882,0,18,7,7,2,7,3,20
2,3900,3899,1791052912800905,1791052912802298,1393,0,19,10,10,1,10,2,10
2,3901,3900,1791052912850905,1791052912852022,1117,0,0,7,7,1,7,2,10
2,3902,3901,1791052912900905,1791052912902772,1867,0,1,13,13,5,13,3,20
2,3903,3902,1791052912950905,1791052912952786,1881,0,2,8,8,2,8,3,20
2,3904,3903,1791052913000905,1791052913002269,1364,0,3,8,8,2,9,4,21
2,3905,3904,1791052913050905,1791052913052126,1221,0,4,9,9,2,9,3,20
2,3906,3905,1791052913100905,1791052913102137,1232,0,5,9,9,3,9,4,30
2,3907,3906,1791052913150905,1791052913152246,1341,0,6,7,7,1,7,2,10
2,3908,3907,1791052913200905,1791052913202339,1434,0,7,11,11,3,11,4,30
2,3909,3908,1791052913250905,1791052913252042,1137,0,8,6,6,1,6,0,0
2,3910,3909,1791052913300905,1791052913302078,1173,0,9,12,12,3,12,3,20
2,3911,3910,1791052913350905,1791052913351940,1035,0,10,10,10,4,10,4,30
2,3912,3911,1791052913400905,1791052913402474,1569,0,11,12,12,6,12,7,51
2,3913,3912,1791052913450905,1791052913452302,1397,0,12,10,10,2,10,3,20
2,3914,3913,1791052913500905,1791052913502568,1663,0,13,10,10,3,10,4,30
2,3915,3914,1791052913550905,1791052913552681,1776,0,14,11,11,3,11,3,20
2,3916,3915,1791052913600905,1791052913602478,1573,0,15,16,16,8,16,9,70
2,3917,3916,1791052913650905,1791052913652785,1880,0,16,13,13,3,13,4,30
2,3918,3917,1791052913700905,1791052913702778,1873,0,17,11,11,2,11,3,20
2,3919,3918,1791052913750905,1791052913752544,1639,0,18,7,7,2,7,3,20
2,3920,3919,1791052913800905,1791052913802407,1502,0,19,10,10,1,10,2,10
2,3921,3920,1791052913850905,1791052913852345,1440,0,0,7,7,1,7,2,10
2,3922,3921,1791052913900905,1791052913902578,1673,0,1,13,13,5,13,3,20
2,3923,3922,1791052913950905,1791052913952600,1695,0,2,8,8,2,8,3,20
2,3924,3923,1791052914000905,1791052914002399,1494,0,3,8,8,2,9,3,20
2,3925,3924,1791052914050905,1791052914052483,1578,0,4,9,9,2,9,3,20
2,3926,3925,1791052914100905,1791052914102637,1732,0,5,9,9,3,9,4,30
2,3927,3926,1791052914150905,1791052914152480,1575,0,6,7,7,1,7,2,10
2,3928,3927,1791052914200905,1791052914202360,1455,0,7,11,11,3,11,4,30
2,3929,3928,1791052914250905,1791052914252590,1685,0,8,6,6,1,6,0,0
2,3930,3929,1791052914300905,1791052914302571,1666,0,9,12,12,3,12,3,20
2,3931,3930,1791052914350905,1791052914352223,1318,0,10,10,10,4,10,5,30
2,3932,3931,1791052914400905,1791052914402309,1404,0,11,12,12,6,12,6,50
2,3933,3932,1791052914450905,1791052914452462,1557,0,12,10,10,2,10,3,20
2,3934,3933,1791052914500905,1791052914502708,1803,0,13,10,10,3,10,4,30
2,3935,3934,1791052914550905,1791052914552753,1848,0,14,11,11,3,11,3,20
2,3936,3935,1791052914600905,1791052914602466,1561,0,15,16,16,8,15,9,71
2,3937,3936,1791052914650905,1791052914652450,1545,0,16,13,13,3,13,4,30
2,3938,3937,1791052914700905,1791052914702485,1580,0,17,11,11,2,11,3,20
2,3939,3938,1791052914750905,1791052914752761,1856,0,18,7,7,2,7,3,20
2,3940,3939,1791052914800905,1791052914802322,1417,0,19,10,10,1,10,2,10
2,3941,3940,1791052914850905,1791052914852265,1360,0,0,7,7,1,7,2,10
2,3942,3941,1791052914900905,1791052914902127,1222,0,1,13,13,5,13,4,20
2,3943,3942,1791052914950905,1791052914952489,1584,0,2,8,8,2,8,3,20
2,3944,3943,1791052915000905,1791052915002252,1347,0,3,8,8,2,9,4,21
2,3945,3944,1791052915050905,1791052915052649,1744,0,4,9,9,2,9,3,20
2,3946,3945,1791052915100905,1791052915102655,1750,0,5,9,9,3,9,4,30
2,3947,3946,1791052915150905,1791052915152694,1789,0,6,7,7,1,7,2,10
2,3948,3947,1791052915200905,1791052915202611,1706,0,7,11,11,3,12,4,30
2,3949,3948,1791052915250905,1791052915252736,1831,0,8,6,6,1,6,0,0
2,3950,3949,1791052915300905,1791052915302622,1717,0,9,12,12,3,12,3,20
2,3951,3950,1791052915350905,1791052915352143,1238,0,10,10,10,4,10,4,30
2,3952,3951,1791052915400905,1791052915402420,1515,0,11,12,12,6,12,7,51
2,3953,3952,1791052915450905,1791052915452508,1603,0,12,10,10,2,10,3,20
2,3954,3953,1791052915500905,1791052915502288,1383,0,13,10,10,3,10,4,30
2,3955,3954,1791052915550905,1791052915552252,1347,0,14,11,11,3,11,3,20
2,3956,3955,1791052915600905,1791052915602349,1444,0,15,16,16,9,15,9,80
2,3957,3956,1791052915650905,1791052915652390,1485,0,16,13,13,3,13,4,30
2,3958,3957,1791052915700905,1791052915702536,1631,0,17,11,11,2,11,3,20
2,3959,3958,1791052915750905,1791052915752605,1700,0,18,7,7,2,7,3,20
2,3960,3959,1791052915800905,1791052915802382,1477,0,19,10,10,1,11,3,11
2,3961,3960,1791052915850905,1791052915852306,1401,0,0,7,7,1,7,2,10
2,3962,3961,1791052915900905,1791052915902407,1502,0,1,13,13,5,13,3,20
2,3963,3962,1791052915950905,1791052915952602,1697,0,2,8,8,2,8,3,20
2,3964,3963,1791052916000905,1791052916002368,1463,0,3,8,8,2,8,3,20
2,3965,3964,1791052916050905,1791052916051973,1068,0,4,9,9,2,9,3,20
2,3966,3965,1791052916100905,1791052916101731,826,0,5,9,9,3,9,4,30
2,3967,3966,1791052916150905,1791052916152741,1836,0,6,7,7,1,7,2,10
2,3968,3967,1791052916200905,1791052916202436,1531,0,7,11,11,3,12,5,31
2,3969,3968,1791052916250905,1791052916252681,1776,0,8,6,6,1,6,0,0
2,3970,3969,1791052916300905,1791052916302655,1750,0,9,12,12,3,12,3,20
2,3971,3970,1791052916350905,1791052916352218,1313,0,10,10,10,4,10,4,30
2,3972,3971,1791052916400905,1791052916402473,1568,0,11,12,12,6,12,6,50
2,3973,3972,1791052916450905,1791052916452602,1697,0,12,10,10,2,10,3,20
2,3974,3973,1791052916500905,1791052916502572,1667,0,13,10,10,3,10,4,30
2,3975,3974,1791052916550905,1791052916552794,1889,0,14,11,11,3,11,3,20
2,3976,3975,1791052916600905,1791052916602391,1486,0,15,16,16,9,15,9,80
2,3977,3976,1791052916650905,1791052916652602,1697,0,16,13,13,3,13,4,30
2,3978,3977,1791052916700905,1791052916702649,1744,0,17,11,11,2,11,3,20
2,3979,3978,1791052916750905,1791052916752377,1472,0,18,7,7,2,7,3,20
2,3980,3979,1791052916800905,1791052916802375,1470,0,19,10,10,1,11,2,10
2,3981,3980,1791052916850905,1791052916852364,1459,0,0,7,7,1,7,2,10
2,3982,3981,1791052916900905,1791052916902199,1294,0,1,13,13,5,13,3,20
2,3983,3982,1791052916950905,1791052916952184,1279,0,2,8,8,2,8,3,20
2,3984,3983,1791052917000905,1791052917002251,1346,0,3,8,8,2,8,3,20
2,3985,3984,1791052917050905,1791052917052184,1279,0,4,9,9,2,9,3,20
2,3986,3985,1791052917100905,1791052917102139,1234,0,5,9,9,3,9,4,30
2,3987,3986,1791052917150905,1791052917152011,1106,0,6,7,7,1,7,2,10
2,3988,3987,1791052917200905,1791052917202371,1466,0,7,11,11,3,12,4,30
2,3989,3988,1791052917250905,1791052917252222,1317,0,8,6,6,1,6,0,0
2,3990,3989,1791052917300905,1791052917302067,1162,0,9,12,12,3,12,3,20
2,3991,3990,1791052917350905,1791052917352028,1123,0,10,10,10,4,10,5,30
2,3992,3991,1791052917400905,1791052917402261,1356,0,11,12,12,6,12,8,51
2,3993,3992,1791052917450905,1791052917452632,1727,0,12,10,10,2,10,3,20
2,3994,3993,1791052917500905,1791052917501882,977,0,13,10,10,3,10,4,30
2,3995,3994,1791052917550905,1791052917551864,959,0,14,11,11,3,11,3,20
2,3996,3995,1791052917600905,1791052917602444,1539,0,15,16,16,9,15,9,80
2,3997,3996,1791052917650905,1791052917652255,1350,0,16,13,13,3,13,4,30
2,3998,3997,1791052917700905,1791052917702405,1500,0,17,11,11,2,11,3,20
2,3999,3998,1791052917750905,1791052917752570,1665,0,18,7,7,2,7,3,20
2,4000,3999,1791052917800905,1791052917802418,1513,0,19,10,10,1,11,3,11
2,4001,4000,1791052917850905,1791052917852510,1605,0,0,7,7,1,7,2,10
2,4002,4001,1791052917900905,1791052917902490,1585,0,1,13,13,5,13,3,20
2,4003,4002,1791052917950905,1791052917952574,1669,0,2,8,8,2,8,3,20
2,4004,4003,1791052918000905,1791052918002406,1501,0,3,8,8,2,9,3,20
2,4005,4004,1791052918050905,1791052918052330,1425,0,4,9,9,2,9,3,20
2,4006,4005,1791052918100905,1791052918102129,1224,0,5,9,9,3,9,4,30
2,4007,4006,1791052918150905,1791052918152159,1254,0,6,7,7,1,7,2,10
2,4008,4007,1791052918200905,1791052918202325,1420,0,7,11,11,3,11,4,30
2,4009,4008,1791052918250905,1791052918251800,895,0,8,6,6,1,6,0,0
2,4010,4009,1791052918300905,1791052918302461,1556,0,9,12,12,3,12,4,20
2,4011,4010,1791052918350905,1791052918352631,1726,0,10,10,10,4,10,5,30
2,4012,4011,1791052918400905,1791052918402209,1304,0,11,12,12,6,11,6,50
2,4013,4012,1791052918450905,1791052918452175,1270,0,12,10,10,2,10,3,20
2,4014,4013,1791052918500905,1791052918502139,1234,0,13,10,10,3,10,4,30
2,4015,4014,1791052918550905,1791052918552160,1255,0,14,11,11,3,11,3,20
2,4016,4015,1791052918600905,1791052918602343,1438,0,15,16,16,9,15,9,80
2,4017,4016,1791052918650905,1791052918652745,1840,0,16,13,13,3,13,4,30
2,4018,4017,1791052918700905,1791052918701943,1038,0,17,11,11,2,11,3,20
2,4019,4018,1791052918750905,1791052918752782,1877,0,18,7,7,2,7,3,20
2,4020,4019,1791052918800905,1791052918802282,1377,0,19,10,10,1,11,2,10
2,4021,4020,1791052918850905,1791052918852173,1268,0,0,7,7,1,7,2,10
2,4022,4021,1791052918900905,1791052918901832,927,0,1,13,13,5,13,3,20
2,4023,4022,1791052918950905,1791052918951771,866,0,2,8,8,2,8,3,20
2,4024,4023,1791052919000905,1791052919002408,1503,0,3,8,8,2,8,3,20
2,4025,4024,1791052919050905,1791052919052543,1638,0,4,9,9,2,9,3,20
2,4026,4025,1791052919100905,1791052919102500,1595,0,5,9,9,3,9,4,30
2,4027,4026,1791052919150905,1791052919152404,1499,0,6,7,7,1,7,2,10
2,4028,4027,1791052919200905,1791052919202477,1572,0,7,11,11,3,12,4,30
2,4029,4028,1791052919250905,1791052919252536,1631,0,8,6,6,1,6,0,0
2,4030,4029,1791052919300905,1791052919302013,1108,0,9,12,12,3,12,3,20
2,4031,4030,1791052919350905,1791052919351909,1004,0,10,10,10,4,10,4,30
2,4032,4031,1791052919400905,1791052919402379,1474,0,11,12,12,7,10,6,50
2,4033,4032,1791052919450905,1791052919452356,1451,0,12,10,10,2,10,3,20
2,4034,4033,1791052919500905,1791052919502698,1793,0,13,10,10,3,10,4,30
2,4035,4034,1791052919550905,1791052919551778,873,0,14,11,11,3,11,4,20
2,4036,4035,1791052919600905,1791052919602169,1264,0,15,16,16,9,16,9,80
2,4037,4036,1791052919650905,1791052919652365,1460,0,16,13,13,3,13,4,30
2,4038,4037,1791052919700905,1791052919702373,1468,0,17,11,11,2,11,3,20
2,4039,4038,1791052919750905,1791052919752304,1399,0,18,7,7,2,7,3,20
2,4040,4039,1791052919800905,1791052919802441,1536,0,19,10,10,1,11,3,11
2,4041,4040,1791052919850905,1791052919852352,1447,0,0,7,7,1,7,2,10
2,4042,4041,1791052919900905,1791052919901960,1055,0,1,13,13,5,13,3,20
2,4043,4042,1791052919950905,1791052919951950,1045,0,2,8,8,2,8,3,20
2,4044,4043,1791052920000905,1791052920002433,1528,0,3,8,8,2,8,3,20
2,4045,4044,1791052920050905,1791052920052718,1813,0,4,9,9,2,9,3,20
2,4046,4045,1791052920100905,1791052920102774,1869,0,5,9,9,3,9,4,30
2,4047,4046,1791052920150905,1791052920152690,1785,0,6,7,7,1,7,2,10
2,4048,4047,1791052920200905,1791052920202243,1338,0,7,11,11,3,12,5,31
2,4049,4048,1791052920250905,1791052920252452,1547,0,8,6,6,1,6,0,0
2,4050,4049,1791052920300905,1791052920302405,1500,0,9,12,12,3,12,3,20
2,4051,4050,1791052920350905,1791052920352674,1769,0,10,10,10,4,10,4,30
2,4052,4051,1791052920400905,1791052920402537,1632,0,11,12,12,7,11,6,50
2,4053,4052,1791052920450905,1791052920452451,1546,0,12,10,10,2,10,3,20
2,4054,4053,1791052920500905,1791052920502712,1807,0,13,10,10,3,10,4,30
2,4055,4054,1791052920550905,1791052920552712,1807,0,14,11,11,3,11,3,20
2,4056,4055,1791052920600905,1791052920602454,1549,0,15,16,16,9,16,10,81
2,4057,4056,1791052920650905,1791052920652643,1738,0,16,13,13,3,13,4,30
2,4058,4057,1791052920700905,1791052920701888,983,0,17,11,11,2,11,3,20
2,4059,4058,1791052920750905,1791052920751806,901,0,18,7,7,2,7,3,20
2,4060,4059,1791052920800905,1791052920802279,1374,0,19,10,10,1,10,2,10
2,4061,4060,1791052920850905,1791052920852124,1219,0,0,7,7,1,7,2,10
2,4062,4061,1791052920900905,1791052920902579,1674,0,1,13,13,5,13,3,20
2,4063,4062,1791052920950905,1791052920952668,1763,0,2,8,8,2,8,3,20
2,4064,4063,1791052921000905,1791052921002370,1465,0,3,8,8,2,9,4,21
2,4065,4064,1791052921050905,1791052921052498,1593,0,4,9,9,2,9,3,20
2,4066,4065,1791052921100905,1791052921102547,1642,0,5,9,9,3,9,4,30
2,4067,4066,1791052921150905,1791052921152509,1604,0,6,7,7,1,7,2,10
2,4068,4067,1791052921200905,1791052921202424,1519,0,7,11,11,3,11,4,30
2,4069,4068,1791052921250905,1791052921252599,1694,0,8,6,6,1,6,0,0
2,4070,4069,1791052921300905,1791052921302508,1603,0,9,12,12,3,12,3,20
2,4071,4070,1791052921350905,1791052921352660,1755,0,10,10,10,4,10,4,30
2,4072,4071,1791052921400905,1791052921402197,1292,0,11,12,12,7,11,7,51
2,4073,4072,1791052921450905,1791052921452025,1120,0,12,10,10,2,10,3,20
2,4074,4073,1791052921500905,1791052921502349,1444,0,13,10,10,3,10,4,30
2,4075,4074,1791052921550905,1791052921551820,915,0,14,11,11,3,11,3,20
2,4076,4075,1791052921600905,1791052921602337,1432,0,15,16,16,9,15,9,80
2,4077,4076,1791052921650905,1791052921652679,1774,0,16,13,13,3,13,4,30
2,4078,4077,1791052921700905,1791052921701985,1080,0,17,11,11,2,11,3,20
2,4079,4078,1791052921750905,1791052921752278,1373,0,18,7,7,2,7,3,20
2,4080,4079,1791052921800905,1791052921802431,1526,0,19,10,10,1,11,3,11
2,4081,4080,1791052921850905,1791052921852213,1308,0,0,7,7,1,7,2,10
2,4082,4081,1791052921900905,1791052921902291,1386,0,1,13,13,5,13,3,20
2,4083,4082,1791052921950905,1791052921951806,901,0,2,8,8,2,8,3,20
2,4084,4083,1791052922000905,1791052922002391,1486,0,3,8,8,2,8,3,20
2,4085,4084,1791052922050905,1791052922052471,1566,0,4,9,9,2,9,3,20
2,4086,4085,1791052922100905,1791052922102562,1657,0,5,9,9,3,9,4,30
2,4087,4086,1791052922150905,1791052922152290,1385,0,6,7,7,1,7,2,10
2,4088,4087,1791052922200905,1791052922202229,1324,0,7,11,11,3,12,5,31
2,4089,4088,1791052922250905,1791052922252544,1639,0,8,6,6,1,6,0,0
2,4090,4089,1791052922300905,1791052922302623,1718,0,9,12,12,3,12,3,20
2,4091,4090,1791052922350905,1791052922352681,1776,0,10,10,10,4,10,4,30
2,4092,4091,1791052922400905,1791052922402364,1459,0,11,12,12,7,11,6,50
2,4093,4092,1791052922450905,1791052922452134,1229,0,12,10,10,2,10,3,20
2,4094,4093,1791052922500905,1791052922502364,1459,0,13,10,10,3,10,4,30
2,4095,4094,1791052922550905,1791052922552146,1241,0,14,11,11,3,11,3,20
2,4096,4095,1791052922600905,1791052922602357,1452,0,15,16,16,9,15,9,80
2,4097,4096,1791052922650905,1791052922651943,1038,0,16,13,13,3,13,4,30
2,4098,4097,1791052922700905,1791052922702392,1487,0,17,11,11,2,11,3,20
2,4099,4098,1791052922750905,1791052922751809,904,0,18,7,7,2,7,3,20
2,4100,4099,1791052922800905,1791052922802433,1528,0,19,10,10,1,11,2,10
2,4101,4100,1791052922850905,1791052922852316,1411,0,0,7,7,1,7,2,10
2,4102,4101,1791052922900905,1791052922902213,1308,0,1,13,13,5,13,3,20
2,4103,4102,1791052922950905,1791052922952040,1135,0,2,8,8,2,8,3,20
2,4104,4103,1791052923000905,1791052923002420,1515,0,3,8,8,2,8,3,20
2,4105,4104,1791052923050905,1791052923052341,1436,0,4,9,9,2,9,3,20
2,4106,4105,1791052923100905,1791052923102229,1324,0,5,9,9,3,9,4,30
2,4107,4106,1791052923150905,1791052923151914,1009,0,6,7,7,1,7,2,10
2,4108,4107,1791052923200905,1791052923202514,1609,0,7,11,11,3,12,4,30
2,4109,4108,1791052923250905,1791052923252572,1667,0,8,6,6,1,6,0,0
2,4110,4109,1791052923300905,1791052923302335,1430,0,9,12,12,3,12,3,20
2,4111,4110,1791052923350905,1791052923352577,1672,0,10,10,10,4,10,4,30
2,4112,4111,1791052923400905,1791052923402400,1495,0,11,12,12,7,11,8,51
2,4113,4112,1791052923450905,1791052923451937,1032,0,12,10,10,2,10,3,20
2,4114,4113,1791052923500905,1791052923502228,1323,0,13,10,10,3,10,4,30
2,4115,4114,1791052923550905,1791052923552630,1725,0,14,11,11,3,11,3,20
2,4116,4115,1791052923600905,1791052923602414,1509,0,15,16,16,9,15,12,80
2,4117,4116,1791052923650905,1791052923652059,1154,0,16,13,13,3,13,4,30
2,4118,4117,1791052923700905,1791052923702503,1598,0,17,11,11,2,11,3,20
2,4119,4118,1791052923750905,1791052923751988,1083,0,18,7,7,2,7,3,20
2,4120,4119,1791052923800905,1791052923802474,1569,0,19,10,10,1,11,3,11
2,4121,4120,1791052923850905,1791052923852051,1146,0,0,7,7,1,7,2,10
2,4122,4121,1791052923900905,1791052923902403,1498,0,1,13,13,5,13,3,20
2,4123,4122,1791052923950905,1791052923952510,1605,0,2,8,8,2,8,3,20
2,4124,4123,1791052924000905,1791052924002377,1472,0,3,8,8,2,9,3,20
2,4125,4124,1791052924050905,1791052924052471,1566,0,4,9,9,2,9,3,20
2,4126,4125,1791052924100905,1791052924102668,1763,0,5,9,9,3,9,4,30
2,4127,4126,1791052924150905,1791052924152797,1892,0,6,7,7,1,7,2,10
2,4128,4127,1791052924200905,1791052924202408,1503,0,7,11,11,3,11,4,30
2,4129,4128,1791052924250905,1791052924252301,1396,0,8,6,6,1,6,0,0
2,4130,4129,1791052924300905,1791052924301844,939,0,9,12,12,3,12,3,20
2,4131,4130,1791052924350905,1791052924351893,988,0,10,10,10,4,10,4,30
2,4132,4131,1791052924400905,1791052924402379,1474,0,11,12,12,7,10,7,50
2,4133,4132,1791052924450905,1791052924452380,1475,0,12,10,10,2,10,3,20
2,4134,4133,1791052924500905,1791052924502239,1334,0,13,10,10,3,10,4,30
2,4135,4134,1791052924550905,1791052924552398,1493,0,14,11,11,3,11,3,20
2,4136,4135,1791052924600905,1791052924602342,1437,0,15,16,16,9,12,10,80
2,4137,4136,1791052924650905,1791052924652042,1137,0,16,13,13,3,13,4,30
2,4138,4137,1791052924700905,1791052924701892,987,0,17,11,11,2,11,3,20
2,4139,4138,1791052924750905,1791052924751913,1008,0,18,7,7,2,7,3,20
2,4140,4139,1791052924800905,1791052924802441,1536,0,19,10,10,1,11,2,10
2,4141,4140,1791052924850905,1791052924852572,1667,0,0,7,7,1,7,2,10
2,4142,4141,1791052924900905,1791052924902540,1635,0,1,13,13,5,13,4,20
2,4143,4142,1791052924950905,1791052924952632,1727,0,2,8,8,2,8,3,20
2,4144,4143,1791052925000905,1791052925002319,1414,0,3,8,8,2,8,3,20
2,4145,4144,1791052925050905,1791052925052750,1845,0,4,9,9,2,9,3,20
2,4146,4145,1791052925100905,1791052925101903,998,0,5,9,9,3,9,4,30
2,4147,4146,1791052925150905,1791052925151864,959,0,6,7,7,1,7,2,10
2,4148,4147,1791052925200905,1791052925202438,1533,0,7,11,11,3,12,4,30
2,4149,4148,1791052925250905,1791052925252339,1434,0,8,6,6,1,6,0,0
2,4150,4149,1791052925300905,1791052925302436,1531,0,9,12,12,3,12,3,20
2,4151,4150,1791052925350905,1791052925352089,1184,0,10,10,10,4,10,4,30
2,4152,4151,1791052925400905,1791052925402335,1430,0,11,12,12,8,9,8,60
2,4153,4152,1791052925450905,1791052925452288,1383,0,12,10,10,2,10,3,20
2,4154,4153,1791052925500905,1791052925502369,1464,0,13,10,10,3,10,4,30
2,4155,4154,1791052925550905,1791052925552269,1364,0,14,11,11,3,11,3,20
2,4156,4155,1791052925600905,1791052925602255,1350,0,15,16,16,12,13,10,90
2,4157,4156,1791052925650905,1791052925652031,1126,0,16,13,13,3,13,4,30
2,4158,4157,1791052925700905,1791052925702117,1212,0,17,11,11,2,11,3,20
2,4159,4158,1791052925750905,1791052925752106,1201,0,18,7,7,2,7,3,20
2,4160,4159,1791052925800905,1791052925802414,1509,0,19,10,10,1,10,2,10
2,4161,4160,1791052925850905,1791052925852082,1177,0,0,7,7,1,7,2,10
2,4162,4161,1791052925900905,1791052925902072,1167,0,1,13,13,5,13,3,20
2,4163,4162,1791052925950905,1791052925951940,1035,0,2,8,8,2,8,3,20
2,4164,4163,1791052926000905,1791052926002683,1778,0,3,8,8,2,9,3,20
2,4165,4164,1791052926050905,1791052926052733,1828,0,4,9,9,2,9,3,20
2,4166,4165,1791052926100905,1791052926102742,1837,0,5,9,9,3,9,4,30
2,4167,4166,1791052926150905,1791052926152695,1790,0,6,7,7,1,7,2,10
2,4168,4167,1791052926200905,1791052926202442,1537,0,7,11,11,3,11,4,30
2,4169,4168,1791052926250905,1791052926252600,1695,0,8,6,6,1,6,0,0
2,4170,4169,1791052926300905,1791052926302409,1504,0,9,12,12,3,12,3,20
2,4171,4170,1791052926350905,1791052926352305,1400,0,10,10,10,4,10,4,30
2,4172,4171,1791052926400905,1791052926402509,1604,0,11,12,12,9,9,8,60
2,4173,4172,1791052926450905,1791052926452583,1678,0,12,10,10,2,10,3,20
2,4174,4173,1791052926500905,1791052926502255,1350,0,13,10,10,3,10,4,30
2,4175,4174,1791052926550905,1791052926552769,1864,0,14,11,11,3,11,3,20
2,4176,4175,1791052926600905,1791052926602425,1520,0,15,16,16,13,14,12,101
2,4177,4176,1791052926650905,1791052926652179,1274,0,16,13,13,3,13,4,30
2,4178,4177,1791052926700905,1791052926702286,1381,0,17,11,11,2,11,3,20
2,4179,4178,1791052926750905,1791052926752270,1365,0,18,7,7,2,7,3,20
2,4180,4179,1791052926800905,1791052926802448,1543,0,19,10,10,1,10,2,10
2,4181,4180,1791052926850905,1791052926852657,1752,0,0,7,7,1,7,2,10
2,4182,4181,1791052926900905,1791052926902579,1674,0,1,13,13,5,13,3,20
2,4183,4182,1791052926950905,1791052926952260,1355,0,2,8,8,2,8,3,20
2,4184,4183,1791052927000905,1791052927002328,1423,0,3,8,8,2,9,4,21
2,4185,4184,1791052927050905,1791052927052541,1636,0,4,9,9,2,9,3,20
2,4186,4185,1791052927100905,1791052927102693,1788,0,5,9,9,3,9,4,30
2,4187,4186,1791052927150905,1791052927151858,953,0,6,7,7,1,7,2,10
2,4188,4187,1791052927200905,1791052927202409,1504,0,7,11,11,3,11,4,30
2,4189,4188,1791052927250905,1791052927251899,994,0,8,6,6,1,6,0,0
2,4190,4189,1791052927300905,1791052927302224,1319,0,9,12,12,3,12,3,20
2,4191,4190,1791052927350905,1791052927352756,1851,0,10,10,10,4,10,4,30
2,4192,4191,1791052927400905,1791052927402528,1623,0,11,12,12,10,9,9,71
2,4193,4192,1791052927450905,1791052927451910,1005,0,12,10,10,2,10,3,20
2,4194,4193,1791052927500905,1791052927502812,1907,0,13,10,10,3,10,4,30
2,4195,4194,1791052927550905,1791052927552338,1433,0,14,11,11,3,11,3,20
2,4196,4195,1791052927600905,1791052927602278,1373,0,15,16,16,13,13,11,100
2,4197,4196,1791052927650905,1791052927651900,995,0,16,13,13,3,13,4,30
2,4198,4197,1791052927700905,1791052927701867,962,0,17,11,11,2,11,3,20
2,4199,4198,1791052927750905,1791052927752633,1728,0,18,7,7,2,7,3,20
2,4200,4199,1791052927800905,1791052927802132,1227,0,19,10,10,1,10,2,10
