run_id,slot,tick,intended_us,invoked_us,lateness_us,skipped,bucket,actor_steps,actor_updates,policy_evaluations,orders_submitted,orders_filled,matched_shares
3,1,0,1791052928966261,1791052928968364,2103,0,0,7,7,7,7,5,12
3,2,1,1791052929016261,1791052929018771,2510,0,1,13,13,13,13,13,60
3,3,2,1791052929066261,1791052929068526,2265,0,2,8,8,8,7,4,12
3,4,3,1791052929116261,1791052929117791,1530,0,3,8,8,8,6,4,19
3,5,4,1791052929166261,1791052929167864,1603,0,4,9,9,9,9,4,20
3,6,5,1791052929216261,1791052929218090,1829,0,5,9,9,9,9,6,30
3,7,6,1791052929266261,1791052929268050,1789,0,6,7,7,7,7,5,20
3,8,7,1791052929316261,1791052929318684,2423,0,7,11,11,11,10,9,36
3,9,8,1791052929366261,1791052929367994,1733,0,8,6,6,6,5,3,8
3,10,9,1791052929416261,1791052929418151,1890,0,9,12,12,12,12,4,17
3,11,10,1791052929466261,1791052929468521,2260,0,10,10,10,10,10,8,40
3,12,11,1791052929516261,1791052929517717,1456,0,11,12,12,12,9,8,37
3,13,12,1791052929566261,1791052929567973,1712,0,12,10,10,10,8,4,12
3,14,13,1791052929616261,1791052929618207,1946,0,13,10,10,10,10,10,45
3,15,14,1791052929666261,1791052929668292,2031,0,14,11,11,11,8,6,24
3,16,15,1791052929716261,1791052929717742,1481,0,15,16,16,16,15,11,32
3,17,16,1791052929766261,1791052929768489,2228,0,16,13,13,13,12,7,26
3,18,17,1791052929816261,1791052929818670,2409,0,17,11,11,11,11,4,15
3,19,18,1791052929866261,1791052929867854,1593,0,18,7,7,7,6,4,20
3,20,19,1791052929916261,1791052929918765,2504,0,19,10,10,10,10,4,13
3,21,20,1791052929966261,1791052929968712,2451,0,0,7,7,7,6,4,14
3,22,21,1791052930016261,1791052930018491,2230,0,1,13,13,13,13,12,60
3,23,22,1791052930066261,1791052930068390,2129,0,2,8,8,8,6,3,10
3,24,23,1791052930116261,1791052930117725,1464,0,3,8,8,8,9,6,21
3,25,24,1791052930166261,1791052930168617,2356,0,4,9,9,9,9,6,26
3,26,25,1791052930216261,1791052930218637,2376,0,5,9,9,9,9,8,37
3,27,26,1791052930266261,1791052930268761,2500,0,6,7,7,7,6,2,10
3,28,27,1791052930316261,1791052930317747,1486,0,7,11,11,11,10,8,39
3,29,28,1791052930366261,1791052930367802,1541,0,8,6,6,6,6,4,16
3,30,29,1791052930416261,1791052930418716,2455,0,9,12,12,12,11,4,20
3,31,30,1791052930466261,1791052930468719,2458,0,10,10,10,10,10,8,40
3,32,31,1791052930516261,1791052930517754,1493,0,11,12,12,12,11,9,36
3,33,32,1791052930566261,1791052930568584,2323,0,12,10,10,10,10,7,23
3,34,33,1791052930616261,1791052930618566,2305,0,13,10,10,10,9,6,30
3,35,34,1791052930666261,1791052930668065,1804,0,14,11,11,11,11,6,28
3,36,35,1791052930716261,1791052930717806,1545,0,15,16,16,16,17,14,63
3,37,36,1791052930766261,1791052930767984,1723,0,16,13,13,13,12,8,31
3,38,37,1791052930816261,1791052930817911,1650,0,17,11,11,11,11,6,21
3,39,38,1791052930866261,1791052930868545,2284,0,18,7,7,7,7,6,21
3,40,39,1791052930916261,1791052930917717,1456,0,19,10,10,10,10,7,29
3,41,40,1791052930966261,1791052930968741,2480,0,0,7,7,7,6,4,20
3,42,41,1791052931016261,1791052931018039,1778,0,1,13,13,13,10,8,39
3,43,42,1791052931066261,1791052931068621,2360,0,2,8,8,8,7,6,23
3,44,43,1791052931116261,1791052931117743,1482,0,3,8,8,8,8,5,15
3,45,44,1791052931166261,1791052931168580,2319,0,4,9,9,9,8,4,20
3,46,45,1791052931216261,1791052931217818,1557,0,5,9,9,9,9,8,37
3,47,46,1791052931266261,1791052931268014,1753,0,6,7,7,7,6,2,4
3,48,47,1791052931316261,1791052931318608,2347,0,7,11,11,11,12,9,40
3,49,48,1791052931366261,1791052931367939,1678,0,8,6,6,6,4,0,0
3,50,49,1791052931416261,1791052931418104,1843,0,9,12,12,12,12,4,20
3,51,50,1791052931466261,1791052931468149,1888,0,10,10,10,10,9,8,40
3,52,51,1791052931516261,1791052931518732,2471,0,11,12,12,12,11,8,33
3,53,52,1791052931566261,1791052931568117,1856,0,12,10,10,10,9,6,30
3,54,53,1791052931616261,1791052931618644,2383,0,13,10,10,10,10,9,32
3,55,54,1791052931666261,1791052931668016,1755,0,14,11,11,11,10,10,36
3,56,55,1791052931716261,1791052931718688,2427,0,15,16,16,16,13,10,40
3,57,56,1791052931766261,1791052931768415,2154,0,16,13,13,13,10,7,29
3,58,57,1791052931816261,1791052931818617,2356,0,17,11,11,11,10,4,14
3,59,58,1791052931866261,1791052931868298,2037,0,18,7,7,7,7,6,23
3,60,59,1791052931916261,1791052931917729,1468,0,19,10,10,10,11,5,17
3,61,60,1791052931966261,1791052931967914,1653,0,0,7,7,7,6,2,10
3,62,61,1791052932016261,1791052932018194,1933,0,1,13,13,13,13,12,60
3,63,62,1791052932066261,1791052932068756,2495,0,2,8,8,8,8,6,25
3,64,63,1791052932116261,1791052932117747,1486,0,3,8,8,8,8,8,32
3,65,64,1791052932166261,1791052932168003,1742,0,4,9,9,9,8,8,36
3,66,65,1791052932216261,1791052932218431,2170,0,5,9,9,9,9,8,34
3,67,66,1791052932266261,1791052932268379,2118,0,6,7,7,7,5,2,10
3,68,67,1791052932316261,1791052932317881,1620,0,7,11,11,11,11,7,30
3,69,68,1791052932366261,1791052932368284,2023,0,8,6,6,6,6,4,16
3,70,69,1791052932416261,1791052932418284,2023,0,9,12,12,12,10,4,20
3,71,70,1791052932466261,1791052932468324,2063,0,10,10,10,10,9,8,40
3,72,71,1791052932516261,1791052932517777,1516,0,11,12,12,12,10,10,47
3,73,72,1791052932566261,1791052932568733,2472,0,12,10,10,10,8,7,27
3,74,73,1791052932616261,1791052932617958,1697,0,13,10,10,10,9,5,11
3,75,74,1791052932666261,1791052932667801,1540,0,14,11,11,11,11,6,28
3,76,75,1791052932716261,1791052932718742,2481,0,15,16,16,16,16,12,60
3,77,76,1791052932766261,1791052932768425,2164,0,16,13,13,13,12,6,30
3,78,77,1791052932816261,1791052932818584,2323,0,17,11,11,11,9,2,9
3,79,78,1791052932866261,1791052932868693,2432,0,18,7,7,7,7,6,30
3,80,79,1791052932916261,1791052932917714,1453,0,19,10,10,10,8,4,16
3,81,80,1791052932966261,1791052932968662,2401,0,0,7,7,7,5,2,10
3,82,81,1791052933016261,1791052933018171,1910,0,1,13,13,13,13,10,50
3,83,82,1791052933066261,1791052933068049,1788,0,2,8,8,8,7,4,20
3,84,83,1791052933116261,1791052933117730,1469,0,3,8,8,8,9,4,20
3,85,84,1791052933166261,1791052933167862,1601,0,4,9,9,9,9,6,25
3,86,85,1791052933216261,1791052933218744,2483,0,5,9,9,9,9,8,33
3,87,86,1791052933266261,1791052933268760,2499,0,6,7,7,7,7,4,14
3,88,87,1791052933316261,1791052933318753,2492,0,7,11,11,11,11,9,40
3,89,88,1791052933366261,1791052933368024,1763,0,8,6,6,6,4,2,5
3,90,89,1791052933416261,1791052933418547,2286,0,9,12,12,12,10,4,20
3,91,90,1791052933466261,1791052933468707,2446,0,10,10,10,10,10,10,41
3,92,91,1791052933516261,1791052933517731,1470,0,11,12,12,12,11,10,50
3,93,92,1791052933566261,1791052933568125,1864,0,12,10,10,10,8,6,29
3,94,93,1791052933616261,1791052933618174,1913,0,13,10,10,10,7,2,9
3,95,94,1791052933666261,1791052933668400,2139,0,14,11,11,11,11,6,30
3,96,95,1791052933716261,1791052933717824,1563,0,15,16,16,16,17,16,68
3,97,96,1791052933766261,1791052933768417,2156,0,16,13,13,13,12,6,30
3,98,97,1791052933816261,1791052933818052,1791,0,17,11,11,11,11,8,39
3,99,98,1791052933866261,1791052933868570,2309,0,18,7,7,7,7,6,29
3,100,99,1791052933916261,1791052933917716,1455,0,19,10,10,10,9,5,15
3,101,100,1791052933966261,1791052933967996,1735,0,0,7,7,7,6,2,10
3,102,101,1791052934016261,1791052934018244,1983,0,1,13,13,13,11,10,50
3,103,102,1791052934066261,1791052934068328,2067,0,2,8,8,8,8,6,28
3,104,103,1791052934116261,1791052934117729,1468,0,3,8,8,8,8,7,21
3,105,104,1791052934166261,1791052934168424,2163,0,4,9,9,9,7,6,30
3,106,105,1791052934216261,1791052934218561,2300,0,5,9,9,9,8,6,28
3,107,106,1791052934266261,1791052934268498,2237,0,6,7,7,7,7,4,16
3,108,107,1791052934316261,1791052934318765,2504,0,7,11,11,11,11,8,40
3,109,108,1791052934366261,1791052934367741,1480,0,8,6,6,6,5,3,6
3,110,109,1791052934416261,1791052934418514,2253,0,9,12,12,12,12,8,40
3,111,110,1791052934466261,1791052934468433,2172,0,10,10,10,10,10,8,40
3,112,111,1791052934516261,1791052934517772,1511,0,11,12,12,12,13,13,58
3,113,112,1791052934566261,1791052934567813,1552,0,12,10,10,10,10,6,23
3,114,113,1791052934616261,1791052934618411,2150,0,13,10,10,10,8,4,20
3,115,114,1791052934666261,1791052934668074,1813,0,14,11,11,11,10,6,30
3,116,115,1791052934716261,1791052934717765,1504,0,15,16,16,16,16,14,70
3,117,116,1791052934766261,1791052934768674,2413,0,16,13,13,13,11,7,29
3,118,117,1791052934816261,1791052934818693,2432,0,17,11,11,11,11,9,38
3,119,118,1791052934866261,1791052934868664,2403,0,18,7,7,7,7,6,30
3,120,119,1791052934916261,1791052934918636,2375,0,19,10,10,10,9,4,11
3,121,120,1791052934966261,1791052934968570,2309,0,0,7,7,7,6,2,10
3,122,121,1791052935016261,1791052935018674,2413,0,1,13,13,13,12,8,40
3,123,122,1791052935066261,1791052935068502,2241,0,2,8,8,8,8,6,26
3,124,123,1791052935116261,1791052935117721,1460,0,3,8,8,8,8,6,29
3,125,124,1791052935166261,1791052935167827,1566,0,4,9,9,9,8,8,40
3,126,125,1791052935216261,1791052935217732,1471,0,5,9,9,9,9,8,37
3,127,126,1791052935266261,1791052935267948,1687,0,6,7,7,7,7,2,10
3,128,127,1791052935316261,1791052935317711,1450,0,7,11,11,11,10,6,30
3,129,128,1791052935366261,1791052935368640,2379,0,8,6,6,6,5,4,18
3,130,129,1791052935416261,1791052935418614,2353,0,9,12,12,12,11,10,47
3,131,130,1791052935466261,1791052935468698,2437,0,10,10,10,10,9,6,30
3,132,131,1791052935516261,1791052935518620,2359,0,11,12,12,12,13,12,55
3,133,132,1791052935566261,1791052935568431,2170,0,12,10,10,10,10,6,28
3,134,133,1791052935616261,1791052935618392,2131,0,13,10,10,10,8,4,20
3,135,134,1791052935666261,1791052935668456,2195,0,14,11,11,11,10,6,30
3,136,135,1791052935716261,1791052935717792,1531,0,15,16,16,16,16,15,70
3,137,136,1791052935766261,1791052935767830,1569,0,16,13,13,13,13,8,37
3,138,137,1791052935816261,1791052935818048,1787,0,17,11,11,11,10,10,42
3,139,138,1791052935866261,1791052935868039,1778,0,18,7,7,7,6,4,20
3,140,139,1791052935916261,1791052935918759,2498,0,19,10,10,10,8,5,17
3,141,140,1791052935966261,1791052935968792,2531,0,0,7,7,7,6,2,10
3,142,141,1791052936016261,1791052936017950,1689,0,1,13,13,13,12,10,50
3,143,142,1791052936066261,1791052936067878,1617,0,2,8,8,8,8,6,30
3,144,143,1791052936116261,1791052936118631,2370,0,3,8,8,8,8,8,31
3,145,144,1791052936166261,1791052936168640,2379,0,4,9,9,9,9,8,40
3,146,145,1791052936216261,1791052936218322,2061,0,5,9,9,9,6,2,10
3,147,146,1791052936266261,1791052936268458,2197,0,6,7,7,7,7,7,26
3,148,147,1791052936316261,1791052936317784,1523,0,7,11,11,11,10,7,30
3,149,148,1791052936366261,1791052936368279,2018,0,8,6,6,6,5,4,13
3,150,149,1791052936416261,1791052936418765,2504,0,9,12,12,12,12,12,51
3,151,150,1791052936466261,1791052936468126,1865,0,10,10,10,10,10,8,34
3,152,151,1791052936516261,1791052936517750,1489,0,11,12,12,12,12,12,59
3,153,152,1791052936566261,1791052936567893,1632,0,12,10,10,10,8,4,20
3,154,153,1791052936616261,1791052936618319,2058,0,13,10,10,10,10,8,32
3,155,154,1791052936666261,1791052936667729,1468,0,14,11,11,11,9,9,38
3,156,155,1791052936716261,1791052936718736,2475,0,15,16,16,16,16,12,59
3,157,156,1791052936766261,1791052936768142,1881,0,16,13,13,13,12,8,32
3,158,157,1791052936816261,1791052936818541,2280,0,17,11,11,11,11,8,34
3,159,158,1791052936866261,1791052936868021,1760,0,18,7,7,7,7,6,30
3,160,159,1791052936916261,1791052936918701,2440,0,19,10,10,10,10,7,28
3,161,160,1791052936966261,1791052936968035,1774,0,0,7,7,7,7,4,20
3,162,161,1791052937016261,1791052937018114,1853,0,1,13,13,13,13,10,46
3,163,162,1791052937066261,1791052937068538,2277,0,2,8,8,8,8,6,30
3,164,163,1791052937116261,1791052937117827,1566,0,3,8,8,8,7,4,20
3,165,164,1791052937166261,1791052937168280,2019,0,4,9,9,9,7,6,27
3,166,165,1791052937216261,1791052937218521,2260,0,5,9,9,9,8,6,30
3,167,166,1791052937266261,1791052937268482,2221,0,6,7,7,7,7,2,10
3,168,167,1791052937316261,1791052937317751,1490,0,7,11,11,11,11,10,41
3,169,168,1791052937366261,1791052937368047,1786,0,8,6,6,6,3,0,0
3,170,169,1791052937416261,1791052937418505,2244,0,9,12,12,12,11,6,27
3,171,170,1791052937466261,1791052937467828,1567,0,10,10,10,10,10,10,41
3,172,171,1791052937516261,1791052937517715,1454,0,11,12,12,12,13,12,55
3,173,172,1791052937566261,1791052937567942,1681,0,12,10,10,10,10,6,29
3,174,173,1791052937616261,1791052937618117,1856,0,13,10,10,10,9,4,20
3,175,174,1791052937666261,1791052937668642,2381,0,14,11,11,11,11,6,28
3,176,175,1791052937716261,1791052937718718,2457,0,15,16,16,16,17,17,79
3,177,176,1791052937766261,1791052937767971,1710,0,16,13,13,13,12,6,30
3,178,177,1791052937816261,1791052937818451,2190,0,17,11,11,11,10,9,38
3,179,178,1791052937866261,1791052937868691,2430,0,18,7,7,7,7,6,22
3,180,179,1791052937916261,1791052937917798,1537,0,19,10,10,10,9,5,20
3,181,180,1791052937966261,1791052937968041,1780,0,0,7,7,7,6,4,19
3,182,181,1791052938016261,1791052938018540,2279,0,1,13,13,13,12,10,50
3,183,182,1791052938066261,1791052938067824,1563,0,2,8,8,8,8,6,23
3,184,183,1791052938116261,1791052938118765,2504,0,3,8,8,8,7,4,20
3,185,184,1791052938166261,1791052938168101,1840,0,4,9,9,9,9,8,34
3,186,185,1791052938216261,1791052938218444,2183,0,5,9,9,9,9,6,28
3,187,186,1791052938266261,1791052938268257,1996,0,6,7,7,7,7,4,15
3,188,187,1791052938316261,1791052938318635,2374,0,7,11,11,11,12,8,40
3,189,188,1791052938366261,1791052938368652,2391,0,8,6,6,6,3,2,5
3,190,189,1791052938416261,1791052938418460,2199,0,9,12,12,12,12,10,47
3,191,190,1791052938466261,1791052938468563,2302,0,10,10,10,10,10,8,40
3,192,191,1791052938516261,1791052938517755,1494,0,11,12,12,12,13,13,60
3,193,192,1791052938566261,1791052938567841,1580,0,12,10,10,10,9,6,23
3,194,193,1791052938616261,1791052938617885,1624,0,13,10,10,10,8,6,24
3,195,194,1791052938666261,1791052938667904,1643,0,14,11,11,11,10,8,35
3,196,195,1791052938716261,1791052938717777,1516,0,15,16,16,16,15,14,70
3,197,196,1791052938766261,1791052938768723,2462,0,16,13,13,13,12,8,34
3,198,197,1791052938816261,1791052938817842,1581,0,17,11,11,11,11,10,42
3,199,198,1791052938866261,1791052938867888,1627,0,18,7,7,7,7,6,30
3,200,199,1791052938916261,1791052938918766,2505,0,19,10,10,10,9,5,19
3,201,200,1791052938966261,1791052938968118,1857,0,0,7,7,7,6,4,20
3,202,201,1791052939016261,1791052939018032,1771,0,1,13,13,13,13,10,50
3,203,202,1791052939066261,1791052939068067,1806,0,2,8,8,8,8,6,30
3,204,203,1791052939116261,1791052939117718,1457,0,3,8,8,8,8,8,34
3,205,204,1791052939166261,1791052939168763,2502,0,4,9,9,9,9,8,37
3,206,205,1791052939216261,1791052939217828,1567,0,5,9,9,9,8,6,22
3,207,206,1791052939266261,1791052939267781,1520,0,6,7,7,7,7,2,10
3,208,207,1791052939316261,1791052939317756,1495,0,7,11,11,11,12,9,40
3,209,208,1791052939366261,1791052939367967,1706,0,8,6,6,6,6,2,9
3,210,209,1791052939416261,1791052939417856,1595,0,9,12,12,12,12,6,30
3,211,210,1791052939466261,1791052939467733,1472,0,10,10,10,10,10,10,45
3,212,211,1791052939516261,1791052939517728,1467,0,11,12,12,12,11,10,46
3,213,212,1791052939566261,1791052939568745,2484,0,12,10,10,10,9,6,23
3,214,213,1791052939616261,1791052939618738,2477,0,13,10,10,10,9,6,28
3,215,214,1791052939666261,1791052939668716,2455,0,14,11,11,11,10,6,25
3,216,215,1791052939716261,1791052939718612,2351,0,15,16,16,16,15,13,56
3,217,216,1791052939766261,1791052939768670,2409,0,16,13,13,13,12,8,31
3,218,217,1791052939816261,1791052939818674,2413,0,17,11,11,11,10,5,19
3,219,218,1791052939866261,1791052939868680,2419,0,18,7,7,7,6,6,25
3,220,219,1791052939916261,1791052939918646,2385,0,19,10,10,10,10,5,18
3,221,220,1791052939966261,1791052939968504,2243,0,0,7,7,7,7,4,14
3,222,221,1791052940016261,1791052940018577,2316,0,1,13,13,13,10,8,40
3,223,222,1791052940066261,1791052940068314,2053,0,2,8,8,8,8,6,30
3,224,223,1791052940116261,1791052940117846,1585,0,3,8,8,8,8,5,16
3,225,224,1791052940166261,1791052940167916,1655,0,4,9,9,9,8,6,30
3,226,225,1791052940216261,1791052940217777,1516,0,5,9,9,9,8,6,30
3,227,226,1791052940266261,1791052940268313,2052,0,6,7,7,7,7,2,10
3,228,227,1791052940316261,1791052940317746,1485,0,7,11,11,11,10,6,30
3,229,228,1791052940366261,1791052940368776,2515,0,8,6,6,6,5,2,4
3,230,229,1791052940416261,1791052940418780,2519,0,9,12,12,12,11,6,30
3,231,230,1791052940466261,1791052940468259,1998,0,10,10,10,10,10,10,50
3,232,231,1791052940516261,1791052940517881,1620,0,11,12,12,12,12,11,47
3,233,232,1791052940566261,1791052940568378,2117,0,12,10,10,10,10,6,30
3,234,233,1791052940616261,1791052940617857,1596,0,13,10,10,10,9,5,16
3,235,234,1791052940666261,1791052940667940,1679,0,14,11,11,11,10,6,30
3,236,235,1791052940716261,1791052940717877,1616,0,15,16,16,16,17,16,77
3,237,236,1791052940766261,1791052940768192,1931,0,16,13,13,13,12,6,30
3,238,237,1791052940816261,1791052940818113,1852,0,17,11,11,11,10,6,29
3,239,238,1791052940866261,1791052940868043,1782,0,18,7,7,7,7,6,30
3,240,239,1791052940916261,1791052940918753,2492,0,19,10,10,10,9,5,15
3,241,240,1791052940966261,1791052940968623,2362,0,0,7,7,7,7,2,10
3,242,241,1791052941016261,1791052941018417,2156,0,1,13,13,13,12,10,44
3,243,242,1791052941066261,1791052941068306,2045,0,2,8,8,8,8,6,26
3,244,243,1791052941116261,1791052941117749,1488,0,3,8,8,8,7,6,25
3,245,244,1791052941166261,1791052941168488,2227,0,4,9,9,9,9,8,40
3,246,245,1791052941216261,1791052941218232,1971,0,5,9,9,9,9,8,37
3,247,246,1791052941266261,1791052941268541,2280,0,6,7,7,7,7,2,10
3,248,247,1791052941316261,1791052941317785,1524,0,7,11,11,11,12,9,40
3,249,248,1791052941366261,1791052941367841,1580,0,8,6,6,6,6,4,11
3,250,249,1791052941416261,1791052941418070,1809,0,9,12,12,12,12,8,40
3,251,250,1791052941466261,1791052941468055,1794,0,10,10,10,10,9,8,40
3,252,251,1791052941516261,1791052941517733,1472,0,11,12,12,12,11,10,50
3,253,252,1791052941566261,1791052941568481,2220,0,12,10,10,10,10,9,33
3,254,253,1791052941616261,1791052941618128,1867,0,13,10,10,10,10,6,25
3,255,254,1791052941666261,1791052941667824,1563,0,14,11,11,11,11,8,35
3,256,255,1791052941716261,1791052941717870,1609,0,15,16,16,16,17,15,70
3,257,256,1791052941766261,1791052941768362,2101,0,16,13,13,13,11,4,20
3,258,257,1791052941816261,1791052941818815,2554,0,17,11,11,11,10,4,20
3,259,258,1791052941866261,1791052941867968,1707,0,18,7,7,7,7,6,27
3,260,259,1791052941916261,1791052941917714,1453,0,19,10,10,10,10,6,23
3,261,260,1791052941966261,1791052941968534,2273,0,0,7,7,7,6,4,19
3,262,261,1791052942016261,1791052942018586,2325,0,1,13,13,13,13,10,45
3,263,262,1791052942066261,1791052942068475,2214,0,2,8,8,8,8,6,30
3,264,263,1791052942116261,1791052942117902,1641,0,3,8,8,8,7,6,21
3,265,264,1791052942166261,1791052942168049,1788,0,4,9,9,9,8,8,32
3,266,265,1791052942216261,1791052942218197,1936,0,5,9,9,9,8,6,29
3,267,266,1791052942266261,1791052942268103,1842,0,6,7,7,7,7,2,8
3,268,267,1791052942316261,1791052942317749,1488,0,7,11,11,11,11,8,40
3,269,268,1791052942366261,1791052942368525,2264,0,8,6,6,6,4,0,0
3,270,269,1791052942416261,1791052942418432,2171,0,9,12,12,12,11,4,20
3,271,270,1791052942466261,1791052942468557,2296,0,10,10,10,10,10,10,44
3,272,271,1791052942516261,1791052942518757,2496,0,11,12,12,12,12,11,43
3,273,272,1791052942566261,1791052942567839,1578,0,12,10,10,10,9,9,31
3,274,273,1791052942616261,1791052942618003,1742,0,13,10,10,10,8,8,39
3,275,274,1791052942666261,1791052942668070,1809,0,14,11,11,11,8,5,20
3,276,275,1791052942716261,1791052942717709,1448,0,15,16,16,16,16,15,70
3,277,276,1791052942766261,1791052942768626,2365,0,16,13,13,13,12,7,21
3,278,277,1791052942816261,1791052942818652,2391,0,17,11,11,11,11,4,20
3,279,278,1791052942866261,1791052942868765,2504,0,18,7,7,7,5,4,20
3,280,279,1791052942916261,1791052942917734,1473,0,19,10,10,10,10,9,30
3,281,280,1791052942966261,1791052942968575,2314,0,0,7,7,7,6,4,19
3,282,281,1791052943016261,1791052943018539,2278,0,1,13,13,13,11,10,42
3,283,282,1791052943066261,1791052943068701,2440,0,2,8,8,8,8,6,25
3,284,283,1791052943116261,1791052943117715,1454,0,3,8,8,8,6,2,10
3,285,284,1791052943166261,1791052943167915,1654,0,4,9,9,9,9,6,30
3,286,285,1791052943216261,1791052943217875,1614,0,5,9,9,9,7,6,30
3,287,286,1791052943266261,1791052943267830,1569,0,6,7,7,7,7,2,10
3,288,287,1791052943316261,1791052943317761,1500,0,7,11,11,11,11,9,37
3,289,288,1791052943366261,1791052943368759,2498,0,8,6,6,6,5,2,9
3,290,289,1791052943416261,1791052943418008,1747,0,9,12,12,12,11,6,30
3,291,290,1791052943466261,1791052943467961,1700,0,10,10,10,10,10,10,48
3,292,291,1791052943516261,1791052943518666,2405,0,11,12,12,12,13,10,43
3,293,292,1791052943566261,1791052943567817,1556,0,12,10,10,10,10,8,34
3,294,293,1791052943616261,1791052943618215,1954,0,13,10,10,10,8,4,12
3,295,294,1791052943666261,1791052943667827,1566,0,14,11,11,11,11,8,34
3,296,295,1791052943716261,1791052943717713,1452,0,15,16,16,16,16,16,69
3,297,296,1791052943766261,1791052943768119,1858,0,16,13,13,13,12,6,26
3,298,297,1791052943816261,1791052943818258,1997,0,17,11,11,11,11,7,22
3,299,298,1791052943866261,1791052943868714,2453,0,18,7,7,7,6,6,22
3,300,299,1791052943916261,1791052943917751,1490,0,19,10,10,10,10,6,25
3,301,300,1791052943966261,1791052943968679,2418,0,0,7,7,7,7,4,18
3,302,301,1791052944016261,1791052944018644,2383,0,1,13,13,13,12,11,48
3,303,302,1791052944066261,1791052944068630,2369,0,2,8,8,8,8,6,29
3,304,303,1791052944116261,1791052944117780,1519,0,3,8,8,8,7,6,30
3,305,304,1791052944166261,1791052944167876,1615,0,4,9,9,9,9,8,40
3,306,305,1791052944216261,1791052944218648,2387,0,5,9,9,9,9,9,34
3,307,306,1791052944266261,1791052944268639,2378,0,6,7,7,7,6,0,0
3,308,307,1791052944316261,1791052944317776,1515,0,7,11,11,11,12,8,40
3,309,308,1791052944366261,1791052944367944,1683,0,8,6,6,6,5,2,9
3,310,309,1791052944416261,1791052944418011,1750,0,9,12,12,12,12,8,40
3,311,310,1791052944466261,1791052944468236,1975,0,10,10,10,10,10,8,37
3,312,311,1791052944516261,1791052944517725,1464,0,11,12,12,12,12,10,48
3,313,312,1791052944566261,1791052944568658,2397,0,12,10,10,10,9,6,30
3,314,313,1791052944616261,1791052944618673,2412,0,13,10,10,10,8,4,11
3,315,314,1791052944666261,1791052944668787,2526,0,14,11,11,11,10,6,26
3,316,315,1791052944716261,1791052944718733,2472,0,15,16,16,16,14,10,50
3,317,316,1791052944766261,1791052944768757,2496,0,16,13,13,13,13,6,30
3,318,317,1791052944816261,1791052944817890,1629,0,17,11,11,11,11,4,20
3,319,318,1791052944866261,1791052944868735,2474,0,18,7,7,7,7,6,23
3,320,319,1791052944916261,1791052944918744,2483,0,19,10,10,10,11,10,33
3,321,320,1791052944966261,1791052944967885,1624,0,0,7,7,7,5,4,19
3,322,321,1791052945016261,1791052945017903,1642,0,1,13,13,13,11,8,39
3,323,322,1791052945066261,1791052945068143,1882,0,2,8,8,8,8,6,30
3,324,323,1791052945116261,1791052945118735,2474,0,3,8,8,8,7,4,20
3,325,324,1791052945166261,1791052945168348,2087,0,4,9,9,9,8,6,28
3,326,325,1791052945216261,1791052945218426,2165,0,5,9,9,9,8,6,22
3,327,326,1791052945266261,1791052945268712,2451,0,6,7,7,7,6,4,20
3,328,327,1791052945316261,1791052945318757,2496,0,7,11,11,11,12,12,44
3,329,328,1791052945366261,1791052945368674,2413,0,8,6,6,6,5,2,10
3,330,329,1791052945416261,1791052945417726,1465,0,9,12,12,12,12,8,38
3,331,330,1791052945466261,1791052945468323,2062,0,10,10,10,10,10,9,34
3,332,331,1791052945516261,1791052945518708,2447,0,11,12,12,12,12,10,50
3,333,332,1791052945566261,1791052945567888,1627,0,12,10,10,10,9,6,24
3,334,333,1791052945616261,1791052945618396,2135,0,13,10,10,10,9,4,20
3,335,334,1791052945666261,1791052945668360,2099,0,14,11,11,11,10,6,30
3,336,335,1791052945716261,1791052945718745,2484,0,15,16,16,16,15,14,70
3,337,336,1791052945766261,1791052945768759,2498,0,16,13,13,13,12,6,29
3,338,337,1791052945816261,1791052945817800,1539,0,17,11,11,11,9,8,34
3,339,338,1791052945866261,1791052945867901,1640,0,18,7,7,7,7,6,30
3,340,339,1791052945916261,1791052945918736,2475,0,19,10,10,10,10,6,29
3,341,340,1791052945966261,1791052945968351,2090,0,0,7,7,7,7,4,12
3,342,341,1791052946016261,1791052946018358,2097,0,1,13,13,13,13,12,51
3,343,342,1791052946066261,1791052946068684,2423,0,2,8,8,8,8,6,30
3,344,343,1791052946116261,1791052946117737,1476,0,3,8,8,8,8,8,39
3,345,344,1791052946166261,1791052946168751,2490,0,4,9,9,9,9,6,30
3,346,345,1791052946216261,1791052946218569,2308,0,5,9,9,9,9,9,32
3,347,346,1791052946266261,1791052946268689,2428,0,6,7,7,7,7,2,10
3,348,347,1791052946316261,1791052946317810,1549,0,7,11,11,11,11,6,30
3,349,348,1791052946366261,1791052946368220,1959,0,8,6,6,6,6,2,10
3,350,349,1791052946416261,1791052946417768,1507,0,9,12,12,12,10,4,20
3,351,350,1791052946466261,1791052946468695,2434,0,10,10,10,10,10,10,50
3,352,351,1791052946516261,1791052946517762,1501,0,11,12,12,12,10,8,37
3,353,352,1791052946566261,1791052946567947,1686,0,12,10,10,10,10,9,36
3,354,353,1791052946616261,1791052946618272,2011,0,13,10,10,10,10,8,33
3,355,354,1791052946666261,1791052946668283,2022,0,14,11,11,11,8,4,16
3,356,355,1791052946716261,1791052946717945,1684,0,15,16,16,16,17,14,63
3,357,356,1791052946766261,1791052946768217,1956,0,16,13,13,13,12,6,26
3,358,357,1791052946816261,1791052946818174,1913,0,17,11,11,11,9,4,17
3,359,358,1791052946866261,1791052946868446,2185,0,18,7,7,7,7,6,30
3,360,359,1791052946916261,1791052946917810,1549,0,19,10,10,10,8,4,11
3,361,360,1791052946966261,1791052946968741,2480,0,0,7,7,7,5,2,10
3,362,361,1791052947016261,1791052947018397,2136,0,1,13,13,13,13,12,51
3,363,362,1791052947066261,1791052947067888,1627,0,2,8,8,8,8,6,27
3,364,363,1791052947116261,1791052947118741,2480,0,3,8,8,8,8,4,20
3,365,364,1791052947166261,1791052947167764,1503,0,4,9,9,9,9,6,28
3,366,365,1791052947216261,1791052947218121,1860,0,5,9,9,9,9,7,26
3,367,366,1791052947266261,1791052947268049,1788,0,6,7,7,7,6,4,14
3,368,367,1791052947316261,1791052947318753,2492,0,7,11,11,11,10,8,40
3,369,368,1791052947366261,1791052947368575,2314,0,8,6,6,6,6,2,10
3,370,369,1791052947416261,1791052947418593,2332,0,9,12,12,12,11,8,38
3,371,370,1791052947466261,1791052947467969,1708,0,10,10,10,10,9,8,35
3,372,371,1791052947516261,1791052947518072,1811,0,11,12,12,12,13,12,54
3,373,372,1791052947566261,1791052947567887,1626,0,12,10,10,10,6,4,20
3,374,373,1791052947616261,1791052947618485,2224,0,13,10,10,10,8,5,15
3,375,374,1791052947666261,1791052947668791,2530,0,14,11,11,11,11,6,27
3,376,375,1791052947716261,1791052947717785,1524,0,15,16,16,16,16,16,79
3,377,376,1791052947766261,1791052947767948,1687,0,16,13,13,13,11,8,33
3,378,377,1791052947816261,1791052947818047,1786,0,17,11,11,11,11,9,37
3,379,378,1791052947866261,1791052947868146,1885,0,18,7,7,7,6,4,20
3,380,379,1791052947916261,1791052947918768,2507,0,19,10,10,10,10,6,21
3,381,380,1791052947966261,1791052947967851,1590,0,0,7,7,7,6,6,22
3,382,381,1791052948016261,1791052948017884,1623,0,1,13,13,13,12,8,33
3,383,382,1791052948066261,1791052948068125,1864,0,2,8,8,8,8,6,30
3,384,383,1791052948116261,1791052948118792,2531,0,3,8,8,8,9,8,27
3,385,384,1791052948166261,1791052948167944,1683,0,4,9,9,9,9,9,40
3,386,385,1791052948216261,1791052948217793,1532,0,5,9,9,9,7,6,21
3,387,386,1791052948266261,1791052948268071,1810,0,6,7,7,7,6,2,10
3,388,387,1791052948316261,1791052948318744,2483,0,7,11,11,11,10,8,40
3,389,388,1791052948366261,1791052948368647,2386,0,8,6,6,6,5,2,3
3,390,389,1791052948416261,1791052948418320,2059,0,9,12,12,12,12,6,25
3,391,390,1791052948466261,1791052948468623,2362,0,10,10,10,10,9,6,30
3,392,391,1791052948516261,1791052948517780,1519,0,11,12,12,12,13,12,51
3,393,392,1791052948566261,1791052948568207,1946,0,12,10,10,10,9,8,31
3,394,393,1791052948616261,1791052948618595,2334,0,13,10,10,10,7,4,15
3,395,394,1791052948666261,1791052948667797,1536,0,14,11,11,11,11,6,23
3,396,395,1791052948716261,1791052948717756,1495,0,15,16,16,16,16,14,66
3,397,396,1791052948766261,1791052948767764,1503,0,16,13,13,13,13,8,34
3,398,397,1791052948816261,1791052948817882,1621,0,17,11,11,11,10,4,20
3,399,398,1791052948866261,1791052948868466,2205,0,18,7,7,7,7,6,23
3,400,399,1791052948916261,1791052948917759,1498,0,19,10,10,10,9,9,32
3,401,400,1791052948966261,1791052948968712,2451,0,0,7,7,7,6,4,20
3,402,401,1791052949016261,1791052949018523,2262,0,1,13,13,13,9,6,26
3,403,402,1791052949066261,1791052949068554,2293,0,2,8,8,8,8,6,30
3,404,403,1791052949116261,1791052949118010,1749,0,3,8,8,8,6,2,10
3,405,404,1791052949166261,1791052949167987,1726,0,4,9,9,9,8,4,20
3,406,405,1791052949216261,1791052949218041,1780,0,5,9,9,9,9,8,39
3,407,406,1791052949266261,1791052949268034,1773,0,6,7,7,7,7,2,7
3,408,407,1791052949316261,1791052949318756,2495,0,7,11,11,11,10,8,38
3,409,408,1791052949366261,1791052949367737,1476,0,8,6,6,6,4,4,13
3,410,409,1791052949416261,1791052949417960,1699,0,9,12,12,12,12,12,53
3,411,410,1791052949466261,1791052949468536,2275,0,10,10,10,10,6,6,25
3,412,411,1791052949516261,1791052949517873,1612,0,11,12,12,12,11,8,40
3,413,412,1791052949566261,1791052949568070,1809,0,12,10,10,10,10,7,26
3,414,413,1791052949616261,1791052949618202,1941,0,13,10,10,10,10,4,15
3,415,414,1791052949666261,1791052949668421,2160,0,14,11,11,11,11,6,30
3,416,415,1791052949716261,1791052949717786,1525,0,15,16,16,16,16,15,61
3,417,416,1791052949766261,1791052949767894,1633,0,16,13,13,13,13,6,30
3,418,417,1791052949816261,1791052949817916,1655,0,17,11,11,11,11,8,31
3,419,418,1791052949866261,1791052949868163,1902,0,18,7,7,7,7,6,30
3,420,419,1791052949916261,1791052949917818,1557,0,19,10,10,10,7,2,10
3,421,420,1791052949966261,1791052949968719,2458,0,0,7,7,7,6,2,10
3,422,421,1791052950016261,1791052950018725,2464,0,1,13,13,13,11,8,40
3,423,422,1791052950066261,1791052950068705,2444,0,2,8,8,8,8,6,30
3,424,423,1791052950116261,1791052950117762,1501,0,3,8,8,8,8,7,28
3,425,424,1791052950166261,1791052950167806,1545,0,4,9,9,9,9,8,39
3,426,425,1791052950216261,1791052950217961,1700,0,5,9,9,9,8,8,33
3,427,426,1791052950266261,1791052950268625,2364,0,6,7,7,7,6,2,9
3,428,427,1791052950316261,1791052950318763,2502,0,7,11,11,11,11,8,40
3,429,428,1791052950366261,1791052950368673,2412,0,8,6,6,6,5,2,7
3,430,429,1791052950416261,1791052950418421,2160,0,9,12,12,12,12,8,37
3,431,430,1791052950466261,1791052950468789,2528,0,10,10,10,10,9,8,31
3,432,431,1791052950516261,1791052950517846,1585,0,11,12,12,12,13,11,41
3,433,432,1791052950566261,1791052950568777,2516,0,12,10,10,10,9,6,28
3,434,433,1791052950616261,1791052950618660,2399,0,13,10,10,10,9,6,29
3,435,434,1791052950666261,1791052950668524,2263,0,14,11,11,11,9,6,30
3,436,435,1791052950716261,1791052950717806,1545,0,15,16,16,16,15,14,63
3,437,436,1791052950766261,1791052950768606,2345,0,16,13,13,13,12,6,26
3,438,437,1791052950816261,1791052950818571,2310,0,17,11,11,11,11,4,12
3,439,438,1791052950866261,1791052950867947,1686,0,18,7,7,7,7,6,28
3,440,439,1791052950916261,1791052950918709,2448,0,19,10,10,10,10,7,26
3,441,440,1791052950966261,1791052950968696,2435,0,0,7,7,7,7,4,16
3,442,441,1791052951016261,1791052951018543,2282,0,1,13,13,13,10,8,40
3,443,442,1791052951066261,1791052951068641,2380,0,2,8,8,8,8,6,30
3,444,443,1791052951116261,1791052951117792,1531,0,3,8,8,8,8,4,13
3,445,444,1791052951166261,1791052951168695,2434,0,4,9,9,9,9,7,28
3,446,445,1791052951216261,1791052951217895,1634,0,5,9,9,9,9,6,30
3,447,446,1791052951266261,1791052951268424,2163,0,6,7,7,7,7,6,23
3,448,447,1791052951316261,1791052951317712,1451,0,7,11,11,11,11,11,47
3,449,448,1791052951366261,1791052951368598,2337,0,8,6,6,6,4,0,0
3,450,449,1791052951416261,1791052951418240,1979,0,9,12,12,12,12,6,28
3,451,450,1791052951466261,1791052951468143,1882,0,10,10,10,10,10,10,50
3,452,451,1791052951516261,1791052951518753,2492,0,11,12,12,12,13,10,42
3,453,452,1791052951566261,1791052951568165,1904,0,12,10,10,10,10,7,29
3,454,453,1791052951616261,1791052951618205,1944,0,13,10,10,10,7,4,19
3,455,454,1791052951666261,1791052951668208,1947,0,14,11,11,11,11,6,29
3,456,455,1791052951716261,1791052951717744,1483,0,15,16,16,16,16,16,71
3,457,456,1791052951766261,1791052951768576,2315,0,16,13,13,13,13,6,30
3,458,457,1791052951816261,1791052951817834,1573,0,17,11,11,11,10,5,15
3,459,458,1791052951866261,1791052951868042,1781,0,18,7,7,7,7,6,29
3,460,459,1791052951916261,1791052951917765,1504,0,19,10,10,10,9,7,28
3,461,460,1791052951966261,1791052951967790,1529,0,0,7,7,7,7,4,17
3,462,461,1791052952016261,1791052952018772,2511,0,1,13,13,13,10,8,40
3,463,462,1791052952066261,1791052952068729,2468,0,2,8,8,8,8,6,23
3,464,463,1791052952116261,1791052952117770,1509,0,3,8,8,8,9,7,27
3,465,464,1791052952166261,1791052952168600,2339,0,4,9,9,9,8,8,33
3,466,465,1791052952216261,1791052952217883,1622,0,5,9,9,9,8,6,30
3,467,466,1791052952266261,1791052952267788,1527,0,6,7,7,7,5,2,10
3,468,467,1791052952316261,1791052952318768,2507,0,7,11,11,11,11,6,30
3,469,468,1791052952366261,1791052952368078,1817,0,8,6,6,6,5,4,19
3,470,469,1791052952416261,1791052952418056,1795,0,9,12,12,12,12,10,50
3,471,470,1791052952466261,1791052952467842,1581,0,10,10,10,10,9,7,30
3,472,471,1791052952516261,1791052952517847,1586,0,11,12,12,12,12,11,44
3,473,472,1791052952566261,1791052952567949,1688,0,12,10,10,10,10,8,34
3,474,473,1791052952616261,1791052952618162,1901,0,13,10,10,10,9,4,16
3,475,474,1791052952666261,1791052952668777,2516,0,14,11,11,11,11,6,30
3,476,475,1791052952716261,1791052952717702,1441,0,15,16,16,16,16,14,70
3,477,476,1791052952766261,1791052952768749,2488,0,16,13,13,13,13,8,33
3,478,477,1791052952816261,1791052952818759,2498,0,17,11,11,11,10,8,34
3,479,478,1791052952866261,1791052952868681,2420,0,18,7,7,7,7,6,24
3,480,479,1791052952916261,1791052952918689,2428,0,19,10,10,10,9,6,21
3,481,480,1791052952966261,1791052952968483,2222,0,0,7,7,7,6,4,16
3,482,481,1791052953016261,1791052953018692,2431,0,1,13,13,13,13,10,48
3,483,482,1791052953066261,1791052953068275,2014,0,2,8,8,8,8,6,30
3,484,483,1791052953116261,1791052953117732,1471,0,3,8,8,8,8,4,17
3,485,484,1791052953166261,1791052953168001,1740,0,4,9,9,9,9,6,23
3,486,485,1791052953216261,1791052953218238,1977,0,5,9,9,9,9,8,34
3,487,486,1791052953266261,1791052953268340,2079,0,6,7,7,7,7,2,10
3,488,487,1791052953316261,1791052953317870,1609,0,7,11,11,11,11,7,30
3,489,488,1791052953366261,1791052953368230,1969,0,8,6,6,6,6,2,10
3,490,489,1791052953416261,1791052953418432,2171,0,9,12,12,12,12,8,40
3,491,490,1791052953466261,1791052953468696,2435,0,10,10,10,10,10,8,38
3,492,491,1791052953516261,1791052953517740,1479,0,11,12,12,12,11,10,50
3,493,492,1791052953566261,1791052953567744,1483,0,12,10,10,10,9,6,26
3,494,493,1791052953616261,1791052953618159,1898,0,13,10,10,10,10,6,28
3,495,494,1791052953666261,1791052953668720,2459,0,14,11,11,11,8,6,30
3,496,495,1791052953716261,1791052953718710,2449,0,15,16,16,16,17,15,69
3,497,496,1791052953766261,1791052953767798,1537,0,16,13,13,13,9,6,30
3,498,497,1791052953816261,1791052953818299,2038,0,17,11,11,11,11,9,34
3,499,498,1791052953866261,1791052953868553,2292,0,18,7,7,7,7,6,30
3,500,499,1791052953916261,1791052953917873,1612,0,19,10,10,10,8,2,10
3,501,500,1791052953966261,1791052953968084,1823,0,0,7,7,7,7,2,10
3,502,501,1791052954016261,1791052954018535,2274,0,1,13,13,13,13,10,46
3,503,502,1791052954066261,1791052954068539,2278,0,2,8,8,8,8,6,27
3,504,503,1791052954116261,1791052954117755,1494,0,3,8,8,8,7,4,20
3,505,504,1791052954166261,1791052954168703,2442,0,4,9,9,9,8,6,30
3,506,505,1791052954216261,1791052954218746,2485,0,5,9,9,9,8,6,30
3,507,506,1791052954266261,1791052954268558,2297,0,6,7,7,7,7,2,10
3,508,507,1791052954316261,1791052954317740,1479,0,7,11,11,11,12,10,41
3,509,508,1791052954366261,1791052954367763,1502,0,8,6,6,6,5,2,3
3,510,509,1791052954416261,1791052954417829,1568,0,9,12,12,12,12,8,40
3,511,510,1791052954466261,1791052954467857,1596,0,10,10,10,10,10,9,40
3,512,511,1791052954516261,1791052954517714,1453,0,11,12,12,12,11,10,50
3,513,512,1791052954566261,1791052954568757,2496,0,12,10,10,10,9,8,32
3,514,513,1791052954616261,1791052954617863,1602,0,13,10,10,10,8,4,20
3,515,514,1791052954666261,1791052954667893,1632,0,14,11,11,11,10,6,30
3,516,515,1791052954716261,1791052954717873,1612,0,15,16,16,16,17,16,79
3,517,516,1791052954766261,1791052954768066,1805,0,16,13,13,13,12,8,36
3,518,517,1791052954816261,1791052954818597,2336,0,17,11,11,11,11,10,50
3,519,518,1791052954866261,1791052954868675,2414,0,18,7,7,7,7,6,30
3,520,519,1791052954916261,1791052954917734,1473,0,19,10,10,10,7,4,19
3,521,520,1791052954966261,1791052954967865,1604,0,0,7,7,7,7,4,20
3,522,521,1791052955016261,1791052955017813,1552,0,1,13,13,13,10,8,40
3,523,522,1791052955066261,1791052955068291,2030,0,2,8,8,8,8,6,30
3,524,523,1791052955116261,1791052955117716,1455,0,3,8,8,8,9,8,39
3,525,524,1791052955166261,1791052955167859,1598,0,4,9,9,9,9,8,40
3,526,525,1791052955216261,1791052955218068,1807,0,5,9,9,9,7,6,23
3,527,526,1791052955266261,1791052955267829,1568,0,6,7,7,7,7,4,15
3,528,527,1791052955316261,1791052955317726,1465,0,7,11,11,11,10,6,30
3,529,528,1791052955366261,1791052955368616,2355,0,8,6,6,6,5,2,6
3,530,529,1791052955416261,1791052955418685,2424,0,9,12,12,12,11,6,30
3,531,530,1791052955466261,1791052955467860,1599,0,10,10,10,10,10,10,41
3,532,531,1791052955516261,1791052955517801,1540,0,11,12,12,12,13,12,52
3,533,532,1791052955566261,1791052955568010,1749,0,12,10,10,10,9,4,20
3,534,533,1791052955616261,1791052955618259,1998,0,13,10,10,10,10,7,28
3,535,534,1791052955666261,1791052955668278,2017,0,14,11,11,11,11,6,27
3,536,535,1791052955716261,1791052955717932,1671,0,15,16,16,16,16,16,71
3,537,536,1791052955766261,1791052955768236,1975,0,16,13,13,13,12,6,30
3,538,537,1791052955816261,1791052955818685,2424,0,17,11,11,11,10,4,13
3,539,538,1791052955866261,1791052955868053,1792,0,18,7,7,7,7,6,30
3,540,539,1791052955916261,1791052955917760,1499,0,19,10,10,10,9,6,29
3,541,540,1791052955966261,1791052955968172,1911,0,0,7,7,7,7,4,20
3,542,541,1791052956016261,1791052956018034,1773,0,1,13,13,13,13,12,51
3,543,542,1791052956066261,1791052956068773,2512,0,2,8,8,8,7,4,20
3,544,543,1791052956116261,1791052956118692,2431,0,3,8,8,8,8,6,21
3,545,544,1791052956166261,1791052956168098,1837,0,4,9,9,9,9,4,20
3,546,545,1791052956216261,1791052956218107,1846,0,5,9,9,9,9,8,40
3,547,546,1791052956266261,1791052956267942,1681,0,6,7,7,7,7,4,15
3,548,547,1791052956316261,1791052956317755,1494,0,7,11,11,11,11,8,40
3,549,548,1791052956366261,1791052956367777,1516,0,8,6,6,6,4,4,16
3,550,549,1791052956416261,1791052956417846,1585,0,9,12,12,12,11,8,36
3,551,550,1791052956466261,1791052956468204,1943,0,10,10,10,10,8,6,30
3,552,551,1791052956516261,1791052956517724,1463,0,11,12,12,12,13,12,51
3,553,552,1791052956566261,1791052956568758,2497,0,12,10,10,10,9,6,30
3,554,553,1791052956616261,1791052956618076,1815,0,13,10,10,10,10,5,20
3,555,554,1791052956666261,1791052956668161,1900,0,14,11,11,11,11,6,30
3,556,555,1791052956716261,1791052956717772,1511,0,15,16,16,16,14,14,70
3,557,556,1791052956766261,1791052956767953,1692,0,16,13,13,13,13,6,29
3,558,557,1791052956816261,1791052956817856,1595,0,17,11,11,11,10,8,33
3,559,558,1791052956866261,1791052956867949,1688,0,18,7,7,7,7,6,22
3,560,559,1791052956916261,1791052956917781,1520,0,19,10,10,10,10,7,26
3,561,560,1791052956966261,1791052956968649,2388,0,0,7,7,7,7,6,24
3,562,561,1791052957016261,1791052957017891,1630,0,1,13,13,13,13,10,46
3,563,562,1791052957066261,1791052957068729,2468,0,2,8,8,8,8,6,26
3,564,563,1791052957116261,1791052957118743,2482,0,3,8,8,8,8,8,38
3,565,564,1791052957166261,1791052957168562,2301,0,4,9,9,9,9,8,34
3,566,565,1791052957216261,1791052957218633,2372,0,5,9,9,9,9,5,20
3,567,566,1791052957266261,1791052957268682,2421,0,6,7,7,7,7,6,29
3,568,567,1791052957316261,1791052957318709,2448,0,7,11,11,11,12,11,45
3,569,568,1791052957366261,1791052957368724,2463,0,8,6,6,6,4,2,5
3,570,569,1791052957416261,1791052957418733,2472,0,9,12,12,12,12,8,37
3,571,570,1791052957466261,1791052957468627,2366,0,10,10,10,10,10,8,37
3,572,571,1791052957516261,1791052957518771,2510,0,11,12,12,12,13,12,53
3,573,572,1791052957566261,1791052957568745,2484,0,12,10,10,10,9,7,29
3,574,573,1791052957616261,1791052957618564,2303,0,13,10,10,10,10,7,29
3,575,574,1791052957666261,1791052957668530,2269,0,14,11,11,11,11,8,40
3,576,575,1791052957716261,1791052957717709,1448,0,15,16,16,16,17,15,70
3,577,576,1791052957766261,1791052957768120,1859,0,16,13,13,13,11,6,30
3,578,577,1791052957816261,1791052957817888,1627,0,17,11,11,11,9,6,24
3,579,578,1791052957866261,1791052957867798,1537,0,18,7,7,7,6,4,20
3,580,579,1791052957916261,1791052957917714,1453,0,19,10,10,10,9,6,30
3,581,580,1791052957966261,1791052957968523,2262,0,0,7,7,7,7,4,17
3,582,581,1791052958016261,1791052958018344,2083,0,1,13,13,13,13,10,50
3,583,582,1791052958066261,1791052958068255,1994,0,2,8,8,8,8,6,30
3,584,583,1791052958116261,1791052958117794,1533,0,3,8,8,8,9,9,37
3,585,584,1791052958166261,1791052958167839,1578,0,4,9,9,9,8,6,30
3,586,585,1791052958216261,1791052958217853,1592,0,5,9,9,9,9,9,32
3,587,586,1791052958266261,1791052958267896,1635,0,6,7,7,7,7,5,12
3,588,587,1791052958316261,1791052958318743,2482,0,7,11,11,11,12,6,30
3,589,588,1791052958366261,1791052958367992,1731,0,8,6,6,6,5,4,13
3,590,589,1791052958416261,1791052958418061,1800,0,9,12,12,12,10,4,20
3,591,590,1791052958466261,1791052958468133,1872,0,10,10,10,10,9,8,40
3,592,591,1791052958516261,1791052958518758,2497,0,11,12,12,12,12,12,52
3,593,592,1791052958566261,1791052958568667,2406,0,12,10,10,10,9,6,23
3,594,593,1791052958616261,1791052958618654,2393,0,13,10,10,10,9,7,27
3,595,594,1791052958666261,1791052958668713,2452,0,14,11,11,11,8,6,22
3,596,595,1791052958716261,1791052958718749,2488,0,15,16,16,16,15,10,50
3,597,596,1791052958766261,1791052958768736,2475,0,16,13,13,13,13,8,36
3,598,597,1791052958816261,1791052958818524,2263,0,17,11,11,11,8,4,20
3,599,598,1791052958866261,1791052958868780,2519,0,18,7,7,7,6,4,20
3,600,599,1791052958916261,1791052958917750,1489,0,19,10,10,10,8,5,20
3,601,600,1791052958966261,1791052958967839,1578,0,0,7,7,7,6,4,16
3,602,601,1791052959016261,1791052959018705,2444,0,1,13,13,13,11,8,40
3,603,602,1791052959066261,1791052959067777,1516,0,2,8,8,8,8,6,30
3,604,603,1791052959116261,1791052959117854,1593,0,3,8,8,8,8,4,20
3,605,604,1791052959166261,1791052959167969,1708,0,4,9,9,9,7,4,20
3,606,605,1791052959216261,1791052959218140,1879,0,5,9,9,9,8,6,28
3,607,606,1791052959266261,1791052959267986,1725,0,6,7,7,7,7,4,16
3,608,607,1791052959316261,1791052959317730,1469,0,7,11,11,11,11,8,35
3,609,608,1791052959366261,1791052959367990,1729,0,8,6,6,6,6,2,8
3,610,609,1791052959416261,1791052959418052,1791,0,9,12,12,12,10,4,20
3,611,610,1791052959466261,1791052959468336,2075,0,10,10,10,10,10,10,43
3,612,611,1791052959516261,1791052959517885,1624,0,11,12,12,12,13,12,51
3,613,612,1791052959566261,1791052959567747,1486,0,12,10,10,10,9,6,24
3,614,613,1791052959616261,1791052959617969,1708,0,13,10,10,10,9,6,21
3,615,614,1791052959666261,1791052959668119,1858,0,14,11,11,11,8,4,19
3,616,615,1791052959716261,1791052959717916,1655,0,15,16,16,16,17,15,65
3,617,616,1791052959766261,1791052959768073,1812,0,16,13,13,13,13,6,29
3,618,617,1791052959816261,1791052959818243,1982,0,17,11,11,11,10,4,20
3,619,618,1791052959866261,1791052959868108,1847,0,18,7,7,7,7,6,23
3,620,619,1791052959916261,1791052959917910,1649,0,19,10,10,10,10,9,32
3,621,620,1791052959966261,1791052959967869,1608,0,0,7,7,7,7,6,24
3,622,621,1791052960016261,1791052960018134,1873,0,1,13,13,13,10,6,30
3,623,622,1791052960066261,1791052960068503,2242,0,2,8,8,8,8,6,30
3,624,623,1791052960116261,1791052960117760,1499,0,3,8,8,8,8,4,13
3,625,624,1791052960166261,1791052960167989,1728,0,4,9,9,9,9,6,30
3,626,625,1791052960216261,1791052960218298,2037,0,5,9,9,9,8,6,24
3,627,626,1791052960266261,1791052960268551,2290,0,6,7,7,7,6,4,18
3,628,627,1791052960316261,1791052960317872,1611,0,7,11,11,11,12,8,40
3,629,628,1791052960366261,1791052960368176,1915,0,8,6,6,6,4,0,0
3,630,629,1791052960416261,1791052960418207,1946,0,9,12,12,12,12,6,28
3,631,630,1791052960466261,1791052960467887,1626,0,10,10,10,10,10,9,37
3,632,631,1791052960516261,1791052960518059,1798,0,11,12,12,12,13,13,53
3,633,632,1791052960566261,1791052960568354,2093,0,12,10,10,10,8,8,33
3,634,633,1791052960616261,1791052960618723,2462,0,13,10,10,10,9,7,24
3,635,634,1791052960666261,1791052960668213,1952,0,14,11,11,11,10,6,30
3,636,635,1791052960716261,1791052960717771,1510,0,15,16,16,16,16,16,76
3,637,636,1791052960766261,1791052960768165,1904,0,16,13,13,13,13,8,32
3,638,637,1791052960816261,1791052960818036,1775,0,17,11,11,11,9,6,26
3,639,638,1791052960866261,1791052960868655,2394,0,18,7,7,7,7,6,24
3,640,639,1791052960916261,1791052960918739,2478,0,19,10,10,10,10,9,36
3,641,640,1791052960966261,1791052960968675,2414,0,0,7,7,7,7,4,19
3,642,641,1791052961016261,1791052961018008,1747,0,1,13,13,13,11,8,40
3,643,642,1791052961066261,1791052961068063,1802,0,2,8,8,8,8,6,30
3,644,643,1791052961116261,1791052961117709,1448,0,3,8,8,8,8,7,29
3,645,644,1791052961166261,1791052961168499,2238,0,4,9,9,9,9,8,37
3,646,645,1791052961216261,1791052961218642,2381,0,5,9,9,9,8,6,21
3,647,646,1791052961266261,1791052961268644,2383,0,6,7,7,7,6,2,8
3,648,647,1791052961316261,1791052961317847,1586,0,7,11,11,11,12,9,35
3,649,648,1791052961366261,1791052961368454,2193,0,8,6,6,6,6,4,16
3,650,649,1791052961416261,1791052961418480,2219,0,9,12,12,12,11,8,37
3,651,650,1791052961466261,1791052961467953,1692,0,10,10,10,10,10,9,40
3,652,651,1791052961516261,1791052961517842,1581,0,11,12,12,12,13,12,51
3,653,652,1791052961566261,1791052961568031,1770,0,12,10,10,10,10,6,30
3,654,653,1791052961616261,1791052961618456,2195,0,13,10,10,10,9,4,14
3,655,654,1791052961666261,1791052961668352,2091,0,14,11,11,11,10,6,30
3,656,655,1791052961716261,1791052961718755,2494,0,15,16,16,16,16,16,77
3,657,656,1791052961766261,1791052961768540,2279,0,16,13,13,13,12,8,34
3,658,657,1791052961816261,1791052961818706,2445,0,17,11,11,11,10,8,29
3,659,658,1791052961866261,1791052961867762,1501,0,18,7,7,7,7,6,30
3,660,659,1791052961916261,1791052961918702,2441,0,19,10,10,10,11,5,19
3,661,660,1791052961966261,1791052961968679,2418,0,0,7,7,7,7,4,20
3,662,661,1791052962016261,1791052962018743,2482,0,1,13,13,13,13,10,47
3,663,662,1791052962066261,1791052962068012,1751,0,2,8,8,8,8,6,30
3,664,663,1791052962116261,1791052962117726,1465,0,3,8,8,8,8,6,24
3,665,664,1791052962166261,1791052962167812,1551,0,4,9,9,9,9,6,30
3,666,665,1791052962216261,1791052962218784,2523,0,5,9,9,9,9,6,30
3,667,666,1791052962266261,1791052962267850,1589,0,6,7,7,7,7,2,10
3,668,667,1791052962316261,1791052962318700,2439,0,7,11,11,11,11,8,33
3,669,668,1791052962366261,1791052962367907,1646,0,8,6,6,6,6,2,8
3,670,669,1791052962416261,1791052962417825,1564,0,9,12,12,12,10,6,30
3,671,670,1791052962466261,1791052962468678,2417,0,10,10,10,10,10,10,47
3,672,671,1791052962516261,1791052962518733,2472,0,11,12,12,12,12,11,46
3,673,672,1791052962566261,1791052962568045,1784,0,12,10,10,10,8,7,26
3,674,673,1791052962616261,1791052962618094,1833,0,13,10,10,10,8,6,23
3,675,674,1791052962666261,1791052962668204,1943,0,14,11,11,11,11,8,40
3,676,675,1791052962716261,1791052962717788,1527,0,15,16,16,16,16,14,63
3,677,676,1791052962766261,1791052962768118,1857,0,16,13,13,13,13,8,32
3,678,677,1791052962816261,1791052962817995,1734,0,17,11,11,11,10,4,20
3,679,678,1791052962866261,1791052962868198,1937,0,18,7,7,7,7,6,30
3,680,679,1791052962916261,1791052962917842,1581,0,19,10,10,10,9,5,14
3,681,680,1791052962966261,1791052962968306,2045,0,0,7,7,7,7,2,10
3,682,681,1791052963016261,1791052963018038,1777,0,1,13,13,13,13,12,53
3,683,682,1791052963066261,1791052963068632,2371,0,2,8,8,8,8,6,30
3,684,683,1791052963116261,1791052963117810,1549,0,3,8,8,8,7,6,25
3,685,684,1791052963166261,1791052963168783,2522,0,4,9,9,9,9,9,36
3,686,685,1791052963216261,1791052963217849,1588,0,5,9,9,9,8,4,17
3,687,686,1791052963266261,1791052963267859,1598,0,6,7,7,7,7,6,22
3,688,687,1791052963316261,1791052963318505,2244,0,7,11,11,11,11,11,45
3,689,688,1791052963366261,1791052963368708,2447,0,8,6,6,6,4,0,0
3,690,689,1791052963416261,1791052963418744,2483,0,9,12,12,12,10,4,20
3,691,690,1791052963466261,1791052963468209,1948,0,10,10,10,10,9,8,40
3,692,691,1791052963516261,1791052963517860,1599,0,11,12,12,12,13,12,51
3,693,692,1791052963566261,1791052963567933,1672,0,12,10,10,10,7,6,26
3,694,693,1791052963616261,1791052963618388,2127,0,13,10,10,10,9,9,25
3,695,694,1791052963666261,1791052963668660,2399,0,14,11,11,11,9,9,37
3,696,695,1791052963716261,1791052963718740,2479,0,15,16,16,16,16,12,50
3,697,696,1791052963766261,1791052963768401,2140,0,16,13,13,13,10,7,27
3,698,697,1791052963816261,1791052963817975,1714,0,17,11,11,11,10,8,29
3,699,698,1791052963866261,1791052963868127,1866,0,18,7,7,7,7,4,20
3,700,699,1791052963916261,1791052963917897,1636,0,19,10,10,10,11,6,24
3,701,700,1791052963966261,1791052963968233,1972,0,0,7,7,7,7,6,24
3,702,701,1791052964016261,1791052964018769,2508,0,1,13,13,13,10,8,34
3,703,702,1791052964066261,1791052964068036,1775,0,2,8,8,8,8,6,30
3,704,703,1791052964116261,1791052964117778,1517,0,3,8,8,8,7,4,15
3,705,704,1791052964166261,1791052964167788,1527,0,4,9,9,9,8,4,20
3,706,705,1791052964216261,1791052964217989,1728,0,5,9,9,9,8,6,30
3,707,706,1791052964266261,1791052964268778,2517,0,6,7,7,7,6,6,21
3,708,707,1791052964316261,1791052964318672,2411,0,7,11,11,11,12,11,47
3,709,708,1791052964366261,1791052964367979,1718,0,8,6,6,6,4,2,9
3,710,709,1791052964416261,1791052964418164,1903,0,9,12,12,12,12,10,45
3,711,710,1791052964466261,1791052964468600,2339,0,10,10,10,10,9,8,36
3,712,711,1791052964516261,1791052964517773,1512,0,11,12,12,12,12,12,51
3,713,712,1791052964566261,1791052964568202,1941,0,12,10,10,10,9,6,23
3,714,713,1791052964616261,1791052964618686,2425,0,13,10,10,10,10,8,28
3,715,714,1791052964666261,1791052964668064,1803,0,14,11,11,11,10,6,24
3,716,715,1791052964716261,1791052964717775,1514,0,15,16,16,16,15,14,69
3,717,716,1791052964766261,1791052964768076,1815,0,16,13,13,13,12,8,34
3,718,717,1791052964816261,1791052964818301,2040,0,17,11,11,11,10,6,21
3,719,718,1791052964866261,1791052964868436,2175,0,18,7,7,7,6,6,30
3,720,719,1791052964916261,1791052964917827,1566,0,19,10,10,10,11,5,20
3,721,720,1791052964966261,1791052964967994,1733,0,0,7,7,7,6,2,10
3,722,721,1791052965016261,1791052965017994,1733,0,1,13,13,13,13,12,52
3,723,722,1791052965066261,1791052965068485,2224,0,2,8,8,8,8,6,25
3,724,723,1791052965116261,1791052965117822,1561,0,3,8,8,8,8,6,30
3,725,724,1791052965166261,1791052965167939,1678,0,4,9,9,9,8,8,33
3,726,725,1791052965216261,1791052965218322,2061,0,5,9,9,9,8,6,30
3,727,726,1791052965266261,1791052965268585,2324,0,6,7,7,7,6,2,10
3,728,727,1791052965316261,1791052965318714,2453,0,7,11,11,11,11,8,36
3,729,728,1791052965366261,1791052965368163,1902,0,8,6,6,6,5,2,10
3,730,729,1791052965416261,1791052965417950,1689,0,9,12,12,12,12,8,40
3,731,730,1791052965466261,1791052965468675,2414,0,10,10,10,10,10,8,31
3,732,731,1791052965516261,1791052965517831,1570,0,11,12,12,12,13,10,50
3,733,732,1791052965566261,1791052965567803,1542,0,12,10,10,10,9,7,28
3,734,733,1791052965616261,1791052965617953,1692,0,13,10,10,10,8,6,22
3,735,734,1791052965666261,1791052965667956,1695,0,14,11,11,11,10,7,27
3,736,735,1791052965716261,1791052965718732,2471,0,15,16,16,16,16,16,77
3,737,736,1791052965766261,1791052965768735,2474,0,16,13,13,13,9,6,28
3,738,737,1791052965816261,1791052965818691,2430,0,17,11,11,11,9,5,16
3,739,738,1791052965866261,1791052965868782,2521,0,18,7,7,7,7,6,30
3,740,739,1791052965916261,1791052965917853,1592,0,19,10,10,10,11,7,29
3,741,740,1791052965966261,1791052965968623,2362,0,0,7,7,7,6,2,10
3,742,741,1791052966016261,1791052966018194,1933,0,1,13,13,13,13,12,57
3,743,742,1791052966066261,1791052966068705,2444,0,2,8,8,8,8,6,25
3,744,743,1791052966116261,1791052966117849,1588,0,3,8,8,8,8,6,20
3,745,744,1791052966166261,1791052966168386,2125,0,4,9,9,9,8,8,34
3,746,745,1791052966216261,1791052966218148,1887,0,5,9,9,9,8,6,23
3,747,746,1791052966266261,1791052966267829,1568,0,6,7,7,7,6,4,20
3,748,747,1791052966316261,1791052966317762,1501,0,7,11,11,11,11,8,36
3,749,748,1791052966366261,1791052966368215,1954,0,8,6,6,6,6,4,17
3,750,749,1791052966416261,1791052966418433,2172,0,9,12,12,12,12,2,10
3,751,750,1791052966466261,1791052966468229,1968,0,10,10,10,10,10,8,36
3,752,751,1791052966516261,1791052966517771,1510,0,11,12,12,12,12,9,40
3,753,752,1791052966566261,1791052966568139,1878,0,12,10,10,10,8,6,30
3,754,753,1791052966616261,1791052966618405,2144,0,13,10,10,10,9,2,10
3,755,754,1791052966666261,1791052966668254,1993,0,14,11,11,11,11,8,33
3,756,755,1791052966716261,1791052966717754,1493,0,15,16,16,16,16,14,70
3,757,756,1791052966766261,1791052966767864,1603,0,16,13,13,13,11,6,30
3,758,757,1791052966816261,1791052966817984,1723,0,17,11,11,11,11,10,41
3,759,758,1791052966866261,1791052966867957,1696,0,18,7,7,7,7,6,30
3,760,759,1791052966916261,1791052966917776,1515,0,19,10,10,10,11,7,26
3,761,760,1791052966966261,1791052966967832,1571,0,0,7,7,7,6,2,10
3,762,761,1791052967016261,1791052967017810,1549,0,1,13,13,13,13,10,45
3,763,762,1791052967066261,1791052967067891,1630,0,2,8,8,8,8,6,30
3,764,763,1791052967116261,1791052967118703,2442,0,3,8,8,8,8,6,25
3,765,764,1791052967166261,1791052967168292,2031,0,4,9,9,9,9,8,40
3,766,765,1791052967216261,1791052967218478,2217,0,5,9,9,9,9,6,23
3,767,766,1791052967266261,1791052967268219,1958,0,6,7,7,7,6,2,10
3,768,767,1791052967316261,1791052967317734,1473,0,7,11,11,11,12,10,41
3,769,768,1791052967366261,1791052967368260,1999,0,8,6,6,6,6,4,15
3,770,769,1791052967416261,1791052967418506,2245,0,9,12,12,12,12,8,38
3,771,770,1791052967466261,1791052967468328,2067,0,10,10,10,10,9,8,40
3,772,771,1791052967516261,1791052967517765,1504,0,11,12,12,12,12,10,48
3,773,772,1791052967566261,1791052967568108,1847,0,12,10,10,10,9,6,28
3,774,773,1791052967616261,1791052967618799,2538,0,13,10,10,10,9,4,20
3,775,774,1791052967666261,1791052967668381,2120,0,14,11,11,11,10,6,30
3,776,775,1791052967716261,1791052967717717,1456,0,15,16,16,16,15,15,64
3,777,776,1791052967766261,1791052967768511,2250,0,16,13,13,13,13,6,30
3,778,777,1791052967816261,1791052967818199,1938,0,17,11,11,11,11,7,29
3,779,778,1791052967866261,1791052967867971,1710,0,18,7,7,7,7,6,30
3,780,779,1791052967916261,1791052967917870,1609,0,19,10,10,10,10,7,22
3,781,780,1791052967966261,1791052967968401,2140,0,0,7,7,7,7,4,12
3,782,781,1791052968016261,1791052968018650,2389,0,1,13,13,13,13,10,44
3,783,782,1791052968066261,1791052968067798,1537,0,2,8,8,8,8,6,30
3,784,783,1791052968116261,1791052968117705,1444,0,3,8,8,8,8,8,31
3,785,784,1791052968166261,1791052968168766,2505,0,4,9,9,9,9,8,40
3,786,785,1791052968216261,1791052968217831,1570,0,5,9,9,9,8,8,30
3,787,786,1791052968266261,1791052968267915,1654,0,6,7,7,7,6,2,4
3,788,787,1791052968316261,1791052968318753,2492,0,7,11,11,11,12,8,35
3,789,788,1791052968366261,1791052968367865,1604,0,8,6,6,6,6,4,19
3,790,789,1791052968416261,1791052968417867,1606,0,9,12,12,12,12,10,47
3,791,790,1791052968466261,1791052968468077,1816,0,10,10,10,10,8,6,30
3,792,791,1791052968516261,1791052968517760,1499,0,11,12,12,12,12,10,49
3,793,792,1791052968566261,1791052968568499,2238,0,12,10,10,10,9,6,24
3,794,793,1791052968616261,1791052968618441,2180,0,13,10,10,10,10,8,40
3,795,794,1791052968666261,1791052968668610,2349,0,14,11,11,11,8,5,20
3,796,795,1791052968716261,1791052968718706,2445,0,15,16,16,16,15,12,60
3,797,796,1791052968766261,1791052968767796,1535,0,16,13,13,13,13,8,35
3,798,797,1791052968816261,1791052968818583,2322,0,17,11,11,11,11,6,27
3,799,798,1791052968866261,1791052968868655,2394,0,18,7,7,7,7,6,30
3,800,799,1791052968916261,1791052968918768,2507,0,19,10,10,10,9,5,19
3,801,800,1791052968966261,1791052968968071,1810,0,0,7,7,7,6,2,10
3,802,801,1791052969016261,1791052969017983,1722,0,1,13,13,13,13,12,55
3,803,802,1791052969066261,1791052969068392,2131,0,2,8,8,8,7,4,14
3,804,803,1791052969116261,1791052969117779,1518,0,3,8,8,8,8,6,25
3,805,804,1791052969166261,1791052969168365,2104,0,4,9,9,9,8,6,30
3,806,805,1791052969216261,1791052969217826,1565,0,5,9,9,9,8,7,29
3,807,806,1791052969266261,1791052969268420,2159,0,6,7,7,7,7,4,11
3,808,807,1791052969316261,1791052969317795,1534,0,7,11,11,11,10,6,30
3,809,808,1791052969366261,1791052969368350,2089,0,8,6,6,6,5,4,19
3,810,809,1791052969416261,1791052969417891,1630,0,9,12,12,12,11,11,41
3,811,810,1791052969466261,1791052969468235,1974,0,10,10,10,10,7,6,25
3,812,811,1791052969516261,1791052969518645,2384,0,11,12,12,12,13,10,44
3,813,812,1791052969566261,1791052969568072,1811,0,12,10,10,10,10,7,28
3,814,813,1791052969616261,1791052969618155,1894,0,13,10,10,10,8,6,28
3,815,814,1791052969666261,1791052969667997,1736,0,14,11,11,11,9,9,37
3,816,815,1791052969716261,1791052969717791,1530,0,15,16,16,16,16,12,50
3,817,816,1791052969766261,1791052969768058,1797,0,16,13,13,13,11,7,21
3,818,817,1791052969816261,1791052969818208,1947,0,17,11,11,11,10,2,10
3,819,818,1791052969866261,1791052969868353,2092,0,18,7,7,7,5,4,20
3,820,819,1791052969916261,1791052969917751,1490,0,19,10,10,10,8,7,30
3,821,820,1791052969966261,1791052969967860,1599,0,0,7,7,7,7,4,16
3,822,821,1791052970016261,1791052970017866,1605,0,1,13,13,13,11,8,40
3,823,822,1791052970066261,1791052970067897,1636,0,2,8,8,8,8,6,25
3,824,823,1791052970116261,1791052970118686,2425,0,3,8,8,8,6,4,11
3,825,824,1791052970166261,1791052970168695,2434,0,4,9,9,9,9,6,25
3,826,825,1791052970216261,1791052970217901,1640,0,5,9,9,9,9,8,36
3,827,826,1791052970266261,1791052970267879,1618,0,6,7,7,7,7,2,7
3,828,827,1791052970316261,1791052970318763,2502,0,7,11,11,11,12,8,38
3,829,828,1791052970366261,1791052970367978,1717,0,8,6,6,6,5,2,5
3,830,829,1791052970416261,1791052970418099,1838,0,9,12,12,12,10,4,20
3,831,830,1791052970466261,1791052970468177,1916,0,10,10,10,10,10,8,40
3,832,831,1791052970516261,1791052970517771,1510,0,11,12,12,12,13,12,51
3,833,832,1791052970566261,1791052970567859,1598,0,12,10,10,10,10,6,30
3,834,833,1791052970616261,1791052970618060,1799,0,13,10,10,10,10,8,35
3,835,834,1791052970666261,1791052970668111,1850,0,14,11,11,11,8,4,20
3,836,835,1791052970716261,1791052970717771,1510,0,15,16,16,16,16,14,67
3,837,836,1791052970766261,1791052970767853,1592,0,16,13,13,13,13,6,30
3,838,837,1791052970816261,1791052970817800,1539,0,17,11,11,11,11,4,20
3,839,838,1791052970866261,1791052970868017,1756,0,18,7,7,7,6,6,30
3,840,839,1791052970916261,1791052970917833,1572,0,19,10,10,10,11,5,14
3,841,840,1791052970966261,1791052970967968,1707,0,0,7,7,7,6,2,10
3,842,841,1791052971016261,1791052971018412,2151,0,1,13,13,13,11,10,50
3,843,842,1791052971066261,1791052971067985,1724,0,2,8,8,8,7,6,24
3,844,843,1791052971116261,1791052971117972,1711,0,3,8,8,8,8,4,19
3,845,844,1791052971166261,1791052971168648,2387,0,4,9,9,9,9,7,28
3,846,845,1791052971216261,1791052971218353,2092,0,5,9,9,9,8,8,39
3,847,846,1791052971266261,1791052971268750,2489,0,6,7,7,7,6,2,10
3,848,847,1791052971316261,1791052971318751,2490,0,7,11,11,11,9,6,30
3,849,848,1791052971366261,1791052971368586,2325,0,8,6,6,6,6,4,13
3,850,849,1791052971416261,1791052971418114,1853,0,9,12,12,12,12,8,35
3,851,850,1791052971466261,1791052971467798,1537,0,10,10,10,10,9,8,31
3,852,851,1791052971516261,1791052971517857,1596,0,11,12,12,12,12,10,48
3,853,852,1791052971566261,1791052971567993,1732,0,12,10,10,10,9,6,23
3,854,853,1791052971616261,1791052971617741,1480,0,13,10,10,10,10,7,21
3,855,854,1791052971666261,1791052971667869,1608,0,14,11,11,11,11,6,29
3,856,855,1791052971716261,1791052971717759,1498,0,15,16,16,16,16,14,69
3,857,856,1791052971766261,1791052971767830,1569,0,16,13,13,13,13,6,27
3,858,857,1791052971816261,1791052971817867,1606,0,17,11,11,11,10,6,26
3,859,858,1791052971866261,1791052971868188,1927,0,18,7,7,7,7,6,29
3,860,859,1791052971916261,1791052971917788,1527,0,19,10,10,10,9,2,10
3,861,860,1791052971966261,1791052971967973,1712,0,0,7,7,7,6,2,10
3,862,861,1791052972016261,1791052972018233,1972,0,1,13,13,13,13,10,47
3,863,862,1791052972066261,1791052972068443,2182,0,2,8,8,8,8,6,28
3,864,863,1791052972116261,1791052972117721,1460,0,3,8,8,8,8,6,21
3,865,864,1791052972166261,1791052972167812,1551,0,4,9,9,9,9,6,29
3,866,865,1791052972216261,1791052972218068,1807,0,5,9,9,9,9,6,30
3,867,866,1791052972266261,1791052972268434,2173,0,6,7,7,7,7,6,26
3,868,867,1791052972316261,1791052972318733,2472,0,7,11,11,11,10,10,48
3,869,868,1791052972366261,1791052972368076,1815,0,8,6,6,6,5,0,0
3,870,869,1791052972416261,1791052972417738,1477,0,9,12,12,12,11,4,20
3,871,870,1791052972466261,1791052972468205,1944,0,10,10,10,10,9,8,39
3,872,871,1791052972516261,1791052972517892,1631,0,11,12,12,12,13,13,52
3,873,872,1791052972566261,1791052972567878,1617,0,12,10,10,10,9,4,20
3,874,873,1791052972616261,1791052972618264,2003,0,13,10,10,10,10,5,18
3,875,874,1791052972666261,1791052972668630,2369,0,14,11,11,11,10,6,29
3,876,875,1791052972716261,1791052972717752,1491,0,15,16,16,16,15,14,68
3,877,876,1791052972766261,1791052972768599,2338,0,16,13,13,13,13,6,30
3,878,877,1791052972816261,1791052972818450,2189,0,17,11,11,11,11,8,38
3,879,878,1791052972866261,1791052972868759,2498,0,18,7,7,7,7,6,30
3,880,879,1791052972916261,1791052972918643,2382,0,19,10,10,10,9,6,21
3,881,880,1791052972966261,1791052972968607,2346,0,0,7,7,7,7,4,15
3,882,881,1791052973016261,1791052973018752,2491,0,1,13,13,13,12,8,40
3,883,882,1791052973066261,1791052973067832,1571,0,2,8,8,8,8,6,30
3,884,883,1791052973116261,1791052973118777,2516,0,3,8,8,8,9,8,40
3,885,884,1791052973166261,1791052973168433,2172,0,4,9,9,9,8,6,30
3,886,885,1791052973216261,1791052973218545,2284,0,5,9,9,9,8,6,24
3,887,886,1791052973266261,1791052973268578,2317,0,6,7,7,7,7,2,10
3,888,887,1791052973316261,1791052973317774,1513,0,7,11,11,11,12,9,40
3,889,888,1791052973366261,1791052973367892,1631,0,8,6,6,6,5,2,10
3,890,889,1791052973416261,1791052973417969,1708,0,9,12,12,12,10,4,20
3,891,890,1791052973466261,1791052973468045,1784,0,10,10,10,10,10,10,44
3,892,891,1791052973516261,1791052973517795,1534,0,11,12,12,12,11,10,45
3,893,892,1791052973566261,1791052973568552,2291,0,12,10,10,10,9,6,19
3,894,893,1791052973616261,1791052973618600,2339,0,13,10,10,10,8,6,26
3,895,894,1791052973666261,1791052973668743,2482,0,14,11,11,11,9,6,21
3,896,895,1791052973716261,1791052973717876,1615,0,15,16,16,16,17,14,60
3,897,896,1791052973766261,1791052973767842,1581,0,16,13,13,13,12,6,20
3,898,897,1791052973816261,1791052973818090,1829,0,17,11,11,11,11,6,22
3,899,898,1791052973866261,1791052973868078,1817,0,18,7,7,7,7,6,30
3,900,899,1791052973916261,1791052973917879,1618,0,19,10,10,10,10,8,31
3,901,900,1791052973966261,1791052973968682,2421,0,0,7,7,7,6,5,14
3,902,901,1791052974016261,1791052974018418,2157,0,1,13,13,13,12,10,46
3,903,902,1791052974066261,1791052974068243,1982,0,2,8,8,8,7,6,25
3,904,903,1791052974116261,1791052974117755,1494,0,3,8,8,8,7,4,13
3,905,904,1791052974166261,1791052974168674,2413,0,4,9,9,9,9,4,20
3,906,905,1791052974216261,1791052974218766,2505,0,5,9,9,9,9,8,34
3,907,906,1791052974266261,1791052974268671,2410,0,6,7,7,7,7,2,8
3,908,907,1791052974316261,1791052974317714,1453,0,7,11,11,11,11,8,40
3,909,908,1791052974366261,1791052974367835,1574,0,8,6,6,6,6,3,8
3,910,909,1791052974416261,1791052974417969,1708,0,9,12,12,12,11,6,23
3,911,910,1791052974466261,1791052974468177,1916,0,10,10,10,10,9,8,32
3,912,911,1791052974516261,1791052974517799,1538,0,11,12,12,12,10,10,41
3,913,912,1791052974566261,1791052974567849,1588,0,12,10,10,10,9,6,25
3,914,913,1791052974616261,1791052974618025,1764,0,13,10,10,10,10,10,44
3,915,914,1791052974666261,1791052974667935,1674,0,14,11,11,11,11,7,20
3,916,915,1791052974716261,1791052974718704,2443,0,15,16,16,16,16,12,60
3,917,916,1791052974766261,1791052974767781,1520,0,16,13,13,13,11,4,20
3,918,917,1791052974816261,1791052974818026,1765,0,17,11,11,11,11,2,10
3,919,918,1791052974866261,1791052974868066,1805,0,18,7,7,7,6,6,25
3,920,919,1791052974916261,1791052974917774,1513,0,19,10,10,10,8,4,15
3,921,920,1791052974966261,1791052974968614,2353,0,0,7,7,7,7,4,12
3,922,921,1791052975016261,1791052975018650,2389,0,1,13,13,13,12,12,55
3,923,922,1791052975066261,1791052975068048,1787,0,2,8,8,8,8,6,24
3,924,923,1791052975116261,1791052975117884,1623,0,3,8,8,8,8,4,14
3,925,924,1791052975166261,1791052975168360,2099,0,4,9,9,9,8,4,20
3,926,925,1791052975216261,1791052975218755,2494,0,5,9,9,9,8,6,30
3,927,926,1791052975266261,1791052975268742,2481,0,6,7,7,7,7,5,20
3,928,927,1791052975316261,1791052975317880,1619,0,7,11,11,11,11,9,40
3,929,928,1791052975366261,1791052975367998,1737,0,8,6,6,6,5,4,11
3,930,929,1791052975416261,1791052975417973,1712,0,9,12,12,12,12,11,45
3,931,930,1791052975466261,1791052975467883,1622,0,10,10,10,10,8,8,40
3,932,931,1791052975516261,1791052975517738,1477,0,11,12,12,12,12,10,47
3,933,932,1791052975566261,1791052975568712,2451,0,12,10,10,10,9,4,20
3,934,933,1791052975616261,1791052975617800,1539,0,13,10,10,10,10,8,31
3,935,934,1791052975666261,1791052975668320,2059,0,14,11,11,11,9,9,36
3,936,935,1791052975716261,1791052975717750,1489,0,15,16,16,16,15,13,55
3,937,936,1791052975766261,1791052975768736,2475,0,16,13,13,13,9,7,27
3,938,937,1791052975816261,1791052975818432,2171,0,17,11,11,11,7,7,30
3,939,938,1791052975866261,1791052975868465,2204,0,18,7,7,7,6,6,21
3,940,939,1791052975916261,1791052975917946,1685,0,19,10,10,10,10,6,20
3,941,940,1791052975966261,1791052975968185,1924,0,0,7,7,7,7,4,17
3,942,941,1791052976016261,1791052976018476,2215,0,1,13,13,13,11,8,40
3,943,942,1791052976066261,1791052976068349,2088,0,2,8,8,8,8,6,30
3,944,943,1791052976116261,1791052976117722,1461,0,3,8,8,8,7,6,22
3,945,944,1791052976166261,1791052976168103,1842,0,4,9,9,9,7,4,20
3,946,945,1791052976216261,1791052976218731,2470,0,5,9,9,9,8,8,35
3,947,946,1791052976266261,1791052976268247,1986,0,6,7,7,7,7,2,10
3,948,947,1791052976316261,1791052976318691,2430,0,7,11,11,11,11,6,30
3,949,948,1791052976366261,1791052976368485,2224,0,8,6,6,6,5,4,16
3,950,949,1791052976416261,1791052976418430,2169,0,9,12,12,12,10,8,40
3,951,950,1791052976466261,1791052976467796,1535,0,10,10,10,10,8,6,30
3,952,951,1791052976516261,1791052976518634,2373,0,11,12,12,12,11,11,50
3,953,952,1791052976566261,1791052976568766,2505,0,12,10,10,10,7,6,29
3,954,953,1791052976616261,1791052976617883,1622,0,13,10,10,10,9,6,26
3,955,954,1791052976666261,1791052976668154,1893,0,14,11,11,11,11,8,33
3,956,955,1791052976716261,1791052976717740,1479,0,15,16,16,16,16,14,68
3,957,956,1791052976766261,1791052976767856,1595,0,16,13,13,13,12,9,35
3,958,957,1791052976816261,1791052976817998,1737,0,17,11,11,11,9,9,40
3,959,958,1791052976866261,1791052976868288,2027,0,18,7,7,7,7,7,30
3,960,959,1791052976916261,1791052976917878,1617,0,19,10,10,10,10,6,18
3,961,960,1791052976966261,1791052976967914,1653,0,0,7,7,7,6,2,10
3,962,961,1791052977016261,1791052977018257,1996,0,1,13,13,13,13,12,52
3,963,962,1791052977066261,1791052977068055,1794,0,2,8,8,8,7,4,20
3,964,963,1791052977116261,1791052977117784,1523,0,3,8,8,8,8,6,28
3,965,964,1791052977166261,1791052977168119,1858,0,4,9,9,9,8,6,30
3,966,965,1791052977216261,1791052977217737,1476,0,5,9,9,9,9,6,27
3,967,966,1791052977266261,1791052977268500,2239,0,6,7,7,7,6,4,17
3,968,967,1791052977316261,1791052977317826,1565,0,7,11,11,11,10,7,30
3,969,968,1791052977366261,1791052977368204,1943,0,8,6,6,6,4,2,8
3,970,969,1791052977416261,1791052977418404,2143,0,9,12,12,12,12,8,40
3,971,970,1791052977466261,1791052977468185,1924,0,10,10,10,10,10,8,39
3,972,971,1791052977516261,1791052977518762,2501,0,11,12,12,12,12,12,55
3,973,972,1791052977566261,1791052977567934,1673,0,12,10,10,10,8,6,24
3,974,973,1791052977616261,1791052977618289,2028,0,13,10,10,10,9,6,22
3,975,974,1791052977666261,1791052977668403,2142,0,14,11,11,11,10,8,35
3,976,975,1791052977716261,1791052977717846,1585,0,15,16,16,16,17,17,75
3,977,976,1791052977766261,1791052977767941,1680,0,16,13,13,13,11,6,30
3,978,977,1791052977816261,1791052977818118,1857,0,17,11,11,11,11,6,26
3,979,978,1791052977866261,1791052977868430,2169,0,18,7,7,7,7,6,23
3,980,979,1791052977916261,1791052977917723,1462,0,19,10,10,10,8,7,27
3,981,980,1791052977966261,1791052977968083,1822,0,0,7,7,7,7,4,20
3,982,981,1791052978016261,1791052978018132,1871,0,1,13,13,13,12,8,34
3,983,982,1791052978066261,1791052978068560,2299,0,2,8,8,8,7,6,26
3,984,983,1791052978116261,1791052978117720,1459,0,3,8,8,8,7,7,26
3,985,984,1791052978166261,1791052978168050,1789,0,4,9,9,9,8,6,30
3,986,985,1791052978216261,1791052978218119,1858,0,5,9,9,9,8,8,32
3,987,986,1791052978266261,1791052978268209,1948,0,6,7,7,7,7,2,10
3,988,987,1791052978316261,1791052978317889,1628,0,7,11,11,11,11,8,40
3,989,988,1791052978366261,1791052978368280,2019,0,8,6,6,6,5,2,7
3,990,989,1791052978416261,1791052978418564,2303,0,9,12,12,12,12,4,20
3,991,990,1791052978466261,1791052978467824,1563,0,10,10,10,10,9,6,30
3,992,991,1791052978516261,1791052978517735,1474,0,11,12,12,12,11,8,40
3,993,992,1791052978566261,1791052978568600,2339,0,12,10,10,10,10,8,33
3,994,993,1791052978616261,1791052978618544,2283,0,13,10,10,10,9,5,18
3,995,994,1791052978666261,1791052978668567,2306,0,14,11,11,11,10,6,25
3,996,995,1791052978716261,1791052978717784,1523,0,15,16,16,16,17,14,62
3,997,996,1791052978766261,1791052978768076,1815,0,16,13,13,13,11,6,27
3,998,997,1791052978816261,1791052978818777,2516,0,17,11,11,11,11,4,17
3,999,998,1791052978866261,1791052978868223,1962,0,18,7,7,7,6,4,20
3,1000,999,1791052978916261,1791052978917817,1556,0,19,10,10,10,11,10,40
3,1001,1000,1791052978966261,1791052978967793,1532,0,0,7,7,7,7,3,10
3,1002,1001,1791052979016261,1791052979018740,2479,0,1,13,13,13,12,12,55
3,1003,1002,1791052979066261,1791052979067981,1720,0,2,8,8,8,7,7,25
3,1004,1003,1791052979116261,1791052979117712,1451,0,3,8,8,8,7,6,26
3,1005,1004,1791052979166261,1791052979167849,1588,0,4,9,9,9,8,8,31
3,1006,1005,1791052979216261,1791052979217964,1703,0,5,9,9,9,4,3,6
3,1007,1006,1791052979266261,1791052979268436,2175,0,6,7,7,7,7,2,10
3,1008,1007,1791052979316261,1791052979317754,1493,0,7,11,11,11,10,10,50
3,1009,1008,1791052979366261,1791052979368598,2337,0,8,6,6,6,6,2,10
3,1010,1009,1791052979416261,1791052979417855,1594,0,9,12,12,12,11,6,25
3,1011,1010,1791052979466261,1791052979467964,1703,0,10,10,10,10,10,10,41
3,1012,1011,1791052979516261,1791052979518754,2493,0,11,12,12,12,12,11,48
3,1013,1012,1791052979566261,1791052979568678,2417,0,12,10,10,10,10,6,23
3,1014,1013,1791052979616261,1791052979618759,2498,0,13,10,10,10,9,4,20
3,1015,1014,1791052979666261,1791052979668622,2361,0,14,11,11,11,10,7,30
3,1016,1015,1791052979716261,1791052979718754,2493,0,15,16,16,16,16,15,65
3,1017,1016,1791052979766261,1791052979767978,1717,0,16,13,13,13,12,6,30
3,1018,1017,1791052979816261,1791052979818078,1817,0,17,11,11,11,11,7,22
3,1019,1018,1791052979866261,1791052979868329,2068,0,18,7,7,7,7,6,24
3,1020,1019,1791052979916261,1791052979917799,1538,0,19,10,10,10,9,8,33
3,1021,1020,1791052979966261,1791052979967825,1564,0,0,7,7,7,6,4,20
3,1022,1021,1791052980016261,1791052980017846,1585,0,1,13,13,13,9,8,40
3,1023,1022,1791052980066261,1791052980068201,1940,0,2,8,8,8,8,6,24
3,1024,1023,1791052980116261,1791052980117742,1481,0,3,8,8,8,8,7,27
3,1025,1024,1791052980166261,1791052980168449,2188,0,4,9,9,9,7,6,30
3,1026,1025,1791052980216261,1791052980218604,2343,0,5,9,9,9,7,6,30
3,1027,1026,1791052980266261,1791052980267759,1498,0,6,7,7,7,5,4,17
3,1028,1027,1791052980316261,1791052980317817,1556,0,7,11,11,11,11,7,25
3,1029,1028,1791052980366261,1791052980368315,2054,0,8,6,6,6,6,4,20
3,1030,1029,1791052980416261,1791052980418491,2230,0,9,12,12,12,10,6,21
3,1031,1030,1791052980466261,1791052980468724,2463,0,10,10,10,10,9,8,40
3,1032,1031,1791052980516261,1791052980517804,1543,0,11,12,12,12,11,11,45
3,1033,1032,1791052980566261,1791052980568774,2513,0,12,10,10,10,9,8,36
3,1034,1033,1791052980616261,1791052980618368,2107,0,13,10,10,10,9,4,15
3,1035,1034,1791052980666261,1791052980668642,2381,0,14,11,11,11,10,6,28
3,1036,1035,1791052980716261,1791052980717716,1455,0,15,16,16,16,15,15,67
3,1037,1036,1791052980766261,1791052980767954,1693,0,16,13,13,13,12,6,22
3,1038,1037,1791052980816261,1791052980818333,2072,0,17,11,11,11,11,5,18
3,1039,1038,1791052980866261,1791052980868067,1806,0,18,7,7,7,7,6,30
3,1040,1039,1791052980916261,1791052980917748,1487,0,19,10,10,10,11,7,23
3,1041,1040,1791052980966261,1791052980967812,1551,0,0,7,7,7,6,2,10
3,1042,1041,1791052981016261,1791052981018701,2440,0,1,13,13,13,11,10,50
3,1043,1042,1791052981066261,1791052981067997,1736,0,2,8,8,8,7,6,26
3,1044,1043,1791052981116261,1791052981117729,1468,0,3,8,8,8,7,6,25
3,1045,1044,1791052981166261,1791052981168089,1828,0,4,9,9,9,8,6,28
3,1046,1045,1791052981216261,1791052981218457,2196,0,5,9,9,9,8,6,22
3,1047,1046,1791052981266261,1791052981268718,2457,0,6,7,7,7,7,2,10
3,1048,1047,1791052981316261,1791052981317883,1622,0,7,11,11,11,12,9,40
3,1049,1048,1791052981366261,1791052981368123,1862,0,8,6,6,6,5,4,16
3,1050,1049,1791052981416261,1791052981418534,2273,0,9,12,12,12,10,0,0
3,1051,1050,1791052981466261,1791052981468137,1876,0,10,10,10,10,9,8,40
3,1052,1051,1791052981516261,1791052981518521,2260,0,11,12,12,12,11,10,43
3,1053,1052,1791052981566261,1791052981567858,1597,0,12,10,10,10,9,6,27
3,1054,1053,1791052981616261,1791052981617848,1587,0,13,10,10,10,9,8,31
3,1055,1054,1791052981666261,1791052981668167,1906,0,14,11,11,11,10,6,30
3,1056,1055,1791052981716261,1791052981717806,1545,0,15,16,16,16,16,16,65
3,1057,1056,1791052981766261,1791052981768207,1946,0,16,13,13,13,11,6,21
3,1058,1057,1791052981816261,1791052981817966,1705,0,17,11,11,11,11,5,20
3,1059,1058,1791052981866261,1791052981868239,1978,0,18,7,7,7,6,4,13
3,1060,1059,1791052981916261,1791052981917787,1526,0,19,10,10,10,10,6,29
3,1061,1060,1791052981966261,1791052981968401,2140,0,0,7,7,7,6,3,8
3,1062,1061,1791052982016261,1791052982018755,2494,0,1,13,13,13,11,8,40
3,1063,1062,1791052982066261,1791052982068575,2314,0,2,8,8,8,8,7,27
3,1064,1063,1791052982116261,1791052982117954,1693,0,3,8,8,8,7,7,22
3,1065,1064,1791052982166261,1791052982168734,2473,0,4,9,9,9,7,4,12
3,1066,1065,1791052982216261,1791052982217940,1679,0,5,9,9,9,9,6,30
3,1067,1066,1791052982266261,1791052982268236,1975,0,6,7,7,7,7,4,15
3,1068,1067,1791052982316261,1791052982318743,2482,0,7,11,11,11,11,10,45
3,1069,1068,1791052982366261,1791052982368646,2385,0,8,6,6,6,4,4,12
3,1070,1069,1791052982416261,1791052982417958,1697,0,9,12,12,12,10,4,12
3,1071,1070,1791052982466261,1791052982468158,1897,0,10,10,10,10,9,8,38
3,1072,1071,1791052982516261,1791052982518675,2414,0,11,12,12,12,10,6,26
3,1073,1072,1791052982566261,1791052982568081,1820,0,12,10,10,10,9,4,13
3,1074,1073,1791052982616261,1791052982618071,1810,0,13,10,10,10,10,8,37
3,1075,1074,1791052982666261,1791052982668279,2018,0,14,11,11,11,7,3,7
3,1076,1075,1791052982716261,1791052982717795,1534,0,15,16,16,16,16,15,70
3,1077,1076,1791052982766261,1791052982768795,2534,0,16,13,13,13,11,6,18
3,1078,1077,1791052982816261,1791052982818039,1778,0,17,11,11,11,10,4,14
3,1079,1078,1791052982866261,1791052982868085,1824,0,18,7,7,7,7,6,23
3,1080,1079,1791052982916261,1791052982918774,2513,0,19,10,10,10,9,4,18
3,1081,1080,1791052982966261,1791052982968242,1981,0,0,7,7,7,6,6,22
3,1082,1081,1791052983016261,1791052983018596,2335,0,1,13,13,13,8,6,25
3,1083,1082,1791052983066261,1791052983068363,2102,0,2,8,8,8,8,6,27
3,1084,1083,1791052983116261,1791052983117956,1695,0,3,8,8,8,6,5,14
3,1085,1084,1791052983166261,1791052983168469,2208,0,4,9,9,9,7,6,24
3,1086,1085,1791052983216261,1791052983218139,1878,0,5,9,9,9,8,6,30
3,1087,1086,1791052983266261,1791052983268314,2053,0,6,7,7,7,5,4,14
3,1088,1087,1791052983316261,1791052983317764,1503,0,7,11,11,11,8,8,37
3,1089,1088,1791052983366261,1791052983367860,1599,0,8,6,6,6,5,4,10
3,1090,1089,1791052983416261,1791052983417972,1711,0,9,12,12,12,10,2,5
3,1091,1090,1791052983466261,1791052983468258,1997,0,10,10,10,10,9,8,40
3,1092,1091,1791052983516261,1791052983517718,1457,0,11,12,12,12,11,9,32
3,1093,1092,1791052983566261,1791052983567903,1642,0,12,10,10,10,6,6,21
3,1094,1093,1791052983616261,1791052983617882,1621,0,13,10,10,10,8,7,15
3,1095,1094,1791052983666261,1791052983668032,1771,0,14,11,11,11,8,2,6
3,1096,1095,1791052983716261,1791052983717820,1559,0,15,16,16,16,15,12,51
3,1097,1096,1791052983766261,1791052983768130,1869,0,16,13,13,13,11,4,18
3,1098,1097,1791052983816261,1791052983818226,1965,0,17,11,11,11,11,4,13
3,1099,1098,1791052983866261,1791052983868627,2366,0,18,7,7,7,6,4,15
3,1100,1099,1791052983916261,1791052983917858,1597,0,19,10,10,10,10,4,15
3,1101,1100,1791052983966261,1791052983967808,1547,0,0,7,7,7,6,6,30
3,1102,1101,1791052984016261,1791052984018042,1781,0,1,13,13,13,11,8,25
3,1103,1102,1791052984066261,1791052984068407,2146,0,2,8,8,8,7,6,30
3,1104,1103,1791052984116261,1791052984117784,1523,0,3,8,8,8,6,5,17
3,1105,1104,1791052984166261,1791052984168059,1798,0,4,9,9,9,8,5,19
3,1106,1105,1791052984216261,1791052984218320,2059,0,5,9,9,9,8,8,40
3,1107,1106,1791052984266261,1791052984268650,2389,0,6,7,7,7,6,3,10
3,1108,1107,1791052984316261,1791052984317737,1476,0,7,11,11,11,11,8,37
3,1109,1108,1791052984366261,1791052984368136,1875,0,8,6,6,6,5,4,18
3,1110,1109,1791052984416261,1791052984418399,2138,0,9,12,12,12,10,3,7
3,1111,1110,1791052984466261,1791052984468392,2131,0,10,10,10,10,9,8,40
3,1112,1111,1791052984516261,1791052984518612,2351,0,11,12,12,12,9,6,21
3,1113,1112,1791052984566261,1791052984568601,2340,0,12,10,10,10,9,4,12
3,1114,1113,1791052984616261,1791052984617885,1624,0,13,10,10,10,10,8,37
3,1115,1114,1791052984666261,1791052984668169,1908,0,14,11,11,11,8,4,20
3,1116,1115,1791052984716261,1791052984717823,1562,0,15,16,16,16,14,10,45
3,1117,1116,1791052984766261,1791052984768056,1795,0,16,13,13,13,8,8,26
3,1118,1117,1791052984816261,1791052984818284,2023,0,17,11,11,11,5,4,9
3,1119,1118,1791052984866261,1791052984868668,2407,0,18,7,7,7,6,6,23
3,1120,1119,1791052984916261,1791052984917826,1565,0,19,10,10,10,9,7,19
3,1121,1120,1791052984966261,1791052984967962,1701,0,0,7,7,7,5,3,10
3,1122,1121,1791052985016261,1791052985018520,2259,0,1,13,13,13,10,7,29
3,1123,1122,1791052985066261,1791052985067917,1656,0,2,8,8,8,6,6,23
3,1124,1123,1791052985116261,1791052985117793,1532,0,3,8,8,8,7,2,8
3,1125,1124,1791052985166261,1791052985167873,1612,0,4,9,9,9,9,4,20
3,1126,1125,1791052985216261,1791052985217760,1499,0,5,9,9,9,9,6,30
3,1127,1126,1791052985266261,1791052985268482,2221,0,6,7,7,7,7,2,10
3,1128,1127,1791052985316261,1791052985317751,1490,0,7,11,11,11,11,10,44
3,1129,1128,1791052985366261,1791052985368667,2406,0,8,6,6,6,4,2,10
3,1130,1129,1791052985416261,1791052985418127,1866,0,9,12,12,12,12,4,20
3,1131,1130,1791052985466261,1791052985468122,1861,0,10,10,10,10,10,8,40
3,1132,1131,1791052985516261,1791052985518709,2448,0,11,12,12,12,11,9,34
3,1133,1132,1791052985566261,1791052985568747,2486,0,12,10,10,10,8,2,10
3,1134,1133,1791052985616261,1791052985618547,2286,0,13,10,10,10,10,10,50
3,1135,1134,1791052985666261,1791052985668485,2224,0,14,11,11,11,10,9,37
3,1136,1135,1791052985716261,1791052985717806,1545,0,15,16,16,16,13,7,28
3,1137,1136,1791052985766261,1791052985768284,2023,0,16,13,13,13,12,6,21
3,1138,1137,1791052985816261,1791052985818274,2013,0,17,11,11,11,11,2,10
3,1139,1138,1791052985866261,1791052985868771,2510,0,18,7,7,7,5,2,8
3,1140,1139,1791052985916261,1791052985917866,1605,0,19,10,10,10,11,5,15
3,1141,1140,1791052985966261,1791052985967811,1550,0,0,7,7,7,6,4,15
3,1142,1141,1791052986016261,1791052986018720,2459,0,1,13,13,13,12,10,50
3,1143,1142,1791052986066261,1791052986068415,2154,0,2,8,8,8,8,6,19
3,1144,1143,1791052986116261,1791052986117723,1462,0,3,8,8,8,7,4,13
3,1145,1144,1791052986166261,1791052986167862,1601,0,4,9,9,9,9,4,20
3,1146,1145,1791052986216261,1791052986218300,2039,0,5,9,9,9,9,8,40
3,1147,1146,1791052986266261,1791052986268672,2411,0,6,7,7,7,6,2,10
3,1148,1147,1791052986316261,1791052986317790,1529,0,7,11,11,11,10,9,38
3,1149,1148,1791052986366261,1791052986368058,1797,0,8,6,6,6,2,0,0
3,1150,1149,1791052986416261,1791052986418084,1823,0,9,12,12,12,12,4,20
3,1151,1150,1791052986466261,1791052986468440,2179,0,10,10,10,10,9,6,30
3,1152,1151,1791052986516261,1791052986517737,1476,0,11,12,12,12,11,8,33
3,1153,1152,1791052986566261,1791052986567825,1564,0,12,10,10,10,10,8,33
3,1154,1153,1791052986616261,1791052986618586,2325,0,13,10,10,10,9,6,24
3,1155,1154,1791052986666261,1791052986668188,1927,0,14,11,11,11,10,6,21
3,1156,1155,1791052986716261,1791052986717791,1530,0,15,16,16,16,17,17,71
3,1157,1156,1791052986766261,1791052986768348,2087,0,16,13,13,13,10,6,30
3,1158,1157,1791052986816261,1791052986818777,2516,0,17,11,11,11,11,4,17
3,1159,1158,1791052986866261,1791052986868379,2118,0,18,7,7,7,6,6,30
3,1160,1159,1791052986916261,1791052986917773,1512,0,19,10,10,10,9,2,7
3,1161,1160,1791052986966261,1791052986968188,1927,0,0,7,7,7,6,4,15
3,1162,1161,1791052987016261,1791052987018618,2357,0,1,13,13,13,12,10,50
3,1163,1162,1791052987066261,1791052987068285,2024,0,2,8,8,8,8,6,22
3,1164,1163,1791052987116261,1791052987117818,1557,0,3,8,8,8,7,4,20
3,1165,1164,1791052987166261,1791052987168657,2396,0,4,9,9,9,8,4,20
3,1166,1165,1791052987216261,1791052987218649,2388,0,5,9,9,9,9,8,37
3,1167,1166,1791052987266261,1791052987267942,1681,0,6,7,7,7,7,2,8
3,1168,1167,1791052987316261,1791052987317740,1479,0,7,11,11,11,12,8,39
3,1169,1168,1791052987366261,1791052987368743,2482,0,8,6,6,6,5,2,4
3,1170,1169,1791052987416261,1791052987418744,2483,0,9,12,12,12,11,4,20
3,1171,1170,1791052987466261,1791052987468678,2417,0,10,10,10,10,9,8,37
3,1172,1171,1791052987516261,1791052987518732,2471,0,11,12,12,12,10,8,34
3,1173,1172,1791052987566261,1791052987568567,2306,0,12,10,10,10,10,8,35
3,1174,1173,1791052987616261,1791052987618249,1988,0,13,10,10,10,6,5,16
3,1175,1174,1791052987666261,1791052987668637,2376,0,14,11,11,11,11,7,27
3,1176,1175,1791052987716261,1791052987717918,1657,0,15,16,16,16,16,14,69
3,1177,1176,1791052987766261,1791052987767880,1619,0,16,13,13,13,11,6,30
3,1178,1177,1791052987816261,1791052987818040,1779,0,17,11,11,11,10,4,11
3,1179,1178,1791052987866261,1791052987867743,1482,0,18,7,7,7,7,6,30
3,1180,1179,1791052987916261,1791052987918726,2465,0,19,10,10,10,10,7,26
3,1181,1180,1791052987966261,1791052987968557,2296,0,0,7,7,7,6,4,14
3,1182,1181,1791052988016261,1791052988018617,2356,0,1,13,13,13,12,12,55
3,1183,1182,1791052988066261,1791052988068738,2477,0,2,8,8,8,7,4,17
3,1184,1183,1791052988116261,1791052988117746,1485,0,3,8,8,8,9,4,20
3,1185,1184,1791052988166261,1791052988168012,1751,0,4,9,9,9,9,6,24
3,1186,1185,1791052988216261,1791052988218422,2161,0,5,9,9,9,9,7,25
3,1187,1186,1791052988266261,1791052988268557,2296,0,6,7,7,7,6,6,21
3,1188,1187,1791052988316261,1791052988317878,1617,0,7,11,11,11,11,9,32
3,1189,1188,1791052988366261,1791052988367802,1541,0,8,6,6,6,6,4,15
3,1190,1189,1791052988416261,1791052988418660,2399,0,9,12,12,12,12,10,50
3,1191,1190,1791052988466261,1791052988468772,2511,0,10,10,10,10,8,4,20
3,1192,1191,1791052988516261,1791052988518738,2477,0,11,12,12,12,12,8,37
3,1193,1192,1791052988566261,1791052988568639,2378,0,12,10,10,10,10,6,30
3,1194,1193,1791052988616261,1791052988618767,2506,0,13,10,10,10,8,5,18
3,1195,1194,1791052988666261,1791052988668758,2497,0,14,11,11,11,9,6,30
3,1196,1195,1791052988716261,1791052988718724,2463,0,15,16,16,16,17,15,67
3,1197,1196,1791052988766261,1791052988767868,1607,0,16,13,13,13,13,9,35
3,1198,1197,1791052988816261,1791052988818030,1769,0,17,11,11,11,7,4,20
3,1199,1198,1791052988866261,1791052988868510,2249,0,18,7,7,7,6,4,20
3,1200,1199,1791052988916261,1791052988917845,1584,0,19,10,10,10,9,6,25
3,1201,1200,1791052988966261,1791052988967866,1605,0,0,7,7,7,7,6,21
3,1202,1201,1791052989016261,1791052989017946,1685,0,1,13,13,13,11,10,49
3,1203,1202,1791052989066261,1791052989068355,2094,0,2,8,8,8,8,7,30
3,1204,1203,1791052989116261,1791052989117820,1559,0,3,8,8,8,9,9,40
3,1205,1204,1791052989166261,1791052989167863,1602,0,4,9,9,9,8,8,37
3,1206,1205,1791052989216261,1791052989218220,1959,0,5,9,9,9,7,6,22
3,1207,1206,1791052989266261,1791052989268179,1918,0,6,7,7,7,5,2,10
3,1208,1207,1791052989316261,1791052989317788,1527,0,7,11,11,11,11,8,40
3,1209,1208,1791052989366261,1791052989368728,2467,0,8,6,6,6,6,2,10
3,1210,1209,1791052989416261,1791052989418630,2369,0,9,12,12,12,11,6,26
3,1211,1210,1791052989466261,1791052989467917,1656,0,10,10,10,10,10,9,39
3,1212,1211,1791052989516261,1791052989517872,1611,0,11,12,12,12,13,12,50
3,1213,1212,1791052989566261,1791052989568688,2427,0,12,10,10,10,8,4,20
3,1214,1213,1791052989616261,1791052989618558,2297,0,13,10,10,10,9,6,26
3,1215,1214,1791052989666261,1791052989668308,2047,0,14,11,11,11,11,6,25
3,1216,1215,1791052989716261,1791052989717875,1614,0,15,16,16,16,17,16,73
3,1217,1216,1791052989766261,1791052989768196,1935,0,16,13,13,13,12,6,23
3,1218,1217,1791052989816261,1791052989818179,1918,0,17,11,11,11,11,6,26
3,1219,1218,1791052989866261,1791052989868299,2038,0,18,7,7,7,7,6,30
3,1220,1219,1791052989916261,1791052989917733,1472,0,19,10,10,10,8,8,31
3,1221,1220,1791052989966261,1791052989968754,2493,0,0,7,7,7,7,6,27
3,1222,1221,1791052990016261,1791052990018679,2418,0,1,13,13,13,12,8,31
3,1223,1222,1791052990066261,1791052990068633,2372,0,2,8,8,8,8,6,30
3,1224,1223,1791052990116261,1791052990118748,2487,0,3,8,8,8,9,6,26
3,1225,1224,1791052990166261,1791052990168065,1804,0,4,9,9,9,7,4,18
3,1226,1225,1791052990216261,1791052990218161,1900,0,5,9,9,9,8,6,27
3,1227,1226,1791052990266261,1791052990267947,1686,0,6,7,7,7,6,6,22
3,1228,1227,1791052990316261,1791052990317869,1608,0,7,11,11,11,10,9,29
3,1229,1228,1791052990366261,1791052990367778,1517,0,8,6,6,6,2,2,3
3,1230,1229,1791052990416261,1791052990418065,1804,0,9,12,12,12,12,8,40
3,1231,1230,1791052990466261,1791052990468692,2431,0,10,10,10,10,10,8,33
3,1232,1231,1791052990516261,1791052990518744,2483,0,11,12,12,12,12,10,45
3,1233,1232,1791052990566261,1791052990567966,1705,0,12,10,10,10,10,6,28
3,1234,1233,1791052990616261,1791052990618503,2242,0,13,10,10,10,10,6,26
3,1235,1234,1791052990666261,1791052990668434,2173,0,14,11,11,11,9,6,25
3,1236,1235,1791052990716261,1791052990717880,1619,0,15,16,16,16,16,16,71
3,1237,1236,1791052990766261,1791052990768474,2213,0,16,13,13,13,11,6,30
3,1238,1237,1791052990816261,1791052990818175,1914,0,17,11,11,11,10,5,17
3,1239,1238,1791052990866261,1791052990868368,2107,0,18,7,7,7,7,6,25
3,1240,1239,1791052990916261,1791052990917915,1654,0,19,10,10,10,11,8,31
3,1241,1240,1791052990966261,1791052990967992,1731,0,0,7,7,7,6,3,10
3,1242,1241,1791052991016261,1791052991017969,1708,0,1,13,13,13,12,10,50
3,1243,1242,1791052991066261,1791052991068180,1919,0,2,8,8,8,8,6,30
3,1244,1243,1791052991116261,1791052991117761,1500,0,3,8,8,8,7,5,20
3,1245,1244,1791052991166261,1791052991168670,2409,0,4,9,9,9,9,7,28
3,1246,1245,1791052991216261,1791052991218729,2468,0,5,9,9,9,9,6,30
3,1247,1246,1791052991266261,1791052991268704,2443,0,6,7,7,7,7,4,12
3,1248,1247,1791052991316261,1791052991317727,1466,0,7,11,11,11,10,6,30
3,1249,1248,1791052991366261,1791052991368643,2382,0,8,6,6,6,6,3,6
3,1250,1249,1791052991416261,1791052991417829,1568,0,9,12,12,12,10,4,20
3,1251,1250,1791052991466261,1791052991467860,1599,0,10,10,10,10,10,10,50
3,1252,1251,1791052991516261,1791052991517772,1511,0,11,12,12,12,12,12,47
3,1253,1252,1791052991566261,1791052991568732,2471,0,12,10,10,10,8,7,29
3,1254,1253,1791052991616261,1791052991617776,1515,0,13,10,10,10,8,4,17
3,1255,1254,1791052991666261,1791052991667717,1456,0,14,11,11,11,11,8,38
3,1256,1255,1791052991716261,1791052991717803,1542,0,15,16,16,16,17,15,63
3,1257,1256,1791052991766261,1791052991768133,1872,0,16,13,13,13,13,6,30
3,1258,1257,1791052991816261,1791052991818277,2016,0,17,11,11,11,11,4,18
3,1259,1258,1791052991866261,1791052991868399,2138,0,18,7,7,7,6,6,30
3,1260,1259,1791052991916261,1791052991917760,1499,0,19,10,10,10,9,5,18
3,1261,1260,1791052991966261,1791052991968788,2527,0,0,7,7,7,6,2,10
3,1262,1261,1791052992016261,1791052992018758,2497,0,1,13,13,13,12,10,50
3,1263,1262,1791052992066261,1791052992068249,1988,0,2,8,8,8,8,6,30
3,1264,1263,1791052992116261,1791052992117735,1474,0,3,8,8,8,8,6,26
3,1265,1264,1791052992166261,1791052992168769,2508,0,4,9,9,9,8,6,30
3,1266,1265,1791052992216261,1791052992217732,1471,0,5,9,9,9,8,6,21
3,1267,1266,1791052992266261,1791052992268725,2464,0,6,7,7,7,5,2,10
3,1268,1267,1791052992316261,1791052992317756,1495,0,7,11,11,11,11,8,34
3,1269,1268,1791052992366261,1791052992368728,2467,0,8,6,6,6,6,5,19
3,1270,1269,1791052992416261,1791052992417875,1614,0,9,12,12,12,11,9,40
3,1271,1270,1791052992466261,1791052992467940,1679,0,10,10,10,10,10,8,40
3,1272,1271,1791052992516261,1791052992517751,1490,0,11,12,12,12,13,10,50
3,1273,1272,1791052992566261,1791052992568629,2368,0,12,10,10,10,9,6,30
3,1274,1273,1791052992616261,1791052992618588,2327,0,13,10,10,10,9,4,17
3,1275,1274,1791052992666261,1791052992668757,2496,0,14,11,11,11,11,8,36
3,1276,1275,1791052992716261,1791052992717866,1605,0,15,16,16,16,17,15,65
3,1277,1276,1791052992766261,1791052992768068,1807,0,16,13,13,13,11,5,20
3,1278,1277,1791052992816261,1791052992818398,2137,0,17,11,11,11,11,6,25
3,1279,1278,1791052992866261,1791052992868687,2426,0,18,7,7,7,7,6,30
3,1280,1279,1791052992916261,1791052992918082,1821,0,19,10,10,10,11,9,35
3,1281,1280,1791052992966261,1791052992968671,2410,0,0,7,7,7,6,4,15
3,1282,1281,1791052993016261,1791052993018067,1806,0,1,13,13,13,11,8,40
3,1283,1282,1791052993066261,1791052993068445,2184,0,2,8,8,8,8,6,30
3,1284,1283,1791052993116261,1791052993117734,1473,0,3,8,8,8,7,5,17
3,1285,1284,1791052993166261,1791052993168609,2348,0,4,9,9,9,9,6,30
3,1286,1285,1791052993216261,1791052993217881,1620,0,5,9,9,9,9,6,30
3,1287,1286,1791052993266261,1791052993268715,2454,0,6,7,7,7,7,4,15
3,1288,1287,1791052993316261,1791052993317804,1543,0,7,11,11,11,11,8,37
3,1289,1288,1791052993366261,1791052993367876,1615,0,8,6,6,6,5,2,5
3,1290,1289,1791052993416261,1791052993418190,1929,0,9,12,12,12,10,4,20
3,1291,1290,1791052993466261,1791052993468413,2152,0,10,10,10,10,10,10,44
3,1292,1291,1791052993516261,1791052993518778,2517,0,11,12,12,12,12,12,50
3,1293,1292,1791052993566261,1791052993568771,2510,0,12,10,10,10,10,6,24
3,1294,1293,1791052993616261,1791052993618397,2136,0,13,10,10,10,7,4,20
3,1295,1294,1791052993666261,1791052993668643,2382,0,14,11,11,11,11,6,30
3,1296,1295,1791052993716261,1791052993717721,1460,0,15,16,16,16,15,14,66
3,1297,1296,1791052993766261,1791052993768742,2481,0,16,13,13,13,13,6,30
3,1298,1297,1791052993816261,1791052993818156,1895,0,17,11,11,11,10,7,27
3,1299,1298,1791052993866261,1791052993868426,2165,0,18,7,7,7,7,6,30
3,1300,1299,1791052993916261,1791052993917828,1567,0,19,10,10,10,10,9,32
3,1301,1300,1791052993966261,1791052993968054,1793,0,0,7,7,7,6,4,14
3,1302,1301,1791052994016261,1791052994018040,1779,0,1,13,13,13,12,10,46
3,1303,1302,1791052994066261,1791052994068071,1810,0,2,8,8,8,8,6,30
3,1304,1303,1791052994116261,1791052994118753,2492,0,3,8,8,8,7,4,20
3,1305,1304,1791052994166261,1791052994168684,2423,0,4,9,9,9,8,7,28
3,1306,1305,1791052994216261,1791052994217811,1550,0,5,9,9,9,9,6,23
3,1307,1306,1791052994266261,1791052994267981,1720,0,6,7,7,7,7,4,12
3,1308,1307,1791052994316261,1791052994317865,1604,0,7,11,11,11,12,9,38
3,1309,1308,1791052994366261,1791052994367915,1654,0,8,6,6,6,6,3,8
3,1310,1309,1791052994416261,1791052994418134,1873,0,9,12,12,12,12,8,39
3,1311,1310,1791052994466261,1791052994468247,1986,0,10,10,10,10,9,6,30
3,1312,1311,1791052994516261,1791052994517801,1540,0,11,12,12,12,12,10,50
3,1313,1312,1791052994566261,1791052994568062,1801,0,12,10,10,10,9,6,30
3,1314,1313,1791052994616261,1791052994618098,1837,0,13,10,10,10,10,6,21
3,1315,1314,1791052994666261,1791052994668570,2309,0,14,11,11,11,11,6,30
3,1316,1315,1791052994716261,1791052994717882,1621,0,15,16,16,16,17,17,78
3,1317,1316,1791052994766261,1791052994768141,1880,0,16,13,13,13,13,6,30
3,1318,1317,1791052994816261,1791052994818534,2273,0,17,11,11,11,9,6,19
3,1319,1318,1791052994866261,1791052994868691,2430,0,18,7,7,7,7,6,30
3,1320,1319,1791052994916261,1791052994917779,1518,0,19,10,10,10,10,6,26
3,1321,1320,1791052994966261,1791052994968687,2426,0,0,7,7,7,7,4,14
3,1322,1321,1791052995016261,1791052995018734,2473,0,1,13,13,13,13,10,45
3,1323,1322,1791052995066261,1791052995068133,1872,0,2,8,8,8,8,6,30
3,1324,1323,1791052995116261,1791052995118668,2407,0,3,8,8,8,9,9,34
3,1325,1324,1791052995166261,1791052995167826,1565,0,4,9,9,9,9,9,38
3,1326,1325,1791052995216261,1791052995217907,1646,0,5,9,9,9,7,4,20
3,1327,1326,1791052995266261,1791052995268346,2085,0,6,7,7,7,7,4,20
3,1328,1327,1791052995316261,1791052995317796,1535,0,7,11,11,11,12,8,40
3,1329,1328,1791052995366261,1791052995368223,1962,0,8,6,6,6,5,0,0
3,1330,1329,1791052995416261,1791052995417909,1648,0,9,12,12,12,11,6,27
3,1331,1330,1791052995466261,1791052995468421,2160,0,10,10,10,10,10,10,46
3,1332,1331,1791052995516261,1791052995517805,1544,0,11,12,12,12,12,12,60
3,1333,1332,1791052995566261,1791052995568314,2053,0,12,10,10,10,8,8,31
3,1334,1333,1791052995616261,1791052995618746,2485,0,13,10,10,10,8,4,20
3,1335,1334,1791052995666261,1791052995668262,2001,0,14,11,11,11,11,6,30
3,1336,1335,1791052995716261,1791052995718731,2470,0,15,16,16,16,15,14,70
3,1337,1336,1791052995766261,1791052995768515,2254,0,16,13,13,13,12,6,30
3,1338,1337,1791052995816261,1791052995818145,1884,0,17,11,11,11,10,7,27
3,1339,1338,1791052995866261,1791052995867733,1472,0,18,7,7,7,7,6,27
3,1340,1339,1791052995916261,1791052995917764,1503,0,19,10,10,10,10,10,31
3,1341,1340,1791052995966261,1791052995968346,2085,0,0,7,7,7,7,6,26
3,1342,1341,1791052996016261,1791052996017936,1675,0,1,13,13,13,13,10,44
3,1343,1342,1791052996066261,1791052996068594,2333,0,2,8,8,8,8,6,30
3,1344,1343,1791052996116261,1791052996117732,1471,0,3,8,8,8,8,8,39
3,1345,1344,1791052996166261,1791052996168270,2009,0,4,9,9,9,9,8,36
3,1346,1345,1791052996216261,1791052996218058,1797,0,5,9,9,9,9,7,29
3,1347,1346,1791052996266261,1791052996268498,2237,0,6,7,7,7,7,2,10
3,1348,1347,1791052996316261,1791052996318724,2463,0,7,11,11,11,12,9,40
3,1349,1348,1791052996366261,1791052996368033,1772,0,8,6,6,6,5,4,17
3,1350,1349,1791052996416261,1791052996418627,2366,0,9,12,12,12,11,11,50
3,1351,1350,1791052996466261,1791052996467979,1718,0,10,10,10,10,8,8,29
3,1352,1351,1791052996516261,1791052996517773,1512,0,11,12,12,12,11,10,42
3,1353,1352,1791052996566261,1791052996568349,2088,0,12,10,10,10,9,6,22
3,1354,1353,1791052996616261,1791052996618571,2310,0,13,10,10,10,9,6,26
3,1355,1354,1791052996666261,1791052996668388,2127,0,14,11,11,11,10,6,30
3,1356,1355,1791052996716261,1791052996718758,2497,0,15,16,16,16,16,14,61
3,1357,1356,1791052996766261,1791052996767967,1706,0,16,13,13,13,12,6,30
3,1358,1357,1791052996816261,1791052996818135,1874,0,17,11,11,11,11,4,20
3,1359,1358,1791052996866261,1791052996868736,2475,0,18,7,7,7,6,6,30
3,1360,1359,1791052996916261,1791052996917805,1544,0,19,10,10,10,10,4,14
3,1361,1360,1791052996966261,1791052996968249,1988,0,0,7,7,7,7,2,10
3,1362,1361,1791052997016261,1791052997018780,2519,0,1,13,13,13,13,10,50
3,1363,1362,1791052997066261,1791052997067904,1643,0,2,8,8,8,8,6,30
3,1364,1363,1791052997116261,1791052997117874,1613,0,3,8,8,8,9,9,31
3,1365,1364,1791052997166261,1791052997167991,1730,0,4,9,9,9,8,8,33
3,1366,1365,1791052997216261,1791052997218191,1930,0,5,9,9,9,6,4,12
3,1367,1366,1791052997266261,1791052997267860,1599,0,6,7,7,7,5,5,20
3,1368,1367,1791052997316261,1791052997317765,1504,0,7,11,11,11,9,7,30
3,1369,1368,1791052997366261,1791052997368199,1938,0,8,6,6,6,4,0,0
3,1370,1369,1791052997416261,1791052997418492,2231,0,9,12,12,12,11,6,23
3,1371,1370,1791052997466261,1791052997468206,1945,0,10,10,10,10,10,10,50
3,1372,1371,1791052997516261,1791052997517768,1507,0,11,12,12,12,12,8,40
3,1373,1372,1791052997566261,1791052997568117,1856,0,12,10,10,10,10,9,34
3,1374,1373,1791052997616261,1791052997618336,2075,0,13,10,10,10,9,8,34
3,1375,1374,1791052997666261,1791052997668276,2015,0,14,11,11,11,9,8,32
3,1376,1375,1791052997716261,1791052997718647,2386,0,15,16,16,16,17,14,64
3,1377,1376,1791052997766261,1791052997767981,1720,0,16,13,13,13,10,4,20
3,1378,1377,1791052997816261,1791052997818386,2125,0,17,11,11,11,10,4,14
3,1379,1378,1791052997866261,1791052997868547,2286,0,18,7,7,7,7,6,30
3,1380,1379,1791052997916261,1791052997918753,2492,0,19,10,10,10,10,8,28
3,1381,1380,1791052997966261,1791052997967949,1688,0,0,7,7,7,5,4,20
3,1382,1381,1791052998016261,1791052998018010,1749,0,1,13,13,13,11,6,30
3,1383,1382,1791052998066261,1791052998068075,1814,0,2,8,8,8,8,6,22
3,1384,1383,1791052998116261,1791052998117760,1499,0,3,8,8,8,8,4,13
3,1385,1384,1791052998166261,1791052998167898,1637,0,4,9,9,9,9,6,26
3,1386,1385,1791052998216261,1791052998218071,1810,0,5,9,9,9,9,8,40
3,1387,1386,1791052998266261,1791052998268111,1850,0,6,7,7,7,7,2,4
3,1388,1387,1791052998316261,1791052998317809,1548,0,7,11,11,11,12,9,40
3,1389,1388,1791052998366261,1791052998368155,1894,0,8,6,6,6,5,2,10
3,1390,1389,1791052998416261,1791052998418229,1968,0,9,12,12,12,11,6,25
3,1391,1390,1791052998466261,1791052998468631,2370,0,10,10,10,10,10,10,45
3,1392,1391,1791052998516261,1791052998517767,1506,0,11,12,12,12,12,10,46
3,1393,1392,1791052998566261,1791052998568755,2494,0,12,10,10,10,8,6,21
3,1394,1393,1791052998616261,1791052998617900,1639,0,13,10,10,10,8,4,15
3,1395,1394,1791052998666261,1791052998668256,1995,0,14,11,11,11,10,6,26
3,1396,1395,1791052998716261,1791052998717756,1495,0,15,16,16,16,15,14,68
3,1397,1396,1791052998766261,1791052998768075,1814,0,16,13,13,13,12,8,34
3,1398,1397,1791052998816261,1791052998818275,2014,0,17,11,11,11,8,5,20
3,1399,1398,1791052998866261,1791052998868518,2257,0,18,7,7,7,5,4,20
3,1400,1399,1791052998916261,1791052998918753,2492,0,19,10,10,10,8,5,18
3,1401,1400,1791052998966261,1791052998967822,1561,0,0,7,7,7,7,4,14
3,1402,1401,1791052999016261,1791052999018548,2287,0,1,13,13,13,13,12,52
3,1403,1402,1791052999066261,1791052999068471,2210,0,2,8,8,8,8,6,30
3,1404,1403,1791052999116261,1791052999117848,1587,0,3,8,8,8,8,7,23
3,1405,1404,1791052999166261,1791052999168120,1859,0,4,9,9,9,8,6,28
3,1406,1405,1791052999216261,1791052999218280,2019,0,5,9,9,9,7,6,30
3,1407,1406,1791052999266261,1791052999268274,2013,0,6,7,7,7,6,4,11
3,1408,1407,1791052999316261,1791052999317777,1516,0,7,11,11,11,11,8,37
3,1409,1408,1791052999366261,1791052999367986,1725,0,8,6,6,6,5,2,3
3,1410,1409,1791052999416261,1791052999417907,1646,0,9,12,12,12,11,6,30
3,1411,1410,1791052999466261,1791052999467942,1681,0,10,10,10,10,10,10,50
3,1412,1411,1791052999516261,1791052999517705,1444,0,11,12,12,12,11,9,35
3,1413,1412,1791052999566261,1791052999568300,2039,0,12,10,10,10,7,5,20
3,1414,1413,1791052999616261,1791052999618545,2284,0,13,10,10,10,10,10,50
3,1415,1414,1791052999666261,1791052999668730,2469,0,14,11,11,11,11,10,46
3,1416,1415,1791052999716261,1791052999717770,1509,0,15,16,16,16,17,12,51
3,1417,1416,1791052999766261,1791052999768471,2210,0,16,13,13,13,8,7,30
3,1418,1417,1791052999816261,1791052999818364,2103,0,17,11,11,11,9,7,30
3,1419,1418,1791052999866261,1791052999868451,2190,0,18,7,7,7,7,4,12
3,1420,1419,1791052999916261,1791052999917929,1668,0,19,10,10,10,11,6,21
3,1421,1420,1791052999966261,1791052999968056,1795,0,0,7,7,7,5,2,10
3,1422,1421,1791053000016261,1791053000018177,1916,0,1,13,13,13,12,10,44
3,1423,1422,1791053000066261,1791053000067854,1593,0,2,8,8,8,8,6,27
3,1424,1423,1791053000116261,1791053000118746,2485,0,3,8,8,8,7,4,14
3,1425,1424,1791053000166261,1791053000168580,2319,0,4,9,9,9,9,6,22
3,1426,1425,1791053000216261,1791053000218576,2315,0,5,9,9,9,8,8,40
3,1427,1426,1791053000266261,1791053000268294,2033,0,6,7,7,7,6,3,5
3,1428,1427,1791053000316261,1791053000318748,2487,0,7,11,11,11,12,9,40
3,1429,1428,1791053000366261,1791053000367783,1522,0,8,6,6,6,5,2,8
3,1430,1429,1791053000416261,1791053000418160,1899,0,9,12,12,12,12,8,33
3,1431,1430,1791053000466261,1791053000467818,1557,0,10,10,10,10,9,8,40
3,1432,1431,1791053000516261,1791053000517813,1552,0,11,12,12,12,12,10,50
3,1433,1432,1791053000566261,1791053000567946,1685,0,12,10,10,10,9,6,25
3,1434,1433,1791053000616261,1791053000618176,1915,0,13,10,10,10,10,6,28
3,1435,1434,1791053000666261,1791053000668458,2197,0,14,11,11,11,9,6,28
3,1436,1435,1791053000716261,1791053000717785,1524,0,15,16,16,16,17,16,68
3,1437,1436,1791053000766261,1791053000768754,2493,0,16,13,13,13,11,8,34
3,1438,1437,1791053000816261,1791053000818536,2275,0,17,11,11,11,10,4,13
3,1439,1438,1791053000866261,1791053000868549,2288,0,18,7,7,7,7,6,29
3,1440,1439,1791053000916261,1791053000917725,1464,0,19,10,10,10,9,4,20
3,1441,1440,1791053000966261,1791053000967814,1553,0,0,7,7,7,6,2,10
3,1442,1441,1791053001016261,1791053001018121,1860,0,1,13,13,13,12,12,55
3,1443,1442,1791053001066261,1791053001068191,1930,0,2,8,8,8,8,7,30
3,1444,1443,1791053001116261,1791053001117773,1512,0,3,8,8,8,8,7,30
3,1445,1444,1791053001166261,1791053001167754,1493,0,4,9,9,9,8,6,30
3,1446,1445,1791053001216261,1791053001218027,1766,0,5,9,9,9,8,6,30
3,1447,1446,1791053001266261,1791053001267986,1725,0,6,7,7,7,7,3,10
3,1448,1447,1791053001316261,1791053001317761,1500,0,7,11,11,11,11,8,35
3,1449,1448,1791053001366261,1791053001367814,1553,0,8,6,6,6,6,4,16
3,1450,1449,1791053001416261,1791053001417963,1702,0,9,12,12,12,12,8,35
3,1451,1450,1791053001466261,1791053001467768,1507,0,10,10,10,10,10,10,50
3,1452,1451,1791053001516261,1791053001518683,2422,0,11,12,12,12,13,10,37
3,1453,1452,1791053001566261,1791053001568190,1929,0,12,10,10,10,9,7,23
3,1454,1453,1791053001616261,1791053001617892,1631,0,13,10,10,10,10,10,45
3,1455,1454,1791053001666261,1791053001668358,2097,0,14,11,11,11,10,9,39
3,1456,1455,1791053001716261,1791053001717754,1493,0,15,16,16,16,15,11,45
3,1457,1456,1791053001766261,1791053001768340,2079,0,16,13,13,13,10,10,45
3,1458,1457,1791053001816261,1791053001817809,1548,0,17,11,11,11,11,4,20
3,1459,1458,1791053001866261,1791053001868241,1980,0,18,7,7,7,7,4,13
3,1460,1459,1791053001916261,1791053001917712,1451,0,19,10,10,10,10,5,16
3,1461,1460,1791053001966261,1791053001968738,2477,0,0,7,7,7,7,2,10
3,1462,1461,1791053002016261,1791053002017794,1533,0,1,13,13,13,12,10,50
3,1463,1462,1791053002066261,1791053002067977,1716,0,2,8,8,8,8,6,30
3,1464,1463,1791053002116261,1791053002117745,1484,0,3,8,8,8,7,6,30
3,1465,1464,1791053002166261,1791053002168776,2515,0,4,9,9,9,9,9,38
3,1466,1465,1791053002216261,1791053002218222,1961,0,5,9,9,9,8,5,18
3,1467,1466,1791053002266261,1791053002268253,1992,0,6,7,7,7,5,4,16
3,1468,1467,1791053002316261,1791053002317783,1522,0,7,11,11,11,8,7,24
3,1469,1468,1791053002366261,1791053002367950,1689,0,8,6,6,6,6,6,23
3,1470,1469,1791053002416261,1791053002418708,2447,0,9,12,12,12,10,2,10
3,1471,1470,1791053002466261,1791053002468764,2503,0,10,10,10,10,10,8,33
3,1472,1471,1791053002516261,1791053002517865,1604,0,11,12,12,12,11,6,30
3,1473,1472,1791053002566261,1791053002567768,1507,0,12,10,10,10,8,6,27
3,1474,1473,1791053002616261,1791053002618331,2070,0,13,10,10,10,10,10,46
3,1475,1474,1791053002666261,1791053002668524,2263,0,14,11,11,11,11,6,26
3,1476,1475,1791053002716261,1791053002717751,1490,0,15,16,16,16,14,10,46
3,1477,1476,1791053002766261,1791053002768631,2370,0,16,13,13,13,12,6,30
3,1478,1477,1791053002816261,1791053002818685,2424,0,17,11,11,11,9,4,15
3,1479,1478,1791053002866261,1791053002868667,2406,0,18,7,7,7,7,6,22
3,1480,1479,1791053002916261,1791053002918718,2457,0,19,10,10,10,11,8,30
3,1481,1480,1791053002966261,1791053002967750,1489,0,0,7,7,7,7,5,20
3,1482,1481,1791053003016261,1791053003017983,1722,0,1,13,13,13,12,10,50
3,1483,1482,1791053003066261,1791053003068145,1884,0,2,8,8,8,8,6,29
3,1484,1483,1791053003116261,1791053003118672,2411,0,3,8,8,8,8,6,20
3,1485,1484,1791053003166261,1791053003168765,2504,0,4,9,9,9,8,6,26
3,1486,1485,1791053003216261,1791053003217865,1604,0,5,9,9,9,8,6,30
3,1487,1486,1791053003266261,1791053003268009,1748,0,6,7,7,7,7,4,13
3,1488,1487,1791053003316261,1791053003318782,2521,0,7,11,11,11,11,8,38
3,1489,1488,1791053003366261,1791053003368652,2391,0,8,6,6,6,5,2,10
3,1490,1489,1791053003416261,1791053003417873,1612,0,9,12,12,12,11,8,40
3,1491,1490,1791053003466261,1791053003467938,1677,0,10,10,10,10,10,8,33
3,1492,1491,1791053003516261,1791053003517736,1475,0,11,12,12,12,13,13,56
3,1493,1492,1791053003566261,1791053003568258,1997,0,12,10,10,10,10,8,35
3,1494,1493,1791053003616261,1791053003618057,1796,0,13,10,10,10,8,4,16
3,1495,1494,1791053003666261,1791053003668080,1819,0,14,11,11,11,11,6,30
3,1496,1495,1791053003716261,1791053003718726,2465,0,15,16,16,16,17,16,72
3,1497,1496,1791053003766261,1791053003768292,2031,0,16,13,13,13,12,6,30
3,1498,1497,1791053003816261,1791053003818108,1847,0,17,11,11,11,11,9,40
3,1499,1498,1791053003866261,1791053003868528,2267,0,18,7,7,7,7,6,29
3,1500,1499,1791053003916261,1791053003917777,1516,0,19,10,10,10,8,6,30
3,1501,1500,1791053003966261,1791053003968103,1842,0,0,7,7,7,6,4,19
3,1502,1501,1791053004016261,1791053004018451,2190,0,1,13,13,13,12,10,46
3,1503,1502,1791053004066261,1791053004068110,1849,0,2,8,8,8,8,6,24
3,1504,1503,1791053004116261,1791053004118683,2422,0,3,8,8,8,9,6,23
3,1505,1504,1791053004166261,1791053004168002,1741,0,4,9,9,9,9,6,30
3,1506,1505,1791053004216261,1791053004218573,2312,0,5,9,9,9,9,6,22
3,1507,1506,1791053004266261,1791053004267891,1630,0,6,7,7,7,6,6,23
3,1508,1507,1791053004316261,1791053004317874,1613,0,7,11,11,11,9,8,26
3,1509,1508,1791053004366261,1791053004367912,1651,0,8,6,6,6,4,0,0
3,1510,1509,1791053004416261,1791053004417824,1563,0,9,12,12,12,11,6,26
3,1511,1510,1791053004466261,1791053004468107,1846,0,10,10,10,10,10,10,45
3,1512,1511,1791053004516261,1791053004517789,1528,0,11,12,12,12,12,11,48
3,1513,1512,1791053004566261,1791053004567970,1709,0,12,10,10,10,8,7,29
3,1514,1513,1791053004616261,1791053004618166,1905,0,13,10,10,10,10,4,17
3,1515,1514,1791053004666261,1791053004668657,2396,0,14,11,11,11,11,8,36
3,1516,1515,1791053004716261,1791053004717734,1473,0,15,16,16,16,15,14,70
3,1517,1516,1791053004766261,1791053004768347,2086,0,16,13,13,13,11,6,30
3,1518,1517,1791053004816261,1791053004818779,2518,0,17,11,11,11,9,4,16
3,1519,1518,1791053004866261,1791053004867962,1701,0,18,7,7,7,7,6,30
3,1520,1519,1791053004916261,1791053004918745,2484,0,19,10,10,10,10,7,28
3,1521,1520,1791053004966261,1791053004968105,1844,0,0,7,7,7,5,2,10
3,1522,1521,1791053005016261,1791053005018174,1913,0,1,13,13,13,12,8,40
3,1523,1522,1791053005066261,1791053005068344,2083,0,2,8,8,8,8,6,30
3,1524,1523,1791053005116261,1791053005118695,2434,0,3,8,8,8,9,9,34
3,1525,1524,1791053005166261,1791053005168148,1887,0,4,9,9,9,9,8,40
3,1526,1525,1791053005216261,1791053005218398,2137,0,5,9,9,9,7,6,25
3,1527,1526,1791053005266261,1791053005268119,1858,0,6,7,7,7,7,4,15
3,1528,1527,1791053005316261,1791053005317810,1549,0,7,11,11,11,11,8,34
3,1529,1528,1791053005366261,1791053005368060,1799,0,8,6,6,6,5,4,13
3,1530,1529,1791053005416261,1791053005417855,1594,0,9,12,12,12,11,11,48
3,1531,1530,1791053005466261,1791053005468042,1781,0,10,10,10,10,10,7,30
3,1532,1531,1791053005516261,1791053005517875,1614,0,11,12,12,12,11,10,41
3,1533,1532,1791053005566261,1791053005567827,1566,0,12,10,10,10,9,6,30
3,1534,1533,1791053005616261,1791053005617793,1532,0,13,10,10,10,9,2,10
3,1535,1534,1791053005666261,1791053005667949,1688,0,14,11,11,11,11,8,36
3,1536,1535,1791053005716261,1791053005718734,2473,0,15,16,16,16,15,14,70
3,1537,1536,1791053005766261,1791053005767799,1538,0,16,13,13,13,11,8,32
3,1538,1537,1791053005816261,1791053005818771,2510,0,17,11,11,11,8,7,28
3,1539,1538,1791053005866261,1791053005868718,2457,0,18,7,7,7,7,6,30
3,1540,1539,1791053005916261,1791053005917802,1541,0,19,10,10,10,9,5,20
3,1541,1540,1791053005966261,1791053005967864,1603,0,0,7,7,7,6,4,20
3,1542,1541,1791053006016261,1791053006017873,1612,0,1,13,13,13,11,10,50
3,1543,1542,1791053006066261,1791053006068127,1866,0,2,8,8,8,8,6,23
3,1544,1543,1791053006116261,1791053006117713,1452,0,3,8,8,8,7,4,16
3,1545,1544,1791053006166261,1791053006167774,1513,0,4,9,9,9,7,4,20
3,1546,1545,1791053006216261,1791053006218444,2183,0,5,9,9,9,8,6,30
3,1547,1546,1791053006266261,1791053006268704,2443,0,6,7,7,7,6,2,10
3,1548,1547,1791053006316261,1791053006317787,1526,0,7,11,11,11,11,9,39
3,1549,1548,1791053006366261,1791053006368088,1827,0,8,6,6,6,4,0,0
3,1550,1549,1791053006416261,1791053006418263,2002,0,9,12,12,12,11,4,20
3,1551,1550,1791053006466261,1791053006468296,2035,0,10,10,10,10,10,10,45
3,1552,1551,1791053006516261,1791053006517829,1568,0,11,12,12,12,10,10,44
3,1553,1552,1791053006566261,1791053006568662,2401,0,12,10,10,10,10,8,34
3,1554,1553,1791053006616261,1791053006618714,2453,0,13,10,10,10,8,4,20
3,1555,1554,1791053006666261,1791053006667948,1687,0,14,11,11,11,10,6,30
3,1556,1555,1791053006716261,1791053006717818,1557,0,15,16,16,16,17,17,80
3,1557,1556,1791053006766261,1791053006768087,1826,0,16,13,13,13,12,6,30
3,1558,1557,1791053006816261,1791053006818683,2422,0,17,11,11,11,10,9,38
3,1559,1558,1791053006866261,1791053006868492,2231,0,18,7,7,7,7,6,30
3,1560,1559,1791053006916261,1791053006917719,1458,0,19,10,10,10,9,4,17
3,1561,1560,1791053006966261,1791053006968094,1833,0,0,7,7,7,6,2,10
3,1562,1561,1791053007016261,1791053007017914,1653,0,1,13,13,13,11,10,50
3,1563,1562,1791053007066261,1791053007067723,1462,0,2,8,8,8,8,6,30
3,1564,1563,1791053007116261,1791053007118767,2506,0,3,8,8,8,9,9,34
3,1565,1564,1791053007166261,1791053007168316,2055,0,4,9,9,9,8,6,30
3,1566,1565,1791053007216261,1791053007218764,2503,0,5,9,9,9,8,7,27
3,1567,1566,1791053007266261,1791053007268055,1794,0,6,7,7,7,7,3,9
3,1568,1567,1791053007316261,1791053007318756,2495,0,7,11,11,11,12,8,40
3,1569,1568,1791053007366261,1791053007368344,2083,0,8,6,6,6,5,2,5
3,1570,1569,1791053007416261,1791053007417801,1540,0,9,12,12,12,11,6,30
3,1571,1570,1791053007466261,1791053007468246,1985,0,10,10,10,10,10,9,37
3,1572,1571,1791053007516261,1791053007517755,1494,0,11,12,12,12,12,12,54
3,1573,1572,1791053007566261,1791053007568760,2499,0,12,10,10,10,10,6,21
3,1574,1573,1791053007616261,1791053007618594,2333,0,13,10,10,10,8,4,20
3,1575,1574,1791053007666261,1791053007667909,1648,0,14,11,11,11,10,6,28
3,1576,1575,1791053007716261,1791053007718745,2484,0,15,16,16,16,17,16,72
3,1577,1576,1791053007766261,1791053007768609,2348,0,16,13,13,13,11,6,24
3,1578,1577,1791053007816261,1791053007818670,2409,0,17,11,11,11,10,6,22
3,1579,1578,1791053007866261,1791053007868389,2128,0,18,7,7,7,7,6,30
3,1580,1579,1791053007916261,1791053007917800,1539,0,19,10,10,10,9,5,20
3,1581,1580,1791053007966261,1791053007967972,1711,0,0,7,7,7,7,2,10
3,1582,1581,1791053008016261,1791053008018570,2309,0,1,13,13,13,12,12,55
3,1583,1582,1791053008066261,1791053008068053,1792,0,2,8,8,8,6,4,11
3,1584,1583,1791053008116261,1791053008117776,1515,0,3,8,8,8,8,4,20
3,1585,1584,1791053008166261,1791053008168206,1945,0,4,9,9,9,9,6,22
3,1586,1585,1791053008216261,1791053008218101,1840,0,5,9,9,9,9,8,40
3,1587,1586,1791053008266261,1791053008268631,2370,0,6,7,7,7,7,4,15
3,1588,1587,1791053008316261,1791053008317828,1567,0,7,11,11,11,12,11,44
3,1589,1588,1791053008366261,1791053008367983,1722,0,8,6,6,6,4,0,0
3,1590,1589,1791053008416261,1791053008418124,1863,0,9,12,12,12,10,4,20
3,1591,1590,1791053008466261,1791053008468108,1847,0,10,10,10,10,10,10,47
3,1592,1591,1791053008516261,1791053008517782,1521,0,11,12,12,12,12,12,57
3,1593,1592,1791053008566261,1791053008568690,2429,0,12,10,10,10,8,4,20
3,1594,1593,1791053008616261,1791053008618709,2448,0,13,10,10,10,9,6,23
3,1595,1594,1791053008666261,1791053008667793,1532,0,14,11,11,11,10,6,30
3,1596,1595,1791053008716261,1791053008718687,2426,0,15,16,16,16,14,14,61
3,1597,1596,1791053008766261,1791053008767741,1480,0,16,13,13,13,10,6,26
3,1598,1597,1791053008816261,1791053008817968,1707,0,17,11,11,11,9,5,12
3,1599,1598,1791053008866261,1791053008868073,1812,0,18,7,7,7,6,6,30
3,1600,1599,1791053008916261,1791053008917725,1464,0,19,10,10,10,10,2,10
3,1601,1600,1791053008966261,1791053008968664,2403,0,0,7,7,7,5,2,10
3,1602,1601,1791053009016261,1791053009018732,2471,0,1,13,13,13,13,10,44
3,1603,1602,1791053009066261,1791053009068578,2317,0,2,8,8,8,8,6,26
3,1604,1603,1791053009116261,1791053009117793,1532,0,3,8,8,8,9,7,22
3,1605,1604,1791053009166261,1791053009167849,1588,0,4,9,9,9,8,5,19
3,1606,1605,1791053009216261,1791053009217937,1676,0,5,9,9,9,9,8,33
3,1607,1606,1791053009266261,1791053009267939,1678,0,6,7,7,7,7,2,10
3,1608,1607,1791053009316261,1791053009317743,1482,0,7,11,11,11,10,8,34
3,1609,1608,1791053009366261,1791053009368110,1849,0,8,6,6,6,5,2,3
3,1610,1609,1791053009416261,1791053009418490,2229,0,9,12,12,12,12,4,20
3,1611,1610,1791053009466261,1791053009467775,1514,0,10,10,10,10,9,8,40
3,1612,1611,1791053009516261,1791053009517931,1670,0,11,12,12,12,12,12,50
3,1613,1612,1791053009566261,1791053009568173,1912,0,12,10,10,10,9,7,29
3,1614,1613,1791053009616261,1791053009618559,2298,0,13,10,10,10,6,5,17
3,1615,1614,1791053009666261,1791053009668719,2458,0,14,11,11,11,9,6,25
3,1616,1615,1791053009716261,1791053009717767,1506,0,15,16,16,16,14,12,55
3,1617,1616,1791053009766261,1791053009768666,2405,0,16,13,13,13,11,6,30
3,1618,1617,1791053009816261,1791053009817838,1577,0,17,11,11,11,10,4,20
3,1619,1618,1791053009866261,1791053009868757,2496,0,18,7,7,7,7,6,30
3,1620,1619,1791053009916261,1791053009917873,1612,0,19,10,10,10,11,7,24
3,1621,1620,1791053009966261,1791053009967969,1708,0,0,7,7,7,7,4,17
3,1622,1621,1791053010016261,1791053010018389,2128,0,1,13,13,13,13,8,40
3,1623,1622,1791053010066261,1791053010068692,2431,0,2,8,8,8,8,6,26
3,1624,1623,1791053010116261,1791053010117708,1447,0,3,8,8,8,6,2,10
3,1625,1624,1791053010166261,1791053010168660,2399,0,4,9,9,9,8,4,20
3,1626,1625,1791053010216261,1791053010218057,1796,0,5,9,9,9,8,6,30
3,1627,1626,1791053010266261,1791053010268115,1854,0,6,7,7,7,7,2,10
3,1628,1627,1791053010316261,1791053010317745,1484,0,7,11,11,11,11,9,36
3,1629,1628,1791053010366261,1791053010367942,1681,0,8,6,6,6,5,2,9
3,1630,1629,1791053010416261,1791053010418796,2535,0,9,12,12,12,10,4,20
3,1631,1630,1791053010466261,1791053010468711,2450,0,10,10,10,10,10,10,44
3,1632,1631,1791053010516261,1791053010517866,1605,0,11,12,12,12,12,8,40
3,1633,1632,1791053010566261,1791053010568727,2466,0,12,10,10,10,9,6,24
3,1634,1633,1791053010616261,1791053010617878,1617,0,13,10,10,10,9,8,40
3,1635,1634,1791053010666261,1791053010668410,2149,0,14,11,11,11,11,8,37
3,1636,1635,1791053010716261,1791053010718041,1780,0,15,16,16,16,13,8,31
3,1637,1636,1791053010766261,1791053010768254,1993,0,16,13,13,13,11,8,33
3,1638,1637,1791053010816261,1791053010818749,2488,0,17,11,11,11,10,2,10
3,1639,1638,1791053010866261,1791053010868249,1988,0,18,7,7,7,7,4,18
3,1640,1639,1791053010916261,1791053010917715,1454,0,19,10,10,10,10,4,14
3,1641,1640,1791053010966261,1791053010967768,1507,0,0,7,7,7,7,2,10
3,1642,1641,1791053011016261,1791053011018238,1977,0,1,13,13,13,12,10,50
3,1643,1642,1791053011066261,1791053011068637,2376,0,2,8,8,8,8,6,27
3,1644,1643,1791053011116261,1791053011117772,1511,0,3,8,8,8,8,6,24
3,1645,1644,1791053011166261,1791053011167900,1639,0,4,9,9,9,9,6,22
3,1646,1645,1791053011216261,1791053011218278,2017,0,5,9,9,9,9,8,40
3,1647,1646,1791053011266261,1791053011268605,2344,0,6,7,7,7,7,4,16
3,1648,1647,1791053011316261,1791053011317876,1615,0,7,11,11,11,11,8,35
3,1649,1648,1791053011366261,1791053011367814,1553,0,8,6,6,6,5,4,13
3,1650,1649,1791053011416261,1791053011418470,2209,0,9,12,12,12,10,8,40
3,1651,1650,1791053011466261,1791053011467839,1578,0,10,10,10,10,9,8,32
3,1652,1651,1791053011516261,1791053011517738,1477,0,11,12,12,12,11,10,50
3,1653,1652,1791053011566261,1791053011568073,1812,0,12,10,10,10,9,6,27
3,1654,1653,1791053011616261,1791053011618716,2455,0,13,10,10,10,10,6,29
3,1655,1654,1791053011666261,1791053011668360,2099,0,14,11,11,11,10,8,35
3,1656,1655,1791053011716261,1791053011717832,1571,0,15,16,16,16,16,14,70
3,1657,1656,1791053011766261,1791053011768426,2165,0,16,13,13,13,11,6,30
3,1658,1657,1791053011816261,1791053011818097,1836,0,17,11,11,11,9,6,16
3,1659,1658,1791053011866261,1791053011867841,1580,0,18,7,7,7,7,6,27
3,1660,1659,1791053011916261,1791053011917781,1520,0,19,10,10,10,8,5,18
3,1661,1660,1791053011966261,1791053011968476,2215,0,0,7,7,7,6,2,10
3,1662,1661,1791053012016261,1791053012018404,2143,0,1,13,13,13,13,10,50
3,1663,1662,1791053012066261,1791053012067873,1612,0,2,8,8,8,7,4,20
3,1664,1663,1791053012116261,1791053012118766,2505,0,3,8,8,8,9,4,20
3,1665,1664,1791053012166261,1791053012167967,1706,0,4,9,9,9,8,8,33
3,1666,1665,1791053012216261,1791053012218738,2477,0,5,9,9,9,8,6,26
3,1667,1666,1791053012266261,1791053012268401,2140,0,6,7,7,7,6,4,20
3,1668,1667,1791053012316261,1791053012317862,1601,0,7,11,11,11,11,8,30
3,1669,1668,1791053012366261,1791053012367815,1554,0,8,6,6,6,5,2,10
3,1670,1669,1791053012416261,1791053012418595,2334,0,9,12,12,12,11,6,30
3,1671,1670,1791053012466261,1791053012468748,2487,0,10,10,10,10,10,10,50
3,1672,1671,1791053012516261,1791053012517771,1510,0,11,12,12,12,12,10,46
3,1673,1672,1791053012566261,1791053012567817,1556,0,12,10,10,10,7,5,19
3,1674,1673,1791053012616261,1791053012618156,1895,0,13,10,10,10,10,10,43
3,1675,1674,1791053012666261,1791053012667811,1550,0,14,11,11,11,10,8,34
3,1676,1675,1791053012716261,1791053012717808,1547,0,15,16,16,16,17,10,37
3,1677,1676,1791053012766261,1791053012768079,1818,0,16,13,13,13,11,10,48
3,1678,1677,1791053012816261,1791053012818503,2242,0,17,11,11,11,11,6,26
3,1679,1678,1791053012866261,1791053012867811,1550,0,18,7,7,7,7,2,10
3,1680,1679,1791053012916261,1791053012918761,2500,0,19,10,10,10,8,4,11
3,1681,1680,1791053012966261,1791053012967714,1453,0,0,7,7,7,6,2,10
3,1682,1681,1791053013016261,1791053013017979,1718,0,1,13,13,13,12,10,50
3,1683,1682,1791053013066261,1791053013068322,2061,0,2,8,8,8,8,6,30
3,1684,1683,1791053013116261,1791053013118709,2448,0,3,8,8,8,8,8,31
3,1685,1684,1791053013166261,1791053013168708,2447,0,4,9,9,9,8,8,40
3,1686,1685,1791053013216261,1791053013217752,1491,0,5,9,9,9,7,6,23
3,1687,1686,1791053013266261,1791053013267845,1584,0,6,7,7,7,7,4,15
3,1688,1687,1791053013316261,1791053013317879,1618,0,7,11,11,11,12,8,33
3,1689,1688,1791053013366261,1791053013368117,1856,0,8,6,6,6,5,2,8
3,1690,1689,1791053013416261,1791053013418293,2032,0,9,12,12,12,11,6,24
3,1691,1690,1791053013466261,1791053013467909,1648,0,10,10,10,10,8,6,30
3,1692,1691,1791053013516261,1791053013517726,1465,0,11,12,12,12,12,12,54
3,1693,1692,1791053013566261,1791053013568125,1864,0,12,10,10,10,10,6,22
3,1694,1693,1791053013616261,1791053013618573,2312,0,13,10,10,10,8,4,16
3,1695,1694,1791053013666261,1791053013668345,2084,0,14,11,11,11,10,6,29
3,1696,1695,1791053013716261,1791053013717814,1553,0,15,16,16,16,17,16,75
3,1697,1696,1791053013766261,1791053013768438,2177,0,16,13,13,13,12,8,36
3,1698,1697,1791053013816261,1791053013817892,1631,0,17,11,11,11,11,11,49
3,1699,1698,1791053013866261,1791053013868360,2099,0,18,7,7,7,6,4,20
3,1700,1699,1791053013916261,1791053013918769,2508,0,19,10,10,10,10,8,28
3,1701,1700,1791053013966261,1791053013968154,1893,0,0,7,7,7,7,6,30
3,1702,1701,1791053014016261,1791053014018535,2274,0,1,13,13,13,12,8,36
3,1703,1702,1791053014066261,1791053014068752,2491,0,2,8,8,8,8,6,30
3,1704,1703,1791053014116261,1791053014118737,2476,0,3,8,8,8,9,7,28
3,1705,1704,1791053014166261,1791053014168727,2466,0,4,9,9,9,9,8,39
3,1706,1705,1791053014216261,1791053014218496,2235,0,5,9,9,9,9,4,20
3,1707,1706,1791053014266261,1791053014268326,2065,0,6,7,7,7,5,5,20
3,1708,1707,1791053014316261,1791053014318712,2451,0,7,11,11,11,9,8,31
3,1709,1708,1791053014366261,1791053014367867,1606,0,8,6,6,6,6,4,14
3,1710,1709,1791053014416261,1791053014417938,1677,0,9,12,12,12,12,11,50
3,1711,1710,1791053014466261,1791053014468219,1958,0,10,10,10,10,9,4,20
3,1712,1711,1791053014516261,1791053014518777,2516,0,11,12,12,12,13,8,40
3,1713,1712,1791053014566261,1791053014567915,1654,0,12,10,10,10,9,6,30
3,1714,1713,1791053014616261,1791053014618221,1960,0,13,10,10,10,9,7,26
3,1715,1714,1791053014666261,1791053014667850,1589,0,14,11,11,11,10,8,38
3,1716,1715,1791053014716261,1791053014717841,1580,0,15,16,16,16,17,15,70
3,1717,1716,1791053014766261,1791053014767991,1730,0,16,13,13,13,11,7,24
3,1718,1717,1791053014816261,1791053014818464,2203,0,17,11,11,11,9,4,17
3,1719,1718,1791053014866261,1791053014867937,1676,0,18,7,7,7,7,6,29
3,1720,1719,1791053014916261,1791053014917781,1520,0,19,10,10,10,9,8,32
3,1721,1720,1791053014966261,1791053014968102,1841,0,0,7,7,7,7,4,15
3,1722,1721,1791053015016261,1791053015018233,1972,0,1,13,13,13,12,10,48
3,1723,1722,1791053015066261,1791053015068076,1815,0,2,8,8,8,7,4,20
3,1724,1723,1791053015116261,1791053015117768,1507,0,3,8,8,8,9,7,29
3,1725,1724,1791053015166261,1791053015167972,1711,0,4,9,9,9,7,6,30
3,1726,1725,1791053015216261,1791053015217996,1735,0,5,9,9,9,8,6,27
3,1727,1726,1791053015266261,1791053015268188,1927,0,6,7,7,7,7,4,17
3,1728,1727,1791053015316261,1791053015318685,2424,0,7,11,11,11,12,8,40
3,1729,1728,1791053015366261,1791053015367989,1728,0,8,6,6,6,6,4,15
3,1730,1729,1791053015416261,1791053015417829,1568,0,9,12,12,12,12,12,50
3,1731,1730,1791053015466261,1791053015468336,2075,0,10,10,10,10,9,9,40
3,1732,1731,1791053015516261,1791053015518695,2434,0,11,12,12,12,11,10,41
3,1733,1732,1791053015566261,1791053015567829,1568,0,12,10,10,10,9,8,36
3,1734,1733,1791053015616261,1791053015618191,1930,0,13,10,10,10,9,4,18
3,1735,1734,1791053015666261,1791053015668407,2146,0,14,11,11,11,11,8,34
3,1736,1735,1791053015716261,1791053015717821,1560,0,15,16,16,16,16,15,70
3,1737,1736,1791053015766261,1791053015768402,2141,0,16,13,13,13,10,8,38
3,1738,1737,1791053015816261,1791053015818611,2350,0,17,11,11,11,10,8,35
3,1739,1738,1791053015866261,1791053015868366,2105,0,18,7,7,7,7,6,30
3,1740,1739,1791053015916261,1791053015918722,2461,0,19,10,10,10,10,7,28
3,1741,1740,1791053015966261,1791053015968441,2180,0,0,7,7,7,7,4,15
3,1742,1741,1791053016016261,1791053016018680,2419,0,1,13,13,13,12,8,40
3,1743,1742,1791053016066261,1791053016067979,1718,0,2,8,8,8,8,6,30
3,1744,1743,1791053016116261,1791053016117862,1601,0,3,8,8,8,9,6,28
3,1745,1744,1791053016166261,1791053016168245,1984,0,4,9,9,9,9,6,29
3,1746,1745,1791053016216261,1791053016218538,2277,0,5,9,9,9,9,6,30
3,1747,1746,1791053016266261,1791053016268742,2481,0,6,7,7,7,7,4,16
3,1748,1747,1791053016316261,1791053016318762,2501,0,7,11,11,11,12,9,40
3,1749,1748,1791053016366261,1791053016367884,1623,0,8,6,6,6,5,2,10
3,1750,1749,1791053016416261,1791053016418057,1796,0,9,12,12,12,11,8,38
3,1751,1750,1791053016466261,1791053016468059,1798,0,10,10,10,10,9,8,32
3,1752,1751,1791053016516261,1791053016517878,1617,0,11,12,12,12,13,10,50
3,1753,1752,1791053016566261,1791053016568023,1762,0,12,10,10,10,9,6,23
3,1754,1753,1791053016616261,1791053016618348,2087,0,13,10,10,10,10,5,18
3,1755,1754,1791053016666261,1791053016667951,1690,0,14,11,11,11,11,8,36
3,1756,1755,1791053016716261,1791053016717804,1543,0,15,16,16,16,17,17,71
3,1757,1756,1791053016766261,1791053016768135,1874,0,16,13,13,13,12,8,34
3,1758,1757,1791053016816261,1791053016818580,2319,0,17,11,11,11,10,10,42
3,1759,1758,1791053016866261,1791053016867850,1589,0,18,7,7,7,7,6,27
3,1760,1759,1791053016916261,1791053016917810,1549,0,19,10,10,10,8,4,13
3,1761,1760,1791053016966261,1791053016968201,1940,0,0,7,7,7,7,2,10
3,1762,1761,1791053017016261,1791053017018126,1865,0,1,13,13,13,13,10,50
3,1763,1762,1791053017066261,1791053017068656,2395,0,2,8,8,8,8,6,30
3,1764,1763,1791053017116261,1791053017117787,1526,0,3,8,8,8,7,6,29
3,1765,1764,1791053017166261,1791053017167953,1692,0,4,9,9,9,8,8,40
3,1766,1765,1791053017216261,1791053017218239,1978,0,5,9,9,9,9,6,30
3,1767,1766,1791053017266261,1791053017268505,2244,0,6,7,7,7,6,4,17
3,1768,1767,1791053017316261,1791053017317717,1456,0,7,11,11,11,12,8,40
3,1769,1768,1791053017366261,1791053017368171,1910,0,8,6,6,6,5,0,0
3,1770,1769,1791053017416261,1791053017418378,2117,0,9,12,12,12,12,6,23
3,1771,1770,1791053017466261,1791053017468367,2106,0,10,10,10,10,10,10,46
3,1772,1771,1791053017516261,1791053017517754,1493,0,11,12,12,12,10,8,40
3,1773,1772,1791053017566261,1791053017567969,1708,0,12,10,10,10,8,7,29
3,1774,1773,1791053017616261,1791053017618353,2092,0,13,10,10,10,10,10,41
3,1775,1774,1791053017666261,1791053017668542,2281,0,14,11,11,11,8,6,24
3,1776,1775,1791053017716261,1791053017717734,1473,0,15,16,16,16,15,6,24
3,1777,1776,1791053017766261,1791053017768191,1930,0,16,13,13,13,13,10,44
3,1778,1777,1791053017816261,1791053017818763,2502,0,17,11,11,11,11,6,27
3,1779,1778,1791053017866261,1791053017867961,1700,0,18,7,7,7,7,2,10
3,1780,1779,1791053017916261,1791053017918760,2499,0,19,10,10,10,9,4,20
3,1781,1780,1791053017966261,1791053017968748,2487,0,0,7,7,7,6,2,10
3,1782,1781,1791053018016261,1791053018018694,2433,0,1,13,13,13,13,10,50
3,1783,1782,1791053018066261,1791053018068793,2532,0,2,8,8,8,8,6,30
3,1784,1783,1791053018116261,1791053018117947,1686,0,3,8,8,8,8,6,28
3,1785,1784,1791053018166261,1791053018167952,1691,0,4,9,9,9,9,8,40
3,1786,1785,1791053018216261,1791053018217962,1701,0,5,9,9,9,8,8,32
3,1787,1786,1791053018266261,1791053018268777,2516,0,6,7,7,7,7,2,6
3,1788,1787,1791053018316261,1791053018317886,1625,0,7,11,11,11,12,9,34
3,1789,1788,1791053018366261,1791053018368541,2280,0,8,6,6,6,6,4,20
3,1790,1789,1791053018416261,1791053018417904,1643,0,9,12,12,12,11,10,45
3,1791,1790,1791053018466261,1791053018468446,2185,0,10,10,10,10,8,6,30
3,1792,1791,1791053018516261,1791053018517814,1553,0,11,12,12,12,13,10,45
3,1793,1792,1791053018566261,1791053018568499,2238,0,12,10,10,10,10,6,30
3,1794,1793,1791053018616261,1791053018618193,1932,0,13,10,10,10,8,5,20
3,1795,1794,1791053018666261,1791053018668634,2373,0,14,11,11,11,9,6,29
3,1796,1795,1791053018716261,1791053018717763,1502,0,15,16,16,16,16,15,70
3,1797,1796,1791053018766261,1791053018767812,1551,0,16,13,13,13,10,7,27
3,1798,1797,1791053018816261,1791053018818023,1762,0,17,11,11,11,10,9,40
3,1799,1798,1791053018866261,1791053018868058,1797,0,18,7,7,7,7,4,20
3,1800,1799,1791053018916261,1791053018918717,2456,0,19,10,10,10,10,8,33
3,1801,1800,1791053018966261,1791053018967831,1570,0,0,7,7,7,7,4,16
3,1802,1801,1791053019016261,1791053019017989,1728,0,1,13,13,13,12,10,44
3,1803,1802,1791053019066261,1791053019068051,1790,0,2,8,8,8,8,6,30
3,1804,1803,1791053019116261,1791053019118769,2508,0,3,8,8,8,9,7,29
3,1805,1804,1791053019166261,1791053019168232,1971,0,4,9,9,9,8,6,29
3,1806,1805,1791053019216261,1791053019218456,2195,0,5,9,9,9,8,6,27
3,1807,1806,1791053019266261,1791053019267979,1718,0,6,7,7,7,5,4,15
3,1808,1807,1791053019316261,1791053019317827,1566,0,7,11,11,11,11,8,40
3,1809,1808,1791053019366261,1791053019368447,2186,0,8,6,6,6,6,2,7
3,1810,1809,1791053019416261,1791053019417948,1687,0,9,12,12,12,10,4,20
3,1811,1810,1791053019466261,1791053019468561,2300,0,10,10,10,10,10,10,50
3,1812,1811,1791053019516261,1791053019517782,1521,0,11,12,12,12,11,8,40
3,1813,1812,1791053019566261,1791053019568208,1947,0,12,10,10,10,8,7,29
3,1814,1813,1791053019616261,1791053019618634,2373,0,13,10,10,10,8,6,28
3,1815,1814,1791053019666261,1791053019667966,1705,0,14,11,11,11,10,7,30
3,1816,1815,1791053019716261,1791053019717768,1507,0,15,16,16,16,17,14,67
3,1817,1816,1791053019766261,1791053019767820,1559,0,16,13,13,13,10,6,24
3,1818,1817,1791053019816261,1791053019817798,1537,0,17,11,11,11,9,4,20
3,1819,1818,1791053019866261,1791053019868027,1766,0,18,7,7,7,6,4,20
3,1820,1819,1791053019916261,1791053019917714,1453,0,19,10,10,10,8,6,27
3,1821,1820,1791053019966261,1791053019968154,1893,0,0,7,7,7,5,2,10
3,1822,1821,1791053020016261,1791053020018376,2115,0,1,13,13,13,13,11,48
3,1823,1822,1791053020066261,1791053020067989,1728,0,2,8,8,8,8,6,30
3,1824,1823,1791053020116261,1791053020118756,2495,0,3,8,8,8,9,7,27
3,1825,1824,1791053020166261,1791053020168548,2287,0,4,9,9,9,9,8,40
3,1826,1825,1791053020216261,1791053020217810,1549,0,5,9,9,9,6,6,22
3,1827,1826,1791053020266261,1791053020267978,1717,0,6,7,7,7,6,4,15
3,1828,1827,1791053020316261,1791053020317718,1457,0,7,11,11,11,12,8,31
3,1829,1828,1791053020366261,1791053020367829,1568,0,8,6,6,6,6,4,15
3,1830,1829,1791053020416261,1791053020417962,1701,0,9,12,12,12,11,4,20
3,1831,1830,1791053020466261,1791053020468297,2036,0,10,10,10,10,9,8,37
3,1832,1831,1791053020516261,1791053020517876,1615,0,11,12,12,12,12,8,40
3,1833,1832,1791053020566261,1791053020567985,1724,0,12,10,10,10,10,6,30
3,1834,1833,1791053020616261,1791053020618487,2226,0,13,10,10,10,10,7,28
3,1835,1834,1791053020666261,1791053020668642,2381,0,14,11,11,11,10,4,20
3,1836,1835,1791053020716261,1791053020717745,1484,0,15,16,16,16,15,15,70
3,1837,1836,1791053020766261,1791053020768789,2528,0,16,13,13,13,11,8,31
3,1838,1837,1791053020816261,1791053020818781,2520,0,17,11,11,11,10,6,20
3,1839,1838,1791053020866261,1791053020868131,1870,0,18,7,7,7,7,6,30
3,1840,1839,1791053020916261,1791053020918778,2517,0,19,10,10,10,9,6,30
3,1841,1840,1791053020966261,1791053020968296,2035,0,0,7,7,7,7,4,19
3,1842,1841,1791053021016261,1791053021018548,2287,0,1,13,13,13,12,11,49
3,1843,1842,1791053021066261,1791053021068722,2461,0,2,8,8,8,8,6,29
3,1844,1843,1791053021116261,1791053021117829,1568,0,3,8,8,8,8,7,27
3,1845,1844,1791053021166261,1791053021168323,2062,0,4,9,9,9,9,8,34
3,1846,1845,1791053021216261,1791053021218666,2405,0,5,9,9,9,6,4,14
3,1847,1846,1791053021266261,1791053021268701,2440,0,6,7,7,7,7,5,20
3,1848,1847,1791053021316261,1791053021318744,2483,0,7,11,11,11,9,8,39
3,1849,1848,1791053021366261,1791053021368324,2063,0,8,6,6,6,5,3,8
3,1850,1849,1791053021416261,1791053021418418,2157,0,9,12,12,12,12,8,36
3,1851,1850,1791053021466261,1791053021468633,2372,0,10,10,10,10,10,9,37
3,1852,1851,1791053021516261,1791053021518642,2381,0,11,12,12,12,13,12,51
3,1853,1852,1791053021566261,1791053021568550,2289,0,12,10,10,10,9,8,32
3,1854,1853,1791053021616261,1791053021618740,2479,0,13,10,10,10,7,5,19
3,1855,1854,1791053021666261,1791053021668191,1930,0,14,11,11,11,11,8,33
3,1856,1855,1791053021716261,1791053021717836,1575,0,15,16,16,16,15,12,60
3,1857,1856,1791053021766261,1791053021768175,1914,0,16,13,13,13,12,8,31
3,1858,1857,1791053021816261,1791053021818498,2237,0,17,11,11,11,11,4,15
3,1859,1858,1791053021866261,1791053021868524,2263,0,18,7,7,7,7,6,30
3,1860,1859,1791053021916261,1791053021917735,1474,0,19,10,10,10,8,2,10
3,1861,1860,1791053021966261,1791053021968780,2519,0,0,7,7,7,7,4,17
3,1862,1861,1791053022016261,1791053022017850,1589,0,1,13,13,13,11,8,40
3,1863,1862,1791053022066261,1791053022067937,1676,0,2,8,8,8,8,6,30
3,1864,1863,1791053022116261,1791053022117768,1507,0,3,8,8,8,8,6,25
3,1865,1864,1791053022166261,1791053022168042,1781,0,4,9,9,9,8,6,25
3,1866,1865,1791053022216261,1791053022217969,1708,0,5,9,9,9,7,6,27
3,1867,1866,1791053022266261,1791053022267828,1567,0,6,7,7,7,7,4,18
3,1868,1867,1791053022316261,1791053022317767,1506,0,7,11,11,11,11,7,29
3,1869,1868,1791053022366261,1791053022367953,1692,0,8,6,6,6,6,4,12
3,1870,1869,1791053022416261,1791053022417801,1540,0,9,12,12,12,10,6,29
3,1871,1870,1791053022466261,1791053022467770,1509,0,10,10,10,10,10,10,44
3,1872,1871,1791053022516261,1791053022518728,2467,0,11,12,12,12,11,11,50
3,1873,1872,1791053022566261,1791053022567977,1716,0,12,10,10,10,6,4,20
3,1874,1873,1791053022616261,1791053022618376,2115,0,13,10,10,10,8,6,23
3,1875,1874,1791053022666261,1791053022668708,2447,0,14,11,11,11,10,6,30
3,1876,1875,1791053022716261,1791053022717744,1483,0,15,16,16,16,16,15,66
3,1877,1876,1791053022766261,1791053022767983,1722,0,16,13,13,13,13,6,25
3,1878,1877,1791053022816261,1791053022818102,1841,0,17,11,11,11,11,4,19
3,1879,1878,1791053022866261,1791053022868103,1842,0,18,7,7,7,7,6,26
3,1880,1879,1791053022916261,1791053022917721,1460,0,19,10,10,10,8,8,33
3,1881,1880,1791053022966261,1791053022967842,1581,0,0,7,7,7,6,2,10
3,1882,1881,1791053023016261,1791053023018003,1742,0,1,13,13,13,12,10,50
3,1883,1882,1791053023066261,1791053023068284,2023,0,2,8,8,8,7,4,16
3,1884,1883,1791053023116261,1791053023117762,1501,0,3,8,8,8,8,5,15
3,1885,1884,1791053023166261,1791053023167984,1723,0,4,9,9,9,9,6,25
3,1886,1885,1791053023216261,1791053023218307,2046,0,5,9,9,9,9,8,40
3,1887,1886,1791053023266261,1791053023268279,2018,0,6,7,7,7,7,2,5
3,1888,1887,1791053023316261,1791053023317881,1620,0,7,11,11,11,12,8,40
3,1889,1888,1791053023366261,1791053023368275,2014,0,8,6,6,6,6,2,10
3,1890,1889,1791053023416261,1791053023418724,2463,0,9,12,12,12,12,8,34
3,1891,1890,1791053023466261,1791053023468726,2465,0,10,10,10,10,10,10,50
3,1892,1891,1791053023516261,1791053023517854,1593,0,11,12,12,12,13,9,33
3,1893,1892,1791053023566261,1791053023568581,2320,0,12,10,10,10,8,4,20
3,1894,1893,1791053023616261,1791053023618220,1959,0,13,10,10,10,10,10,44
3,1895,1894,1791053023666261,1791053023667948,1687,0,14,11,11,11,8,4,20
3,1896,1895,1791053023716261,1791053023717776,1515,0,15,16,16,16,17,16,64
3,1897,1896,1791053023766261,1791053023768115,1854,0,16,13,13,13,12,7,28
3,1898,1897,1791053023816261,1791053023818204,1943,0,17,11,11,11,11,4,18
3,1899,1898,1791053023866261,1791053023868500,2239,0,18,7,7,7,7,6,30
3,1900,1899,1791053023916261,1791053023918735,2474,0,19,10,10,10,7,2,10
3,1901,1900,1791053023966261,1791053023968787,2526,0,0,7,7,7,6,4,15
3,1902,1901,1791053024016261,1791053024018749,2488,0,1,13,13,13,13,10,50
3,1903,1902,1791053024066261,1791053024068588,2327,0,2,8,8,8,7,4,20
3,1904,1903,1791053024116261,1791053024117841,1580,0,3,8,8,8,7,4,20
3,1905,1904,1791053024166261,1791053024168214,1953,0,4,9,9,9,9,6,26
3,1906,1905,1791053024216261,1791053024218641,2380,0,5,9,9,9,9,8,40
3,1907,1906,1791053024266261,1791053024268262,2001,0,6,7,7,7,7,2,5
3,1908,1907,1791053024316261,1791053024317914,1653,0,7,11,11,11,12,9,40
3,1909,1908,1791053024366261,1791053024368018,1757,0,8,6,6,6,5,4,10
3,1910,1909,1791053024416261,1791053024418116,1855,0,9,12,12,12,12,8,35
3,1911,1910,1791053024466261,1791053024468508,2247,0,10,10,10,10,10,10,46
3,1912,1911,1791053024516261,1791053024517760,1499,0,11,12,12,12,12,8,34
3,1913,1912,1791053024566261,1791053024568761,2500,0,12,10,10,10,8,4,16
3,1914,1913,1791053024616261,1791053024617955,1694,0,13,10,10,10,9,8,40
3,1915,1914,1791053024666261,1791053024668137,1876,0,14,11,11,11,9,6,23
3,1916,1915,1791053024716261,1791053024718646,2385,0,15,16,16,16,14,12,45
3,1917,1916,1791053024766261,1791053024768727,2466,0,16,13,13,13,10,5,18
3,1918,1917,1791053024816261,1791053024817947,1686,0,17,11,11,11,11,4,12
3,1919,1918,1791053024866261,1791053024868451,2190,0,18,7,7,7,6,4,20
3,1920,1919,1791053024916261,1791053024918727,2466,0,19,10,10,10,8,7,29
3,1921,1920,1791053024966261,1791053024968609,2348,0,0,7,7,7,4,2,10
3,1922,1921,1791053025016261,1791053025018699,2438,0,1,13,13,13,13,12,58
3,1923,1922,1791053025066261,1791053025068312,2051,0,2,8,8,8,8,6,22
3,1924,1923,1791053025116261,1791053025117740,1479,0,3,8,8,8,7,4,11
3,1925,1924,1791053025166261,1791053025168277,2016,0,4,9,9,9,9,6,25
3,1926,1925,1791053025216261,1791053025218413,2152,0,5,9,9,9,9,8,40
3,1927,1926,1791053025266261,1791053025268545,2284,0,6,7,7,7,7,4,13
3,1928,1927,1791053025316261,1791053025318743,2482,0,7,11,11,11,9,6,30
3,1929,1928,1791053025366261,1791053025368596,2335,0,8,6,6,6,6,2,7
3,1930,1929,1791053025416261,1791053025418387,2126,0,9,12,12,12,10,4,20
3,1931,1930,1791053025466261,1791053025468523,2262,0,10,10,10,10,9,8,40
3,1932,1931,1791053025516261,1791053025517751,1490,0,11,12,12,12,11,9,33
3,1933,1932,1791053025566261,1791053025568547,2286,0,12,10,10,10,8,6,22
3,1934,1933,1791053025616261,1791053025618702,2441,0,13,10,10,10,8,4,18
3,1935,1934,1791053025666261,1791053025668347,2086,0,14,11,11,11,10,6,30
3,1936,1935,1791053025716261,1791053025717914,1653,0,15,16,16,16,16,14,64
3,1937,1936,1791053025766261,1791053025768088,1827,0,16,13,13,13,12,8,32
3,1938,1937,1791053025816261,1791053025818612,2351,0,17,11,11,11,8,4,17
3,1939,1938,1791053025866261,1791053025868684,2423,0,18,7,7,7,5,4,20
3,1940,1939,1791053025916261,1791053025918690,2429,0,19,10,10,10,9,7,30
3,1941,1940,1791053025966261,1791053025968428,2167,0,0,7,7,7,7,4,13
3,1942,1941,1791053026016261,1791053026018255,1994,0,1,13,13,13,12,12,56
3,1943,1942,1791053026066261,1791053026068451,2190,0,2,8,8,8,8,8,29
3,1944,1943,1791053026116261,1791053026117722,1461,0,3,8,8,8,9,6,26
3,1945,1944,1791053026166261,1791053026167845,1584,0,4,9,9,9,8,6,22
3,1946,1945,1791053026216261,1791053026217820,1559,0,5,9,9,9,9,8,39
3,1947,1946,1791053026266261,1791053026268048,1787,0,6,7,7,7,5,0,0
3,1948,1947,1791053026316261,1791053026317826,1565,0,7,11,11,11,12,9,40
3,1949,1948,1791053026366261,1791053026367814,1553,0,8,6,6,6,6,5,20
3,1950,1949,1791053026416261,1791053026417967,1706,0,9,12,12,12,12,11,46
3,1951,1950,1791053026466261,1791053026467811,1550,0,10,10,10,10,7,7,26
3,1952,1951,1791053026516261,1791053026518697,2436,0,11,12,12,12,12,8,40
3,1953,1952,1791053026566261,1791053026568432,2171,0,12,10,10,10,9,5,19
3,1954,1953,1791053026616261,1791053026618622,2361,0,13,10,10,10,10,10,50
3,1955,1954,1791053026666261,1791053026668767,2506,0,14,11,11,11,11,11,43
3,1956,1955,1791053026716261,1791053026718724,2463,0,15,16,16,16,15,11,50
3,1957,1956,1791053026766261,1791053026768044,1783,0,16,13,13,13,11,9,40
3,1958,1957,1791053026816261,1791053026818372,2111,0,17,11,11,11,10,8,33
3,1959,1958,1791053026866261,1791053026868715,2454,0,18,7,7,7,6,4,11
3,1960,1959,1791053026916261,1791053026918756,2495,0,19,10,10,10,11,4,17
3,1961,1960,1791053026966261,1791053026968728,2467,0,0,7,7,7,5,4,14
3,1962,1961,1791053027016261,1791053027018680,2419,0,1,13,13,13,12,8,40
3,1963,1962,1791053027066261,1791053027068672,2411,0,2,8,8,8,8,6,23
3,1964,1963,1791053027116261,1791053027118739,2478,0,3,8,8,8,7,6,21
3,1965,1964,1791053027166261,1791053027168101,1840,0,4,9,9,9,8,6,23
3,1966,1965,1791053027216261,1791053027217974,1713,0,5,9,9,9,8,8,32
3,1967,1966,1791053027266261,1791053027268237,1976,0,6,7,7,7,7,2,10
3,1968,1967,1791053027316261,1791053027318760,2499,0,7,11,11,11,11,8,40
3,1969,1968,1791053027366261,1791053027368777,2516,0,8,6,6,6,5,2,9
3,1970,1969,1791053027416261,1791053027418102,1841,0,9,12,12,12,11,8,40
3,1971,1970,1791053027466261,1791053027467776,1515,0,10,10,10,10,10,7,30
3,1972,1971,1791053027516261,1791053027518549,2288,0,11,12,12,12,12,12,51
3,1973,1972,1791053027566261,1791053027568535,2274,0,12,10,10,10,9,6,24
3,1974,1973,1791053027616261,1791053027618158,1897,0,13,10,10,10,9,3,10
3,1975,1974,1791053027666261,1791053027668484,2223,0,14,11,11,11,10,6,22
3,1976,1975,1791053027716261,1791053027717747,1486,0,15,16,16,16,17,14,69
3,1977,1976,1791053027766261,1791053027768091,1830,0,16,13,13,13,12,6,30
3,1978,1977,1791053027816261,1791053027818228,1967,0,17,11,11,11,10,4,13
3,1979,1978,1791053027866261,1791053027868725,2464,0,18,7,7,7,7,6,26
3,1980,1979,1791053027916261,1791053027918746,2485,0,19,10,10,10,8,6,23
3,1981,1980,1791053027966261,1791053027968575,2314,0,0,7,7,7,7,6,27
3,1982,1981,1791053028016261,1791053028018776,2515,0,1,13,13,13,11,6,30
3,1983,1982,1791053028066261,1791053028068112,1851,0,2,8,8,8,8,6,27
3,1984,1983,1791053028116261,1791053028117868,1607,0,3,8,8,8,9,7,23
3,1985,1984,1791053028166261,1791053028168659,2398,0,4,9,9,9,8,6,22
3,1986,1985,1791053028216261,1791053028218195,1934,0,5,9,9,9,9,8,40
3,1987,1986,1791053028266261,1791053028268137,1876,0,6,7,7,7,6,2,7
3,1988,1987,1791053028316261,1791053028317761,1500,0,7,11,11,11,12,9,40
3,1989,1988,1791053028366261,1791053028368108,1847,0,8,6,6,6,6,4,13
3,1990,1989,1791053028416261,1791053028418273,2012,0,9,12,12,12,12,10,42
3,1991,1990,1791053028466261,1791053028468736,2475,0,10,10,10,10,9,6,28
3,1992,1991,1791053028516261,1791053028517734,1473,0,11,12,12,12,12,8,40
3,1993,1992,1791053028566261,1791053028568063,1802,0,12,10,10,10,10,8,35
3,1994,1993,1791053028616261,1791053028618439,2178,0,13,10,10,10,10,4,17
3,1995,1994,1791053028666261,1791053028668617,2356,0,14,11,11,11,10,6,30
3,1996,1995,1791053028716261,1791053028718746,2485,0,15,16,16,16,15,14,61
3,1997,1996,1791053028766261,1791053028768645,2384,0,16,13,13,13,13,6,30
3,1998,1997,1791053028816261,1791053028817898,1637,0,17,11,11,11,9,4,15
3,1999,1998,1791053028866261,1791053028868117,1856,0,18,7,7,7,7,6,27
3,2000,1999,1791053028916261,1791053028917775,1514,0,19,10,10,10,10,2,10
3,2001,2000,1791053028966261,1791053028968658,2397,0,0,7,7,7,7,2,10
3,2002,2001,1791053029016261,1791053029018512,2251,0,1,13,13,13,12,10,50
3,2003,2002,1791053029066261,1791053029068517,2256,0,2,8,8,8,8,6,29
3,2004,2003,1791053029116261,1791053029117748,1487,0,3,8,8,8,7,4,20
3,2005,2004,1791053029166261,1791053029168682,2421,0,4,9,9,9,7,4,20
3,2006,2005,1791053029216261,1791053029217724,1463,0,5,9,9,9,9,8,35
3,2007,2006,1791053029266261,1791053029267885,1624,0,6,7,7,7,6,4,15
3,2008,2007,1791053029316261,1791053029318717,2456,0,7,11,11,11,12,8,40
3,2009,2008,1791053029366261,1791053029368115,1854,0,8,6,6,6,5,0,0
3,2010,2009,1791053029416261,1791053029418066,1805,0,9,12,12,12,12,4,20
3,2011,2010,1791053029466261,1791053029468542,2281,0,10,10,10,10,10,10,44
3,2012,2011,1791053029516261,1791053029517752,1491,0,11,12,12,12,12,11,50
3,2013,2012,1791053029566261,1791053029568616,2355,0,12,10,10,10,10,8,35
3,2014,2013,1791053029616261,1791053029618670,2409,0,13,10,10,10,9,6,22
3,2015,2014,1791053029666261,1791053029667956,1695,0,14,11,11,11,10,6,26
3,2016,2015,1791053029716261,1791053029717810,1549,0,15,16,16,16,17,16,74
3,2017,2016,1791053029766261,1791053029768062,1801,0,16,13,13,13,11,7,28
3,2018,2017,1791053029816261,1791053029818362,2101,0,17,11,11,11,10,5,18
3,2019,2018,1791053029866261,1791053029868637,2376,0,18,7,7,7,7,6,30
3,2020,2019,1791053029916261,1791053029917748,1487,0,19,10,10,10,10,6,21
3,2021,2020,1791053029966261,1791053029968462,2201,0,0,7,7,7,5,2,10
3,2022,2021,1791053030016261,1791053030018589,2328,0,1,13,13,13,13,10,50
3,2023,2022,1791053030066261,1791053030068724,2463,0,2,8,8,8,8,6,30
3,2024,2023,1791053030116261,1791053030118755,2494,0,3,8,8,8,9,8,35
3,2025,2024,1791053030166261,1791053030167800,1539,0,4,9,9,9,9,6,30
3,2026,2025,1791053030216261,1791053030218755,2494,0,5,9,9,9,8,4,20
3,2027,2026,1791053030266261,1791053030268457,2196,0,6,7,7,7,7,2,10
3,2028,2027,1791053030316261,1791053030318704,2443,0,7,11,11,11,12,9,38
3,2029,2028,1791053030366261,1791053030367949,1688,0,8,6,6,6,5,4,13
3,2030,2029,1791053030416261,1791053030418193,1932,0,9,12,12,12,11,6,25
3,2031,2030,1791053030466261,1791053030468369,2108,0,10,10,10,10,10,10,45
3,2032,2031,1791053030516261,1791053030517713,1452,0,11,12,12,12,11,10,48
3,2033,2032,1791053030566261,1791053030567749,1488,0,12,10,10,10,9,6,21
3,2034,2033,1791053030616261,1791053030618214,1953,0,13,10,10,10,7,4,20
3,2035,2034,1791053030666261,1791053030668667,2406,0,14,11,11,11,10,6,23
3,2036,2035,1791053030716261,1791053030718692,2431,0,15,16,16,16,16,14,61
3,2037,2036,1791053030766261,1791053030768724,2463,0,16,13,13,13,12,8,32
3,2038,2037,1791053030816261,1791053030818326,2065,0,17,11,11,11,10,6,22
3,2039,2038,1791053030866261,1791053030868133,1872,0,18,7,7,7,6,4,20
3,2040,2039,1791053030916261,1791053030918708,2447,0,19,10,10,10,10,6,24
3,2041,2040,1791053030966261,1791053030967976,1715,0,0,7,7,7,6,6,24
3,2042,2041,1791053031016261,1791053031017910,1649,0,1,13,13,13,11,5,19
3,2043,2042,1791053031066261,1791053031068315,2054,0,2,8,8,8,8,8,34
3,2044,2043,1791053031116261,1791053031118779,2518,0,3,8,8,8,7,6,30
3,2045,2044,1791053031166261,1791053031168324,2063,0,4,9,9,9,9,9,32
3,2046,2045,1791053031216261,1791053031218159,1898,0,5,9,9,9,9,6,27
3,2047,2046,1791053031266261,1791053031268489,2228,0,6,7,7,7,5,4,14
3,2048,2047,1791053031316261,1791053031318735,2474,0,7,11,11,11,12,10,48
3,2049,2048,1791053031366261,1791053031368755,2494,0,8,6,6,6,6,0,0
3,2050,2049,1791053031416261,1791053031417871,1610,0,9,12,12,12,12,4,20
3,2051,2050,1791053031466261,1791053031468140,1879,0,10,10,10,10,10,10,47
3,2052,2051,1791053031516261,1791053031517757,1496,0,11,12,12,12,10,8,33
3,2053,2052,1791053031566261,1791053031568740,2479,0,12,10,10,10,9,6,23
3,2054,2053,1791053031616261,1791053031618031,1770,0,13,10,10,10,9,6,22
3,2055,2054,1791053031666261,1791053031668122,1861,0,14,11,11,11,10,6,24
3,2056,2055,1791053031716261,1791053031717822,1561,0,15,16,16,16,16,12,53
3,2057,2056,1791053031766261,1791053031768158,1897,0,16,13,13,13,11,4,15
3,2058,2057,1791053031816261,1791053031818112,1851,0,17,11,11,11,11,4,18
3,2059,2058,1791053031866261,1791053031868306,2045,0,18,7,7,7,6,6,23
3,2060,2059,1791053031916261,1791053031918745,2484,0,19,10,10,10,9,9,28
3,2061,2060,1791053031966261,1791053031968750,2489,0,0,7,7,7,6,4,13
3,2062,2061,1791053032016261,1791053032018643,2382,0,1,13,13,13,11,8,40
3,2063,2062,1791053032066261,1791053032067802,1541,0,2,8,8,8,7,4,20
3,2064,2063,1791053032116261,1791053032118763,2502,0,3,8,8,8,8,4,20
3,2065,2064,1791053032166261,1791053032168551,2290,0,4,9,9,9,9,6,30
3,2066,2065,1791053032216261,1791053032218548,2287,0,5,9,9,9,9,8,36
3,2067,2066,1791053032266261,1791053032268603,2342,0,6,7,7,7,7,2,9
3,2068,2067,1791053032316261,1791053032317932,1671,0,7,11,11,11,12,9,37
3,2069,2068,1791053032366261,1791053032367938,1677,0,8,6,6,6,6,2,3
3,2070,2069,1791053032416261,1791053032418760,2499,0,9,12,12,12,10,4,20
3,2071,2070,1791053032466261,1791053032468476,2215,0,10,10,10,10,10,10,47
3,2072,2071,1791053032516261,1791053032518647,2386,0,11,12,12,12,11,8,40
3,2073,2072,1791053032566261,1791053032568162,1901,0,12,10,10,10,8,4,17
3,2074,2073,1791053032616261,1791053032617823,1562,0,13,10,10,10,10,10,42
3,2075,2074,1791053032666261,1791053032668651,2390,0,14,11,11,11,9,2,8
3,2076,2075,1791053032716261,1791053032717767,1506,0,15,16,16,16,17,17,72
3,2077,2076,1791053032766261,1791053032768282,2021,0,16,13,13,13,11,5,19
3,2078,2077,1791053032816261,1791053032818731,2470,0,17,11,11,11,10,4,12
3,2079,2078,1791053032866261,1791053032868756,2495,0,18,7,7,7,6,6,30
3,2080,2079,1791053032916261,1791053032918736,2475,0,19,10,10,10,10,2,10
3,2081,2080,1791053032966261,1791053032968290,2029,0,0,7,7,7,7,4,16
3,2082,2081,1791053033016261,1791053033018651,2390,0,1,13,13,13,12,12,52
3,2083,2082,1791053033066261,1791053033068371,2110,0,2,8,8,8,8,7,30
3,2084,2083,1791053033116261,1791053033117837,1576,0,3,8,8,8,8,7,22
3,2085,2084,1791053033166261,1791053033168480,2219,0,4,9,9,9,8,6,28
3,2086,2085,1791053033216261,1791053033217884,1623,0,5,9,9,9,9,8,35
3,2087,2086,1791053033266261,1791053033268237,1976,0,6,7,7,7,7,2,10
3,2088,2087,1791053033316261,1791053033318731,2470,0,7,11,11,11,11,8,40
3,2089,2088,1791053033366261,1791053033367859,1598,0,8,6,6,6,4,2,8
3,2090,2089,1791053033416261,1791053033418591,2330,0,9,12,12,12,12,8,35
3,2091,2090,1791053033466261,1791053033468549,2288,0,10,10,10,10,9,8,35
3,2092,2091,1791053033516261,1791053033517800,1539,0,11,12,12,12,13,11,45
3,2093,2092,1791053033566261,1791053033568282,2021,0,12,10,10,10,10,7,30
3,2094,2093,1791053033616261,1791053033617854,1593,0,13,10,10,10,9,7,30
3,2095,2094,1791053033666261,1791053033667970,1709,0,14,11,11,11,10,6,29
3,2096,2095,1791053033716261,1791053033718749,2488,0,15,16,16,16,16,14,67
3,2097,2096,1791053033766261,1791053033768771,2510,0,16,13,13,13,12,9,35
3,2098,2097,1791053033816261,1791053033817893,1632,0,17,11,11,11,9,6,24
3,2099,2098,1791053033866261,1791053033868108,1847,0,18,7,7,7,7,6,30
3,2100,2099,1791053033916261,1791053033917865,1604,0,19,10,10,10,9,5,14
3,2101,2100,1791053033966261,1791053033967975,1714,0,0,7,7,7,6,2,10
3,2102,2101,1791053034016261,1791053034018737,2476,0,1,13,13,13,13,10,50
3,2103,2102,1791053034066261,1791053034068352,2091,0,2,8,8,8,8,6,30
3,2104,2103,1791053034116261,1791053034118403,2142,0,3,8,8,8,6,4,12
3,2105,2104,1791053034166261,1791053034168275,2014,0,4,9,9,9,8,6,28
3,2106,2105,1791053034216261,1791053034218416,2155,0,5,9,9,9,8,8,36
3,2107,2106,1791053034266261,1791053034268426,2165,0,6,7,7,7,7,2,3
3,2108,2107,1791053034316261,1791053034317890,1629,0,7,11,11,11,12,9,40
3,2109,2108,1791053034366261,1791053034368069,1808,0,8,6,6,6,6,4,20
3,2110,2109,1791053034416261,1791053034418213,1952,0,9,12,12,12,11,8,40
3,2111,2110,1791053034466261,1791053034468178,1917,0,10,10,10,10,10,8,34
3,2112,2111,1791053034516261,1791053034517785,1524,0,11,12,12,12,12,10,48
3,2113,2112,1791053034566261,1791053034568274,2013,0,12,10,10,10,9,5,18
3,2114,2113,1791053034616261,1791053034618785,2524,0,13,10,10,10,10,8,31
3,2115,2114,1791053034666261,1791053034668205,1944,0,14,11,11,11,9,6,24
3,2116,2115,1791053034716261,1791053034717741,1480,0,15,16,16,16,16,14,67
3,2117,2116,1791053034766261,1791053034768112,1851,0,16,13,13,13,12,8,35
3,2118,2117,1791053034816261,1791053034818400,2139,0,17,11,11,11,11,4,20
3,2119,2118,1791053034866261,1791053034867884,1623,0,18,7,7,7,7,6,29
3,2120,2119,1791053034916261,1791053034918749,2488,0,19,10,10,10,8,4,20
3,2121,2120,1791053034966261,1791053034967746,1485,0,0,7,7,7,7,2,10
3,2122,2121,1791053035016261,1791053035017848,1587,0,1,13,13,13,11,10,50
3,2123,2122,1791053035066261,1791053035068519,2258,0,2,8,8,8,8,6,30
3,2124,2123,1791053035116261,1791053035117905,1644,0,3,8,8,8,9,7,23
3,2125,2124,1791053035166261,1791053035168206,1945,0,4,9,9,9,8,8,35
3,2126,2125,1791053035216261,1791053035218288,2027,0,5,9,9,9,8,6,30
3,2127,2126,1791053035266261,1791053035268751,2490,0,6,7,7,7,6,2,10
3,2128,2127,1791053035316261,1791053035317745,1484,0,7,11,11,11,10,8,40
3,2129,2128,1791053035366261,1791053035368644,2383,0,8,6,6,6,4,0,0
3,2130,2129,1791053035416261,1791053035418517,2256,0,9,12,12,12,12,4,20
3,2131,2130,1791053035466261,1791053035468539,2278,0,10,10,10,10,10,8,36
3,2132,2131,1791053035516261,1791053035517917,1656,0,11,12,12,12,12,9,40
3,2133,2132,1791053035566261,1791053035568334,2073,0,12,10,10,10,10,6,30
3,2134,2133,1791053035616261,1791053035618059,1798,0,13,10,10,10,8,4,20
3,2135,2134,1791053035666261,1791053035668495,2234,0,14,11,11,11,10,8,35
3,2136,2135,1791053035716261,1791053035718762,2501,0,15,16,16,16,14,14,61
3,2137,2136,1791053035766261,1791053035767945,1684,0,16,13,13,13,13,9,33
3,2138,2137,1791053035816261,1791053035818069,1808,0,17,11,11,11,9,4,15
3,2139,2138,1791053035866261,1791053035868356,2095,0,18,7,7,7,7,6,24
3,2140,2139,1791053035916261,1791053035917872,1611,0,19,10,10,10,10,9,35
3,2141,2140,1791053035966261,1791053035968141,1880,0,0,7,7,7,6,6,23
3,2142,2141,1791053036016261,1791053036018030,1769,0,1,13,13,13,12,10,42
3,2143,2142,1791053036066261,1791053036068779,2518,0,2,8,8,8,7,4,20
3,2144,2143,1791053036116261,1791053036117756,1495,0,3,8,8,8,7,4,20
3,2145,2144,1791053036166261,1791053036167967,1706,0,4,9,9,9,9,4,20
3,2146,2145,1791053036216261,1791053036218111,1850,0,5,9,9,9,9,8,34
3,2147,2146,1791053036266261,1791053036267902,1641,0,6,7,7,7,7,2,10
3,2148,2147,1791053036316261,1791053036318759,2498,0,7,11,11,11,10,8,36
3,2149,2148,1791053036366261,1791053036368780,2519,0,8,6,6,6,5,2,10
3,2150,2149,1791053036416261,1791053036417816,1555,0,9,12,12,12,12,8,35
3,2151,2150,1791053036466261,1791053036468723,2462,0,10,10,10,10,9,8,34
3,2152,2151,1791053036516261,1791053036517900,1639,0,11,12,12,12,13,12,54
3,2153,2152,1791053036566261,1791053036568123,1862,0,12,10,10,10,9,6,30
3,2154,2153,1791053036616261,1791053036618148,1887,0,13,10,10,10,7,6,25
3,2155,2154,1791053036666261,1791053036668653,2392,0,14,11,11,11,8,6,30
3,2156,2155,1791053036716261,1791053036717748,1487,0,15,16,16,16,16,16,74
3,2157,2156,1791053036766261,1791053036768037,1776,0,16,13,13,13,11,6,21
3,2158,2157,1791053036816261,1791053036818618,2357,0,17,11,11,11,11,6,23
3,2159,2158,1791053036866261,1791053036868386,2125,0,18,7,7,7,7,6,30
3,2160,2159,1791053036916261,1791053036918767,2506,0,19,10,10,10,8,4,20
3,2161,2160,1791053036966261,1791053036968405,2144,0,0,7,7,7,7,2,10
3,2162,2161,1791053037016261,1791053037017797,1536,0,1,13,13,13,13,10,50
3,2163,2162,1791053037066261,1791053037068672,2411,0,2,8,8,8,8,6,26
3,2164,2163,1791053037116261,1791053037118723,2462,0,3,8,8,8,9,7,21
3,2165,2164,1791053037166261,1791053037168121,1860,0,4,9,9,9,8,6,19
3,2166,2165,1791053037216261,1791053037218198,1937,0,5,9,9,9,8,6,25
3,2167,2166,1791053037266261,1791053037268224,1963,0,6,7,7,7,6,4,19
3,2168,2167,1791053037316261,1791053037318780,2519,0,7,11,11,11,11,8,34
3,2169,2168,1791053037366261,1791053037367987,1726,0,8,6,6,6,5,3,6
3,2170,2169,1791053037416261,1791053037418102,1841,0,9,12,12,12,12,8,38
3,2171,2170,1791053037466261,1791053037468400,2139,0,10,10,10,10,9,8,33
3,2172,2171,1791053037516261,1791053037518716,2455,0,11,12,12,12,12,12,51
3,2173,2172,1791053037566261,1791053037568417,2156,0,12,10,10,10,7,4,20
3,2174,2173,1791053037616261,1791053037617946,1685,0,13,10,10,10,10,6,22
3,2175,2174,1791053037666261,1791053037668591,2330,0,14,11,11,11,10,6,27
3,2176,2175,1791053037716261,1791053037717810,1549,0,15,16,16,16,15,12,55
3,2177,2176,1791053037766261,1791053037768376,2115,0,16,13,13,13,12,6,30
3,2178,2177,1791053037816261,1791053037817854,1593,0,17,11,11,11,9,4,20
3,2179,2178,1791053037866261,1791053037868475,2214,0,18,7,7,7,7,6,30
3,2180,2179,1791053037916261,1791053037917787,1526,0,19,10,10,10,8,5,13
3,2181,2180,1791053037966261,1791053037968186,1925,0,0,7,7,7,6,2,10
3,2182,2181,1791053038016261,1791053038018471,2210,0,1,13,13,13,12,10,50
3,2183,2182,1791053038066261,1791053038068345,2084,0,2,8,8,8,8,6,28
3,2184,2183,1791053038116261,1791053038117737,1476,0,3,8,8,8,8,4,14
3,2185,2184,1791053038166261,1791053038168601,2340,0,4,9,9,9,8,6,23
3,2186,2185,1791053038216261,1791053038218636,2375,0,5,9,9,9,9,8,34
3,2187,2186,1791053038266261,1791053038267846,1585,0,6,7,7,7,7,2,5
3,2188,2187,1791053038316261,1791053038317747,1486,0,7,11,11,11,11,8,40
3,2189,2188,1791053038366261,1791053038367786,1525,0,8,6,6,6,3,0,0
3,2190,2189,1791053038416261,1791053038418591,2330,0,9,12,12,12,12,4,20
3,2191,2190,1791053038466261,1791053038467912,1651,0,10,10,10,10,10,10,50
3,2192,2191,1791053038516261,1791053038517712,1451,0,11,12,12,12,13,8,40
3,2193,2192,1791053038566261,1791053038568663,2402,0,12,10,10,10,9,6,23
3,2194,2193,1791053038616261,1791053038618737,2476,0,13,10,10,10,10,10,47
3,2195,2194,1791053038666261,1791053038667755,1494,0,14,11,11,11,10,8,35
3,2196,2195,1791053038716261,1791053038717740,1479,0,15,16,16,16,15,11,42
3,2197,2196,1791053038766261,1791053038767882,1621,0,16,13,13,13,10,10,41
3,2198,2197,1791053038816261,1791053038817976,1715,0,17,11,11,11,11,8,35
3,2199,2198,1791053038866261,1791053038867915,1654,0,18,7,7,7,7,2,10
3,2200,2199,1791053038916261,1791053038918763,2502,0,19,10,10,10,11,4,17
3,2201,2200,1791053038966261,1791053038968625,2364,0,0,7,7,7,7,2,10
3,2202,2201,1791053039016261,1791053039017707,1446,0,1,13,13,13,13,10,50
3,2203,2202,1791053039066261,1791053039068763,2502,0,2,8,8,8,8,6,30
3,2204,2203,1791053039116261,1791053039117877,1616,0,3,8,8,8,8,6,20
3,2205,2204,1791053039166261,1791053039168057,1796,0,4,9,9,9,9,6,24
3,2206,2205,1791053039216261,1791053039217949,1688,0,5,9,9,9,9,7,27
3,2207,2206,1791053039266261,1791053039267896,1635,0,6,7,7,7,6,4,14
3,2208,2207,1791053039316261,1791053039317729,1468,0,7,11,11,11,11,8,40
3,2209,2208,1791053039366261,1791053039368699,2438,0,8,6,6,6,6,2,3
3,2210,2209,1791053039416261,1791053039418692,2431,0,9,12,12,12,12,8,35
3,2211,2210,1791053039466261,1791053039468707,2446,0,10,10,10,10,10,9,39
3,2212,2211,1791053039516261,1791053039517858,1597,0,11,12,12,12,13,12,51
3,2213,2212,1791053039566261,1791053039567847,1586,0,12,10,10,10,8,6,25
3,2214,2213,1791053039616261,1791053039618142,1881,0,13,10,10,10,10,4,15
3,2215,2214,1791053039666261,1791053039668451,2190,0,14,11,11,11,11,8,34
3,2216,2215,1791053039716261,1791053039717940,1679,0,15,16,16,16,16,14,70
3,2217,2216,1791053039766261,1791053039768189,1928,0,16,13,13,13,13,8,31
3,2218,2217,1791053039816261,1791053039817868,1607,0,17,11,11,11,10,4,20
3,2219,2218,1791053039866261,1791053039868548,2287,0,18,7,7,7,7,6,30
3,2220,2219,1791053039916261,1791053039917776,1515,0,19,10,10,10,9,5,17
3,2221,2220,1791053039966261,1791053039968389,2128,0,0,7,7,7,7,4,12
3,2222,2221,1791053040016261,1791053040018465,2204,0,1,13,13,13,13,8,40
3,2223,2222,1791053040066261,1791053040068404,2143,0,2,8,8,8,8,6,26
3,2224,2223,1791053040116261,1791053040117811,1550,0,3,8,8,8,9,6,30
3,2225,2224,1791053040166261,1791053040168312,2051,0,4,9,9,9,8,8,38
3,2226,2225,1791053040216261,1791053040218018,1757,0,5,9,9,9,8,6,30
3,2227,2226,1791053040266261,1791053040267879,1618,0,6,7,7,7,7,2,10
3,2228,2227,1791053040316261,1791053040317827,1566,0,7,11,11,11,11,8,37
3,2229,2228,1791053040366261,1791053040368006,1745,0,8,6,6,6,6,2,10
3,2230,2229,1791053040416261,1791053040418770,2509,0,9,12,12,12,11,8,40
3,2231,2230,1791053040466261,1791053040468631,2370,0,10,10,10,10,9,8,34
3,2232,2231,1791053040516261,1791053040517855,1594,0,11,12,12,12,11,10,49
3,2233,2232,1791053040566261,1791053040567882,1621,0,12,10,10,10,7,4,20
3,2234,2233,1791053040616261,1791053040617749,1488,0,13,10,10,10,8,4,20
3,2235,2234,1791053040666261,1791053040668002,1741,0,14,11,11,11,11,6,30
3,2236,2235,1791053040716261,1791053040717742,1481,0,15,16,16,16,16,16,78
3,2237,2236,1791053040766261,1791053040767968,1707,0,16,13,13,13,13,8,35
3,2238,2237,1791053040816261,1791053040817994,1733,0,17,11,11,11,11,9,35
3,2239,2238,1791053040866261,1791053040867953,1692,0,18,7,7,7,7,6,30
3,2240,2239,1791053040916261,1791053040917722,1461,0,19,10,10,10,11,6,27
3,2241,2240,1791053040966261,1791053040968574,2313,0,0,7,7,7,7,4,20
3,2242,2241,1791053041016261,1791053041018705,2444,0,1,13,13,13,13,10,50
3,2243,2242,1791053041066261,1791053041067837,1576,0,2,8,8,8,8,6,28
3,2244,2243,1791053041116261,1791053041117749,1488,0,3,8,8,8,8,7,26
3,2245,2244,1791053041166261,1791053041167831,1570,0,4,9,9,9,8,8,36
3,2246,2245,1791053041216261,1791053041218774,2513,0,5,9,9,9,8,6,26
3,2247,2246,1791053041266261,1791053041268589,2328,0,6,7,7,7,6,4,11
3,2248,2247,1791053041316261,1791053041317737,1476,0,7,11,11,11,12,8,40
3,2249,2248,1791053041366261,1791053041367948,1687,0,8,6,6,6,5,2,2
3,2250,2249,1791053041416261,1791053041418255,1994,0,9,12,12,12,11,6,30
3,2251,2250,1791053041466261,1791053041468465,2204,0,10,10,10,10,10,8,39
3,2252,2251,1791053041516261,1791053041517746,1485,0,11,12,12,12,11,10,50
3,2253,2252,1791053041566261,1791053041568767,2506,0,12,10,10,10,9,4,20
3,2254,2253,1791053041616261,1791053041618706,2445,0,13,10,10,10,9,4,20
3,2255,2254,1791053041666261,1791053041668661,2400,0,14,11,11,11,10,6,30
3,2256,2255,1791053041716261,1791053041717814,1553,0,15,16,16,16,16,14,70
3,2257,2256,1791053041766261,1791053041767855,1594,0,16,13,13,13,12,6,30
3,2258,2257,1791053041816261,1791053041818305,2044,0,17,11,11,11,9,8,33
3,2259,2258,1791053041866261,1791053041868484,2223,0,18,7,7,7,7,6,30
3,2260,2259,1791053041916261,1791053041917746,1485,0,19,10,10,10,8,6,24
3,2261,2260,1791053041966261,1791053041968646,2385,0,0,7,7,7,7,4,18
3,2262,2261,1791053042016261,1791053042018125,1864,0,1,13,13,13,11,10,47
3,2263,2262,1791053042066261,1791053042068105,1844,0,2,8,8,8,8,6,30
3,2264,2263,1791053042116261,1791053042117716,1455,0,3,8,8,8,9,7,26
3,2265,2264,1791053042166261,1791053042167803,1542,0,4,9,9,9,8,8,35
3,2266,2265,1791053042216261,1791053042218301,2040,0,5,9,9,9,9,7,28
3,2267,2266,1791053042266261,1791053042268529,2268,0,6,7,7,7,7,4,14
3,2268,2267,1791053042316261,1791053042317741,1480,0,7,11,11,11,11,10,43
3,2269,2268,1791053042366261,1791053042368756,2495,0,8,6,6,6,5,0,0
3,2270,2269,1791053042416261,1791053042418713,2452,0,9,12,12,12,11,6,30
3,2271,2270,1791053042466261,1791053042468639,2378,0,10,10,10,10,10,9,36
3,2272,2271,1791053042516261,1791053042517865,1604,0,11,12,12,12,12,10,50
3,2273,2272,1791053042566261,1791053042568140,1879,0,12,10,10,10,8,6,30
3,2274,2273,1791053042616261,1791053042618116,1855,0,13,10,10,10,9,4,20
3,2275,2274,1791053042666261,1791053042668131,1870,0,14,11,11,11,10,6,30
3,2276,2275,1791053042716261,1791053042718748,2487,0,15,16,16,16,16,16,75
3,2277,2276,1791053042766261,1791053042767779,1518,0,16,13,13,13,13,7,30
3,2278,2277,1791053042816261,1791053042818134,1873,0,17,11,11,11,11,8,38
3,2279,2278,1791053042866261,1791053042868418,2157,0,18,7,7,7,7,6,30
3,2280,2279,1791053042916261,1791053042917743,1482,0,19,10,10,10,9,4,20
3,2281,2280,1791053042966261,1791053042968198,1937,0,0,7,7,7,7,2,10
3,2282,2281,1791053043016261,1791053043017947,1686,0,1,13,13,13,13,10,50
3,2283,2282,1791053043066261,1791053043068248,1987,0,2,8,8,8,8,6,24
3,2284,2283,1791053043116261,1791053043117735,1474,0,3,8,8,8,7,6,24
3,2285,2284,1791053043166261,1791053043167816,1555,0,4,9,9,9,9,8,36
3,2286,2285,1791053043216261,1791053043217967,1706,0,5,9,9,9,8,6,27
3,2287,2286,1791053043266261,1791053043268002,1741,0,6,7,7,7,6,2,10
3,2288,2287,1791053043316261,1791053043317853,1592,0,7,11,11,11,12,8,34
3,2289,2288,1791053043366261,1791053043367754,1493,0,8,6,6,6,5,4,17
3,2290,2289,1791053043416261,1791053043418788,2527,0,9,12,12,12,12,9,40
3,2291,2290,1791053043466261,1791053043467977,1716,0,10,10,10,10,8,6,25
3,2292,2291,1791053043516261,1791053043517743,1482,0,11,12,12,12,12,12,56
3,2293,2292,1791053043566261,1791053043568784,2523,0,12,10,10,10,9,4,20
3,2294,2293,1791053043616261,1791053043618118,1857,0,13,10,10,10,10,5,20
3,2295,2294,1791053043666261,1791053043668138,1877,0,14,11,11,11,11,8,34
3,2296,2295,1791053043716261,1791053043717715,1454,0,15,16,16,16,16,14,67
3,2297,2296,1791053043766261,1791053043768627,2366,0,16,13,13,13,13,6,26
3,2298,2297,1791053043816261,1791053043818728,2467,0,17,11,11,11,11,9,38
3,2299,2298,1791053043866261,1791053043867746,1485,0,18,7,7,7,7,6,30
3,2300,2299,1791053043916261,1791053043918706,2445,0,19,10,10,10,9,2,10
3,2301,2300,1791053043966261,1791053043967976,1715,0,0,7,7,7,6,4,14
3,2302,2301,1791053044016261,1791053044018028,1767,0,1,13,13,13,12,8,40
3,2303,2302,1791053044066261,1791053044068041,1780,0,2,8,8,8,8,6,30
3,2304,2303,1791053044116261,1791053044118685,2424,0,3,8,8,8,8,6,27
3,2305,2304,1791053044166261,1791053044167851,1590,0,4,9,9,9,9,8,40
3,2306,2305,1791053044216261,1791053044218042,1781,0,5,9,9,9,7,7,26
3,2307,2306,1791053044266261,1791053044268002,1741,0,6,7,7,7,7,2,10
3,2308,2307,1791053044316261,1791053044318723,2462,0,7,11,11,11,10,6,30
3,2309,2308,1791053044366261,1791053044368507,2246,0,8,6,6,6,5,2,10
3,2310,2309,1791053044416261,1791053044418458,2197,0,9,12,12,12,12,8,40
3,2311,2310,1791053044466261,1791053044468678,2417,0,10,10,10,10,10,9,39
3,2312,2311,1791053044516261,1791053044518670,2409,0,11,12,12,12,13,12,53
3,2313,2312,1791053044566261,1791053044567808,1547,0,12,10,10,10,10,6,30
3,2314,2313,1791053044616261,1791053044618038,1777,0,13,10,10,10,8,2,10
3,2315,2314,1791053044666261,1791053044668116,1855,0,14,11,11,11,11,8,33
3,2316,2315,1791053044716261,1791053044717806,1545,0,15,16,16,16,15,15,70
3,2317,2316,1791053044766261,1791053044768665,2404,0,16,13,13,13,13,6,30
3,2318,2317,1791053044816261,1791053044817881,1620,0,17,11,11,11,11,6,25
3,2319,2318,1791053044866261,1791053044868765,2504,0,18,7,7,7,7,6,22
3,2320,2319,1791053044916261,1791053044917830,1569,0,19,10,10,10,9,8,32
3,2321,2320,1791053044966261,1791053044968260,1999,0,0,7,7,7,7,6,27
3,2322,2321,1791053045016261,1791053045018685,2424,0,1,13,13,13,12,8,35
3,2323,2322,1791053045066261,1791053045068013,1752,0,2,8,8,8,8,6,28
3,2324,2323,1791053045116261,1791053045117723,1462,0,3,8,8,8,8,8,38
3,2325,2324,1791053045166261,1791053045167995,1734,0,4,9,9,9,9,8,40
3,2326,2325,1791053045216261,1791053045218186,1925,0,5,9,9,9,7,6,26
3,2327,2326,1791053045266261,1791053045268527,2266,0,6,7,7,7,7,4,13
3,2328,2327,1791053045316261,1791053045317725,1464,0,7,11,11,11,12,6,29
3,2329,2328,1791053045366261,1791053045368125,1864,0,8,6,6,6,6,4,15
3,2330,2329,1791053045416261,1791053045418446,2185,0,9,12,12,12,10,10,47
3,2331,2330,1791053045466261,1791053045468100,1839,0,10,10,10,10,7,4,17
3,2332,2331,1791053045516261,1791053045517718,1457,0,11,12,12,12,12,8,40
3,2333,2332,1791053045566261,1791053045568138,1877,0,12,10,10,10,10,6,30
3,2334,2333,1791053045616261,1791053045618746,2485,0,13,10,10,10,9,7,28
3,2335,2334,1791053045666261,1791053045668076,1815,0,14,11,11,11,10,6,25
3,2336,2335,1791053045716261,1791053045717753,1492,0,15,16,16,16,17,16,78
3,2337,2336,1791053045766261,1791053045767824,1563,0,16,13,13,13,13,6,30
3,2338,2337,1791053045816261,1791053045817991,1730,0,17,11,11,11,9,4,13
3,2339,2338,1791053045866261,1791053045868289,2028,0,18,7,7,7,7,6,30
3,2340,2339,1791053045916261,1791053045917820,1559,0,19,10,10,10,10,4,17
3,2341,2340,1791053045966261,1791053045967970,1709,0,0,7,7,7,7,2,10
3,2342,2341,1791053046016261,1791053046018529,2268,0,1,13,13,13,13,10,45
3,2343,2342,1791053046066261,1791053046068537,2276,0,2,8,8,8,8,6,30
3,2344,2343,1791053046116261,1791053046118587,2326,0,3,8,8,8,9,8,33
3,2345,2344,1791053046166261,1791053046168046,1785,0,4,9,9,9,7,6,30
3,2346,2345,1791053046216261,1791053046218599,2338,0,5,9,9,9,9,6,30
3,2347,2346,1791053046266261,1791053046268631,2370,0,6,7,7,7,7,5,14
3,2348,2347,1791053046316261,1791053046317714,1453,0,7,11,11,11,11,8,40
3,2349,2348,1791053046366261,1791053046368191,1930,0,8,6,6,6,6,4,14
3,2350,2349,1791053046416261,1791053046418406,2145,0,9,12,12,12,12,8,39
3,2351,2350,1791053046466261,1791053046468388,2127,0,10,10,10,10,9,8,35
3,2352,2351,1791053046516261,1791053046517729,1468,0,11,12,12,12,12,10,47
3,2353,2352,1791053046566261,1791053046568799,2538,0,12,10,10,10,9,6,30
3,2354,2353,1791053046616261,1791053046618449,2188,0,13,10,10,10,10,6,30
3,2355,2354,1791053046666261,1791053046668186,1925,0,14,11,11,11,11,7,30
3,2356,2355,1791053046716261,1791053046718647,2386,0,15,16,16,16,15,15,69
3,2357,2356,1791053046766261,1791053046768267,2006,0,16,13,13,13,13,6,28
3,2358,2357,1791053046816261,1791053046818708,2447,0,17,11,11,11,11,8,31
3,2359,2358,1791053046866261,1791053046868210,1949,0,18,7,7,7,7,6,27
3,2360,2359,1791053046916261,1791053046918691,2430,0,19,10,10,10,10,6,22
3,2361,2360,1791053046966261,1791053046968010,1749,0,0,7,7,7,6,4,18
3,2362,2361,1791053047016261,1791053047018138,1877,0,1,13,13,13,11,8,40
3,2363,2362,1791053047066261,1791053047068153,1892,0,2,8,8,8,8,6,26
3,2364,2363,1791053047116261,1791053047117772,1511,0,3,8,8,8,8,6,30
3,2365,2364,1791053047166261,1791053047168790,2529,0,4,9,9,9,7,6,29
3,2366,2365,1791053047216261,1791053047218085,1824,0,5,9,9,9,9,7,27
3,2367,2366,1791053047266261,1791053047268128,1867,0,6,7,7,7,7,4,20
3,2368,2367,1791053047316261,1791053047317871,1610,0,7,11,11,11,12,8,40
3,2369,2368,1791053047366261,1791053047368008,1747,0,8,6,6,6,4,0,0
3,2370,2369,1791053047416261,1791053047417876,1615,0,9,12,12,12,11,4,20
3,2371,2370,1791053047466261,1791053047468207,1946,0,10,10,10,10,10,9,40
3,2372,2371,1791053047516261,1791053047517743,1482,0,11,12,12,12,12,12,56
3,2373,2372,1791053047566261,1791053047568667,2406,0,12,10,10,10,10,6,29
3,2374,2373,1791053047616261,1791053047618749,2488,0,13,10,10,10,8,4,18
3,2375,2374,1791053047666261,1791053047667983,1722,0,14,11,11,11,11,9,34
3,2376,2375,1791053047716261,1791053047718678,2417,0,15,16,16,16,16,13,60
3,2377,2376,1791053047766261,1791053047767890,1629,0,16,13,13,13,11,6,30
3,2378,2377,1791053047816261,1791053047817979,1718,0,17,11,11,11,10,7,26
3,2379,2378,1791053047866261,1791053047867785,1524,0,18,7,7,7,7,6,30
3,2380,2379,1791053047916261,1791053047918698,2437,0,19,10,10,10,8,4,12
3,2381,2380,1791053047966261,1791053047968711,2450,0,0,7,7,7,6,2,10
3,2382,2381,1791053048016261,1791053048018706,2445,0,1,13,13,13,12,10,50
3,2383,2382,1791053048066261,1791053048068618,2357,0,2,8,8,8,8,5,20
3,2384,2383,1791053048116261,1791053048117713,1452,0,3,8,8,8,8,5,19
3,2385,2384,1791053048166261,1791053048168564,2303,0,4,9,9,9,8,6,29
3,2386,2385,1791053048216261,1791053048218511,2250,0,5,9,9,9,7,5,20
3,2387,2386,1791053048266261,1791053048268558,2297,0,6,7,7,7,7,6,24
3,2388,2387,1791053048316261,1791053048317741,1480,0,7,11,11,11,9,9,32
3,2389,2388,1791053048366261,1791053048368730,2469,0,8,6,6,6,2,0,0
3,2390,2389,1791053048416261,1791053048417835,1574,0,9,12,12,12,12,4,20
3,2391,2390,1791053048466261,1791053048467839,1578,0,10,10,10,10,10,10,43
3,2392,2391,1791053048516261,1791053048517837,1576,0,11,12,12,12,13,11,44
3,2393,2392,1791053048566261,1791053048567963,1702,0,12,10,10,10,10,6,30
3,2394,2393,1791053048616261,1791053048617990,1729,0,13,10,10,10,9,5,18
3,2395,2394,1791053048666261,1791053048667857,1596,0,14,11,11,11,9,6,27
3,2396,2395,1791053048716261,1791053048717824,1563,0,15,16,16,16,16,15,70
3,2397,2396,1791053048766261,1791053048768527,2266,0,16,13,13,13,12,6,28
3,2398,2397,1791053048816261,1791053048818741,2480,0,17,11,11,11,10,6,25
3,2399,2398,1791053048866261,1791053048868111,1850,0,18,7,7,7,7,6,22
3,2400,2399,1791053048916261,1791053048918767,2506,0,19,10,10,10,9,6,30
3,2401,2400,1791053048966261,1791053048967826,1565,0,0,7,7,7,7,4,13
3,2402,2401,1791053049016261,1791053049017990,1729,0,1,13,13,13,12,10,47
3,2403,2402,1791053049066261,1791053049068645,2384,0,2,8,8,8,7,4,19
3,2404,2403,1791053049116261,1791053049118753,2492,0,3,8,8,8,7,6,22
3,2405,2404,1791053049166261,1791053049168685,2424,0,4,9,9,9,8,6,30
3,2406,2405,1791053049216261,1791053049218759,2498,0,5,9,9,9,7,6,28
3,2407,2406,1791053049266261,1791053049268752,2491,0,6,7,7,7,7,3,7
3,2408,2407,1791053049316261,1791053049317784,1523,0,7,11,11,11,11,8,40
3,2409,2408,1791053049366261,1791053049367811,1550,0,8,6,6,6,5,3,8
3,2410,2409,1791053049416261,1791053049417948,1687,0,9,12,12,12,12,8,34
3,2411,2410,1791053049466261,1791053049468138,1877,0,10,10,10,10,9,8,40
3,2412,2411,1791053049516261,1791053049517750,1489,0,11,12,12,12,11,11,50
3,2413,2412,1791053049566261,1791053049568489,2228,0,12,10,10,10,10,6,25
3,2414,2413,1791053049616261,1791053049618038,1777,0,13,10,10,10,8,4,20
3,2415,2414,1791053049666261,1791053049668628,2367,0,14,11,11,11,8,6,30
3,2416,2415,1791053049716261,1791053049717828,1567,0,15,16,16,16,16,12,58
3,2417,2416,1791053049766261,1791053049768496,2235,0,16,13,13,13,12,8,30
3,2418,2417,1791053049816261,1791053049818287,2026,0,17,11,11,11,10,9,36
3,2419,2418,1791053049866261,1791053049867811,1550,0,18,7,7,7,6,6,26
3,2420,2419,1791053049916261,1791053049918767,2506,0,19,10,10,10,10,4,20
3,2421,2420,1791053049966261,1791053049968628,2367,0,0,7,7,7,6,4,17
3,2422,2421,1791053050016261,1791053050018528,2267,0,1,13,13,13,10,9,40
3,2423,2422,1791053050066261,1791053050068740,2479,0,2,8,8,8,6,2,10
3,2424,2423,1791053050116261,1791053050117765,1504,0,3,8,8,8,7,4,20
3,2425,2424,1791053050166261,1791053050167966,1705,0,4,9,9,9,9,9,35
3,2426,2425,1791053050216261,1791053050218072,1811,0,5,9,9,9,8,5,17
3,2427,2426,1791053050266261,1791053050268327,2066,0,6,7,7,7,6,6,21
3,2428,2427,1791053050316261,1791053050318755,2494,0,7,11,11,11,8,8,38
3,2429,2428,1791053050366261,1791053050367884,1623,0,8,6,6,6,6,4,16
3,2430,2429,1791053050416261,1791053050417811,1550,0,9,12,12,12,10,9,40
3,2431,2430,1791053050466261,1791053050468101,1840,0,10,10,10,10,9,6,30
3,2432,2431,1791053050516261,1791053050517885,1624,0,11,12,12,12,12,10,50
3,2433,2432,1791053050566261,1791053050567990,1729,0,12,10,10,10,9,8,30
3,2434,2433,1791053050616261,1791053050618273,2012,0,13,10,10,10,10,8,38
3,2435,2434,1791053050666261,1791053050668146,1885,0,14,11,11,11,9,7,25
3,2436,2435,1791053050716261,1791053050717763,1502,0,15,16,16,16,14,7,30
3,2437,2436,1791053050766261,1791053050768718,2457,0,16,13,13,13,9,8,40
3,2438,2437,1791053050816261,1791053050818572,2311,0,17,11,11,11,8,4,20
3,2439,2438,1791053050866261,1791053050868632,2371,0,18,7,7,7,7,2,10
3,2440,2439,1791053050916261,1791053050918723,2462,0,19,10,10,10,11,7,30
3,2441,2440,1791053050966261,1791053050967734,1473,0,0,7,7,7,6,4,20
3,2442,2441,1791053051016261,1791053051017943,1682,0,1,13,13,13,11,8,40
3,2443,2442,1791053051066261,1791053051068130,1869,0,2,8,8,8,6,2,7
3,2444,2443,1791053051116261,1791053051117763,1502,0,3,8,8,8,7,4,19
3,2445,2444,1791053051166261,1791053051168442,2181,0,4,9,9,9,9,8,33
3,2446,2445,1791053051216261,1791053051217804,1543,0,5,9,9,9,8,7,29
3,2447,2446,1791053051266261,1791053051267817,1556,0,6,7,7,7,7,2,10
3,2448,2447,1791053051316261,1791053051317852,1591,0,7,11,11,11,12,8,40
3,2449,2448,1791053051366261,1791053051367975,1714,0,8,6,6,6,6,2,2
3,2450,2449,1791053051416261,1791053051417875,1614,0,9,12,12,12,11,5,11
3,2451,2450,1791053051466261,1791053051468634,2373,0,10,10,10,10,10,10,50
3,2452,2451,1791053051516261,1791053051517784,1523,0,11,12,12,12,10,7,29
3,2453,2452,1791053051566261,1791053051567984,1723,0,12,10,10,10,10,9,31
3,2454,2453,1791053051616261,1791053051618338,2077,0,13,10,10,10,9,7,28
3,2455,2454,1791053051666261,1791053051668107,1846,0,14,11,11,11,10,9,33
3,2456,2455,1791053051716261,1791053051717816,1555,0,15,16,16,16,16,13,51
3,2457,2456,1791053051766261,1791053051767880,1619,0,16,13,13,13,11,7,27
3,2458,2457,1791053051816261,1791053051817783,1522,0,17,11,11,11,10,6,25
3,2459,2458,1791053051866261,1791053051867989,1728,0,18,7,7,7,7,6,21
3,2460,2459,1791053051916261,1791053051917755,1494,0,19,10,10,10,10,10,37
3,2461,2460,1791053051966261,1791053051968550,2289,0,0,7,7,7,7,5,19
3,2462,2461,1791053052016261,1791053052018563,2302,0,1,13,13,13,11,11,47
3,2463,2462,1791053052066261,1791053052068565,2304,0,2,8,8,8,7,5,14
3,2464,2463,1791053052116261,1791053052118713,2452,0,3,8,8,8,7,4,20
3,2465,2464,1791053052166261,1791053052168590,2329,0,4,9,9,9,8,8,28
3,2466,2465,1791053052216261,1791053052218477,2216,0,5,9,9,9,6,6,25
3,2467,2466,1791053052266261,1791053052268571,2310,0,6,7,7,7,6,2,3
3,2468,2467,1791053052316261,1791053052317790,1529,0,7,11,11,11,11,8,39
3,2469,2468,1791053052366261,1791053052368458,2197,0,8,6,6,6,5,2,10
3,2470,2469,1791053052416261,1791053052418262,2001,0,9,12,12,12,10,4,11
3,2471,2470,1791053052466261,1791053052467946,1685,0,10,10,10,10,9,8,40
3,2472,2471,1791053052516261,1791053052518768,2507,0,11,12,12,12,12,10,50
3,2473,2472,1791053052566261,1791053052568424,2163,0,12,10,10,10,9,7,28
3,2474,2473,1791053052616261,1791053052617945,1684,0,13,10,10,10,10,4,17
3,2475,2474,1791053052666261,1791053052668539,2278,0,14,11,11,11,8,6,25
3,2476,2475,1791053052716261,1791053052717740,1479,0,15,16,16,16,15,14,59
3,2477,2476,1791053052766261,1791053052768287,2026,0,16,13,13,13,11,3,9
3,2478,2477,1791053052816261,1791053052818745,2484,0,17,11,11,11,9,2,10
3,2479,2478,1791053052866261,1791053052868135,1874,0,18,7,7,7,7,6,30
3,2480,2479,1791053052916261,1791053052917740,1479,0,19,10,10,10,9,6,22
3,2481,2480,1791053052966261,1791053052968410,2149,0,0,7,7,7,6,2,7
3,2482,2481,1791053053016261,1791053053018147,1886,0,1,13,13,13,10,10,41
3,2483,2482,1791053053066261,1791053053068546,2285,0,2,8,8,8,6,4,12
3,2484,2483,1791053053116261,1791053053117765,1504,0,3,8,8,8,6,2,10
3,2485,2484,1791053053166261,1791053053168219,1958,0,4,9,9,9,6,4,20
3,2486,2485,1791053053216261,1791053053217817,1556,0,5,9,9,9,5,4,20
3,2487,2486,1791053053266261,1791053053267952,1691,0,6,7,7,7,7,3,10
3,2488,2487,1791053053316261,1791053053317887,1626,0,7,11,11,11,12,8,40
3,2489,2488,1791053053366261,1791053053367781,1520,0,8,6,6,6,6,4,13
3,2490,2489,1791053053416261,1791053053417972,1711,0,9,12,12,12,10,4,13
3,2491,2490,1791053053466261,1791053053468206,1945,0,10,10,10,10,10,10,46
3,2492,2491,1791053053516261,1791053053517747,1486,0,11,12,12,12,10,5,20
3,2493,2492,1791053053566261,1791053053568764,2503,0,12,10,10,10,7,2,10
3,2494,2493,1791053053616261,1791053053618049,1788,0,13,10,10,10,10,10,49
3,2495,2494,1791053053666261,1791053053668184,1923,0,14,11,11,11,6,4,15
3,2496,2495,1791053053716261,1791053053717783,1522,0,15,16,16,16,13,8,31
3,2497,2496,1791053053766261,1791053053768718,2457,0,16,13,13,13,11,6,23
3,2498,2497,1791053053816261,1791053053818585,2324,0,17,11,11,11,11,5,17
3,2499,2498,1791053053866261,1791053053868539,2278,0,18,7,7,7,7,4,20
3,2500,2499,1791053053916261,1791053053917712,1451,0,19,10,10,10,9,4,20
3,2501,2500,1791053053966261,1791053053968305,2044,0,0,7,7,7,6,3,4
3,2502,2501,1791053054016261,1791053054018494,2233,0,1,13,13,13,11,10,50
3,2503,2502,1791053054066261,1791053054067876,1615,0,2,8,8,8,6,6,23
3,2504,2503,1791053054116261,1791053054118605,2344,0,3,8,8,8,8,6,27
3,2505,2504,1791053054166261,1791053054168530,2269,0,4,9,9,9,8,5,15
3,2506,2505,1791053054216261,1791053054218324,2063,0,5,9,9,9,9,6,30
3,2507,2506,1791053054266261,1791053054268337,2076,0,6,7,7,7,7,2,10
3,2508,2507,1791053054316261,1791053054317783,1522,0,7,11,11,11,10,8,40
3,2509,2508,1791053054366261,1791053054368424,2163,0,8,6,6,6,3,2,5
3,2510,2509,1791053054416261,1791053054418530,2269,0,9,12,12,12,9,0,0
3,2511,2510,1791053054466261,1791053054468670,2409,0,10,10,10,10,10,9,40
3,2512,2511,1791053054516261,1791053054517787,1526,0,11,12,12,12,9,6,20
3,2513,2512,1791053054566261,1791053054568445,2184,0,12,10,10,10,7,2,10
3,2514,2513,1791053054616261,1791053054618195,1934,0,13,10,10,10,10,10,43
3,2515,2514,1791053054666261,1791053054668484,2223,0,14,11,11,11,8,6,22
3,2516,2515,1791053054716261,1791053054717779,1518,0,15,16,16,16,16,10,40
3,2517,2516,1791053054766261,1791053054768320,2059,0,16,13,13,13,9,7,28
3,2518,2517,1791053054816261,1791053054818741,2480,0,17,11,11,11,11,4,13
3,2519,2518,1791053054866261,1791053054867763,1502,0,18,7,7,7,7,4,20
3,2520,2519,1791053054916261,1791053054917824,1563,0,19,10,10,10,10,2,10
3,2521,2520,1791053054966261,1791053054968111,1850,0,0,7,7,7,5,2,2
3,2522,2521,1791053055016261,1791053055018125,1864,0,1,13,13,13,11,8,40
3,2523,2522,1791053055066261,1791053055068755,2494,0,2,8,8,8,6,4,16
3,2524,2523,1791053055116261,1791053055118762,2501,0,3,8,8,8,7,7,30
3,2525,2524,1791053055166261,1791053055167975,1714,0,4,9,9,9,5,3,10
3,2526,2525,1791053055216261,1791053055218089,1828,0,5,9,9,9,9,6,30
3,2527,2526,1791053055266261,1791053055268373,2112,0,6,7,7,7,6,2,10
3,2528,2527,1791053055316261,1791053055318735,2474,0,7,11,11,11,11,8,40
3,2529,2528,1791053055366261,1791053055367913,1652,0,8,6,6,6,4,2,5
3,2530,2529,1791053055416261,1791053055418451,2190,0,9,12,12,12,10,0,0
3,2531,2530,1791053055466261,1791053055468105,1844,0,10,10,10,10,9,8,40
3,2532,2531,1791053055516261,1791053055517798,1537,0,11,12,12,12,9,8,32
3,2533,2532,1791053055566261,1791053055567887,1626,0,12,10,10,10,8,6,21
3,2534,2533,1791053055616261,1791053055618009,1748,0,13,10,10,10,10,10,33
3,2535,2534,1791053055666261,1791053055668148,1887,0,14,11,11,11,8,0,0
3,2536,2535,1791053055716261,1791053055717859,1598,0,15,16,16,16,16,14,70
3,2537,2536,1791053055766261,1791053055768733,2472,0,16,13,13,13,8,5,16
3,2538,2537,1791053055816261,1791053055818650,2389,0,17,11,11,11,10,5,16
3,2539,2538,1791053055866261,1791053055868729,2468,0,18,7,7,7,7,6,30
3,2540,2539,1791053055916261,1791053055917770,1509,0,19,10,10,10,10,8,27
3,2541,2540,1791053055966261,1791053055968750,2489,0,0,7,7,7,5,2,4
3,2542,2541,1791053056016261,1791053056018742,2481,0,1,13,13,13,11,8,36
3,2543,2542,1791053056066261,1791053056067830,1569,0,2,8,8,8,7,4,16
3,2544,2543,1791053056116261,1791053056117749,1488,0,3,8,8,8,8,2,10
3,2545,2544,1791053056166261,1791053056168753,2492,0,4,9,9,9,9,4,20
3,2546,2545,1791053056216261,1791053056218698,2437,0,5,9,9,9,9,6,30
3,2547,2546,1791053056266261,1791053056268738,2477,0,6,7,7,7,6,5,18
3,2548,2547,1791053056316261,1791053056318756,2495,0,7,11,11,11,10,10,41
3,2549,2548,1791053056366261,1791053056368339,2078,0,8,6,6,6,5,2,6
3,2550,2549,1791053056416261,1791053056418171,1910,0,9,12,12,12,10,0,0
3,2551,2550,1791053056466261,1791053056468515,2254,0,10,10,10,10,9,8,40
3,2552,2551,1791053056516261,1791053056518755,2494,0,11,12,12,12,12,9,32
3,2553,2552,1791053056566261,1791053056567885,1624,0,12,10,10,10,7,4,16
3,2554,2553,1791053056616261,1791053056618308,2047,0,13,10,10,10,9,8,33
3,2555,2554,1791053056666261,1791053056668318,2057,0,14,11,11,11,8,4,14
3,2556,2555,1791053056716261,1791053056717823,1562,0,15,16,16,16,15,13,58
3,2557,2556,1791053056766261,1791053056767980,1719,0,16,13,13,13,9,7,24
3,2558,2557,1791053056816261,1791053056818161,1900,0,17,11,11,11,8,3,9
3,2559,2558,1791053056866261,1791053056868538,2277,0,18,7,7,7,6,4,12
3,2560,2559,1791053056916261,1791053056917867,1606,0,19,10,10,10,11,6,27
3,2561,2560,1791053056966261,1791053056968451,2190,0,0,7,7,7,5,2,10
3,2562,2561,1791053057016261,1791053057017828,1567,0,1,13,13,13,11,8,31
3,2563,2562,1791053057066261,1791053057068652,2391,0,2,8,8,8,7,6,23
3,2564,2563,1791053057116261,1791053057117705,1444,0,3,8,8,8,5,2,8
3,2565,2564,1791053057166261,1791053057168612,2351,0,4,9,9,9,9,4,20
3,2566,2565,1791053057216261,1791053057218748,2487,0,5,9,9,9,9,8,32
3,2567,2566,1791053057266261,1791053057268047,1786,0,6,7,7,7,7,4,12
3,2568,2567,1791053057316261,1791053057317910,1649,0,7,11,11,11,10,9,40
3,2569,2568,1791053057366261,1791053057368220,1959,0,8,6,6,6,6,3,8
3,2570,2569,1791053057416261,1791053057418378,2117,0,9,12,12,12,10,0,0
3,2571,2570,1791053057466261,1791053057468249,1988,0,10,10,10,10,9,9,40
3,2572,2571,1791053057516261,1791053057517818,1557,0,11,12,12,12,10,4,20
3,2573,2572,1791053057566261,1791053057568731,2470,0,12,10,10,10,9,4,16
3,2574,2573,1791053057616261,1791053057618760,2499,0,13,10,10,10,9,8,40
3,2575,2574,1791053057666261,1791053057667938,1677,0,14,11,11,11,9,5,16
3,2576,2575,1791053057716261,1791053057717717,1456,0,15,16,16,16,13,13,56
3,2577,2576,1791053057766261,1791053057768768,2507,0,16,13,13,13,12,4,16
3,2578,2577,1791053057816261,1791053057817772,1511,0,17,11,11,11,10,2,10
3,2579,2578,1791053057866261,1791053057868272,2011,0,18,7,7,7,6,6,24
3,2580,2579,1791053057916261,1791053057917741,1480,0,19,10,10,10,8,4,16
3,2581,2580,1791053057966261,1791053057968497,2236,0,0,7,7,7,6,4,15
3,2582,2581,1791053058016261,1791053058017931,1670,0,1,13,13,13,12,12,59
3,2583,2582,1791053058066261,1791053058068330,2069,0,2,8,8,8,5,4,8
3,2584,2583,1791053058116261,1791053058117728,1467,0,3,8,8,8,7,5,14
3,2585,2584,1791053058166261,1791053058167945,1684,0,4,9,9,9,9,4,20
3,2586,2585,1791053058216261,1791053058217867,1606,0,5,9,9,9,8,6,30
3,2587,2586,1791053058266261,1791053058268631,2370,0,6,7,7,7,7,6,15
3,2588,2587,1791053058316261,1791053058317808,1547,0,7,11,11,11,10,9,36
3,2589,2588,1791053058366261,1791053058368739,2478,0,8,6,6,6,4,0,0
3,2590,2589,1791053058416261,1791053058418605,2344,0,9,12,12,12,12,4,20
3,2591,2590,1791053058466261,1791053058467997,1736,0,10,10,10,10,9,8,37
3,2592,2591,1791053058516261,1791053058517883,1622,0,11,12,12,12,12,9,35
3,2593,2592,1791053058566261,1791053058568542,2281,0,12,10,10,10,9,4,20
3,2594,2593,1791053058616261,1791053058617832,1571,0,13,10,10,10,9,7,28
3,2595,2594,1791053058666261,1791053058668062,1801,0,14,11,11,11,10,8,32
3,2596,2595,1791053058716261,1791053058717777,1516,0,15,16,16,16,14,14,61
3,2597,2596,1791053058766261,1791053058767830,1569,0,16,13,13,13,11,5,17
3,2598,2597,1791053058816261,1791053058817912,1651,0,17,11,11,11,11,4,20
3,2599,2598,1791053058866261,1791053058868210,1949,0,18,7,7,7,7,6,30
3,2600,2599,1791053058916261,1791053058917886,1625,0,19,10,10,10,8,4,11
3,2601,2600,1791053058966261,1791053058967873,1612,0,0,7,7,7,5,4,20
3,2602,2601,1791053059016261,1791053059017991,1730,0,1,13,13,13,11,8,38
3,2603,2602,1791053059066261,1791053059068026,1765,0,2,8,8,8,6,4,20
3,2604,2603,1791053059116261,1791053059117750,1489,0,3,8,8,8,7,6,24
3,2605,2604,1791053059166261,1791053059168740,2479,0,4,9,9,9,8,6,23
3,2606,2605,1791053059216261,1791053059218459,2198,0,5,9,9,9,9,6,26
3,2607,2606,1791053059266261,1791053059267732,1471,0,6,7,7,7,7,7,22
3,2608,2607,1791053059316261,1791053059317873,1612,0,7,11,11,11,11,10,33
3,2609,2608,1791053059366261,1791053059367832,1571,0,8,6,6,6,5,2,10
3,2610,2609,1791053059416261,1791053059417849,1588,0,9,12,12,10,12,9,80
3,2611,2610,1791053059466261,1791053059468203,1942,0,10,10,10,4,10,4,30
3,2612,2611,1791053059516261,1791053059517960,1699,0,11,12,12,4,13,5,40
3,2613,2612,1791053059566261,1791053059567888,1627,0,12,10,10,2,10,3,20
3,2614,2613,1791053059616261,1791053059618245,1984,0,13,10,10,3,10,4,30
3,2615,2614,1791053059666261,1791053059668645,2384,0,14,11,11,2,11,3,20
3,2616,2615,1791053059716261,1791053059717787,1526,0,15,16,16,5,16,6,50
3,2617,2616,1791053059766261,1791053059768026,1765,0,16,13,13,2,13,3,20
3,2618,2617,1791053059816261,1791053059817981,1720,0,17,11,11,1,11,2,10
3,2619,2618,1791053059866261,1791053059868043,1782,0,18,7,7,2,7,3,20
3,2620,2619,1791053059916261,1791053059918649,2388,0,19,10,10,1,11,2,10
3,2621,2620,1791053059966261,1791053059968551,2290,0,0,7,7,1,7,2,10
3,2622,2621,1791053060016261,1791053060018202,1941,0,1,13,13,5,13,3,20
3,2623,2622,1791053060066261,1791053060068135,1874,0,2,8,8,2,8,3,20
3,2624,2623,1791053060116261,1791053060117819,1558,0,3,8,8,2,9,4,21
3,2625,2624,1791053060166261,1791053060168072,1811,0,4,9,9,2,9,3,20
3,2626,2625,1791053060216261,1791053060218173,1912,0,5,9,9,3,9,4,30
3,2627,2626,1791053060266261,1791053060268338,2077,0,6,7,7,1,7,2,10
3,2628,2627,1791053060316261,1791053060317970,1709,0,7,11,11,3,12,3,20
3,2629,2628,1791053060366261,1791053060367842,1581,0,8,6,6,1,6,0,0
3,2630,2629,1791053060416261,1791053060418232,1971,0,9,12,12,3,12,3,20
3,2631,2630,1791053060466261,1791053060468569,2308,0,10,10,10,4,10,4,30
3,2632,2631,1791053060516261,1791053060517717,1456,0,11,12,12,4,12,5,40
3,2633,2632,1791053060566261,1791053060568175,1914,0,12,10,10,2,10,3,20
3,2634,2633,1791053060616261,1791053060617958,1697,0,13,10,10,3,10,4,30
3,2635,2634,1791053060666261,1791053060667907,1646,0,14,11,11,2,11,3,20
3,2636,2635,1791053060716261,1791053060717945,1684,0,15,16,16,5,17,6,50
3,2637,2636,1791053060766261,1791053060768692,2431,0,16,13,13,2,13,3,20
3,2638,2637,1791053060816261,1791053060818153,1892,0,17,11,11,1,11,2,10
3,2639,2638,1791053060866261,1791053060867730,1469,0,18,7,7,2,7,3,20
3,2640,2639,1791053060916261,1791053060917783,1522,0,19,10,10,1,11,3,11
3,2641,2640,1791053060966261,1791053060968694,2433,0,0,7,7,1,7,2,10
3,2642,2641,1791053061016261,1791053061018119,1858,0,1,13,13,5,13,3,20
3,2643,2642,1791053061066261,1791053061068710,2449,0,2,8,8,2,8,3,20
3,2644,2643,1791053061116261,1791053061117726,1465,0,3,8,8,2,8,3,20
3,2645,2644,1791053061166261,1791053061168189,1928,0,4,9,9,2,9,3,20
3,2646,2645,1791053061216261,1791053061217793,1532,0,5,9,9,3,9,4,30
3,2647,2646,1791053061266261,1791053061268385,2124,0,6,7,7,1,7,2,10
3,2648,2647,1791053061316261,1791053061317759,1498,0,7,11,11,3,12,4,21
3,2649,2648,1791053061366261,1791053061368409,2148,0,8,6,6,1,6,0,0
3,2650,2649,1791053061416261,1791053061418759,2498,0,9,12,12,3,12,4,20
3,2651,2650,1791053061466261,1791053061468581,2320,0,10,10,10,4,10,4,30
3,2652,2651,1791053061516261,1791053061518749,2488,0,11,12,12,4,12,5,40
3,2653,2652,1791053061566261,1791053061568592,2331,0,12,10,10,2,10,3,20
3,2654,2653,1791053061616261,1791053061618110,1849,0,13,10,10,3,10,4,30
3,2655,2654,1791053061666261,1791053061668620,2359,0,14,11,11,2,11,3,20
3,2656,2655,1791053061716261,1791053061718753,2492,0,15,16,16,5,17,7,51
3,2657,2656,1791053061766261,1791053061768436,2175,0,16,13,13,2,13,3,20
3,2658,2657,1791053061816261,1791053061818687,2426,0,17,11,11,1,11,2,10
3,2659,2658,1791053061866261,1791053061868217,1956,0,18,7,7,2,7,3,20
3,2660,2659,1791053061916261,1791053061917728,1467,0,19,10,10,1,11,2,10
3,2661,2660,1791053061966261,1791053061968292,2031,0,0,7,7,1,7,2,10
3,2662,2661,1791053062016261,1791053062018469,2208,0,1,13,13,5,13,3,20
3,2663,2662,1791053062066261,1791053062068047,1786,0,2,8,8,2,8,3,20
3,2664,2663,1791053062116261,1791053062117849,1588,0,3,8,8,2,9,4,21
3,2665,2664,1791053062166261,1791053062168260,1999,0,4,9,9,2,9,3,20
3,2666,2665,1791053062216261,1791053062218542,2281,0,5,9,9,3,9,4,30
3,2667,2666,1791053062266261,1791053062268679,2418,0,6,7,7,1,7,2,10
3,2668,2667,1791053062316261,1791053062317756,1495,0,7,11,11,3,11,3,20
3,2669,2668,1791053062366261,1791053062367935,1674,0,8,6,6,1,6,0,0
3,2670,2669,1791053062416261,1791053062418064,1803,0,9,12,12,3,12,3,20
3,2671,2670,1791053062466261,1791053062468408,2147,0,10,10,10,4,10,4,30
3,2672,2671,1791053062516261,1791053062517708,1447,0,11,12,12,4,13,6,41
3,2673,2672,1791053062566261,1791053062568488,2227,0,12,10,10,2,10,3,20
3,2674,2673,1791053062616261,1791053062618760,2499,0,13,10,10,3,10,4,30
3,2675,2674,1791053062666261,1791053062667794,1533,0,14,11,11,2,11,3,20
3,2676,2675,1791053062716261,1791053062718782,2521,0,15,16,16,5,16,6,50
3,2677,2676,1791053062766261,1791053062767909,1648,0,16,13,13,2,13,3,20
3,2678,2677,1791053062816261,1791053062818251,1990,0,17,11,11,1,11,2,10
3,2679,2678,1791053062866261,1791053062868568,2307,0,18,7,7,2,7,3,20
3,2680,2679,1791053062916261,1791053062917716,1455,0,19,10,10,1,11,3,11
3,2681,2680,1791053062966261,1791053062967833,1572,0,0,7,7,1,7,2,10
3,2682,2681,1791053063016261,1791053063017937,1676,0,1,13,13,5,13,3,20
3,2683,2682,1791053063066261,1791053063067796,1535,0,2,8,8,2,8,3,20
3,2684,2683,1791053063116261,1791053063117764,1503,0,3,8,8,2,8,3,20
3,2685,2684,1791053063166261,1791053063167880,1619,0,4,9,9,2,9,3,20
3,2686,2685,1791053063216261,1791053063217983,1722,0,5,9,9,3,9,4,30
3,2687,2686,1791053063266261,1791053063268575,2314,0,6,7,7,1,7,2,10
3,2688,2687,1791053063316261,1791053063317860,1599,0,7,11,11,3,12,4,21
3,2689,2688,1791053063366261,1791053063367787,1526,0,8,6,6,1,6,0,0
3,2690,2689,1791053063416261,1791053063418278,2017,0,9,12,12,3,12,3,20
3,2691,2690,1791053063466261,1791053063467799,1538,0,10,10,10,4,10,4,30
3,2692,2691,1791053063516261,1791053063518745,2484,0,11,12,12,4,12,5,40
3,2693,2692,1791053063566261,1791053063568136,1875,0,12,10,10,2,10,3,20
3,2694,2693,1791053063616261,1791053063618616,2355,0,13,10,10,3,10,4,30
3,2695,2694,1791053063666261,1791053063668429,2168,0,14,11,11,2,11,3,20
3,2696,2695,1791053063716261,1791053063717798,1537,0,15,16,16,5,17,7,51
3,2697,2696,1791053063766261,1791053063768346,2085,0,16,13,13,2,13,3,20
3,2698,2697,1791053063816261,1791053063818024,1763,0,17,11,11,1,11,2,10
3,2699,2698,1791053063866261,1791053063868703,2442,0,18,7,7,2,7,3,20
3,2700,2699,1791053063916261,1791053063917749,1488,0,19,10,10,1,10,2,10
3,2701,2700,1791053063966261,1791053063968126,1865,0,0,7,7,1,7,2,10
3,2702,2701,1791053064016261,1791053064017917,1656,0,1,13,13,5,13,3,20
3,2703,2702,1791053064066261,1791053064068787,2526,0,2,8,8,2,8,3,20
3,2704,2703,1791053064116261,1791053064118760,2499,0,3,8,8,2,9,4,21
3,2705,2704,1791053064166261,1791053064168652,2391,0,4,9,9,2,9,3,20
3,2706,2705,1791053064216261,1791053064218483,2222,0,5,9,9,3,9,4,30
3,2707,2706,1791053064266261,1791053064268482,2221,0,6,7,7,1,7,2,10
3,2708,2707,1791053064316261,1791053064317824,1563,0,7,11,11,3,12,3,20
3,2709,2708,1791053064366261,1791053064368037,1776,0,8,6,6,1,6,0,0
3,2710,2709,1791053064416261,1791053064418078,1817,0,9,12,12,3,12,3,20
3,2711,2710,1791053064466261,1791053064468371,2110,0,10,10,10,4,10,4,30
3,2712,2711,1791053064516261,1791053064517735,1474,0,11,12,12,4,12,5,40
3,2713,2712,1791053064566261,1791053064568208,1947,0,12,10,10,2,10,3,20
3,2714,2713,1791053064616261,1791053064617902,1641,0,13,10,10,3,10,4,30
3,2715,2714,1791053064666261,1791053064668738,2477,0,14,11,11,2,11,3,20
3,2716,2715,1791053064716261,1791053064718755,2494,0,15,16,16,5,17,6,50
3,2717,2716,1791053064766261,1791053064767737,1476,0,16,13,13,2,13,3,20
3,2718,2717,1791053064816261,1791053064817892,1631,0,17,11,11,1,11,2,10
3,2719,2718,1791053064866261,1791053064868007,1746,0,18,7,7,2,7,3,20
3,2720,2719,1791053064916261,1791053064917756,1495,0,19,10,10,1,10,2,10
3,2721,2720,1791053064966261,1791053064967954,1693,0,0,7,7,1,7,2,10
3,2722,2721,1791053065016261,1791053065017874,1613,0,1,13,13,5,13,3,20
3,2723,2722,1791053065066261,1791053065067795,1534,0,2,8,8,2,8,3,20
3,2724,2723,1791053065116261,1791053065118672,2411,0,3,8,8,2,9,3,20
3,2725,2724,1791053065166261,1791053065168743,2482,0,4,9,9,2,9,3,20
3,2726,2725,1791053065216261,1791053065218639,2378,0,5,9,9,3,9,4,30
3,2727,2726,1791053065266261,1791053065268754,2493,0,6,7,7,1,7,2,10
3,2728,2727,1791053065316261,1791053065317716,1455,0,7,11,11,3,12,4,21
3,2729,2728,1791053065366261,1791053065368658,2397,0,8,6,6,1,6,0,0
3,2730,2729,1791053065416261,1791053065418499,2238,0,9,12,12,3,12,3,20
3,2731,2730,1791053065466261,1791053065467857,1596,0,10,10,10,4,10,4,30
3,2732,2731,1791053065516261,1791053065518658,2397,0,11,12,12,4,13,5,40
3,2733,2732,1791053065566261,1791053065568661,2400,0,12,10,10,2,10,3,20
3,2734,2733,1791053065616261,1791053065617867,1606,0,13,10,10,3,10,4,30
3,2735,2734,1791053065666261,1791053065668108,1847,0,14,11,11,2,11,3,20
3,2736,2735,1791053065716261,1791053065717737,1476,0,15,16,16,5,17,7,51
3,2737,2736,1791053065766261,1791053065768720,2459,0,16,13,13,2,13,3,20
3,2738,2737,1791053065816261,1791053065818055,1794,0,17,11,11,1,11,2,10
3,2739,2738,1791053065866261,1791053065868766,2505,0,18,7,7,2,7,3,20
3,2740,2739,1791053065916261,1791053065917731,1470,0,19,10,10,1,10,2,10
3,2741,2740,1791053065966261,1791053065967905,1644,0,0,7,7,1,7,2,10
3,2742,2741,1791053066016261,1791053066018526,2265,0,1,13,13,5,13,3,20
3,2743,2742,1791053066066261,1791053066067949,1688,0,2,8,8,2,8,3,20
3,2744,2743,1791053066116261,1791053066118751,2490,0,3,8,8,2,9,4,21
3,2745,2744,1791053066166261,1791053066168008,1747,0,4,9,9,2,9,3,20
3,2746,2745,1791053066216261,1791053066218517,2256,0,5,9,9,3,9,4,30
3,2747,2746,1791053066266261,1791053066267964,1703,0,6,7,7,1,7,2,10
3,2748,2747,1791053066316261,1791053066317707,1446,0,7,11,11,3,11,3,20
3,2749,2748,1791053066366261,1791053066368113,1852,0,8,6,6,1,6,0,0
3,2750,2749,1791053066416261,1791053066418144,1883,0,9,12,12,3,12,3,20
3,2751,2750,1791053066466261,1791053066467965,1704,0,10,10,10,4,10,4,30
3,2752,2751,1791053066516261,1791053066518650,2389,0,11,12,12,4,13,6,41
3,2753,2752,1791053066566261,1791053066567984,1723,0,12,10,10,2,10,3,20
3,2754,2753,1791053066616261,1791053066617961,1700,0,13,10,10,3,10,4,30
3,2755,2754,1791053066666261,1791053066668304,2043,0,14,11,11,2,11,3,20
3,2756,2755,1791053066716261,1791053066717764,1503,0,15,16,16,5,17,6,50
3,2757,2756,1791053066766261,1791053066768462,2201,0,16,13,13,2,13,3,20
3,2758,2757,1791053066816261,1791053066817951,1690,0,17,11,11,1,11,2,10
3,2759,2758,1791053066866261,1791053066868701,2440,0,18,7,7,2,7,3,20
3,2760,2759,1791053066916261,1791053066917723,1462,0,19,10,10,1,10,2,10
3,2761,2760,1791053066966261,1791053066968316,2055,0,0,7,7,1,7,2,10
3,2762,2761,1791053067016261,1791053067018646,2385,0,1,13,13,5,13,3,20
3,2763,2762,1791053067066261,1791053067067941,1680,0,2,8,8,2,8,3,20
3,2764,2763,1791053067116261,1791053067117807,1546,0,3,8,8,2,9,3,20
3,2765,2764,1791053067166261,1791053067168411,2150,0,4,9,9,2,9,3,20
3,2766,2765,1791053067216261,1791053067218706,2445,0,5,9,9,3,9,4,30
3,2767,2766,1791053067266261,1791053067268124,1863,0,6,7,7,1,7,2,10
3,2768,2767,1791053067316261,1791053067317707,1446,0,7,11,11,3,12,4,21
3,2769,2768,1791053067366261,1791053067367886,1625,0,8,6,6,1,6,0,0
3,2770,2769,1791053067416261,1791053067418211,1950,0,9,12,12,3,12,3,20
3,2771,2770,1791053067466261,1791053067468528,2267,0,10,10,10,4,10,4,30
3,2772,2771,1791053067516261,1791053067517742,1481,0,11,12,12,4,12,5,40
3,2773,2772,1791053067566261,1791053067567865,1604,0,12,10,10,2,10,3,20
3,2774,2773,1791053067616261,1791053067617944,1683,0,13,10,10,3,10,4,30
3,2775,2774,1791053067666261,1791053067668041,1780,0,14,11,11,2,11,3,20
3,2776,2775,1791053067716261,1791053067717760,1499,0,15,16,16,5,17,7,51
3,2777,2776,1791053067766261,1791053067767953,1692,0,16,13,13,2,13,3,20
3,2778,2777,1791053067816261,1791053067818205,1944,0,17,11,11,1,11,2,10
3,2779,2778,1791053067866261,1791053067868235,1974,0,18,7,7,2,7,3,20
3,2780,2779,1791053067916261,1791053067917763,1502,0,19,10,10,1,10,2,10
3,2781,2780,1791053067966261,1791053067967826,1565,0,0,7,7,1,7,2,10
3,2782,2781,1791053068016261,1791053068018050,1789,0,1,13,13,5,13,4,20
3,2783,2782,1791053068066261,1791053068068041,1780,0,2,8,8,2,8,3,20
3,2784,2783,1791053068116261,1791053068117712,1451,0,3,8,8,2,9,4,21
3,2785,2784,1791053068166261,1791053068167947,1686,0,4,9,9,2,9,3,20
3,2786,2785,1791053068216261,1791053068218349,2088,0,5,9,9,3,9,4,30
3,2787,2786,1791053068266261,1791053068268645,2384,0,6,7,7,1,7,2,10
3,2788,2787,1791053068316261,1791053068318742,2481,0,7,11,11,3,11,3,20
3,2789,2788,1791053068366261,1791053068368493,2232,0,8,6,6,1,6,0,0
3,2790,2789,1791053068416261,1791053068418652,2391,0,9,12,12,3,12,3,20
3,2791,2790,1791053068466261,1791053068467899,1638,0,10,10,10,4,10,5,30
3,2792,2791,1791053068516261,1791053068518600,2339,0,11,12,12,4,13,6,41
3,2793,2792,1791053068566261,1791053068568519,2258,0,12,10,10,2,10,3,20
3,2794,2793,1791053068616261,1791053068618713,2452,0,13,10,10,3,10,4,30
3,2795,2794,1791053068666261,1791053068668633,2372,0,14,11,11,2,11,3,20
3,2796,2795,1791053068716261,1791053068717748,1487,0,15,16,16,5,17,6,50
3,2797,2796,1791053068766261,1791053068768760,2499,0,16,13,13,2,13,3,20
3,2798,2797,1791053068816261,1791053068818701,2440,0,17,11,11,1,11,2,10
3,2799,2798,1791053068866261,1791053068868620,2359,0,18,7,7,2,7,3,20
3,2800,2799,1791053068916261,1791053068918721,2460,0,19,10,10,1,11,3,11
3,2801,2800,1791053068966261,1791053068968561,2300,0,0,7,7,1,7,2,10
3,2802,2801,1791053069016261,1791053069018724,2463,0,1,13,13,5,13,3,20
3,2803,2802,1791053069066261,1791053069067904,1643,0,2,8,8,2,8,3,20
3,2804,2803,1791053069116261,1791053069117725,1464,0,3,8,8,2,8,3,20
3,2805,2804,1791053069166261,1791053069167938,1677,0,4,9,9,2,9,3,20
3,2806,2805,1791053069216261,1791053069218665,2404,0,5,9,9,3,9,4,30
3,2807,2806,1791053069266261,1791053069267908,1647,0,6,7,7,1,7,2,10
3,2808,2807,1791053069316261,1791053069318741,2480,0,7,11,11,3,12,4,21
3,2809,2808,1791053069366261,1791053069368106,1845,0,8,6,6,1,6,0,0
3,2810,2809,1791053069416261,1791053069418302,2041,0,9,12,12,3,12,4,20
3,2811,2810,1791053069466261,1791053069468700,2439,0,10,10,10,4,10,4,30
3,2812,2811,1791053069516261,1791053069518709,2448,0,11,12,12,4,12,5,40
3,2813,2812,1791053069566261,1791053069567842,1581,0,12,10,10,2,10,3,20
3,2814,2813,1791053069616261,1791053069617802,1541,0,13,10,10,3,10,4,30
3,2815,2814,1791053069666261,1791053069668219,1958,0,14,11,11,2,11,3,20
3,2816,2815,1791053069716261,1791053069718732,2471,0,15,16,16,5,17,7,51
3,2817,2816,1791053069766261,1791053069768325,2064,0,16,13,13,2,13,3,20
3,2818,2817,1791053069816261,1791053069818782,2521,0,17,11,11,1,11,2,10
3,2819,2818,1791053069866261,1791053069868333,2072,0,18,7,7,2,7,3,20
3,2820,2819,1791053069916261,1791053069917768,1507,0,19,10,10,1,10,2,10
3,2821,2820,1791053069966261,1791053069968213,1952,0,0,7,7,1,7,2,10
3,2822,2821,1791053070016261,1791053070017979,1718,0,1,13,13,5,13,4,20
3,2823,2822,1791053070066261,1791053070068630,2369,0,2,8,8,2,8,3,20
3,2824,2823,1791053070116261,1791053070118747,2486,0,3,8,8,2,9,4,21
3,2825,2824,1791053070166261,1791053070168320,2059,0,4,9,9,2,9,3,20
3,2826,2825,1791053070216261,1791053070217887,1626,0,5,9,9,3,9,4,30
3,2827,2826,1791053070266261,1791053070268206,1945,0,6,7,7,1,7,2,10
3,2828,2827,1791053070316261,1791053070318599,2338,0,7,11,11,3,12,3,20
3,2829,2828,1791053070366261,1791053070367814,1553,0,8,6,6,1,6,0,0
3,2830,2829,1791053070416261,1791053070417880,1619,0,9,12,12,3,12,3,20
3,2831,2830,1791053070466261,1791053070468121,1860,0,10,10,10,4,10,4,30
3,2832,2831,1791053070516261,1791053070517912,1651,0,11,12,12,4,13,6,41
3,2833,2832,1791053070566261,1791053070567896,1635,0,12,10,10,2,10,3,20
3,2834,2833,1791053070616261,1791053070617991,1730,0,13,10,10,3,10,4,30
3,2835,2834,1791053070666261,1791053070668273,2012,0,14,11,11,2,11,3,20
3,2836,2835,1791053070716261,1791053070717702,1441,0,15,16,16,5,16,6,50
3,2837,2836,1791053070766261,1791053070768728,2467,0,16,13,13,2,13,3,20
3,2838,2837,1791053070816261,1791053070817741,1480,0,17,11,11,1,11,2,10
3,2839,2838,1791053070866261,1791053070867898,1637,0,18,7,7,2,7,3,20
3,2840,2839,1791053070916261,1791053070917751,1490,0,19,10,10,1,11,3,11
3,2841,2840,1791053070966261,1791053070968750,2489,0,0,7,7,1,7,2,10
3,2842,2841,1791053071016261,1791053071018669,2408,0,1,13,13,5,13,3,20
3,2843,2842,1791053071066261,1791053071068710,2449,0,2,8,8,2,8,3,20
3,2844,2843,1791053071116261,1791053071117752,1491,0,3,8,8,2,8,3,20
3,2845,2844,1791053071166261,1791053071168775,2514,0,4,9,9,2,9,3,20
3,2846,2845,1791053071216261,1791053071218093,1832,0,5,9,9,3,9,4,30
3,2847,2846,1791053071266261,1791053071268025,1764,0,6,7,7,1,7,2,10
3,2848,2847,1791053071316261,1791053071317860,1599,0,7,11,11,3,12,4,21
3,2849,2848,1791053071366261,1791053071368080,1819,0,8,6,6,1,6,0,0
3,2850,2849,1791053071416261,1791053071418143,1882,0,9,12,12,3,12,3,20
3,2851,2850,1791053071466261,1791053071468432,2171,0,10,10,10,4,10,4,30
3,2852,2851,1791053071516261,1791053071518726,2465,0,11,12,12,4,12,5,40
3,2853,2852,1791053071566261,1791053071568751,2490,0,12,10,10,2,10,3,20
3,2854,2853,1791053071616261,1791053071617856,1595,0,13,10,10,3,10,4,30
3,2855,2854,1791053071666261,1791053071668685,2424,0,14,11,11,2,11,3,20
3,2856,2855,1791053071716261,1791053071718622,2361,0,15,16,16,5,17,7,51
3,2857,2856,1791053071766261,1791053071768539,2278,0,16,13,13,2,13,3,20
3,2858,2857,1791053071816261,1791053071818678,2417,0,17,11,11,1,11,2,10
3,2859,2858,1791053071866261,1791053071867893,1632,0,18,7,7,2,7,3,20
3,2860,2859,1791053071916261,1791053071917704,1443,0,19,10,10,1,11,2,10
3,2861,2860,1791053071966261,1791053071967952,1691,0,0,7,7,1,7,2,10
3,2862,2861,1791053072016261,1791053072018046,1785,0,1,13,13,5,13,4,20
3,2863,2862,1791053072066261,1791053072067975,1714,0,2,8,8,2,8,3,20
3,2864,2863,1791053072116261,1791053072117824,1563,0,3,8,8,2,9,4,21
3,2865,2864,1791053072166261,1791053072168070,1809,0,4,9,9,2,9,3,20
3,2866,2865,1791053072216261,1791053072218454,2193,0,5,9,9,3,9,4,30
3,2867,2866,1791053072266261,1791053072267872,1611,0,6,7,7,1,7,2,10
3,2868,2867,1791053072316261,1791053072318772,2511,0,7,11,11,3,12,3,20
3,2869,2868,1791053072366261,1791053072367739,1478,0,8,6,6,1,6,0,0
3,2870,2869,1791053072416261,1791053072417818,1557,0,9,12,12,3,12,3,20
3,2871,2870,1791053072466261,1791053072468177,1916,0,10,10,10,4,10,4,30
3,2872,2871,1791053072516261,1791053072518712,2451,0,11,12,12,4,12,5,40
3,2873,2872,1791053072566261,1791053072567843,1582,0,12,10,10,2,10,3,20
3,2874,2873,1791053072616261,1791053072617883,1622,0,13,10,10,3,10,4,30
3,2875,2874,1791053072666261,1791053072668220,1959,0,14,11,11,2,11,3,20
3,2876,2875,1791053072716261,1791053072718750,2489,0,15,16,16,5,17,6,50
3,2877,2876,1791053072766261,1791053072767968,1707,0,16,13,13,2,13,3,20
3,2878,2877,1791053072816261,1791053072817972,1711,0,17,11,11,1,11,2,10
3,2879,2878,1791053072866261,1791053072868662,2401,0,18,7,7,2,7,3,20
3,2880,2879,1791053072916261,1791053072917776,1515,0,19,10,10,1,10,2,10
3,2881,2880,1791053072966261,1791053072968515,2254,0,0,7,7,1,7,2,10
3,2882,2881,1791053073016261,1791053073018216,1955,0,1,13,13,5,13,4,20
3,2883,2882,1791053073066261,1791053073068331,2070,0,2,8,8,2,8,3,20
3,2884,2883,1791053073116261,1791053073117803,1542,0,3,8,8,2,9,3,20
3,2885,2884,1791053073166261,1791053073168130,1869,0,4,9,9,2,9,3,20
3,2886,2885,1791053073216261,1791053073218408,2147,0,5,9,9,3,9,4,30
3,2887,2886,1791053073266261,1791053073268522,2261,0,6,7,7,1,7,2,10
3,2888,2887,1791053073316261,1791053073317791,1530,0,7,11,11,3,11,3,20
3,2889,2888,1791053073366261,1791053073367919,1658,0,8,6,6,1,6,0,0
3,2890,2889,1791053073416261,1791053073418296,2035,0,9,12,12,3,12,3,20
3,2891,2890,1791053073466261,1791053073468585,2324,0,10,10,10,4,10,4,30
3,2892,2891,1791053073516261,1791053073517855,1594,0,11,12,12,4,13,5,40
3,2893,2892,1791053073566261,1791053073568051,1790,0,12,10,10,2,10,3,20
3,2894,2893,1791053073616261,1791053073618198,1937,0,13,10,10,3,10,4,30
3,2895,2894,1791053073666261,1791053073668743,2482,0,14,11,11,2,11,3,20
3,2896,2895,1791053073716261,1791053073718751,2490,0,15,16,16,5,16,6,50
3,2897,2896,1791053073766261,1791053073767832,1571,0,16,13,13,2,13,3,20
3,2898,2897,1791053073816261,1791053073818103,1842,0,17,11,11,1,11,2,10
3,2899,2898,1791053073866261,1791053073867973,1712,0,18,7,7,2,7,3,20
3,2900,2899,1791053073916261,1791053073917806,1545,0,19,10,10,1,11,2,10
3,2901,2900,1791053073966261,1791053073968172,1911,0,0,7,7,1,7,2,10
3,2902,2901,1791053074016261,1791053074018711,2450,0,1,13,13,5,13,4,20
3,2903,2902,1791053074066261,1791053074067874,1613,0,2,8,8,2,8,3,20
3,2904,2903,1791053074116261,1791053074117874,1613,0,3,8,8,2,9,4,21
3,2905,2904,1791053074166261,1791053074168125,1864,0,4,9,9,2,9,3,20
3,2906,2905,1791053074216261,1791053074218413,2152,0,5,9,9,3,9,4,30
3,2907,2906,1791053074266261,1791053074268639,2378,0,6,7,7,1,7,2,10
3,2908,2907,1791053074316261,1791053074317829,1568,0,7,11,11,3,12,3,20
3,2909,2908,1791053074366261,1791053074368749,2488,0,8,6,6,1,6,0,0
3,2910,2909,1791053074416261,1791053074418636,2375,0,9,12,12,3,12,3,20
3,2911,2910,1791053074466261,1791053074467946,1685,0,10,10,10,4,10,4,30
3,2912,2911,1791053074516261,1791053074517809,1548,0,11,12,12,4,12,5,40
3,2913,2912,1791053074566261,1791053074567848,1587,0,12,10,10,2,10,3,20
3,2914,2913,1791053074616261,1791053074618661,2400,0,13,10,10,3,10,4,30
3,2915,2914,1791053074666261,1791053074668610,2349,0,14,11,11,2,11,3,20
3,2916,2915,1791053074716261,1791053074718768,2507,0,15,16,16,5,17,6,50
3,2917,2916,1791053074766261,1791053074768049,1788,0,16,13,13,2,13,3,20
3,2918,2917,1791053074816261,1791053074818059,1798,0,17,11,11,1,11,2,10
3,2919,2918,1791053074866261,1791053074868203,1942,0,18,7,7,2,7,3,20
3,2920,2919,1791053074916261,1791053074917816,1555,0,19,10,10,1,10,2,10
3,2921,2920,1791053074966261,1791053074968262,2001,0,0,7,7,1,7,2,10
3,2922,2921,1791053075016261,1791053075018462,2201,0,1,13,13,5,13,3,20
3,2923,2922,1791053075066261,1791053075068552,2291,0,2,8,8,2,8,3,20
3,2924,2923,1791053075116261,1791053075117903,1642,0,3,8,8,2,9,3,20
3,2925,2924,1791053075166261,1791053075167857,1596,0,4,9,9,2,9,3,20
3,2926,2925,1791053075216261,1791053075218372,2111,0,5,9,9,3,9,4,30
3,2927,2926,1791053075266261,1791053075267975,1714,0,6,7,7,1,7,2,10
3,2928,2927,1791053075316261,1791053075317748,1487,0,7,11,11,3,11,3,20
3,2929,2928,1791053075366261,1791053075368523,2262,0,8,6,6,1,6,0,0
3,2930,2929,1791053075416261,1791053075418769,2508,0,9,12,12,3,12,3,20
3,2931,2930,1791053075466261,1791053075467896,1635,0,10,10,10,4,10,4,30
3,2932,2931,1791053075516261,1791053075518746,2485,0,11,12,12,4,13,5,40
3,2933,2932,1791053075566261,1791053075567897,1636,0,12,10,10,2,10,3,20
3,2934,2933,1791053075616261,1791053075617802,1541,0,13,10,10,3,10,4,30
3,2935,2934,1791053075666261,1791053075667904,1643,0,14,11,11,2,11,3,20
3,2936,2935,1791053075716261,1791053075717870,1609,0,15,16,16,5,17,7,51
3,2937,2936,1791053075766261,1791053075768275,2014,0,16,13,13,2,13,3,20
3,2938,2937,1791053075816261,1791053075818700,2439,0,17,11,11,1,11,2,10
3,2939,2938,1791053075866261,1791053075868690,2429,0,18,7,7,2,7,3,20
3,2940,2939,1791053075916261,1791053075917773,1512,0,19,10,10,1,10,2,10
3,2941,2940,1791053075966261,1791053075967954,1693,0,0,7,7,1,7,2,10
3,2942,2941,1791053076016261,1791053076018247,1986,0,1,13,13,5,13,3,20
3,2943,2942,1791053076066261,1791053076068428,2167,0,2,8,8,2,8,3,20
3,2944,2943,1791053076116261,1791053076118767,2506,0,3,8,8,2,9,4,21
3,2945,2944,1791053076166261,1791053076168111,1850,0,4,9,9,2,9,3,20
3,2946,2945,1791053076216261,1791053076218416,2155,0,5,9,9,3,9,4,30
3,2947,2946,1791053076266261,1791053076268674,2413,0,6,7,7,1,7,2,10
3,2948,2947,1791053076316261,1791053076317850,1589,0,7,11,11,3,12,3,20
3,2949,2948,1791053076366261,1791053076368021,1760,0,8,6,6,1,6,0,0
3,2950,2949,1791053076416261,1791053076417975,1714,0,9,12,12,3,12,4,20
3,2951,2950,1791053076466261,1791053076468147,1886,0,10,10,10,4,10,4,30
3,2952,2951,1791053076516261,1791053076517751,1490,0,11,12,12,4,12,5,40
3,2953,2952,1791053076566261,1791053076568518,2257,0,12,10,10,2,10,3,20
3,2954,2953,1791053076616261,1791053076617974,1713,0,13,10,10,3,10,4,30
3,2955,2954,1791053076666261,1791053076668170,1909,0,14,11,11,2,11,3,20
3,2956,2955,1791053076716261,1791053076718650,2389,0,15,16,16,5,17,6,50
3,2957,2956,1791053076766261,1791053076768657,2396,0,16,13,13,2,13,3,20
3,2958,2957,1791053076816261,1791053076818539,2278,0,17,11,11,1,11,2,10
3,2959,2958,1791053076866261,1791053076868568,2307,0,18,7,7,2,7,3,20
3,2960,2959,1791053076916261,1791053076917765,1504,0,19,10,10,1,11,3,11
3,2961,2960,1791053076966261,1791053076968020,1759,0,0,7,7,1,7,2,10
3,2962,2961,1791053077016261,1791053077018228,1967,0,1,13,13,5,13,3,20
3,2963,2962,1791053077066261,1791053077068398,2137,0,2,8,8,2,8,3,20
3,2964,2963,1791053077116261,1791053077118733,2472,0,3,8,8,2,9,3,20
3,2965,2964,1791053077166261,1791053077167808,1547,0,4,9,9,2,9,3,20
3,2966,2965,1791053077216261,1791053077217857,1596,0,5,9,9,3,9,4,30
3,2967,2966,1791053077266261,1791053077268354,2093,0,6,7,7,1,7,2,10
3,2968,2967,1791053077316261,1791053077317883,1622,0,7,11,11,3,12,4,21
3,2969,2968,1791053077366261,1791053077367968,1707,0,8,6,6,1,6,0,0
3,2970,2969,1791053077416261,1791053077417794,1533,0,9,12,12,3,12,3,20
3,2971,2970,1791053077466261,1791053077467848,1587,0,10,10,10,4,10,4,30
3,2972,2971,1791053077516261,1791053077518720,2459,0,11,12,12,4,12,5,40
3,2973,2972,1791053077566261,1791053077568602,2341,0,12,10,10,2,10,3,20
3,2974,2973,1791053077616261,1791053077618741,2480,0,13,10,10,3,10,4,30
3,2975,2974,1791053077666261,1791053077668752,2491,0,14,11,11,2,11,3,20
3,2976,2975,1791053077716261,1791053077717868,1607,0,15,16,16,5,17,7,51
3,2977,2976,1791053077766261,1791053077768184,1923,0,16,13,13,2,13,3,20
3,2978,2977,1791053077816261,1791053077818407,2146,0,17,11,11,1,11,2,10
3,2979,2978,1791053077866261,1791053077867714,1453,0,18,7,7,2,7,3,20
3,2980,2979,1791053077916261,1791053077918779,2518,0,19,10,10,1,10,2,10
3,2981,2980,1791053077966261,1791053077968195,1934,0,0,7,7,1,7,2,10
3,2982,2981,1791053078016261,1791053078018219,1958,0,1,13,13,5,13,4,20
3,2983,2982,1791053078066261,1791053078068520,2259,0,2,8,8,2,8,3,20
3,2984,2983,1791053078116261,1791053078118718,2457,0,3,8,8,2,9,4,21
3,2985,2984,1791053078166261,1791053078168735,2474,0,4,9,9,2,9,3,20
3,2986,2985,1791053078216261,1791053078217951,1690,0,5,9,9,3,9,4,30
3,2987,2986,1791053078266261,1791053078268083,1822,0,6,7,7,1,7,2,10
3,2988,2987,1791053078316261,1791053078318773,2512,0,7,11,11,3,12,3,20
3,2989,2988,1791053078366261,1791053078367951,1690,0,8,6,6,1,6,0,0
3,2990,2989,1791053078416261,1791053078418437,2176,0,9,12,12,3,12,3,20
3,2991,2990,1791053078466261,1791053078468527,2266,0,10,10,10,4,10,4,30
3,2992,2991,1791053078516261,1791053078517785,1524,0,11,12,12,4,12,5,40
3,2993,2992,1791053078566261,1791053078568088,1827,0,12,10,10,2,10,3,20
3,2994,2993,1791053078616261,1791053078618652,2391,0,13,10,10,3,10,4,30
3,2995,2994,1791053078666261,1791053078668683,2422,0,14,11,11,2,11,3,20
3,2996,2995,1791053078716261,1791053078717736,1475,0,15,16,16,5,17,6,50
3,2997,2996,1791053078766261,1791053078768098,1837,0,16,13,13,2,13,3,20
3,2998,2997,1791053078816261,1791053078818316,2055,0,17,11,11,1,11,2,10
3,2999,2998,1791053078866261,1791053078868662,2401,0,18,7,7,2,7,3,20
3,3000,2999,1791053078916261,1791053078918714,2453,0,19,10,10,1,10,2,10
3,3001,3000,1791053078966261,1791053078968332,2071,0,0,7,7,1,7,2,10
3,3002,3001,1791053079016261,1791053079018274,2013,0,1,13,13,5,13,4,20
3,3003,3002,1791053079066261,1791053079067876,1615,0,2,8,8,2,8,3,20
3,3004,3003,1791053079116261,1791053079117890,1629,0,3,8,8,2,9,3,20
3,3005,3004,1791053079166261,1791053079168237,1976,0,4,9,9,2,9,3,20
3,3006,3005,1791053079216261,1791053079218218,1957,0,5,9,9,3,9,4,30
3,3007,3006,1791053079266261,1791053079268702,2441,0,6,7,7,1,7,2,10
3,3008,3007,1791053079316261,1791053079317728,1467,0,7,11,11,3,11,4,20
3,3009,3008,1791053079366261,1791053079367942,1681,0,8,6,6,1,6,0,0
3,3010,3009,1791053079416261,1791053079418488,2227,0,9,12,12,3,12,3,20
3,3011,3010,1791053079466261,1791053079467842,1581,0,10,10,10,4,10,4,30
3,3012,3011,1791053079516261,1791053079517878,1617,0,11,12,12,4,13,5,40
3,3013,3012,1791053079566261,1791053079567977,1716,0,12,10,10,2,10,3,20
3,3014,3013,1791053079616261,1791053079618137,1876,0,13,10,10,3,10,4,30
3,3015,3014,1791053079666261,1791053079668228,1967,0,14,11,11,2,11,3,20
3,3016,3015,1791053079716261,1791053079717737,1476,0,15,16,16,5,16,6,50
3,3017,3016,1791053079766261,1791053079767890,1629,0,16,13,13,2,13,3,20
3,3018,3017,1791053079816261,1791053079818102,1841,0,17,11,11,1,11,2,10
3,3019,3018,1791053079866261,1791053079868211,1950,0,18,7,7,2,7,3,20
3,3020,3019,1791053079916261,1791053079917896,1635,0,19,10,10,1,11,2,10
3,3021,3020,1791053079966261,1791053079968209,1948,0,0,7,7,1,7,2,10
3,3022,3021,1791053080016261,1791053080018117,1856,0,1,13,13,5,13,4,20
3,3023,3022,1791053080066261,1791053080068372,2111,0,2,8,8,2,8,3,20
3,3024,3023,1791053080116261,1791053080117853,1592,0,3,8,8,2,9,4,21
3,3025,3024,1791053080166261,1791053080168623,2362,0,4,9,9,2,9,3,20
3,3026,3025,1791053080216261,1791053080217986,1725,0,5,9,9,3,9,4,30
3,3027,3026,1791053080266261,1791053080268288,2027,0,6,7,7,1,7,2,10
3,3028,3027,1791053080316261,1791053080317742,1481,0,7,11,11,3,11,4,20
3,3029,3028,1791053080366261,1791053080368692,2431,0,8,6,6,1,6,0,0
3,3030,3029,1791053080416261,1791053080418233,1972,0,9,12,12,3,12,3,20
3,3031,3030,1791053080466261,1791053080468259,1998,0,10,10,10,4,10,4,30
3,3032,3031,1791053080516261,1791053080517716,1455,0,11,12,12,4,13,6,41
3,3033,3032,1791053080566261,1791053080568680,2419,0,12,10,10,2,10,3,20
3,3034,3033,1791053080616261,1791053080618700,2439,0,13,10,10,3,10,4,30
3,3035,3034,1791053080666261,1791053080668519,2258,0,14,11,11,2,11,3,20
3,3036,3035,1791053080716261,1791053080718780,2519,0,15,16,16,5,17,6,50
3,3037,3036,1791053080766261,1791053080767849,1588,0,16,13,13,2,13,3,20
3,3038,3037,1791053080816261,1791053080817900,1639,0,17,11,11,1,11,2,10
3,3039,3038,1791053080866261,1791053080867815,1554,0,18,7,7,2,7,3,20
3,3040,3039,1791053080916261,1791053080918722,2461,0,19,10,10,1,10,2,10
3,3041,3040,1791053080966261,1791053080968308,2047,0,0,7,7,1,7,2,10
3,3042,3041,1791053081016261,1791053081018242,1981,0,1,13,13,5,13,3,20
3,3043,3042,1791053081066261,1791053081068206,1945,0,2,8,8,2,8,3,20
3,3044,3043,1791053081116261,1791053081118664,2403,0,3,8,8,2,9,3,20
3,3045,3044,1791053081166261,1791053081168063,1802,0,4,9,9,2,9,3,20
3,3046,3045,1791053081216261,1791053081218153,1892,0,5,9,9,3,9,4,30
3,3047,3046,1791053081266261,1791053081268138,1877,0,6,7,7,1,7,2,10
3,3048,3047,1791053081316261,1791053081317760,1499,0,7,11,11,3,12,4,21
3,3049,3048,1791053081366261,1791053081368682,2421,0,8,6,6,1,6,0,0
3,3050,3049,1791053081416261,1791053081418741,2480,0,9,12,12,3,12,3,20
3,3051,3050,1791053081466261,1791053081467983,1722,0,10,10,10,4,10,4,30
3,3052,3051,1791053081516261,1791053081518787,2526,0,11,12,12,4,12,5,40
3,3053,3052,1791053081566261,1791053081568035,1774,0,12,10,10,2,10,3,20
3,3054,3053,1791053081616261,1791053081618109,1848,0,13,10,10,3,10,4,30
3,3055,3054,1791053081666261,1791053081668244,1983,0,14,11,11,2,11,3,20
3,3056,3055,1791053081716261,1791053081717873,1612,0,15,16,16,5,17,7,51
3,3057,3056,1791053081766261,1791053081768377,2116,0,16,13,13,2,13,3,20
3,3058,3057,1791053081816261,1791053081818225,1964,0,17,11,11,1,11,2,10
3,3059,3058,1791053081866261,1791053081867934,1673,0,18,7,7,2,7,3,20
3,3060,3059,1791053081916261,1791053081917838,1577,0,19,10,10,1,11,2,10
3,3061,3060,1791053081966261,1791053081968351,2090,0,0,7,7,1,7,2,10
3,3062,3061,1791053082016261,1791053082018084,1823,0,1,13,13,5,13,3,20
3,3063,3062,1791053082066261,1791053082068054,1793,0,2,8,8,2,8,3,20
3,3064,3063,1791053082116261,1791053082117813,1552,0,3,8,8,2,9,4,21
3,3065,3064,1791053082166261,1791053082168262,2001,0,4,9,9,2,9,3,20
3,3066,3065,1791053082216261,1791053082218686,2425,0,5,9,9,3,9,4,30
3,3067,3066,1791053082266261,1791053082267942,1681,0,6,7,7,1,7,2,10
3,3068,3067,1791053082316261,1791053082317973,1712,0,7,11,11,3,12,3,20
3,3069,3068,1791053082366261,1791053082368590,2329,0,8,6,6,1,6,0,0
3,3070,3069,1791053082416261,1791053082417989,1728,0,9,12,12,3,12,3,20
3,3071,3070,1791053082466261,1791053082468697,2436,0,10,10,10,4,10,4,30
3,3072,3071,1791053082516261,1791053082518768,2507,0,11,12,12,4,12,5,40
3,3073,3072,1791053082566261,1791053082568031,1770,0,12,10,10,2,10,3,20
3,3074,3073,1791053082616261,1791053082618119,1858,0,13,10,10,3,10,4,30
3,3075,3074,1791053082666261,1791053082668726,2465,0,14,11,11,2,11,3,20
3,3076,3075,1791053082716261,1791053082717803,1542,0,15,16,16,5,17,6,50
3,3077,3076,1791053082766261,1791053082767797,1536,0,16,13,13,2,13,3,20
3,3078,3077,1791053082816261,1791053082817835,1574,0,17,11,11,1,11,2,10
3,3079,3078,1791053082866261,1791053082868240,1979,0,18,7,7,2,7,3,20
3,3080,3079,1791053082916261,1791053082917898,1637,0,19,10,10,1,11,3,11
3,3081,3080,1791053082966261,1791053082968241,1980,0,0,7,7,1,7,2,10
3,3082,3081,1791053083016261,1791053083018416,2155,0,1,13,13,5,13,3,20
3,3083,3082,1791053083066261,1791053083068502,2241,0,2,8,8,2,8,3,20
3,3084,3083,1791053083116261,1791053083117829,1568,0,3,8,8,2,8,3,20
3,3085,3084,1791053083166261,1791053083167988,1727,0,4,9,9,2,9,3,20
3,3086,3085,1791053083216261,1791053083218452,2191,0,5,9,9,3,9,4,30
3,3087,3086,1791053083266261,1791053083268565,2304,0,6,7,7,1,7,2,10
3,3088,3087,1791053083316261,1791053083317873,1612,0,7,11,11,3,12,4,21
3,3089,3088,1791053083366261,1791053083367915,1654,0,8,6,6,1,6,0,0
3,3090,3089,1791053083416261,1791053083418062,1801,0,9,12,12,3,12,3,20
3,3091,3090,1791053083466261,1791053083468390,2129,0,10,10,10,4,10,4,30
3,3092,3091,1791053083516261,1791053083517758,1497,0,11,12,12,4,12,5,40
3,3093,3092,1791053083566261,1791053083567940,1679,0,12,10,10,2,10,3,20
3,3094,3093,1791053083616261,1791053083618441,2180,0,13,10,10,3,10,4,30
3,3095,3094,1791053083666261,1791053083668616,2355,0,14,11,11,2,11,3,20
3,3096,3095,1791053083716261,1791053083717817,1556,0,15,16,16,5,17,7,51
3,3097,3096,1791053083766261,1791053083767815,1554,0,16,13,13,2,13,3,20
3,3098,3097,1791053083816261,1791053083817942,1681,0,17,11,11,1,11,2,10
3,3099,3098,1791053083866261,1791053083868228,1967,0,18,7,7,2,7,3,20
3,3100,3099,1791053083916261,1791053083917736,1475,0,19,10,10,1,10,2,10
3,3101,3100,1791053083966261,1791053083967883,1622,0,0,7,7,1,7,2,10
3,3102,3101,1791053084016261,1791053084017988,1727,0,1,13,13,5,13,4,20
3,3103,3102,1791053084066261,1791053084068078,1817,0,2,8,8,2,8,3,20
3,3104,3103,1791053084116261,1791053084117833,1572,0,3,8,8,2,9,4,21
3,3105,3104,1791053084166261,1791053084167865,1604,0,4,9,9,2,9,3,20
3,3106,3105,1791053084216261,1791053084217940,1679,0,5,9,9,3,9,4,30
3,3107,3106,1791053084266261,1791053084267871,1610,0,6,7,7,1,7,2,10
3,3108,3107,1791053084316261,1791053084318683,2422,0,7,11,11,3,12,4,20
3,3109,3108,1791053084366261,1791053084368754,2493,0,8,6,6,1,6,0,0
3,3110,3109,1791053084416261,1791053084418510,2249,0,9,12,12,3,12,3,20
3,3111,3110,1791053084466261,1791053084468618,2357,0,10,10,10,4,10,4,30
3,3112,3111,1791053084516261,1791053084517746,1485,0,11,12,12,4,13,6,41
3,3113,3112,1791053084566261,1791053084568048,1787,0,12,10,10,2,10,3,20
3,3114,3113,1791053084616261,1791053084618723,2462,0,13,10,10,3,10,4,30
3,3115,3114,1791053084666261,1791053084667794,1533,0,14,11,11,2,11,3,20
3,3116,3115,1791053084716261,1791053084717720,1459,0,15,16,16,5,16,6,50
3,3117,3116,1791053084766261,1791053084768199,1938,0,16,13,13,2,13,3,20
3,3118,3117,1791053084816261,1791053084817856,1595,0,17,11,11,1,11,2,10
3,3119,3118,1791053084866261,1791053084867823,1562,0,18,7,7,2,7,3,20
3,3120,3119,1791053084916261,1791053084917874,1613,0,19,10,10,1,11,3,11
3,3121,3120,1791053084966261,1791053084968131,1870,0,0,7,7,1,7,2,10
3,3122,3121,1791053085016261,1791053085018182,1921,0,1,13,13,5,13,3,20
3,3123,3122,1791053085066261,1791053085068183,1922,0,2,8,8,2,8,3,20
3,3124,3123,1791053085116261,1791053085117714,1453,0,3,8,8,2,8,3,20
3,3125,3124,1791053085166261,1791053085168465,2204,0,4,9,9,2,9,3,20
3,3126,3125,1791053085216261,1791053085217951,1690,0,5,9,9,3,9,4,30
3,3127,3126,1791053085266261,1791053085268204,1943,0,6,7,7,1,7,2,10
3,3128,3127,1791053085316261,1791053085317841,1580,0,7,11,11,3,12,4,21
3,3129,3128,1791053085366261,1791053085367916,1655,0,8,6,6,1,6,0,0
3,3130,3129,1791053085416261,1791053085417883,1622,0,9,12,12,3,12,3,20
3,3131,3130,1791053085466261,1791053085468338,2077,0,10,10,10,4,10,4,30
3,3132,3131,1791053085516261,1791053085518746,2485,0,11,12,12,4,12,5,40
3,3133,3132,1791053085566261,1791053085568718,2457,0,12,10,10,2,10,3,20
3,3134,3133,1791053085616261,1791053085618066,1805,0,13,10,10,3,10,4,30
3,3135,3134,1791053085666261,1791053085668714,2453,0,14,11,11,2,11,3,20
3,3136,3135,1791053085716261,1791053085717876,1615,0,15,16,16,5,17,7,51
3,3137,3136,1791053085766261,1791053085768109,1848,0,16,13,13,2,13,3,20
3,3138,3137,1791053085816261,1791053085818552,2291,0,17,11,11,1,11,2,10
3,3139,3138,1791053085866261,1791053085868123,1862,0,18,7,7,2,7,3,20
3,3140,3139,1791053085916261,1791053085917768,1507,0,19,10,10,1,10,2,10
3,3141,3140,1791053085966261,1791053085968763,2502,0,0,7,7,1,7,2,10
3,3142,3141,1791053086016261,1791053086018674,2413,0,1,13,13,5,13,4,20
3,3143,3142,1791053086066261,1791053086068560,2299,0,2,8,8,2,8,3,20
3,3144,3143,1791053086116261,1791053086117778,1517,0,3,8,8,2,9,4,21
3,3145,3144,1791053086166261,1791053086167951,1690,0,4,9,9,2,9,3,20
3,3146,3145,1791053086216261,1791053086218123,1862,0,5,9,9,3,9,4,30
3,3147,3146,1791053086266261,1791053086267905,1644,0,6,7,7,1,7,2,10
3,3148,3147,1791053086316261,1791053086317864,1603,0,7,11,11,3,12,3,20
3,3149,3148,1791053086366261,1791053086368754,2493,0,8,6,6,1,6,0,0
3,3150,3149,1791053086416261,1791053086418548,2287,0,9,12,12,3,12,3,20
3,3151,3150,1791053086466261,1791053086467727,1466,0,10,10,10,4,10,4,30
3,3152,3151,1791053086516261,1791053086517749,1488,0,11,12,12,4,12,5,40
3,3153,3152,1791053086566261,1791053086568000,1739,0,12,10,10,2,10,3,20
3,3154,3153,1791053086616261,1791053086618218,1957,0,13,10,10,3,10,4,30
3,3155,3154,1791053086666261,1791053086668666,2405,0,14,11,11,2,11,3,20
3,3156,3155,1791053086716261,1791053086718614,2353,0,15,16,16,5,17,6,50
3,3157,3156,1791053086766261,1791053086768042,1781,0,16,13,13,2,13,3,20
3,3158,3157,1791053086816261,1791053086818258,1997,0,17,11,11,1,11,2,10
3,3159,3158,1791053086866261,1791053086868762,2501,0,18,7,7,2,7,3,20
3,3160,3159,1791053086916261,1791053086918741,2480,0,19,10,10,1,11,3,11
3,3161,3160,1791053086966261,1791053086968764,2503,0,0,7,7,1,7,2,10
3,3162,3161,1791053087016261,1791053087017827,1566,0,1,13,13,5,13,3,20
3,3163,3162,1791053087066261,1791053087067834,1573,0,2,8,8,2,8,3,20
3,3164,3163,1791053087116261,1791053087118704,2443,0,3,8,8,2,8,3,20
3,3165,3164,1791053087166261,1791053087168728,2467,0,4,9,9,2,9,3,20
3,3166,3165,1791053087216261,1791053087218160,1899,0,5,9,9,3,9,4,30
3,3167,3166,1791053087266261,1791053087268152,1891,0,6,7,7,1,7,2,10
3,3168,3167,1791053087316261,1791053087317820,1559,0,7,11,11,3,12,4,21
3,3169,3168,1791053087366261,1791053087368239,1978,0,8,6,6,1,6,0,0
3,3170,3169,1791053087416261,1791053087418248,1987,0,9,12,12,3,12,3,20
3,3171,3170,1791053087466261,1791053087468211,1950,0,10,10,10,4,10,4,30
3,3172,3171,1791053087516261,1791053087517757,1496,0,11,12,12,4,12,5,40
3,3173,3172,1791053087566261,1791053087568719,2458,0,12,10,10,2,10,3,20
3,3174,3173,1791053087616261,1791053087618693,2432,0,13,10,10,3,10,4,30
3,3175,3174,1791053087666261,1791053087668384,2123,0,14,11,11,2,11,3,20
3,3176,3175,1791053087716261,1791053087718778,2517,0,15,16,16,5,17,7,51
3,3177,3176,1791053087766261,1791053087767838,1577,0,16,13,13,2,13,3,20
3,3178,3177,1791053087816261,1791053087818042,1781,0,17,11,11,1,11,2,10
3,3179,3178,1791053087866261,1791053087868276,2015,0,18,7,7,2,7,3,20
3,3180,3179,1791053087916261,1791053087917790,1529,0,19,10,10,1,11,2,10
3,3181,3180,1791053087966261,1791053087968721,2460,0,0,7,7,1,7,2,10
3,3182,3181,1791053088016261,1791053088017979,1718,0,1,13,13,5,13,4,20
3,3183,3182,1791053088066261,1791053088068105,1844,0,2,8,8,2,8,3,20
3,3184,3183,1791053088116261,1791053088117759,1498,0,3,8,8,2,8,3,20
3,3185,3184,1791053088166261,1791053088168014,1753,0,4,9,9,2,9,3,20
3,3186,3185,1791053088216261,1791053088218174,1913,0,5,9,9,3,9,4,30
3,3187,3186,1791053088266261,1791053088268218,1957,0,6,7,7,1,7,2,10
3,3188,3187,1791053088316261,1791053088317763,1502,0,7,11,11,3,12,3,20
3,3189,3188,1791053088366261,1791053088367862,1601,0,8,6,6,1,6,0,0
3,3190,3189,1791053088416261,1791053088417809,1548,0,9,12,12,3,12,3,20
3,3191,3190,1791053088466261,1791053088468533,2272,0,10,10,10,4,10,4,30
3,3192,3191,1791053088516261,1791053088517815,1554,0,11,12,12,4,13,6,41
3,3193,3192,1791053088566261,1791053088568793,2532,0,12,10,10,2,10,3,20
3,3194,3193,1791053088616261,1791053088617939,1678,0,13,10,10,3,10,4,30
3,3195,3194,1791053088666261,1791053088667972,1711,0,14,11,11,2,11,3,20
3,3196,3195,1791053088716261,1791053088718759,2498,0,15,16,16,5,17,6,50
3,3197,3196,1791053088766261,1791053088768602,2341,0,16,13,13,2,13,3,20
3,3198,3197,1791053088816261,1791053088818642,2381,0,17,11,11,1,11,2,10
3,3199,3198,1791053088866261,1791053088867944,1683,0,18,7,7,2,7,3,20
3,3200,3199,1791053088916261,1791053088917743,1482,0,19,10,10,1,11,3,11
3,3201,3200,1791053088966261,1791053088967943,1682,0,0,7,7,1,7,2,10
3,3202,3201,1791053089016261,1791053089018340,2079,0,1,13,13,5,13,3,20
3,3203,3202,1791053089066261,1791053089068573,2312,0,2,8,8,2,8,3,20
3,3204,3203,1791053089116261,1791053089117706,1445,0,3,8,8,2,8,3,20
3,3205,3204,1791053089166261,1791053089168660,2399,0,4,9,9,2,9,3,20
3,3206,3205,1791053089216261,1791053089217830,1569,0,5,9,9,3,9,4,30
3,3207,3206,1791053089266261,1791053089268764,2503,0,6,7,7,1,7,2,10
3,3208,3207,1791053089316261,1791053089317722,1461,0,7,11,11,3,12,4,21
3,3209,3208,1791053089366261,1791053089367776,1515,0,8,6,6,1,6,0,0
3,3210,3209,1791053089416261,1791053089418128,1867,0,9,12,12,3,12,3,20
3,3211,3210,1791053089466261,1791053089468333,2072,0,10,10,10,4,10,4,30
3,3212,3211,1791053089516261,1791053089517708,1447,0,11,12,12,4,12,5,40
3,3213,3212,1791053089566261,1791053089568580,2319,0,12,10,10,2,10,3,20
3,3214,3213,1791053089616261,1791053089618586,2325,0,13,10,10,3,10,4,30
3,3215,3214,1791053089666261,1791053089668747,2486,0,14,11,11,2,11,3,20
3,3216,3215,1791053089716261,1791053089717809,1548,0,15,16,16,5,17,7,51
3,3217,3216,1791053089766261,1791053089768638,2377,0,16,13,13,2,13,3,20
3,3218,3217,1791053089816261,1791053089817853,1592,0,17,11,11,1,11,2,10
3,3219,3218,1791053089866261,1791053089868382,2121,0,18,7,7,2,7,3,20
3,3220,3219,1791053089916261,1791053089917778,1517,0,19,10,10,1,11,2,10
3,3221,3220,1791053089966261,1791053089968122,1861,0,0,7,7,1,7,2,10
3,3222,3221,1791053090016261,1791053090018280,2019,0,1,13,13,5,13,4,20
3,3223,3222,1791053090066261,1791053090067797,1536,0,2,8,8,2,8,3,20
3,3224,3223,1791053090116261,1791053090117771,1510,0,3,8,8,2,8,3,20
3,3225,3224,1791053090166261,1791053090168585,2324,0,4,9,9,2,9,3,20
3,3226,3225,1791053090216261,1791053090218229,1968,0,5,9,9,3,9,4,30
3,3227,3226,1791053090266261,1791053090268046,1785,0,6,7,7,1,7,2,10
3,3228,3227,1791053090316261,1791053090317776,1515,0,7,11,11,3,12,3,20
3,3229,3228,1791053090366261,1791053090368031,1770,0,8,6,6,1,6,0,0
3,3230,3229,1791053090416261,1791053090418060,1799,0,9,12,12,3,12,4,20
3,3231,3230,1791053090466261,1791053090468659,2398,0,10,10,10,4,10,5,30
3,3232,3231,1791053090516261,1791053090518725,2464,0,11,12,12,4,12,5,40
3,3233,3232,1791053090566261,1791053090568120,1859,0,12,10,10,2,10,3,20
3,3234,3233,1791053090616261,1791053090618756,2495,0,13,10,10,3,10,4,30
3,3235,3234,1791053090666261,1791053090668414,2153,0,14,11,11,2,11,3,20
3,3236,3235,1791053090716261,1791053090718692,2431,0,15,16,16,5,17,6,50
3,3237,3236,1791053090766261,1791053090768201,1940,0,16,13,13,2,13,3,20
3,3238,3237,1791053090816261,1791053090818636,2375,0,17,11,11,1,11,2,10
3,3239,3238,1791053090866261,1791053090868156,1895,0,18,7,7,2,7,3,20
3,3240,3239,1791053090916261,1791053090917863,1602,0,19,10,10,1,11,3,11
3,3241,3240,1791053090966261,1791053090968305,2044,0,0,7,7,1,7,2,10
3,3242,3241,1791053091016261,1791053091017935,1674,0,1,13,13,5,13,3,20
3,3243,3242,1791053091066261,1791053091068222,1961,0,2,8,8,2,8,3,20
3,3244,3243,1791053091116261,1791053091117869,1608,0,3,8,8,2,9,3,20
3,3245,3244,1791053091166261,1791053091167952,1691,0,4,9,9,2,9,3,20
3,3246,3245,1791053091216261,1791053091218303,2042,0,5,9,9,3,9,4,30
3,3247,3246,1791053091266261,1791053091267823,1562,0,6,7,7,1,7,2,10
3,3248,3247,1791053091316261,1791053091318753,2492,0,7,11,11,3,11,3,20
3,3249,3248,1791053091366261,1791053091367897,1636,0,8,6,6,1,6,0,0
3,3250,3249,1791053091416261,1791053091417845,1584,0,9,12,12,3,12,3,20
3,3251,3250,1791053091466261,1791053091468051,1790,0,10,10,10,4,10,5,30
3,3252,3251,1791053091516261,1791053091518703,2442,0,11,12,12,4,13,5,40
3,3253,3252,1791053091566261,1791053091568548,2287,0,12,10,10,2,10,3,20
3,3254,3253,1791053091616261,1791053091617776,1515,0,13,10,10,3,10,4,30
3,3255,3254,1791053091666261,1791053091668520,2259,0,14,11,11,2,11,3,20
3,3256,3255,1791053091716261,1791053091718751,2490,0,15,16,16,5,17,7,51
3,3257,3256,1791053091766261,1791053091768263,2002,0,16,13,13,2,13,3,20
3,3258,3257,1791053091816261,1791053091817781,1520,0,17,11,11,1,11,2,10
3,3259,3258,1791053091866261,1791053091868550,2289,0,18,7,7,2,7,3,20
3,3260,3259,1791053091916261,1791053091917810,1549,0,19,10,10,1,10,2,10
3,3261,3260,1791053091966261,1791053091968459,2198,0,0,7,7,1,7,2,10
3,3262,3261,1791053092016261,1791053092018038,1777,0,1,13,13,5,13,4,20
3,3263,3262,1791053092066261,1791053092068586,2325,0,2,8,8,2,8,3,20
3,3264,3263,1791053092116261,1791053092117819,1558,0,3,8,8,2,9,4,21
3,3265,3264,1791053092166261,1791053092168656,2395,0,4,9,9,2,9,3,20
3,3266,3265,1791053092216261,1791053092217946,1685,0,5,9,9,3,9,4,30
3,3267,3266,1791053092266261,1791053092267991,1730,0,6,7,7,1,7,2,10
3,3268,3267,1791053092316261,1791053092317805,1544,0,7,11,11,3,12,3,20
3,3269,3268,1791053092366261,1791053092368182,1921,0,8,6,6,1,6,0,0
3,3270,3269,1791053092416261,1791053092418338,2077,0,9,12,12,3,12,3,20
3,3271,3270,1791053092466261,1791053092468444,2183,0,10,10,10,4,10,4,30
3,3272,3271,1791053092516261,1791053092518746,2485,0,11,12,12,4,12,5,40
3,3273,3272,1791053092566261,1791053092568171,1910,0,12,10,10,2,10,3,20
3,3274,3273,1791053092616261,1791053092618513,2252,0,13,10,10,3,10,4,30
3,3275,3274,1791053092666261,1791053092667939,1678,0,14,11,11,2,11,3,20
3,3276,3275,1791053092716261,1791053092718759,2498,0,15,16,16,5,17,6,50
3,3277,3276,1791053092766261,1791053092767857,1596,0,16,13,13,2,13,3,20
3,3278,3277,1791053092816261,1791053092817817,1556,0,17,11,11,1,11,2,10
3,3279,3278,1791053092866261,1791053092868002,1741,0,18,7,7,2,7,3,20
3,3280,3279,1791053092916261,1791053092917755,1494,0,19,10,10,1,10,2,10
3,3281,3280,1791053092966261,1791053092967853,1592,0,0,7,7,1,7,2,10
3,3282,3281,1791053093016261,1791053093017950,1689,0,1,13,13,5,13,3,20
3,3283,3282,1791053093066261,1791053093067806,1545,0,2,8,8,2,8,3,20
3,3284,3283,1791053093116261,1791053093117829,1568,0,3,8,8,2,9,3,20
3,3285,3284,1791053093166261,1791053093167826,1565,0,4,9,9,2,9,3,20
3,3286,3285,1791053093216261,1791053093218686,2425,0,5,9,9,3,9,4,30
3,3287,3286,1791053093266261,1791053093268664,2403,0,6,7,7,1,7,2,10
3,3288,3287,1791053093316261,1791053093318738,2477,0,7,11,11,3,12,4,21
3,3289,3288,1791053093366261,1791053093368607,2346,0,8,6,6,1,6,0,0
3,3290,3289,1791053093416261,1791053093418602,2341,0,9,12,12,3,12,3,20
3,3291,3290,1791053093466261,1791053093467817,1556,0,10,10,10,4,10,4,30
3,3292,3291,1791053093516261,1791053093517791,1530,0,11,12,12,4,13,5,40
3,3293,3292,1791053093566261,1791053093567963,1702,0,12,10,10,2,10,3,20
3,3294,3293,1791053093616261,1791053093618091,1830,0,13,10,10,3,10,4,30
3,3295,3294,1791053093666261,1791053093668155,1894,0,14,11,11,2,11,3,20
3,3296,3295,1791053093716261,1791053093717706,1445,0,15,16,16,5,16,6,50
3,3297,3296,1791053093766261,1791053093768037,1776,0,16,13,13,2,13,3,20
3,3298,3297,1791053093816261,1791053093817819,1558,0,17,11,11,1,11,2,10
3,3299,3298,1791053093866261,1791053093868449,2188,0,18,7,7,2,7,3,20
3,3300,3299,1791053093916261,1791053093917905,1644,0,19,10,10,1,11,2,10
3,3301,3300,1791053093966261,1791053093967992,1731,0,0,7,7,1,7,2,10
3,3302,3301,1791053094016261,1791053094017887,1626,0,1,13,13,5,13,3,20
3,3303,3302,1791053094066261,1791053094067966,1705,0,2,8,8,2,8,3,20
3,3304,3303,1791053094116261,1791053094117740,1479,0,3,8,8,2,8,3,20
3,3305,3304,1791053094166261,1791053094168751,2490,0,4,9,9,2,9,3,20
3,3306,3305,1791053094216261,1791053094217974,1713,0,5,9,9,3,9,4,30
3,3307,3306,1791053094266261,1791053094267775,1514,0,6,7,7,1,7,2,10
3,3308,3307,1791053094316261,1791053094317863,1602,0,7,11,11,3,12,3,20
3,3309,3308,1791053094366261,1791053094368749,2488,0,8,6,6,1,6,0,0
3,3310,3309,1791053094416261,1791053094418517,2256,0,9,12,12,3,12,3,20
3,3311,3310,1791053094466261,1791053094468577,2316,0,10,10,10,4,10,4,30
3,3312,3311,1791053094516261,1791053094518701,2440,0,11,12,12,4,12,5,40
3,3313,3312,1791053094566261,1791053094568661,2400,0,12,10,10,2,10,3,20
3,3314,3313,1791053094616261,1791053094618665,2404,0,13,10,10,3,10,4,30
3,3315,3314,1791053094666261,1791053094668756,2495,0,14,11,11,2,11,3,20
3,3316,3315,1791053094716261,1791053094717865,1604,0,15,16,16,5,17,6,50
3,3317,3316,1791053094766261,1791053094767828,1567,0,16,13,13,2,13,3,20
3,3318,3317,1791053094816261,1791053094818098,1837,0,17,11,11,1,11,2,10
3,3319,3318,1791053094866261,1791053094868083,1822,0,18,7,7,2,7,3,20
3,3320,3319,1791053094916261,1791053094917742,1481,0,19,10,10,1,10,2,10
3,3321,3320,1791053094966261,1791053094967743,1482,0,0,7,7,1,7,2,10
3,3322,3321,1791053095016261,1791053095017889,1628,0,1,13,13,5,13,4,20
3,3323,3322,1791053095066261,1791053095068636,2375,0,2,8,8,2,8,3,20
3,3324,3323,1791053095116261,1791053095117789,1528,0,3,8,8,2,9,3,20
3,3325,3324,1791053095166261,1791053095168343,2082,0,4,9,9,2,9,3,20
3,3326,3325,1791053095216261,1791053095218356,2095,0,5,9,9,3,9,4,30
3,3327,3326,1791053095266261,1791053095268607,2346,0,6,7,7,1,7,2,10
3,3328,3327,1791053095316261,1791053095317739,1478,0,7,11,11,3,12,4,21
3,3329,3328,1791053095366261,1791053095368723,2462,0,8,6,6,1,6,0,0
3,3330,3329,1791053095416261,1791053095418479,2218,0,9,12,12,3,12,3,20
3,3331,3330,1791053095466261,1791053095468567,2306,0,10,10,10,4,10,4,30
3,3332,3331,1791053095516261,1791053095517754,1493,0,11,12,12,4,12,5,40
3,3333,3332,1791053095566261,1791053095568654,2393,0,12,10,10,2,10,3,20
3,3334,3333,1791053095616261,1791053095617837,1576,0,13,10,10,3,10,4,30
3,3335,3334,1791053095666261,1791053095667983,1722,0,14,11,11,2,11,3,20
3,3336,3335,1791053095716261,1791053095717754,1493,0,15,16,16,5,17,7,51
3,3337,3336,1791053095766261,1791053095767962,1701,0,16,13,13,2,13,3,20
3,3338,3337,1791053095816261,1791053095817847,1586,0,17,11,11,1,11,2,10
3,3339,3338,1791053095866261,1791053095868402,2141,0,18,7,7,2,7,3,20
3,3340,3339,1791053095916261,1791053095917760,1499,0,19,10,10,1,10,2,10
3,3341,3340,1791053095966261,1791053095968037,1776,0,0,7,7,1,7,2,10
3,3342,3341,1791053096016261,1791053096018315,2054,0,1,13,13,5,13,3,20
3,3343,3342,1791053096066261,1791053096067830,1569,0,2,8,8,2,8,3,20
3,3344,3343,1791053096116261,1791053096118697,2436,0,3,8,8,2,9,4,21
3,3345,3344,1791053096166261,1791053096168416,2155,0,4,9,9,2,9,3,20
3,3346,3345,1791053096216261,1791053096218038,1777,0,5,9,9,3,9,4,30
3,3347,3346,1791053096266261,1791053096268277,2016,0,6,7,7,1,7,2,10
3,3348,3347,1791053096316261,1791053096317730,1469,0,7,11,11,3,11,3,20
3,3349,3348,1791053096366261,1791053096367996,1735,0,8,6,6,1,6,0,0
3,3350,3349,1791053096416261,1791053096418053,1792,0,9,12,12,3,12,3,20
3,3351,3350,1791053096466261,1791053096468263,2002,0,10,10,10,4,10,5,30
3,3352,3351,1791053096516261,1791053096518653,2392,0,11,12,12,4,13,6,41
3,3353,3352,1791053096566261,1791053096568721,2460,0,12,10,10,2,10,3,20
3,3354,3353,1791053096616261,1791053096618781,2520,0,13,10,10,3,10,4,30
3,3355,3354,1791053096666261,1791053096668211,1950,0,14,11,11,2,11,3,20
3,3356,3355,1791053096716261,1791053096718750,2489,0,15,16,16,5,16,6,50
3,3357,3356,1791053096766261,1791053096767728,1467,0,16,13,13,2,13,3,20
3,3358,3357,1791053096816261,1791053096818585,2324,0,17,11,11,1,11,2,10
3,3359,3358,1791053096866261,1791053096867979,1718,0,18,7,7,2,7,3,20
3,3360,3359,1791053096916261,1791053096918681,2420,0,19,10,10,1,11,3,11
3,3361,3360,1791053096966261,1791053096968202,1941,0,0,7,7,1,7,2,10
3,3362,3361,1791053097016261,1791053097018499,2238,0,1,13,13,5,13,4,20
3,3363,3362,1791053097066261,1791053097068116,1855,0,2,8,8,2,8,3,20
3,3364,3363,1791053097116261,1791053097118730,2469,0,3,8,8,2,8,3,20
3,3365,3364,1791053097166261,1791053097168208,1947,0,4,9,9,2,9,3,20
3,3366,3365,1791053097216261,1791053097218331,2070,0,5,9,9,3,9,4,30
3,3367,3366,1791053097266261,1791053097268308,2047,0,6,7,7,1,7,2,10
3,3368,3367,1791053097316261,1791053097318681,2420,0,7,11,11,3,12,4,21
3,3369,3368,1791053097366261,1791053097368122,1861,0,8,6,6,1,6,0,0
3,3370,3369,1791053097416261,1791053097418309,2048,0,9,12,12,3,12,3,20
3,3371,3370,1791053097466261,1791053097468516,2255,0,10,10,10,4,10,4,30
3,3372,3371,1791053097516261,1791053097518771,2510,0,11,12,12,4,13,5,40
3,3373,3372,1791053097566261,1791053097568305,2044,0,12,10,10,2,10,3,20
3,3374,3373,1791053097616261,1791053097618213,1952,0,13,10,10,3,10,4,30
3,3375,3374,1791053097666261,1791053097668484,2223,0,14,11,11,2,11,3,20
3,3376,3375,1791053097716261,1791053097717731,1470,0,15,16,16,5,16,6,50
3,3377,3376,1791053097766261,1791053097767969,1708,0,16,13,13,2,13,3,20
3,3378,3377,1791053097816261,1791053097818428,2167,0,17,11,11,1,11,2,10
3,3379,3378,1791053097866261,1791053097867893,1632,0,18,7,7,2,7,3,20
3,3380,3379,1791053097916261,1791053097917848,1587,0,19,10,10,1,11,2,10
3,3381,3380,1791053097966261,1791053097967992,1731,0,0,7,7,1,7,2,10
3,3382,3381,1791053098016261,1791053098018063,1802,0,1,13,13,5,13,3,20
3,3383,3382,1791053098066261,1791053098068104,1843,0,2,8,8,2,8,3,20
3,3384,3383,1791053098116261,1791053098118722,2461,0,3,8,8,2,8,3,20
3,3385,3384,1791053098166261,1791053098168714,2453,0,4,9,9,2,9,3,20
3,3386,3385,1791053098216261,1791053098218650,2389,0,5,9,9,3,9,4,30
3,3387,3386,1791053098266261,1791053098267731,1470,0,6,7,7,1,7,2,10
3,3388,3387,1791053098316261,1791053098317888,1627,0,7,11,11,3,12,3,20
3,3389,3388,1791053098366261,1791053098368463,2202,0,8,6,6,1,6,0,0
3,3390,3389,1791053098416261,1791053098418342,2081,0,9,12,12,3,12,3,20
3,3391,3390,1791053098466261,1791053098468446,2185,0,10,10,10,4,10,4,30
3,3392,3391,1791053098516261,1791053098517725,1464,0,11,12,12,4,12,5,40
3,3393,3392,1791053098566261,1791053098567856,1595,0,12,10,10,2,10,3,20
3,3394,3393,1791053098616261,1791053098617858,1597,0,13,10,10,3,10,4,30
3,3395,3394,1791053098666261,1791053098668061,1800,0,14,11,11,2,11,3,20
3,3396,3395,1791053098716261,1791053098717845,1584,0,15,16,16,5,17,6,50
3,3397,3396,1791053098766261,1791053098768018,1757,0,16,13,13,2,13,3,20
3,3398,3397,1791053098816261,1791053098818311,2050,0,17,11,11,1,11,2,10
3,3399,3398,1791053098866261,1791053098868006,1745,0,18,7,7,2,7,3,20
3,3400,3399,1791053098916261,1791053098917833,1572,0,19,10,10,1,11,3,11
3,3401,3400,1791053098966261,1791053098967793,1532,0,0,7,7,1,7,2,10
3,3402,3401,1791053099016261,1791053099018090,1829,0,1,13,13,5,13,4,20
3,3403,3402,1791053099066261,1791053099068206,1945,0,2,8,8,2,8,3,20
3,3404,3403,1791053099116261,1791053099117782,1521,0,3,8,8,2,8,3,20
3,3405,3404,1791053099166261,1791053099168751,2490,0,4,9,9,2,9,3,20
3,3406,3405,1791053099216261,1791053099218641,2380,0,5,9,9,3,9,4,30
3,3407,3406,1791053099266261,1791053099268350,2089,0,6,7,7,1,7,2,10
3,3408,3407,1791053099316261,1791053099318731,2470,0,7,11,11,3,12,4,21
3,3409,3408,1791053099366261,1791053099368232,1971,0,8,6,6,1,6,0,0
3,3410,3409,1791053099416261,1791053099418499,2238,0,9,12,12,3,12,3,20
3,3411,3410,1791053099466261,1791053099467833,1572,0,10,10,10,4,10,4,30
3,3412,3411,1791053099516261,1791053099518747,2486,0,11,12,12,4,12,5,40
3,3413,3412,1791053099566261,1791053099568713,2452,0,12,10,10,2,10,3,20
3,3414,3413,1791053099616261,1791053099618750,2489,0,13,10,10,3,10,4,30
3,3415,3414,1791053099666261,1791053099667912,1651,0,14,11,11,2,11,3,20
3,3416,3415,1791053099716261,1791053099718603,2342,0,15,16,16,5,17,7,51
3,3417,3416,1791053099766261,1791053099768358,2097,0,16,13,13,2,13,3,20
3,3418,3417,1791053099816261,1791053099818674,2413,0,17,11,11,1,11,2,10
3,3419,3418,1791053099866261,1791053099867881,1620,0,18,7,7,2,7,3,20
3,3420,3419,1791053099916261,1791053099917816,1555,0,19,10,10,1,11,2,10
3,3421,3420,1791053099966261,1791053099968328,2067,0,0,7,7,1,7,2,10
3,3422,3421,1791053100016261,1791053100017930,1669,0,1,13,13,5,13,3,20
3,3423,3422,1791053100066261,1791053100067813,1552,0,2,8,8,2,8,3,20
3,3424,3423,1791053100116261,1791053100117875,1614,0,3,8,8,2,9,4,21
3,3425,3424,1791053100166261,1791053100168128,1867,0,4,9,9,2,9,3,20
3,3426,3425,1791053100216261,1791053100218620,2359,0,5,9,9,3,9,4,30
3,3427,3426,1791053100266261,1791053100268719,2458,0,6,7,7,1,7,2,10
3,3428,3427,1791053100316261,1791053100317848,1587,0,7,11,11,3,12,3,20
3,3429,3428,1791053100366261,1791053100368703,2442,0,8,6,6,1,6,0,0
3,3430,3429,1791053100416261,1791053100418385,2124,0,9,12,12,3,12,3,20
3,3431,3430,1791053100466261,1791053100468356,2095,0,10,10,10,4,10,5,30
3,3432,3431,1791053100516261,1791053100517741,1480,0,11,12,12,4,12,5,40
3,3433,3432,1791053100566261,1791053100568776,2515,0,12,10,10,2,10,3,20
3,3434,3433,1791053100616261,1791053100617733,1472,0,13,10,10,3,10,4,30
3,3435,3434,1791053100666261,1791053100667904,1643,0,14,11,11,2,11,3,20
3,3436,3435,1791053100716261,1791053100717775,1514,0,15,16,16,5,17,6,50
3,3437,3436,1791053100766261,1791053100767835,1574,0,16,13,13,2,13,3,20
3,3438,3437,1791053100816261,1791053100817867,1606,0,17,11,11,1,11,2,10
3,3439,3438,1791053100866261,1791053100868243,1982,0,18,7,7,2,7,3,20
3,3440,3439,1791053100916261,1791053100917902,1641,0,19,10,10,1,11,3,11
3,3441,3440,1791053100966261,1791053100967968,1707,0,0,7,7,1,7,2,10
3,3442,3441,1791053101016261,1791053101017983,1722,0,1,13,13,5,13,3,20
3,3443,3442,1791053101066261,1791053101068088,1827,0,2,8,8,2,8,3,20
3,3444,3443,1791053101116261,1791053101117745,1484,0,3,8,8,2,8,3,20
3,3445,3444,1791053101166261,1791053101168044,1783,0,4,9,9,2,9,3,20
3,3446,3445,1791053101216261,1791053101218314,2053,0,5,9,9,3,9,4,30
3,3447,3446,1791053101266261,1791053101267846,1585,0,6,7,7,1,7,2,10
3,3448,3447,1791053101316261,1791053101318710,2449,0,7,11,11,3,12,4,21
3,3449,3448,1791053101366261,1791053101368249,1988,0,8,6,6,1,6,0,0
3,3450,3449,1791053101416261,1791053101418322,2061,0,9,12,12,3,12,4,20
3,3451,3450,1791053101466261,1791053101467835,1574,0,10,10,10,4,10,4,30
3,3452,3451,1791053101516261,1791053101518765,2504,0,11,12,12,4,12,5,40
3,3453,3452,1791053101566261,1791053101567758,1497,0,12,10,10,2,10,3,20
3,3454,3453,1791053101616261,1791053101618749,2488,0,13,10,10,3,10,4,30
3,3455,3454,1791053101666261,1791053101668123,1862,0,14,11,11,2,11,3,20
3,3456,3455,1791053101716261,1791053101718718,2457,0,15,16,16,5,17,7,51
3,3457,3456,1791053101766261,1791053101767850,1589,0,16,13,13,2,13,3,20
3,3458,3457,1791053101816261,1791053101818037,1776,0,17,11,11,1,11,2,10
3,3459,3458,1791053101866261,1791053101868241,1980,0,18,7,7,2,7,3,20
3,3460,3459,1791053101916261,1791053101917966,1705,0,19,10,10,1,11,2,10
3,3461,3460,1791053101966261,1791053101968031,1770,0,0,7,7,1,7,2,10
3,3462,3461,1791053102016261,1791053102018119,1858,0,1,13,13,5,13,3,20
3,3463,3462,1791053102066261,1791053102067742,1481,0,2,8,8,2,8,3,20
3,3464,3463,1791053102116261,1791053102117713,1452,0,3,8,8,2,8,3,20
3,3465,3464,1791053102166261,1791053102168129,1868,0,4,9,9,2,9,3,20
3,3466,3465,1791053102216261,1791053102217832,1571,0,5,9,9,3,9,4,30
3,3467,3466,1791053102266261,1791053102268516,2255,0,6,7,7,1,7,2,10
3,3468,3467,1791053102316261,1791053102318739,2478,0,7,11,11,3,12,3,20
3,3469,3468,1791053102366261,1791053102368112,1851,0,8,6,6,1,6,0,0
3,3470,3469,1791053102416261,1791053102418127,1866,0,9,12,12,3,12,3,20
3,3471,3470,1791053102466261,1791053102468376,2115,0,10,10,10,4,10,5,30
3,3472,3471,1791053102516261,1791053102517763,1502,0,11,12,12,4,13,6,41
3,3473,3472,1791053102566261,1791053102567979,1718,0,12,10,10,2,10,3,20
3,3474,3473,1791053102616261,1791053102618123,1862,0,13,10,10,3,10,4,30
3,3475,3474,1791053102666261,1791053102668763,2502,0,14,11,11,2,11,3,20
3,3476,3475,1791053102716261,1791053102717775,1514,0,15,16,16,5,16,6,50
3,3477,3476,1791053102766261,1791053102768626,2365,0,16,13,13,2,13,3,20
3,3478,3477,1791053102816261,1791053102818035,1774,0,17,11,11,1,11,2,10
3,3479,3478,1791053102866261,1791053102868286,2025,0,18,7,7,2,7,3,20
3,3480,3479,1791053102916261,1791053102917760,1499,0,19,10,10,1,11,3,11
3,3481,3480,1791053102966261,1791053102968064,1803,0,0,7,7,1,7,2,10
3,3482,3481,1791053103016261,1791053103017955,1694,0,1,13,13,5,13,4,20
3,3483,3482,1791053103066261,1791053103068271,2010,0,2,8,8,2,8,3,20
3,3484,3483,1791053103116261,1791053103117752,1491,0,3,8,8,2,9,3,20
3,3485,3484,1791053103166261,1791053103168048,1787,0,4,9,9,2,9,3,20
3,3486,3485,1791053103216261,1791053103217906,1645,0,5,9,9,3,9,4,30
3,3487,3486,1791053103266261,1791053103268802,2541,0,6,7,7,1,7,2,10
3,3488,3487,1791053103316261,1791053103317740,1479,0,7,11,11,3,11,3,20
3,3489,3488,1791053103366261,1791053103368057,1796,0,8,6,6,1,6,0,0
3,3490,3489,1791053103416261,1791053103418017,1756,0,9,12,12,3,12,3,20
3,3491,3490,1791053103466261,1791053103468753,2492,0,10,10,10,4,10,4,30
3,3492,3491,1791053103516261,1791053103517812,1551,0,11,12,12,4,13,5,40
3,3493,3492,1791053103566261,1791053103568605,2344,0,12,10,10,2,10,3,20
3,3494,3493,1791053103616261,1791053103618544,2283,0,13,10,10,3,10,4,30
3,3495,3494,1791053103666261,1791053103668721,2460,0,14,11,11,2,11,3,20
3,3496,3495,1791053103716261,1791053103718723,2462,0,15,16,16,5,17,7,51
3,3497,3496,1791053103766261,1791053103767844,1583,0,16,13,13,2,13,3,20
3,3498,3497,1791053103816261,1791053103817863,1602,0,17,11,11,1,11,2,10
3,3499,3498,1791053103866261,1791053103867795,1534,0,18,7,7,2,7,3,20
3,3500,3499,1791053103916261,1791053103917738,1477,0,19,10,10,1,10,2,10
3,3501,3500,1791053103966261,1791053103968132,1871,0,0,7,7,1,7,2,10
3,3502,3501,1791053104016261,1791053104018138,1877,0,1,13,13,5,13,3,20
3,3503,3502,1791053104066261,1791053104068252,1991,0,2,8,8,2,8,3,20
3,3504,3503,1791053104116261,1791053104118680,2419,0,3,8,8,2,9,4,21
3,3505,3504,1791053104166261,1791053104168672,2411,0,4,9,9,2,9,3,20
3,3506,3505,1791053104216261,1791053104218597,2336,0,5,9,9,3,9,4,30
3,3507,3506,1791053104266261,1791053104268720,2459,0,6,7,7,1,7,2,10
3,3508,3507,1791053104316261,1791053104317784,1523,0,7,11,11,3,12,3,20
3,3509,3508,1791053104366261,1791053104367780,1519,0,8,6,6,1,6,0,0
3,3510,3509,1791053104416261,1791053104417799,1538,0,9,12,12,3,12,3,20
3,3511,3510,1791053104466261,1791053104467901,1640,0,10,10,10,4,10,5,30
3,3512,3511,1791053104516261,1791053104517737,1476,0,11,12,12,4,12,5,40
3,3513,3512,1791053104566261,1791053104567851,1590,0,12,10,10,2,10,3,20
3,3514,3513,1791053104616261,1791053104618772,2511,0,13,10,10,3,10,4,30
3,3515,3514,1791053104666261,1791053104668737,2476,0,14,11,11,2,11,3,20
3,3516,3515,1791053104716261,1791053104718716,2455,0,15,16,16,5,17,6,50
3,3517,3516,1791053104766261,1791053104767838,1577,0,16,13,13,2,13,3,20
3,3518,3517,1791053104816261,1791053104818012,1751,0,17,11,11,1,11,2,10
3,3519,3518,1791053104866261,1791053104867965,1704,0,18,7,7,2,7,3,20
3,3520,3519,1791053104916261,1791053104918734,2473,0,19,10,10,1,10,2,10
3,3521,3520,1791053104966261,1791053104968664,2403,0,0,7,7,1,7,2,10
3,3522,3521,1791053105016261,1791053105017837,1576,0,1,13,13,5,13,3,20
3,3523,3522,1791053105066261,1791053105067854,1593,0,2,8,8,2,8,3,20
3,3524,3523,1791053105116261,1791053105118708,2447,0,3,8,8,2,9,3,20
3,3525,3524,1791053105166261,1791053105167764,1503,0,4,9,9,2,9,3,20
3,3526,3525,1791053105216261,1791053105217937,1676,0,5,9,9,3,9,4,30
3,3527,3526,1791053105266261,1791053105268112,1851,0,6,7,7,1,7,2,10
3,3528,3527,1791053105316261,1791053105318737,2476,0,7,11,11,3,12,4,21
3,3529,3528,1791053105366261,1791053105368795,2534,0,8,6,6,1,6,0,0
3,3530,3529,1791053105416261,1791053105417912,1651,0,9,12,12,3,12,3,20
3,3531,3530,1791053105466261,1791053105467941,1680,0,10,10,10,4,10,4,30
3,3532,3531,1791053105516261,1791053105518677,2416,0,11,12,12,4,13,5,40
3,3533,3532,1791053105566261,1791053105568010,1749,0,12,10,10,2,10,3,20
3,3534,3533,1791053105616261,1791053105618089,1828,0,13,10,10,3,10,4,30
3,3535,3534,1791053105666261,1791053105668126,1865,0,14,11,11,2,11,3,20
3,3536,3535,1791053105716261,1791053105717795,1534,0,15,16,16,5,17,7,51
3,3537,3536,1791053105766261,1791053105768055,1794,0,16,13,13,2,13,3,20
3,3538,3537,1791053105816261,1791053105818230,1969,0,17,11,11,1,11,2,10
3,3539,3538,1791053105866261,1791053105868525,2264,0,18,7,7,2,7,3,20
3,3540,3539,1791053105916261,1791053105917746,1485,0,19,10,10,1,10,2,10
3,3541,3540,1791053105966261,1791053105967917,1656,0,0,7,7,1,7,2,10
3,3542,3541,1791053106016261,1791053106017975,1714,0,1,13,13,5,13,3,20
3,3543,3542,1791053106066261,1791053106067846,1585,0,2,8,8,2,8,3,20
3,3544,3543,1791053106116261,1791053106118639,2378,0,3,8,8,2,9,4,21
3,3545,3544,1791053106166261,1791053106168512,2251,0,4,9,9,2,9,3,20
3,3546,3545,1791053106216261,1791053106218479,2218,0,5,9,9,3,9,4,30
3,3547,3546,1791053106266261,1791053106268728,2467,0,6,7,7,1,7,2,10
3,3548,3547,1791053106316261,1791053106317758,1497,0,7,11,11,3,12,3,20
3,3549,3548,1791053106366261,1791053106367854,1593,0,8,6,6,1,6,0,0
3,3550,3549,1791053106416261,1791053106417833,1572,0,9,12,12,3,12,3,20
3,3551,3550,1791053106466261,1791053106468790,2529,0,10,10,10,4,10,4,30
3,3552,3551,1791053106516261,1791053106517727,1466,0,11,12,12,4,12,5,40
3,3553,3552,1791053106566261,1791053106568715,2454,0,12,10,10,2,10,3,20
3,3554,3553,1791053106616261,1791053106617974,1713,0,13,10,10,3,10,4,30
3,3555,3554,1791053106666261,1791053106668320,2059,0,14,11,11,2,11,3,20
3,3556,3555,1791053106716261,1791053106717821,1560,0,15,16,16,5,17,6,50
3,3557,3556,1791053106766261,1791053106767879,1618,0,16,13,13,2,13,3,20
3,3558,3557,1791053106816261,1791053106817805,1544,0,17,11,11,1,11,2,10
3,3559,3558,1791053106866261,1791053106867860,1599,0,18,7,7,2,7,3,20
3,3560,3559,1791053106916261,1791053106918767,2506,0,19,10,10,1,10,2,10
3,3561,3560,1791053106966261,1791053106967875,1614,0,0,7,7,1,7,2,10
3,3562,3561,1791053107016261,1791053107018066,1805,0,1,13,13,5,13,3,20
3,3563,3562,1791053107066261,1791053107068107,1846,0,2,8,8,2,8,3,20
3,3564,3563,1791053107116261,1791053107118726,2465,0,3,8,8,2,9,3,20
3,3565,3564,1791053107166261,1791053107167833,1572,0,4,9,9,2,9,3,20
3,3566,3565,1791053107216261,1791053107217953,1692,0,5,9,9,3,9,4,30
3,3567,3566,1791053107266261,1791053107268034,1773,0,6,7,7,1,7,2,10
3,3568,3567,1791053107316261,1791053107317771,1510,0,7,11,11,3,11,3,20
3,3569,3568,1791053107366261,1791053107367853,1592,0,8,6,6,1,6,0,0
3,3570,3569,1791053107416261,1791053107417777,1516,0,9,12,12,3,12,3,20
3,3571,3570,1791053107466261,1791053107467731,1470,0,10,10,10,4,10,4,30
3,3572,3571,1791053107516261,1791053107517841,1580,0,11,12,12,4,13,5,40
3,3573,3572,1791053107566261,1791053107567815,1554,0,12,10,10,2,10,3,20
3,3574,3573,1791053107616261,1791053107618168,1907,0,13,10,10,3,10,4,30
3,3575,3574,1791053107666261,1791053107667903,1642,0,14,11,11,2,11,3,20
3,3576,3575,1791053107716261,1791053107717836,1575,0,15,16,16,5,17,7,51
3,3577,3576,1791053107766261,1791053107768562,2301,0,16,13,13,2,13,3,20
3,3578,3577,1791053107816261,1791053107818326,2065,0,17,11,11,1,11,2,10
3,3579,3578,1791053107866261,1791053107867726,1465,0,18,7,7,2,7,3,20
3,3580,3579,1791053107916261,1791053107918749,2488,0,19,10,10,1,10,2,10
3,3581,3580,1791053107966261,1791053107968329,2068,0,0,7,7,1,7,2,10
3,3582,3581,1791053108016261,1791053108018234,1973,0,1,13,13,5,13,3,20
3,3583,3582,1791053108066261,1791053108068551,2290,0,2,8,8,2,8,3,20
3,3584,3583,1791053108116261,1791053108117860,1599,0,3,8,8,2,9,4,21
3,3585,3584,1791053108166261,1791053108168107,1846,0,4,9,9,2,9,3,20
3,3586,3585,1791053108216261,1791053108218477,2216,0,5,9,9,3,9,4,30
3,3587,3586,1791053108266261,1791053108267816,1555,0,6,7,7,1,7,2,10
3,3588,3587,1791053108316261,1791053108317796,1535,0,7,11,11,3,11,4,20
3,3589,3588,1791053108366261,1791053108367908,1647,0,8,6,6,1,6,0,0
3,3590,3589,1791053108416261,1791053108417977,1716,0,9,12,12,3,12,3,20
3,3591,3590,1791053108466261,1791053108468147,1886,0,10,10,10,4,10,4,30
3,3592,3591,1791053108516261,1791053108517743,1482,0,11,12,12,4,13,6,41
3,3593,3592,1791053108566261,1791053108567754,1493,0,12,10,10,2,10,3,20
3,3594,3593,1791053108616261,1791053108618089,1828,0,13,10,10,3,10,4,30
3,3595,3594,1791053108666261,1791053108668488,2227,0,14,11,11,2,11,3,20
3,3596,3595,1791053108716261,1791053108718759,2498,0,15,16,16,5,17,6,50
3,3597,3596,1791053108766261,1791053108767744,1483,0,16,13,13,2,13,3,20
3,3598,3597,1791053108816261,1791053108817842,1581,0,17,11,11,1,11,2,10
3,3599,3598,1791053108866261,1791053108868027,1766,0,18,7,7,2,7,3,20
3,3600,3599,1791053108916261,1791053108917829,1568,0,19,10,10,1,11,3,11
3,3601,3600,1791053108966261,1791053108967869,1608,0,0,7,7,1,7,2,10
3,3602,3601,1791053109016261,1791053109018688,2427,0,1,13,13,5,13,3,20
3,3603,3602,1791053109066261,1791053109068655,2394,0,2,8,8,2,8,3,20
3,3604,3603,1791053109116261,1791053109117804,1543,0,3,8,8,2,9,3,20
3,3605,3604,1791053109166261,1791053109167802,1541,0,4,9,9,2,9,3,20
3,3606,3605,1791053109216261,1791053109217853,1592,0,5,9,9,3,9,4,30
3,3607,3606,1791053109266261,1791053109267864,1603,0,6,7,7,1,7,2,10
3,3608,3607,1791053109316261,1791053109317777,1516,0,7,11,11,3,11,3,20
3,3609,3608,1791053109366261,1791053109367979,1718,0,8,6,6,1,6,0,0
3,3610,3609,1791053109416261,1791053109417948,1687,0,9,12,12,3,12,3,20
3,3611,3610,1791053109466261,1791053109468147,1886,0,10,10,10,4,10,4,30
3,3612,3611,1791053109516261,1791053109518708,2447,0,11,12,12,4,13,5,40
3,3613,3612,1791053109566261,1791053109568786,2525,0,12,10,10,2,10,3,20
3,3614,3613,1791053109616261,1791053109618112,1851,0,13,10,10,3,10,4,30
3,3615,3614,1791053109666261,1791053109668344,2083,0,14,11,11,2,11,3,20
3,3616,3615,1791053109716261,1791053109717798,1537,0,15,16,16,5,17,7,51
3,3617,3616,1791053109766261,1791053109767947,1686,0,16,13,13,2,13,3,20
3,3618,3617,1791053109816261,1791053109817974,1713,0,17,11,11,1,11,2,10
3,3619,3618,1791053109866261,1791053109868140,1879,0,18,7,7,2,7,3,20
3,3620,3619,1791053109916261,1791053109917780,1519,0,19,10,10,1,10,2,10
3,3621,3620,1791053109966261,1791053109967999,1738,0,0,7,7,1,7,2,10
3,3622,3621,1791053110016261,1791053110018179,1918,0,1,13,13,5,13,3,20
3,3623,3622,1791053110066261,1791053110068478,2217,0,2,8,8,2,8,3,20
3,3624,3623,1791053110116261,1791053110118768,2507,0,3,8,8,2,9,4,21
3,3625,3624,1791053110166261,1791053110167982,1721,0,4,9,9,2,9,3,20
3,3626,3625,1791053110216261,1791053110217977,1716,0,5,9,9,3,9,4,30
3,3627,3626,1791053110266261,1791053110268264,2003,0,6,7,7,1,7,2,10
3,3628,3627,1791053110316261,1791053110317726,1465,0,7,11,11,3,11,3,20
3,3629,3628,1791053110366261,1791053110368042,1781,0,8,6,6,1,6,0,0
3,3630,3629,1791053110416261,1791053110418182,1921,0,9,12,12,3,12,3,20
3,3631,3630,1791053110466261,1791053110468725,2464,0,10,10,10,4,10,4,30
3,3632,3631,1791053110516261,1791053110517764,1503,0,11,12,12,4,13,6,41
3,3633,3632,1791053110566261,1791053110567940,1679,0,12,10,10,2,10,3,20
3,3634,3633,1791053110616261,1791053110618605,2344,0,13,10,10,3,10,4,30
3,3635,3634,1791053110666261,1791053110667890,1629,0,14,11,11,2,11,3,20
3,3636,3635,1791053110716261,1791053110717775,1514,0,15,16,16,5,17,6,50
3,3637,3636,1791053110766261,1791053110768741,2480,0,16,13,13,2,13,3,20
3,3638,3637,1791053110816261,1791053110817951,1690,0,17,11,11,1,11,2,10
3,3639,3638,1791053110866261,1791053110868043,1782,0,18,7,7,2,7,3,20
3,3640,3639,1791053110916261,1791053110917872,1611,0,19,10,10,1,11,3,11
3,3641,3640,1791053110966261,1791053110967727,1466,0,0,7,7,1,7,2,10
3,3642,3641,1791053111016261,1791053111018635,2374,0,1,13,13,5,13,3,20
3,3643,3642,1791053111066261,1791053111067984,1723,0,2,8,8,2,8,3,20
3,3644,3643,1791053111116261,1791053111118655,2394,0,3,8,8,2,9,3,20
3,3645,3644,1791053111166261,1791053111168488,2227,0,4,9,9,2,9,3,20
3,3646,3645,1791053111216261,1791053111218550,2289,0,5,9,9,3,9,4,30
3,3647,3646,1791053111266261,1791053111268607,2346,0,6,7,7,1,7,2,10
3,3648,3647,1791053111316261,1791053111317727,1466,0,7,11,11,3,12,4,21
3,3649,3648,1791053111366261,1791053111367807,1546,0,8,6,6,1,6,0,0
3,3650,3649,1791053111416261,1791053111418767,2506,0,9,12,12,3,12,3,20
3,3651,3650,1791053111466261,1791053111467801,1540,0,10,10,10,4,10,4,30
3,3652,3651,1791053111516261,1791053111517776,1515,0,11,12,12,4,12,5,40
3,3653,3652,1791053111566261,1791053111567983,1722,0,12,10,10,2,10,3,20
3,3654,3653,1791053111616261,1791053111618156,1895,0,13,10,10,3,10,4,30
3,3655,3654,1791053111666261,1791053111668294,2033,0,14,11,11,2,11,3,20
3,3656,3655,1791053111716261,1791053111717759,1498,0,15,16,16,5,17,7,51
3,3657,3656,1791053111766261,1791053111768000,1739,0,16,13,13,2,13,3,20
3,3658,3657,1791053111816261,1791053111818423,2162,0,17,11,11,1,11,2,10
3,3659,3658,1791053111866261,1791053111868486,2225,0,18,7,7,2,7,3,20
3,3660,3659,1791053111916261,1791053111917789,1528,0,19,10,10,1,10,2,10
3,3661,3660,1791053111966261,1791053111967885,1624,0,0,7,7,1,7,2,10
3,3662,3661,1791053112016261,1791053112017973,1712,0,1,13,13,5,13,3,20
3,3663,3662,1791053112066261,1791053112068295,2034,0,2,8,8,2,8,3,20
3,3664,3663,1791053112116261,1791053112117836,1575,0,3,8,8,2,9,4,21
3,3665,3664,1791053112166261,1791053112167943,1682,0,4,9,9,2,9,3,20
3,3666,3665,1791053112216261,1791053112218269,2008,0,5,9,9,3,9,4,30
3,3667,3666,1791053112266261,1791053112268545,2284,0,6,7,7,1,7,2,10
3,3668,3667,1791053112316261,1791053112317736,1475,0,7,11,11,3,11,4,20
3,3669,3668,1791053112366261,1791053112368514,2253,0,8,6,6,1,6,0,0
3,3670,3669,1791053112416261,1791053112417835,1574,0,9,12,12,3,12,3,20
3,3671,3670,1791053112466261,1791053112468629,2368,0,10,10,10,4,10,4,30
3,3672,3671,1791053112516261,1791053112518581,2320,0,11,12,12,4,13,6,41
3,3673,3672,1791053112566261,1791053112567845,1584,0,12,10,10,2,10,3,20
3,3674,3673,1791053112616261,1791053112618106,1845,0,13,10,10,3,10,4,30
3,3675,3674,1791053112666261,1791053112668630,2369,0,14,11,11,2,11,3,20
3,3676,3675,1791053112716261,1791053112717993,1732,0,15,16,16,5,17,6,50
3,3677,3676,1791053112766261,1791053112768688,2427,0,16,13,13,2,13,3,20
3,3678,3677,1791053112816261,1791053112818508,2247,0,17,11,11,1,11,2,10
3,3679,3678,1791053112866261,1791053112867974,1713,0,18,7,7,2,7,3,20
3,3680,3679,1791053112916261,1791053112917743,1482,0,19,10,10,1,11,3,11
3,3681,3680,1791053112966261,1791053112967844,1583,0,0,7,7,1,7,2,10
3,3682,3681,1791053113016261,1791053113018406,2145,0,1,13,13,5,13,3,20
3,3683,3682,1791053113066261,1791053113067818,1557,0,2,8,8,2,8,3,20
3,3684,3683,1791053113116261,1791053113117930,1669,0,3,8,8,2,9,3,20
3,3685,3684,1791053113166261,1791053113168271,2010,0,4,9,9,2,9,3,20
3,3686,3685,1791053113216261,1791053113218763,2502,0,5,9,9,3,9,4,30
3,3687,3686,1791053113266261,1791053113268151,1890,0,6,7,7,1,7,2,10
3,3688,3687,1791053113316261,1791053113317761,1500,0,7,11,11,3,11,3,20
3,3689,3688,1791053113366261,1791053113367816,1555,0,8,6,6,1,6,0,0
3,3690,3689,1791053113416261,1791053113417838,1577,0,9,12,12,3,12,3,20
3,3691,3690,1791053113466261,1791053113468160,1899,0,10,10,10,4,10,4,30
3,3692,3691,1791053113516261,1791053113517762,1501,0,11,12,12,4,13,5,40
3,3693,3692,1791053113566261,1791053113568804,2543,0,12,10,10,2,10,3,20
3,3694,3693,1791053113616261,1791053113617864,1603,0,13,10,10,3,10,4,30
3,3695,3694,1791053113666261,1791053113668165,1904,0,14,11,11,2,11,3,20
3,3696,3695,1791053113716261,1791053113717791,1530,0,15,16,16,5,17,7,51
3,3697,3696,1791053113766261,1791053113768010,1749,0,16,13,13,2,13,3,20
3,3698,3697,1791053113816261,1791053113818471,2210,0,17,11,11,1,11,2,10
3,3699,3698,1791053113866261,1791053113868485,2224,0,18,7,7,2,7,3,20
3,3700,3699,1791053113916261,1791053113918719,2458,0,19,10,10,1,11,2,10
3,3701,3700,1791053113966261,1791053113967775,1514,0,0,7,7,1,7,2,10
3,3702,3701,1791053114016261,1791053114018180,1919,0,1,13,13,5,13,4,20
3,3703,3702,1791053114066261,1791053114068277,2016,0,2,8,8,2,8,3,20
3,3704,3703,1791053114116261,1791053114117810,1549,0,3,8,8,2,9,4,21
3,3705,3704,1791053114166261,1791053114167862,1601,0,4,9,9,2,9,3,20
3,3706,3705,1791053114216261,1791053114218064,1803,0,5,9,9,3,9,4,30
3,3707,3706,1791053114266261,1791053114267980,1719,0,6,7,7,1,7,2,10
3,3708,3707,1791053114316261,1791053114317813,1552,0,7,11,11,3,11,3,20
3,3709,3708,1791053114366261,1791053114367879,1618,0,8,6,6,1,6,0,0
3,3710,3709,1791053114416261,1791053114417794,1533,0,9,12,12,3,12,3,20
3,3711,3710,1791053114466261,1791053114468155,1894,0,10,10,10,4,10,5,30
3,3712,3711,1791053114516261,1791053114518747,2486,0,11,12,12,4,13,6,41
3,3713,3712,1791053114566261,1791053114568306,2045,0,12,10,10,2,10,3,20
3,3714,3713,1791053114616261,1791053114618563,2302,0,13,10,10,3,10,4,30
3,3715,3714,1791053114666261,1791053114667865,1604,0,14,11,11,2,11,3,20
3,3716,3715,1791053114716261,1791053114717860,1599,0,15,16,16,5,17,6,50
3,3717,3716,1791053114766261,1791053114768740,2479,0,16,13,13,2,13,3,20
3,3718,3717,1791053114816261,1791053114818768,2507,0,17,11,11,1,11,2,10
3,3719,3718,1791053114866261,1791053114868589,2328,0,18,7,7,2,7,3,20
3,3720,3719,1791053114916261,1791053114917777,1516,0,19,10,10,1,10,2,10
3,3721,3720,1791053114966261,1791053114967973,1712,0,0,7,7,1,7,2,10
3,3722,3721,1791053115016261,1791053115017877,1616,0,1,13,13,5,13,3,20
3,3723,3722,1791053115066261,1791053115068738,2477,0,2,8,8,2,8,3,20
3,3724,3723,1791053115116261,1791053115117841,1580,0,3,8,8,2,9,3,20
3,3725,3724,1791053115166261,1791053115167913,1652,0,4,9,9,2,9,3,20
3,3726,3725,1791053115216261,1791053115218738,2477,0,5,9,9,3,9,4,30
3,3727,3726,1791053115266261,1791053115267901,1640,0,6,7,7,1,7,2,10
3,3728,3727,1791053115316261,1791053115318744,2483,0,7,11,11,3,12,4,21
3,3729,3728,1791053115366261,1791053115368770,2509,0,8,6,6,1,6,0,0
3,3730,3729,1791053115416261,1791053115418732,2471,0,9,12,12,3,12,3,20
3,3731,3730,1791053115466261,1791053115467867,1606,0,10,10,10,4,10,5,30
3,3732,3731,1791053115516261,1791053115518714,2453,0,11,12,12,4,12,5,40
3,3733,3732,1791053115566261,1791053115568570,2309,0,12,10,10,2,10,3,20
3,3734,3733,1791053115616261,1791053115617946,1685,0,13,10,10,3,10,4,30
3,3735,3734,1791053115666261,1791053115668463,2202,0,14,11,11,2,11,3,20
3,3736,3735,1791053115716261,1791053115717788,1527,0,15,16,16,5,17,7,51
3,3737,3736,1791053115766261,1791053115768652,2391,0,16,13,13,2,13,3,20
3,3738,3737,1791053115816261,1791053115818749,2488,0,17,11,11,1,11,2,10
3,3739,3738,1791053115866261,1791053115868738,2477,0,18,7,7,2,7,3,20
3,3740,3739,1791053115916261,1791053115918707,2446,0,19,10,10,1,10,2,10
3,3741,3740,1791053115966261,1791053115968284,2023,0,0,7,7,1,7,2,10
3,3742,3741,1791053116016261,1791053116018195,1934,0,1,13,13,5,13,3,20
3,3743,3742,1791053116066261,1791053116068564,2303,0,2,8,8,2,8,3,20
3,3744,3743,1791053116116261,1791053116118772,2511,0,3,8,8,2,9,4,21
3,3745,3744,1791053116166261,1791053116167906,1645,0,4,9,9,2,9,3,20
3,3746,3745,1791053116216261,1791053116218056,1795,0,5,9,9,3,9,4,30
3,3747,3746,1791053116266261,1791053116268314,2053,0,6,7,7,1,7,2,10
3,3748,3747,1791053116316261,1791053116317750,1489,0,7,11,11,3,11,3,20
3,3749,3748,1791053116366261,1791053116367854,1593,0,8,6,6,1,6,0,0
3,3750,3749,1791053116416261,1791053116418179,1918,0,9,12,12,3,12,3,20
3,3751,3750,1791053116466261,1791053116468621,2360,0,10,10,10,4,10,4,30
3,3752,3751,1791053116516261,1791053116517809,1548,0,11,12,12,4,13,6,41
3,3753,3752,1791053116566261,1791053116568034,1773,0,12,10,10,2,10,3,20
3,3754,3753,1791053116616261,1791053116618093,1832,0,13,10,10,3,10,4,30
3,3755,3754,1791053116666261,1791053116668354,2093,0,14,11,11,2,11,3,20
3,3756,3755,1791053116716261,1791053116717745,1484,0,15,16,16,5,17,6,50
3,3757,3756,1791053116766261,1791053116767900,1639,0,16,13,13,2,13,3,20
3,3758,3757,1791053116816261,1791053116817974,1713,0,17,11,11,1,11,2,10
3,3759,3758,1791053116866261,1791053116868421,2160,0,18,7,7,2,7,3,20
3,3760,3759,1791053116916261,1791053116917758,1497,0,19,10,10,1,10,2,10
3,3761,3760,1791053116966261,1791053116967735,1474,0,0,7,7,1,7,2,10
3,3762,3761,1791053117016261,1791053117017979,1718,0,1,13,13,5,13,3,20
3,3763,3762,1791053117066261,1791053117068354,2093,0,2,8,8,2,8,3,20
3,3764,3763,1791053117116261,1791053117117945,1684,0,3,8,8,2,9,3,20
3,3765,3764,1791053117166261,1791053117168316,2055,0,4,9,9,2,9,3,20
3,3766,3765,1791053117216261,1791053117218753,2492,0,5,9,9,3,9,4,30
3,3767,3766,1791053117266261,1791053117268376,2115,0,6,7,7,1,7,2,10
3,3768,3767,1791053117316261,1791053117317762,1501,0,7,11,11,3,11,3,20
3,3769,3768,1791053117366261,1791053117367892,1631,0,8,6,6,1,6,0,0
3,3770,3769,1791053117416261,1791053117418165,1904,0,9,12,12,3,12,4,20
3,3771,3770,1791053117466261,1791053117468787,2526,0,10,10,10,4,10,4,30
3,3772,3771,1791053117516261,1791053117518224,1963,0,11,12,12,4,13,5,40
3,3773,3772,1791053117566261,1791053117567869,1608,0,12,10,10,2,10,3,20
3,3774,3773,1791053117616261,1791053117618187,1926,0,13,10,10,3,10,4,30
3,3775,3774,1791053117666261,1791053117668622,2361,0,14,11,11,2,11,3,20
3,3776,3775,1791053117716261,1791053117717813,1552,0,15,16,16,5,16,6,50
3,3777,3776,1791053117766261,1791053117768597,2336,0,16,13,13,2,13,3,20
3,3778,3777,1791053117816261,1791053117818304,2043,0,17,11,11,1,11,2,10
3,3779,3778,1791053117866261,1791053117868603,2342,0,18,7,7,2,7,3,20
3,3780,3779,1791053117916261,1791053117917863,1602,0,19,10,10,1,11,2,10
3,3781,3780,1791053117966261,1791053117968541,2280,0,0,7,7,1,7,2,10
3,3782,3781,1791053118016261,1791053118017892,1631,0,1,13,13,5,13,3,20
3,3783,3782,1791053118066261,1791053118068304,2043,0,2,8,8,2,8,3,20
3,3784,3783,1791053118116261,1791053118117832,1571,0,3,8,8,2,9,4,21
3,3785,3784,1791053118166261,1791053118168342,2081,0,4,9,9,2,9,3,20
3,3786,3785,1791053118216261,1791053118217804,1543,0,5,9,9,3,9,4,30
3,3787,3786,1791053118266261,1791053118267836,1575,0,6,7,7,1,7,2,10
3,3788,3787,1791053118316261,1791053118317817,1556,0,7,11,11,3,12,3,20
3,3789,3788,1791053118366261,1791053118367986,1725,0,8,6,6,1,6,0,0
3,3790,3789,1791053118416261,1791053118417997,1736,0,9,12,12,3,12,3,20
3,3791,3790,1791053118466261,1791053118468346,2085,0,10,10,10,4,10,4,30
3,3792,3791,1791053118516261,1791053118517749,1488,0,11,12,12,4,12,5,40
3,3793,3792,1791053118566261,1791053118568645,2384,0,12,10,10,2,10,3,20
3,3794,3793,1791053118616261,1791053118617941,1680,0,13,10,10,3,10,4,30
3,3795,3794,1791053118666261,1791053118668032,1771,0,14,11,11,2,11,3,20
3,3796,3795,1791053118716261,1791053118717741,1480,0,15,16,16,5,17,6,50
3,3797,3796,1791053118766261,1791053118768767,2506,0,16,13,13,2,13,3,20
3,3798,3797,1791053118816261,1791053118818559,2298,0,17,11,11,1,11,2,10
3,3799,3798,1791053118866261,1791053118867790,1529,0,18,7,7,2,7,3,20
3,3800,3799,1791053118916261,1791053118917793,1532,0,19,10,10,1,11,3,11
3,3801,3800,1791053118966261,1791053118968124,1863,0,0,7,7,1,7,2,10
3,3802,3801,1791053119016261,1791053119018233,1972,0,1,13,13,5,13,4,20
3,3803,3802,1791053119066261,1791053119067792,1531,0,2,8,8,2,8,3,20
3,3804,3803,1791053119116261,1791053119117716,1455,0,3,8,8,2,8,3,20
3,3805,3804,1791053119166261,1791053119168267,2006,0,4,9,9,2,9,3,20
3,3806,3805,1791053119216261,1791053119217799,1538,0,5,9,9,3,9,4,30
3,3807,3806,1791053119266261,1791053119268009,1748,0,6,7,7,1,7,2,10
3,3808,3807,1791053119316261,1791053119318014,1753,0,7,11,11,3,12,4,21
3,3809,3808,1791053119366261,1791053119368700,2439,0,8,6,6,1,6,0,0
3,3810,3809,1791053119416261,1791053119418331,2070,0,9,12,12,3,12,3,20
3,3811,3810,1791053119466261,1791053119468677,2416,0,10,10,10,4,10,5,30
3,3812,3811,1791053119516261,1791053119517758,1497,0,11,12,12,4,12,5,40
3,3813,3812,1791053119566261,1791053119567793,1532,0,12,10,10,2,10,3,20
3,3814,3813,1791053119616261,1791053119618728,2467,0,13,10,10,3,10,4,30
3,3815,3814,1791053119666261,1791053119667988,1727,0,14,11,11,2,11,3,20
3,3816,3815,1791053119716261,1791053119717973,1712,0,15,16,16,5,17,7,51
3,3817,3816,1791053119766261,1791053119768347,2086,0,16,13,13,2,13,3,20
3,3818,3817,1791053119816261,1791053119818555,2294,0,17,11,11,1,11,2,10
3,3819,3818,1791053119866261,1791053119867820,1559,0,18,7,7,2,7,3,20
3,3820,3819,1791053119916261,1791053119917777,1516,0,19,10,10,1,10,2,10
3,3821,3820,1791053119966261,1791053119968664,2403,0,0,7,7,1,7,2,10
3,3822,3821,1791053120016261,1791053120017901,1640,0,1,13,13,5,13,3,20
3,3823,3822,1791053120066261,1791053120067861,1600,0,2,8,8,2,8,3,20
3,3824,3823,1791053120116261,1791053120117819,1558,0,3,8,8,2,9,4,21
3,3825,3824,1791053120166261,1791053120168362,2101,0,4,9,9,2,9,3,20
3,3826,3825,1791053120216261,1791053120217824,1563,0,5,9,9,3,9,4,30
3,3827,3826,1791053120266261,1791053120268267,2006,0,6,7,7,1,7,2,10
3,3828,3827,1791053120316261,1791053120317952,1691,0,7,11,11,3,12,4,20
3,3829,3828,1791053120366261,1791053120368699,2438,0,8,6,6,1,6,0,0
3,3830,3829,1791053120416261,1791053120418060,1799,0,9,12,12,3,12,3,20
3,3831,3830,1791053120466261,1791053120467809,1548,0,10,10,10,4,10,4,30
3,3832,3831,1791053120516261,1791053120517748,1487,0,11,12,12,4,12,5,40
3,3833,3832,1791053120566261,1791053120568626,2365,0,12,10,10,2,10,3,20
3,3834,3833,1791053120616261,1791053120617956,1695,0,13,10,10,3,10,4,30
3,3835,3834,1791053120666261,1791053120668506,2245,0,14,11,11,2,11,3,20
3,3836,3835,1791053120716261,1791053120717787,1526,0,15,16,16,5,17,6,50
3,3837,3836,1791053120766261,1791053120768165,1904,0,16,13,13,2,13,3,20
3,3838,3837,1791053120816261,1791053120818456,2195,0,17,11,11,1,11,2,10
3,3839,3838,1791053120866261,1791053120868066,1805,0,18,7,7,2,7,3,20
3,3840,3839,1791053120916261,1791053120918762,2501,0,19,10,10,1,10,2,10
3,3841,3840,1791053120966261,1791053120968507,2246,0,0,7,7,1,7,2,10
3,3842,3841,1791053121016261,1791053121017905,1644,0,1,13,13,5,13,3,20
3,3843,3842,1791053121066261,1791053121068118,1857,0,2,8,8,2,8,3,20
3,3844,3843,1791053121116261,1791053121118763,2502,0,3,8,8,2,9,3,20
3,3845,3844,1791053121166261,1791053121168239,1978,0,4,9,9,2,9,3,20
3,3846,3845,1791053121216261,1791053121218317,2056,0,5,9,9,3,9,4,30
3,3847,3846,1791053121266261,1791053121267882,1621,0,6,7,7,1,7,2,10
3,3848,3847,1791053121316261,1791053121317841,1580,0,7,11,11,3,12,4,21
3,3849,3848,1791053121366261,1791053121368477,2216,0,8,6,6,1,6,0,0
3,3850,3849,1791053121416261,1791053121418637,2376,0,9,12,12,3,12,3,20
3,3851,3850,1791053121466261,1791053121467857,1596,0,10,10,10,4,10,4,30
3,3852,3851,1791053121516261,1791053121517820,1559,0,11,12,12,4,13,5,40
3,3853,3852,1791053121566261,1791053121568082,1821,0,12,10,10,2,10,3,20
3,3854,3853,1791053121616261,1791053121618488,2227,0,13,10,10,3,10,4,30
3,3855,3854,1791053121666261,1791053121667865,1604,0,14,11,11,2,11,3,20
3,3856,3855,1791053121716261,1791053121717744,1483,0,15,16,16,5,16,6,50
3,3857,3856,1791053121766261,1791053121768067,1806,0,16,13,13,2,13,3,20
3,3858,3857,1791053121816261,1791053121818204,1943,0,17,11,11,1,11,2,10
3,3859,3858,1791053121866261,1791053121868663,2402,0,18,7,7,2,7,3,20
3,3860,3859,1791053121916261,1791053121918642,2381,0,19,10,10,1,11,2,10
3,3861,3860,1791053121966261,1791053121967887,1626,0,0,7,7,1,7,2,10
3,3862,3861,1791053122016261,1791053122018449,2188,0,1,13,13,5,13,3,20
3,3863,3862,1791053122066261,1791053122068724,2463,0,2,8,8,2,8,3,20
3,3864,3863,1791053122116261,1791053122118697,2436,0,3,8,8,2,8,3,20
3,3865,3864,1791053122166261,1791053122168537,2276,0,4,9,9,2,9,3,20
3,3866,3865,1791053122216261,1791053122218655,2394,0,5,9,9,3,9,4,30
3,3867,3866,1791053122266261,1791053122268770,2509,0,6,7,7,1,7,2,10
3,3868,3867,1791053122316261,1791053122317901,1640,0,7,11,11,3,12,3,20
3,3869,3868,1791053122366261,1791053122368697,2436,0,8,6,6,1,6,0,0
3,3870,3869,1791053122416261,1791053122417850,1589,0,9,12,12,3,12,3,20
3,3871,3870,1791053122466261,1791053122468741,2480,0,10,10,10,4,10,4,30
3,3872,3871,1791053122516261,1791053122517751,1490,0,11,12,12,4,12,5,40
3,3873,3872,1791053122566261,1791053122567834,1573,0,12,10,10,2,10,3,20
3,3874,3873,1791053122616261,1791053122618255,1994,0,13,10,10,3,10,4,30
3,3875,3874,1791053122666261,1791053122668434,2173,0,14,11,11,2,11,3,20
3,3876,3875,1791053122716261,1791053122717899,1638,0,15,16,16,5,17,7,50
3,3877,3876,1791053122766261,1791053122768168,1907,0,16,13,13,2,13,3,20
3,3878,3877,1791053122816261,1791053122818516,2255,0,17,11,11,1,11,2,10
3,3879,3878,1791053122866261,1791053122868708,2447,0,18,7,7,2,7,3,20
3,3880,3879,1791053122916261,1791053122918736,2475,0,19,10,10,1,10,2,10
3,3881,3880,1791053122966261,1791053122967994,1733,0,0,7,7,1,7,2,10
3,3882,3881,1791053123016261,1791053123018592,2331,0,1,13,13,5,13,3,20
3,3883,3882,1791053123066261,1791053123068677,2416,0,2,8,8,2,8,3,20
3,3884,3883,1791053123116261,1791053123118598,2337,0,3,8,8,2,9,3,20
3,3885,3884,1791053123166261,1791053123168693,2432,0,4,9,9,2,9,3,20
3,3886,3885,1791053123216261,1791053123217878,1617,0,5,9,9,3,9,4,30
3,3887,3886,1791053123266261,1791053123268338,2077,0,6,7,7,1,7,2,10
3,3888,3887,1791053123316261,1791053123317776,1515,0,7,11,11,3,12,5,21
3,3889,3888,1791053123366261,1791053123367891,1630,0,8,6,6,1,6,0,0
3,3890,3889,1791053123416261,1791053123417969,1708,0,9,12,12,3,12,3,20
3,3891,3890,1791053123466261,1791053123467866,1605,0,10,10,10,4,10,4,30
3,3892,3891,1791053123516261,1791053123517744,1483,0,11,12,12,4,13,5,40
3,3893,3892,1791053123566261,1791053123568104,1843,0,12,10,10,2,10,3,20
3,3894,3893,1791053123616261,1791053123618674,2413,0,13,10,10,3,10,4,30
3,3895,3894,1791053123666261,1791053123668303,2042,0,14,11,11,2,11,3,20
3,3896,3895,1791053123716261,1791053123717789,1528,0,15,16,16,5,16,7,51
3,3897,3896,1791053123766261,1791053123768592,2331,0,16,13,13,2,13,3,20
3,3898,3897,1791053123816261,1791053123818226,1965,0,17,11,11,1,11,2,10
3,3899,3898,1791053123866261,1791053123867940,1679,0,18,7,7,2,7,3,20
3,3900,3899,1791053123916261,1791053123918710,2449,0,19,10,10,1,10,2,10
3,3901,3900,1791053123966261,1791053123968748,2487,0,0,7,7,1,7,2,10
3,3902,3901,1791053124016261,1791053124017978,1717,0,1,13,13,5,13,3,20
3,3903,3902,1791053124066261,1791053124068157,1896,0,2,8,8,2,8,3,20
3,3904,3903,1791053124116261,1791053124117716,1455,0,3,8,8,2,9,4,21
3,3905,3904,1791053124166261,1791053124167808,1547,0,4,9,9,2,9,3,20
3,3906,3905,1791053124216261,1791053124217824,1563,0,5,9,9,3,9,4,30
3,3907,3906,1791053124266261,1791053124267880,1619,0,6,7,7,1,7,2,10
3,3908,3907,1791053124316261,1791053124317721,1460,0,7,11,11,3,12,3,20
3,3909,3908,1791053124366261,1791053124368746,2485,0,8,6,6,1,6,0,0
3,3910,3909,1791053124416261,1791053124418572,2311,0,9,12,12,3,12,3,20
3,3911,3910,1791053124466261,1791053124468726,2465,0,10,10,10,4,10,4,30
3,3912,3911,1791053124516261,1791053124517834,1573,0,11,12,12,4,13,6,41
3,3913,3912,1791053124566261,1791053124567857,1596,0,12,10,10,2,10,3,20
3,3914,3913,1791053124616261,1791053124617824,1563,0,13,10,10,3,10,4,30
3,3915,3914,1791053124666261,1791053124668044,1783,0,14,11,11,2,11,3,20
3,3916,3915,1791053124716261,1791053124717737,1476,0,15,16,16,6,16,7,60
3,3917,3916,1791053124766261,1791053124768144,1883,0,16,13,13,2,13,3,20
3,3918,3917,1791053124816261,1791053124817835,1574,0,17,11,11,1,11,2,10
3,3919,3918,1791053124866261,1791053124868033,1772,0,18,7,7,2,7,3,20
3,3920,3919,1791053124916261,1791053124917734,1473,0,19,10,10,1,11,3,11
3,3921,3920,1791053124966261,1791053124967974,1713,0,0,7,7,1,7,2,10
3,3922,3921,1791053125016261,1791053125017887,1626,0,1,13,13,5,13,3,20
3,3923,3922,1791053125066261,1791053125068147,1886,0,2,8,8,2,8,3,20
3,3924,3923,1791053125116261,1791053125117854,1593,0,3,8,8,2,9,3,20
3,3925,3924,1791053125166261,1791053125168170,1909,0,4,9,9,2,9,3,20
3,3926,3925,1791053125216261,1791053125218570,2309,0,5,9,9,3,9,4,30
3,3927,3926,1791053125266261,1791053125268656,2395,0,6,7,7,1,7,2,10
3,3928,3927,1791053125316261,1791053125318752,2491,0,7,11,11,3,12,4,21
3,3929,3928,1791053125366261,1791053125367985,1724,0,8,6,6,1,6,0,0
3,3930,3929,1791053125416261,1791053125418685,2424,0,9,12,12,3,12,3,20
3,3931,3930,1791053125466261,1791053125468596,2335,0,10,10,10,4,10,5,30
3,3932,3931,1791053125516261,1791053125517742,1481,0,11,12,12,4,12,5,40
3,3933,3932,1791053125566261,1791053125567821,1560,0,12,10,10,2,10,3,20
3,3934,3933,1791053125616261,1791053125618642,2381,0,13,10,10,3,10,4,30
3,3935,3934,1791053125666261,1791053125668359,2098,0,14,11,11,2,11,3,20
3,3936,3935,1791053125716261,1791053125717721,1460,0,15,16,16,6,17,8,61
3,3937,3936,1791053125766261,1791053125768096,1835,0,16,13,13,2,13,3,20
3,3938,3937,1791053125816261,1791053125818161,1900,0,17,11,11,1,11,2,10
3,3939,3938,1791053125866261,1791053125868320,2059,0,18,7,7,2,7,3,20
3,3940,3939,1791053125916261,1791053125918753,2492,0,19,10,10,1,10,2,10
3,3941,3940,1791053125966261,1791053125968543,2282,0,0,7,7,1,7,2,10
3,3942,3941,1791053126016261,1791053126018637,2376,0,1,13,13,5,13,4,20
3,3943,3942,1791053126066261,1791053126068574,2313,0,2,8,8,2,8,3,20
3,3944,3943,1791053126116261,1791053126117744,1483,0,3,8,8,2,9,4,21
3,3945,3944,1791053126166261,1791053126167776,1515,0,4,9,9,2,9,3,20
3,3946,3945,1791053126216261,1791053126217850,1589,0,5,9,9,3,9,4,30
3,3947,3946,1791053126266261,1791053126267982,1721,0,6,7,7,1,7,2,10
3,3948,3947,1791053126316261,1791053126317747,1486,0,7,11,11,3,12,4,20
3,3949,3948,1791053126366261,1791053126367973,1712,0,8,6,6,1,6,0,0
3,3950,3949,1791053126416261,1791053126418051,1790,0,9,12,12,3,12,3,20
3,3951,3950,1791053126466261,1791053126468408,2147,0,10,10,10,4,10,4,30
3,3952,3951,1791053126516261,1791053126518763,2502,0,11,12,12,4,12,5,40
3,3953,3952,1791053126566261,1791053126567848,1587,0,12,10,10,2,10,3,20
3,3954,3953,1791053126616261,1791053126618326,2065,0,13,10,10,3,10,4,30
3,3955,3954,1791053126666261,1791053126668493,2232,0,14,11,11,2,11,3,20
3,3956,3955,1791053126716261,1791053126717929,1668,0,15,16,16,6,17,7,60
3,3957,3956,1791053126766261,1791053126768340,2079,0,16,13,13,2,13,3,20
3,3958,3957,1791053126816261,1791053126818424,2163,0,17,11,11,1,11,2,10
3,3959,3958,1791053126866261,1791053126868603,2342,0,18,7,7,2,7,3,20
3,3960,3959,1791053126916261,1791053126918760,2499,0,19,10,10,1,10,2,10
3,3961,3960,1791053126966261,1791053126968624,2363,0,0,7,7,1,7,2,10
3,3962,3961,1791053127016261,1791053127018584,2323,0,1,13,13,5,13,3,20
3,3963,3962,1791053127066261,1791053127067972,1711,0,2,8,8,2,8,3,20
3,3964,3963,1791053127116261,1791053127117736,1475,0,3,8,8,2,9,3,20
3,3965,3964,1791053127166261,1791053127167785,1524,0,4,9,9,2,9,3,20
3,3966,3965,1791053127216261,1791053127218423,2162,0,5,9,9,3,9,4,30
3,3967,3966,1791053127266261,1791053127268407,2146,0,6,7,7,1,7,2,10
3,3968,3967,1791053127316261,1791053127317726,1465,0,7,11,11,3,11,4,20
3,3969,3968,1791053127366261,1791053127367810,1549,0,8,6,6,1,6,0,0
3,3970,3969,1791053127416261,1791053127418611,2350,0,9,12,12,3,12,3,20
3,3971,3970,1791053127466261,1791053127468604,2343,0,10,10,10,4,10,4,30
3,3972,3971,1791053127516261,1791053127517794,1533,0,11,12,12,4,13,5,40
3,3973,3972,1791053127566261,1791053127568661,2400,0,12,10,10,2,10,3,20
3,3974,3973,1791053127616261,1791053127618713,2452,0,13,10,10,3,10,4,30
3,3975,3974,1791053127666261,1791053127667882,1621,0,14,11,11,2,11,3,20
3,3976,3975,1791053127716261,1791053127717774,1513,0,15,16,16,6,16,7,60
3,3977,3976,1791053127766261,1791053127768049,1788,0,16,13,13,2,13,3,20
3,3978,3977,1791053127816261,1791053127818349,2088,0,17,11,11,1,11,2,10
3,3979,3978,1791053127866261,1791053127868339,2078,0,18,7,7,2,7,3,20
3,3980,3979,1791053127916261,1791053127917855,1594,0,19,10,10,1,11,2,10
3,3981,3980,1791053127966261,1791053127967791,1530,0,0,7,7,1,7,2,10
3,3982,3981,1791053128016261,1791053128017857,1596,0,1,13,13,5,13,3,20
3,3983,3982,1791053128066261,1791053128068055,1794,0,2,8,8,2,8,3,20
3,3984,3983,1791053128116261,1791053128117731,1470,0,3,8,8,2,8,3,20
3,3985,3984,1791053128166261,1791053128167837,1576,0,4,9,9,2,9,3,20
3,3986,3985,1791053128216261,1791053128218584,2323,0,5,9,9,3,9,4,30
3,3987,3986,1791053128266261,1791053128268636,2375,0,6,7,7,1,7,2,10
3,3988,3987,1791053128316261,1791053128317914,1653,0,7,11,11,3,12,3,20
3,3989,3988,1791053128366261,1791053128368240,1979,0,8,6,6,1,6,0,0
3,3990,3989,1791053128416261,1791053128418396,2135,0,9,12,12,3,12,3,20
3,3991,3990,1791053128466261,1791053128468050,1789,0,10,10,10,4,10,5,30
3,3992,3991,1791053128516261,1791053128517813,1552,0,11,12,12,4,13,6,41
3,3993,3992,1791053128566261,1791053128568639,2378,0,12,10,10,2,10,3,20
3,3994,3993,1791053128616261,1791053128618294,2033,0,13,10,10,3,10,4,30
3,3995,3994,1791053128666261,1791053128668150,1889,0,14,11,11,2,11,3,20
3,3996,3995,1791053128716261,1791053128717811,1550,0,15,16,16,6,17,7,60
3,3997,3996,1791053128766261,1791053128768508,2247,0,16,13,13,2,13,3,20
3,3998,3997,1791053128816261,1791053128818082,1821,0,17,11,11,1,11,2,10
3,3999,3998,1791053128866261,1791053128868498,2237,0,18,7,7,2,7,3,20
3,4000,3999,1791053128916261,1791053128917713,1452,0,19,10,10,1,10,2,10
3,4001,4000,1791053128966261,1791053128968446,2185,0,0,7,7,1,7,2,10
3,4002,4001,1791053129016261,1791053129018769,2508,0,1,13,13,5,13,3,20
3,4003,4002,1791053129066261,1791053129067966,1705,0,2,8,8,2,8,3,20
3,4004,4003,1791053129116261,1791053129117787,1526,0,3,8,8,2,9,3,20
3,4005,4004,1791053129166261,1791053129167912,1651,0,4,9,9,2,9,3,20
3,4006,4005,1791053129216261,1791053129217849,1588,0,5,9,9,3,9,4,30
3,4007,4006,1791053129266261,1791053129268076,1815,0,6,7,7,1,7,2,10
3,4008,4007,1791053129316261,1791053129317760,1499,0,7,11,11,3,11,3,20
3,4009,4008,1791053129366261,1791053129367948,1687,0,8,6,6,1,6,0,0
3,4010,4009,1791053129416261,1791053129417953,1692,0,9,12,12,3,12,4,20
3,4011,4010,1791053129466261,1791053129468167,1906,0,10,10,10,4,10,5,30
3,4012,4011,1791053129516261,1791053129517777,1516,0,11,12,12,4,13,5,40
3,4013,4012,1791053129566261,1791053129567773,1512,0,12,10,10,2,10,3,20
3,4014,4013,1791053129616261,1791053129617846,1585,0,13,10,10,3,10,4,30
3,4015,4014,1791053129666261,1791053129667829,1568,0,14,11,11,2,11,3,20
3,4016,4015,1791053129716261,1791053129717726,1465,0,15,16,16,6,16,7,60
3,4017,4016,1791053129766261,1791053129767964,1703,0,16,13,13,2,13,3,20
3,4018,4017,1791053129816261,1791053129817905,1644,0,17,11,11,1,11,2,10
3,4019,4018,1791053129866261,1791053129868125,1864,0,18,7,7,2,7,3,20
3,4020,4019,1791053129916261,1791053129918731,2470,0,19,10,10,1,11,2,10
3,4021,4020,1791053129966261,1791053129968516,2255,0,0,7,7,1,7,2,10
3,4022,4021,1791053130016261,1791053130018682,2421,0,1,13,13,5,13,3,20
3,4023,4022,1791053130066261,1791053130068699,2438,0,2,8,8,2,8,3,20
3,4024,4023,1791053130116261,1791053130118745,2484,0,3,8,8,2,9,4,21
3,4025,4024,1791053130166261,1791053130167848,1587,0,4,9,9,2,9,3,20
3,4026,4025,1791053130216261,1791053130217942,1681,0,5,9,9,3,9,4,30
3,4027,4026,1791053130266261,1791053130268073,1812,0,6,7,7,1,7,2,10
3,4028,4027,1791053130316261,1791053130318771,2510,0,7,11,11,3,12,3,20
3,4029,4028,1791053130366261,1791053130367908,1647,0,8,6,6,1,6,0,0
3,4030,4029,1791053130416261,1791053130417891,1630,0,9,12,12,3,12,3,20
3,4031,4030,1791053130466261,1791053130468411,2150,0,10,10,10,4,10,4,30
3,4032,4031,1791053130516261,1791053130517733,1472,0,11,12,12,4,13,6,41
3,4033,4032,1791053130566261,1791053130567950,1689,0,12,10,10,2,10,3,20
3,4034,4033,1791053130616261,1791053130618048,1787,0,13,10,10,3,10,4,30
3,4035,4034,1791053130666261,1791053130668280,2019,0,14,11,11,2,11,3,20
3,4036,4035,1791053130716261,1791053130717723,1462,0,15,16,16,6,16,7,60
3,4037,4036,1791053130766261,1791053130768060,1799,0,16,13,13,2,13,3,20
3,4038,4037,1791053130816261,1791053130818266,2005,0,17,11,11,1,11,2,10
3,4039,4038,1791053130866261,1791053130868383,2122,0,18,7,7,2,7,3,20
3,4040,4039,1791053130916261,1791053130918681,2420,0,19,10,10,1,11,3,11
3,4041,4040,1791053130966261,1791053130967948,1687,0,0,7,7,1,7,2,10
3,4042,4041,1791053131016261,1791053131017987,1726,0,1,13,13,5,13,3,20
3,4043,4042,1791053131066261,1791053131068041,1780,0,2,8,8,2,8,3,20
3,4044,4043,1791053131116261,1791053131117748,1487,0,3,8,8,2,9,3,20
3,4045,4044,1791053131166261,1791053131168034,1773,0,4,9,9,2,9,3,20
3,4046,4045,1791053131216261,1791053131218688,2427,0,5,9,9,3,9,4,30
3,4047,4046,1791053131266261,1791053131267741,1480,0,6,7,7,1,7,2,10
3,4048,4047,1791053131316261,1791053131317723,1462,0,7,11,11,3,12,5,21
3,4049,4048,1791053131366261,1791053131367946,1685,0,8,6,6,1,6,0,0
3,4050,4049,1791053131416261,1791053131418142,1881,0,9,12,12,3,12,3,20
3,4051,4050,1791053131466261,1791053131468510,2249,0,10,10,10,4,10,4,30
3,4052,4051,1791053131516261,1791053131517795,1534,0,11,12,12,4,12,5,40
3,4053,4052,1791053131566261,1791053131567886,1625,0,12,10,10,2,10,3,20
3,4054,4053,1791053131616261,1791053131618273,2012,0,13,10,10,3,10,4,30
3,4055,4054,1791053131666261,1791053131668423,2162,0,14,11,11,2,11,3,20
3,4056,4055,1791053131716261,1791053131717854,1593,0,15,16,16,6,17,8,61
3,4057,4056,1791053131766261,1791053131768082,1821,0,16,13,13,2,13,3,20
3,4058,4057,1791053131816261,1791053131818008,1747,0,17,11,11,1,11,2,10
3,4059,4058,1791053131866261,1791053131868657,2396,0,18,7,7,2,7,3,20
3,4060,4059,1791053131916261,1791053131917723,1462,0,19,10,10,1,10,2,10
3,4061,4060,1791053131966261,1791053131968535,2274,0,0,7,7,1,7,2,10
3,4062,4061,1791053132016261,1791053132018722,2461,0,1,13,13,5,13,3,20
3,4063,4062,1791053132066261,1791053132068642,2381,0,2,8,8,2,8,3,20
3,4064,4063,1791053132116261,1791053132118760,2499,0,3,8,8,2,9,4,21
3,4065,4064,1791053132166261,1791053132167779,1518,0,4,9,9,2,9,3,20
3,4066,4065,1791053132216261,1791053132217985,1724,0,5,9,9,3,9,4,30
3,4067,4066,1791053132266261,1791053132268330,2069,0,6,7,7,1,7,2,10
3,4068,4067,1791053132316261,1791053132317727,1466,0,7,11,11,3,11,4,20
3,4069,4068,1791053132366261,1791053132368686,2425,0,8,6,6,1,6,0,0
3,4070,4069,1791053132416261,1791053132418371,2110,0,9,12,12,3,12,3,20
3,4071,4070,1791053132466261,1791053132468712,2451,0,10,10,10,4,10,4,30
3,4072,4071,1791053132516261,1791053132517787,1526,0,11,12,12,4,13,6,41
3,4073,4072,1791053132566261,1791053132567850,1589,0,12,10,10,2,10,3,20
3,4074,4073,1791053132616261,1791053132617976,1715,0,13,10,10,3,10,4,30
3,4075,4074,1791053132666261,1791053132668018,1757,0,14,11,11,2,11,3,20
3,4076,4075,1791053132716261,1791053132717884,1623,0,15,16,16,6,17,7,60
3,4077,4076,1791053132766261,1791053132768180,1919,0,16,13,13,2,13,3,20
3,4078,4077,1791053132816261,1791053132818420,2159,0,17,11,11,1,11,2,10
3,4079,4078,1791053132866261,1791053132868126,1865,0,18,7,7,2,7,3,20
3,4080,4079,1791053132916261,1791053132917737,1476,0,19,10,10,1,10,2,10
3,4081,4080,1791053132966261,1791053132968758,2497,0,0,7,7,1,7,2,10
3,4082,4081,1791053133016261,1791053133017820,1559,0,1,13,13,5,13,3,20
3,4083,4082,1791053133066261,1791053133067818,1557,0,2,8,8,2,8,3,20
3,4084,4083,1791053133116261,1791053133118708,2447,0,3,8,8,2,9,3,20
3,4085,4084,1791053133166261,1791053133167971,1710,0,4,9,9,2,9,3,20
3,4086,4085,1791053133216261,1791053133218555,2294,0,5,9,9,3,9,4,30
3,4087,4086,1791053133266261,1791053133268546,2285,0,6,7,7,1,7,2,10
3,4088,4087,1791053133316261,1791053133317854,1593,0,7,11,11,3,12,4,21
3,4089,4088,1791053133366261,1791053133367999,1738,0,8,6,6,1,6,0,0
3,4090,4089,1791053133416261,1791053133418147,1886,0,9,12,12,3,12,3,20
3,4091,4090,1791053133466261,1791053133467809,1548,0,10,10,10,4,10,4,30
3,4092,4091,1791053133516261,1791053133517856,1595,0,11,12,12,4,13,5,40
3,4093,4092,1791053133566261,1791053133568173,1912,0,12,10,10,2,10,3,20
3,4094,4093,1791053133616261,1791053133618663,2402,0,13,10,10,3,10,4,30
3,4095,4094,1791053133666261,1791053133668024,1763,0,14,11,11,2,11,3,20
3,4096,4095,1791053133716261,1791053133717759,1498,0,15,16,16,6,16,7,60
3,4097,4096,1791053133766261,1791053133768596,2335,0,16,13,13,2,13,3,20
3,4098,4097,1791053133816261,1791053133818742,2481,0,17,11,11,1,11,2,10
3,4099,4098,1791053133866261,1791053133868005,1744,0,18,7,7,2,7,3,20
3,4100,4099,1791053133916261,1791053133917981,1720,0,19,10,10,1,11,2,10
3,4101,4100,1791053133966261,1791053133968254,1993,0,0,7,7,1,7,2,10
3,4102,4101,1791053134016261,1791053134018253,1992,0,1,13,13,5,13,3,20
3,4103,4102,1791053134066261,1791053134068151,1890,0,2,8,8,2,8,3,20
3,4104,4103,1791053134116261,1791053134117715,1454,0,3,8,8,2,8,3,20
3,4105,4104,1791053134166261,1791053134167833,1572,0,4,9,9,2,9,3,20
3,4106,4105,1791053134216261,1791053134218116,1855,0,5,9,9,3,9,4,30
3,4107,4106,1791053134266261,1791053134268052,1791,0,6,7,7,1,7,2,10
3,4108,4107,1791053134316261,1791053134317755,1494,0,7,11,11,3,12,3,20
3,4109,4108,1791053134366261,1791053134368778,2517,0,8,6,6,1,6,0,0
3,4110,4109,1791053134416261,1791053134418681,2420,0,9,12,12,3,12,3,20
3,4111,4110,1791053134466261,1791053134467778,1517,0,10,10,10,4,10,4,30
3,4112,4111,1791053134516261,1791053134517724,1463,0,11,12,12,4,12,5,40
3,4113,4112,1791053134566261,1791053134568515,2254,0,12,10,10,2,10,3,20
3,4114,4113,1791053134616261,1791053134618195,1934,0,13,10,10,3,10,4,30
3,4115,4114,1791053134666261,1791053134668180,1919,0,14,11,11,2,11,3,20
3,4116,4115,1791053134716261,1791053134717838,1577,0,15,16,16,6,17,7,60
3,4117,4116,1791053134766261,1791053134768105,1844,0,16,13,13,2,13,3,20
3,4118,4117,1791053134816261,1791053134818236,1975,0,17,11,11,1,11,2,10
3,4119,4118,1791053134866261,1791053134868636,2375,0,18,7,7,2,7,3,20
3,4120,4119,1791053134916261,1791053134917810,1549,0,19,10,10,1,10,2,10
3,4121,4120,1791053134966261,1791053134967900,1639,0,0,7,7,1,7,2,10
3,4122,4121,1791053135016261,1791053135018623,2362,0,1,13,13,5,13,3,20
3,4123,4122,1791053135066261,1791053135068103,1842,0,2,8,8,2,8,3,20
3,4124,4123,1791053135116261,1791053135118690,2429,0,3,8,8,2,9,3,20
3,4125,4124,1791053135166261,1791053135168783,2522,0,4,9,9,2,9,3,20
3,4126,4125,1791053135216261,1791053135217858,1597,0,5,9,9,3,9,4,30
3,4127,4126,1791053135266261,1791053135268112,1851,0,6,7,7,1,7,2,10
3,4128,4127,1791053135316261,1791053135317719,1458,0,7,11,11,3,12,4,21
3,4129,4128,1791053135366261,1791053135368764,2503,0,8,6,6,1,6,0,0
3,4130,4129,1791053135416261,1791053135418699,2438,0,9,12,12,3,12,3,20
3,4131,4130,1791053135466261,1791053135467903,1642,0,10,10,10,4,10,4,30
3,4132,4131,1791053135516261,1791053135517716,1455,0,11,12,12,4,12,5,40
3,4133,4132,1791053135566261,1791053135567853,1592,0,12,10,10,2,10,3,20
3,4134,4133,1791053135616261,1791053135618721,2460,0,13,10,10,3,10,4,30
3,4135,4134,1791053135666261,1791053135667906,1645,0,14,11,11,2,11,3,20
3,4136,4135,1791053135716261,1791053135717717,1456,0,15,16,16,6,17,8,61
3,4137,4136,1791053135766261,1791053135767847,1586,0,16,13,13,2,13,3,20
3,4138,4137,1791053135816261,1791053135818084,1823,0,17,11,11,1,11,2,10
3,4139,4138,1791053135866261,1791053135868057,1796,0,18,7,7,2,7,3,20
3,4140,4139,1791053135916261,1791053135917738,1477,0,19,10,10,1,10,2,10
3,4141,4140,1791053135966261,1791053135968492,2231,0,0,7,7,1,7,2,10
3,4142,4141,1791053136016261,1791053136018450,2189,0,1,13,13,5,13,4,20
3,4143,4142,1791053136066261,1791053136067805,1544,0,2,8,8,2,8,3,20
3,4144,4143,1791053136116261,1791053136117815,1554,0,3,8,8,2,9,4,21
3,4145,4144,1791053136166261,1791053136168150,1889,0,4,9,9,2,9,3,20
3,4146,4145,1791053136216261,1791053136218466,2205,0,5,9,9,3,9,4,30
3,4147,4146,1791053136266261,1791053136268727,2466,0,6,7,7,1,7,2,10
3,4148,4147,1791053136316261,1791053136317753,1492,0,7,11,11,3,11,3,20
3,4149,4148,1791053136366261,1791053136368625,2364,0,8,6,6,1,6,0,0
3,4150,4149,1791053136416261,1791053136418641,2380,0,9,12,12,3,12,3,20
3,4151,4150,1791053136466261,1791053136468632,2371,0,10,10,10,4,10,4,30
3,4152,4151,1791053136516261,1791053136517873,1612,0,11,12,12,4,13,6,41
3,4153,4152,1791053136566261,1791053136567863,1602,0,12,10,10,2,10,3,20
3,4154,4153,1791053136616261,1791053136617820,1559,0,13,10,10,3,10,4,30
3,4155,4154,1791053136666261,1791053136668260,1999,0,14,11,11,2,11,3,20
3,4156,4155,1791053136716261,1791053136717738,1477,0,15,16,16,6,16,8,60
3,4157,4156,1791053136766261,1791053136768034,1773,0,16,13,13,2,13,3,20
3,4158,4157,1791053136816261,1791053136818053,1792,0,17,11,11,1,11,2,10
3,4159,4158,1791053136866261,1791053136868385,2124,0,18,7,7,2,7,3,20
3,4160,4159,1791053136916261,1791053136917870,1609,0,19,10,10,1,11,3,11
3,4161,4160,1791053136966261,1791053136968726,2465,0,0,7,7,1,7,2,10
3,4162,4161,1791053137016261,1791053137018488,2227,0,1,13,13,5,13,3,20
3,4163,4162,1791053137066261,1791053137068635,2374,0,2,8,8,2,8,3,20
3,4164,4163,1791053137116261,1791053137118762,2501,0,3,8,8,2,8,3,20
3,4165,4164,1791053137166261,1791053137168415,2154,0,4,9,9,2,9,3,20
3,4166,4165,1791053137216261,1791053137218543,2282,0,5,9,9,3,9,4,30
3,4167,4166,1791053137266261,1791053137268572,2311,0,6,7,7,1,7,2,10
3,4168,4167,1791053137316261,1791053137317910,1649,0,7,11,11,3,12,4,21
3,4169,4168,1791053137366261,1791053137368290,2029,0,8,6,6,1,6,0,0
3,4170,4169,1791053137416261,1791053137418527,2266,0,9,12,12,3,12,3,20
3,4171,4170,1791053137466261,1791053137468730,2469,0,10,10,10,4,10,4,30
3,4172,4171,1791053137516261,1791053137517724,1463,0,11,12,12,4,12,5,40
3,4173,4172,1791053137566261,1791053137568726,2465,0,12,10,10,2,10,3,20
3,4174,4173,1791053137616261,1791053137617751,1490,0,13,10,10,3,10,4,30
3,4175,4174,1791053137666261,1791053137667946,1685,0,14,11,11,2,11,3,20
3,4176,4175,1791053137716261,1791053137718606,2345,0,15,16,16,6,16,8,61
3,4177,4176,1791053137766261,1791053137768751,2490,0,16,13,13,2,13,3,20
3,4178,4177,1791053137816261,1791053137817968,1707,0,17,11,11,1,11,2,10
3,4179,4178,1791053137866261,1791053137867709,1448,0,18,7,7,2,7,3,20
3,4180,4179,1791053137916261,1791053137918623,2362,0,19,10,10,1,11,2,10
3,4181,4180,1791053137966261,1791053137968393,2132,0,0,7,7,1,7,2,10
3,4182,4181,1791053138016261,1791053138018388,2127,0,1,13,13,5,13,3,20
3,4183,4182,1791053138066261,1791053138068612,2351,0,2,8,8,2,8,3,20
3,4184,4183,1791053138116261,1791053138117739,1478,0,3,8,8,2,8,3,20
3,4185,4184,1791053138166261,1791053138168689,2428,0,4,9,9,2,9,3,20
3,4186,4185,1791053138216261,1791053138217895,1634,0,5,9,9,3,9,4,30
3,4187,4186,1791053138266261,1791053138267918,1657,0,6,7,7,1,7,2,10
3,4188,4187,1791053138316261,1791053138318720,2459,0,7,11,11,3,12,3,20
3,4189,4188,1791053138366261,1791053138368564,2303,0,8,6,6,1,6,0,0
3,4190,4189,1791053138416261,1791053138418512,2251,0,9,12,12,3,12,3,20
3,4191,4190,1791053138466261,1791053138467859,1598,0,10,10,10,4,10,4,30
3,4192,4191,1791053138516261,1791053138517844,1583,0,11,12,12,4,13,6,41
3,4193,4192,1791053138566261,1791053138567862,1601,0,12,10,10,2,10,3,20
3,4194,4193,1791053138616261,1791053138618523,2262,0,13,10,10,3,10,4,30
3,4195,4194,1791053138666261,1791053138668807,2546,0,14,11,11,2,11,3,20
3,4196,4195,1791053138716261,1791053138717763,1502,0,15,16,16,7,17,8,70
3,4197,4196,1791053138766261,1791053138767797,1536,0,16,13,13,2,13,3,20
3,4198,4197,1791053138816261,1791053138818038,1777,0,17,11,11,1,11,2,10
3,4199,4198,1791053138866261,1791053138868216,1955,0,18,7,7,2,7,3,20
3,4200,4199,1791053138916261,1791053138918275,2014,0,19,10,10,1,10,2,10
