run_id,slot,tick,intended_us,invoked_us,lateness_us,skipped,bucket,actor_steps,actor_updates,policy_evaluations,orders_submitted,orders_filled,matched_shares
1,1,0,1791052506728517,1791052506730075,1558,0,0,7,7,7,7,5,12
1,2,1,1791052506778517,1791052506779965,1448,0,1,13,13,13,13,13,60
1,3,2,1791052506828517,1791052506829847,1330,0,2,8,8,8,7,4,12
1,4,3,1791052506878517,1791052506880044,1527,0,3,8,8,8,6,4,19
1,5,4,1791052506928517,1791052506929807,1290,0,4,9,9,9,9,4,20
1,6,5,1791052506978517,1791052506980197,1680,0,5,9,9,9,9,6,30
1,7,6,1791052507028517,1791052507030487,1970,0,6,7,7,7,7,5,20
1,8,7,1791052507078517,1791052507080370,1853,0,7,11,11,11,10,9,36
1,9,8,1791052507128517,1791052507130734,2217,0,8,6,6,6,5,3,8
1,10,9,1791052507178517,1791052507180203,1686,0,9,12,12,12,12,4,17
1,11,10,1791052507228517,1791052507230554,2037,0,10,10,10,10,10,8,40
1,12,11,1791052507278517,1791052507279965,1448,0,11,12,12,12,9,8,37
1,13,12,1791052507328517,1791052507330297,1780,0,12,10,10,10,8,4,12
1,14,13,1791052507378517,1791052507380507,1990,0,13,10,10,10,10,10,45
1,15,14,1791052507428517,1791052507430563,2046,0,14,11,11,11,8,6,24
1,16,15,1791052507478517,1791052507480288,1771,0,15,16,16,16,15,11,32
1,17,16,1791052507528517,1791052507530638,2121,0,16,13,13,13,12,7,26
1,18,17,1791052507578517,1791052507580289,1772,0,17,11,11,11,11,4,15
1,19,18,1791052507628517,1791052507630055,1538,0,18,7,7,7,6,4,20
1,20,19,1791052507678517,1791052507680040,1523,0,19,10,10,10,9,4,13
1,21,20,1791052507728517,1791052507730620,2103,0,0,7,7,7,6,4,14
1,22,21,1791052507778517,1791052507780261,1744,0,1,13,13,13,13,12,60
1,23,22,1791052507828517,1791052507829845,1328,0,2,8,8,8,6,3,10
1,24,23,1791052507878517,1791052507880275,1758,0,3,8,8,8,9,6,21
1,25,24,1791052507928517,1791052507930050,1533,0,4,9,9,9,9,6,26
1,26,25,1791052507978517,1791052507980377,1860,0,5,9,9,9,9,8,37
1,27,26,1791052508028517,1791052508029989,1472,0,6,7,7,7,6,2,10
1,28,27,1791052508078517,1791052508080244,1727,0,7,11,11,11,11,8,39
1,29,28,1791052508128517,1791052508130370,1853,0,8,6,6,6,6,4,16
1,30,29,1791052508178517,1791052508180172,1655,0,9,12,12,12,11,4,20
1,31,30,1791052508228517,1791052508230089,1572,0,10,10,10,10,10,8,40
1,32,31,1791052508278517,1791052508280320,1803,0,11,12,12,12,10,8,35
1,33,32,1791052508328517,1791052508330466,1949,0,12,10,10,10,10,7,23
1,34,33,1791052508378517,1791052508380724,2207,0,13,10,10,10,9,6,30
1,35,34,1791052508428517,1791052508430671,2154,0,14,11,11,11,11,6,28
1,36,35,1791052508478517,1791052508480253,1736,0,15,16,16,16,17,14,63
1,37,36,1791052508528517,1791052508530645,2128,0,16,13,13,13,12,8,31
1,38,37,1791052508578517,1791052508580103,1586,0,17,11,11,11,11,6,21
1,39,38,1791052508628517,1791052508630792,2275,0,18,7,7,7,7,6,21
1,40,39,1791052508678517,1791052508680225,1708,0,19,10,10,10,10,7,29
1,41,40,1791052508728517,1791052508730358,1841,0,0,7,7,7,6,4,20
1,42,41,1791052508778517,1791052508780769,2252,0,1,13,13,13,10,8,39
1,43,42,1791052508828517,1791052508830728,2211,0,2,8,8,8,7,6,23
1,44,43,1791052508878517,1791052508880192,1675,0,3,8,8,8,9,5,15
1,45,44,1791052508928517,1791052508929964,1447,0,4,9,9,9,8,4,20
1,46,45,1791052508978517,1791052508980652,2135,0,5,9,9,9,9,8,37
1,47,46,1791052509028517,1791052509030219,1702,0,6,7,7,7,6,2,4
1,48,47,1791052509078517,1791052509079965,1448,0,7,11,11,11,11,8,40
1,49,48,1791052509128517,1791052509130749,2232,0,8,6,6,6,4,0,0
1,50,49,1791052509178517,1791052509180281,1764,0,9,12,12,12,12,4,20
1,51,50,1791052509228517,1791052509229914,1397,0,10,10,10,10,9,8,40
1,52,51,1791052509278517,1791052509279828,1311,0,11,12,12,12,11,8,33
1,53,52,1791052509328517,1791052509330477,1960,0,12,10,10,10,9,6,30
1,54,53,1791052509378517,1791052509380125,1608,0,13,10,10,10,10,9,32
1,55,54,1791052509428517,1791052509429807,1290,0,14,11,11,11,10,10,36
1,56,55,1791052509478517,1791052509480105,1588,0,15,16,16,16,14,11,41
1,57,56,1791052509528517,1791052509530747,2230,0,16,13,13,13,10,7,30
1,58,57,1791052509578517,1791052509579806,1289,0,17,11,11,11,10,4,13
1,59,58,1791052509628517,1791052509630676,2159,0,18,7,7,7,7,6,23
1,60,59,1791052509678517,1791052509680351,1834,0,19,10,10,10,11,5,17
1,61,60,1791052509728517,1791052509730284,1767,0,0,7,7,7,6,2,10
1,62,61,1791052509778517,1791052509780798,2281,0,1,13,13,13,13,12,60
1,63,62,1791052509828517,1791052509830071,1554,0,2,8,8,8,8,6,26
1,64,63,1791052509878517,1791052509880044,1527,0,3,8,8,8,8,8,32
1,65,64,1791052509928517,1791052509930568,2051,0,4,9,9,9,8,8,34
1,66,65,1791052509978517,1791052509980480,1963,0,5,9,9,9,9,8,37
1,67,66,1791052510028517,1791052510030076,1559,0,6,7,7,7,6,2,10
1,68,67,1791052510078517,1791052510080140,1623,0,7,11,11,11,11,7,30
1,69,68,1791052510128517,1791052510130730,2213,0,8,6,6,6,6,4,16
1,70,69,1791052510178517,1791052510180107,1590,0,9,12,12,12,10,4,20
1,71,70,1791052510228517,1791052510230370,1853,0,10,10,10,10,9,8,40
1,72,71,1791052510278517,1791052510279982,1465,0,11,12,12,12,10,10,47
1,73,72,1791052510328517,1791052510330507,1990,0,12,10,10,10,8,7,27
1,74,73,1791052510378517,1791052510380800,2283,0,13,10,10,10,9,5,11
1,75,74,1791052510428517,1791052510430440,1923,0,14,11,11,11,11,6,28
1,76,75,1791052510478517,1791052510480260,1743,0,15,16,16,16,16,12,60
1,77,76,1791052510528517,1791052510530540,2023,0,16,13,13,13,12,6,30
1,78,77,1791052510578517,1791052510579774,1257,0,17,11,11,11,9,2,9
1,79,78,1791052510628517,1791052510630318,1801,0,18,7,7,7,7,6,30
1,80,79,1791052510678517,1791052510680037,1520,0,19,10,10,10,8,4,16
1,81,80,1791052510728517,1791052510730770,2253,0,0,7,7,7,5,2,10
1,82,81,1791052510778517,1791052510780367,1850,0,1,13,13,13,13,10,50
1,83,82,1791052510828517,1791052510830635,2118,0,2,8,8,8,7,4,20
1,84,83,1791052510878517,1791052510880180,1663,0,3,8,8,8,9,4,20
1,85,84,1791052510928517,1791052510930694,2177,0,4,9,9,9,9,6,25
1,86,85,1791052510978517,1791052510980240,1723,0,5,9,9,9,9,8,33
1,87,86,1791052511028517,1791052511030520,2003,0,6,7,7,7,7,4,14
1,88,87,1791052511078517,1791052511079994,1477,0,7,11,11,11,10,8,40
1,89,88,1791052511128517,1791052511130137,1620,0,8,6,6,6,4,2,5
1,90,89,1791052511178517,1791052511180420,1903,0,9,12,12,12,10,4,20
1,91,90,1791052511228517,1791052511230600,2083,0,10,10,10,10,10,10,41
1,92,91,1791052511278517,1791052511280052,1535,0,11,12,12,12,12,10,50
1,93,92,1791052511328517,1791052511330647,2130,0,12,10,10,10,8,6,29
1,94,93,1791052511378517,1791052511380515,1998,0,13,10,10,10,7,2,9
1,95,94,1791052511428517,1791052511430348,1831,0,14,11,11,11,11,6,30
1,96,95,1791052511478517,1791052511480182,1665,0,15,16,16,16,17,16,68
1,97,96,1791052511528517,1791052511529850,1333,0,16,13,13,13,12,6,30
1,98,97,1791052511578517,1791052511579823,1306,0,17,11,11,11,11,8,39
1,99,98,1791052511628517,1791052511630064,1547,0,18,7,7,7,7,6,29
1,100,99,1791052511678517,1791052511680256,1739,0,19,10,10,10,10,5,15
1,101,100,1791052511728517,1791052511730666,2149,0,0,7,7,7,6,2,10
1,102,101,1791052511778517,1791052511779999,1482,0,1,13,13,13,11,10,50
1,103,102,1791052511828517,1791052511830150,1633,0,2,8,8,8,8,6,28
1,104,103,1791052511878517,1791052511879973,1456,0,3,8,8,8,7,5,20
1,105,104,1791052511928517,1791052511930329,1812,0,4,9,9,9,7,6,30
1,106,105,1791052511978517,1791052511979834,1317,0,5,9,9,9,8,6,29
1,107,106,1791052512028517,1791052512030454,1937,0,6,7,7,7,7,4,15
1,108,107,1791052512078517,1791052512080205,1688,0,7,11,11,11,12,8,40
1,109,108,1791052512128517,1791052512130412,1895,0,8,6,6,6,4,2,4
1,110,109,1791052512178517,1791052512180620,2103,0,9,12,12,12,12,8,40
1,111,110,1791052512228517,1791052512229872,1355,0,10,10,10,10,10,8,40
1,112,111,1791052512278517,1791052512280088,1571,0,11,12,12,12,12,12,58
1,113,112,1791052512328517,1791052512330039,1522,0,12,10,10,10,10,6,24
1,114,113,1791052512378517,1791052512380074,1557,0,13,10,10,10,8,4,20
1,115,114,1791052512428517,1791052512430604,2087,0,14,11,11,11,10,6,30
1,116,115,1791052512478517,1791052512479847,1330,0,15,16,16,16,17,14,70
1,117,116,1791052512528517,1791052512530331,1814,0,16,13,13,13,12,7,29
1,118,117,1791052512578517,1791052512579834,1317,0,17,11,11,11,11,9,39
1,119,118,1791052512628517,1791052512630054,1537,0,18,7,7,7,7,6,30
1,120,119,1791052512678517,1791052512679834,1317,0,19,10,10,10,9,4,11
1,121,120,1791052512728517,1791052512730182,1665,0,0,7,7,7,6,2,10
1,122,121,1791052512778517,1791052512779939,1422,0,1,13,13,13,12,8,40
1,123,122,1791052512828517,1791052512830754,2237,0,2,8,8,8,8,6,26
1,124,123,1791052512878517,1791052512880224,1707,0,3,8,8,8,8,6,30
1,125,124,1791052512928517,1791052512930714,2197,0,4,9,9,9,8,8,40
1,126,125,1791052512978517,1791052512979992,1475,0,5,9,9,9,9,8,37
1,127,126,1791052513028517,1791052513029965,1448,0,6,7,7,7,7,2,10
1,128,127,1791052513078517,1791052513079983,1466,0,7,11,11,11,11,8,33
1,129,128,1791052513128517,1791052513130324,1807,0,8,6,6,6,5,4,17
1,130,129,1791052513178517,1791052513180564,2047,0,9,12,12,12,11,11,48
1,131,130,1791052513228517,1791052513230518,2001,0,10,10,10,10,8,6,28
1,132,131,1791052513278517,1791052513280118,1601,0,11,12,12,12,13,12,55
1,133,132,1791052513328517,1791052513330196,1679,0,12,10,10,10,10,6,28
1,134,133,1791052513378517,1791052513380317,1800,0,13,10,10,10,8,4,20
1,135,134,1791052513428517,1791052513430507,1990,0,14,11,11,11,10,6,30
1,136,135,1791052513478517,1791052513479997,1480,0,15,16,16,16,15,14,70
1,137,136,1791052513528517,1791052513529992,1475,0,16,13,13,13,12,8,36
1,138,137,1791052513578517,1791052513580190,1673,0,17,11,11,11,10,10,42
1,139,138,1791052513628517,1791052513630587,2070,0,18,7,7,7,6,4,20
1,140,139,1791052513678517,1791052513680169,1652,0,19,10,10,10,9,5,17
1,141,140,1791052513728517,1791052513730231,1714,0,0,7,7,7,6,2,10
1,142,141,1791052513778517,1791052513780485,1968,0,1,13,13,13,12,10,50
1,143,142,1791052513828517,1791052513830560,2043,0,2,8,8,8,8,6,30
1,144,143,1791052513878517,1791052513879931,1414,0,3,8,8,8,7,6,30
1,145,144,1791052513928517,1791052513929937,1420,0,4,9,9,9,9,8,40
1,146,145,1791052513978517,1791052513980061,1544,0,5,9,9,9,7,4,11
1,147,146,1791052514028517,1791052514030075,1558,0,6,7,7,7,7,7,30
1,148,147,1791052514078517,1791052514080118,1601,0,7,11,11,11,11,8,39
1,149,148,1791052514128517,1791052514130142,1625,0,8,6,6,6,5,2,7
1,150,149,1791052514178517,1791052514180360,1843,0,9,12,12,12,12,8,40
1,151,150,1791052514228517,1791052514230564,2047,0,10,10,10,10,9,8,32
1,152,151,1791052514278517,1791052514280159,1642,0,11,12,12,12,13,13,59
1,153,152,1791052514328517,1791052514330187,1670,0,12,10,10,10,8,4,20
1,154,153,1791052514378517,1791052514379758,1241,0,13,10,10,10,10,7,27
1,155,154,1791052514428517,1791052514430687,2170,0,14,11,11,11,9,9,40
1,156,155,1791052514478517,1791052514480183,1666,0,15,16,16,16,15,12,60
1,157,156,1791052514528517,1791052514530565,2048,0,16,13,13,13,13,9,32
1,158,157,1791052514578517,1791052514579990,1473,0,17,11,11,11,10,8,37
1,159,158,1791052514628517,1791052514630213,1696,0,18,7,7,7,7,6,30
1,160,159,1791052514678517,1791052514680093,1576,0,19,10,10,10,9,6,25
1,161,160,1791052514728517,1791052514729996,1479,0,0,7,7,7,7,4,20
1,162,161,1791052514778517,1791052514780287,1770,0,1,13,13,13,13,10,48
1,163,162,1791052514828517,1791052514830497,1980,0,2,8,8,8,8,6,30
1,164,163,1791052514878517,1791052514879985,1468,0,3,8,8,8,9,7,26
1,165,164,1791052514928517,1791052514929982,1465,0,4,9,9,9,9,8,40
1,166,165,1791052514978517,1791052514980794,2277,0,5,9,9,9,9,7,26
1,167,166,1791052515028517,1791052515030075,1558,0,6,7,7,7,7,2,10
1,168,167,1791052515078517,1791052515080054,1537,0,7,11,11,11,12,10,41
1,169,168,1791052515128517,1791052515130399,1882,0,8,6,6,6,3,0,0
1,170,169,1791052515178517,1791052515179850,1333,0,9,12,12,12,11,6,25
1,171,170,1791052515228517,1791052515229886,1369,0,10,10,10,10,10,10,44
1,172,171,1791052515278517,1791052515279964,1447,0,11,12,12,12,12,12,52
1,173,172,1791052515328517,1791052515330092,1575,0,12,10,10,10,10,6,30
1,174,173,1791052515378517,1791052515380711,2194,0,13,10,10,10,9,4,20
1,175,174,1791052515428517,1791052515429956,1439,0,14,11,11,11,11,6,26
1,176,175,1791052515478517,1791052515480087,1570,0,15,16,16,16,17,17,74
1,177,176,1791052515528517,1791052515530101,1584,0,16,13,13,13,13,6,30
1,178,177,1791052515578517,1791052515580423,1906,0,17,11,11,11,11,9,36
1,179,178,1791052515628517,1791052515630498,1981,0,18,7,7,7,7,6,22
1,180,179,1791052515678517,1791052515680049,1532,0,19,10,10,10,8,6,21
1,181,180,1791052515728517,1791052515730470,1953,0,0,7,7,7,5,4,19
1,182,181,1791052515778517,1791052515779871,1354,0,1,13,13,13,12,10,50
1,183,182,1791052515828517,1791052515830499,1982,0,2,8,8,8,8,6,22
1,184,183,1791052515878517,1791052515880055,1538,0,3,8,8,8,8,6,21
1,185,184,1791052515928517,1791052515930662,2145,0,4,9,9,9,9,8,35
1,186,185,1791052515978517,1791052515980131,1614,0,5,9,9,9,9,6,26
1,187,186,1791052516028517,1791052516030680,2163,0,6,7,7,7,6,4,16
1,188,187,1791052516078517,1791052516079998,1481,0,7,11,11,11,11,8,40
1,189,188,1791052516128517,1791052516130236,1719,0,8,6,6,6,3,2,6
1,190,189,1791052516178517,1791052516180395,1878,0,9,12,12,12,12,10,46
1,191,190,1791052516228517,1791052516230699,2182,0,10,10,10,10,10,8,40
1,192,191,1791052516278517,1791052516280202,1685,0,11,12,12,12,13,13,60
1,193,192,1791052516328517,1791052516329961,1444,0,12,10,10,10,9,6,23
1,194,193,1791052516378517,1791052516379841,1324,0,13,10,10,10,9,7,25
1,195,194,1791052516428517,1791052516429894,1377,0,14,11,11,11,10,8,32
1,196,195,1791052516478517,1791052516480062,1545,0,15,16,16,16,15,14,70
1,197,196,1791052516528517,1791052516530169,1652,0,16,13,13,13,12,8,35
1,198,197,1791052516578517,1791052516580410,1893,0,17,11,11,11,10,8,40
1,199,198,1791052516628517,1791052516630632,2115,0,18,7,7,7,7,6,29
1,200,199,1791052516678517,1791052516679954,1437,0,19,10,10,10,8,5,19
1,201,200,1791052516728517,1791052516729733,1216,0,0,7,7,7,6,4,20
1,202,201,1791052516778517,1791052516780389,1872,0,1,13,13,13,12,10,49
1,203,202,1791052516828517,1791052516830202,1685,0,2,8,8,8,8,6,30
1,204,203,1791052516878517,1791052516880100,1583,0,3,8,8,8,9,8,33
1,205,204,1791052516928517,1791052516930307,1790,0,4,9,9,9,9,8,36
1,206,205,1791052516978517,1791052516980472,1955,0,5,9,9,9,6,4,15
1,207,206,1791052517028517,1791052517029833,1316,0,6,7,7,7,7,2,10
1,208,207,1791052517078517,1791052517079981,1464,0,7,11,11,11,10,8,40
1,209,208,1791052517128517,1791052517130028,1511,0,8,6,6,6,6,2,9
1,210,209,1791052517178517,1791052517180075,1558,0,9,12,12,12,12,6,27
1,211,210,1791052517228517,1791052517230714,2197,0,10,10,10,10,10,10,46
1,212,211,1791052517278517,1791052517279858,1341,0,11,12,12,12,12,10,43
1,213,212,1791052517328517,1791052517330766,2249,0,12,10,10,10,9,6,23
1,214,213,1791052517378517,1791052517379995,1478,0,13,10,10,10,10,8,34
1,215,214,1791052517428517,1791052517430377,1860,0,14,11,11,11,5,4,20
1,216,215,1791052517478517,1791052517479958,1441,0,15,16,16,16,16,13,56
1,217,216,1791052517528517,1791052517529978,1461,0,16,13,13,13,12,7,24
1,218,217,1791052517578517,1791052517580092,1575,0,17,11,11,11,11,5,16
1,219,218,1791052517628517,1791052517630113,1596,0,18,7,7,7,7,7,28
1,220,219,1791052517678517,1791052517680067,1550,0,19,10,10,10,10,4,14
1,221,220,1791052517728517,1791052517729967,1450,0,0,7,7,7,7,2,10
1,222,221,1791052517778517,1791052517780114,1597,0,1,13,13,13,11,10,48
1,223,222,1791052517828517,1791052517830516,1999,0,2,8,8,8,8,6,30
1,224,223,1791052517878517,1791052517880046,1529,0,3,8,8,8,6,4,13
1,225,224,1791052517928517,1791052517930285,1768,0,4,9,9,9,9,7,30
1,226,225,1791052517978517,1791052517980391,1874,0,5,9,9,9,7,6,30
1,227,226,1791052518028517,1791052518030424,1907,0,6,7,7,7,7,2,7
1,228,227,1791052518078517,1791052518079852,1335,0,7,11,11,11,11,6,30
1,229,228,1791052518128517,1791052518129965,1448,0,8,6,6,6,5,2,5
1,230,229,1791052518178517,1791052518180015,1498,0,9,12,12,12,11,6,30
1,231,230,1791052518228517,1791052518230265,1748,0,10,10,10,10,10,10,49
1,232,231,1791052518278517,1791052518279838,1321,0,11,12,12,12,11,10,46
1,233,232,1791052518328517,1791052518330175,1658,0,12,10,10,10,10,6,27
1,234,233,1791052518378517,1791052518380586,2069,0,13,10,10,10,8,6,29
1,235,234,1791052518428517,1791052518430172,1655,0,14,11,11,11,10,9,40
1,236,235,1791052518478517,1791052518480026,1509,0,15,16,16,16,17,12,60
1,237,236,1791052518528517,1791052518530146,1629,0,16,13,13,13,9,6,26
1,238,237,1791052518578517,1791052518580398,1881,0,17,11,11,11,11,7,25
1,239,238,1791052518628517,1791052518630390,1873,0,18,7,7,7,7,6,30
1,240,239,1791052518678517,1791052518679967,1450,0,19,10,10,10,7,4,14
1,241,240,1791052518728517,1791052518730159,1642,0,0,7,7,7,7,2,10
1,242,241,1791052518778517,1791052518780140,1623,0,1,13,13,13,13,12,58
1,243,242,1791052518828517,1791052518829950,1433,0,2,8,8,8,7,4,20
1,244,243,1791052518878517,1791052518879826,1309,0,3,8,8,8,8,4,20
1,245,244,1791052518928517,1791052518930513,1996,0,4,9,9,9,9,7,29
1,246,245,1791052518978517,1791052518979809,1292,0,5,9,9,9,8,6,30
1,247,246,1791052519028517,1791052519030454,1937,0,6,7,7,7,7,2,10
1,248,247,1791052519078517,1791052519080017,1500,0,7,11,11,11,11,8,35
1,249,248,1791052519128517,1791052519130743,2226,0,8,6,6,6,6,4,17
1,250,249,1791052519178517,1791052519180662,2145,0,9,12,12,12,11,8,37
1,251,250,1791052519228517,1791052519229783,1266,0,10,10,10,10,10,10,42
1,252,251,1791052519278517,1791052519280117,1600,0,11,12,12,12,12,10,50
1,253,252,1791052519328517,1791052519330574,2057,0,12,10,10,10,8,8,32
1,254,253,1791052519378517,1791052519379991,1474,0,13,10,10,10,10,6,21
1,255,254,1791052519428517,1791052519430751,2234,0,14,11,11,11,11,6,30
1,256,255,1791052519478517,1791052519480074,1557,0,15,16,16,16,15,15,66
1,257,256,1791052519528517,1791052519529941,1424,0,16,13,13,13,12,6,30
1,258,257,1791052519578517,1791052519580177,1660,0,17,11,11,11,10,6,23
1,259,258,1791052519628517,1791052519630087,1570,0,18,7,7,7,7,6,25
1,260,259,1791052519678517,1791052519680010,1493,0,19,10,10,10,9,6,30
1,261,260,1791052519728517,1791052519730257,1740,0,0,7,7,7,7,6,23
1,262,261,1791052519778517,1791052519780196,1679,0,1,13,13,13,11,8,40
1,263,262,1791052519828517,1791052519830700,2183,0,2,8,8,8,8,6,30
1,264,263,1791052519878517,1791052519879872,1355,0,3,8,8,8,8,6,21
1,265,264,1791052519928517,1791052519930209,1692,0,4,9,9,9,8,8,33
1,266,265,1791052519978517,1791052519980325,1808,0,5,9,9,9,8,6,27
1,267,266,1791052520028517,1791052520029946,1429,0,6,7,7,7,6,2,10
1,268,267,1791052520078517,1791052520079943,1426,0,7,11,11,11,10,8,39
1,269,268,1791052520128517,1791052520130577,2060,0,8,6,6,6,4,0,0
1,270,269,1791052520178517,1791052520180643,2126,0,9,12,12,12,12,4,20
1,271,270,1791052520228517,1791052520230110,1593,0,10,10,10,10,10,10,43
1,272,271,1791052520278517,1791052520279867,1350,0,11,12,12,12,12,11,45
1,273,272,1791052520328517,1791052520330039,1522,0,12,10,10,10,8,7,30
1,274,273,1791052520378517,1791052520380771,2254,0,13,10,10,10,9,8,36
1,275,274,1791052520428517,1791052520430337,1820,0,14,11,11,11,10,8,32
1,276,275,1791052520478517,1791052520480263,1746,0,15,16,16,16,15,12,49
1,277,276,1791052520528517,1791052520529972,1455,0,16,13,13,13,11,6,18
1,278,277,1791052520578517,1791052520580505,1988,0,17,11,11,11,11,4,20
1,279,278,1791052520628517,1791052520630043,1526,0,18,7,7,7,5,4,20
1,280,279,1791052520678517,1791052520679983,1466,0,19,10,10,10,9,8,30
1,281,280,1791052520728517,1791052520730603,2086,0,0,7,7,7,6,4,20
1,282,281,1791052520778517,1791052520780696,2179,0,1,13,13,13,10,8,40
1,283,282,1791052520828517,1791052520830195,1678,0,2,8,8,8,8,6,25
1,284,283,1791052520878517,1791052520880177,1660,0,3,8,8,8,7,2,10
1,285,284,1791052520928517,1791052520930463,1946,0,4,9,9,9,9,6,30
1,286,285,1791052520978517,1791052520980765,2248,0,5,9,9,9,7,6,30
1,287,286,1791052521028517,1791052521030286,1769,0,6,7,7,7,7,2,10
1,288,287,1791052521078517,1791052521080040,1523,0,7,11,11,11,10,8,37
1,289,288,1791052521128517,1791052521129864,1347,0,8,6,6,6,5,2,8
1,290,289,1791052521178517,1791052521179881,1364,0,9,12,12,12,11,6,30
1,291,290,1791052521228517,1791052521230614,2097,0,10,10,10,10,10,10,48
1,292,291,1791052521278517,1791052521280167,1650,0,11,12,12,12,13,10,44
1,293,292,1791052521328517,1791052521330619,2102,0,12,10,10,10,10,8,33
1,294,293,1791052521378517,1791052521380190,1673,0,13,10,10,10,9,4,13
1,295,294,1791052521428517,1791052521430745,2228,0,14,11,11,11,11,8,34
1,296,295,1791052521478517,1791052521480017,1500,0,15,16,16,16,15,15,69
1,297,296,1791052521528517,1791052521530503,1986,0,16,13,13,13,12,6,27
1,298,297,1791052521578517,1791052521580359,1842,0,17,11,11,11,11,7,23
1,299,298,1791052521628517,1791052521629899,1382,0,18,7,7,7,6,6,22
1,300,299,1791052521678517,1791052521680114,1597,0,19,10,10,10,10,6,25
1,301,300,1791052521728517,1791052521730397,1880,0,0,7,7,7,7,4,18
1,302,301,1791052521778517,1791052521780618,2101,0,1,13,13,13,12,11,48
1,303,302,1791052521828517,1791052521830031,1514,0,2,8,8,8,8,6,29
1,304,303,1791052521878517,1791052521880002,1485,0,3,8,8,8,7,6,30
1,305,304,1791052521928517,1791052521930426,1909,0,4,9,9,9,9,8,40
1,306,305,1791052521978517,1791052521980544,2027,0,5,9,9,9,9,9,34
1,307,306,1791052522028517,1791052522030143,1626,0,6,7,7,7,6,0,0
1,308,307,1791052522078517,1791052522080027,1510,0,7,11,11,11,12,8,40
1,309,308,1791052522128517,1791052522130544,2027,0,8,6,6,6,5,2,9
1,310,309,1791052522178517,1791052522179936,1419,0,9,12,12,12,12,8,40
1,311,310,1791052522228517,1791052522230645,2128,0,10,10,10,10,10,8,37
1,312,311,1791052522278517,1791052522280109,1592,0,11,12,12,12,13,11,50
1,313,312,1791052522328517,1791052522330552,2035,0,12,10,10,10,9,6,29
1,314,313,1791052522378517,1791052522380151,1634,0,13,10,10,10,7,2,9
1,315,314,1791052522428517,1791052522429778,1261,0,14,11,11,11,10,6,27
1,316,315,1791052522478517,1791052522479803,1286,0,15,16,16,16,13,10,50
1,317,316,1791052522528517,1791052522530512,1995,0,16,13,13,13,13,6,30
1,318,317,1791052522578517,1791052522580423,1906,0,17,11,11,11,11,4,20
1,319,318,1791052522628517,1791052522629916,1399,0,18,7,7,7,7,6,23
1,320,319,1791052522678517,1791052522680038,1521,0,19,10,10,10,11,10,37
1,321,320,1791052522728517,1791052522730585,2068,0,0,7,7,7,6,4,20
1,322,321,1791052522778517,1791052522780306,1789,0,1,13,13,13,11,8,40
1,323,322,1791052522828517,1791052522830622,2105,0,2,8,8,8,8,6,30
1,324,323,1791052522878517,1791052522880052,1535,0,3,8,8,8,8,4,20
1,325,324,1791052522928517,1791052522930401,1884,0,4,9,9,9,9,7,29
1,326,325,1791052522978517,1791052522979896,1379,0,5,9,9,9,9,6,22
1,327,326,1791052523028517,1791052523030485,1968,0,6,7,7,7,6,4,20
1,328,327,1791052523078517,1791052523080062,1545,0,7,11,11,11,11,11,45
1,329,328,1791052523128517,1791052523130549,2032,0,8,6,6,6,5,2,10
1,330,329,1791052523178517,1791052523180606,2089,0,9,12,12,12,12,8,40
1,331,330,1791052523228517,1791052523230379,1862,0,10,10,10,10,9,8,31
1,332,331,1791052523278517,1791052523279863,1346,0,11,12,12,12,12,10,50
1,333,332,1791052523328517,1791052523330243,1726,0,12,10,10,10,9,6,26
1,334,333,1791052523378517,1791052523380752,2235,0,13,10,10,10,10,4,20
1,335,334,1791052523428517,1791052523429972,1455,0,14,11,11,11,10,6,30
1,336,335,1791052523478517,1791052523479972,1455,0,15,16,16,16,15,14,70
1,337,336,1791052523528517,1791052523530118,1601,0,16,13,13,13,12,6,29
1,338,337,1791052523578517,1791052523580383,1866,0,17,11,11,11,9,8,34
1,339,338,1791052523628517,1791052523630720,2203,0,18,7,7,7,7,6,30
1,340,339,1791052523678517,1791052523680156,1639,0,19,10,10,10,10,6,29
1,341,340,1791052523728517,1791052523730323,1806,0,0,7,7,7,7,4,13
1,342,341,1791052523778517,1791052523780262,1745,0,1,13,13,13,12,10,50
1,343,342,1791052523828517,1791052523830459,1942,0,2,8,8,8,8,6,30
1,344,343,1791052523878517,1791052523879977,1460,0,3,8,8,8,8,8,39
1,345,344,1791052523928517,1791052523930011,1494,0,4,9,9,9,9,6,30
1,346,345,1791052523978517,1791052523980448,1931,0,5,9,9,9,9,9,34
1,347,346,1791052524028517,1791052524030498,1981,0,6,7,7,7,7,2,10
1,348,347,1791052524078517,1791052524080062,1545,0,7,11,11,11,11,6,30
1,349,348,1791052524128517,1791052524130522,2005,0,8,6,6,6,6,2,10
1,350,349,1791052524178517,1791052524179905,1388,0,9,12,12,12,11,6,24
1,351,350,1791052524228517,1791052524230468,1951,0,10,10,10,10,10,10,50
1,352,351,1791052524278517,1791052524280067,1550,0,11,12,12,12,12,10,41
1,353,352,1791052524328517,1791052524330302,1785,0,12,10,10,10,10,10,41
1,354,353,1791052524378517,1791052524380572,2055,0,13,10,10,10,9,4,16
1,355,354,1791052524428517,1791052524430791,2274,0,14,11,11,11,10,6,25
1,356,355,1791052524478517,1791052524479998,1481,0,15,16,16,16,16,14,64
1,357,356,1791052524528517,1791052524530047,1530,0,16,13,13,13,12,6,28
1,358,357,1791052524578517,1791052524580322,1805,0,17,11,11,11,10,6,23
1,359,358,1791052524628517,1791052524630170,1653,0,18,7,7,7,7,6,30
1,360,359,1791052524678517,1791052524680210,1693,0,19,10,10,10,7,4,11
1,361,360,1791052524728517,1791052524730311,1794,0,0,7,7,7,5,2,10
1,362,361,1791052524778517,1791052524779952,1435,0,1,13,13,13,12,10,43
1,363,362,1791052524828517,1791052524830426,1909,0,2,8,8,8,8,6,29
1,364,363,1791052524878517,1791052524880097,1580,0,3,8,8,8,9,6,26
1,365,364,1791052524928517,1791052524930109,1592,0,4,9,9,9,8,6,28
1,366,365,1791052524978517,1791052524980110,1593,0,5,9,9,9,8,6,25
1,367,366,1791052525028517,1791052525029971,1454,0,6,7,7,7,6,4,14
1,368,367,1791052525078517,1791052525080044,1527,0,7,11,11,11,11,8,40
1,369,368,1791052525128517,1791052525129989,1472,0,8,6,6,6,6,2,10
1,370,369,1791052525178517,1791052525180106,1589,0,9,12,12,12,11,8,40
1,371,370,1791052525228517,1791052525230062,1545,0,10,10,10,10,10,8,35
1,372,371,1791052525278517,1791052525280058,1541,0,11,12,12,12,13,12,56
1,373,372,1791052525328517,1791052525329895,1378,0,12,10,10,10,7,4,20
1,374,373,1791052525378517,1791052525379835,1318,0,13,10,10,10,8,5,16
1,375,374,1791052525428517,1791052525430005,1488,0,14,11,11,11,11,6,28
1,376,375,1791052525478517,1791052525480272,1755,0,15,16,16,16,17,17,80
1,377,376,1791052525528517,1791052525530490,1973,0,16,13,13,13,11,8,34
1,378,377,1791052525578517,1791052525580502,1985,0,17,11,11,11,10,10,43
1,379,378,1791052525628517,1791052525630601,2084,0,18,7,7,7,6,4,20
1,380,379,1791052525678517,1791052525680290,1773,0,19,10,10,10,11,7,25
1,381,380,1791052525728517,1791052525730528,2011,0,0,7,7,7,7,6,28
1,382,381,1791052525778517,1791052525780734,2217,0,1,13,13,13,11,6,30
1,383,382,1791052525828517,1791052525829863,1346,0,2,8,8,8,8,6,30
1,384,383,1791052525878517,1791052525880043,1526,0,3,8,8,8,8,7,25
1,385,384,1791052525928517,1791052525930125,1608,0,4,9,9,9,9,9,39
1,386,385,1791052525978517,1791052525979910,1393,0,5,9,9,9,9,7,26
1,387,386,1791052526028517,1791052526030690,2173,0,6,7,7,7,6,2,10
1,388,387,1791052526078517,1791052526080064,1547,0,7,11,11,11,11,8,40
1,389,388,1791052526128517,1791052526130375,1858,0,8,6,6,6,5,2,3
1,390,389,1791052526178517,1791052526180482,1965,0,9,12,12,12,12,6,25
1,391,390,1791052526228517,1791052526229946,1429,0,10,10,10,10,9,6,30
1,392,391,1791052526278517,1791052526280056,1539,0,11,12,12,12,13,12,51
1,393,392,1791052526328517,1791052526329994,1477,0,12,10,10,10,9,8,31
1,394,393,1791052526378517,1791052526380703,2186,0,13,10,10,10,7,4,15
1,395,394,1791052526428517,1791052526430145,1628,0,14,11,11,11,11,6,23
1,396,395,1791052526478517,1791052526479937,1420,0,15,16,16,16,16,14,66
1,397,396,1791052526528517,1791052526530036,1519,0,16,13,13,13,13,8,34
1,398,397,1791052526578517,1791052526580699,2182,0,17,11,11,11,10,4,20
1,399,398,1791052526628517,1791052526630519,2002,0,18,7,7,7,7,6,23
1,400,399,1791052526678517,1791052526679978,1461,0,19,10,10,10,9,9,32
1,401,400,1791052526728517,1791052526729986,1469,0,0,7,7,7,6,4,20
1,402,401,1791052526778517,1791052526780503,1986,0,1,13,13,13,9,6,26
1,403,402,1791052526828517,1791052526830108,1591,0,2,8,8,8,8,6,30
1,404,403,1791052526878517,1791052526880056,1539,0,3,8,8,8,5,2,10
1,405,404,1791052526928517,1791052526930327,1810,0,4,9,9,9,8,4,20
1,406,405,1791052526978517,1791052526980735,2218,0,5,9,9,9,9,8,40
1,407,406,1791052527028517,1791052527030099,1582,0,6,7,7,7,7,2,6
1,408,407,1791052527078517,1791052527079974,1457,0,7,11,11,11,11,9,40
1,409,408,1791052527128517,1791052527130076,1559,0,8,6,6,6,4,4,13
1,410,409,1791052527178517,1791052527180187,1670,0,9,12,12,12,12,12,53
1,411,410,1791052527228517,1791052527230590,2073,0,10,10,10,10,6,6,25
1,412,411,1791052527278517,1791052527280201,1684,0,11,12,12,12,11,8,40
1,413,412,1791052527328517,1791052527330536,2019,0,12,10,10,10,10,7,26
1,414,413,1791052527378517,1791052527380682,2165,0,13,10,10,10,10,4,14
1,415,414,1791052527428517,1791052527429823,1306,0,14,11,11,11,11,6,30
1,416,415,1791052527478517,1791052527479976,1459,0,15,16,16,16,15,13,60
1,417,416,1791052527528517,1791052527530073,1556,0,16,13,13,13,13,6,30
1,418,417,1791052527578517,1791052527580213,1696,0,17,11,11,11,11,7,30
1,419,418,1791052527628517,1791052527630034,1517,0,18,7,7,7,7,6,30
1,420,419,1791052527678517,1791052527680223,1706,0,19,10,10,10,8,2,10
1,421,420,1791052527728517,1791052527730387,1870,0,0,7,7,7,7,2,10
1,422,421,1791052527778517,1791052527780380,1863,0,1,13,13,13,11,8,40
1,423,422,1791052527828517,1791052527830685,2168,0,2,8,8,8,8,6,30
1,424,423,1791052527878517,1791052527880077,1560,0,3,8,8,8,7,6,27
1,425,424,1791052527928517,1791052527930163,1646,0,4,9,9,9,9,8,37
1,426,425,1791052527978517,1791052527980131,1614,0,5,9,9,9,8,8,33
1,427,426,1791052528028517,1791052528030162,1645,0,6,7,7,7,6,2,10
1,428,427,1791052528078517,1791052528080126,1609,0,7,11,11,11,11,8,40
1,429,428,1791052528128517,1791052528130144,1627,0,8,6,6,6,5,2,7
1,430,429,1791052528178517,1791052528180396,1879,0,9,12,12,12,12,8,37
1,431,430,1791052528228517,1791052528230557,2040,0,10,10,10,10,9,8,31
1,432,431,1791052528278517,1791052528280056,1539,0,11,12,12,12,12,9,40
1,433,432,1791052528328517,1791052528330079,1562,0,12,10,10,10,9,6,28
1,434,433,1791052528378517,1791052528380099,1582,0,13,10,10,10,9,6,29
1,435,434,1791052528428517,1791052528430713,2196,0,14,11,11,11,9,6,30
1,436,435,1791052528478517,1791052528480085,1568,0,15,16,16,16,16,14,63
1,437,436,1791052528528517,1791052528530374,1857,0,16,13,13,13,12,6,27
1,438,437,1791052528578517,1791052528580475,1958,0,17,11,11,11,11,4,12
1,439,438,1791052528628517,1791052528629798,1281,0,18,7,7,7,7,6,28
1,440,439,1791052528678517,1791052528680046,1529,0,19,10,10,10,9,6,25
1,441,440,1791052528728517,1791052528730110,1593,0,0,7,7,7,7,4,16
1,442,441,1791052528778517,1791052528780216,1699,0,1,13,13,13,10,8,40
1,443,442,1791052528828517,1791052528830365,1848,0,2,8,8,8,8,6,30
1,444,443,1791052528878517,1791052528880162,1645,0,3,8,8,8,8,4,13
1,445,444,1791052528928517,1791052528930352,1835,0,4,9,9,9,9,7,29
1,446,445,1791052528978517,1791052528980525,2008,0,5,9,9,9,9,6,30
1,447,446,1791052529028517,1791052529030597,2080,0,6,7,7,7,7,6,21
1,448,447,1791052529078517,1791052529079971,1454,0,7,11,11,11,10,9,39
1,449,448,1791052529128517,1791052529129872,1355,0,8,6,6,6,4,0,0
1,450,449,1791052529178517,1791052529180109,1592,0,9,12,12,12,12,6,27
1,451,450,1791052529228517,1791052529229985,1468,0,10,10,10,10,10,10,49
1,452,451,1791052529278517,1791052529280033,1516,0,11,12,12,12,13,10,43
1,453,452,1791052529328517,1791052529330415,1898,0,12,10,10,10,9,6,25
1,454,453,1791052529378517,1791052529380645,2128,0,13,10,10,10,8,4,17
1,455,454,1791052529428517,1791052529430716,2199,0,14,11,11,11,11,6,30
1,456,455,1791052529478517,1791052529479884,1367,0,15,16,16,16,17,17,73
1,457,456,1791052529528517,1791052529529839,1322,0,16,13,13,13,12,6,30
1,458,457,1791052529578517,1791052529580052,1535,0,17,11,11,11,9,5,16
1,459,458,1791052529628517,1791052529630163,1646,0,18,7,7,7,7,6,28
1,460,459,1791052529678517,1791052529680041,1524,0,19,10,10,10,9,7,30
1,461,460,1791052529728517,1791052529730166,1649,0,0,7,7,7,7,4,19
1,462,461,1791052529778517,1791052529780387,1870,0,1,13,13,13,11,10,46
1,463,462,1791052529828517,1791052529830099,1582,0,2,8,8,8,8,6,22
1,464,463,1791052529878517,1791052529880091,1574,0,3,8,8,8,9,7,27
1,465,464,1791052529928517,1791052529930449,1932,0,4,9,9,9,8,8,33
1,466,465,1791052529978517,1791052529980757,2240,0,5,9,9,9,8,6,30
1,467,466,1791052530028517,1791052530029942,1425,0,6,7,7,7,5,2,10
1,468,467,1791052530078517,1791052530080077,1560,0,7,11,11,11,11,6,30
1,469,468,1791052530128517,1791052530130325,1808,0,8,6,6,6,5,4,19
1,470,469,1791052530178517,1791052530179958,1441,0,9,12,12,12,12,10,50
1,471,470,1791052530228517,1791052530230182,1665,0,10,10,10,10,9,7,30
1,472,471,1791052530278517,1791052530280111,1594,0,11,12,12,12,12,11,44
1,473,472,1791052530328517,1791052530330292,1775,0,12,10,10,10,10,8,33
1,474,473,1791052530378517,1791052530380326,1809,0,13,10,10,10,9,4,15
1,475,474,1791052530428517,1791052530430597,2080,0,14,11,11,11,11,6,30
1,476,475,1791052530478517,1791052530480237,1720,0,15,16,16,16,17,14,70
1,477,476,1791052530528517,1791052530530447,1930,0,16,13,13,13,13,8,33
1,478,477,1791052530578517,1791052530580352,1835,0,17,11,11,11,10,8,34
1,479,478,1791052530628517,1791052530630517,2000,0,18,7,7,7,7,6,24
1,480,479,1791052530678517,1791052530680063,1546,0,19,10,10,10,8,4,20
1,481,480,1791052530728517,1791052530730524,2007,0,0,7,7,7,6,4,15
1,482,481,1791052530778517,1791052530780080,1563,0,1,13,13,13,13,10,50
1,483,482,1791052530828517,1791052530830564,2047,0,2,8,8,8,8,6,30
1,484,483,1791052530878517,1791052530879838,1321,0,3,8,8,8,8,4,17
1,485,484,1791052530928517,1791052530930116,1599,0,4,9,9,9,9,6,24
1,486,485,1791052530978517,1791052530980710,2193,0,5,9,9,9,8,6,30
1,487,486,1791052531028517,1791052531030068,1551,0,6,7,7,7,7,2,10
1,488,487,1791052531078517,1791052531079971,1454,0,7,11,11,11,11,8,35
1,489,488,1791052531128517,1791052531130578,2061,0,8,6,6,6,6,2,10
1,490,489,1791052531178517,1791052531180283,1766,0,9,12,12,12,11,8,40
1,491,490,1791052531228517,1791052531230638,2121,0,10,10,10,10,10,8,38
1,492,491,1791052531278517,1791052531280145,1628,0,11,12,12,12,12,10,50
1,493,492,1791052531328517,1791052531330227,1710,0,12,10,10,10,9,6,29
1,494,493,1791052531378517,1791052531380107,1590,0,13,10,10,10,10,6,30
1,495,494,1791052531428517,1791052531429882,1365,0,14,11,11,11,9,8,36
1,496,495,1791052531478517,1791052531479990,1473,0,15,16,16,16,16,14,63
1,497,496,1791052531528517,1791052531530051,1534,0,16,13,13,13,10,6,30
1,498,497,1791052531578517,1791052531580112,1595,0,17,11,11,11,11,9,35
1,499,498,1791052531628517,1791052531630278,1761,0,18,7,7,7,7,6,30
1,500,499,1791052531678517,1791052531680089,1572,0,19,10,10,10,9,2,10
1,501,500,1791052531728517,1791052531729973,1456,0,0,7,7,7,7,2,10
1,502,501,1791052531778517,1791052531780551,2034,0,1,13,13,13,13,10,44
1,503,502,1791052531828517,1791052531830659,2142,0,2,8,8,8,8,6,27
1,504,503,1791052531878517,1791052531879830,1313,0,3,8,8,8,8,6,21
1,505,504,1791052531928517,1791052531930084,1567,0,4,9,9,9,9,8,33
1,506,505,1791052531978517,1791052531980367,1850,0,5,9,9,9,8,6,30
1,507,506,1791052532028517,1791052532030432,1915,0,6,7,7,7,7,2,10
1,508,507,1791052532078517,1791052532080010,1493,0,7,11,11,11,12,10,42
1,509,508,1791052532128517,1791052532130606,2089,0,8,6,6,6,5,2,4
1,510,509,1791052532178517,1791052532179944,1427,0,9,12,12,12,12,8,39
1,511,510,1791052532228517,1791052532230624,2107,0,10,10,10,10,10,10,42
1,512,511,1791052532278517,1791052532280093,1576,0,11,12,12,12,11,10,50
1,513,512,1791052532328517,1791052532330345,1828,0,12,10,10,10,9,8,31
1,514,513,1791052532378517,1791052532380497,1980,0,13,10,10,10,8,4,20
1,515,514,1791052532428517,1791052532430781,2264,0,14,11,11,11,10,6,30
1,516,515,1791052532478517,1791052532480050,1533,0,15,16,16,16,17,16,80
1,517,516,1791052532528517,1791052532530539,2022,0,16,13,13,13,12,8,34
1,518,517,1791052532578517,1791052532579966,1449,0,17,11,11,11,10,10,47
1,519,518,1791052532628517,1791052532629824,1307,0,18,7,7,7,7,6,30
1,520,519,1791052532678517,1791052532680030,1513,0,19,10,10,10,7,4,19
1,521,520,1791052532728517,1791052532729844,1327,0,0,7,7,7,7,4,20
1,522,521,1791052532778517,1791052532780766,2249,0,1,13,13,13,11,10,42
1,523,522,1791052532828517,1791052532830775,2258,0,2,8,8,8,8,6,29
1,524,523,1791052532878517,1791052532880080,1563,0,3,8,8,8,9,8,35
1,525,524,1791052532928517,1791052532930063,1546,0,4,9,9,9,9,8,40
1,526,525,1791052532978517,1791052532980165,1648,0,5,9,9,9,7,6,23
1,527,526,1791052533028517,1791052533030061,1544,0,6,7,7,7,7,4,17
1,528,527,1791052533078517,1791052533080043,1526,0,7,11,11,11,10,6,30
1,529,528,1791052533128517,1791052533130212,1695,0,8,6,6,6,5,2,5
1,530,529,1791052533178517,1791052533180123,1606,0,9,12,12,12,12,6,30
1,531,530,1791052533228517,1791052533230125,1608,0,10,10,10,10,9,8,37
1,532,531,1791052533278517,1791052533279991,1474,0,11,12,12,12,13,12,52
1,533,532,1791052533328517,1791052533330036,1519,0,12,10,10,10,10,6,23
1,534,533,1791052533378517,1791052533380316,1799,0,13,10,10,10,10,7,27
1,535,534,1791052533428517,1791052533430365,1848,0,14,11,11,11,11,6,28
1,536,535,1791052533478517,1791052533479973,1456,0,15,16,16,16,15,14,67
1,537,536,1791052533528517,1791052533529978,1461,0,16,13,13,13,12,6,30
1,538,537,1791052533578517,1791052533580204,1687,0,17,11,11,11,10,4,12
1,539,538,1791052533628517,1791052533630471,1954,0,18,7,7,7,7,6,30
1,540,539,1791052533678517,1791052533680207,1690,0,19,10,10,10,10,6,29
1,541,540,1791052533728517,1791052533730200,1683,0,0,7,7,7,7,4,19
1,542,541,1791052533778517,1791052533780108,1591,0,1,13,13,13,13,12,51
1,543,542,1791052533828517,1791052533830505,1988,0,2,8,8,8,7,4,20
1,544,543,1791052533878517,1791052533879963,1446,0,3,8,8,8,7,4,20
1,545,544,1791052533928517,1791052533929808,1291,0,4,9,9,9,9,4,20
1,546,545,1791052533978517,1791052533980765,2248,0,5,9,9,9,9,8,39
1,547,546,1791052534028517,1791052534030624,2107,0,6,7,7,7,7,4,15
1,548,547,1791052534078517,1791052534080114,1597,0,7,11,11,11,11,8,40
1,549,548,1791052534128517,1791052534130032,1515,0,8,6,6,6,4,4,16
1,550,549,1791052534178517,1791052534179938,1421,0,9,12,12,12,11,8,36
1,551,550,1791052534228517,1791052534229942,1425,0,10,10,10,10,8,6,30
1,552,551,1791052534278517,1791052534279886,1369,0,11,12,12,12,12,10,50
1,553,552,1791052534328517,1791052534330401,1884,0,12,10,10,10,9,6,30
1,554,553,1791052534378517,1791052534380557,2040,0,13,10,10,10,10,5,20
1,555,554,1791052534428517,1791052534430548,2031,0,14,11,11,11,11,6,30
1,556,555,1791052534478517,1791052534479972,1455,0,15,16,16,16,15,14,70
1,557,556,1791052534528517,1791052534530077,1560,0,16,13,13,13,13,6,30
1,558,557,1791052534578517,1791052534579961,1444,0,17,11,11,11,11,9,36
1,559,558,1791052534628517,1791052534630673,2156,0,18,7,7,7,7,6,22
1,560,559,1791052534678517,1791052534679954,1437,0,19,10,10,10,10,7,26
1,561,560,1791052534728517,1791052534730047,1530,0,0,7,7,7,7,6,24
1,562,561,1791052534778517,1791052534780466,1949,0,1,13,13,13,13,10,46
1,563,562,1791052534828517,1791052534830687,2170,0,2,8,8,8,8,6,26
1,564,563,1791052534878517,1791052534880174,1657,0,3,8,8,8,9,8,38
1,565,564,1791052534928517,1791052534930131,1614,0,4,9,9,9,9,8,35
1,566,565,1791052534978517,1791052534980407,1890,0,5,9,9,9,8,5,16
1,567,566,1791052535028517,1791052535030488,1971,0,6,7,7,7,7,6,29
1,568,567,1791052535078517,1791052535080044,1527,0,7,11,11,11,11,10,46
1,569,568,1791052535128517,1791052535130145,1628,0,8,6,6,6,5,2,5
1,570,569,1791052535178517,1791052535180431,1914,0,9,12,12,12,12,8,37
1,571,570,1791052535228517,1791052535230516,1999,0,10,10,10,10,10,8,37
1,572,571,1791052535278517,1791052535280081,1564,0,11,12,12,12,13,12,53
1,573,572,1791052535328517,1791052535329995,1478,0,12,10,10,10,9,7,29
1,574,573,1791052535378517,1791052535380270,1753,0,13,10,10,10,10,7,29
1,575,574,1791052535428517,1791052535430470,1953,0,14,11,11,11,11,8,40
1,576,575,1791052535478517,1791052535480137,1620,0,15,16,16,16,17,15,70
1,577,576,1791052535528517,1791052535530224,1707,0,16,13,13,13,11,6,30
1,578,577,1791052535578517,1791052535580422,1905,0,17,11,11,11,9,6,24
1,579,578,1791052535628517,1791052535630684,2167,0,18,7,7,7,7,6,21
1,580,579,1791052535678517,1791052535679962,1445,0,19,10,10,10,8,7,30
1,581,580,1791052535728517,1791052535730768,2251,0,0,7,7,7,6,4,15
1,582,581,1791052535778517,1791052535779741,1224,0,1,13,13,13,12,10,50
1,583,582,1791052535828517,1791052535830766,2249,0,2,8,8,8,8,6,30
1,584,583,1791052535878517,1791052535879967,1450,0,3,8,8,8,9,9,40
1,585,584,1791052535928517,1791052535930228,1711,0,4,9,9,9,9,6,30
1,586,585,1791052535978517,1791052535980494,1977,0,5,9,9,9,8,8,32
1,587,586,1791052536028517,1791052536030403,1886,0,6,7,7,7,7,5,13
1,588,587,1791052536078517,1791052536080080,1563,0,7,11,11,11,11,6,30
1,589,588,1791052536128517,1791052536130497,1980,0,8,6,6,6,4,2,10
1,590,589,1791052536178517,1791052536180364,1847,0,9,12,12,12,10,4,20
1,591,590,1791052536228517,1791052536230730,2213,0,10,10,10,10,9,8,40
1,592,591,1791052536278517,1791052536280063,1546,0,11,12,12,12,13,13,55
1,593,592,1791052536328517,1791052536330158,1641,0,12,10,10,10,10,6,23
1,594,593,1791052536378517,1791052536380412,1895,0,13,10,10,10,8,6,26
1,595,594,1791052536428517,1791052536430684,2167,0,14,11,11,11,9,7,27
1,596,595,1791052536478517,1791052536480061,1544,0,15,16,16,16,15,12,55
1,597,596,1791052536528517,1791052536529969,1452,0,16,13,13,13,12,8,35
1,598,597,1791052536578517,1791052536580151,1634,0,17,11,11,11,7,4,20
1,599,598,1791052536628517,1791052536630374,1857,0,18,7,7,7,6,4,20
1,600,599,1791052536678517,1791052536680011,1494,0,19,10,10,10,9,8,23
1,601,600,1791052536728517,1791052536730244,1727,0,0,7,7,7,5,2,10
1,602,601,1791052536778517,1791052536780665,2148,0,1,13,13,13,12,10,46
1,603,602,1791052536828517,1791052536829937,1420,0,2,8,8,8,8,6,30
1,604,603,1791052536878517,1791052536879960,1443,0,3,8,8,8,8,6,24
1,605,604,1791052536928517,1791052536930262,1745,0,4,9,9,9,9,8,35
1,606,605,1791052536978517,1791052536979935,1418,0,5,9,9,9,9,6,22
1,607,606,1791052537028517,1791052537030226,1709,0,6,7,7,7,7,6,21
1,608,607,1791052537078517,1791052537079848,1331,0,7,11,11,11,12,10,38
1,609,608,1791052537128517,1791052537130262,1745,0,8,6,6,6,5,4,12
1,610,609,1791052537178517,1791052537180707,2190,0,9,12,12,12,11,10,50
1,611,610,1791052537228517,1791052537230247,1730,0,10,10,10,10,9,8,40
1,612,611,1791052537278517,1791052537279974,1457,0,11,12,12,12,11,8,38
1,613,612,1791052537328517,1791052537329812,1295,0,12,10,10,10,9,8,32
1,614,613,1791052537378517,1791052537379807,1290,0,13,10,10,10,10,6,25
1,615,614,1791052537428517,1791052537430074,1557,0,14,11,11,11,8,4,20
1,616,615,1791052537478517,1791052537480115,1598,0,15,16,16,16,17,15,65
1,617,616,1791052537528517,1791052537530143,1626,0,16,13,13,13,13,6,30
1,618,617,1791052537578517,1791052537580128,1611,0,17,11,11,11,10,4,20
1,619,618,1791052537628517,1791052537630287,1770,0,18,7,7,7,7,6,24
1,620,619,1791052537678517,1791052537680051,1534,0,19,10,10,10,8,7,25
1,621,620,1791052537728517,1791052537730761,2244,0,0,7,7,7,7,6,23
1,622,621,1791052537778517,1791052537780289,1772,0,1,13,13,13,12,9,38
1,623,622,1791052537828517,1791052537830488,1971,0,2,8,8,8,8,6,30
1,624,623,1791052537878517,1791052537879847,1330,0,3,8,8,8,8,5,14
1,625,624,1791052537928517,1791052537930670,2153,0,4,9,9,9,9,6,22
1,626,625,1791052537978517,1791052537979917,1400,0,5,9,9,9,8,6,27
1,627,626,1791052538028517,1791052538029888,1371,0,6,7,7,7,6,2,10
1,628,627,1791052538078517,1791052538079943,1426,0,7,11,11,11,11,8,40
1,629,628,1791052538128517,1791052538130732,2215,0,8,6,6,6,5,0,0
1,630,629,1791052538178517,1791052538180307,1790,0,9,12,12,12,11,6,30
1,631,630,1791052538228517,1791052538230277,1760,0,10,10,10,10,10,10,41
1,632,631,1791052538278517,1791052538280050,1533,0,11,12,12,12,12,11,50
1,633,632,1791052538328517,1791052538329995,1478,0,12,10,10,10,8,7,29
1,634,633,1791052538378517,1791052538380119,1602,0,13,10,10,10,9,5,16
1,635,634,1791052538428517,1791052538430212,1695,0,14,11,11,11,11,6,30
1,636,635,1791052538478517,1791052538480144,1627,0,15,16,16,16,17,16,74
1,637,636,1791052538528517,1791052538530256,1739,0,16,13,13,13,12,8,31
1,638,637,1791052538578517,1791052538580103,1586,0,17,11,11,11,9,6,26
1,639,638,1791052538628517,1791052538630134,1617,0,18,7,7,7,7,6,24
1,640,639,1791052538678517,1791052538679964,1447,0,19,10,10,10,9,8,34
1,641,640,1791052538728517,1791052538730715,2198,0,0,7,7,7,6,4,17
1,642,641,1791052538778517,1791052538780712,2195,0,1,13,13,13,11,8,40
1,643,642,1791052538828517,1791052538829992,1475,0,2,8,8,8,8,6,30
1,644,643,1791052538878517,1791052538880043,1526,0,3,8,8,8,9,7,28
1,645,644,1791052538928517,1791052538930150,1633,0,4,9,9,9,9,8,34
1,646,645,1791052538978517,1791052538980448,1931,0,5,9,9,9,7,6,21
1,647,646,1791052539028517,1791052539030567,2050,0,6,7,7,7,7,2,2
1,648,647,1791052539078517,1791052539079976,1459,0,7,11,11,11,11,8,40
1,649,648,1791052539128517,1791052539130064,1547,0,8,6,6,6,6,4,16
1,650,649,1791052539178517,1791052539180009,1492,0,9,12,12,12,12,8,34
1,651,650,1791052539228517,1791052539230004,1487,0,10,10,10,10,9,8,38
1,652,651,1791052539278517,1791052539280016,1499,0,11,12,12,12,12,10,43
1,653,652,1791052539328517,1791052539330670,2153,0,12,10,10,10,10,6,30
1,654,653,1791052539378517,1791052539380720,2203,0,13,10,10,10,9,4,15
1,655,654,1791052539428517,1791052539430690,2173,0,14,11,11,11,10,6,30
1,656,655,1791052539478517,1791052539479912,1395,0,15,16,16,16,17,17,75
1,657,656,1791052539528517,1791052539530389,1872,0,16,13,13,13,12,8,34
1,658,657,1791052539578517,1791052539580662,2145,0,17,11,11,11,9,7,23
1,659,658,1791052539628517,1791052539630586,2069,0,18,7,7,7,7,6,30
1,660,659,1791052539678517,1791052539680021,1504,0,19,10,10,10,9,5,19
1,661,660,1791052539728517,1791052539730157,1640,0,0,7,7,7,6,4,20
1,662,661,1791052539778517,1791052539780267,1750,0,1,13,13,13,13,10,45
1,663,662,1791052539828517,1791052539830340,1823,0,2,8,8,8,8,6,30
1,664,663,1791052539878517,1791052539879970,1453,0,3,8,8,8,8,6,21
1,665,664,1791052539928517,1791052539930106,1589,0,4,9,9,9,9,6,26
1,666,665,1791052539978517,1791052539979974,1457,0,5,9,9,9,8,6,30
1,667,666,1791052540028517,1791052540029906,1389,0,6,7,7,7,7,2,10
1,668,667,1791052540078517,1791052540080047,1530,0,7,11,11,11,10,8,34
1,669,668,1791052540128517,1791052540130286,1769,0,8,6,6,6,6,2,8
1,670,669,1791052540178517,1791052540180442,1925,0,9,12,12,12,10,6,30
1,671,670,1791052540228517,1791052540230651,2134,0,10,10,10,10,10,10,48
1,672,671,1791052540278517,1791052540280043,1526,0,11,12,12,12,12,11,46
1,673,672,1791052540328517,1791052540329978,1461,0,12,10,10,10,8,7,26
1,674,673,1791052540378517,1791052540380064,1547,0,13,10,10,10,8,6,22
1,675,674,1791052540428517,1791052540429908,1391,0,14,11,11,11,11,8,38
1,676,675,1791052540478517,1791052540479960,1443,0,15,16,16,16,15,14,64
1,677,676,1791052540528517,1791052540529947,1430,0,16,13,13,13,12,7,28
1,678,677,1791052540578517,1791052540579823,1306,0,17,11,11,11,11,4,20
1,679,678,1791052540628517,1791052540629975,1458,0,18,7,7,7,7,6,30
1,680,679,1791052540678517,1791052540680132,1615,0,19,10,10,10,9,5,14
1,681,680,1791052540728517,1791052540729985,1468,0,0,7,7,7,7,2,10
1,682,681,1791052540778517,1791052540780051,1534,0,1,13,13,13,13,12,53
1,683,682,1791052540828517,1791052540830346,1829,0,2,8,8,8,8,6,30
1,684,683,1791052540878517,1791052540880062,1545,0,3,8,8,8,8,6,25
1,685,684,1791052540928517,1791052540929861,1344,0,4,9,9,9,8,8,36
1,686,685,1791052540978517,1791052540979750,1233,0,5,9,9,9,8,4,17
1,687,686,1791052541028517,1791052541030262,1745,0,6,7,7,7,7,5,20
1,688,687,1791052541078517,1791052541079959,1442,0,7,11,11,11,10,10,45
1,689,688,1791052541128517,1791052541130796,2279,0,8,6,6,6,4,0,0
1,690,689,1791052541178517,1791052541179834,1317,0,9,12,12,12,10,4,20
1,691,690,1791052541228517,1791052541229959,1442,0,10,10,10,10,9,8,40
1,692,691,1791052541278517,1791052541280194,1677,0,11,12,12,12,13,12,51
1,693,692,1791052541328517,1791052541330302,1785,0,12,10,10,10,7,6,26
1,694,693,1791052541378517,1791052541380406,1889,0,13,10,10,10,10,9,25
1,695,694,1791052541428517,1791052541430680,2163,0,14,11,11,11,9,9,38
1,696,695,1791052541478517,1791052541479896,1379,0,15,16,16,16,17,14,57
1,697,696,1791052541528517,1791052541530078,1561,0,16,13,13,13,9,4,20
1,698,697,1791052541578517,1791052541580405,1888,0,17,11,11,11,9,4,17
1,699,698,1791052541628517,1791052541630660,2143,0,18,7,7,7,6,4,20
1,700,699,1791052541678517,1791052541680032,1515,0,19,10,10,10,8,6,24
1,701,700,1791052541728517,1791052541729735,1218,0,0,7,7,7,6,4,18
1,702,701,1791052541778517,1791052541780735,2218,0,1,13,13,13,12,11,49
1,703,702,1791052541828517,1791052541830035,1518,0,2,8,8,8,8,6,30
1,704,703,1791052541878517,1791052541880090,1573,0,3,8,8,8,8,5,15
1,705,704,1791052541928517,1791052541930348,1831,0,4,9,9,9,8,4,20
1,706,705,1791052541978517,1791052541980568,2051,0,5,9,9,9,8,6,30
1,707,706,1791052542028517,1791052542029828,1311,0,6,7,7,7,6,6,21
1,708,707,1791052542078517,1791052542079859,1342,0,7,11,11,11,12,11,47
1,709,708,1791052542128517,1791052542129951,1434,0,8,6,6,6,4,2,9
1,710,709,1791052542178517,1791052542179981,1464,0,9,12,12,12,12,10,45
1,711,710,1791052542228517,1791052542230203,1686,0,10,10,10,10,9,8,36
1,712,711,1791052542278517,1791052542280018,1501,0,11,12,12,12,12,12,51
1,713,712,1791052542328517,1791052542330008,1491,0,12,10,10,10,9,6,23
1,714,713,1791052542378517,1791052542379967,1450,0,13,10,10,10,10,8,27
1,715,714,1791052542428517,1791052542430070,1553,0,14,11,11,11,10,6,25
1,716,715,1791052542478517,1791052542480080,1563,0,15,16,16,16,16,14,69
1,717,716,1791052542528517,1791052542530406,1889,0,16,13,13,13,12,8,34
1,718,717,1791052542578517,1791052542580463,1946,0,17,11,11,11,10,6,21
1,719,718,1791052542628517,1791052542630681,2164,0,18,7,7,7,7,6,30
1,720,719,1791052542678517,1791052542679962,1445,0,19,10,10,10,10,4,19
1,721,720,1791052542728517,1791052542730039,1522,0,0,7,7,7,6,2,10
1,722,721,1791052542778517,1791052542779792,1275,0,1,13,13,13,13,12,58
1,723,722,1791052542828517,1791052542830288,1771,0,2,8,8,8,7,6,21
1,724,723,1791052542878517,1791052542880135,1618,0,3,8,8,8,9,6,30
1,725,724,1791052542928517,1791052542930101,1584,0,4,9,9,9,8,6,30
1,726,725,1791052542978517,1791052542980223,1706,0,5,9,9,9,9,6,30
1,727,726,1791052543028517,1791052543029840,1323,0,6,7,7,7,6,4,12
1,728,727,1791052543078517,1791052543079982,1465,0,7,11,11,11,11,7,30
1,729,728,1791052543128517,1791052543130061,1544,0,8,6,6,6,5,2,10
1,730,729,1791052543178517,1791052543180013,1496,0,9,12,12,12,12,8,40
1,731,730,1791052543228517,1791052543230280,1763,0,10,10,10,10,10,8,31
1,732,731,1791052543278517,1791052543280046,1529,0,11,12,12,12,12,10,49
1,733,732,1791052543328517,1791052543330113,1596,0,12,10,10,10,9,7,28
1,734,733,1791052543378517,1791052543380424,1907,0,13,10,10,10,8,6,22
1,735,734,1791052543428517,1791052543429941,1424,0,14,11,11,11,10,7,27
1,736,735,1791052543478517,1791052543480165,1648,0,15,16,16,16,17,17,78
1,737,736,1791052543528517,1791052543530691,2174,0,16,13,13,13,9,6,28
1,738,737,1791052543578517,1791052543580227,1710,0,17,11,11,11,9,5,16
1,739,738,1791052543628517,1791052543630688,2171,0,18,7,7,7,7,6,30
1,740,739,1791052543678517,1791052543679825,1308,0,19,10,10,10,10,7,29
1,741,740,1791052543728517,1791052543730064,1547,0,0,7,7,7,6,2,10
1,742,741,1791052543778517,1791052543780494,1977,0,1,13,13,13,13,12,57
1,743,742,1791052543828517,1791052543830699,2182,0,2,8,8,8,8,6,25
1,744,743,1791052543878517,1791052543880088,1571,0,3,8,8,8,8,6,20
1,745,744,1791052543928517,1791052543929793,1276,0,4,9,9,9,8,8,34
1,746,745,1791052543978517,1791052543979801,1284,0,5,9,9,9,8,6,23
1,747,746,1791052544028517,1791052544030738,2221,0,6,7,7,7,6,4,20
1,748,747,1791052544078517,1791052544080092,1575,0,7,11,11,11,11,8,36
1,749,748,1791052544128517,1791052544130709,2192,0,8,6,6,6,6,4,17
1,750,749,1791052544178517,1791052544180538,2021,0,9,12,12,12,12,2,10
1,751,750,1791052544228517,1791052544230138,1621,0,10,10,10,10,10,8,36
1,752,751,1791052544278517,1791052544280005,1488,0,11,12,12,12,12,9,40
1,753,752,1791052544328517,1791052544330007,1490,0,12,10,10,10,8,6,30
1,754,753,1791052544378517,1791052544379996,1479,0,13,10,10,10,9,2,10
1,755,754,1791052544428517,1791052544430084,1567,0,14,11,11,11,11,8,33
1,756,755,1791052544478517,1791052544479892,1375,0,15,16,16,16,16,14,70
1,757,756,1791052544528517,1791052544529877,1360,0,16,13,13,13,11,6,30
1,758,757,1791052544578517,1791052544580608,2091,0,17,11,11,11,11,10,41
1,759,758,1791052544628517,1791052544630703,2186,0,18,7,7,7,7,6,30
1,760,759,1791052544678517,1791052544680186,1669,0,19,10,10,10,11,7,26
1,761,760,1791052544728517,1791052544730010,1493,0,0,7,7,7,6,2,10
1,762,761,1791052544778517,1791052544780622,2105,0,1,13,13,13,13,10,45
1,763,762,1791052544828517,1791052544830069,1552,0,2,8,8,8,8,6,30
1,764,763,1791052544878517,1791052544879964,1447,0,3,8,8,8,8,6,25
1,765,764,1791052544928517,1791052544929841,1324,0,4,9,9,9,9,8,40
1,766,765,1791052544978517,1791052544979735,1218,0,5,9,9,9,9,6,23
1,767,766,1791052545028517,1791052545029913,1396,0,6,7,7,7,6,2,10
1,768,767,1791052545078517,1791052545080060,1543,0,7,11,11,11,11,10,41
1,769,768,1791052545128517,1791052545130174,1657,0,8,6,6,6,6,4,15
1,770,769,1791052545178517,1791052545180186,1669,0,9,12,12,12,12,8,39
1,771,770,1791052545228517,1791052545230314,1797,0,10,10,10,10,9,8,39
1,772,771,1791052545278517,1791052545280108,1591,0,11,12,12,12,13,10,48
1,773,772,1791052545328517,1791052545330052,1535,0,12,10,10,10,9,6,29
1,774,773,1791052545378517,1791052545380449,1932,0,13,10,10,10,9,4,20
1,775,774,1791052545428517,1791052545430599,2082,0,14,11,11,11,10,6,30
1,776,775,1791052545478517,1791052545479958,1441,0,15,16,16,16,14,14,63
1,777,776,1791052545528517,1791052545529831,1314,0,16,13,13,13,13,6,30
1,778,777,1791052545578517,1791052545579871,1354,0,17,11,11,11,11,7,29
1,779,778,1791052545628517,1791052545629908,1391,0,18,7,7,7,7,6,30
1,780,779,1791052545678517,1791052545680056,1539,0,19,10,10,10,11,7,22
1,781,780,1791052545728517,1791052545730178,1661,0,0,7,7,7,6,2,10
1,782,781,1791052545778517,1791052545780216,1699,0,1,13,13,13,13,10,49
1,783,782,1791052545828517,1791052545830618,2101,0,2,8,8,8,8,6,30
1,784,783,1791052545878517,1791052545880203,1686,0,3,8,8,8,8,7,30
1,785,784,1791052545928517,1791052545930347,1830,0,4,9,9,9,9,8,40
1,786,785,1791052545978517,1791052545979715,1198,0,5,9,9,9,8,7,30
1,787,786,1791052546028517,1791052546029911,1394,0,6,7,7,7,7,3,8
1,788,787,1791052546078517,1791052546080056,1539,0,7,11,11,11,11,8,33
1,789,788,1791052546128517,1791052546129831,1314,0,8,6,6,6,6,4,18
1,790,789,1791052546178517,1791052546180474,1957,0,9,12,12,12,12,10,49
1,791,790,1791052546228517,1791052546230466,1949,0,10,10,10,10,9,6,30
1,792,791,1791052546278517,1791052546280226,1709,0,11,12,12,12,13,12,51
1,793,792,1791052546328517,1791052546330563,2046,0,12,10,10,10,9,6,28
1,794,793,1791052546378517,1791052546379832,1315,0,13,10,10,10,9,8,34
1,795,794,1791052546428517,1791052546429850,1333,0,14,11,11,11,9,7,29
1,796,795,1791052546478517,1791052546480109,1592,0,15,16,16,16,17,15,70
1,797,796,1791052546528517,1791052546530693,2176,0,16,13,13,13,11,6,30
1,798,797,1791052546578517,1791052546580120,1603,0,17,11,11,11,11,6,26
1,799,798,1791052546628517,1791052546630422,1905,0,18,7,7,7,7,6,30
1,800,799,1791052546678517,1791052546679993,1476,0,19,10,10,10,8,4,18
1,801,800,1791052546728517,1791052546729908,1391,0,0,7,7,7,6,2,10
1,802,801,1791052546778517,1791052546780038,1521,0,1,13,13,13,13,12,55
1,803,802,1791052546828517,1791052546830236,1719,0,2,8,8,8,7,4,14
1,804,803,1791052546878517,1791052546880188,1671,0,3,8,8,8,8,6,25
1,805,804,1791052546928517,1791052546930331,1814,0,4,9,9,9,8,6,30
1,806,805,1791052546978517,1791052546980542,2025,0,5,9,9,9,8,7,28
1,807,806,1791052547028517,1791052547030791,2274,0,6,7,7,7,7,4,11
1,808,807,1791052547078517,1791052547080064,1547,0,7,11,11,11,10,6,30
1,809,808,1791052547128517,1791052547130323,1806,0,8,6,6,6,5,4,18
1,810,809,1791052547178517,1791052547180574,2057,0,9,12,12,12,11,11,45
1,811,810,1791052547228517,1791052547230230,1713,0,10,10,10,10,9,7,30
1,812,811,1791052547278517,1791052547280296,1779,0,11,12,12,12,13,10,46
1,813,812,1791052547328517,1791052547330416,1899,0,12,10,10,10,10,7,27
1,814,813,1791052547378517,1791052547379869,1352,0,13,10,10,10,8,6,29
1,815,814,1791052547428517,1791052547430130,1613,0,14,11,11,11,9,9,37
1,816,815,1791052547478517,1791052547479947,1430,0,15,16,16,16,15,12,51
1,817,816,1791052547528517,1791052547529975,1458,0,16,13,13,13,11,6,19
1,818,817,1791052547578517,1791052547580210,1693,0,17,11,11,11,10,2,10
1,819,818,1791052547628517,1791052547630582,2065,0,18,7,7,7,5,4,20
1,820,819,1791052547678517,1791052547680138,1621,0,19,10,10,10,8,7,30
1,821,820,1791052547728517,1791052547730270,1753,0,0,7,7,7,7,5,16
1,822,821,1791052547778517,1791052547780374,1857,0,1,13,13,13,12,10,45
1,823,822,1791052547828517,1791052547830568,2051,0,2,8,8,8,8,6,25
1,824,823,1791052547878517,1791052547880189,1672,0,3,8,8,8,6,4,11
1,825,824,1791052547928517,1791052547930132,1615,0,4,9,9,9,9,6,26
1,826,825,1791052547978517,1791052547980787,2270,0,5,9,9,9,7,6,27
1,827,826,1791052548028517,1791052548030594,2077,0,6,7,7,7,7,2,10
1,828,827,1791052548078517,1791052548080032,1515,0,7,11,11,11,9,6,30
1,829,828,1791052548128517,1791052548130574,2057,0,8,6,6,6,6,2,7
1,830,829,1791052548178517,1791052548179981,1464,0,9,12,12,12,12,8,35
1,831,830,1791052548228517,1791052548230705,2188,0,10,10,10,10,10,10,47
1,832,831,1791052548278517,1791052548280067,1550,0,11,12,12,12,11,11,45
1,833,832,1791052548328517,1791052548330590,2073,0,12,10,10,10,8,4,20
1,834,833,1791052548378517,1791052548380659,2142,0,13,10,10,10,10,8,36
1,835,834,1791052548428517,1791052548429825,1308,0,14,11,11,11,8,4,20
1,836,835,1791052548478517,1791052548480031,1514,0,15,16,16,16,15,14,68
1,837,836,1791052548528517,1791052548530267,1750,0,16,13,13,13,13,6,30
1,838,837,1791052548578517,1791052548580398,1881,0,17,11,11,11,11,4,20
1,839,838,1791052548628517,1791052548630562,2045,0,18,7,7,7,7,6,30
1,840,839,1791052548678517,1791052548680166,1649,0,19,10,10,10,11,5,15
1,841,840,1791052548728517,1791052548730362,1845,0,0,7,7,7,6,2,10
1,842,841,1791052548778517,1791052548780767,2250,0,1,13,13,13,11,10,50
1,843,842,1791052548828517,1791052548829795,1278,0,2,8,8,8,7,6,24
1,844,843,1791052548878517,1791052548880127,1610,0,3,8,8,8,8,4,19
1,845,844,1791052548928517,1791052548930415,1898,0,4,9,9,9,9,7,28
1,846,845,1791052548978517,1791052548980603,2086,0,5,9,9,9,8,8,39
1,847,846,1791052549028517,1791052549030790,2273,0,6,7,7,7,6,2,10
1,848,847,1791052549078517,1791052549080074,1557,0,7,11,11,11,9,6,30
1,849,848,1791052549128517,1791052549130270,1753,0,8,6,6,6,6,4,13
1,850,849,1791052549178517,1791052549179997,1480,0,9,12,12,12,12,8,35
1,851,850,1791052549228517,1791052549230433,1916,0,10,10,10,10,9,8,31
1,852,851,1791052549278517,1791052549280073,1556,0,11,12,12,12,12,10,48
1,853,852,1791052549328517,1791052549330144,1627,0,12,10,10,10,9,6,23
1,854,853,1791052549378517,1791052549380454,1937,0,13,10,10,10,10,7,21
1,855,854,1791052549428517,1791052549430531,2014,0,14,11,11,11,11,6,29
1,856,855,1791052549478517,1791052549480205,1688,0,15,16,16,16,17,15,70
1,857,856,1791052549528517,1791052549530293,1776,0,16,13,13,13,13,6,27
1,858,857,1791052549578517,1791052549580475,1958,0,17,11,11,11,10,6,26
1,859,858,1791052549628517,1791052549630748,2231,0,18,7,7,7,7,6,29
1,860,859,1791052549678517,1791052549679977,1460,0,19,10,10,10,9,2,10
1,861,860,1791052549728517,1791052549729790,1273,0,0,7,7,7,6,2,10
1,862,861,1791052549778517,1791052549779914,1397,0,1,13,13,13,12,10,48
1,863,862,1791052549828517,1791052549830029,1512,0,2,8,8,8,8,6,26
1,864,863,1791052549878517,1791052549879959,1442,0,3,8,8,8,9,6,21
1,865,864,1791052549928517,1791052549929844,1327,0,4,9,9,9,9,7,27
1,866,865,1791052549978517,1791052549979989,1472,0,5,9,9,9,9,6,30
1,867,866,1791052550028517,1791052550030056,1539,0,6,7,7,7,7,6,24
1,868,867,1791052550078517,1791052550080079,1562,0,7,11,11,11,11,10,45
1,869,868,1791052550128517,1791052550130252,1735,0,8,6,6,6,5,0,0
1,870,869,1791052550178517,1791052550180440,1923,0,9,12,12,12,11,4,20
1,871,870,1791052550228517,1791052550230765,2248,0,10,10,10,10,9,8,39
1,872,871,1791052550278517,1791052550279968,1451,0,11,12,12,12,12,12,52
1,873,872,1791052550328517,1791052550329952,1435,0,12,10,10,10,9,4,20
1,874,873,1791052550378517,1791052550379940,1423,0,13,10,10,10,10,5,18
1,875,874,1791052550428517,1791052550430036,1519,0,14,11,11,11,10,6,29
1,876,875,1791052550478517,1791052550480052,1535,0,15,16,16,16,16,14,68
1,877,876,1791052550528517,1791052550530211,1694,0,16,13,13,13,13,6,30
1,878,877,1791052550578517,1791052550580752,2235,0,17,11,11,11,11,8,37
1,879,878,1791052550628517,1791052550630772,2255,0,18,7,7,7,7,6,30
1,880,879,1791052550678517,1791052550680025,1508,0,19,10,10,10,8,4,20
1,881,880,1791052550728517,1791052550730111,1594,0,0,7,7,7,7,4,15
1,882,881,1791052550778517,1791052550779856,1339,0,1,13,13,13,12,8,40
1,883,882,1791052550828517,1791052550829873,1356,0,2,8,8,8,8,6,30
1,884,883,1791052550878517,1791052550880193,1676,0,3,8,8,8,9,8,40
1,885,884,1791052550928517,1791052550930189,1672,0,4,9,9,9,8,6,30
1,886,885,1791052550978517,1791052550980287,1770,0,5,9,9,9,8,6,25
1,887,886,1791052551028517,1791052551030339,1822,0,6,7,7,7,7,2,10
1,888,887,1791052551078517,1791052551080079,1562,0,7,11,11,11,11,9,40
1,889,888,1791052551128517,1791052551129953,1436,0,8,6,6,6,5,2,10
1,890,889,1791052551178517,1791052551180172,1655,0,9,12,12,12,11,6,24
1,891,890,1791052551228517,1791052551230499,1982,0,10,10,10,10,10,10,46
1,892,891,1791052551278517,1791052551280081,1564,0,11,12,12,12,11,10,49
1,893,892,1791052551328517,1791052551330514,1997,0,12,10,10,10,8,5,19
1,894,893,1791052551378517,1791052551379948,1431,0,13,10,10,10,9,6,27
1,895,894,1791052551428517,1791052551430449,1932,0,14,11,11,11,9,6,22
1,896,895,1791052551478517,1791052551480137,1620,0,15,16,16,16,17,15,61
1,897,896,1791052551528517,1791052551529833,1316,0,16,13,13,13,12,7,25
1,898,897,1791052551578517,1791052551579816,1299,0,17,11,11,11,11,6,24
1,899,898,1791052551628517,1791052551630276,1759,0,18,7,7,7,7,6,30
1,900,899,1791052551678517,1791052551680062,1545,0,19,10,10,10,10,8,34
1,901,900,1791052551728517,1791052551730256,1739,0,0,7,7,7,6,5,19
1,902,901,1791052551778517,1791052551780552,2035,0,1,13,13,13,13,10,45
1,903,902,1791052551828517,1791052551830616,2099,0,2,8,8,8,7,6,30
1,904,903,1791052551878517,1791052551879849,1332,0,3,8,8,8,8,5,16
1,905,904,1791052551928517,1791052551930542,2025,0,4,9,9,9,9,4,20
1,906,905,1791052551978517,1791052551980473,1956,0,5,9,9,9,9,8,35
1,907,906,1791052552028517,1791052552030447,1930,0,6,7,7,7,7,2,9
1,908,907,1791052552078517,1791052552079872,1355,0,7,11,11,11,12,8,40
1,909,908,1791052552128517,1791052552129842,1325,0,8,6,6,6,6,3,9
1,910,909,1791052552178517,1791052552179722,1205,0,9,12,12,12,12,8,32
1,911,910,1791052552228517,1791052552229946,1429,0,10,10,10,10,9,8,36
1,912,911,1791052552278517,1791052552280046,1529,0,11,12,12,12,12,11,47
1,913,912,1791052552328517,1791052552330255,1738,0,12,10,10,10,9,6,29
1,914,913,1791052552378517,1791052552380233,1716,0,13,10,10,10,9,9,37
1,915,914,1791052552428517,1791052552430565,2048,0,14,11,11,11,9,9,33
1,916,915,1791052552478517,1791052552480062,1545,0,15,16,16,16,15,12,52
1,917,916,1791052552528517,1791052552529907,1390,0,16,13,13,13,12,2,10
1,918,917,1791052552578517,1791052552579877,1360,0,17,11,11,11,11,2,10
1,919,918,1791052552628517,1791052552629837,1320,0,18,7,7,7,6,6,26
1,920,919,1791052552678517,1791052552680042,1525,0,19,10,10,10,9,4,15
1,921,920,1791052552728517,1791052552730010,1493,0,0,7,7,7,6,2,10
1,922,921,1791052552778517,1791052552780044,1527,0,1,13,13,13,12,12,55
1,923,922,1791052552828517,1791052552829943,1426,0,2,8,8,8,8,6,25
1,924,923,1791052552878517,1791052552880170,1653,0,3,8,8,8,9,5,18
1,925,924,1791052552928517,1791052552930397,1880,0,4,9,9,9,8,4,20
1,926,925,1791052552978517,1791052552980552,2035,0,5,9,9,9,8,6,30
1,927,926,1791052553028517,1791052553030246,1729,0,6,7,7,7,7,5,17
1,928,927,1791052553078517,1791052553080026,1509,0,7,11,11,11,11,9,40
1,929,928,1791052553128517,1791052553130050,1533,0,8,6,6,6,5,3,10
1,930,929,1791052553178517,1791052553180000,1483,0,9,12,12,12,12,11,44
1,931,930,1791052553228517,1791052553230240,1723,0,10,10,10,10,9,8,40
1,932,931,1791052553278517,1791052553280163,1646,0,11,12,12,12,13,10,49
1,933,932,1791052553328517,1791052553330285,1768,0,12,10,10,10,9,4,20
1,934,933,1791052553378517,1791052553380421,1904,0,13,10,10,10,10,7,28
1,935,934,1791052553428517,1791052553430692,2175,0,14,11,11,11,9,9,37
1,936,935,1791052553478517,1791052553480047,1530,0,15,16,16,16,15,12,57
1,937,936,1791052553528517,1791052553529897,1380,0,16,13,13,13,10,7,28
1,938,937,1791052553578517,1791052553579831,1314,0,17,11,11,11,9,9,35
1,939,938,1791052553628517,1791052553630056,1539,0,18,7,7,7,7,6,21
1,940,939,1791052553678517,1791052553679853,1336,0,19,10,10,10,10,8,30
1,941,940,1791052553728517,1791052553729810,1293,0,0,7,7,7,6,4,20
1,942,941,1791052553778517,1791052553779893,1376,0,1,13,13,13,13,10,47
1,943,942,1791052553828517,1791052553830309,1792,0,2,8,8,8,8,6,30
1,944,943,1791052553878517,1791052553880188,1671,0,3,8,8,8,8,7,23
1,945,944,1791052553928517,1791052553930474,1957,0,4,9,9,9,8,7,26
1,946,945,1791052553978517,1791052553980604,2087,0,5,9,9,9,9,7,30
1,947,946,1791052554028517,1791052554030622,2105,0,6,7,7,7,6,2,10
1,948,947,1791052554078517,1791052554079837,1320,0,7,11,11,11,11,6,30
1,949,948,1791052554128517,1791052554130042,1525,0,8,6,6,6,5,4,18
1,950,949,1791052554178517,1791052554180527,2010,0,9,12,12,12,12,12,48
1,951,950,1791052554228517,1791052554229941,1424,0,10,10,10,10,9,8,38
1,952,951,1791052554278517,1791052554279840,1323,0,11,12,12,12,12,11,50
1,953,952,1791052554328517,1791052554329949,1432,0,12,10,10,10,8,6,30
1,954,953,1791052554378517,1791052554379831,1314,0,13,10,10,10,9,6,27
1,955,954,1791052554428517,1791052554430796,2279,0,14,11,11,11,11,8,34
1,956,955,1791052554478517,1791052554480139,1622,0,15,16,16,16,16,14,69
1,957,956,1791052554528517,1791052554529992,1475,0,16,13,13,13,12,9,34
1,958,957,1791052554578517,1791052554580493,1976,0,17,11,11,11,9,9,40
1,959,958,1791052554628517,1791052554629846,1329,0,18,7,7,7,7,7,30
1,960,959,1791052554678517,1791052554679994,1477,0,19,10,10,10,10,5,18
1,961,960,1791052554728517,1791052554729789,1272,0,0,7,7,7,6,2,10
1,962,961,1791052554778517,1791052554779882,1365,0,1,13,13,13,13,11,49
1,963,962,1791052554828517,1791052554830397,1880,0,2,8,8,8,8,6,23
1,964,963,1791052554878517,1791052554880094,1577,0,3,8,8,8,9,6,30
1,965,964,1791052554928517,1791052554930272,1755,0,4,9,9,9,8,6,30
1,966,965,1791052554978517,1791052554980521,2004,0,5,9,9,9,9,6,30
1,967,966,1791052555028517,1791052555030695,2178,0,6,7,7,7,7,4,15
1,968,967,1791052555078517,1791052555080081,1564,0,7,11,11,11,9,6,30
1,969,968,1791052555128517,1791052555130405,1888,0,8,6,6,6,5,2,10
1,970,969,1791052555178517,1791052555180522,2005,0,9,12,12,12,11,8,40
1,971,970,1791052555228517,1791052555230682,2165,0,10,10,10,10,10,8,40
1,972,971,1791052555278517,1791052555279863,1346,0,11,12,12,12,13,12,55
1,973,972,1791052555328517,1791052555329807,1290,0,12,10,10,10,8,6,21
1,974,973,1791052555378517,1791052555380010,1493,0,13,10,10,10,9,6,27
1,975,974,1791052555428517,1791052555430053,1536,0,14,11,11,11,9,9,38
1,976,975,1791052555478517,1791052555480042,1525,0,15,16,16,16,15,14,64
1,977,976,1791052555528517,1791052555530621,2104,0,16,13,13,13,12,8,32
1,978,977,1791052555578517,1791052555580771,2254,0,17,11,11,11,11,6,27
1,979,978,1791052555628517,1791052555629944,1427,0,18,7,7,7,7,6,23
1,980,979,1791052555678517,1791052555680050,1533,0,19,10,10,10,9,7,28
1,981,980,1791052555728517,1791052555729791,1274,0,0,7,7,7,7,4,20
1,982,981,1791052555778517,1791052555779890,1373,0,1,13,13,13,12,8,34
1,983,982,1791052555828517,1791052555830254,1737,0,2,8,8,8,8,6,26
1,984,983,1791052555878517,1791052555879967,1450,0,3,8,8,8,6,6,22
1,985,984,1791052555928517,1791052555930082,1565,0,4,9,9,9,9,9,40
1,986,985,1791052555978517,1791052555980418,1901,0,5,9,9,9,6,6,26
1,987,986,1791052556028517,1791052556030349,1832,0,6,7,7,7,6,2,10
1,988,987,1791052556078517,1791052556080020,1503,0,7,11,11,11,11,8,40
1,989,988,1791052556128517,1791052556130294,1777,0,8,6,6,6,5,2,6
1,990,989,1791052556178517,1791052556180513,1996,0,9,12,12,12,11,4,20
1,991,990,1791052556228517,1791052556230563,2046,0,10,10,10,10,9,6,30
1,992,991,1791052556278517,1791052556280198,1681,0,11,12,12,12,13,11,43
1,993,992,1791052556328517,1791052556330572,2055,0,12,10,10,10,10,8,34
1,994,993,1791052556378517,1791052556379897,1380,0,13,10,10,10,6,2,10
1,995,994,1791052556428517,1791052556430304,1787,0,14,11,11,11,10,6,26
1,996,995,1791052556478517,1791052556480046,1529,0,15,16,16,16,15,14,63
1,997,996,1791052556528517,1791052556530579,2062,0,16,13,13,13,12,6,30
1,998,997,1791052556578517,1791052556580296,1779,0,17,11,11,11,9,4,19
1,999,998,1791052556628517,1791052556629945,1428,0,18,7,7,7,6,4,20
1,1000,999,1791052556678517,1791052556680154,1637,0,19,10,10,10,11,11,42
1,1001,1000,1791052556728517,1791052556730020,1503,0,0,7,7,7,7,4,15
1,1002,1001,1791052556778517,1791052556780236,1719,0,1,13,13,13,11,11,50
1,1003,1002,1791052556828517,1791052556829799,1282,0,2,8,8,8,8,8,32
1,1004,1003,1791052556878517,1791052556879974,1457,0,3,8,8,8,7,7,28
1,1005,1004,1791052556928517,1791052556929934,1417,0,4,9,9,9,9,9,33
1,1006,1005,1791052556978517,1791052556980192,1675,0,5,9,9,9,6,3,6
1,1007,1006,1791052557028517,1791052557029854,1337,0,6,7,7,7,7,2,10
1,1008,1007,1791052557078517,1791052557080160,1643,0,7,11,11,11,11,11,50
1,1009,1008,1791052557128517,1791052557130437,1920,0,8,6,6,6,6,2,10
1,1010,1009,1791052557178517,1791052557180556,2039,0,9,12,12,12,12,8,34
1,1011,1010,1791052557228517,1791052557229878,1361,0,10,10,10,10,8,6,30
1,1012,1011,1791052557278517,1791052557279969,1452,0,11,12,12,12,10,10,47
1,1013,1012,1791052557328517,1791052557330472,1955,0,12,10,10,10,9,4,20
1,1014,1013,1791052557378517,1791052557380684,2167,0,13,10,10,10,10,6,27
1,1015,1014,1791052557428517,1791052557429847,1330,0,14,11,11,11,11,7,30
1,1016,1015,1791052557478517,1791052557480046,1529,0,15,16,16,16,17,17,73
1,1017,1016,1791052557528517,1791052557530654,2137,0,16,13,13,13,11,6,30
1,1018,1017,1791052557578517,1791052557579990,1473,0,17,11,11,11,10,7,26
1,1019,1018,1791052557628517,1791052557630354,1837,0,18,7,7,7,7,6,24
1,1020,1019,1791052557678517,1791052557680172,1655,0,19,10,10,10,10,8,34
1,1021,1020,1791052557728517,1791052557730272,1755,0,0,7,7,7,7,4,20
1,1022,1021,1791052557778517,1791052557780305,1788,0,1,13,13,13,9,8,40
1,1023,1022,1791052557828517,1791052557830605,2088,0,2,8,8,8,8,6,28
1,1024,1023,1791052557878517,1791052557880041,1524,0,3,8,8,8,7,6,29
1,1025,1024,1791052557928517,1791052557930158,1641,0,4,9,9,9,8,6,30
1,1026,1025,1791052557978517,1791052557980460,1943,0,5,9,9,9,8,8,33
1,1027,1026,1791052558028517,1791052558030605,2088,0,6,7,7,7,7,4,15
1,1028,1027,1791052558078517,1791052558079828,1311,0,7,11,11,11,11,8,37
1,1029,1028,1791052558128517,1791052558130048,1531,0,8,6,6,6,6,4,14
1,1030,1029,1791052558178517,1791052558180185,1668,0,9,12,12,12,10,4,16
1,1031,1030,1791052558228517,1791052558230409,1892,0,10,10,10,10,9,8,40
1,1032,1031,1791052558278517,1791052558280190,1673,0,11,12,12,12,12,11,46
1,1033,1032,1791052558328517,1791052558330212,1695,0,12,10,10,10,10,8,35
1,1034,1033,1791052558378517,1791052558380103,1586,0,13,10,10,10,10,5,17
1,1035,1034,1791052558428517,1791052558430257,1740,0,14,11,11,11,10,6,30
1,1036,1035,1791052558478517,1791052558479961,1444,0,15,16,16,16,14,14,62
1,1037,1036,1791052558528517,1791052558530174,1657,0,16,13,13,13,13,7,29
1,1038,1037,1791052558578517,1791052558580474,1957,0,17,11,11,11,11,7,23
1,1039,1038,1791052558628517,1791052558630231,1714,0,18,7,7,7,7,6,30
1,1040,1039,1791052558678517,1791052558680080,1563,0,19,10,10,10,10,5,19
1,1041,1040,1791052558728517,1791052558730334,1817,0,0,7,7,7,6,2,10
1,1042,1041,1791052558778517,1791052558780518,2001,0,1,13,13,13,11,10,50
1,1043,1042,1791052558828517,1791052558829827,1310,0,2,8,8,8,8,8,29
1,1044,1043,1791052558878517,1791052558879995,1478,0,3,8,8,8,7,6,25
1,1045,1044,1791052558928517,1791052558930603,2086,0,4,9,9,9,8,6,28
1,1046,1045,1791052558978517,1791052558980001,1484,0,5,9,9,9,8,6,22
1,1047,1046,1791052559028517,1791052559030409,1892,0,6,7,7,7,7,2,10
1,1048,1047,1791052559078517,1791052559079987,1470,0,7,11,11,11,12,9,40
1,1049,1048,1791052559128517,1791052559130728,2211,0,8,6,6,6,5,4,16
1,1050,1049,1791052559178517,1791052559180335,1818,0,9,12,12,12,10,0,0
1,1051,1050,1791052559228517,1791052559229873,1356,0,10,10,10,10,9,8,40
1,1052,1051,1791052559278517,1791052559279962,1445,0,11,12,12,12,11,10,43
1,1053,1052,1791052559328517,1791052559330403,1886,0,12,10,10,10,9,6,21
1,1054,1053,1791052559378517,1791052559380143,1626,0,13,10,10,10,10,9,36
1,1055,1054,1791052559428517,1791052559430707,2190,0,14,11,11,11,10,7,30
1,1056,1055,1791052559478517,1791052559479805,1288,0,15,16,16,16,16,14,49
1,1057,1056,1791052559528517,1791052559530750,2233,0,16,13,13,13,10,7,30
1,1058,1057,1791052559578517,1791052559579859,1342,0,17,11,11,11,11,7,23
1,1059,1058,1791052559628517,1791052559630111,1594,0,18,7,7,7,6,4,12
1,1060,1059,1791052559678517,1791052559680165,1648,0,19,10,10,10,11,8,31
1,1061,1060,1791052559728517,1791052559730493,1976,0,0,7,7,7,6,3,7
1,1062,1061,1791052559778517,1791052559780653,2136,0,1,13,13,13,11,8,40
1,1063,1062,1791052559828517,1791052559830750,2233,0,2,8,8,8,8,7,26
1,1064,1063,1791052559878517,1791052559880176,1659,0,3,8,8,8,7,6,21
1,1065,1064,1791052559928517,1791052559930463,1946,0,4,9,9,9,7,4,16
1,1066,1065,1791052559978517,1791052559980709,2192,0,5,9,9,9,8,6,30
1,1067,1066,1791052560028517,1791052560029838,1321,0,6,7,7,7,7,4,17
1,1068,1067,1791052560078517,1791052560079999,1482,0,7,11,11,11,11,10,43
1,1069,1068,1791052560128517,1791052560130403,1886,0,8,6,6,6,4,4,12
1,1070,1069,1791052560178517,1791052560180014,1497,0,9,12,12,12,11,5,18
1,1071,1070,1791052560228517,1791052560229729,1212,0,10,10,10,10,9,8,34
1,1072,1071,1791052560278517,1791052560280094,1577,0,11,12,12,12,11,8,33
1,1073,1072,1791052560328517,1791052560330618,2101,0,12,10,10,10,7,2,10
1,1074,1073,1791052560378517,1791052560380351,1834,0,13,10,10,10,10,8,38
1,1075,1074,1791052560428517,1791052560430130,1613,0,14,11,11,11,6,2,4
1,1076,1075,1791052560478517,1791052560479971,1454,0,15,16,16,16,13,10,50
1,1077,1076,1791052560528517,1791052560530103,1586,0,16,13,13,13,9,6,23
1,1078,1077,1791052560578517,1791052560580094,1577,0,17,11,11,11,10,3,8
1,1079,1078,1791052560628517,1791052560630467,1950,0,18,7,7,7,6,6,29
1,1080,1079,1791052560678517,1791052560680128,1611,0,19,10,10,10,8,5,15
1,1081,1080,1791052560728517,1791052560730633,2116,0,0,7,7,7,5,4,14
1,1082,1081,1791052560778517,1791052560780136,1619,0,1,13,13,13,11,7,30
1,1083,1082,1791052560828517,1791052560830252,1735,0,2,8,8,8,8,6,30
1,1084,1083,1791052560878517,1791052560879967,1450,0,3,8,8,8,7,4,15
1,1085,1084,1791052560928517,1791052560930626,2109,0,4,9,9,9,9,6,24
1,1086,1085,1791052560978517,1791052560979875,1358,0,5,9,9,9,8,6,30
1,1087,1086,1791052561028517,1791052561030115,1598,0,6,7,7,7,7,6,15
1,1088,1087,1791052561078517,1791052561080165,1648,0,7,11,11,11,11,7,24
1,1089,1088,1791052561128517,1791052561130550,2033,0,8,6,6,6,5,2,10
1,1090,1089,1791052561178517,1791052561179946,1429,0,9,12,12,12,12,4,19
1,1091,1090,1791052561228517,1791052561230144,1627,0,10,10,10,10,9,8,40
1,1092,1091,1791052561278517,1791052561280024,1507,0,11,12,12,12,11,10,30
1,1093,1092,1791052561328517,1791052561329811,1294,0,12,10,10,10,8,2,3
1,1094,1093,1791052561378517,1791052561379845,1328,0,13,10,10,10,10,9,38
1,1095,1094,1791052561428517,1791052561430036,1519,0,14,11,11,11,7,7,26
1,1096,1095,1791052561478517,1791052561479961,1444,0,15,16,16,16,15,14,57
1,1097,1096,1791052561528517,1791052561530453,1936,0,16,13,13,13,10,7,26
1,1098,1097,1791052561578517,1791052561580034,1517,0,17,11,11,11,10,2,10
1,1099,1098,1791052561628517,1791052561630594,2077,0,18,7,7,7,5,4,15
1,1100,1099,1791052561678517,1791052561680182,1665,0,19,10,10,10,11,6,19
1,1101,1100,1791052561728517,1791052561729818,1301,0,0,7,7,7,7,6,27
1,1102,1101,1791052561778517,1791052561780726,2209,0,1,13,13,13,10,9,34
1,1103,1102,1791052561828517,1791052561830693,2176,0,2,8,8,8,8,7,28
1,1104,1103,1791052561878517,1791052561880206,1689,0,3,8,8,8,8,6,24
1,1105,1104,1791052561928517,1791052561930727,2210,0,4,9,9,9,9,4,19
1,1106,1105,1791052561978517,1791052561979762,1245,0,5,9,9,9,9,6,30
1,1107,1106,1791052562028517,1791052562029845,1328,0,6,7,7,7,6,5,19
1,1108,1107,1791052562078517,1791052562080076,1559,0,7,11,11,11,7,4,17
1,1109,1108,1791052562128517,1791052562130197,1680,0,8,6,6,6,5,4,20
1,1110,1109,1791052562178517,1791052562180158,1641,0,9,12,12,12,10,2,2
1,1111,1110,1791052562228517,1791052562230369,1852,0,10,10,10,10,10,8,40
1,1112,1111,1791052562278517,1791052562280137,1620,0,11,12,12,12,13,9,39
1,1113,1112,1791052562328517,1791052562330180,1663,0,12,10,10,10,9,4,14
1,1114,1113,1791052562378517,1791052562380095,1578,0,13,10,10,10,10,8,40
1,1115,1114,1791052562428517,1791052562430312,1795,0,14,11,11,11,10,6,21
1,1116,1115,1791052562478517,1791052562480220,1703,0,15,16,16,16,16,16,65
1,1117,1116,1791052562528517,1791052562530372,1855,0,16,13,13,13,11,10,32
1,1118,1117,1791052562578517,1791052562580573,2056,0,17,11,11,11,8,7,23
1,1119,1118,1791052562628517,1791052562630621,2104,0,18,7,7,7,7,5,18
1,1120,1119,1791052562678517,1791052562680046,1529,0,19,10,10,10,10,6,30
1,1121,1120,1791052562728517,1791052562730066,1549,0,0,7,7,7,7,6,29
1,1122,1121,1791052562778517,1791052562780211,1694,0,1,13,13,13,12,8,29
1,1123,1122,1791052562828517,1791052562830738,2221,0,2,8,8,8,6,5,16
1,1124,1123,1791052562878517,1791052562880102,1585,0,3,8,8,8,8,5,17
1,1125,1124,1791052562928517,1791052562930564,2047,0,4,9,9,9,9,4,20
1,1126,1125,1791052562978517,1791052562980701,2184,0,5,9,9,9,8,6,30
1,1127,1126,1791052563028517,1791052563030524,2007,0,6,7,7,7,7,4,14
1,1128,1127,1791052563078517,1791052563079859,1342,0,7,11,11,11,11,10,44
1,1129,1128,1791052563128517,1791052563129987,1470,0,8,6,6,6,5,2,10
1,1130,1129,1791052563178517,1791052563180459,1942,0,9,12,12,12,12,4,20
1,1131,1130,1791052563228517,1791052563230604,2087,0,10,10,10,10,9,8,40
1,1132,1131,1791052563278517,1791052563280064,1547,0,11,12,12,12,12,11,42
1,1133,1132,1791052563328517,1791052563330546,2029,0,12,10,10,10,8,3,9
1,1134,1133,1791052563378517,1791052563380687,2170,0,13,10,10,10,10,10,49
1,1135,1134,1791052563428517,1791052563430687,2170,0,14,11,11,11,11,9,39
1,1136,1135,1791052563478517,1791052563480032,1515,0,15,16,16,16,14,9,34
1,1137,1136,1791052563528517,1791052563529958,1441,0,16,13,13,13,12,6,23
1,1138,1137,1791052563578517,1791052563580277,1760,0,17,11,11,11,10,2,10
1,1139,1138,1791052563628517,1791052563630678,2161,0,18,7,7,7,6,4,20
1,1140,1139,1791052563678517,1791052563680037,1520,0,19,10,10,10,9,2,10
1,1141,1140,1791052563728517,1791052563730115,1598,0,0,7,7,7,7,5,18
1,1142,1141,1791052563778517,1791052563780666,2149,0,1,13,13,13,12,10,44
1,1143,1142,1791052563828517,1791052563830368,1851,0,2,8,8,8,8,7,25
1,1144,1143,1791052563878517,1791052563880117,1600,0,3,8,8,8,9,5,17
1,1145,1144,1791052563928517,1791052563929789,1272,0,4,9,9,9,7,4,12
1,1146,1145,1791052563978517,1791052563980382,1865,0,5,9,9,9,9,8,40
1,1147,1146,1791052564028517,1791052564029790,1273,0,6,7,7,7,7,2,10
1,1148,1147,1791052564078517,1791052564080048,1531,0,7,11,11,11,9,8,38
1,1149,1148,1791052564128517,1791052564130376,1859,0,8,6,6,6,2,0,0
1,1150,1149,1791052564178517,1791052564180612,2095,0,9,12,12,12,12,4,20
1,1151,1150,1791052564228517,1791052564229917,1400,0,10,10,10,10,9,6,30
1,1152,1151,1791052564278517,1791052564279908,1391,0,11,12,12,12,13,8,35
1,1153,1152,1791052564328517,1791052564330373,1856,0,12,10,10,10,10,8,34
1,1154,1153,1791052564378517,1791052564379824,1307,0,13,10,10,10,10,6,23
1,1155,1154,1791052564428517,1791052564429944,1427,0,14,11,11,11,11,7,25
1,1156,1155,1791052564478517,1791052564480144,1627,0,15,16,16,16,16,15,67
1,1157,1156,1791052564528517,1791052564530394,1877,0,16,13,13,13,10,6,30
1,1158,1157,1791052564578517,1791052564580431,1914,0,17,11,11,11,11,4,18
1,1159,1158,1791052564628517,1791052564630528,2011,0,18,7,7,7,6,6,30
1,1160,1159,1791052564678517,1791052564679988,1471,0,19,10,10,10,8,2,9
1,1161,1160,1791052564728517,1791052564729852,1335,0,0,7,7,7,6,4,11
1,1162,1161,1791052564778517,1791052564780030,1513,0,1,13,13,13,12,10,50
1,1163,1162,1791052564828517,1791052564830020,1503,0,2,8,8,8,8,6,23
1,1164,1163,1791052564878517,1791052564880217,1700,0,3,8,8,8,8,6,21
1,1165,1164,1791052564928517,1791052564930405,1888,0,4,9,9,9,7,4,20
1,1166,1165,1791052564978517,1791052564980135,1618,0,5,9,9,9,9,8,38
1,1167,1166,1791052565028517,1791052565030416,1899,0,6,7,7,7,7,2,8
1,1168,1167,1791052565078517,1791052565079992,1475,0,7,11,11,11,11,8,37
1,1169,1168,1791052565128517,1791052565130173,1656,0,8,6,6,6,5,2,5
1,1170,1169,1791052565178517,1791052565180613,2096,0,9,12,12,12,12,6,26
1,1171,1170,1791052565228517,1791052565229802,1285,0,10,10,10,10,10,10,42
1,1172,1171,1791052565278517,1791052565280186,1669,0,11,12,12,12,13,12,46
1,1173,1172,1791052565328517,1791052565330468,1951,0,12,10,10,10,10,9,40
1,1174,1173,1791052565378517,1791052565380510,1993,0,13,10,10,10,8,7,27
1,1175,1174,1791052565428517,1791052565430764,2247,0,14,11,11,11,8,6,26
1,1176,1175,1791052565478517,1791052565480012,1495,0,15,16,16,16,16,16,76
1,1177,1176,1791052565528517,1791052565530291,1774,0,16,13,13,13,11,6,30
1,1178,1177,1791052565578517,1791052565580563,2046,0,17,11,11,11,10,4,11
1,1179,1178,1791052565628517,1791052565630109,1592,0,18,7,7,7,7,6,30
1,1180,1179,1791052565678517,1791052565680224,1707,0,19,10,10,10,11,8,24
1,1181,1180,1791052565728517,1791052565730475,1958,0,0,7,7,7,6,4,15
1,1182,1181,1791052565778517,1791052565779940,1423,0,1,13,13,13,13,13,57
1,1183,1182,1791052565828517,1791052565830168,1651,0,2,8,8,8,6,4,17
1,1184,1183,1791052565878517,1791052565880055,1538,0,3,8,8,8,9,4,20
1,1185,1184,1791052565928517,1791052565930601,2084,0,4,9,9,9,9,6,22
1,1186,1185,1791052565978517,1791052565980001,1484,0,5,9,9,9,8,6,29
1,1187,1186,1791052566028517,1791052566030546,2029,0,6,7,7,7,6,5,15
1,1188,1187,1791052566078517,1791052566080041,1524,0,7,11,11,11,10,8,33
1,1189,1188,1791052566128517,1791052566130561,2044,0,8,6,6,6,4,4,12
1,1190,1189,1791052566178517,1791052566180175,1658,0,9,12,12,12,12,11,50
1,1191,1190,1791052566228517,1791052566230668,2151,0,10,10,10,10,9,5,20
1,1192,1191,1791052566278517,1791052566279811,1294,0,11,12,12,12,13,8,34
1,1193,1192,1791052566328517,1791052566330164,1647,0,12,10,10,10,9,6,29
1,1194,1193,1791052566378517,1791052566379863,1346,0,13,10,10,10,9,7,26
1,1195,1194,1791052566428517,1791052566430245,1728,0,14,11,11,11,10,10,41
1,1196,1195,1791052566478517,1791052566480066,1549,0,15,16,16,16,17,13,56
1,1197,1196,1791052566528517,1791052566530452,1935,0,16,13,13,13,10,8,28
1,1198,1197,1791052566578517,1791052566580300,1783,0,17,11,11,11,10,4,17
1,1199,1198,1791052566628517,1791052566630180,1663,0,18,7,7,7,7,6,26
1,1200,1199,1791052566678517,1791052566679991,1474,0,19,10,10,10,9,7,26
1,1201,1200,1791052566728517,1791052566730245,1728,0,0,7,7,7,7,4,15
1,1202,1201,1791052566778517,1791052566780634,2117,0,1,13,13,13,12,12,53
1,1203,1202,1791052566828517,1791052566830408,1891,0,2,8,8,8,7,7,27
1,1204,1203,1791052566878517,1791052566880105,1588,0,3,8,8,8,9,9,40
1,1205,1204,1791052566928517,1791052566930749,2232,0,4,9,9,9,8,8,36
1,1206,1205,1791052566978517,1791052566979939,1422,0,5,9,9,9,8,7,23
1,1207,1206,1791052567028517,1791052567030657,2140,0,6,7,7,7,5,2,10
1,1208,1207,1791052567078517,1791052567080193,1676,0,7,11,11,11,12,8,40
1,1209,1208,1791052567128517,1791052567129939,1422,0,8,6,6,6,6,2,10
1,1210,1209,1791052567178517,1791052567180347,1830,0,9,12,12,12,11,6,25
1,1211,1210,1791052567228517,1791052567229892,1375,0,10,10,10,10,9,8,36
1,1212,1211,1791052567278517,1791052567280010,1493,0,11,12,12,12,13,12,43
1,1213,1212,1791052567328517,1791052567330533,2016,0,12,10,10,10,9,6,23
1,1214,1213,1791052567378517,1791052567380206,1689,0,13,10,10,10,9,6,23
1,1215,1214,1791052567428517,1791052567430098,1581,0,14,11,11,11,11,6,28
1,1216,1215,1791052567478517,1791052567480002,1485,0,15,16,16,16,16,16,74
1,1217,1216,1791052567528517,1791052567530030,1513,0,16,13,13,13,12,6,23
1,1218,1217,1791052567578517,1791052567580104,1587,0,17,11,11,11,11,6,25
1,1219,1218,1791052567628517,1791052567630414,1897,0,18,7,7,7,7,6,30
1,1220,1219,1791052567678517,1791052567680029,1512,0,19,10,10,10,9,9,32
1,1221,1220,1791052567728517,1791052567730249,1732,0,0,7,7,7,7,6,28
1,1222,1221,1791052567778517,1791052567780405,1888,0,1,13,13,13,12,8,30
1,1223,1222,1791052567828517,1791052567829966,1449,0,2,8,8,8,8,6,30
1,1224,1223,1791052567878517,1791052567880082,1565,0,3,8,8,8,9,6,25
1,1225,1224,1791052567928517,1791052567930191,1674,0,4,9,9,9,8,4,17
1,1226,1225,1791052567978517,1791052567980294,1777,0,5,9,9,9,9,6,30
1,1227,1226,1791052568028517,1791052568030307,1790,0,6,7,7,7,7,5,19
1,1228,1227,1791052568078517,1791052568079829,1312,0,7,11,11,11,10,6,25
1,1229,1228,1791052568128517,1791052568129910,1393,0,8,6,6,6,6,4,18
1,1230,1229,1791052568178517,1791052568180200,1683,0,9,12,12,12,12,10,44
1,1231,1230,1791052568228517,1791052568230389,1872,0,10,10,10,10,10,8,32
1,1232,1231,1791052568278517,1791052568279913,1396,0,11,12,12,12,13,10,43
1,1233,1232,1791052568328517,1791052568329942,1425,0,12,10,10,10,10,6,27
1,1234,1233,1791052568378517,1791052568380429,1912,0,13,10,10,10,10,6,28
1,1235,1234,1791052568428517,1791052568430561,2044,0,14,11,11,11,9,6,24
1,1236,1235,1791052568478517,1791052568480000,1483,0,15,16,16,16,16,16,71
1,1237,1236,1791052568528517,1791052568530273,1756,0,16,13,13,13,11,6,30
1,1238,1237,1791052568578517,1791052568580376,1859,0,17,11,11,11,9,4,14
1,1239,1238,1791052568628517,1791052568630461,1944,0,18,7,7,7,7,6,25
1,1240,1239,1791052568678517,1791052568680083,1566,0,19,10,10,10,10,7,30
1,1241,1240,1791052568728517,1791052568730554,2037,0,0,7,7,7,6,3,10
1,1242,1241,1791052568778517,1791052568780349,1832,0,1,13,13,13,12,10,50
1,1243,1242,1791052568828517,1791052568829819,1302,0,2,8,8,8,8,6,30
1,1244,1243,1791052568878517,1791052568880075,1558,0,3,8,8,8,8,7,24
1,1245,1244,1791052568928517,1791052568930460,1943,0,4,9,9,9,8,6,30
1,1246,1245,1791052568978517,1791052568980582,2065,0,5,9,9,9,9,6,29
1,1247,1246,1791052569028517,1791052569030769,2252,0,6,7,7,7,7,4,14
1,1248,1247,1791052569078517,1791052569080001,1484,0,7,11,11,11,9,6,30
1,1249,1248,1791052569128517,1791052569130028,1511,0,8,6,6,6,6,3,7
1,1250,1249,1791052569178517,1791052569180065,1548,0,9,12,12,12,10,4,20
1,1251,1250,1791052569228517,1791052569230140,1623,0,10,10,10,10,10,10,50
1,1252,1251,1791052569278517,1791052569280060,1543,0,11,12,12,12,11,11,45
1,1253,1252,1791052569328517,1791052569329899,1382,0,12,10,10,10,9,7,30
1,1254,1253,1791052569378517,1791052569380155,1638,0,13,10,10,10,9,4,17
1,1255,1254,1791052569428517,1791052569430211,1694,0,14,11,11,11,11,8,38
1,1256,1255,1791052569478517,1791052569479946,1429,0,15,16,16,16,16,13,60
1,1257,1256,1791052569528517,1791052569530477,1960,0,16,13,13,13,13,6,30
1,1258,1257,1791052569578517,1791052569580788,2271,0,17,11,11,11,11,4,17
1,1259,1258,1791052569628517,1791052569630242,1725,0,18,7,7,7,6,6,30
1,1260,1259,1791052569678517,1791052569679981,1464,0,19,10,10,10,9,5,18
1,1261,1260,1791052569728517,1791052569730471,1954,0,0,7,7,7,6,2,10
1,1262,1261,1791052569778517,1791052569779970,1453,0,1,13,13,13,12,10,50
1,1263,1262,1791052569828517,1791052569830122,1605,0,2,8,8,8,8,6,30
1,1264,1263,1791052569878517,1791052569880149,1632,0,3,8,8,8,8,6,25
1,1265,1264,1791052569928517,1791052569930722,2205,0,4,9,9,9,8,6,30
1,1266,1265,1791052569978517,1791052569980155,1638,0,5,9,9,9,6,4,13
1,1267,1266,1791052570028517,1791052570030600,2083,0,6,7,7,7,5,2,10
1,1268,1267,1791052570078517,1791052570079859,1342,0,7,11,11,11,11,10,50
1,1269,1268,1791052570128517,1791052570130471,1954,0,8,6,6,6,3,2,6
1,1270,1269,1791052570178517,1791052570179966,1449,0,9,12,12,12,10,0,0
1,1271,1270,1791052570228517,1791052570230381,1864,0,10,10,10,10,10,8,35
1,1272,1271,1791052570278517,1791052570280228,1711,0,11,12,12,12,13,10,45
1,1273,1272,1791052570328517,1791052570330550,2033,0,12,10,10,10,8,8,34
1,1274,1273,1791052570378517,1791052570380725,2208,0,13,10,10,10,10,7,24
1,1275,1274,1791052570428517,1791052570430020,1503,0,14,11,11,11,10,8,35
1,1276,1275,1791052570478517,1791052570479848,1331,0,15,16,16,16,17,13,54
1,1277,1276,1791052570528517,1791052570529855,1338,0,16,13,13,13,10,6,26
1,1278,1277,1791052570578517,1791052570580103,1586,0,17,11,11,11,8,6,28
1,1279,1278,1791052570628517,1791052570630504,1987,0,18,7,7,7,7,6,27
1,1280,1279,1791052570678517,1791052570680008,1491,0,19,10,10,10,10,9,38
1,1281,1280,1791052570728517,1791052570729894,1377,0,0,7,7,7,7,5,20
1,1282,1281,1791052570778517,1791052570780295,1778,0,1,13,13,13,10,8,36
1,1283,1282,1791052570828517,1791052570830408,1891,0,2,8,8,8,8,6,29
1,1284,1283,1791052570878517,1791052570880119,1602,0,3,8,8,8,6,4,11
1,1285,1284,1791052570928517,1791052570930275,1758,0,4,9,9,9,9,6,30
1,1286,1285,1791052570978517,1791052570979744,1227,0,5,9,9,9,9,8,40
1,1287,1286,1791052571028517,1791052571030386,1869,0,6,7,7,7,7,2,10
1,1288,1287,1791052571078517,1791052571079860,1343,0,7,11,11,11,12,8,40
1,1289,1288,1791052571128517,1791052571130095,1578,0,8,6,6,6,5,2,5
1,1290,1289,1791052571178517,1791052571180367,1850,0,9,12,12,12,10,4,20
1,1291,1290,1791052571228517,1791052571230462,1945,0,10,10,10,10,10,10,44
1,1292,1291,1791052571278517,1791052571279963,1446,0,11,12,12,12,11,11,50
1,1293,1292,1791052571328517,1791052571329945,1428,0,12,10,10,10,10,6,25
1,1294,1293,1791052571378517,1791052571380404,1887,0,13,10,10,10,8,6,23
1,1295,1294,1791052571428517,1791052571430473,1956,0,14,11,11,11,10,6,30
1,1296,1295,1791052571478517,1791052571480191,1674,0,15,16,16,16,16,14,65
1,1297,1296,1791052571528517,1791052571530334,1817,0,16,13,13,13,13,6,30
1,1298,1297,1791052571578517,1791052571580467,1950,0,17,11,11,11,10,7,23
1,1299,1298,1791052571628517,1791052571630249,1732,0,18,7,7,7,7,6,29
1,1300,1299,1791052571678517,1791052571679868,1351,0,19,10,10,10,10,9,34
1,1301,1300,1791052571728517,1791052571730174,1657,0,0,7,7,7,6,4,15
1,1302,1301,1791052571778517,1791052571780523,2006,0,1,13,13,13,11,8,39
1,1303,1302,1791052571828517,1791052571829975,1458,0,2,8,8,8,8,6,30
1,1304,1303,1791052571878517,1791052571879988,1471,0,3,8,8,8,7,4,20
1,1305,1304,1791052571928517,1791052571929734,1217,0,4,9,9,9,7,6,27
1,1306,1305,1791052571978517,1791052571980611,2094,0,5,9,9,9,8,4,20
1,1307,1306,1791052572028517,1791052572030366,1849,0,6,7,7,7,6,4,19
1,1308,1307,1791052572078517,1791052572080175,1658,0,7,11,11,11,12,9,40
1,1309,1308,1791052572128517,1791052572130289,1772,0,8,6,6,6,5,2,7
1,1310,1309,1791052572178517,1791052572180333,1816,0,9,12,12,12,12,8,35
1,1311,1310,1791052572228517,1791052572230617,2100,0,10,10,10,10,9,6,30
1,1312,1311,1791052572278517,1791052572280147,1630,0,11,12,12,12,12,10,50
1,1313,1312,1791052572328517,1791052572329938,1421,0,12,10,10,10,9,6,30
1,1314,1313,1791052572378517,1791052572380042,1525,0,13,10,10,10,10,5,19
1,1315,1314,1791052572428517,1791052572429918,1401,0,14,11,11,11,11,6,30
1,1316,1315,1791052572478517,1791052572480105,1588,0,15,16,16,16,17,17,79
1,1317,1316,1791052572528517,1791052572530268,1751,0,16,13,13,13,13,6,30
1,1318,1317,1791052572578517,1791052572580548,2031,0,17,11,11,11,9,6,16
1,1319,1318,1791052572628517,1791052572630046,1529,0,18,7,7,7,7,6,30
1,1320,1319,1791052572678517,1791052572679985,1468,0,19,10,10,10,9,6,27
1,1321,1320,1791052572728517,1791052572730100,1583,0,0,7,7,7,7,4,14
1,1322,1321,1791052572778517,1791052572780384,1867,0,1,13,13,13,13,10,47
1,1323,1322,1791052572828517,1791052572830501,1984,0,2,8,8,8,8,6,30
1,1324,1323,1791052572878517,1791052572879951,1434,0,3,8,8,8,9,9,34
1,1325,1324,1791052572928517,1791052572930046,1529,0,4,9,9,9,9,9,38
1,1326,1325,1791052572978517,1791052572980362,1845,0,5,9,9,9,7,4,20
1,1327,1326,1791052573028517,1791052573030038,1521,0,6,7,7,7,7,4,20
1,1328,1327,1791052573078517,1791052573080053,1536,0,7,11,11,11,11,8,40
1,1329,1328,1791052573128517,1791052573129983,1466,0,8,6,6,6,5,0,0
1,1330,1329,1791052573178517,1791052573180004,1487,0,9,12,12,12,12,6,24
1,1331,1330,1791052573228517,1791052573230344,1827,0,10,10,10,10,10,10,47
1,1332,1331,1791052573278517,1791052573280156,1639,0,11,12,12,12,13,13,59
1,1333,1332,1791052573328517,1791052573329862,1345,0,12,10,10,10,7,6,30
1,1334,1333,1791052573378517,1791052573379938,1421,0,13,10,10,10,9,6,23
1,1335,1334,1791052573428517,1791052573430089,1572,0,14,11,11,11,11,6,30
1,1336,1335,1791052573478517,1791052573480004,1487,0,15,16,16,16,15,15,69
1,1337,1336,1791052573528517,1791052573530076,1559,0,16,13,13,13,12,6,29
1,1338,1337,1791052573578517,1791052573580632,2115,0,17,11,11,11,9,6,25
1,1339,1338,1791052573628517,1791052573630091,1574,0,18,7,7,7,7,6,27
1,1340,1339,1791052573678517,1791052573680109,1592,0,19,10,10,10,10,9,28
1,1341,1340,1791052573728517,1791052573730638,2121,0,0,7,7,7,7,6,23
1,1342,1341,1791052573778517,1791052573779875,1358,0,1,13,13,13,13,10,48
1,1343,1342,1791052573828517,1791052573830170,1653,0,2,8,8,8,8,6,30
1,1344,1343,1791052573878517,1791052573880059,1542,0,3,8,8,8,8,8,37
1,1345,1344,1791052573928517,1791052573930376,1859,0,4,9,9,9,9,8,35
1,1346,1345,1791052573978517,1791052573979882,1365,0,5,9,9,9,8,6,23
1,1347,1346,1791052574028517,1791052574030249,1732,0,6,7,7,7,7,2,10
1,1348,1347,1791052574078517,1791052574079852,1335,0,7,11,11,11,12,9,40
1,1349,1348,1791052574128517,1791052574130151,1634,0,8,6,6,6,6,6,19
1,1350,1349,1791052574178517,1791052574180521,2004,0,9,12,12,12,9,3,10
1,1351,1350,1791052574228517,1791052574230536,2019,0,10,10,10,10,10,8,33
1,1352,1351,1791052574278517,1791052574279964,1447,0,11,12,12,12,12,10,43
1,1353,1352,1791052574328517,1791052574330269,1752,0,12,10,10,10,7,5,19
1,1354,1353,1791052574378517,1791052574380757,2240,0,13,10,10,10,10,10,43
1,1355,1354,1791052574428517,1791052574430070,1553,0,14,11,11,11,8,4,16
1,1356,1355,1791052574478517,1791052574480112,1595,0,15,16,16,16,17,15,63
1,1357,1356,1791052574528517,1791052574530215,1698,0,16,13,13,13,7,4,14
1,1358,1357,1791052574578517,1791052574580769,2252,0,17,11,11,11,11,5,20
1,1359,1358,1791052574628517,1791052574630084,1567,0,18,7,7,7,7,4,20
1,1360,1359,1791052574678517,1791052574680151,1634,0,19,10,10,10,10,4,14
1,1361,1360,1791052574728517,1791052574730094,1577,0,0,7,7,7,6,2,10
1,1362,1361,1791052574778517,1791052574780236,1719,0,1,13,13,13,11,10,50
1,1363,1362,1791052574828517,1791052574830204,1687,0,2,8,8,8,8,6,28
1,1364,1363,1791052574878517,1791052574879970,1453,0,3,8,8,8,7,6,21
1,1365,1364,1791052574928517,1791052574929951,1434,0,4,9,9,9,7,6,21
1,1366,1365,1791052574978517,1791052574979889,1372,0,5,9,9,9,9,6,30
1,1367,1366,1791052575028517,1791052575029964,1447,0,6,7,7,7,7,4,20
1,1368,1367,1791052575078517,1791052575079865,1348,0,7,11,11,11,12,8,34
1,1369,1368,1791052575128517,1791052575130154,1637,0,8,6,6,6,6,2,9
1,1370,1369,1791052575178517,1791052575180472,1955,0,9,12,12,12,12,8,40
1,1371,1370,1791052575228517,1791052575229775,1258,0,10,10,10,10,10,10,50
1,1372,1371,1791052575278517,1791052575279944,1427,0,11,12,12,12,13,9,40
1,1373,1372,1791052575328517,1791052575330340,1823,0,12,10,10,10,9,7,28
1,1374,1373,1791052575378517,1791052575379810,1293,0,13,10,10,10,10,9,40
1,1375,1374,1791052575428517,1791052575429870,1353,0,14,11,11,11,9,8,33
1,1376,1375,1791052575478517,1791052575480181,1664,0,15,16,16,16,16,9,38
1,1377,1376,1791052575528517,1791052575530137,1620,0,16,13,13,13,12,9,37
1,1378,1377,1791052575578517,1791052575580585,2068,0,17,11,11,11,11,4,16
1,1379,1378,1791052575628517,1791052575630553,2036,0,18,7,7,7,7,4,20
1,1380,1379,1791052575678517,1791052575680071,1554,0,19,10,10,10,9,4,20
1,1381,1380,1791052575728517,1791052575730157,1640,0,0,7,7,7,6,4,16
1,1382,1381,1791052575778517,1791052575780259,1742,0,1,13,13,13,12,8,36
1,1383,1382,1791052575828517,1791052575830437,1920,0,2,8,8,8,8,6,23
1,1384,1383,1791052575878517,1791052575880080,1563,0,3,8,8,8,8,4,13
1,1385,1384,1791052575928517,1791052575930153,1636,0,4,9,9,9,9,6,29
1,1386,1385,1791052575978517,1791052575980137,1620,0,5,9,9,9,9,8,39
1,1387,1386,1791052576028517,1791052576030424,1907,0,6,7,7,7,7,2,5
1,1388,1387,1791052576078517,1791052576080060,1543,0,7,11,11,11,11,8,40
1,1389,1388,1791052576128517,1791052576130133,1616,0,8,6,6,6,5,2,10
1,1390,1389,1791052576178517,1791052576180114,1597,0,9,12,12,12,12,8,34
1,1391,1390,1791052576228517,1791052576230287,1770,0,10,10,10,10,10,10,49
1,1392,1391,1791052576278517,1791052576280203,1686,0,11,12,12,12,13,10,42
1,1393,1392,1791052576328517,1791052576330430,1913,0,12,10,10,10,10,9,39
1,1394,1393,1791052576378517,1791052576380321,1804,0,13,10,10,10,9,4,20
1,1395,1394,1791052576428517,1791052576430487,1970,0,14,11,11,11,11,6,28
1,1396,1395,1791052576478517,1791052576480127,1610,0,15,16,16,16,16,16,68
1,1397,1396,1791052576528517,1791052576530441,1924,0,16,13,13,13,12,8,33
1,1398,1397,1791052576578517,1791052576580482,1965,0,17,11,11,11,9,7,24
1,1399,1398,1791052576628517,1791052576630611,2094,0,18,7,7,7,6,4,20
1,1400,1399,1791052576678517,1791052576680030,1513,0,19,10,10,10,8,7,25
1,1401,1400,1791052576728517,1791052576730045,1528,0,0,7,7,7,6,4,19
1,1402,1401,1791052576778517,1791052576779854,1337,0,1,13,13,13,12,8,40
1,1403,1402,1791052576828517,1791052576830547,2030,0,2,8,8,8,8,6,30
1,1404,1403,1791052576878517,1791052576880083,1566,0,3,8,8,8,8,7,24
1,1405,1404,1791052576928517,1791052576930573,2056,0,4,9,9,9,9,7,28
1,1406,1405,1791052576978517,1791052576979913,1396,0,5,9,9,9,7,6,29
1,1407,1406,1791052577028517,1791052577030180,1663,0,6,7,7,7,6,4,11
1,1408,1407,1791052577078517,1791052577079982,1465,0,7,11,11,11,11,8,38
1,1409,1408,1791052577128517,1791052577130705,2188,0,8,6,6,6,5,2,4
1,1410,1409,1791052577178517,1791052577180707,2190,0,9,12,12,12,12,8,34
1,1411,1410,1791052577228517,1791052577230368,1851,0,10,10,10,10,10,10,50
1,1412,1411,1791052577278517,1791052577280119,1602,0,11,12,12,12,12,10,36
1,1413,1412,1791052577328517,1791052577330236,1719,0,12,10,10,10,8,7,26
1,1414,1413,1791052577378517,1791052577380758,2241,0,13,10,10,10,10,10,50
1,1415,1414,1791052577428517,1791052577429972,1455,0,14,11,11,11,11,10,46
1,1416,1415,1791052577478517,1791052577480044,1527,0,15,16,16,16,16,12,51
1,1417,1416,1791052577528517,1791052577530308,1791,0,16,13,13,13,10,10,33
1,1418,1417,1791052577578517,1791052577580308,1791,0,17,11,11,11,9,7,30
1,1419,1418,1791052577628517,1791052577630581,2064,0,18,7,7,7,7,4,11
1,1420,1419,1791052577678517,1791052577680020,1503,0,19,10,10,10,11,6,21
1,1421,1420,1791052577728517,1791052577729955,1438,0,0,7,7,7,5,2,10
1,1422,1421,1791052577778517,1791052577780122,1605,0,1,13,13,13,12,10,44
1,1423,1422,1791052577828517,1791052577830109,1592,0,2,8,8,8,8,6,28
1,1424,1423,1791052577878517,1791052577880220,1703,0,3,8,8,8,8,4,14
1,1425,1424,1791052577928517,1791052577930272,1755,0,4,9,9,9,8,6,21
1,1426,1425,1791052577978517,1791052577980522,2005,0,5,9,9,9,8,8,40
1,1427,1426,1791052578028517,1791052578030571,2054,0,6,7,7,7,6,3,5
1,1428,1427,1791052578078517,1791052578079970,1453,0,7,11,11,11,11,8,40
1,1429,1428,1791052578128517,1791052578129862,1345,0,8,6,6,6,5,2,7
1,1430,1429,1791052578178517,1791052578180080,1563,0,9,12,12,12,12,8,32
1,1431,1430,1791052578228517,1791052578230126,1609,0,10,10,10,10,9,8,40
1,1432,1431,1791052578278517,1791052578280187,1670,0,11,12,12,12,12,10,50
1,1433,1432,1791052578328517,1791052578330462,1945,0,12,10,10,10,9,6,25
1,1434,1433,1791052578378517,1791052578380746,2229,0,13,10,10,10,10,6,28
1,1435,1434,1791052578428517,1791052578430629,2112,0,14,11,11,11,9,6,28
1,1436,1435,1791052578478517,1791052578479995,1478,0,15,16,16,16,15,14,65
1,1437,1436,1791052578528517,1791052578530052,1535,0,16,13,13,13,11,8,35
1,1438,1437,1791052578578517,1791052578580331,1814,0,17,11,11,11,10,4,14
1,1439,1438,1791052578628517,1791052578630501,1984,0,18,7,7,7,7,6,28
1,1440,1439,1791052578678517,1791052578680101,1584,0,19,10,10,10,8,4,20
1,1441,1440,1791052578728517,1791052578730362,1845,0,0,7,7,7,7,2,10
1,1442,1441,1791052578778517,1791052578780584,2067,0,1,13,13,13,12,12,54
1,1443,1442,1791052578828517,1791052578829845,1328,0,2,8,8,8,8,6,30
1,1444,1443,1791052578878517,1791052578880154,1637,0,3,8,8,8,8,8,31
1,1445,1444,1791052578928517,1791052578930303,1786,0,4,9,9,9,8,8,32
1,1446,1445,1791052578978517,1791052578980299,1782,0,5,9,9,9,8,6,30
1,1447,1446,1791052579028517,1791052579030378,1861,0,6,7,7,7,6,3,10
1,1448,1447,1791052579078517,1791052579079963,1446,0,7,11,11,11,11,8,35
1,1449,1448,1791052579128517,1791052579129763,1246,0,8,6,6,6,6,4,16
1,1450,1449,1791052579178517,1791052579180068,1551,0,9,12,12,12,12,8,33
1,1451,1450,1791052579228517,1791052579230711,2194,0,10,10,10,10,10,10,50
1,1452,1451,1791052579278517,1791052579280133,1616,0,11,12,12,12,13,10,36
1,1453,1452,1791052579328517,1791052579329826,1309,0,12,10,10,10,7,4,18
1,1454,1453,1791052579378517,1791052579380269,1752,0,13,10,10,10,10,10,45
1,1455,1454,1791052579428517,1791052579430512,1995,0,14,11,11,11,10,9,38
1,1456,1455,1791052579478517,1791052579480149,1632,0,15,16,16,16,16,11,44
1,1457,1456,1791052579528517,1791052579530470,1953,0,16,13,13,13,10,10,44
1,1458,1457,1791052579578517,1791052579580519,2002,0,17,11,11,11,11,4,20
1,1459,1458,1791052579628517,1791052579630586,2069,0,18,7,7,7,7,4,13
1,1460,1459,1791052579678517,1791052579679971,1454,0,19,10,10,10,9,4,15
1,1461,1460,1791052579728517,1791052579730065,1548,0,0,7,7,7,7,2,10
1,1462,1461,1791052579778517,1791052579780061,1544,0,1,13,13,13,13,12,53
1,1463,1462,1791052579828517,1791052579829914,1397,0,2,8,8,8,8,6,29
1,1464,1463,1791052579878517,1791052579880217,1700,0,3,8,8,8,8,6,30
1,1465,1464,1791052579928517,1791052579930514,1997,0,4,9,9,9,8,8,34
1,1466,1465,1791052579978517,1791052579980482,1965,0,5,9,9,9,9,6,23
1,1467,1466,1791052580028517,1791052580030090,1573,0,6,7,7,7,6,5,17
1,1468,1467,1791052580078517,1791052580080088,1571,0,7,11,11,11,7,6,21
1,1469,1468,1791052580128517,1791052580130344,1827,0,8,6,6,6,5,4,20
1,1470,1469,1791052580178517,1791052580179844,1327,0,9,12,12,12,12,2,10
1,1471,1470,1791052580228517,1791052580230353,1836,0,10,10,10,10,10,8,33
1,1472,1471,1791052580278517,1791052580279870,1353,0,11,12,12,12,10,6,30
1,1473,1472,1791052580328517,1791052580330257,1740,0,12,10,10,10,8,6,27
1,1474,1473,1791052580378517,1791052580379977,1460,0,13,10,10,10,10,10,45
1,1475,1474,1791052580428517,1791052580429763,1246,0,14,11,11,11,11,6,26
1,1476,1475,1791052580478517,1791052580480044,1527,0,15,16,16,16,14,10,45
1,1477,1476,1791052580528517,1791052580529958,1441,0,16,13,13,13,12,6,30
1,1478,1477,1791052580578517,1791052580579906,1389,0,17,11,11,11,9,4,14
1,1479,1478,1791052580628517,1791052580630144,1627,0,18,7,7,7,7,6,22
1,1480,1479,1791052580678517,1791052580679973,1456,0,19,10,10,10,11,8,30
1,1481,1480,1791052580728517,1791052580730269,1752,0,0,7,7,7,7,5,20
1,1482,1481,1791052580778517,1791052580780620,2103,0,1,13,13,13,11,10,50
1,1483,1482,1791052580828517,1791052580830098,1581,0,2,8,8,8,8,6,26
1,1484,1483,1791052580878517,1791052580880041,1524,0,3,8,8,8,9,7,20
1,1485,1484,1791052580928517,1791052580930548,2031,0,4,9,9,9,8,6,23
1,1486,1485,1791052580978517,1791052580980776,2259,0,5,9,9,9,9,8,35
1,1487,1486,1791052581028517,1791052581030237,1720,0,6,7,7,7,7,4,13
1,1488,1487,1791052581078517,1791052581079970,1453,0,7,11,11,11,11,8,35
1,1489,1488,1791052581128517,1791052581130547,2030,0,8,6,6,6,6,4,13
1,1490,1489,1791052581178517,1791052581180746,2229,0,9,12,12,12,11,8,40
1,1491,1490,1791052581228517,1791052581229989,1472,0,10,10,10,10,10,8,35
1,1492,1491,1791052581278517,1791052581280206,1689,0,11,12,12,12,13,13,55
1,1493,1492,1791052581328517,1791052581330450,1933,0,12,10,10,10,10,8,36
1,1494,1493,1791052581378517,1791052581380556,2039,0,13,10,10,10,9,5,17
1,1495,1494,1791052581428517,1791052581430502,1985,0,14,11,11,11,11,6,30
1,1496,1495,1791052581478517,1791052581480268,1751,0,15,16,16,16,17,15,68
1,1497,1496,1791052581528517,1791052581530608,2091,0,16,13,13,13,11,6,30
1,1498,1497,1791052581578517,1791052581579873,1356,0,17,11,11,11,11,9,36
1,1499,1498,1791052581628517,1791052581629799,1282,0,18,7,7,7,7,6,29
1,1500,1499,1791052581678517,1791052581679972,1455,0,19,10,10,10,9,8,34
1,1501,1500,1791052581728517,1791052581729955,1438,0,0,7,7,7,6,4,19
1,1502,1501,1791052581778517,1791052581780278,1761,0,1,13,13,13,11,8,40
1,1503,1502,1791052581828517,1791052581830290,1773,0,2,8,8,8,8,6,23
1,1504,1503,1791052581878517,1791052581879901,1384,0,3,8,8,8,7,4,20
1,1505,1504,1791052581928517,1791052581930343,1826,0,4,9,9,9,9,8,31
1,1506,1505,1791052581978517,1791052581979991,1474,0,5,9,9,9,9,6,21
1,1507,1506,1791052582028517,1791052582030398,1881,0,6,7,7,7,6,4,20
1,1508,1507,1791052582078517,1791052582079975,1458,0,7,11,11,11,10,9,38
1,1509,1508,1791052582128517,1791052582130450,1933,0,8,6,6,6,5,2,10
1,1510,1509,1791052582178517,1791052582179882,1365,0,9,12,12,12,11,8,40
1,1511,1510,1791052582228517,1791052582230190,1673,0,10,10,10,10,10,8,39
1,1512,1511,1791052582278517,1791052582280062,1545,0,11,12,12,12,13,10,50
1,1513,1512,1791052582328517,1791052582330526,2009,0,12,10,10,10,9,6,30
1,1514,1513,1791052582378517,1791052582380018,1501,0,13,10,10,10,10,4,15
1,1515,1514,1791052582428517,1791052582430591,2074,0,14,11,11,11,11,8,36
1,1516,1515,1791052582478517,1791052582480064,1547,0,15,16,16,16,16,16,71
1,1517,1516,1791052582528517,1791052582529846,1329,0,16,13,13,13,11,6,30
1,1518,1517,1791052582578517,1791052582580549,2032,0,17,11,11,11,9,4,17
1,1519,1518,1791052582628517,1791052582630044,1527,0,18,7,7,7,7,6,30
1,1520,1519,1791052582678517,1791052582679822,1305,0,19,10,10,10,9,8,33
1,1521,1520,1791052582728517,1791052582730308,1791,0,0,7,7,7,6,4,14
1,1522,1521,1791052582778517,1791052582780554,2037,0,1,13,13,13,12,8,40
1,1523,1522,1791052582828517,1791052582829783,1266,0,2,8,8,8,8,6,30
1,1524,1523,1791052582878517,1791052582880105,1588,0,3,8,8,8,9,9,37
1,1525,1524,1791052582928517,1791052582930221,1704,0,4,9,9,9,9,8,40
1,1526,1525,1791052582978517,1791052582980435,1918,0,5,9,9,9,7,6,25
1,1527,1526,1791052583028517,1791052583030438,1921,0,6,7,7,7,7,4,15
1,1528,1527,1791052583078517,1791052583080100,1583,0,7,11,11,11,11,8,33
1,1529,1528,1791052583128517,1791052583130173,1656,0,8,6,6,6,5,4,13
1,1530,1529,1791052583178517,1791052583180263,1746,0,9,12,12,12,11,11,49
1,1531,1530,1791052583228517,1791052583230345,1828,0,10,10,10,10,10,8,31
1,1532,1531,1791052583278517,1791052583280074,1557,0,11,12,12,12,12,11,45
1,1533,1532,1791052583328517,1791052583330040,1523,0,12,10,10,10,9,6,30
1,1534,1533,1791052583378517,1791052583380060,1543,0,13,10,10,10,9,2,10
1,1535,1534,1791052583428517,1791052583430551,2034,0,14,11,11,11,11,8,36
1,1536,1535,1791052583478517,1791052583480176,1659,0,15,16,16,16,17,14,70
1,1537,1536,1791052583528517,1791052583530107,1590,0,16,13,13,13,12,8,33
1,1538,1537,1791052583578517,1791052583580266,1749,0,17,11,11,11,8,7,29
1,1539,1538,1791052583628517,1791052583630446,1929,0,18,7,7,7,7,6,30
1,1540,1539,1791052583678517,1791052583680151,1634,0,19,10,10,10,9,5,19
1,1541,1540,1791052583728517,1791052583729969,1452,0,0,7,7,7,6,4,19
1,1542,1541,1791052583778517,1791052583780148,1631,0,1,13,13,13,11,10,50
1,1543,1542,1791052583828517,1791052583830585,2068,0,2,8,8,8,8,6,23
1,1544,1543,1791052583878517,1791052583879970,1453,0,3,8,8,8,6,4,16
1,1545,1544,1791052583928517,1791052583930109,1592,0,4,9,9,9,8,6,22
1,1546,1545,1791052583978517,1791052583979780,1263,0,5,9,9,9,8,6,30
1,1547,1546,1791052584028517,1791052584029889,1372,0,6,7,7,7,6,2,10
1,1548,1547,1791052584078517,1791052584080211,1694,0,7,11,11,11,11,9,40
1,1549,1548,1791052584128517,1791052584130544,2027,0,8,6,6,6,4,0,0
1,1550,1549,1791052584178517,1791052584180547,2030,0,9,12,12,12,11,4,20
1,1551,1550,1791052584228517,1791052584230468,1951,0,10,10,10,10,10,10,45
1,1552,1551,1791052584278517,1791052584280067,1550,0,11,12,12,12,11,10,44
1,1553,1552,1791052584328517,1791052584330177,1660,0,12,10,10,10,10,8,34
1,1554,1553,1791052584378517,1791052584380376,1859,0,13,10,10,10,8,4,20
1,1555,1554,1791052584428517,1791052584429847,1330,0,14,11,11,11,10,6,30
1,1556,1555,1791052584478517,1791052584479886,1369,0,15,16,16,16,16,16,80
1,1557,1556,1791052584528517,1791052584530420,1903,0,16,13,13,13,12,6,30
1,1558,1557,1791052584578517,1791052584580662,2145,0,17,11,11,11,10,9,39
1,1559,1558,1791052584628517,1791052584629798,1281,0,18,7,7,7,7,6,30
1,1560,1559,1791052584678517,1791052584679907,1390,0,19,10,10,10,10,4,15
1,1561,1560,1791052584728517,1791052584729911,1394,0,0,7,7,7,6,2,10
1,1562,1561,1791052584778517,1791052584779978,1461,0,1,13,13,13,11,10,50
1,1563,1562,1791052584828517,1791052584829818,1301,0,2,8,8,8,8,6,30
1,1564,1563,1791052584878517,1791052584879904,1387,0,3,8,8,8,9,9,34
1,1565,1564,1791052584928517,1791052584929977,1460,0,4,9,9,9,8,6,30
1,1566,1565,1791052584978517,1791052584980605,2088,0,5,9,9,9,8,7,28
1,1567,1566,1791052585028517,1791052585030690,2173,0,6,7,7,7,7,3,9
1,1568,1567,1791052585078517,1791052585079992,1475,0,7,11,11,11,11,8,40
1,1569,1568,1791052585128517,1791052585130273,1756,0,8,6,6,6,5,2,6
1,1570,1569,1791052585178517,1791052585179956,1439,0,9,12,12,12,12,8,34
1,1571,1570,1791052585228517,1791052585230043,1526,0,10,10,10,10,9,8,32
1,1572,1571,1791052585278517,1791052585280059,1542,0,11,12,12,12,12,12,51
1,1573,1572,1791052585328517,1791052585330594,2077,0,12,10,10,10,10,6,24
1,1574,1573,1791052585378517,1791052585380177,1660,0,13,10,10,10,8,4,20
1,1575,1574,1791052585428517,1791052585430699,2182,0,14,11,11,11,10,6,29
1,1576,1575,1791052585478517,1791052585479836,1319,0,15,16,16,16,15,14,69
1,1577,1576,1791052585528517,1791052585530585,2068,0,16,13,13,13,10,4,20
1,1578,1577,1791052585578517,1791052585579945,1428,0,17,11,11,11,10,4,20
1,1579,1578,1791052585628517,1791052585630370,1853,0,18,7,7,7,7,6,30
1,1580,1579,1791052585678517,1791052585680235,1718,0,19,10,10,10,9,5,20
1,1581,1580,1791052585728517,1791052585730472,1955,0,0,7,7,7,7,2,10
1,1582,1581,1791052585778517,1791052585780446,1929,0,1,13,13,13,12,12,54
1,1583,1582,1791052585828517,1791052585830666,2149,0,2,8,8,8,6,4,12
1,1584,1583,1791052585878517,1791052585880063,1546,0,3,8,8,8,9,4,20
1,1585,1584,1791052585928517,1791052585930111,1594,0,4,9,9,9,9,6,21
1,1586,1585,1791052585978517,1791052585980394,1877,0,5,9,9,9,9,8,40
1,1587,1586,1791052586028517,1791052586030547,2030,0,6,7,7,7,7,4,15
1,1588,1587,1791052586078517,1791052586079970,1453,0,7,11,11,11,11,10,44
1,1589,1588,1791052586128517,1791052586130459,1942,0,8,6,6,6,4,0,0
1,1590,1589,1791052586178517,1791052586180047,1530,0,9,12,12,12,10,4,20
1,1591,1590,1791052586228517,1791052586229831,1314,0,10,10,10,10,10,10,48
1,1592,1591,1791052586278517,1791052586280148,1631,0,11,12,12,12,13,12,55
1,1593,1592,1791052586328517,1791052586329935,1418,0,12,10,10,10,8,4,20
1,1594,1593,1791052586378517,1791052586380424,1907,0,13,10,10,10,9,6,23
1,1595,1594,1791052586428517,1791052586429989,1472,0,14,11,11,11,10,6,30
1,1596,1595,1791052586478517,1791052586480047,1530,0,15,16,16,16,14,14,61
1,1597,1596,1791052586528517,1791052586530344,1827,0,16,13,13,13,10,6,27
1,1598,1597,1791052586578517,1791052586580619,2102,0,17,11,11,11,10,6,15
1,1599,1598,1791052586628517,1791052586630066,1549,0,18,7,7,7,6,6,30
1,1600,1599,1791052586678517,1791052586679992,1475,0,19,10,10,10,10,2,10
1,1601,1600,1791052586728517,1791052586730036,1519,0,0,7,7,7,5,2,10
1,1602,1601,1791052586778517,1791052586780172,1655,0,1,13,13,13,13,10,43
1,1603,1602,1791052586828517,1791052586830348,1831,0,2,8,8,8,8,6,26
1,1604,1603,1791052586878517,1791052586880196,1679,0,3,8,8,8,9,7,23
1,1605,1604,1791052586928517,1791052586930160,1643,0,4,9,9,9,9,7,23
1,1606,1605,1791052586978517,1791052586979978,1461,0,5,9,9,9,7,6,27
1,1607,1606,1791052587028517,1791052587030463,1946,0,6,7,7,7,7,2,10
1,1608,1607,1791052587078517,1791052587080031,1514,0,7,11,11,11,10,8,33
1,1609,1608,1791052587128517,1791052587130743,2226,0,8,6,6,6,5,2,4
1,1610,1609,1791052587178517,1791052587180629,2112,0,9,12,12,12,12,4,20
1,1611,1610,1791052587228517,1791052587230742,2225,0,10,10,10,10,9,8,40
1,1612,1611,1791052587278517,1791052587280082,1565,0,11,12,12,12,12,12,50
1,1613,1612,1791052587328517,1791052587330129,1612,0,12,10,10,10,9,7,29
1,1614,1613,1791052587378517,1791052587380113,1596,0,13,10,10,10,7,6,19
1,1615,1614,1791052587428517,1791052587430146,1629,0,14,11,11,11,7,4,20
1,1616,1615,1791052587478517,1791052587480121,1604,0,15,16,16,16,15,12,56
1,1617,1616,1791052587528517,1791052587530499,1982,0,16,13,13,13,11,6,30
1,1618,1617,1791052587578517,1791052587579912,1395,0,17,11,11,11,10,4,20
1,1619,1618,1791052587628517,1791052587630408,1891,0,18,7,7,7,7,6,30
1,1620,1619,1791052587678517,1791052587680087,1570,0,19,10,10,10,8,6,24
1,1621,1620,1791052587728517,1791052587729974,1457,0,0,7,7,7,7,4,19
1,1622,1621,1791052587778517,1791052587779882,1365,0,1,13,13,13,12,8,40
1,1623,1622,1791052587828517,1791052587830142,1625,0,2,8,8,8,8,6,26
1,1624,1623,1791052587878517,1791052587880027,1510,0,3,8,8,8,6,2,10
1,1625,1624,1791052587928517,1791052587929949,1432,0,4,9,9,9,8,4,20
1,1626,1625,1791052587978517,1791052587979969,1452,0,5,9,9,9,8,6,30
1,1627,1626,1791052588028517,1791052588030504,1987,0,6,7,7,7,7,2,10
1,1628,1627,1791052588078517,1791052588080073,1556,0,7,11,11,11,11,9,36
1,1629,1628,1791052588128517,1791052588130171,1654,0,8,6,6,6,5,2,9
1,1630,1629,1791052588178517,1791052588180333,1816,0,9,12,12,12,11,6,23
1,1631,1630,1791052588228517,1791052588230724,2207,0,10,10,10,10,10,10,47
1,1632,1631,1791052588278517,1791052588280035,1518,0,11,12,12,12,12,8,40
1,1633,1632,1791052588328517,1791052588330021,1504,0,12,10,10,10,9,6,23
1,1634,1633,1791052588378517,1791052588380561,2044,0,13,10,10,10,10,10,42
1,1635,1634,1791052588428517,1791052588429911,1394,0,14,11,11,11,11,8,37
1,1636,1635,1791052588478517,1791052588480004,1487,0,15,16,16,16,15,11,37
1,1637,1636,1791052588528517,1791052588529999,1482,0,16,13,13,13,10,9,40
1,1638,1637,1791052588578517,1791052588580065,1548,0,17,11,11,11,10,4,20
1,1639,1638,1791052588628517,1791052588630427,1910,0,18,7,7,7,7,2,10
1,1640,1639,1791052588678517,1791052588679983,1466,0,19,10,10,10,9,4,16
1,1641,1640,1791052588728517,1791052588730093,1576,0,0,7,7,7,7,2,10
1,1642,1641,1791052588778517,1791052588780408,1891,0,1,13,13,13,12,10,47
1,1643,1642,1791052588828517,1791052588830374,1857,0,2,8,8,8,8,6,28
1,1644,1643,1791052588878517,1791052588880131,1614,0,3,8,8,8,8,7,27
1,1645,1644,1791052588928517,1791052588930577,2060,0,4,9,9,9,8,6,30
1,1646,1645,1791052588978517,1791052588980111,1594,0,5,9,9,9,9,6,30
1,1647,1646,1791052589028517,1791052589030422,1905,0,6,7,7,7,6,4,18
1,1648,1647,1791052589078517,1791052589080011,1494,0,7,11,11,11,11,8,35
1,1649,1648,1791052589128517,1791052589130110,1593,0,8,6,6,6,4,2,10
1,1650,1649,1791052589178517,1791052589180601,2084,0,9,12,12,12,12,8,40
1,1651,1650,1791052589228517,1791052589230544,2027,0,10,10,10,10,9,8,38
1,1652,1651,1791052589278517,1791052589279823,1306,0,11,12,12,12,13,13,54
1,1653,1652,1791052589328517,1791052589330101,1584,0,12,10,10,10,8,4,20
1,1654,1653,1791052589378517,1791052589380449,1932,0,13,10,10,10,10,6,27
1,1655,1654,1791052589428517,1791052589429960,1443,0,14,11,11,11,10,8,35
1,1656,1655,1791052589478517,1791052589480147,1630,0,15,16,16,16,16,14,70
1,1657,1656,1791052589528517,1791052589530647,2130,0,16,13,13,13,12,6,30
1,1658,1657,1791052589578517,1791052589580134,1617,0,17,11,11,11,11,9,24
1,1659,1658,1791052589628517,1791052589630265,1748,0,18,7,7,7,7,6,27
1,1660,1659,1791052589678517,1791052589680006,1489,0,19,10,10,10,7,4,16
1,1661,1660,1791052589728517,1791052589729842,1325,0,0,7,7,7,6,2,10
1,1662,1661,1791052589778517,1791052589779987,1470,0,1,13,13,13,13,10,50
1,1663,1662,1791052589828517,1791052589830127,1610,0,2,8,8,8,7,4,20
1,1664,1663,1791052589878517,1791052589879897,1380,0,3,8,8,8,9,4,20
1,1665,1664,1791052589928517,1791052589930097,1580,0,4,9,9,9,8,8,35
1,1666,1665,1791052589978517,1791052589980624,2107,0,5,9,9,9,8,6,27
1,1667,1666,1791052590028517,1791052590030184,1667,0,6,7,7,7,7,4,18
1,1668,1667,1791052590078517,1791052590080088,1571,0,7,11,11,11,11,7,30
1,1669,1668,1791052590128517,1791052590129801,1284,0,8,6,6,6,5,2,10
1,1670,1669,1791052590178517,1791052590180389,1872,0,9,12,12,12,12,8,35
1,1671,1670,1791052590228517,1791052590230208,1691,0,10,10,10,10,10,10,45
1,1672,1671,1791052590278517,1791052590280045,1528,0,11,12,12,12,12,10,50
1,1673,1672,1791052590328517,1791052590329893,1376,0,12,10,10,10,8,6,24
1,1674,1673,1791052590378517,1791052590380043,1526,0,13,10,10,10,9,4,16
1,1675,1674,1791052590428517,1791052590430655,2138,0,14,11,11,11,10,6,27
1,1676,1675,1791052590478517,1791052590480138,1621,0,15,16,16,16,15,14,61
1,1677,1676,1791052590528517,1791052590529802,1285,0,16,13,13,13,13,6,30
1,1678,1677,1791052590578517,1791052590580620,2103,0,17,11,11,11,10,6,27
1,1679,1678,1791052590628517,1791052590629952,1435,0,18,7,7,7,7,6,30
1,1680,1679,1791052590678517,1791052590680168,1651,0,19,10,10,10,10,6,25
1,1681,1680,1791052590728517,1791052590730079,1562,0,0,7,7,7,7,2,10
1,1682,1681,1791052590778517,1791052590780206,1689,0,1,13,13,13,11,10,50
1,1683,1682,1791052590828517,1791052590830472,1955,0,2,8,8,8,8,6,30
1,1684,1683,1791052590878517,1791052590879951,1434,0,3,8,8,8,9,9,36
1,1685,1684,1791052590928517,1791052590929901,1384,0,4,9,9,9,9,8,36
1,1686,1685,1791052590978517,1791052590980734,2217,0,5,9,9,9,8,7,26
1,1687,1686,1791052591028517,1791052591030609,2092,0,6,7,7,7,7,3,8
1,1688,1687,1791052591078517,1791052591080136,1619,0,7,11,11,11,12,8,34
1,1689,1688,1791052591128517,1791052591129879,1362,0,8,6,6,6,5,2,7
1,1690,1689,1791052591178517,1791052591180149,1632,0,9,12,12,12,10,4,20
1,1691,1690,1791052591228517,1791052591230696,2179,0,10,10,10,10,8,6,30
1,1692,1691,1791052591278517,1791052591280023,1506,0,11,12,12,12,12,12,54
1,1693,1692,1791052591328517,1791052591330173,1656,0,12,10,10,10,10,6,22
1,1694,1693,1791052591378517,1791052591379852,1335,0,13,10,10,10,8,4,15
1,1695,1694,1791052591428517,1791052591430170,1653,0,14,11,11,11,10,6,28
1,1696,1695,1791052591478517,1791052591480161,1644,0,15,16,16,16,17,16,72
1,1697,1696,1791052591528517,1791052591530537,2020,0,16,13,13,13,12,8,36
1,1698,1697,1791052591578517,1791052591580140,1623,0,17,11,11,11,11,11,47
1,1699,1698,1791052591628517,1791052591630753,2236,0,18,7,7,7,6,4,20
1,1700,1699,1791052591678517,1791052591679993,1476,0,19,10,10,10,10,8,26
1,1701,1700,1791052591728517,1791052591730219,1702,0,0,7,7,7,7,6,28
1,1702,1701,1791052591778517,1791052591780514,1997,0,1,13,13,13,12,8,38
1,1703,1702,1791052591828517,1791052591830115,1598,0,2,8,8,8,8,6,30
1,1704,1703,1791052591878517,1791052591880154,1637,0,3,8,8,8,8,6,25
1,1705,1704,1791052591928517,1791052591930736,2219,0,4,9,9,9,9,8,35
1,1706,1705,1791052591978517,1791052591980205,1688,0,5,9,9,9,8,4,20
1,1707,1706,1791052592028517,1791052592030396,1879,0,6,7,7,7,6,6,21
1,1708,1707,1791052592078517,1791052592079970,1453,0,7,11,11,11,11,6,30
1,1709,1708,1791052592128517,1791052592130340,1823,0,8,6,6,6,4,4,17
1,1710,1709,1791052592178517,1791052592180589,2072,0,9,12,12,12,11,8,33
1,1711,1710,1791052592228517,1791052592230143,1626,0,10,10,10,10,9,8,33
1,1712,1711,1791052592278517,1791052592280049,1532,0,11,12,12,12,11,10,50
1,1713,1712,1791052592328517,1791052592330134,1617,0,12,10,10,10,8,7,26
1,1714,1713,1791052592378517,1791052592380392,1875,0,13,10,10,10,9,4,20
1,1715,1714,1791052592428517,1791052592430724,2207,0,14,11,11,11,10,6,30
1,1716,1715,1791052592478517,1791052592480036,1519,0,15,16,16,16,16,16,76
1,1717,1716,1791052592528517,1791052592530128,1611,0,16,13,13,13,13,8,32
1,1718,1717,1791052592578517,1791052592580564,2047,0,17,11,11,11,10,5,20
1,1719,1718,1791052592628517,1791052592629863,1346,0,18,7,7,7,7,6,29
1,1720,1719,1791052592678517,1791052592679852,1335,0,19,10,10,10,10,8,32
1,1721,1720,1791052592728517,1791052592730759,2242,0,0,7,7,7,7,4,16
1,1722,1721,1791052592778517,1791052592779859,1342,0,1,13,13,13,12,10,50
1,1723,1722,1791052592828517,1791052592829983,1466,0,2,8,8,8,7,4,20
1,1724,1723,1791052592878517,1791052592879934,1417,0,3,8,8,8,8,6,29
1,1725,1724,1791052592928517,1791052592930559,2042,0,4,9,9,9,7,6,30
1,1726,1725,1791052592978517,1791052592980311,1794,0,5,9,9,9,8,6,27
1,1727,1726,1791052593028517,1791052593030411,1894,0,6,7,7,7,7,4,17
1,1728,1727,1791052593078517,1791052593080042,1525,0,7,11,11,11,12,8,40
1,1729,1728,1791052593128517,1791052593129751,1234,0,8,6,6,6,6,4,15
1,1730,1729,1791052593178517,1791052593179818,1301,0,9,12,12,12,12,12,50
1,1731,1730,1791052593228517,1791052593229792,1275,0,10,10,10,10,9,9,40
1,1732,1731,1791052593278517,1791052593279807,1290,0,11,12,12,12,11,10,41
1,1733,1732,1791052593328517,1791052593330674,2157,0,12,10,10,10,9,8,36
1,1734,1733,1791052593378517,1791052593380559,2042,0,13,10,10,10,9,4,19
1,1735,1734,1791052593428517,1791052593430002,1485,0,14,11,11,11,11,8,34
1,1736,1735,1791052593478517,1791052593479975,1458,0,15,16,16,16,16,15,70
1,1737,1736,1791052593528517,1791052593530099,1582,0,16,13,13,13,11,10,41
1,1738,1737,1791052593578517,1791052593580342,1825,0,17,11,11,11,10,10,41
1,1739,1738,1791052593628517,1791052593630433,1916,0,18,7,7,7,7,7,30
1,1740,1739,1791052593678517,1791052593680169,1652,0,19,10,10,10,8,5,15
1,1741,1740,1791052593728517,1791052593730559,2042,0,0,7,7,7,6,2,10
1,1742,1741,1791052593778517,1791052593780522,2005,0,1,13,13,13,13,11,46
1,1743,1742,1791052593828517,1791052593830261,1744,0,2,8,8,8,8,6,30
1,1744,1743,1791052593878517,1791052593879992,1475,0,3,8,8,8,7,6,29
1,1745,1744,1791052593928517,1791052593930783,2266,0,4,9,9,9,8,6,30
1,1746,1745,1791052593978517,1791052593979840,1323,0,5,9,9,9,9,6,30
1,1747,1746,1791052594028517,1791052594029863,1346,0,6,7,7,7,7,4,15
1,1748,1747,1791052594078517,1791052594080092,1575,0,7,11,11,11,12,9,40
1,1749,1748,1791052594128517,1791052594130647,2130,0,8,6,6,6,5,2,10
1,1750,1749,1791052594178517,1791052594180118,1601,0,9,12,12,12,11,8,40
1,1751,1750,1791052594228517,1791052594230652,2135,0,10,10,10,10,8,6,30
1,1752,1751,1791052594278517,1791052594279985,1468,0,11,12,12,12,12,10,50
1,1753,1752,1791052594328517,1791052594329965,1448,0,12,10,10,10,9,6,23
1,1754,1753,1791052594378517,1791052594379947,1430,0,13,10,10,10,10,5,16
1,1755,1754,1791052594428517,1791052594429840,1323,0,14,11,11,11,11,8,36
1,1756,1755,1791052594478517,1791052594479946,1429,0,15,16,16,16,17,17,72
1,1757,1756,1791052594528517,1791052594529847,1330,0,16,13,13,13,12,8,35
1,1758,1757,1791052594578517,1791052594580644,2127,0,17,11,11,11,10,10,44
1,1759,1758,1791052594628517,1791052594629863,1346,0,18,7,7,7,7,6,28
1,1760,1759,1791052594678517,1791052594680019,1502,0,19,10,10,10,7,4,13
1,1761,1760,1791052594728517,1791052594730729,2212,0,0,7,7,7,7,2,10
1,1762,1761,1791052594778517,1791052594779917,1400,0,1,13,13,13,13,10,50
1,1763,1762,1791052594828517,1791052594830243,1726,0,2,8,8,8,8,6,30
1,1764,1763,1791052594878517,1791052594880052,1535,0,3,8,8,8,8,8,31
1,1765,1764,1791052594928517,1791052594930263,1746,0,4,9,9,9,8,8,40
1,1766,1765,1791052594978517,1791052594980326,1809,0,5,9,9,9,9,6,30
1,1767,1766,1791052595028517,1791052595030532,2015,0,6,7,7,7,6,4,17
1,1768,1767,1791052595078517,1791052595080033,1516,0,7,11,11,11,12,8,40
1,1769,1768,1791052595128517,1791052595130273,1756,0,8,6,6,6,5,0,0
1,1770,1769,1791052595178517,1791052595180650,2133,0,9,12,12,12,12,6,24
1,1771,1770,1791052595228517,1791052595230051,1534,0,10,10,10,10,10,10,45
1,1772,1771,1791052595278517,1791052595279944,1427,0,11,12,12,12,11,10,41
1,1773,1772,1791052595328517,1791052595330083,1566,0,12,10,10,10,8,7,30
1,1774,1773,1791052595378517,1791052595380632,2115,0,13,10,10,10,9,8,34
1,1775,1774,1791052595428517,1791052595429957,1440,0,14,11,11,11,9,9,33
1,1776,1775,1791052595478517,1791052595479860,1343,0,15,16,16,16,16,11,49
1,1777,1776,1791052595528517,1791052595529889,1372,0,16,13,13,13,12,12,45
1,1778,1777,1791052595578517,1791052595580599,2082,0,17,11,11,11,9,6,26
1,1779,1778,1791052595628517,1791052595630380,1863,0,18,7,7,7,7,2,10
1,1780,1779,1791052595678517,1791052595679811,1294,0,19,10,10,10,10,6,21
1,1781,1780,1791052595728517,1791052595730105,1588,0,0,7,7,7,6,2,10
1,1782,1781,1791052595778517,1791052595780407,1890,0,1,13,13,13,13,10,50
1,1783,1782,1791052595828517,1791052595830657,2140,0,2,8,8,8,8,6,30
1,1784,1783,1791052595878517,1791052595880315,1798,0,3,8,8,8,8,6,29
1,1785,1784,1791052595928517,1791052595929820,1303,0,4,9,9,9,9,8,40
1,1786,1785,1791052595978517,1791052595980080,1563,0,5,9,9,9,9,9,33
1,1787,1786,1791052596028517,1791052596030198,1681,0,6,7,7,7,7,2,6
1,1788,1787,1791052596078517,1791052596080049,1532,0,7,11,11,11,11,8,34
1,1789,1788,1791052596128517,1791052596130202,1685,0,8,6,6,6,6,4,20
1,1790,1789,1791052596178517,1791052596180530,2013,0,9,12,12,12,12,11,48
1,1791,1790,1791052596228517,1791052596230718,2201,0,10,10,10,10,9,6,30
1,1792,1791,1791052596278517,1791052596280192,1675,0,11,12,12,12,13,10,45
1,1793,1792,1791052596328517,1791052596330089,1572,0,12,10,10,10,10,6,30
1,1794,1793,1791052596378517,1791052596380268,1751,0,13,10,10,10,8,5,18
1,1795,1794,1791052596428517,1791052596430554,2037,0,14,11,11,11,9,6,30
1,1796,1795,1791052596478517,1791052596479946,1429,0,15,16,16,16,16,15,70
1,1797,1796,1791052596528517,1791052596529831,1314,0,16,13,13,13,11,8,29
1,1798,1797,1791052596578517,1791052596580222,1705,0,17,11,11,11,10,9,40
1,1799,1798,1791052596628517,1791052596630288,1771,0,18,7,7,7,7,4,20
1,1800,1799,1791052596678517,1791052596680080,1563,0,19,10,10,10,10,8,34
1,1801,1800,1791052596728517,1791052596730405,1888,0,0,7,7,7,7,4,15
1,1802,1801,1791052596778517,1791052596780771,2254,0,1,13,13,13,12,10,44
1,1803,1802,1791052596828517,1791052596830099,1582,0,2,8,8,8,8,6,30
1,1804,1803,1791052596878517,1791052596880010,1493,0,3,8,8,8,8,6,28
1,1805,1804,1791052596928517,1791052596930406,1889,0,4,9,9,9,8,6,30
1,1806,1805,1791052596978517,1791052596979794,1277,0,5,9,9,9,8,6,28
1,1807,1806,1791052597028517,1791052597030184,1667,0,6,7,7,7,6,4,12
1,1808,1807,1791052597078517,1791052597079846,1329,0,7,11,11,11,12,8,40
1,1809,1808,1791052597128517,1791052597130124,1607,0,8,6,6,6,6,2,10
1,1810,1809,1791052597178517,1791052597180605,2088,0,9,12,12,12,11,6,25
1,1811,1810,1791052597228517,1791052597230178,1661,0,10,10,10,10,10,10,49
1,1812,1811,1791052597278517,1791052597279945,1428,0,11,12,12,12,12,10,42
1,1813,1812,1791052597328517,1791052597330315,1798,0,12,10,10,10,9,7,30
1,1814,1813,1791052597378517,1791052597380773,2256,0,13,10,10,10,8,4,20
1,1815,1814,1791052597428517,1791052597430211,1694,0,14,11,11,11,10,6,27
1,1816,1815,1791052597478517,1791052597479882,1365,0,15,16,16,16,15,14,67
1,1817,1816,1791052597528517,1791052597530567,2050,0,16,13,13,13,11,6,30
1,1818,1817,1791052597578517,1791052597579816,1299,0,17,11,11,11,10,7,29
1,1819,1818,1791052597628517,1791052597630756,2239,0,18,7,7,7,6,4,20
1,1820,1819,1791052597678517,1791052597679903,1386,0,19,10,10,10,10,8,29
1,1821,1820,1791052597728517,1791052597729829,1312,0,0,7,7,7,5,2,10
1,1822,1821,1791052597778517,1791052597779987,1470,0,1,13,13,13,11,8,40
1,1823,1822,1791052597828517,1791052597830028,1511,0,2,8,8,8,8,6,30
1,1824,1823,1791052597878517,1791052597880039,1522,0,3,8,8,8,6,6,28
1,1825,1824,1791052597928517,1791052597930011,1494,0,4,9,9,9,9,8,34
1,1826,1825,1791052597978517,1791052597980045,1528,0,5,9,9,9,5,4,15
1,1827,1826,1791052598028517,1791052598030295,1778,0,6,7,7,7,5,2,10
1,1828,1827,1791052598078517,1791052598080181,1664,0,7,11,11,11,11,9,33
1,1829,1828,1791052598128517,1791052598130272,1755,0,8,6,6,6,6,4,14
1,1830,1829,1791052598178517,1791052598180368,1851,0,9,12,12,12,11,4,20
1,1831,1830,1791052598228517,1791052598230413,1896,0,10,10,10,10,9,8,37
1,1832,1831,1791052598278517,1791052598280139,1622,0,11,12,12,12,12,8,40
1,1833,1832,1791052598328517,1791052598330280,1763,0,12,10,10,10,10,6,30
1,1834,1833,1791052598378517,1791052598380406,1889,0,13,10,10,10,10,7,27
1,1835,1834,1791052598428517,1791052598430404,1887,0,14,11,11,11,10,4,20
1,1836,1835,1791052598478517,1791052598479897,1380,0,15,16,16,16,16,16,75
1,1837,1836,1791052598528517,1791052598530000,1483,0,16,13,13,13,11,8,31
1,1838,1837,1791052598578517,1791052598579772,1255,0,17,11,11,11,10,6,19
1,1839,1838,1791052598628517,1791052598629795,1278,0,18,7,7,7,7,6,30
1,1840,1839,1791052598678517,1791052598680052,1535,0,19,10,10,10,10,6,28
1,1841,1840,1791052598728517,1791052598730570,2053,0,0,7,7,7,6,4,15
1,1842,1841,1791052598778517,1791052598779831,1314,0,1,13,13,13,12,12,54
1,1843,1842,1791052598828517,1791052598829796,1279,0,2,8,8,8,8,6,22
1,1844,1843,1791052598878517,1791052598879850,1333,0,3,8,8,8,7,4,20
1,1845,1844,1791052598928517,1791052598929944,1427,0,4,9,9,9,8,6,30
1,1846,1845,1791052598978517,1791052598980087,1570,0,5,9,9,9,8,4,20
1,1847,1846,1791052599028517,1791052599030065,1548,0,6,7,7,7,6,2,10
1,1848,1847,1791052599078517,1791052599080037,1520,0,7,11,11,11,12,8,40
1,1849,1848,1791052599128517,1791052599130156,1639,0,8,6,6,6,5,4,13
1,1850,1849,1791052599178517,1791052599180238,1721,0,9,12,12,12,10,4,15
1,1851,1850,1791052599228517,1791052599230353,1836,0,10,10,10,10,9,8,36
1,1852,1851,1791052599278517,1791052599280189,1672,0,11,12,12,12,11,9,37
1,1853,1852,1791052599328517,1791052599330712,2195,0,12,10,10,10,10,6,22
1,1854,1853,1791052599378517,1791052599380742,2225,0,13,10,10,10,10,9,40
1,1855,1854,1791052599428517,1791052599429886,1369,0,14,11,11,11,8,3,10
1,1856,1855,1791052599478517,1791052599480014,1497,0,15,16,16,16,16,15,67
1,1857,1856,1791052599528517,1791052599530191,1674,0,16,13,13,13,13,7,21
1,1858,1857,1791052599578517,1791052599580433,1916,0,17,11,11,11,10,2,10
1,1859,1858,1791052599628517,1791052599630541,2024,0,18,7,7,7,7,6,30
1,1860,1859,1791052599678517,1791052599680075,1558,0,19,10,10,10,10,5,13
1,1861,1860,1791052599728517,1791052599730185,1668,0,0,7,7,7,6,4,20
1,1862,1861,1791052599778517,1791052599780526,2009,0,1,13,13,13,11,8,38
1,1863,1862,1791052599828517,1791052599830711,2194,0,2,8,8,8,8,6,30
1,1864,1863,1791052599878517,1791052599879985,1468,0,3,8,8,8,8,4,20
1,1865,1864,1791052599928517,1791052599929903,1386,0,4,9,9,9,9,4,11
1,1866,1865,1791052599978517,1791052599979830,1313,0,5,9,9,9,9,8,31
1,1867,1866,1791052600028517,1791052600030205,1688,0,6,7,7,7,5,5,20
1,1868,1867,1791052600078517,1791052600079911,1394,0,7,11,11,11,11,10,36
1,1869,1868,1791052600128517,1791052600130374,1857,0,8,6,6,6,6,2,3
1,1870,1869,1791052600178517,1791052600180645,2128,0,9,12,12,12,12,4,20
1,1871,1870,1791052600228517,1791052600230716,2199,0,10,10,10,10,9,8,39
1,1872,1871,1791052600278517,1791052600279869,1352,0,11,12,12,12,12,10,47
1,1873,1872,1791052600328517,1791052600330418,1901,0,12,10,10,10,8,6,25
1,1874,1873,1791052600378517,1791052600380174,1657,0,13,10,10,10,10,7,30
1,1875,1874,1791052600428517,1791052600430698,2181,0,14,11,11,11,11,6,30
1,1876,1875,1791052600478517,1791052600480209,1692,0,15,16,16,16,14,14,61
1,1877,1876,1791052600528517,1791052600530792,2275,0,16,13,13,13,11,4,20
1,1878,1877,1791052600578517,1791052600580610,2093,0,17,11,11,11,11,4,16
1,1879,1878,1791052600628517,1791052600630247,1730,0,18,7,7,7,7,6,24
1,1880,1879,1791052600678517,1791052600680086,1569,0,19,10,10,10,8,6,25
1,1881,1880,1791052600728517,1791052600730602,2085,0,0,7,7,7,6,2,6
1,1882,1881,1791052600778517,1791052600779955,1438,0,1,13,13,13,13,12,60
1,1883,1882,1791052600828517,1791052600830214,1697,0,2,8,8,8,3,3,10
1,1884,1883,1791052600878517,1791052600880058,1541,0,3,8,8,8,8,8,26
1,1885,1884,1791052600928517,1791052600930046,1529,0,4,9,9,9,8,6,27
1,1886,1885,1791052600978517,1791052600980135,1618,0,5,9,9,9,8,8,34
1,1887,1886,1791052601028517,1791052601030192,1675,0,6,7,7,7,7,2,8
1,1888,1887,1791052601078517,1791052601079959,1442,0,7,11,11,11,10,8,40
1,1889,1888,1791052601128517,1791052601129882,1365,0,8,6,6,6,6,2,10
1,1890,1889,1791052601178517,1791052601180070,1553,0,9,12,12,12,12,4,20
1,1891,1890,1791052601228517,1791052601230449,1932,0,10,10,10,10,9,8,40
1,1892,1891,1791052601278517,1791052601280188,1671,0,11,12,12,12,11,10,35
1,1893,1892,1791052601328517,1791052601330290,1773,0,12,10,10,10,9,6,21
1,1894,1893,1791052601378517,1791052601380335,1818,0,13,10,10,10,10,8,40
1,1895,1894,1791052601428517,1791052601430586,2069,0,14,11,11,11,9,4,11
1,1896,1895,1791052601478517,1791052601479957,1440,0,15,16,16,16,16,16,74
1,1897,1896,1791052601528517,1791052601529835,1318,0,16,13,13,13,9,4,17
1,1898,1897,1791052601578517,1791052601579878,1361,0,17,11,11,11,10,2,10
1,1899,1898,1791052601628517,1791052601630220,1703,0,18,7,7,7,7,7,30
1,1900,1899,1791052601678517,1791052601679944,1427,0,19,10,10,10,10,4,7
1,1901,1900,1791052601728517,1791052601729955,1438,0,0,7,7,7,6,4,20
1,1902,1901,1791052601778517,1791052601779862,1345,0,1,13,13,13,13,10,50
1,1903,1902,1791052601828517,1791052601830195,1678,0,2,8,8,8,6,4,20
1,1904,1903,1791052601878517,1791052601879940,1423,0,3,8,8,8,7,6,22
1,1905,1904,1791052601928517,1791052601929985,1468,0,4,9,9,9,9,6,24
1,1906,1905,1791052601978517,1791052601980121,1604,0,5,9,9,9,9,8,38
1,1907,1906,1791052602028517,1791052602030507,1990,0,6,7,7,7,6,2,4
1,1908,1907,1791052602078517,1791052602080180,1663,0,7,11,11,11,11,9,40
1,1909,1908,1791052602128517,1791052602130136,1619,0,8,6,6,6,3,3,7
1,1910,1909,1791052602178517,1791052602180102,1585,0,9,12,12,12,11,2,10
1,1911,1910,1791052602228517,1791052602230570,2053,0,10,10,10,10,10,8,39
1,1912,1911,1791052602278517,1791052602279962,1445,0,11,12,12,12,10,8,33
1,1913,1912,1791052602328517,1791052602330763,2246,0,12,10,10,10,10,4,15
1,1914,1913,1791052602378517,1791052602379839,1322,0,13,10,10,10,10,8,39
1,1915,1914,1791052602428517,1791052602430057,1540,0,14,11,11,11,8,4,14
1,1916,1915,1791052602478517,1791052602480217,1700,0,15,16,16,16,17,15,63
1,1917,1916,1791052602528517,1791052602530391,1874,0,16,13,13,13,12,11,35
1,1918,1917,1791052602578517,1791052602580565,2048,0,17,11,11,11,9,5,17
1,1919,1918,1791052602628517,1791052602630723,2206,0,18,7,7,7,6,4,18
1,1920,1919,1791052602678517,1791052602679883,1366,0,19,10,10,10,9,5,20
1,1921,1920,1791052602728517,1791052602730056,1539,0,0,7,7,7,5,4,17
1,1922,1921,1791052602778517,1791052602780485,1968,0,1,13,13,13,13,13,52
1,1923,1922,1791052602828517,1791052602830382,1865,0,2,8,8,8,5,4,10
1,1924,1923,1791052602878517,1791052602880054,1537,0,3,8,8,8,7,7,25
1,1925,1924,1791052602928517,1791052602929725,1208,0,4,9,9,9,9,7,30
1,1926,1925,1791052602978517,1791052602980608,2091,0,5,9,9,9,9,6,26
1,1927,1926,1791052603028517,1791052603029946,1429,0,6,7,7,7,6,2,10
1,1928,1927,1791052603078517,1791052603080051,1534,0,7,11,11,11,11,10,43
1,1929,1928,1791052603128517,1791052603130741,2224,0,8,6,6,6,4,0,0
1,1930,1929,1791052603178517,1791052603180769,2252,0,9,12,12,12,12,4,20
1,1931,1930,1791052603228517,1791052603229727,1210,0,10,10,10,10,10,8,40
1,1932,1931,1791052603278517,1791052603279966,1449,0,11,12,12,12,13,8,37
1,1933,1932,1791052603328517,1791052603330610,2093,0,12,10,10,10,10,5,19
1,1934,1933,1791052603378517,1791052603380163,1646,0,13,10,10,10,9,6,30
1,1935,1934,1791052603428517,1791052603430198,1681,0,14,11,11,11,10,5,18
1,1936,1935,1791052603478517,1791052603480207,1690,0,15,16,16,16,16,15,70
1,1937,1936,1791052603528517,1791052603530297,1780,0,16,13,13,13,8,4,13
1,1938,1937,1791052603578517,1791052603580374,1857,0,17,11,11,11,11,5,17
1,1939,1938,1791052603628517,1791052603630770,2253,0,18,7,7,7,6,6,29
1,1940,1939,1791052603678517,1791052603680048,1531,0,19,10,10,10,7,5,17
1,1941,1940,1791052603728517,1791052603730552,2035,0,0,7,7,7,5,3,7
1,1942,1941,1791052603778517,1791052603780622,2105,0,1,13,13,13,13,12,57
1,1943,1942,1791052603828517,1791052603829941,1424,0,2,8,8,8,6,2,5
1,1944,1943,1791052603878517,1791052603880143,1626,0,3,8,8,8,9,7,22
1,1945,1944,1791052603928517,1791052603930333,1816,0,4,9,9,9,8,4,20
1,1946,1945,1791052603978517,1791052603980435,1918,0,5,9,9,9,9,6,30
1,1947,1946,1791052604028517,1791052604030773,2256,0,6,7,7,7,5,4,14
1,1948,1947,1791052604078517,1791052604080006,1489,0,7,11,11,11,10,10,39
1,1949,1948,1791052604128517,1791052604130054,1537,0,8,6,6,6,4,2,2
1,1950,1949,1791052604178517,1791052604180212,1695,0,9,12,12,12,12,4,20
1,1951,1950,1791052604228517,1791052604230479,1962,0,10,10,10,10,10,8,40
1,1952,1951,1791052604278517,1791052604280015,1498,0,11,12,12,12,11,9,34
1,1953,1952,1791052604328517,1791052604329852,1335,0,12,10,10,10,10,4,18
1,1954,1953,1791052604378517,1791052604379842,1325,0,13,10,10,10,10,9,38
1,1955,1954,1791052604428517,1791052604430241,1724,0,14,11,11,11,9,9,35
1,1956,1955,1791052604478517,1791052604479979,1462,0,15,16,16,16,13,6,20
1,1957,1956,1791052604528517,1791052604530570,2053,0,16,13,13,13,12,8,31
1,1958,1957,1791052604578517,1791052604580627,2110,0,17,11,11,11,11,6,22
1,1959,1958,1791052604628517,1791052604630156,1639,0,18,7,7,7,6,4,20
1,1960,1959,1791052604678517,1791052604680059,1542,0,19,10,10,10,10,5,12
1,1961,1960,1791052604728517,1791052604730422,1905,0,0,7,7,7,6,2,10
1,1962,1961,1791052604778517,1791052604779889,1372,0,1,13,13,13,13,12,60
1,1963,1962,1791052604828517,1791052604830325,1808,0,2,8,8,8,8,7,30
1,1964,1963,1791052604878517,1791052604879880,1363,0,3,8,8,8,9,7,24
1,1965,1964,1791052604928517,1791052604930119,1602,0,4,9,9,9,9,8,37
1,1966,1965,1791052604978517,1791052604979987,1470,0,5,9,9,9,9,6,23
1,1967,1966,1791052605028517,1791052605030344,1827,0,6,7,7,7,7,6,29
1,1968,1967,1791052605078517,1791052605079988,1471,0,7,11,11,11,10,10,37
1,1969,1968,1791052605128517,1791052605130203,1686,0,8,6,6,6,4,2,5
1,1970,1969,1791052605178517,1791052605180381,1864,0,9,12,12,12,12,8,32
1,1971,1970,1791052605228517,1791052605230356,1839,0,10,10,10,10,10,10,48
1,1972,1971,1791052605278517,1791052605279971,1454,0,11,12,12,12,13,10,44
1,1973,1972,1791052605328517,1791052605329887,1370,0,12,10,10,10,9,6,23
1,1974,1973,1791052605378517,1791052605380750,2233,0,13,10,10,10,7,6,25
1,1975,1974,1791052605428517,1791052605430425,1908,0,14,11,11,11,8,4,20
1,1976,1975,1791052605478517,1791052605480314,1797,0,15,16,16,16,16,16,71
1,1977,1976,1791052605528517,1791052605529841,1324,0,16,13,13,13,12,8,33
1,1978,1977,1791052605578517,1791052605580566,2049,0,17,11,11,11,10,8,30
1,1979,1978,1791052605628517,1791052605630081,1564,0,18,7,7,7,7,6,30
1,1980,1979,1791052605678517,1791052605680053,1536,0,19,10,10,10,9,6,29
1,1981,1980,1791052605728517,1791052605730509,1992,0,0,7,7,7,6,2,10
1,1982,1981,1791052605778517,1791052605780120,1603,0,1,13,13,13,13,10,50
1,1983,1982,1791052605828517,1791052605830415,1898,0,2,8,8,8,8,6,30
1,1984,1983,1791052605878517,1791052605879891,1374,0,3,8,8,8,8,6,21
1,1985,1984,1791052605928517,1791052605930175,1658,0,4,9,9,9,7,6,30
1,1986,1985,1791052605978517,1791052605980022,1505,0,5,9,9,9,9,7,27
1,1987,1986,1791052606028517,1791052606030074,1557,0,6,7,7,7,7,2,10
1,1988,1987,1791052606078517,1791052606080002,1485,0,7,11,11,11,11,6,30
1,1989,1988,1791052606128517,1791052606129984,1467,0,8,6,6,6,5,2,8
1,1990,1989,1791052606178517,1791052606179907,1390,0,9,12,12,12,12,8,40
1,1991,1990,1791052606228517,1791052606230207,1690,0,10,10,10,10,10,10,45
1,1992,1991,1791052606278517,1791052606279874,1357,0,11,12,12,12,13,9,40
1,1993,1992,1791052606328517,1791052606329969,1452,0,12,10,10,10,8,8,32
1,1994,1993,1791052606378517,1791052606380057,1540,0,13,10,10,10,8,6,24
1,1995,1994,1791052606428517,1791052606430188,1671,0,14,11,11,11,10,10,38
1,1996,1995,1791052606478517,1791052606480052,1535,0,15,16,16,16,15,13,56
1,1997,1996,1791052606528517,1791052606530272,1755,0,16,13,13,13,11,10,39
1,1998,1997,1791052606578517,1791052606580358,1841,0,17,11,11,11,10,8,36
1,1999,1998,1791052606628517,1791052606630410,1893,0,18,7,7,7,7,4,17
1,2000,1999,1791052606678517,1791052606679868,1351,0,19,10,10,10,10,7,25
1,2001,2000,1791052606728517,1791052606729963,1446,0,0,7,7,7,6,4,20
1,2002,2001,1791052606778517,1791052606780233,1716,0,1,13,13,13,13,10,46
1,2003,2002,1791052606828517,1791052606830777,2260,0,2,8,8,8,8,6,30
1,2004,2003,1791052606878517,1791052606880029,1512,0,3,8,8,8,7,6,30
1,2005,2004,1791052606928517,1791052606930206,1689,0,4,9,9,9,8,8,35
1,2006,2005,1791052606978517,1791052606980283,1766,0,5,9,9,9,8,4,12
1,2007,2006,1791052607028517,1791052607030446,1929,0,6,7,7,7,7,4,20
1,2008,2007,1791052607078517,1791052607079951,1434,0,7,11,11,11,11,9,36
1,2009,2008,1791052607128517,1791052607130055,1538,0,8,6,6,6,6,4,14
1,2010,2009,1791052607178517,1791052607180053,1536,0,9,12,12,12,10,8,40
1,2011,2010,1791052607228517,1791052607230421,1904,0,10,10,10,10,10,8,36
1,2012,2011,1791052607278517,1791052607279993,1476,0,11,12,12,12,13,12,54
1,2013,2012,1791052607328517,1791052607330732,2215,0,12,10,10,10,9,4,20
1,2014,2013,1791052607378517,1791052607379850,1333,0,13,10,10,10,10,6,24
1,2015,2014,1791052607428517,1791052607429950,1433,0,14,11,11,11,11,8,34
1,2016,2015,1791052607478517,1791052607480217,1700,0,15,16,16,16,16,15,63
1,2017,2016,1791052607528517,1791052607530227,1710,0,16,13,13,13,13,6,30
1,2018,2017,1791052607578517,1791052607580148,1631,0,17,11,11,11,10,6,24
1,2019,2018,1791052607628517,1791052607630566,2049,0,18,7,7,7,7,6,25
1,2020,2019,1791052607678517,1791052607680094,1577,0,19,10,10,10,8,6,25
1,2021,2020,1791052607728517,1791052607730363,1846,0,0,7,7,7,7,4,19
1,2022,2021,1791052607778517,1791052607780590,2073,0,1,13,13,13,12,8,40
1,2023,2022,1791052607828517,1791052607830194,1677,0,2,8,8,8,8,6,25
1,2024,2023,1791052607878517,1791052607879859,1342,0,3,8,8,8,8,4,11
1,2025,2024,1791052607928517,1791052607930708,2191,0,4,9,9,9,9,6,27
1,2026,2025,1791052607978517,1791052607980372,1855,0,5,9,9,9,8,6,30
1,2027,2026,1791052608028517,1791052608030407,1890,0,6,7,7,7,6,2,10
1,2028,2027,1791052608078517,1791052608080040,1523,0,7,11,11,11,11,8,34
1,2029,2028,1791052608128517,1791052608130147,1630,0,8,6,6,6,5,0,0
1,2030,2029,1791052608178517,1791052608180177,1660,0,9,12,12,12,12,8,35
1,2031,2030,1791052608228517,1791052608230517,2000,0,10,10,10,10,10,8,37
1,2032,2031,1791052608278517,1791052608279995,1478,0,11,12,12,12,11,10,50
1,2033,2032,1791052608328517,1791052608330004,1487,0,12,10,10,10,9,6,28
1,2034,2033,1791052608378517,1791052608379983,1466,0,13,10,10,10,7,2,10
1,2035,2034,1791052608428517,1791052608429893,1376,0,14,11,11,11,11,6,30
1,2036,2035,1791052608478517,1791052608480065,1548,0,15,16,16,16,17,14,70
1,2037,2036,1791052608528517,1791052608530360,1843,0,16,13,13,13,12,6,30
1,2038,2037,1791052608578517,1791052608580506,1989,0,17,11,11,11,10,6,30
1,2039,2038,1791052608628517,1791052608630491,1974,0,18,7,7,7,7,6,30
1,2040,2039,1791052608678517,1791052608680004,1487,0,19,10,10,10,10,4,20
1,2041,2040,1791052608728517,1791052608730556,2039,0,0,7,7,7,7,4,14
1,2042,2041,1791052608778517,1791052608779932,1415,0,1,13,13,13,11,8,40
1,2043,2042,1791052608828517,1791052608830338,1821,0,2,8,8,8,8,6,30
1,2044,2043,1791052608878517,1791052608879917,1400,0,3,8,8,8,9,8,33
1,2045,2044,1791052608928517,1791052608930642,2125,0,4,9,9,9,9,8,40
1,2046,2045,1791052608978517,1791052608980735,2218,0,5,9,9,9,9,8,35
1,2047,2046,1791052609028517,1791052609030670,2153,0,6,7,7,7,7,2,6
1,2048,2047,1791052609078517,1791052609080122,1605,0,7,11,11,11,12,9,39
1,2049,2048,1791052609128517,1791052609129982,1465,0,8,6,6,6,6,5,20
1,2050,2049,1791052609178517,1791052609179838,1321,0,9,12,12,12,12,10,50
1,2051,2050,1791052609228517,1791052609229853,1336,0,10,10,10,10,10,8,33
1,2052,2051,1791052609278517,1791052609280125,1608,0,11,12,12,12,12,12,55
1,2053,2052,1791052609328517,1791052609330153,1636,0,12,10,10,10,9,6,30
1,2054,2053,1791052609378517,1791052609380579,2062,0,13,10,10,10,10,4,13
1,2055,2054,1791052609428517,1791052609430515,1998,0,14,11,11,11,11,6,30
1,2056,2055,1791052609478517,1791052609480052,1535,0,15,16,16,16,17,17,79
1,2057,2056,1791052609528517,1791052609530422,1905,0,16,13,13,13,12,8,38
1,2058,2057,1791052609578517,1791052609580055,1538,0,17,11,11,11,10,10,39
1,2059,2058,1791052609628517,1791052609630409,1892,0,18,7,7,7,7,6,30
1,2060,2059,1791052609678517,1791052609679983,1466,0,19,10,10,10,10,2,10
1,2061,2060,1791052609728517,1791052609730357,1840,0,0,7,7,7,7,4,14
1,2062,2061,1791052609778517,1791052609779953,1436,0,1,13,13,13,12,10,43
1,2063,2062,1791052609828517,1791052609830200,1683,0,2,8,8,8,8,6,30
1,2064,2063,1791052609878517,1791052609880084,1567,0,3,8,8,8,8,8,34
1,2065,2064,1791052609928517,1791052609930656,2139,0,4,9,9,9,9,8,33
1,2066,2065,1791052609978517,1791052609980584,2067,0,5,9,9,9,7,6,26
1,2067,2066,1791052610028517,1791052610030276,1759,0,6,7,7,7,7,4,11
1,2068,2067,1791052610078517,1791052610079787,1270,0,7,11,11,11,12,9,40
1,2069,2068,1791052610128517,1791052610130791,2274,0,8,6,6,6,6,5,20
1,2070,2069,1791052610178517,1791052610180069,1552,0,9,12,12,12,12,10,49
1,2071,2070,1791052610228517,1791052610229854,1337,0,10,10,10,10,10,6,26
1,2072,2071,1791052610278517,1791052610280059,1542,0,11,12,12,12,13,11,50
1,2073,2072,1791052610328517,1791052610330355,1838,0,12,10,10,10,9,6,22
1,2074,2073,1791052610378517,1791052610380620,2103,0,13,10,10,10,9,4,18
1,2075,2074,1791052610428517,1791052610429897,1380,0,14,11,11,11,11,6,30
1,2076,2075,1791052610478517,1791052610479782,1265,0,15,16,16,16,16,16,79
1,2077,2076,1791052610528517,1791052610530237,1720,0,16,13,13,13,13,6,30
1,2078,2077,1791052610578517,1791052610580543,2026,0,17,11,11,11,9,8,37
1,2079,2078,1791052610628517,1791052610629800,1283,0,18,7,7,7,7,6,22
1,2080,2079,1791052610678517,1791052610679837,1320,0,19,10,10,10,9,9,38
1,2081,2080,1791052610728517,1791052610730187,1670,0,0,7,7,7,7,4,20
1,2082,2081,1791052610778517,1791052610780494,1977,0,1,13,13,13,12,8,37
1,2083,2082,1791052610828517,1791052610829957,1440,0,2,8,8,8,8,6,30
1,2084,2083,1791052610878517,1791052610879887,1370,0,3,8,8,8,9,8,35
1,2085,2084,1791052610928517,1791052610930227,1710,0,4,9,9,9,9,8,40
1,2086,2085,1791052610978517,1791052610981587,3070,0,5,9,9,9,8,8,34
1,2087,2086,1791052611028517,1791052611030373,1856,0,6,7,7,7,7,3,4
1,2088,2087,1791052611078517,1791052611080050,1533,0,7,11,11,11,11,8,40
1,2089,2088,1791052611128517,1791052611130197,1680,0,8,6,6,6,5,2,8
1,2090,2089,1791052611178517,1791052611180256,1739,0,9,12,12,12,11,6,28
1,2091,2090,1791052611228517,1791052611230272,1755,0,10,10,10,10,10,10,50
1,2092,2091,1791052611278517,1791052611279893,1376,0,11,12,12,12,13,8,40
1,2093,2092,1791052611328517,1791052611329864,1347,0,12,10,10,10,7,4,20
1,2094,2093,1791052611378517,1791052611379916,1399,0,13,10,10,10,10,10,50
1,2095,2094,1791052611428517,1791052611429881,1364,0,14,11,11,11,9,2,10
1,2096,2095,1791052611478517,1791052611479942,1425,0,15,16,16,16,15,14,66
1,2097,2096,1791052611528517,1791052611529947,1430,0,16,13,13,13,12,8,31
1,2098,2097,1791052611578517,1791052611579965,1448,0,17,11,11,11,11,4,14
1,2099,2098,1791052611628517,1791052611629805,1288,0,18,7,7,7,6,4,20
1,2100,2099,1791052611678517,1791052611679985,1468,0,19,10,10,10,10,8,33
1,2101,2100,1791052611728517,1791052611730122,1605,0,0,7,7,7,6,2,10
1,2102,2101,1791052611778517,1791052611780072,1555,0,1,13,13,13,13,12,60
1,2103,2102,1791052611828517,1791052611830251,1734,0,2,8,8,8,7,5,16
1,2104,2103,1791052611878517,1791052611880087,1570,0,3,8,8,8,8,6,21
1,2105,2104,1791052611928517,1791052611930331,1814,0,4,9,9,9,8,4,20
1,2106,2105,1791052611978517,1791052611980344,1827,0,5,9,9,9,9,6,30
1,2107,2106,1791052612028517,1791052612030675,2158,0,6,7,7,7,6,5,20
1,2108,2107,1791052612078517,1791052612080065,1548,0,7,11,11,11,7,6,30
1,2109,2108,1791052612128517,1791052612130075,1558,0,8,6,6,6,5,4,14
1,2110,2109,1791052612178517,1791052612180529,2012,0,9,12,12,12,11,11,50
1,2111,2110,1791052612228517,1791052612230261,1744,0,10,10,10,10,8,7,27
1,2112,2111,1791052612278517,1791052612279937,1420,0,11,12,12,12,13,12,51
1,2113,2112,1791052612328517,1791052612330476,1959,0,12,10,10,10,9,6,28
1,2114,2113,1791052612378517,1791052612380099,1582,0,13,10,10,10,8,5,14
1,2115,2114,1791052612428517,1791052612430069,1552,0,14,11,11,11,10,6,30
1,2116,2115,1791052612478517,1791052612480089,1572,0,15,16,16,16,16,15,69
1,2117,2116,1791052612528517,1791052612530435,1918,0,16,13,13,13,13,8,38
1,2118,2117,1791052612578517,1791052612580516,1999,0,17,11,11,11,10,10,41
1,2119,2118,1791052612628517,1791052612629944,1427,0,18,7,7,7,7,6,29
1,2120,2119,1791052612678517,1791052612679991,1474,0,19,10,10,10,9,7,24
1,2121,2120,1791052612728517,1791052612729874,1357,0,0,7,7,7,5,4,20
1,2122,2121,1791052612778517,1791052612779979,1462,0,1,13,13,13,12,10,46
1,2123,2122,1791052612828517,1791052612829989,1472,0,2,8,8,8,8,6,22
1,2124,2123,1791052612878517,1791052612880163,1646,0,3,8,8,8,9,4,20
1,2125,2124,1791052612928517,1791052612930474,1957,0,4,9,9,9,7,4,20
1,2126,2125,1791052612978517,1791052612979935,1418,0,5,9,9,9,8,6,28
1,2127,2126,1791052613028517,1791052613030395,1878,0,6,7,7,7,7,2,10
1,2128,2127,1791052613078517,1791052613079960,1443,0,7,11,11,11,10,6,30
1,2129,2128,1791052613128517,1791052613130477,1960,0,8,6,6,6,5,2,10
1,2130,2129,1791052613178517,1791052613180631,2114,0,9,12,12,12,12,10,42
1,2131,2130,1791052613228517,1791052613229825,1308,0,10,10,10,10,10,10,43
1,2132,2131,1791052613278517,1791052613279952,1435,0,11,12,12,12,12,8,40
1,2133,2132,1791052613328517,1791052613330567,2050,0,12,10,10,10,9,6,30
1,2134,2133,1791052613378517,1791052613379987,1470,0,13,10,10,10,9,4,15
1,2135,2134,1791052613428517,1791052613430255,1738,0,14,11,11,11,11,6,26
1,2136,2135,1791052613478517,1791052613479962,1445,0,15,16,16,16,16,15,69
1,2137,2136,1791052613528517,1791052613530118,1601,0,16,13,13,13,12,8,35
1,2138,2137,1791052613578517,1791052613580755,2238,0,17,11,11,11,10,10,42
1,2139,2138,1791052613628517,1791052613630382,1865,0,18,7,7,7,7,6,30
1,2140,2139,1791052613678517,1791052613679825,1308,0,19,10,10,10,11,4,14
1,2141,2140,1791052613728517,1791052613730082,1565,0,0,7,7,7,7,2,10
1,2142,2141,1791052613778517,1791052613780467,1950,0,1,13,13,13,12,10,44
1,2143,2142,1791052613828517,1791052613829940,1423,0,2,8,8,8,8,6,30
1,2144,2143,1791052613878517,1791052613880075,1558,0,3,8,8,8,6,4,16
1,2145,2144,1791052613928517,1791052613930298,1781,0,4,9,9,9,9,8,38
1,2146,2145,1791052613978517,1791052613979885,1368,0,5,9,9,9,9,6,24
1,2147,2146,1791052614028517,1791052614030460,1943,0,6,7,7,7,7,6,25
1,2148,2147,1791052614078517,1791052614079956,1439,0,7,11,11,11,11,8,35
1,2149,2148,1791052614128517,1791052614130655,2138,0,8,6,6,6,5,2,5
1,2150,2149,1791052614178517,1791052614180398,1881,0,9,12,12,12,12,8,40
1,2151,2150,1791052614228517,1791052614229874,1357,0,10,10,10,10,9,8,32
1,2152,2151,1791052614278517,1791052614279986,1469,0,11,12,12,12,13,12,51
1,2153,2152,1791052614328517,1791052614330424,1907,0,12,10,10,10,9,6,23
1,2154,2153,1791052614378517,1791052614379768,1251,0,13,10,10,10,8,2,10
1,2155,2154,1791052614428517,1791052614430128,1611,0,14,11,11,11,11,8,34
1,2156,2155,1791052614478517,1791052614480226,1709,0,15,16,16,16,17,14,70
1,2157,2156,1791052614528517,1791052614530338,1821,0,16,13,13,13,11,6,30
1,2158,2157,1791052614578517,1791052614579940,1423,0,17,11,11,11,11,11,50
1,2159,2158,1791052614628517,1791052614630143,1626,0,18,7,7,7,7,6,22
1,2160,2159,1791052614678517,1791052614679976,1459,0,19,10,10,10,9,6,20
1,2161,2160,1791052614728517,1791052614730062,1545,0,0,7,7,7,7,6,22
1,2162,2161,1791052614778517,1791052614780229,1712,0,1,13,13,13,12,8,39
1,2163,2162,1791052614828517,1791052614830290,1773,0,2,8,8,8,8,6,30
1,2164,2163,1791052614878517,1791052614880107,1590,0,3,8,8,8,9,8,40
1,2165,2164,1791052614928517,1791052614929856,1339,0,4,9,9,9,9,8,40
1,2166,2165,1791052614978517,1791052614979841,1324,0,5,9,9,9,6,4,20
1,2167,2166,1791052615028517,1791052615030054,1537,0,6,7,7,7,6,2,10
1,2168,2167,1791052615078517,1791052615079821,1304,0,7,11,11,11,10,8,33
1,2169,2168,1791052615128517,1791052615130166,1649,0,8,6,6,6,6,2,10
1,2170,2169,1791052615178517,1791052615180433,1916,0,9,12,12,12,11,8,36
1,2171,2170,1791052615228517,1791052615230787,2270,0,10,10,10,10,9,8,40
1,2172,2171,1791052615278517,1791052615280081,1564,0,11,12,12,12,12,10,50
1,2173,2172,1791052615328517,1791052615329917,1400,0,12,10,10,10,9,6,27
1,2174,2173,1791052615378517,1791052615380059,1542,0,13,10,10,10,10,7,30
1,2175,2174,1791052615428517,1791052615430101,1584,0,14,11,11,11,9,8,36
1,2176,2175,1791052615478517,1791052615479995,1478,0,15,16,16,16,16,14,62
1,2177,2176,1791052615528517,1791052615530379,1862,0,16,13,13,13,13,8,34
1,2178,2177,1791052615578517,1791052615580583,2066,0,17,11,11,11,8,6,26
1,2179,2178,1791052615628517,1791052615630774,2257,0,18,7,7,7,7,6,22
1,2180,2179,1791052615678517,1791052615679943,1426,0,19,10,10,10,10,9,34
1,2181,2180,1791052615728517,1791052615729825,1308,0,0,7,7,7,7,6,24
1,2182,2181,1791052615778517,1791052615780691,2174,0,1,13,13,13,12,10,44
1,2183,2182,1791052615828517,1791052615829901,1384,0,2,8,8,8,8,6,30
1,2184,2183,1791052615878517,1791052615879998,1481,0,3,8,8,8,8,8,39
1,2185,2184,1791052615928517,1791052615929882,1365,0,4,9,9,9,9,8,34
1,2186,2185,1791052615978517,1791052615979976,1459,0,5,9,9,9,8,6,24
1,2187,2186,1791052616028517,1791052616029963,1446,0,6,7,7,7,7,4,16
1,2188,2187,1791052616078517,1791052616080025,1508,0,7,11,11,11,12,8,33
1,2189,2188,1791052616128517,1791052616130317,1800,0,8,6,6,6,5,2,10
1,2190,2189,1791052616178517,1791052616179771,1254,0,9,12,12,12,12,8,40
1,2191,2190,1791052616228517,1791052616230301,1784,0,10,10,10,10,10,8,36
1,2192,2191,1791052616278517,1791052616280044,1527,0,11,12,12,12,13,11,49
1,2193,2192,1791052616328517,1791052616330473,1956,0,12,10,10,10,8,4,17
1,2194,2193,1791052616378517,1791052616380654,2137,0,13,10,10,10,8,4,20
1,2195,2194,1791052616428517,1791052616429900,1383,0,14,11,11,11,10,6,30
1,2196,2195,1791052616478517,1791052616479980,1463,0,15,16,16,16,15,14,70
1,2197,2196,1791052616528517,1791052616530789,2272,0,16,13,13,13,10,6,28
1,2198,2197,1791052616578517,1791052616579852,1335,0,17,11,11,11,11,9,38
1,2199,2198,1791052616628517,1791052616629935,1418,0,18,7,7,7,7,6,30
1,2200,2199,1791052616678517,1791052616680050,1533,0,19,10,10,10,9,6,22
1,2201,2200,1791052616728517,1791052616729777,1260,0,0,7,7,7,7,4,19
1,2202,2201,1791052616778517,1791052616780671,2154,0,1,13,13,13,13,9,40
1,2203,2202,1791052616828517,1791052616830663,2146,0,2,8,8,8,8,6,29
1,2204,2203,1791052616878517,1791052616879964,1447,0,3,8,8,8,8,6,30
1,2205,2204,1791052616928517,1791052616930703,2186,0,4,9,9,9,9,8,34
1,2206,2205,1791052616978517,1791052616980353,1836,0,5,9,9,9,6,4,20
1,2207,2206,1791052617028517,1791052617029760,1243,0,6,7,7,7,7,2,10
1,2208,2207,1791052617078517,1791052617079874,1357,0,7,11,11,11,11,8,38
1,2209,2208,1791052617128517,1791052617130238,1721,0,8,6,6,6,6,4,15
1,2210,2209,1791052617178517,1791052617179802,1285,0,9,12,12,12,12,8,36
1,2211,2210,1791052617228517,1791052617230255,1738,0,10,10,10,10,10,10,42
1,2212,2211,1791052617278517,1791052617279981,1464,0,11,12,12,12,13,12,53
1,2213,2212,1791052617328517,1791052617330282,1765,0,12,10,10,10,10,7,27
1,2214,2213,1791052617378517,1791052617380216,1699,0,13,10,10,10,7,4,15
1,2215,2214,1791052617428517,1791052617430285,1768,0,14,11,11,11,11,6,29
1,2216,2215,1791052617478517,1791052617480101,1584,0,15,16,16,16,16,14,60
1,2217,2216,1791052617528517,1791052617530151,1634,0,16,13,13,13,12,8,32
1,2218,2217,1791052617578517,1791052617580462,1945,0,17,11,11,11,10,9,32
1,2219,2218,1791052617628517,1791052617629952,1435,0,18,7,7,7,7,6,23
1,2220,2219,1791052617678517,1791052617680080,1563,0,19,10,10,10,8,8,35
1,2221,2220,1791052617728517,1791052617730270,1753,0,0,7,7,7,7,6,30
1,2222,2221,1791052617778517,1791052617780501,1984,0,1,13,13,13,12,10,46
1,2223,2222,1791052617828517,1791052617830798,2281,0,2,8,8,8,8,6,30
1,2224,2223,1791052617878517,1791052617880118,1601,0,3,8,8,8,8,7,26
1,2225,2224,1791052617928517,1791052617930030,1513,0,4,9,9,9,8,8,40
1,2226,2225,1791052617978517,1791052617979941,1424,0,5,9,9,9,7,6,22
1,2227,2226,1791052618028517,1791052618030727,2210,0,6,7,7,7,7,5,19
1,2228,2227,1791052618078517,1791052618079966,1449,0,7,11,11,11,11,8,36
1,2229,2228,1791052618128517,1791052618130132,1615,0,8,6,6,6,6,4,14
1,2230,2229,1791052618178517,1791052618179874,1357,0,9,12,12,12,12,8,40
1,2231,2230,1791052618228517,1791052618229722,1205,0,10,10,10,10,10,8,38
1,2232,2231,1791052618278517,1791052618280024,1507,0,11,12,12,12,12,12,51
1,2233,2232,1791052618328517,1791052618330052,1535,0,12,10,10,10,10,6,24
1,2234,2233,1791052618378517,1791052618380311,1794,0,13,10,10,10,9,6,29
1,2235,2234,1791052618428517,1791052618430451,1934,0,14,11,11,11,9,6,28
1,2236,2235,1791052618478517,1791052618479801,1284,0,15,16,16,16,14,14,65
1,2237,2236,1791052618528517,1791052618530624,2107,0,16,13,13,13,13,8,33
1,2238,2237,1791052618578517,1791052618579946,1429,0,17,11,11,11,10,7,28
1,2239,2238,1791052618628517,1791052618630189,1672,0,18,7,7,7,7,6,25
1,2240,2239,1791052618678517,1791052618679978,1461,0,19,10,10,10,8,7,23
1,2241,2240,1791052618728517,1791052618729856,1339,0,0,7,7,7,5,2,10
1,2242,2241,1791052618778517,1791052618779873,1356,0,1,13,13,13,13,10,49
1,2243,2242,1791052618828517,1791052618829985,1468,0,2,8,8,8,8,6,30
1,2244,2243,1791052618878517,1791052618880153,1636,0,3,8,8,8,9,7,29
1,2245,2244,1791052618928517,1791052618930448,1931,0,4,9,9,9,9,8,40
1,2246,2245,1791052618978517,1791052618980070,1553,0,5,9,9,9,8,5,15
1,2247,2246,1791052619028517,1791052619030348,1831,0,6,7,7,7,5,4,20
1,2248,2247,1791052619078517,1791052619079998,1481,0,7,11,11,11,10,8,34
1,2249,2248,1791052619128517,1791052619130277,1760,0,8,6,6,6,6,5,17
1,2250,2249,1791052619178517,1791052619180754,2237,0,9,12,12,12,11,9,39
1,2251,2250,1791052619228517,1791052619230227,1710,0,10,10,10,10,10,8,31
1,2252,2251,1791052619278517,1791052619280097,1580,0,11,12,12,12,13,10,50
1,2253,2252,1791052619328517,1791052619329902,1385,0,12,10,10,10,9,6,30
1,2254,2253,1791052619378517,1791052619379913,1396,0,13,10,10,10,9,6,21
1,2255,2254,1791052619428517,1791052619430494,1977,0,14,11,11,11,9,6,25
1,2256,2255,1791052619478517,1791052619479984,1467,0,15,16,16,16,15,14,67
1,2257,2256,1791052619528517,1791052619530176,1659,0,16,13,13,13,12,7,29
1,2258,2257,1791052619578517,1791052619580432,1915,0,17,11,11,11,11,7,21
1,2259,2258,1791052619628517,1791052619630174,1657,0,18,7,7,7,7,6,30
1,2260,2259,1791052619678517,1791052619680119,1602,0,19,10,10,10,10,5,18
1,2261,2260,1791052619728517,1791052619730139,1622,0,0,7,7,7,7,4,12
1,2262,2261,1791052619778517,1791052619780308,1791,0,1,13,13,13,12,8,40
1,2263,2262,1791052619828517,1791052619830511,1994,0,2,8,8,8,8,6,30
1,2264,2263,1791052619878517,1791052619880128,1611,0,3,8,8,8,9,9,34
1,2265,2264,1791052619928517,1791052619930147,1630,0,4,9,9,9,9,8,38
1,2266,2265,1791052619978517,1791052619980223,1706,0,5,9,9,9,8,6,27
1,2267,2266,1791052620028517,1791052620030073,1556,0,6,7,7,7,7,2,10
1,2268,2267,1791052620078517,1791052620079968,1451,0,7,11,11,11,11,6,30
1,2269,2268,1791052620128517,1791052620130070,1553,0,8,6,6,6,6,4,19
1,2270,2269,1791052620178517,1791052620180488,1971,0,9,12,12,12,10,8,40
1,2271,2270,1791052620228517,1791052620230718,2201,0,10,10,10,10,10,9,39
1,2272,2271,1791052620278517,1791052620280001,1484,0,11,12,12,12,12,11,49
1,2273,2272,1791052620328517,1791052620330520,2003,0,12,10,10,10,9,4,19
1,2274,2273,1791052620378517,1791052620379932,1415,0,13,10,10,10,9,6,22
1,2275,2274,1791052620428517,1791052620430393,1876,0,14,11,11,11,11,7,27
1,2276,2275,1791052620478517,1791052620480170,1653,0,15,16,16,16,16,14,62
1,2277,2276,1791052620528517,1791052620530481,1964,0,16,13,13,13,13,8,32
1,2278,2277,1791052620578517,1791052620580120,1603,0,17,11,11,11,9,6,23
1,2279,2278,1791052620628517,1791052620629855,1338,0,18,7,7,7,6,4,20
1,2280,2279,1791052620678517,1791052620680065,1548,0,19,10,10,10,8,8,33
1,2281,2280,1791052620728517,1791052620730192,1675,0,0,7,7,7,7,6,25
1,2282,2281,1791052620778517,1791052620779808,1291,0,1,13,13,13,13,10,44
1,2283,2282,1791052620828517,1791052620830544,2027,0,2,8,8,8,8,6,30
1,2284,2283,1791052620878517,1791052620879940,1423,0,3,8,8,8,9,6,30
1,2285,2284,1791052620928517,1791052620930489,1972,0,4,9,9,9,8,8,32
1,2286,2285,1791052620978517,1791052620980003,1486,0,5,9,9,9,8,6,29
1,2287,2286,1791052621028517,1791052621030307,1790,0,6,7,7,7,7,2,10
1,2288,2287,1791052621078517,1791052621080083,1566,0,7,11,11,11,12,9,40
1,2289,2288,1791052621128517,1791052621130318,1801,0,8,6,6,6,6,2,5
1,2290,2289,1791052621178517,1791052621180648,2131,0,9,12,12,12,11,6,30
1,2291,2290,1791052621228517,1791052621229886,1369,0,10,10,10,10,10,10,49
1,2292,2291,1791052621278517,1791052621279854,1337,0,11,12,12,12,12,12,51
1,2293,2292,1791052621328517,1791052621330052,1535,0,12,10,10,10,9,6,23
1,2294,2293,1791052621378517,1791052621380415,1898,0,13,10,10,10,9,6,30
1,2295,2294,1791052621428517,1791052621429936,1419,0,14,11,11,11,11,8,35
1,2296,2295,1791052621478517,1791052621480148,1631,0,15,16,16,16,17,17,68
1,2297,2296,1791052621528517,1791052621530494,1977,0,16,13,13,13,11,8,37
1,2298,2297,1791052621578517,1791052621580434,1917,0,17,11,11,11,9,5,19
1,2299,2298,1791052621628517,1791052621630328,1811,0,18,7,7,7,7,6,26
1,2300,2299,1791052621678517,1791052621680014,1497,0,19,10,10,10,10,8,33
1,2301,2300,1791052621728517,1791052621730107,1590,0,0,7,7,7,6,2,9
1,2302,2301,1791052621778517,1791052621780296,1779,0,1,13,13,13,13,12,60
1,2303,2302,1791052621828517,1791052621830446,1929,0,2,8,8,8,8,6,24
1,2304,2303,1791052621878517,1791052621879830,1313,0,3,8,8,8,8,6,23
1,2305,2304,1791052621928517,1791052621930709,2192,0,4,9,9,9,8,6,28
1,2306,2305,1791052621978517,1791052621979865,1348,0,5,9,9,9,9,6,30
1,2307,2306,1791052622028517,1791052622029978,1461,0,6,7,7,7,7,4,19
1,2308,2307,1791052622078517,1791052622079804,1287,0,7,11,11,11,11,9,38
1,2309,2308,1791052622128517,1791052622130505,1988,0,8,6,6,6,6,3,9
1,2310,2309,1791052622178517,1791052622180463,1946,0,9,12,12,12,11,10,45
1,2311,2310,1791052622228517,1791052622229807,1290,0,10,10,10,10,9,8,39
1,2312,2311,1791052622278517,1791052622280283,1766,0,11,12,12,12,11,11,43
1,2313,2312,1791052622328517,1791052622330540,2023,0,12,10,10,10,8,6,29
1,2314,2313,1791052622378517,1791052622380463,1946,0,13,10,10,10,9,6,29
1,2315,2314,1791052622428517,1791052622430404,1887,0,14,11,11,11,10,6,27
1,2316,2315,1791052622478517,1791052622480046,1529,0,15,16,16,16,16,16,75
1,2317,2316,1791052622528517,1791052622530142,1625,0,16,13,13,13,13,8,34
1,2318,2317,1791052622578517,1791052622580387,1870,0,17,11,11,11,11,10,41
1,2319,2318,1791052622628517,1791052622630637,2120,0,18,7,7,7,7,6,30
1,2320,2319,1791052622678517,1791052622680127,1610,0,19,10,10,10,11,6,21
1,2321,2320,1791052622728517,1791052622730360,1843,0,0,7,7,7,7,2,10
1,2322,2321,1791052622778517,1791052622780509,1992,0,1,13,13,13,12,8,40
1,2323,2322,1791052622828517,1791052622830759,2242,0,2,8,8,8,8,6,30
1,2324,2323,1791052622878517,1791052622880116,1599,0,3,8,8,8,8,4,18
1,2325,2324,1791052622928517,1791052622929845,1328,0,4,9,9,9,8,6,30
1,2326,2325,1791052622978517,1791052622979834,1317,0,5,9,9,9,8,6,30
1,2327,2326,1791052623028517,1791052623030627,2110,0,6,7,7,7,7,2,10
1,2328,2327,1791052623078517,1791052623079959,1442,0,7,11,11,11,11,10,47
1,2329,2328,1791052623128517,1791052623130585,2068,0,8,6,6,6,6,2,6
1,2330,2329,1791052623178517,1791052623180580,2063,0,9,12,12,12,12,8,36
1,2331,2330,1791052623228517,1791052623230487,1970,0,10,10,10,10,10,10,43
1,2332,2331,1791052623278517,1791052623280119,1602,0,11,12,12,12,13,10,50
1,2333,2332,1791052623328517,1791052623330084,1567,0,12,10,10,10,9,6,30
1,2334,2333,1791052623378517,1791052623380109,1592,0,13,10,10,10,9,4,13
1,2335,2334,1791052623428517,1791052623430139,1622,0,14,11,11,11,10,6,30
1,2336,2335,1791052623478517,1791052623480035,1518,0,15,16,16,16,17,17,71
1,2337,2336,1791052623528517,1791052623529863,1346,0,16,13,13,13,12,8,31
1,2338,2337,1791052623578517,1791052623579768,1251,0,17,11,11,11,10,10,42
1,2339,2338,1791052623628517,1791052623630646,2129,0,18,7,7,7,7,6,26
1,2340,2339,1791052623678517,1791052623680007,1490,0,19,10,10,10,8,6,28
1,2341,2340,1791052623728517,1791052623730044,1527,0,0,7,7,7,7,6,28
1,2342,2341,1791052623778517,1791052623780056,1539,0,1,13,13,13,13,11,49
1,2343,2342,1791052623828517,1791052623830149,1632,0,2,8,8,8,8,6,27
1,2344,2343,1791052623878517,1791052623880052,1535,0,3,8,8,8,8,6,21
1,2345,2344,1791052623928517,1791052623929972,1455,0,4,9,9,9,9,9,40
1,2346,2345,1791052623978517,1791052623980001,1484,0,5,9,9,9,9,8,32
1,2347,2346,1791052624028517,1791052624030158,1641,0,6,7,7,7,7,4,15
1,2348,2347,1791052624078517,1791052624079949,1432,0,7,11,11,11,9,6,30
1,2349,2348,1791052624128517,1791052624130650,2133,0,8,6,6,6,5,0,0
1,2350,2349,1791052624178517,1791052624180406,1889,0,9,12,12,12,11,6,29
1,2351,2350,1791052624228517,1791052624230471,1954,0,10,10,10,10,10,10,48
1,2352,2351,1791052624278517,1791052624280005,1488,0,11,12,12,12,12,11,44
1,2353,2352,1791052624328517,1791052624329842,1325,0,12,10,10,10,9,8,32
1,2354,2353,1791052624378517,1791052624379977,1460,0,13,10,10,10,8,5,16
1,2355,2354,1791052624428517,1791052624430205,1688,0,14,11,11,11,11,8,34
1,2356,2355,1791052624478517,1791052624479995,1478,0,15,16,16,16,16,16,72
1,2357,2356,1791052624528517,1791052624530101,1584,0,16,13,13,13,11,6,30
1,2358,2357,1791052624578517,1791052624580215,1698,0,17,11,11,11,10,6,22
1,2359,2358,1791052624628517,1791052624630513,1996,0,18,7,7,7,7,6,30
1,2360,2359,1791052624678517,1791052624680201,1684,0,19,10,10,10,9,7,25
1,2361,2360,1791052624728517,1791052624730262,1745,0,0,7,7,7,6,2,10
1,2362,2361,1791052624778517,1791052624780513,1996,0,1,13,13,13,12,12,55
1,2363,2362,1791052624828517,1791052624830770,2253,0,2,8,8,8,8,7,27
1,2364,2363,1791052624878517,1791052624879970,1453,0,3,8,8,8,7,4,20
1,2365,2364,1791052624928517,1791052624930062,1545,0,4,9,9,9,8,4,20
1,2366,2365,1791052624978517,1791052624979813,1296,0,5,9,9,9,8,6,30
1,2367,2366,1791052625028517,1791052625029844,1327,0,6,7,7,7,7,4,13
1,2368,2367,1791052625078517,1791052625079996,1479,0,7,11,11,11,10,7,30
1,2369,2368,1791052625128517,1791052625130109,1592,0,8,6,6,6,5,4,19
1,2370,2369,1791052625178517,1791052625180066,1549,0,9,12,12,12,12,11,49
1,2371,2370,1791052625228517,1791052625230226,1709,0,10,10,10,10,10,10,36
1,2372,2371,1791052625278517,1791052625279993,1476,0,11,12,12,12,11,10,47
1,2373,2372,1791052625328517,1791052625329802,1285,0,12,10,10,10,9,6,29
1,2374,2373,1791052625378517,1791052625379999,1482,0,13,10,10,10,7,4,14
1,2375,2374,1791052625428517,1791052625430516,1999,0,14,11,11,11,10,6,30
1,2376,2375,1791052625478517,1791052625480186,1669,0,15,16,16,16,17,17,80
1,2377,2376,1791052625528517,1791052625530154,1637,0,16,13,13,13,11,7,30
1,2378,2377,1791052625578517,1791052625580334,1817,0,17,11,11,11,11,10,33
1,2379,2378,1791052625628517,1791052625630396,1879,0,18,7,7,7,7,6,24
1,2380,2379,1791052625678517,1791052625679827,1310,0,19,10,10,10,9,9,40
1,2381,2380,1791052625728517,1791052625729819,1302,0,0,7,7,7,7,4,12
1,2382,2381,1791052625778517,1791052625780658,2141,0,1,13,13,13,12,8,40
1,2383,2382,1791052625828517,1791052625830565,2048,0,2,8,8,8,8,6,30
1,2384,2383,1791052625878517,1791052625879890,1373,0,3,8,8,8,9,9,33
1,2385,2384,1791052625928517,1791052625929892,1375,0,4,9,9,9,9,9,39
1,2386,2385,1791052625978517,1791052625979944,1427,0,5,9,9,9,8,4,20
1,2387,2386,1791052626028517,1791052626029840,1323,0,6,7,7,7,7,4,20
1,2388,2387,1791052626078517,1791052626079880,1363,0,7,11,11,11,12,8,39
1,2389,2388,1791052626128517,1791052626130548,2031,0,8,6,6,6,6,2,10
1,2390,2389,1791052626178517,1791052626180380,1863,0,9,12,12,12,12,10,43
1,2391,2390,1791052626228517,1791052626230539,2022,0,10,10,10,10,10,8,31
1,2392,2391,1791052626278517,1791052626279972,1455,0,11,12,12,12,12,10,50
1,2393,2392,1791052626328517,1791052626330015,1498,0,12,10,10,10,9,6,30
1,2394,2393,1791052626378517,1791052626380272,1755,0,13,10,10,10,10,7,26
1,2395,2394,1791052626428517,1791052626430435,1918,0,14,11,11,11,11,8,39
1,2396,2395,1791052626478517,1791052626480144,1627,0,15,16,16,16,16,14,70
1,2397,2396,1791052626528517,1791052626530083,1566,0,16,13,13,13,12,8,34
1,2398,2397,1791052626578517,1791052626580555,2038,0,17,11,11,11,11,9,35
1,2399,2398,1791052626628517,1791052626630741,2224,0,18,7,7,7,7,6,30
1,2400,2399,1791052626678517,1791052626679959,1442,0,19,10,10,10,7,6,27
1,2401,2400,1791052626728517,1791052626729855,1338,0,0,7,7,7,7,6,23
1,2402,2401,1791052626778517,1791052626779885,1368,0,1,13,13,13,11,8,39
1,2403,2402,1791052626828517,1791052626830080,1563,0,2,8,8,8,8,6,27
1,2404,2403,1791052626878517,1791052626880040,1523,0,3,8,8,8,7,4,20
1,2405,2404,1791052626928517,1791052626929987,1470,0,4,9,9,9,8,7,27
1,2406,2405,1791052626978517,1791052626980070,1553,0,5,9,9,9,9,6,25
1,2407,2406,1791052627028517,1791052627030476,1959,0,6,7,7,7,7,4,17
1,2408,2407,1791052627078517,1791052627079980,1463,0,7,11,11,11,11,8,36
1,2409,2408,1791052627128517,1791052627130189,1672,0,8,6,6,6,6,2,10
1,2410,2409,1791052627178517,1791052627180349,1832,0,9,12,12,12,11,8,40
1,2411,2410,1791052627228517,1791052627230477,1960,0,10,10,10,10,8,6,30
1,2412,2411,1791052627278517,1791052627279867,1350,0,11,12,12,12,13,12,53
1,2413,2412,1791052627328517,1791052627329986,1469,0,12,10,10,10,10,6,29
1,2414,2413,1791052627378517,1791052627380344,1827,0,13,10,10,10,9,6,23
1,2415,2414,1791052627428517,1791052627430362,1845,0,14,11,11,11,10,6,30
1,2416,2415,1791052627478517,1791052627480077,1560,0,15,16,16,16,17,15,65
1,2417,2416,1791052627528517,1791052627530287,1770,0,16,13,13,13,12,6,30
1,2418,2417,1791052627578517,1791052627580408,1891,0,17,11,11,11,10,6,30
1,2419,2418,1791052627628517,1791052627630552,2035,0,18,7,7,7,7,6,30
1,2420,2419,1791052627678517,1791052627680036,1519,0,19,10,10,10,8,4,14
1,2421,2420,1791052627728517,1791052627730196,1679,0,0,7,7,7,7,2,10
1,2422,2421,1791052627778517,1791052627779768,1251,0,1,13,13,13,10,8,40
1,2423,2422,1791052627828517,1791052627830336,1819,0,2,8,8,8,8,6,30
1,2424,2423,1791052627878517,1791052627880120,1603,0,3,8,8,8,7,5,18
1,2425,2424,1791052627928517,1791052627930745,2228,0,4,9,9,9,9,6,30
1,2426,2425,1791052627978517,1791052627980229,1712,0,5,9,9,9,8,6,30
1,2427,2426,1791052628028517,1791052628030499,1982,0,6,7,7,7,7,4,13
1,2428,2427,1791052628078517,1791052628080010,1493,0,7,11,11,11,11,8,40
1,2429,2428,1791052628128517,1791052628130585,2068,0,8,6,6,6,4,0,0
1,2430,2429,1791052628178517,1791052628180001,1484,0,9,12,12,12,12,8,40
1,2431,2430,1791052628228517,1791052628230284,1767,0,10,10,10,10,10,8,40
1,2432,2431,1791052628278517,1791052628279955,1438,0,11,12,12,12,13,12,51
1,2433,2432,1791052628328517,1791052628330340,1823,0,12,10,10,10,10,4,20
1,2434,2433,1791052628378517,1791052628380418,1901,0,13,10,10,10,9,6,23
1,2435,2434,1791052628428517,1791052628430502,1985,0,14,11,11,11,9,8,37
1,2436,2435,1791052628478517,1791052628479962,1445,0,15,16,16,16,16,14,69
1,2437,2436,1791052628528517,1791052628529915,1398,0,16,13,13,13,10,6,29
1,2438,2437,1791052628578517,1791052628579843,1326,0,17,11,11,11,11,8,39
1,2439,2438,1791052628628517,1791052628630731,2214,0,18,7,7,7,7,6,30
1,2440,2439,1791052628678517,1791052628679782,1265,0,19,10,10,10,11,7,21
1,2441,2440,1791052628728517,1791052628729800,1283,0,0,7,7,7,6,2,10
1,2442,2441,1791052628778517,1791052628779832,1315,0,1,13,13,13,13,11,48
1,2443,2442,1791052628828517,1791052628830050,1533,0,2,8,8,8,8,6,30
1,2444,2443,1791052628878517,1791052628879986,1469,0,3,8,8,8,9,6,28
1,2445,2444,1791052628928517,1791052628930079,1562,0,4,9,9,9,9,8,40
1,2446,2445,1791052628978517,1791052628980323,1806,0,5,9,9,9,9,8,35
1,2447,2446,1791052629028517,1791052629030373,1856,0,6,7,7,7,7,4,11
1,2448,2447,1791052629078517,1791052629080011,1494,0,7,11,11,11,11,8,40
1,2449,2448,1791052629128517,1791052629130103,1586,0,8,6,6,6,4,2,10
1,2450,2449,1791052629178517,1791052629180006,1489,0,9,12,12,12,12,8,40
1,2451,2450,1791052629228517,1791052629229977,1460,0,10,10,10,10,9,6,30
1,2452,2451,1791052629278517,1791052629280055,1538,0,11,12,12,12,13,10,50
1,2453,2452,1791052629328517,1791052629330086,1569,0,12,10,10,10,9,6,24
1,2454,2453,1791052629378517,1791052629380300,1783,0,13,10,10,10,7,4,17
1,2455,2454,1791052629428517,1791052629430563,2046,0,14,11,11,11,10,8,36
1,2456,2455,1791052629478517,1791052629479892,1375,0,15,16,16,16,16,16,70
1,2457,2456,1791052629528517,1791052629530637,2120,0,16,13,13,13,12,6,24
1,2458,2457,1791052629578517,1791052629580700,2183,0,17,11,11,11,11,6,28
1,2459,2458,1791052629628517,1791052629630559,2042,0,18,7,7,7,7,6,30
1,2460,2459,1791052629678517,1791052629679953,1436,0,19,10,10,10,8,4,20
1,2461,2460,1791052629728517,1791052629729856,1339,0,0,7,7,7,6,2,10
1,2462,2461,1791052629778517,1791052629779794,1277,0,1,13,13,13,12,8,40
1,2463,2462,1791052629828517,1791052629830516,1999,0,2,8,8,8,8,6,30
1,2464,2463,1791052629878517,1791052629879963,1446,0,3,8,8,8,8,7,29
1,2465,2464,1791052629928517,1791052629930712,2195,0,4,9,9,9,8,8,39
1,2466,2465,1791052629978517,1791052629980679,2162,0,5,9,9,9,9,6,27
1,2467,2466,1791052630028517,1791052630030387,1870,0,6,7,7,7,7,4,14
1,2468,2467,1791052630078517,1791052630080129,1612,0,7,11,11,11,10,6,30
1,2469,2468,1791052630128517,1791052630130390,1873,0,8,6,6,6,6,3,8
1,2470,2469,1791052630178517,1791052630180375,1858,0,9,12,12,12,12,8,40
1,2471,2470,1791052630228517,1791052630230431,1914,0,10,10,10,10,10,6,30
1,2472,2471,1791052630278517,1791052630279987,1470,0,11,12,12,12,12,10,50
1,2473,2472,1791052630328517,1791052630329813,1296,0,12,10,10,10,10,6,30
1,2474,2473,1791052630378517,1791052630379829,1312,0,13,10,10,10,10,7,29
1,2475,2474,1791052630428517,1791052630430495,1978,0,14,11,11,11,9,8,32
1,2476,2475,1791052630478517,1791052630479871,1354,0,15,16,16,16,17,12,60
1,2477,2476,1791052630528517,1791052630530063,1546,0,16,13,13,13,12,9,35
1,2478,2477,1791052630578517,1791052630580438,1921,0,17,11,11,11,10,9,40
1,2479,2478,1791052630628517,1791052630630623,2106,0,18,7,7,7,4,4,20
1,2480,2479,1791052630678517,1791052630680001,1484,0,19,10,10,10,9,4,17
1,2481,2480,1791052630728517,1791052630730772,2255,0,0,7,7,7,6,2,10
1,2482,2481,1791052630778517,1791052630780625,2108,0,1,13,13,13,11,8,40
1,2483,2482,1791052630828517,1791052630830388,1871,0,2,8,8,8,8,6,26
1,2484,2483,1791052630878517,1791052630879944,1427,0,3,8,8,8,9,8,37
1,2485,2484,1791052630928517,1791052630930183,1666,0,4,9,9,9,9,8,40
1,2486,2485,1791052630978517,1791052630980414,1897,0,5,9,9,9,9,9,39
1,2487,2486,1791052631028517,1791052631030572,2055,0,6,7,7,7,7,2,10
1,2488,2487,1791052631078517,1791052631080034,1517,0,7,11,11,11,11,9,37
1,2489,2488,1791052631128517,1791052631130090,1573,0,8,6,6,6,4,2,7
1,2490,2489,1791052631178517,1791052631179846,1329,0,9,12,12,12,11,8,39
1,2491,2490,1791052631228517,1791052631230635,2118,0,10,10,10,10,10,10,44
1,2492,2491,1791052631278517,1791052631280136,1619,0,11,12,12,12,13,12,51
1,2493,2492,1791052631328517,1791052631330185,1668,0,12,10,10,10,9,6,28
1,2494,2493,1791052631378517,1791052631380159,1642,0,13,10,10,10,8,5,18
1,2495,2494,1791052631428517,1791052631430364,1847,0,14,11,11,11,11,7,29
1,2496,2495,1791052631478517,1791052631480091,1574,0,15,16,16,16,16,14,61
1,2497,2496,1791052631528517,1791052631530055,1538,0,16,13,13,13,13,6,30
1,2498,2497,1791052631578517,1791052631580349,1832,0,17,11,11,11,10,6,25
1,2499,2498,1791052631628517,1791052631630572,2055,0,18,7,7,7,6,4,20
1,2500,2499,1791052631678517,1791052631679929,1412,0,19,10,10,10,10,8,36
1,2501,2500,1791052631728517,1791052631729997,1480,0,0,7,7,7,7,4,15
1,2502,2501,1791052631778517,1791052631780313,1796,0,1,13,13,13,10,8,40
1,2503,2502,1791052631828517,1791052631830784,2267,0,2,8,8,8,8,6,24
1,2504,2503,1791052631878517,1791052631879942,1425,0,3,8,8,8,8,4,11
1,2505,2504,1791052631928517,1791052631929912,1395,0,4,9,9,9,9,6,26
1,2506,2505,1791052631978517,1791052631980560,2043,0,5,9,9,9,9,8,32
1,2507,2506,1791052632028517,1791052632030088,1571,0,6,7,7,7,7,4,14
1,2508,2507,1791052632078517,1791052632079997,1480,0,7,11,11,11,10,8,35
1,2509,2508,1791052632128517,1791052632130184,1667,0,8,6,6,6,5,2,10
1,2510,2509,1791052632178517,1791052632180099,1582,0,9,12,12,12,12,8,40
1,2511,2510,1791052632228517,1791052632230782,2265,0,10,10,10,10,10,8,40
1,2512,2511,1791052632278517,1791052632280208,1691,0,11,12,12,12,12,12,51
1,2513,2512,1791052632328517,1791052632330058,1541,0,12,10,10,10,10,6,26
1,2514,2513,1791052632378517,1791052632380201,1684,0,13,10,10,10,8,6,30
1,2515,2514,1791052632428517,1791052632430259,1742,0,14,11,11,11,9,6,30
1,2516,2515,1791052632478517,1791052632480021,1504,0,15,16,16,16,15,9,40
1,2517,2516,1791052632528517,1791052632529943,1426,0,16,13,13,13,10,8,39
1,2518,2517,1791052632578517,1791052632580712,2195,0,17,11,11,11,11,10,39
1,2519,2518,1791052632628517,1791052632630797,2280,0,18,7,7,7,6,4,20
1,2520,2519,1791052632678517,1791052632680219,1702,0,19,10,10,10,10,6,19
1,2521,2520,1791052632728517,1791052632730213,1696,0,0,7,7,7,6,4,20
1,2522,2521,1791052632778517,1791052632780485,1968,0,1,13,13,13,13,11,45
1,2523,2522,1791052632828517,1791052632829975,1458,0,2,8,8,8,8,6,28
1,2524,2523,1791052632878517,1791052632880124,1607,0,3,8,8,8,9,5,18
1,2525,2524,1791052632928517,1791052632930737,2220,0,4,9,9,9,9,6,26
1,2526,2525,1791052632978517,1791052632980650,2133,0,5,9,9,9,9,7,27
1,2527,2526,1791052633028517,1791052633030499,1982,0,6,7,7,7,7,4,20
1,2528,2527,1791052633078517,1791052633080000,1483,0,7,11,11,11,11,7,29
1,2529,2528,1791052633128517,1791052633129809,1292,0,8,6,6,6,6,4,20
1,2530,2529,1791052633178517,1791052633179809,1292,0,9,12,12,12,11,8,40
1,2531,2530,1791052633228517,1791052633230678,2161,0,10,10,10,10,9,8,31
1,2532,2531,1791052633278517,1791052633279909,1392,0,11,12,12,12,13,12,51
1,2533,2532,1791052633328517,1791052633330057,1540,0,12,10,10,10,9,6,28
1,2534,2533,1791052633378517,1791052633380102,1585,0,13,10,10,10,10,4,15
1,2535,2534,1791052633428517,1791052633430333,1816,0,14,11,11,11,11,6,27
1,2536,2535,1791052633478517,1791052633479995,1478,0,15,16,16,16,17,17,80
1,2537,2536,1791052633528517,1791052633530178,1661,0,16,13,13,13,12,8,33
1,2538,2537,1791052633578517,1791052633580408,1891,0,17,11,11,11,10,5,18
1,2539,2538,1791052633628517,1791052633629911,1394,0,18,7,7,7,7,6,28
1,2540,2539,1791052633678517,1791052633679948,1431,0,19,10,10,10,8,4,14
1,2541,2540,1791052633728517,1791052633730472,1955,0,0,7,7,7,5,2,10
1,2542,2541,1791052633778517,1791052633780628,2111,0,1,13,13,13,12,10,50
1,2543,2542,1791052633828517,1791052633830639,2122,0,2,8,8,8,8,6,23
1,2544,2543,1791052633878517,1791052633880071,1554,0,3,8,8,8,8,5,15
1,2545,2544,1791052633928517,1791052633930165,1648,0,4,9,9,9,9,6,30
1,2546,2545,1791052633978517,1791052633980332,1815,0,5,9,9,9,9,6,28
1,2547,2546,1791052634028517,1791052634030510,1993,0,6,7,7,7,6,2,10
1,2548,2547,1791052634078517,1791052634079963,1446,0,7,11,11,11,11,9,37
1,2549,2548,1791052634128517,1791052634129982,1465,0,8,6,6,6,5,2,10
1,2550,2549,1791052634178517,1791052634180038,1521,0,9,12,12,12,12,10,50
1,2551,2550,1791052634228517,1791052634229795,1278,0,10,10,10,10,8,6,30
1,2552,2551,1791052634278517,1791052634280239,1722,0,11,12,12,12,12,12,51
1,2553,2552,1791052634328517,1791052634330479,1962,0,12,10,10,10,10,6,28
1,2554,2553,1791052634378517,1791052634380335,1818,0,13,10,10,10,10,6,28
1,2555,2554,1791052634428517,1791052634430417,1900,0,14,11,11,11,11,8,34
1,2556,2555,1791052634478517,1791052634479932,1415,0,15,16,16,16,16,14,70
1,2557,2556,1791052634528517,1791052634530233,1716,0,16,13,13,13,11,6,26
1,2558,2557,1791052634578517,1791052634580635,2118,0,17,11,11,11,11,8,37
1,2559,2558,1791052634628517,1791052634630182,1665,0,18,7,7,7,7,6,24
1,2560,2559,1791052634678517,1791052634679972,1455,0,19,10,10,10,10,8,31
1,2561,2560,1791052634728517,1791052634730352,1835,0,0,7,7,7,7,6,23
1,2562,2561,1791052634778517,1791052634779824,1307,0,1,13,13,13,13,12,54
1,2563,2562,1791052634828517,1791052634830523,2006,0,2,8,8,8,8,6,30
1,2564,2563,1791052634878517,1791052634880012,1495,0,3,8,8,8,7,4,20
1,2565,2564,1791052634928517,1791052634930481,1964,0,4,9,9,9,9,8,34
1,2566,2565,1791052634978517,1791052634979947,1430,0,5,9,9,9,9,6,30
1,2567,2566,1791052635028517,1791052635030372,1855,0,6,7,7,7,7,4,14
1,2568,2567,1791052635078517,1791052635080112,1595,0,7,11,11,11,12,7,30
1,2569,2568,1791052635128517,1791052635130817,2300,0,8,6,6,6,5,4,20
1,2570,2569,1791052635178517,1791052635180455,1938,0,9,12,12,12,12,12,51
1,2571,2570,1791052635228517,1791052635230174,1657,0,10,10,10,10,8,6,29
1,2572,2571,1791052635278517,1791052635280003,1486,0,11,12,12,12,12,12,60
1,2573,2572,1791052635328517,1791052635330378,1861,0,12,10,10,10,9,4,20
1,2574,2573,1791052635378517,1791052635379795,1278,0,13,10,10,10,10,7,28
1,2575,2574,1791052635428517,1791052635430264,1747,0,14,11,11,11,10,8,31
1,2576,2575,1791052635478517,1791052635480049,1532,0,15,16,16,16,17,15,65
1,2577,2576,1791052635528517,1791052635530563,2046,0,16,13,13,13,13,6,30
1,2578,2577,1791052635578517,1791052635580095,1578,0,17,11,11,11,10,5,20
1,2579,2578,1791052635628517,1791052635630492,1975,0,18,7,7,7,7,6,30
1,2580,2579,1791052635678517,1791052635679996,1479,0,19,10,10,10,8,4,12
1,2581,2580,1791052635728517,1791052635730031,1514,0,0,7,7,7,6,2,10
1,2582,2581,1791052635778517,1791052635780047,1530,0,1,13,13,13,12,10,50
1,2583,2582,1791052635828517,1791052635830776,2259,0,2,8,8,8,8,6,24
1,2584,2583,1791052635878517,1791052635880140,1623,0,3,8,8,8,8,6,21
1,2585,2584,1791052635928517,1791052635930129,1612,0,4,9,9,9,8,6,30
1,2586,2585,1791052635978517,1791052635980107,1590,0,5,9,9,9,9,8,33
1,2587,2586,1791052636028517,1791052636030180,1663,0,6,7,7,7,6,2,9
1,2588,2587,1791052636078517,1791052636079972,1455,0,7,11,11,11,11,8,40
1,2589,2588,1791052636128517,1791052636129978,1461,0,8,6,6,6,5,0,0
1,2590,2589,1791052636178517,1791052636180062,1545,0,9,12,12,12,12,4,20
1,2591,2590,1791052636228517,1791052636230546,2029,0,10,10,10,10,10,10,48
1,2592,2591,1791052636278517,1791052636279969,1452,0,11,12,12,12,11,10,36
1,2593,2592,1791052636328517,1791052636330193,1676,0,12,10,10,10,9,8,27
1,2594,2593,1791052636378517,1791052636380469,1952,0,13,10,10,10,9,4,17
1,2595,2594,1791052636428517,1791052636430352,1835,0,14,11,11,11,11,8,36
1,2596,2595,1791052636478517,1791052636479854,1337,0,15,16,16,16,16,14,68
1,2597,2596,1791052636528517,1791052636529861,1344,0,16,13,13,13,13,7,28
1,2598,2597,1791052636578517,1791052636580052,1535,0,17,11,11,11,10,4,20
1,2599,2598,1791052636628517,1791052636629967,1450,0,18,7,7,7,7,6,30
1,2600,2599,1791052636678517,1791052636680026,1509,0,19,10,10,10,7,2,10
1,2601,2600,1791052636728517,1791052636729801,1284,0,0,7,7,7,6,4,17
1,2602,2601,1791052636778517,1791052636779947,1430,0,1,13,13,13,13,12,54
1,2603,2602,1791052636828517,1791052636830378,1861,0,2,8,8,8,7,6,23
1,2604,2603,1791052636878517,1791052636880122,1605,0,3,8,8,8,9,4,19
1,2605,2604,1791052636928517,1791052636930222,1705,0,4,9,9,9,9,6,30
1,2606,2605,1791052636978517,1791052636980477,1960,0,5,9,9,9,9,6,22
1,2607,2606,1791052637028517,1791052637030699,2182,0,6,7,7,7,7,6,25
1,2608,2607,1791052637078517,1791052637080226,1709,0,7,11,11,11,11,10,40
1,2609,2608,1791052637128517,1791052637130502,1985,0,8,6,6,6,4,0,0
1,2610,2609,1791052637178517,1791052637180509,1992,0,9,12,12,12,11,6,27
1,2611,2610,1791052637228517,1791052637230723,2206,0,10,10,10,10,10,10,43
1,2612,2611,1791052637278517,1791052637280064,1547,0,11,12,12,12,11,10,42
1,2613,2612,1791052637328517,1791052637330355,1838,0,12,10,10,10,9,7,29
1,2614,2613,1791052637378517,1791052637380292,1775,0,13,10,10,10,9,6,25
1,2615,2614,1791052637428517,1791052637430483,1966,0,14,11,11,11,10,7,28
1,2616,2615,1791052637478517,1791052637480111,1594,0,15,16,16,16,17,17,78
1,2617,2616,1791052637528517,1791052637530659,2142,0,16,13,13,13,10,6,30
1,2618,2617,1791052637578517,1791052637580086,1569,0,17,11,11,11,10,6,29
1,2619,2618,1791052637628517,1791052637630713,2196,0,18,7,7,7,7,5,17
1,2620,2619,1791052637678517,1791052637680053,1536,0,19,10,10,10,8,4,16
1,2621,2620,1791052637728517,1791052637730215,1698,0,0,7,7,7,7,6,27
1,2622,2621,1791052637778517,1791052637780361,1844,0,1,13,13,13,11,7,24
1,2623,2622,1791052637828517,1791052637830411,1894,0,2,8,8,8,6,4,20
1,2624,2623,1791052637878517,1791052637880219,1702,0,3,8,8,8,9,6,21
1,2625,2624,1791052637928517,1791052637930172,1655,0,4,9,9,9,9,6,24
1,2626,2625,1791052637978517,1791052637980182,1665,0,5,9,9,9,9,8,35
1,2627,2626,1791052638028517,1791052638030237,1720,0,6,7,7,7,7,4,16
1,2628,2627,1791052638078517,1791052638079975,1458,0,7,11,11,11,10,8,37
1,2629,2628,1791052638128517,1791052638129816,1299,0,8,6,6,6,6,4,13
1,2630,2629,1791052638178517,1791052638180773,2256,0,9,12,12,12,12,7,27
1,2631,2630,1791052638228517,1791052638230051,1534,0,10,10,10,10,8,8,40
1,2632,2631,1791052638278517,1791052638280585,2068,0,11,12,12,12,11,9,37
1,2633,2632,1791052638328517,1791052638329918,1401,0,12,10,10,10,9,6,22
1,2634,2633,1791052638378517,1791052638380271,1754,0,13,10,10,10,10,10,50
1,2635,2634,1791052638428517,1791052638430349,1832,0,14,11,11,11,8,7,30
1,2636,2635,1791052638478517,1791052638480059,1542,0,15,16,16,16,15,13,52
1,2637,2636,1791052638528517,1791052638529846,1329,0,16,13,13,13,10,9,36
1,2638,2637,1791052638578517,1791052638580438,1921,0,17,11,11,11,10,4,20
1,2639,2638,1791052638628517,1791052638630742,2225,0,18,7,7,7,5,2,10
1,2640,2639,1791052638678517,1791052638680023,1506,0,19,10,10,10,10,5,16
1,2641,2640,1791052638728517,1791052638730041,1524,0,0,7,7,7,6,2,10
1,2642,2641,1791052638778517,1791052638780135,1618,0,1,13,13,13,13,10,43
1,2643,2642,1791052638828517,1791052638830619,2102,0,2,8,8,8,8,6,30
1,2644,2643,1791052638878517,1791052638880174,1657,0,3,8,8,8,8,5,19
1,2645,2644,1791052638928517,1791052638930595,2078,0,4,9,9,9,7,6,21
1,2646,2645,1791052638978517,1791052638980300,1783,0,5,9,9,9,9,6,25
1,2647,2646,1791052639028517,1791052639030299,1782,0,6,7,7,7,6,2,10
1,2648,2647,1791052639078517,1791052639079968,1451,0,7,11,11,11,11,10,46
1,2649,2648,1791052639128517,1791052639129945,1428,0,8,6,6,6,6,3,9
1,2650,2649,1791052639178517,1791052639179779,1262,0,9,12,12,12,11,10,45
1,2651,2650,1791052639228517,1791052639230721,2204,0,10,10,10,10,8,7,30
1,2652,2651,1791052639278517,1791052639280014,1497,0,11,12,12,12,13,12,52
1,2653,2652,1791052639328517,1791052639330744,2227,0,12,10,10,10,10,6,22
1,2654,2653,1791052639378517,1791052639380641,2124,0,13,10,10,10,8,6,22
1,2655,2654,1791052639428517,1791052639430411,1894,0,14,11,11,11,10,6,27
1,2656,2655,1791052639478517,1791052639479818,1301,0,15,16,16,16,14,11,50
1,2657,2656,1791052639528517,1791052639530693,2176,0,16,13,13,13,11,6,26
1,2658,2657,1791052639578517,1791052639580431,1914,0,17,11,11,11,10,6,27
1,2659,2658,1791052639628517,1791052639630245,1728,0,18,7,7,7,5,2,10
1,2660,2659,1791052639678517,1791052639679875,1358,0,19,10,10,10,11,6,30
1,2661,2660,1791052639728517,1791052639729802,1285,0,0,7,7,7,7,4,14
1,2662,2661,1791052639778517,1791052639780694,2177,0,1,13,13,13,11,10,45
1,2663,2662,1791052639828517,1791052639830340,1823,0,2,8,8,8,8,6,27
1,2664,2663,1791052639878517,1791052639879992,1475,0,3,8,8,8,6,4,19
1,2665,2664,1791052639928517,1791052639930810,2293,0,4,9,9,9,7,4,20
1,2666,2665,1791052639978517,1791052639980686,2169,0,5,9,9,9,8,6,30
1,2667,2666,1791052640028517,1791052640030618,2101,0,6,7,7,7,7,2,10
1,2668,2667,1791052640078517,1791052640079831,1314,0,7,11,11,11,11,8,39
1,2669,2668,1791052640128517,1791052640130701,2184,0,8,6,6,6,6,4,12
1,2670,2669,1791052640178517,1791052640180788,2271,0,9,12,12,12,12,8,39
1,2671,2670,1791052640228517,1791052640229859,1342,0,10,10,10,10,9,8,40
1,2672,2671,1791052640278517,1791052640279841,1324,0,11,12,12,12,13,9,40
1,2673,2672,1791052640328517,1791052640329852,1335,0,12,10,10,10,7,6,28
1,2674,2673,1791052640378517,1791052640379826,1309,0,13,10,10,10,9,8,38
1,2675,2674,1791052640428517,1791052640430771,2254,0,14,11,11,11,11,6,25
1,2676,2675,1791052640478517,1791052640480008,1491,0,15,16,16,16,14,12,45
1,2677,2676,1791052640528517,1791052640530016,1499,0,16,13,13,13,11,8,31
1,2678,2677,1791052640578517,1791052640580335,1818,0,17,11,11,11,9,4,16
1,2679,2678,1791052640628517,1791052640629857,1340,0,18,7,7,7,5,3,8
1,2680,2679,1791052640678517,1791052640680233,1716,0,19,10,10,10,10,5,18
1,2681,2680,1791052640728517,1791052640730579,2062,0,0,7,7,7,6,4,20
1,2682,2681,1791052640778517,1791052640779873,1356,0,1,13,13,13,12,12,51
1,2683,2682,1791052640828517,1791052640830053,1536,0,2,8,8,8,6,5,13
1,2684,2683,1791052640878517,1791052640880136,1619,0,3,8,8,8,9,4,15
1,2685,2684,1791052640928517,1791052640929971,1454,0,4,9,9,9,8,4,20
1,2686,2685,1791052640978517,1791052640980338,1821,0,5,9,9,9,9,8,36
1,2687,2686,1791052641028517,1791052641030330,1813,0,6,7,7,7,6,4,17
1,2688,2687,1791052641078517,1791052641079829,1312,0,7,11,11,11,10,6,30
1,2689,2688,1791052641128517,1791052641129782,1265,0,8,6,6,6,6,4,14
1,2690,2689,1791052641178517,1791052641180046,1529,0,9,12,12,12,11,5,18
1,2691,2690,1791052641228517,1791052641230414,1897,0,10,10,10,10,9,8,40
1,2692,2691,1791052641278517,1791052641279825,1308,0,11,12,12,12,12,9,40
1,2693,2692,1791052641328517,1791052641329778,1261,0,12,10,10,10,9,6,25
1,2694,2693,1791052641378517,1791052641380121,1604,0,13,10,10,10,7,6,30
1,2695,2694,1791052641428517,1791052641430790,2273,0,14,11,11,11,9,6,24
1,2696,2695,1791052641478517,1791052641480008,1491,0,15,16,16,16,12,11,48
1,2697,2696,1791052641528517,1791052641530349,1832,0,16,13,13,13,11,4,11
1,2698,2697,1791052641578517,1791052641580352,1835,0,17,11,11,11,11,4,19
1,2699,2698,1791052641628517,1791052641629913,1396,0,18,7,7,7,5,4,13
1,2700,2699,1791052641678517,1791052641679886,1369,0,19,10,10,10,10,4,13
1,2701,2700,1791052641728517,1791052641730770,2253,0,0,7,7,7,6,4,20
1,2702,2701,1791052641778517,1791052641780476,1959,0,1,13,13,13,12,10,49
1,2703,2702,1791052641828517,1791052641830369,1852,0,2,8,8,8,8,5,16
1,2704,2703,1791052641878517,1791052641880001,1484,0,3,8,8,8,7,2,10
1,2705,2704,1791052641928517,1791052641930134,1617,0,4,9,9,9,8,4,20
1,2706,2705,1791052641978517,1791052641980521,2004,0,5,9,9,9,9,8,33
1,2707,2706,1791052642028517,1791052642030516,1999,0,6,7,7,7,7,3,10
1,2708,2707,1791052642078517,1791052642079798,1281,0,7,11,11,11,11,6,30
1,2709,2708,1791052642128517,1791052642130608,2091,0,8,6,6,6,6,4,16
1,2710,2709,1791052642178517,1791052642180380,1863,0,9,12,12,12,10,4,16
1,2711,2710,1791052642228517,1791052642230386,1869,0,10,10,10,10,8,8,34
1,2712,2711,1791052642278517,1791052642279964,1447,0,11,12,12,12,9,6,30
1,2713,2712,1791052642328517,1791052642329983,1466,0,12,10,10,10,8,6,21
1,2714,2713,1791052642378517,1791052642380154,1637,0,13,10,10,10,9,8,37
1,2715,2714,1791052642428517,1791052642430100,1583,0,14,11,11,11,9,2,10
1,2716,2715,1791052642478517,1791052642479822,1305,0,15,16,16,16,16,14,65
1,2717,2716,1791052642528517,1791052642530585,2068,0,16,13,13,13,8,5,13
1,2718,2717,1791052642578517,1791052642580499,1982,0,17,11,11,11,10,4,13
1,2719,2718,1791052642628517,1791052642630482,1965,0,18,7,7,7,4,2,10
1,2720,2719,1791052642678517,1791052642679895,1378,0,19,10,10,10,9,3,10
1,2721,2720,1791052642728517,1791052642729946,1429,0,0,7,7,7,7,6,24
1,2722,2721,1791052642778517,1791052642779762,1245,0,1,13,13,13,9,6,29
1,2723,2722,1791052642828517,1791052642830693,2176,0,2,8,8,8,8,6,24
1,2724,2723,1791052642878517,1791052642879970,1453,0,3,8,8,8,8,4,14
1,2725,2724,1791052642928517,1791052642929938,1421,0,4,9,9,9,8,5,20
1,2726,2725,1791052642978517,1791052642980787,2270,0,5,9,9,9,8,6,30
1,2727,2726,1791052643028517,1791052643030799,2282,0,6,7,7,7,5,3,4
1,2728,2727,1791052643078517,1791052643079971,1454,0,7,11,11,11,11,9,38
1,2729,2728,1791052643128517,1791052643130300,1783,0,8,6,6,6,3,2,10
1,2730,2729,1791052643178517,1791052643180656,2139,0,9,12,12,12,9,2,10
1,2731,2730,1791052643228517,1791052643230633,2116,0,10,10,10,10,8,8,40
1,2732,2731,1791052643278517,1791052643279998,1481,0,11,12,12,12,13,8,28
1,2733,2732,1791052643328517,1791052643329816,1299,0,12,10,10,10,9,2,10
1,2734,2733,1791052643378517,1791052643380538,2021,0,13,10,10,10,9,8,37
1,2735,2734,1791052643428517,1791052643430493,1976,0,14,11,11,11,10,2,10
1,2736,2735,1791052643478517,1791052643480036,1519,0,15,16,16,16,15,14,70
1,2737,2736,1791052643528517,1791052643529829,1312,0,16,13,13,13,9,7,24
1,2738,2737,1791052643578517,1791052643580788,2271,0,17,11,11,11,11,5,15
1,2739,2738,1791052643628517,1791052643630682,2165,0,18,7,7,7,5,2,7
1,2740,2739,1791052643678517,1791052643680064,1547,0,19,10,10,10,9,4,11
1,2741,2740,1791052643728517,1791052643729781,1264,0,0,7,7,7,7,6,27
1,2742,2741,1791052643778517,1791052643780180,1663,0,1,13,13,13,10,10,36
1,2743,2742,1791052643828517,1791052643829975,1458,0,2,8,8,8,6,3,10
1,2744,2743,1791052643878517,1791052643880024,1507,0,3,8,8,8,8,4,11
1,2745,2744,1791052643928517,1791052643930072,1555,0,4,9,9,9,8,4,20
1,2746,2745,1791052643978517,1791052643980207,1690,0,5,9,9,9,9,8,32
1,2747,2746,1791052644028517,1791052644030425,1908,0,6,7,7,7,7,4,17
1,2748,2747,1791052644078517,1791052644079996,1479,0,7,11,11,11,10,8,25
1,2749,2748,1791052644128517,1791052644129845,1328,0,8,6,6,6,5,5,19
1,2750,2749,1791052644178517,1791052644180403,1886,0,9,12,12,12,11,7,24
1,2751,2750,1791052644228517,1791052644230316,1799,0,10,10,10,10,8,6,30
1,2752,2751,1791052644278517,1791052644279972,1455,0,11,12,12,12,9,6,21
1,2753,2752,1791052644328517,1791052644330790,2273,0,12,10,10,10,9,2,10
1,2754,2753,1791052644378517,1791052644379802,1285,0,13,10,10,10,9,8,40
1,2755,2754,1791052644428517,1791052644429795,1278,0,14,11,11,11,8,3,5
1,2756,2755,1791052644478517,1791052644480026,1509,0,15,16,16,16,17,16,67
1,2757,2756,1791052644528517,1791052644530755,2238,0,16,13,13,13,10,7,20
1,2758,2757,1791052644578517,1791052644580604,2087,0,17,11,11,11,11,4,19
1,2759,2758,1791052644628517,1791052644630672,2155,0,18,7,7,7,5,4,13
1,2760,2759,1791052644678517,1791052644680066,1549,0,19,10,10,10,8,4,13
1,2761,2760,1791052644728517,1791052644729861,1344,0,0,7,7,7,6,2,10
1,2762,2761,1791052644778517,1791052644780698,2181,0,1,13,13,13,12,12,60
1,2763,2762,1791052644828517,1791052644830620,2103,0,2,8,8,8,7,5,15
1,2764,2763,1791052644878517,1791052644879803,1286,0,3,8,8,8,5,3,10
1,2765,2764,1791052644928517,1791052644929910,1393,0,4,9,9,9,9,6,26
1,2766,2765,1791052644978517,1791052644980252,1735,0,5,9,9,9,8,6,30
1,2767,2766,1791052645028517,1791052645030120,1603,0,6,7,7,7,6,4,14
1,2768,2767,1791052645078517,1791052645080066,1549,0,7,11,11,11,12,6,29
1,2769,2768,1791052645128517,1791052645130721,2204,0,8,6,6,6,6,4,20
1,2770,2769,1791052645178517,1791052645180221,1704,0,9,12,12,12,9,6,30
1,2771,2770,1791052645228517,1791052645230422,1905,0,10,10,10,10,10,8,37
1,2772,2771,1791052645278517,1791052645279912,1395,0,11,12,12,12,11,8,39
1,2773,2772,1791052645328517,1791052645330667,2150,0,12,10,10,10,9,6,23
1,2774,2773,1791052645378517,1791052645380723,2206,0,13,10,10,10,8,6,28
1,2775,2774,1791052645428517,1791052645429997,1480,0,14,11,11,11,9,6,30
1,2776,2775,1791052645478517,1791052645479856,1339,0,15,16,16,16,16,12,55
1,2777,2776,1791052645528517,1791052645530514,1997,0,16,13,13,13,12,6,29
1,2778,2777,1791052645578517,1791052645579848,1331,0,17,11,11,11,11,5,17
1,2779,2778,1791052645628517,1791052645629885,1368,0,18,7,7,7,7,6,30
1,2780,2779,1791052645678517,1791052645679963,1446,0,19,10,10,10,9,2,10
1,2781,2780,1791052645728517,1791052645729946,1429,0,0,7,7,7,7,4,15
1,2782,2781,1791052645778517,1791052645780185,1668,0,1,13,13,13,12,10,44
1,2783,2782,1791052645828517,1791052645830052,1535,0,2,8,8,8,8,6,30
1,2784,2783,1791052645878517,1791052645880055,1538,0,3,8,8,8,9,4,20
1,2785,2784,1791052645928517,1791052645929956,1439,0,4,9,9,9,8,4,20
1,2786,2785,1791052645978517,1791052645980218,1701,0,5,9,9,9,9,8,40
1,2787,2786,1791052646028517,1791052646030375,1858,0,6,7,7,7,7,2,5
1,2788,2787,1791052646078517,1791052646080054,1537,0,7,11,11,11,11,8,36
1,2789,2788,1791052646128517,1791052646130042,1525,0,8,6,6,6,5,2,10
1,2790,2789,1791052646178517,1791052646179734,1217,0,9,12,12,12,10,4,20
1,2791,2790,1791052646228517,1791052646230766,2249,0,10,10,10,10,10,10,43
1,2792,2791,1791052646278517,1791052646279914,1397,0,11,12,12,12,12,11,50
1,2793,2792,1791052646328517,1791052646330704,2187,0,12,10,10,10,9,7,29
1,2794,2793,1791052646378517,1791052646380471,1954,0,13,10,10,10,7,4,13
1,2795,2794,1791052646428517,1791052646430421,1904,0,14,11,11,11,11,6,30
1,2796,2795,1791052646478517,1791052646480037,1520,0,15,16,16,16,15,14,68
1,2797,2796,1791052646528517,1791052646530057,1540,0,16,13,13,13,12,9,38
1,2798,2797,1791052646578517,1791052646580087,1570,0,17,11,11,11,11,9,39
1,2799,2798,1791052646628517,1791052646630281,1764,0,18,7,7,7,7,6,30
1,2800,2799,1791052646678517,1791052646679891,1374,0,19,10,10,10,10,6,23
1,2801,2800,1791052646728517,1791052646729840,1323,0,0,7,7,7,6,4,19
1,2802,2801,1791052646778517,1791052646779813,1296,0,1,13,13,13,10,6,29
1,2803,2802,1791052646828517,1791052646830716,2199,0,2,8,8,8,8,6,28
1,2804,2803,1791052646878517,1791052646879810,1293,0,3,8,8,8,8,6,21
1,2805,2804,1791052646928517,1791052646930540,2023,0,4,9,9,9,9,6,24
1,2806,2805,1791052646978517,1791052646980601,2084,0,5,9,9,9,9,6,24
1,2807,2806,1791052647028517,1791052647030662,2145,0,6,7,7,7,4,2,10
1,2808,2807,1791052647078517,1791052647080255,1738,0,7,11,11,11,12,10,43
1,2809,2808,1791052647128517,1791052647129907,1390,0,8,6,6,6,5,4,16
1,2810,2809,1791052647178517,1791052647180487,1970,0,9,12,12,12,11,2,10
1,2811,2810,1791052647228517,1791052647230264,1747,0,10,10,10,10,10,8,37
1,2812,2811,1791052647278517,1791052647280059,1542,0,11,12,12,12,11,8,35
1,2813,2812,1791052647328517,1791052647330412,1895,0,12,10,10,10,8,4,17
1,2814,2813,1791052647378517,1791052647380738,2221,0,13,10,10,10,10,10,50
1,2815,2814,1791052647428517,1791052647430160,1643,0,14,11,11,11,9,8,39
1,2816,2815,1791052647478517,1791052647480061,1544,0,15,16,16,16,17,13,60
1,2817,2816,1791052647528517,1791052647530559,2042,0,16,13,13,13,10,7,29
1,2818,2817,1791052647578517,1791052647580172,1655,0,17,11,11,11,9,6,16
1,2819,2818,1791052647628517,1791052647630655,2138,0,18,7,7,7,7,6,30
1,2820,2819,1791052647678517,1791052647680030,1513,0,19,10,10,10,7,2,10
1,2821,2820,1791052647728517,1791052647730066,1549,0,0,7,7,7,7,2,10
1,2822,2821,1791052647778517,1791052647779981,1464,0,1,13,13,13,13,10,50
1,2823,2822,1791052647828517,1791052647830081,1564,0,2,8,8,8,8,6,30
1,2824,2823,1791052647878517,1791052647879757,1240,0,3,8,8,8,8,6,30
1,2825,2824,1791052647928517,1791052647929840,1323,0,4,9,9,9,9,8,39
1,2826,2825,1791052647978517,1791052647979805,1288,0,5,9,9,9,9,6,28
1,2827,2826,1791052648028517,1791052648030713,2196,0,6,7,7,7,7,4,17
1,2828,2827,1791052648078517,1791052648079960,1443,0,7,11,11,11,12,9,33
1,2829,2828,1791052648128517,1791052648130747,2230,0,8,6,6,6,5,4,15
1,2830,2829,1791052648178517,1791052648180657,2140,0,9,12,12,12,12,10,42
1,2831,2830,1791052648228517,1791052648230665,2148,0,10,10,10,10,9,6,30
1,2832,2831,1791052648278517,1791052648279992,1475,0,11,12,12,12,12,12,53
1,2833,2832,1791052648328517,1791052648329972,1455,0,12,10,10,10,9,6,25
1,2834,2833,1791052648378517,1791052648379946,1429,0,13,10,10,10,10,6,21
1,2835,2834,1791052648428517,1791052648429825,1308,0,14,11,11,11,10,8,35
1,2836,2835,1791052648478517,1791052648479914,1397,0,15,16,16,16,17,16,65
1,2837,2836,1791052648528517,1791052648530029,1512,0,16,13,13,13,12,8,32
1,2838,2837,1791052648578517,1791052648580063,1546,0,17,11,11,11,8,6,27
1,2839,2838,1791052648628517,1791052648630232,1715,0,18,7,7,7,7,6,27
1,2840,2839,1791052648678517,1791052648680143,1626,0,19,10,10,10,11,8,31
1,2841,2840,1791052648728517,1791052648730124,1607,0,0,7,7,7,7,5,18
1,2842,2841,1791052648778517,1791052648779787,1270,0,1,13,13,13,12,8,36
1,2843,2842,1791052648828517,1791052648830118,1601,0,2,8,8,8,8,6,30
1,2844,2843,1791052648878517,1791052648880122,1605,0,3,8,8,8,9,9,31
1,2845,2844,1791052648928517,1791052648930302,1785,0,4,9,9,9,9,8,40
1,2846,2845,1791052648978517,1791052648980475,1958,0,5,9,9,9,7,4,13
1,2847,2846,1791052649028517,1791052649030190,1673,0,6,7,7,7,6,6,21
1,2848,2847,1791052649078517,1791052649079985,1468,0,7,11,11,11,10,9,38
1,2849,2848,1791052649128517,1791052649130266,1749,0,8,6,6,6,4,2,5
1,2850,2849,1791052649178517,1791052649180433,1916,0,9,12,12,12,11,8,40
1,2851,2850,1791052649228517,1791052649230588,2071,0,10,10,10,10,10,10,45
1,2852,2851,1791052649278517,1791052649279914,1397,0,11,12,12,12,13,9,40
1,2853,2852,1791052649328517,1791052649330000,1483,0,12,10,10,10,9,8,33
1,2854,2853,1791052649378517,1791052649380244,1727,0,13,10,10,10,9,4,19
1,2855,2854,1791052649428517,1791052649430359,1842,0,14,11,11,11,11,8,33
1,2856,2855,1791052649478517,1791052649480085,1568,0,15,16,16,16,15,14,70
1,2857,2856,1791052649528517,1791052649530202,1685,0,16,13,13,13,11,6,30
1,2858,2857,1791052649578517,1791052649579823,1306,0,17,11,11,11,10,4,20
1,2859,2858,1791052649628517,1791052649630280,1763,0,18,7,7,7,7,6,30
1,2860,2859,1791052649678517,1791052649680064,1547,0,19,10,10,10,9,2,10
1,2861,2860,1791052649728517,1791052649730658,2141,0,0,7,7,7,7,2,10
1,2862,2861,1791052649778517,1791052649780373,1856,0,1,13,13,13,13,10,48
1,2863,2862,1791052649828517,1791052649830143,1626,0,2,8,8,8,8,6,28
1,2864,2863,1791052649878517,1791052649879878,1361,0,3,8,8,8,8,4,20
1,2865,2864,1791052649928517,1791052649929980,1463,0,4,9,9,9,9,6,25
1,2866,2865,1791052649978517,1791052649980301,1784,0,5,9,9,9,8,8,40
1,2867,2866,1791052650028517,1791052650030678,2161,0,6,7,7,7,6,0,0
1,2868,2867,1791052650078517,1791052650080111,1594,0,7,11,11,11,12,9,40
1,2869,2868,1791052650128517,1791052650130781,2264,0,8,6,6,6,4,2,7
1,2870,2869,1791052650178517,1791052650180426,1909,0,9,12,12,12,11,6,30
1,2871,2870,1791052650228517,1791052650230419,1902,0,10,10,10,10,10,10,50
1,2872,2871,1791052650278517,1791052650280072,1555,0,11,12,12,12,12,10,43
1,2873,2872,1791052650328517,1791052650330384,1867,0,12,10,10,10,9,7,30
1,2874,2873,1791052650378517,1791052650380757,2240,0,13,10,10,10,8,4,20
1,2875,2874,1791052650428517,1791052650430654,2137,0,14,11,11,11,11,6,30
1,2876,2875,1791052650478517,1791052650479985,1468,0,15,16,16,16,14,12,60
1,2877,2876,1791052650528517,1791052650530043,1526,0,16,13,13,13,11,8,34
1,2878,2877,1791052650578517,1791052650580078,1561,0,17,11,11,11,10,9,38
1,2879,2878,1791052650628517,1791052650630068,1551,0,18,7,7,7,7,6,22
1,2880,2879,1791052650678517,1791052650680100,1583,0,19,10,10,10,10,8,32
1,2881,2880,1791052650728517,1791052650730403,1886,0,0,7,7,7,6,4,20
1,2882,2881,1791052650778517,1791052650780412,1895,0,1,13,13,13,11,8,40
1,2883,2882,1791052650828517,1791052650830647,2130,0,2,8,8,8,8,6,28
1,2884,2883,1791052650878517,1791052650879967,1450,0,3,8,8,8,7,4,13
1,2885,2884,1791052650928517,1791052650929954,1437,0,4,9,9,9,9,6,27
1,2886,2885,1791052650978517,1791052650979988,1471,0,5,9,9,9,8,6,30
1,2887,2886,1791052651028517,1791052651030264,1747,0,6,7,7,7,7,2,10
1,2888,2887,1791052651078517,1791052651079930,1413,0,7,11,11,11,11,6,30
1,2889,2888,1791052651128517,1791052651130172,1655,0,8,6,6,6,5,2,10
1,2890,2889,1791052651178517,1791052651180061,1544,0,9,12,12,12,11,8,34
1,2891,2890,1791052651228517,1791052651230349,1832,0,10,10,10,10,10,10,43
1,2892,2891,1791052651278517,1791052651279963,1446,0,11,12,12,12,11,10,50
1,2893,2892,1791052651328517,1791052651330081,1564,0,12,10,10,10,9,6,21
1,2894,2893,1791052651378517,1791052651380345,1828,0,13,10,10,10,9,4,12
1,2895,2894,1791052651428517,1791052651430392,1875,0,14,11,11,11,10,6,30
1,2896,2895,1791052651478517,1791052651480085,1568,0,15,16,16,16,16,14,66
1,2897,2896,1791052651528517,1791052651530158,1641,0,16,13,13,13,12,8,35
1,2898,2897,1791052651578517,1791052651580281,1764,0,17,11,11,11,11,10,40
1,2899,2898,1791052651628517,1791052651630477,1960,0,18,7,7,7,7,6,28
1,2900,2899,1791052651678517,1791052651679964,1447,0,19,10,10,10,10,5,16
1,2901,2900,1791052651728517,1791052651729947,1430,0,0,7,7,7,7,2,10
1,2902,2901,1791052651778517,1791052651780031,1514,0,1,13,13,13,12,10,50
1,2903,2902,1791052651828517,1791052651830131,1614,0,2,8,8,8,8,6,26
1,2904,2903,1791052651878517,1791052651879942,1425,0,3,8,8,8,8,7,28
1,2905,2904,1791052651928517,1791052651930259,1742,0,4,9,9,9,8,8,35
1,2906,2905,1791052651978517,1791052651980532,2015,0,5,9,9,9,8,6,24
1,2907,2906,1791052652028517,1791052652030562,2045,0,6,7,7,7,7,4,18
1,2908,2907,1791052652078517,1791052652080021,1504,0,7,11,11,11,11,7,28
1,2909,2908,1791052652128517,1791052652130075,1558,0,8,6,6,6,5,2,7
1,2910,2909,1791052652178517,1791052652179995,1478,0,9,12,12,12,11,6,25
1,2911,2910,1791052652228517,1791052652230400,1883,0,10,10,10,10,10,10,49
1,2912,2911,1791052652278517,1791052652279824,1307,0,11,12,12,12,12,10,42
1,2913,2912,1791052652328517,1791052652330614,2097,0,12,10,10,10,7,7,23
1,2914,2913,1791052652378517,1791052652380582,2065,0,13,10,10,10,10,8,31
1,2915,2914,1791052652428517,1791052652430370,1853,0,14,11,11,11,7,6,28
1,2916,2915,1791052652478517,1791052652479807,1290,0,15,16,16,16,15,14,61
1,2917,2916,1791052652528517,1791052652529792,1275,0,16,13,13,13,11,6,30
1,2918,2917,1791052652578517,1791052652579915,1398,0,17,11,11,11,11,6,30
1,2919,2918,1791052652628517,1791052652629828,1311,0,18,7,7,7,7,6,30
1,2920,2919,1791052652678517,1791052652679865,1348,0,19,10,10,10,9,4,17
1,2921,2920,1791052652728517,1791052652730698,2181,0,0,7,7,7,5,2,10
1,2922,2921,1791052652778517,1791052652780617,2100,0,1,13,13,13,12,10,48
1,2923,2922,1791052652828517,1791052652830619,2102,0,2,8,8,8,8,6,27
1,2924,2923,1791052652878517,1791052652879960,1443,0,3,8,8,8,7,6,22
1,2925,2924,1791052652928517,1791052652929788,1271,0,4,9,9,9,8,7,29
1,2926,2925,1791052652978517,1791052652980700,2183,0,5,9,9,9,9,6,30
1,2927,2926,1791052653028517,1791052653030808,2291,0,6,7,7,7,7,4,19
1,2928,2927,1791052653078517,1791052653079942,1425,0,7,11,11,11,11,8,35
1,2929,2928,1791052653128517,1791052653129911,1394,0,8,6,6,6,4,2,3
1,2930,2929,1791052653178517,1791052653179873,1356,0,9,12,12,12,12,8,37
1,2931,2930,1791052653228517,1791052653230587,2070,0,10,10,10,10,10,8,32
1,2932,2931,1791052653278517,1791052653279914,1397,0,11,12,12,12,12,10,49
1,2933,2932,1791052653328517,1791052653330647,2130,0,12,10,10,10,10,6,30
1,2934,2933,1791052653378517,1791052653380181,1664,0,13,10,10,10,9,4,17
1,2935,2934,1791052653428517,1791052653430429,1912,0,14,11,11,11,10,6,30
1,2936,2935,1791052653478517,1791052653480156,1639,0,15,16,16,16,17,16,72
1,2937,2936,1791052653528517,1791052653530278,1761,0,16,13,13,13,12,6,25
1,2938,2937,1791052653578517,1791052653580307,1790,0,17,11,11,11,9,4,20
1,2939,2938,1791052653628517,1791052653630509,1992,0,18,7,7,7,7,6,30
1,2940,2939,1791052653678517,1791052653679960,1443,0,19,10,10,10,8,4,20
1,2941,2940,1791052653728517,1791052653729742,1225,0,0,7,7,7,6,2,10
1,2942,2941,1791052653778517,1791052653780566,2049,0,1,13,13,13,13,10,49
1,2943,2942,1791052653828517,1791052653830619,2102,0,2,8,8,8,8,6,26
1,2944,2943,1791052653878517,1791052653879887,1370,0,3,8,8,8,8,4,20
1,2945,2944,1791052653928517,1791052653930514,1997,0,4,9,9,9,9,7,27
1,2946,2945,1791052653978517,1791052653980438,1921,0,5,9,9,9,9,6,30
1,2947,2946,1791052654028517,1791052654030111,1594,0,6,7,7,7,5,2,10
1,2948,2947,1791052654078517,1791052654080182,1665,0,7,11,11,11,12,9,37
1,2949,2948,1791052654128517,1791052654130275,1758,0,8,6,6,6,6,2,5
1,2950,2949,1791052654178517,1791052654180184,1667,0,9,12,12,12,12,8,36
1,2951,2950,1791052654228517,1791052654229897,1380,0,10,10,10,10,10,8,40
1,2952,2951,1791052654278517,1791052654280072,1555,0,11,12,12,12,13,10,50
1,2953,2952,1791052654328517,1791052654330060,1543,0,12,10,10,10,8,4,20
1,2954,2953,1791052654378517,1791052654380164,1647,0,13,10,10,10,9,6,22
1,2955,2954,1791052654428517,1791052654430334,1817,0,14,11,11,11,10,7,29
1,2956,2955,1791052654478517,1791052654480022,1505,0,15,16,16,16,15,15,69
1,2957,2956,1791052654528517,1791052654530129,1612,0,16,13,13,13,12,8,31
1,2958,2957,1791052654578517,1791052654580357,1840,0,17,11,11,11,10,8,31
1,2959,2958,1791052654628517,1791052654630389,1872,0,18,7,7,7,7,6,30
1,2960,2959,1791052654678517,1791052654679882,1365,0,19,10,10,10,11,4,16
1,2961,2960,1791052654728517,1791052654730726,2209,0,0,7,7,7,5,2,10
1,2962,2961,1791052654778517,1791052654780551,2034,0,1,13,13,13,13,8,40
1,2963,2962,1791052654828517,1791052654830327,1810,0,2,8,8,8,8,6,30
1,2964,2963,1791052654878517,1791052654879977,1460,0,3,8,8,8,8,8,34
1,2965,2964,1791052654928517,1791052654929852,1335,0,4,9,9,9,9,8,32
1,2966,2965,1791052654978517,1791052654980240,1723,0,5,9,9,9,6,6,24
1,2967,2966,1791052655028517,1791052655029939,1422,0,6,7,7,7,7,2,4
1,2968,2967,1791052655078517,1791052655079718,1201,0,7,11,11,11,12,8,38
1,2969,2968,1791052655128517,1791052655130678,2161,0,8,6,6,6,5,2,10
1,2970,2969,1791052655178517,1791052655179996,1479,0,9,12,12,12,11,8,40
1,2971,2970,1791052655228517,1791052655230716,2199,0,10,10,10,10,9,6,30
1,2972,2971,1791052655278517,1791052655280015,1498,0,11,12,12,12,12,10,41
1,2973,2972,1791052655328517,1791052655330018,1501,0,12,10,10,10,10,8,34
1,2974,2973,1791052655378517,1791052655380148,1631,0,13,10,10,10,8,6,26
1,2975,2974,1791052655428517,1791052655430356,1839,0,14,11,11,11,10,9,40
1,2976,2975,1791052655478517,1791052655480078,1561,0,15,16,16,16,15,14,65
1,2977,2976,1791052655528517,1791052655529881,1364,0,16,13,13,13,11,6,23
1,2978,2977,1791052655578517,1791052655580185,1668,0,17,11,11,11,11,5,20
1,2979,2978,1791052655628517,1791052655630520,2003,0,18,7,7,7,7,6,30
1,2980,2979,1791052655678517,1791052655679960,1443,0,19,10,10,10,10,5,19
1,2981,2980,1791052655728517,1791052655730507,1990,0,0,7,7,7,6,2,10
1,2982,2981,1791052655778517,1791052655780390,1873,0,1,13,13,13,12,10,50
1,2983,2982,1791052655828517,1791052655830269,1752,0,2,8,8,8,8,6,30
1,2984,2983,1791052655878517,1791052655880038,1521,0,3,8,8,8,7,2,10
1,2985,2984,1791052655928517,1791052655929980,1463,0,4,9,9,9,8,4,20
1,2986,2985,1791052655978517,1791052655980115,1598,0,5,9,9,9,8,6,30
1,2987,2986,1791052656028517,1791052656030166,1649,0,6,7,7,7,7,4,12
1,2988,2987,1791052656078517,1791052656079977,1460,0,7,11,11,11,12,11,42
1,2989,2988,1791052656128517,1791052656129898,1381,0,8,6,6,6,4,0,0
1,2990,2989,1791052656178517,1791052656179913,1396,0,9,12,12,12,10,4,20
1,2991,2990,1791052656228517,1791052656229864,1347,0,10,10,10,10,10,10,45
1,2992,2991,1791052656278517,1791052656279847,1330,0,11,12,12,12,13,10,50
1,2993,2992,1791052656328517,1791052656329989,1472,0,12,10,10,10,10,7,27
1,2994,2993,1791052656378517,1791052656380342,1825,0,13,10,10,10,10,7,26
1,2995,2994,1791052656428517,1791052656430195,1678,0,14,11,11,11,10,8,34
1,2996,2995,1791052656478517,1791052656479970,1453,0,15,16,16,16,15,15,65
1,2997,2996,1791052656528517,1791052656529848,1331,0,16,13,13,13,10,6,30
1,2998,2997,1791052656578517,1791052656580184,1667,0,17,11,11,11,9,8,31
1,2999,2998,1791052656628517,1791052656630344,1827,0,18,7,7,7,7,6,24
1,3000,2999,1791052656678517,1791052656680104,1587,0,19,10,10,10,9,6,27
1,3001,3000,1791052656728517,1791052656729937,1420,0,0,7,7,7,7,6,25
1,3002,3001,1791052656778517,1791052656780054,1537,0,1,13,13,13,12,10,49
1,3003,3002,1791052656828517,1791052656830385,1868,0,2,8,8,8,8,6,30
1,3004,3003,1791052656878517,1791052656879938,1421,0,3,8,8,8,8,7,27
1,3005,3004,1791052656928517,1791052656930047,1530,0,4,9,9,9,8,8,35
1,3006,3005,1791052656978517,1791052656980015,1498,0,5,9,9,9,9,8,33
1,3007,3006,1791052657028517,1791052657030084,1567,0,6,7,7,7,7,2,10
1,3008,3007,1791052657078517,1791052657079991,1474,0,7,11,11,11,11,10,44
1,3009,3008,1791052657128517,1791052657130738,2221,0,8,6,6,6,4,0,0
1,3010,3009,1791052657178517,1791052657180556,2039,0,9,12,12,12,10,4,20
1,3011,3010,1791052657228517,1791052657230749,2232,0,10,10,10,10,9,8,40
1,3012,3011,1791052657278517,1791052657280186,1669,0,11,12,12,12,13,12,51
1,3013,3012,1791052657328517,1791052657330123,1606,0,12,10,10,10,8,6,25
1,3014,3013,1791052657378517,1791052657379950,1433,0,13,10,10,10,8,4,20
1,3015,3014,1791052657428517,1791052657429892,1375,0,14,11,11,11,10,6,30
1,3016,3015,1791052657478517,1791052657480101,1584,0,15,16,16,16,17,16,75
1,3017,3016,1791052657528517,1791052657530688,2171,0,16,13,13,13,12,8,32
1,3018,3017,1791052657578517,1791052657580187,1670,0,17,11,11,11,11,10,41
1,3019,3018,1791052657628517,1791052657630564,2047,0,18,7,7,7,6,4,20
1,3020,3019,1791052657678517,1791052657679969,1452,0,19,10,10,10,9,9,37
1,3021,3020,1791052657728517,1791052657729953,1436,0,0,7,7,7,6,4,12
1,3022,3021,1791052657778517,1791052657780026,1509,0,1,13,13,13,13,10,50
1,3023,3022,1791052657828517,1791052657830355,1838,0,2,8,8,8,8,6,25
1,3024,3023,1791052657878517,1791052657879832,1315,0,3,8,8,8,7,2,10
1,3025,3024,1791052657928517,1791052657930470,1953,0,4,9,9,9,9,6,30
1,3026,3025,1791052657978517,1791052657979879,1362,0,5,9,9,9,8,6,25
1,3027,3026,1791052658028517,1791052658030363,1846,0,6,7,7,7,7,4,12
1,3028,3027,1791052658078517,1791052658079852,1335,0,7,11,11,11,11,9,35
1,3029,3028,1791052658128517,1791052658130100,1583,0,8,6,6,6,5,2,3
1,3030,3029,1791052658178517,1791052658180547,2030,0,9,12,12,12,12,8,34
1,3031,3030,1791052658228517,1791052658229916,1399,0,10,10,10,10,10,10,49
1,3032,3031,1791052658278517,1791052658279816,1299,0,11,12,12,12,11,8,40
1,3033,3032,1791052658328517,1791052658330080,1563,0,12,10,10,10,8,5,20
1,3034,3033,1791052658378517,1791052658379853,1336,0,13,10,10,10,10,10,50
1,3035,3034,1791052658428517,1791052658430389,1872,0,14,11,11,11,9,5,20
1,3036,3035,1791052658478517,1791052658479963,1446,0,15,16,16,16,17,15,59
1,3037,3036,1791052658528517,1791052658530050,1533,0,16,13,13,13,12,9,37
1,3038,3037,1791052658578517,1791052658580336,1819,0,17,11,11,11,11,7,28
1,3039,3038,1791052658628517,1791052658630411,1894,0,18,7,7,7,7,6,23
1,3040,3039,1791052658678517,1791052658680045,1528,0,19,10,10,10,10,9,34
1,3041,3040,1791052658728517,1791052658730176,1659,0,0,7,7,7,7,5,16
1,3042,3041,1791052658778517,1791052658780090,1573,0,1,13,13,13,12,8,40
1,3043,3042,1791052658828517,1791052658830038,1521,0,2,8,8,8,8,6,30
1,3044,3043,1791052658878517,1791052658879960,1443,0,3,8,8,8,7,6,28
1,3045,3044,1791052658928517,1791052658929794,1277,0,4,9,9,9,7,7,30
1,3046,3045,1791052658978517,1791052658980777,2260,0,5,9,9,9,9,6,30
1,3047,3046,1791052659028517,1791052659030766,2249,0,6,7,7,7,7,2,9
1,3048,3047,1791052659078517,1791052659079996,1479,0,7,11,11,11,12,10,43
1,3049,3048,1791052659128517,1791052659129965,1448,0,8,6,6,6,5,3,6
1,3050,3049,1791052659178517,1791052659180782,2265,0,9,12,12,12,10,4,20
1,3051,3050,1791052659228517,1791052659230711,2194,0,10,10,10,10,10,10,48
1,3052,3051,1791052659278517,1791052659279993,1476,0,11,12,12,12,11,11,48
1,3053,3052,1791052659328517,1791052659330121,1604,0,12,10,10,10,8,6,28
1,3054,3053,1791052659378517,1791052659380271,1754,0,13,10,10,10,9,5,16
1,3055,3054,1791052659428517,1791052659430294,1777,0,14,11,11,11,9,4,20
1,3056,3055,1791052659478517,1791052659479837,1320,0,15,16,16,16,17,14,69
1,3057,3056,1791052659528517,1791052659529940,1423,0,16,13,13,13,13,6,30
1,3058,3057,1791052659578517,1791052659579939,1422,0,17,11,11,11,10,6,24
1,3059,3058,1791052659628517,1791052659630731,2214,0,18,7,7,7,7,6,29
1,3060,3059,1791052659678517,1791052659679988,1471,0,19,10,10,10,10,10,37
1,3061,3060,1791052659728517,1791052659730102,1585,0,0,7,7,7,7,4,20
1,3062,3061,1791052659778517,1791052659780730,2213,0,1,13,13,13,12,10,46
1,3063,3062,1791052659828517,1791052659830053,1536,0,2,8,8,8,8,6,30
1,3064,3063,1791052659878517,1791052659879940,1423,0,3,8,8,8,8,4,18
1,3065,3064,1791052659928517,1791052659929840,1323,0,4,9,9,9,7,2,10
1,3066,3065,1791052659978517,1791052659979949,1432,0,5,9,9,9,9,8,36
1,3067,3066,1791052660028517,1791052660030050,1533,0,6,7,7,7,7,4,12
1,3068,3067,1791052660078517,1791052660079832,1315,0,7,11,11,11,12,7,30
1,3069,3068,1791052660128517,1791052660130225,1708,0,8,6,6,6,6,4,13
1,3070,3069,1791052660178517,1791052660180552,2035,0,9,12,12,12,12,8,38
1,3071,3070,1791052660228517,1791052660230093,1576,0,10,10,10,10,10,10,42
1,3072,3071,1791052660278517,1791052660280030,1513,0,11,12,12,12,12,10,47
1,3073,3072,1791052660328517,1791052660330101,1584,0,12,10,10,10,10,6,27
1,3074,3073,1791052660378517,1791052660380381,1864,0,13,10,10,10,9,6,24
1,3075,3074,1791052660428517,1791052660430462,1945,0,14,11,11,11,11,6,27
1,3076,3075,1791052660478517,1791052660479883,1366,0,15,16,16,16,16,15,64
1,3077,3076,1791052660528517,1791052660529712,1195,0,16,13,13,13,11,6,30
1,3078,3077,1791052660578517,1791052660579846,1329,0,17,11,11,11,10,4,19
1,3079,3078,1791052660628517,1791052660629944,1427,0,18,7,7,7,7,6,23
1,3080,3079,1791052660678517,1791052660680140,1623,0,19,10,10,10,11,9,33
1,3081,3080,1791052660728517,1791052660730724,2207,0,0,7,7,7,7,5,19
1,3082,3081,1791052660778517,1791052660780173,1656,0,1,13,13,13,12,10,50
1,3083,3082,1791052660828517,1791052660830441,1924,0,2,8,8,8,7,4,20
1,3084,3083,1791052660878517,1791052660879961,1444,0,3,8,8,8,8,6,24
1,3085,3084,1791052660928517,1791052660930026,1509,0,4,9,9,9,8,8,36
1,3086,3085,1791052660978517,1791052660980250,1733,0,5,9,9,9,7,6,25
1,3087,3086,1791052661028517,1791052661029726,1209,0,6,7,7,7,7,4,17
1,3088,3087,1791052661078517,1791052661079824,1307,0,7,11,11,11,12,8,33
1,3089,3088,1791052661128517,1791052661130257,1740,0,8,6,6,6,5,4,14
1,3090,3089,1791052661178517,1791052661180543,2026,0,9,12,12,12,12,9,40
1,3091,3090,1791052661228517,1791052661230719,2202,0,10,10,10,10,10,6,28
1,3092,3091,1791052661278517,1791052661280288,1771,0,11,12,12,12,13,12,51
1,3093,3092,1791052661328517,1791052661329820,1303,0,12,10,10,10,9,6,24
1,3094,3093,1791052661378517,1791052661379868,1351,0,13,10,10,10,10,6,30
1,3095,3094,1791052661428517,1791052661430119,1602,0,14,11,11,11,9,8,36
1,3096,3095,1791052661478517,1791052661479965,1448,0,15,16,16,16,15,12,55
1,3097,3096,1791052661528517,1791052661529905,1388,0,16,13,13,13,11,8,34
1,3098,3097,1791052661578517,1791052661580011,1494,0,17,11,11,11,9,9,37
1,3099,3098,1791052661628517,1791052661630343,1826,0,18,7,7,7,7,6,25
1,3100,3099,1791052661678517,1791052661679905,1388,0,19,10,10,10,11,5,13
1,3101,3100,1791052661728517,1791052661729912,1395,0,0,7,7,7,7,2,10
1,3102,3101,1791052661778517,1791052661779939,1422,0,1,13,13,13,12,12,57
1,3103,3102,1791052661828517,1791052661830178,1661,0,2,8,8,8,7,7,25
1,3104,3103,1791052661878517,1791052661879961,1444,0,3,8,8,8,9,8,32
1,3105,3104,1791052661928517,1791052661930194,1677,0,4,9,9,9,9,8,40
1,3106,3105,1791052661978517,1791052661979965,1448,0,5,9,9,9,7,5,17
1,3107,3106,1791052662028517,1791052662030556,2039,0,6,7,7,7,6,4,20
1,3108,3107,1791052662078517,1791052662079901,1384,0,7,11,11,11,11,8,29
1,3109,3108,1791052662128517,1791052662130577,2060,0,8,6,6,6,4,0,0
1,3110,3109,1791052662178517,1791052662179977,1460,0,9,12,12,12,11,4,20
1,3111,3110,1791052662228517,1791052662230473,1956,0,10,10,10,10,10,10,48
1,3112,3111,1791052662278517,1791052662279958,1441,0,11,12,12,12,11,8,37
1,3113,3112,1791052662328517,1791052662330394,1877,0,12,10,10,10,9,6,25
1,3114,3113,1791052662378517,1791052662379910,1393,0,13,10,10,10,10,8,34
1,3115,3114,1791052662428517,1791052662430253,1736,0,14,11,11,11,10,9,35
1,3116,3115,1791052662478517,1791052662479972,1455,0,15,16,16,16,15,13,54
1,3117,3116,1791052662528517,1791052662530133,1616,0,16,13,13,13,8,4,17
1,3118,3117,1791052662578517,1791052662580464,1947,0,17,11,11,11,11,4,18
1,3119,3118,1791052662628517,1791052662630722,2205,0,18,7,7,7,6,6,30
1,3120,3119,1791052662678517,1791052662679968,1451,0,19,10,10,10,10,4,18
1,3121,3120,1791052662728517,1791052662729828,1311,0,0,7,7,7,4,4,16
1,3122,3121,1791052662778517,1791052662779841,1324,0,1,13,13,13,11,7,24
1,3123,3122,1791052662828517,1791052662829876,1359,0,2,8,8,8,8,6,30
1,3124,3123,1791052662878517,1791052662880220,1703,0,3,8,8,8,8,5,17
1,3125,3124,1791052662928517,1791052662930680,2163,0,4,9,9,9,9,6,28
1,3126,3125,1791052662978517,1791052662979955,1438,0,5,9,9,9,8,8,40
1,3127,3126,1791052663028517,1791052663030226,1709,0,6,7,7,7,6,2,9
1,3128,3127,1791052663078517,1791052663080052,1535,0,7,11,11,11,11,8,36
1,3129,3128,1791052663128517,1791052663130222,1705,0,8,6,6,6,5,4,18
1,3130,3129,1791052663178517,1791052663180374,1857,0,9,12,12,12,9,8,37
1,3131,3130,1791052663228517,1791052663230404,1887,0,10,10,10,10,9,6,24
1,3132,3131,1791052663278517,1791052663279941,1424,0,11,12,12,12,13,10,41
1,3133,3132,1791052663328517,1791052663329902,1385,0,12,10,10,10,9,4,20
1,3134,3133,1791052663378517,1791052663380179,1662,0,13,10,10,10,9,7,26
1,3135,3134,1791052663428517,1791052663430398,1881,0,14,11,11,11,11,7,22
1,3136,3135,1791052663478517,1791052663480185,1668,0,15,16,16,16,16,14,67
1,3137,3136,1791052663528517,1791052663530437,1920,0,16,13,13,13,12,8,33
1,3138,3137,1791052663578517,1791052663580689,2172,0,17,11,11,11,9,6,29
1,3139,3138,1791052663628517,1791052663630755,2238,0,18,7,7,7,7,6,30
1,3140,3139,1791052663678517,1791052663680044,1527,0,19,10,10,10,10,4,11
1,3141,3140,1791052663728517,1791052663729995,1478,0,0,7,7,7,6,2,10
1,3142,3141,1791052663778517,1791052663780072,1555,0,1,13,13,13,13,12,54
1,3143,3142,1791052663828517,1791052663830452,1935,0,2,8,8,8,8,6,30
1,3144,3143,1791052663878517,1791052663880064,1547,0,3,8,8,8,8,6,21
1,3145,3144,1791052663928517,1791052663929843,1326,0,4,9,9,9,8,6,27
1,3146,3145,1791052663978517,1791052663980028,1511,0,5,9,9,9,8,6,30
1,3147,3146,1791052664028517,1791052664030649,2132,0,6,7,7,7,7,6,22
1,3148,3147,1791052664078517,1791052664080096,1579,0,7,11,11,11,8,6,29
1,3149,3148,1791052664128517,1791052664130354,1837,0,8,6,6,6,6,4,18
1,3150,3149,1791052664178517,1791052664180458,1941,0,9,12,12,12,12,9,39
1,3151,3150,1791052664228517,1791052664230429,1912,0,10,10,10,10,10,6,30
1,3152,3151,1791052664278517,1791052664279999,1482,0,11,12,12,12,12,10,50
1,3153,3152,1791052664328517,1791052664330198,1681,0,12,10,10,10,8,6,22
1,3154,3153,1791052664378517,1791052664380250,1733,0,13,10,10,10,10,8,38
1,3155,3154,1791052664428517,1791052664430325,1808,0,14,11,11,11,11,9,40
1,3156,3155,1791052664478517,1791052664480136,1619,0,15,16,16,16,15,10,38
1,3157,3156,1791052664528517,1791052664530248,1731,0,16,13,13,13,11,10,44
1,3158,3157,1791052664578517,1791052664580439,1922,0,17,11,11,11,10,6,26
1,3159,3158,1791052664628517,1791052664630575,2058,0,18,7,7,7,6,2,10
1,3160,3159,1791052664678517,1791052664680074,1557,0,19,10,10,10,10,6,26
1,3161,3160,1791052664728517,1791052664729946,1429,0,0,7,7,7,5,2,10
1,3162,3161,1791052664778517,1791052664780148,1631,0,1,13,13,13,12,10,50
1,3163,3162,1791052664828517,1791052664830544,2027,0,2,8,8,8,8,6,30
1,3164,3163,1791052664878517,1791052664879979,1462,0,3,8,8,8,8,6,22
1,3165,3164,1791052664928517,1791052664930193,1676,0,4,9,9,9,7,6,24
1,3166,3165,1791052664978517,1791052664980676,2159,0,5,9,9,9,8,6,30
1,3167,3166,1791052665028517,1791052665030629,2112,0,6,7,7,7,6,2,8
1,3168,3167,1791052665078517,1791052665079945,1428,0,7,11,11,11,12,8,37
1,3169,3168,1791052665128517,1791052665130384,1867,0,8,6,6,6,6,2,10
1,3170,3169,1791052665178517,1791052665179950,1433,0,9,12,12,12,12,8,36
1,3171,3170,1791052665228517,1791052665230285,1768,0,10,10,10,10,10,8,40
1,3172,3171,1791052665278517,1791052665279909,1392,0,11,12,12,12,12,12,51
1,3173,3172,1791052665328517,1791052665329757,1240,0,12,10,10,10,10,6,28
1,3174,3173,1791052665378517,1791052665379897,1380,0,13,10,10,10,9,4,20
1,3175,3174,1791052665428517,1791052665430204,1687,0,14,11,11,11,9,6,30
1,3176,3175,1791052665478517,1791052665479962,1445,0,15,16,16,16,16,15,70
1,3177,3176,1791052665528517,1791052665530196,1679,0,16,13,13,13,11,8,32
1,3178,3177,1791052665578517,1791052665580738,2221,0,17,11,11,11,10,9,32
1,3179,3178,1791052665628517,1791052665630304,1787,0,18,7,7,7,7,6,30
1,3180,3179,1791052665678517,1791052665679901,1384,0,19,10,10,10,10,5,14
1,3181,3180,1791052665728517,1791052665730226,1709,0,0,7,7,7,7,2,10
1,3182,3181,1791052665778517,1791052665779749,1232,0,1,13,13,13,13,10,45
1,3183,3182,1791052665828517,1791052665830772,2255,0,2,8,8,8,8,6,30
1,3184,3183,1791052665878517,1791052665879893,1376,0,3,8,8,8,9,7,27
1,3185,3184,1791052665928517,1791052665930722,2205,0,4,9,9,9,9,8,40
1,3186,3185,1791052665978517,1791052665980755,2238,0,5,9,9,9,5,4,18
1,3187,3186,1791052666028517,1791052666030216,1699,0,6,7,7,7,7,2,10
1,3188,3187,1791052666078517,1791052666079998,1481,0,7,11,11,11,11,10,44
1,3189,3188,1791052666128517,1791052666130052,1535,0,8,6,6,6,4,4,11
1,3190,3189,1791052666178517,1791052666180284,1767,0,9,12,12,12,12,11,48
1,3191,3190,1791052666228517,1791052666230432,1915,0,10,10,10,10,8,6,25
1,3192,3191,1791052666278517,1791052666280026,1509,0,11,12,12,12,13,10,49
1,3193,3192,1791052666328517,1791052666329982,1465,0,12,10,10,10,10,6,30
1,3194,3193,1791052666378517,1791052666380474,1957,0,13,10,10,10,9,2,10
1,3195,3194,1791052666428517,1791052666430474,1957,0,14,11,11,11,10,6,30
1,3196,3195,1791052666478517,1791052666480078,1561,0,15,16,16,16,13,12,60
1,3197,3196,1791052666528517,1791052666530120,1603,0,16,13,13,13,12,8,34
1,3198,3197,1791052666578517,1791052666580391,1874,0,17,11,11,11,9,8,34
1,3199,3198,1791052666628517,1791052666630648,2131,0,18,7,7,7,7,6,29
1,3200,3199,1791052666678517,1791052666679840,1323,0,19,10,10,10,11,7,23
1,3201,3200,1791052666728517,1791052666729789,1272,0,0,7,7,7,7,4,19
1,3202,3201,1791052666778517,1791052666780742,2225,0,1,13,13,13,11,8,38
1,3203,3202,1791052666828517,1791052666830777,2260,0,2,8,8,8,8,6,30
1,3204,3203,1791052666878517,1791052666879956,1439,0,3,8,8,8,8,8,38
1,3205,3204,1791052666928517,1791052666930713,2196,0,4,9,9,9,8,6,30
1,3206,3205,1791052666978517,1791052666980599,2082,0,5,9,9,9,7,7,30
1,3207,3206,1791052667028517,1791052667030571,2054,0,6,7,7,7,6,0,0
1,3208,3207,1791052667078517,1791052667079904,1387,0,7,11,11,11,12,8,40
1,3209,3208,1791052667128517,1791052667129933,1416,0,8,6,6,6,4,2,10
1,3210,3209,1791052667178517,1791052667179934,1417,0,9,12,12,12,11,8,40
1,3211,3210,1791052667228517,1791052667230690,2173,0,10,10,10,10,9,6,30
1,3212,3211,1791052667278517,1791052667280179,1662,0,11,12,12,12,13,12,51
1,3213,3212,1791052667328517,1791052667330071,1554,0,12,10,10,10,9,6,30
1,3214,3213,1791052667378517,1791052667380229,1712,0,13,10,10,10,8,5,16
1,3215,3214,1791052667428517,1791052667429842,1325,0,14,11,11,11,11,6,30
1,3216,3215,1791052667478517,1791052667480004,1487,0,15,16,16,16,15,14,63
1,3217,3216,1791052667528517,1791052667529959,1442,0,16,13,13,13,13,8,33
1,3218,3217,1791052667578517,1791052667580349,1832,0,17,11,11,11,11,7,25
1,3219,3218,1791052667628517,1791052667630545,2028,0,18,7,7,7,7,6,30
1,3220,3219,1791052667678517,1791052667680046,1529,0,19,10,10,10,7,6,21
1,3221,3220,1791052667728517,1791052667730243,1726,0,0,7,7,7,7,4,20
1,3222,3221,1791052667778517,1791052667780348,1831,0,1,13,13,13,13,10,45
1,3223,3222,1791052667828517,1791052667830503,1986,0,2,8,8,8,8,6,30
1,3224,3223,1791052667878517,1791052667880025,1508,0,3,8,8,8,8,6,22
1,3225,3224,1791052667928517,1791052667930183,1666,0,4,9,9,9,8,6,28
1,3226,3225,1791052667978517,1791052667980348,1831,0,5,9,9,9,9,6,28
1,3227,3226,1791052668028517,1791052668030483,1966,0,6,7,7,7,7,4,20
1,3228,3227,1791052668078517,1791052668079798,1281,0,7,11,11,11,12,9,40
1,3229,3228,1791052668128517,1791052668130659,2142,0,8,6,6,6,6,3,9
1,3230,3229,1791052668178517,1791052668180207,1690,0,9,12,12,12,12,8,40
1,3231,3230,1791052668228517,1791052668230248,1731,0,10,10,10,10,10,8,37
1,3232,3231,1791052668278517,1791052668279984,1467,0,11,12,12,12,13,10,50
1,3233,3232,1791052668328517,1791052668330695,2178,0,12,10,10,10,10,6,24
1,3234,3233,1791052668378517,1791052668380463,1946,0,13,10,10,10,8,4,16
1,3235,3234,1791052668428517,1791052668430391,1874,0,14,11,11,11,11,6,30
1,3236,3235,1791052668478517,1791052668480058,1541,0,15,16,16,16,16,16,75
1,3237,3236,1791052668528517,1791052668529967,1450,0,16,13,13,13,11,8,32
1,3238,3237,1791052668578517,1791052668579834,1317,0,17,11,11,11,10,7,29
1,3239,3238,1791052668628517,1791052668629905,1388,0,18,7,7,7,7,6,30
1,3240,3239,1791052668678517,1791052668680085,1568,0,19,10,10,10,10,5,17
1,3241,3240,1791052668728517,1791052668729885,1368,0,0,7,7,7,6,4,19
1,3242,3241,1791052668778517,1791052668780777,2260,0,1,13,13,13,13,10,45
1,3243,3242,1791052668828517,1791052668830728,2211,0,2,8,8,8,8,6,30
1,3244,3243,1791052668878517,1791052668879956,1439,0,3,8,8,8,8,7,30
1,3245,3244,1791052668928517,1791052668929935,1418,0,4,9,9,9,8,8,40
1,3246,3245,1791052668978517,1791052668980027,1510,0,5,9,9,9,9,8,31
1,3247,3246,1791052669028517,1791052669030591,2074,0,6,7,7,7,7,2,10
1,3248,3247,1791052669078517,1791052669079882,1365,0,7,11,11,11,12,8,36
1,3249,3248,1791052669128517,1791052669130068,1551,0,8,6,6,6,6,2,3
1,3250,3249,1791052669178517,1791052669179909,1392,0,9,12,12,12,12,8,40
1,3251,3250,1791052669228517,1791052669229751,1234,0,10,10,10,10,10,9,38
1,3252,3251,1791052669278517,1791052669280000,1483,0,11,12,12,12,12,12,51
1,3253,3252,1791052669328517,1791052669330022,1505,0,12,10,10,10,9,8,34
1,3254,3253,1791052669378517,1791052669379950,1433,0,13,10,10,10,9,6,24
1,3255,3254,1791052669428517,1791052669430247,1730,0,14,11,11,11,9,8,37
1,3256,3255,1791052669478517,1791052669480206,1689,0,15,16,16,16,16,12,57
1,3257,3256,1791052669528517,1791052669530165,1648,0,16,13,13,13,13,8,37
1,3258,3257,1791052669578517,1791052669580488,1971,0,17,11,11,11,11,11,47
1,3259,3258,1791052669628517,1791052669630754,2237,0,18,7,7,7,7,6,25
1,3260,3259,1791052669678517,1791052669679993,1476,0,19,10,10,10,8,8,26
1,3261,3260,1791052669728517,1791052669729862,1345,0,0,7,7,7,7,4,19
1,3262,3261,1791052669778517,1791052669779905,1388,0,1,13,13,13,12,8,39
1,3263,3262,1791052669828517,1791052669829844,1327,0,2,8,8,8,8,6,30
1,3264,3263,1791052669878517,1791052669879980,1463,0,3,8,8,8,9,8,34
1,3265,3264,1791052669928517,1791052669929849,1332,0,4,9,9,9,9,8,40
1,3266,3265,1791052669978517,1791052669979838,1321,0,5,9,9,9,6,6,27
1,3267,3266,1791052670028517,1791052670029843,1326,0,6,7,7,7,6,2,10
1,3268,3267,1791052670078517,1791052670079942,1425,0,7,11,11,11,11,8,34
1,3269,3268,1791052670128517,1791052670130105,1588,0,8,6,6,6,6,4,17
1,3270,3269,1791052670178517,1791052670180034,1517,0,9,12,12,12,11,8,40
1,3271,3270,1791052670228517,1791052670229871,1354,0,10,10,10,10,10,10,46
1,3272,3271,1791052670278517,1791052670280059,1542,0,11,12,12,12,12,10,41
1,3273,3272,1791052670328517,1791052670330002,1485,0,12,10,10,10,8,4,20
1,3274,3273,1791052670378517,1791052670379913,1396,0,13,10,10,10,10,7,28
1,3275,3274,1791052670428517,1791052670429833,1316,0,14,11,11,11,10,8,34
1,3276,3275,1791052670478517,1791052670480084,1567,0,15,16,16,16,15,14,60
1,3277,3276,1791052670528517,1791052670529841,1324,0,16,13,13,13,10,7,29
1,3278,3277,1791052670578517,1791052670579980,1463,0,17,11,11,11,10,5,19
1,3279,3278,1791052670628517,1791052670630388,1871,0,18,7,7,7,7,6,30
1,3280,3279,1791052670678517,1791052670679943,1426,0,19,10,10,10,10,8,33
1,3281,3280,1791052670728517,1791052670729874,1357,0,0,7,7,7,7,4,20
1,3282,3281,1791052670778517,1791052670779957,1440,0,1,13,13,13,12,10,49
1,3283,3282,1791052670828517,1791052670830398,1881,0,2,8,8,8,8,5,18
1,3284,3283,1791052670878517,1791052670879935,1418,0,3,8,8,8,9,6,14
1,3285,3284,1791052670928517,1791052670930749,2232,0,4,9,9,9,9,6,29
1,3286,3285,1791052670978517,1791052670980344,1827,0,5,9,9,9,8,6,26
1,3287,3286,1791052671028517,1791052671030479,1962,0,6,7,7,7,7,2,10
1,3288,3287,1791052671078517,1791052671080049,1532,0,7,11,11,11,11,6,30
1,3289,3288,1791052671128517,1791052671130238,1721,0,8,6,6,6,6,4,16
1,3290,3289,1791052671178517,1791052671180377,1860,0,9,12,12,12,12,8,36
1,3291,3290,1791052671228517,1791052671230515,1998,0,10,10,10,10,9,6,30
1,3292,3291,1791052671278517,1791052671279952,1435,0,11,12,12,12,12,10,45
1,3293,3292,1791052671328517,1791052671329801,1284,0,12,10,10,10,10,6,30
1,3294,3293,1791052671378517,1791052671379934,1417,0,13,10,10,10,9,6,25
1,3295,3294,1791052671428517,1791052671429805,1288,0,14,11,11,11,10,6,30
1,3296,3295,1791052671478517,1791052671479914,1397,0,15,16,16,16,15,12,58
1,3297,3296,1791052671528517,1791052671530078,1561,0,16,13,13,13,12,8,33
1,3298,3297,1791052671578517,1791052671580412,1895,0,17,11,11,11,11,9,33
1,3299,3298,1791052671628517,1791052671630384,1867,0,18,7,7,7,7,6,30
1,3300,3299,1791052671678517,1791052671680243,1726,0,19,10,10,10,9,6,21
1,3301,3300,1791052671728517,1791052671730454,1937,0,0,7,7,7,7,4,16
1,3302,3301,1791052671778517,1791052671780515,1998,0,1,13,13,13,12,10,44
1,3303,3302,1791052671828517,1791052671830654,2137,0,2,8,8,8,8,6,27
1,3304,3303,1791052671878517,1791052671879835,1318,0,3,8,8,8,8,6,21
1,3305,3304,1791052671928517,1791052671930465,1948,0,4,9,9,9,9,7,29
1,3306,3305,1791052671978517,1791052671980202,1685,0,5,9,9,9,7,4,20
1,3307,3306,1791052672028517,1791052672030175,1658,0,6,7,7,7,7,6,25
1,3308,3307,1791052672078517,1791052672080001,1484,0,7,11,11,11,12,10,37
1,3309,3308,1791052672128517,1791052672130215,1698,0,8,6,6,6,5,2,7
1,3310,3309,1791052672178517,1791052672179865,1348,0,9,12,12,12,12,8,38
1,3311,3310,1791052672228517,1791052672230058,1541,0,10,10,10,10,10,8,40
1,3312,3311,1791052672278517,1791052672279976,1459,0,11,12,12,12,12,12,55
1,3313,3312,1791052672328517,1791052672329737,1220,0,12,10,10,10,8,4,20
1,3314,3313,1791052672378517,1791052672380183,1666,0,13,10,10,10,10,7,25
1,3315,3314,1791052672428517,1791052672430484,1967,0,14,11,11,11,9,7,26
1,3316,3315,1791052672478517,1791052672479804,1287,0,15,16,16,16,16,15,65
1,3317,3316,1791052672528517,1791052672530695,2178,0,16,13,13,13,12,9,40
1,3318,3317,1791052672578517,1791052672580168,1651,0,17,11,11,11,11,10,46
1,3319,3318,1791052672628517,1791052672630109,1592,0,18,7,7,7,7,6,30
1,3320,3319,1791052672678517,1791052672680210,1693,0,19,10,10,10,10,4,16
1,3321,3320,1791052672728517,1791052672730206,1689,0,0,7,7,7,7,2,10
1,3322,3321,1791052672778517,1791052672780570,2053,0,1,13,13,13,12,10,46
1,3323,3322,1791052672828517,1791052672830802,2285,0,2,8,8,8,8,6,30
1,3324,3323,1791052672878517,1791052672880106,1589,0,3,8,8,8,9,9,40
1,3325,3324,1791052672928517,1791052672929978,1461,0,4,9,9,9,9,8,40
1,3326,3325,1791052672978517,1791052672980028,1511,0,5,9,9,9,9,9,35
1,3327,3326,1791052673028517,1791052673029983,1466,0,6,7,7,7,6,2,3
1,3328,3327,1791052673078517,1791052673080005,1488,0,7,11,11,11,11,8,40
1,3329,3328,1791052673128517,1791052673129959,1442,0,8,6,6,6,5,2,10
1,3330,3329,1791052673178517,1791052673180580,2063,0,9,12,12,12,12,8,38
1,3331,3330,1791052673228517,1791052673230558,2041,0,10,10,10,10,10,10,45
1,3332,3331,1791052673278517,1791052673280007,1490,0,11,12,12,12,13,12,51
1,3333,3332,1791052673328517,1791052673329823,1306,0,12,10,10,10,9,6,28
1,3334,3333,1791052673378517,1791052673380677,2160,0,13,10,10,10,8,5,17
1,3335,3334,1791052673428517,1791052673430581,2064,0,14,11,11,11,11,6,30
1,3336,3335,1791052673478517,1791052673480052,1535,0,15,16,16,16,15,14,67
1,3337,3336,1791052673528517,1791052673530312,1795,0,16,13,13,13,11,6,27
1,3338,3337,1791052673578517,1791052673580351,1834,0,17,11,11,11,10,4,17
1,3339,3338,1791052673628517,1791052673630481,1964,0,18,7,7,7,6,6,30
1,3340,3339,1791052673678517,1791052673679819,1302,0,19,10,10,10,9,4,16
1,3341,3340,1791052673728517,1791052673730762,2245,0,0,7,7,7,7,2,10
1,3342,3341,1791052673778517,1791052673779852,1335,0,1,13,13,13,12,10,50
1,3343,3342,1791052673828517,1791052673829856,1339,0,2,8,8,8,8,6,26
1,3344,3343,1791052673878517,1791052673880050,1533,0,3,8,8,8,8,6,30
1,3345,3344,1791052673928517,1791052673929811,1294,0,4,9,9,9,9,9,39
1,3346,3345,1791052673978517,1791052673979891,1374,0,5,9,9,9,8,6,24
1,3347,3346,1791052674028517,1791052674030763,2246,0,6,7,7,7,7,6,20
1,3348,3347,1791052674078517,1791052674079963,1446,0,7,11,11,11,8,7,29
1,3349,3348,1791052674128517,1791052674130660,2143,0,8,6,6,6,6,3,8
1,3350,3349,1791052674178517,1791052674180377,1860,0,9,12,12,12,12,8,40
1,3351,3350,1791052674228517,1791052674230298,1781,0,10,10,10,10,10,10,44
1,3352,3351,1791052674278517,1791052674280059,1542,0,11,12,12,12,13,11,49
1,3353,3352,1791052674328517,1791052674330035,1518,0,12,10,10,10,6,4,20
1,3354,3353,1791052674378517,1791052674380732,2215,0,13,10,10,10,10,10,50
1,3355,3354,1791052674428517,1791052674430122,1605,0,14,11,11,11,8,4,13
1,3356,3355,1791052674478517,1791052674479806,1289,0,15,16,16,16,14,11,46
1,3357,3356,1791052674528517,1791052674529905,1388,0,16,13,13,13,10,6,22
1,3358,3357,1791052674578517,1791052674580042,1525,0,17,11,11,11,10,5,18
1,3359,3358,1791052674628517,1791052674630582,2065,0,18,7,7,7,7,6,23
1,3360,3359,1791052674678517,1791052674679907,1390,0,19,10,10,10,11,8,40
1,3361,3360,1791052674728517,1791052674729985,1468,0,0,7,7,7,6,4,14
1,3362,3361,1791052674778517,1791052674779812,1295,0,1,13,13,13,12,10,45
1,3363,3362,1791052674828517,1791052674830642,2125,0,2,8,8,8,8,6,30
1,3364,3363,1791052674878517,1791052674879942,1425,0,3,8,8,8,8,8,30
1,3365,3364,1791052674928517,1791052674930665,2148,0,4,9,9,9,8,6,30
1,3366,3365,1791052674978517,1791052674980443,1926,0,5,9,9,9,8,7,29
1,3367,3366,1791052675028517,1791052675030465,1948,0,6,7,7,7,7,2,10
1,3368,3367,1791052675078517,1791052675080013,1496,0,7,11,11,11,11,8,35
1,3369,3368,1791052675128517,1791052675129758,1241,0,8,6,6,6,6,3,7
1,3370,3369,1791052675178517,1791052675180550,2033,0,9,12,12,12,12,6,25
1,3371,3370,1791052675228517,1791052675230185,1668,0,10,10,10,10,10,10,48
1,3372,3371,1791052675278517,1791052675279940,1423,0,11,12,12,12,12,8,29
1,3373,3372,1791052675328517,1791052675329856,1339,0,12,10,10,10,9,4,20
1,3374,3373,1791052675378517,1791052675380661,2144,0,13,10,10,10,10,9,39
1,3375,3374,1791052675428517,1791052675430199,1682,0,14,11,11,11,11,7,22
1,3376,3375,1791052675478517,1791052675479947,1430,0,15,16,16,16,16,15,58
1,3377,3376,1791052675528517,1791052675530212,1695,0,16,13,13,13,8,4,13
1,3378,3377,1791052675578517,1791052675580476,1959,0,17,11,11,11,11,2,10
1,3379,3378,1791052675628517,1791052675630723,2206,0,18,7,7,7,6,6,25
1,3380,3379,1791052675678517,1791052675679864,1347,0,19,10,10,10,9,9,20
1,3381,3380,1791052675728517,1791052675730751,2234,0,0,7,7,7,6,2,3
1,3382,3381,1791052675778517,1791052675780436,1919,0,1,13,13,13,13,12,60
1,3383,3382,1791052675828517,1791052675830554,2037,0,2,8,8,8,7,4,14
1,3384,3383,1791052675878517,1791052675879940,1423,0,3,8,8,8,9,4,20
1,3385,3384,1791052675928517,1791052675930572,2055,0,4,9,9,9,9,6,29
1,3386,3385,1791052675978517,1791052675979948,1431,0,5,9,9,9,9,7,28
1,3387,3386,1791052676028517,1791052676030258,1741,0,6,7,7,7,6,4,14
1,3388,3387,1791052676078517,1791052676079841,1324,0,7,11,11,11,10,9,34
1,3389,3388,1791052676128517,1791052676129814,1297,0,8,6,6,6,4,2,2
1,3390,3389,1791052676178517,1791052676180351,1834,0,9,12,12,12,11,4,20
1,3391,3390,1791052676228517,1791052676230572,2055,0,10,10,10,10,10,10,49
1,3392,3391,1791052676278517,1791052676279965,1448,0,11,12,12,12,13,10,48
1,3393,3392,1791052676328517,1791052676330613,2096,0,12,10,10,10,7,6,24
1,3394,3393,1791052676378517,1791052676380514,1997,0,13,10,10,10,6,4,13
1,3395,3394,1791052676428517,1791052676430235,1718,0,14,11,11,11,11,6,30
1,3396,3395,1791052676478517,1791052676479988,1471,0,15,16,16,16,14,12,60
1,3397,3396,1791052676528517,1791052676530699,2182,0,16,13,13,13,12,6,23
1,3398,3397,1791052676578517,1791052676580438,1921,0,17,11,11,11,10,4,14
1,3399,3398,1791052676628517,1791052676630638,2121,0,18,7,7,7,7,6,25
1,3400,3399,1791052676678517,1791052676679967,1450,0,19,10,10,10,9,7,30
1,3401,3400,1791052676728517,1791052676730040,1523,0,0,7,7,7,5,0,0
1,3402,3401,1791052676778517,1791052676779841,1324,0,1,13,13,13,13,12,60
1,3403,3402,1791052676828517,1791052676830751,2234,0,2,8,8,8,7,4,20
1,3404,3403,1791052676878517,1791052676879893,1376,0,3,8,8,8,8,5,18
1,3405,3404,1791052676928517,1791052676930765,2248,0,4,9,9,9,9,6,30
1,3406,3405,1791052676978517,1791052676980541,2024,0,5,9,9,9,8,6,30
1,3407,3406,1791052677028517,1791052677030381,1864,0,6,7,7,7,6,4,18
1,3408,3407,1791052677078517,1791052677080023,1506,0,7,11,11,11,10,8,33
1,3409,3408,1791052677128517,1791052677130056,1539,0,8,6,6,6,6,2,10
1,3410,3409,1791052677178517,1791052677180024,1507,0,9,12,12,12,10,4,20
1,3411,3410,1791052677228517,1791052677229951,1434,0,10,10,10,10,9,8,40
1,3412,3411,1791052677278517,1791052677279987,1470,0,11,12,12,12,12,10,50
1,3413,3412,1791052677328517,1791052677330737,2220,0,12,10,10,10,9,6,23
1,3414,3413,1791052677378517,1791052677380747,2230,0,13,10,10,10,9,8,34
1,3415,3414,1791052677428517,1791052677429834,1317,0,14,11,11,11,11,8,34
1,3416,3415,1791052677478517,1791052677479936,1419,0,15,16,16,16,14,9,26
1,3417,3416,1791052677528517,1791052677529816,1299,0,16,13,13,13,10,9,33
1,3418,3417,1791052677578517,1791052677580269,1752,0,17,11,11,11,11,4,16
1,3419,3418,1791052677628517,1791052677630380,1863,0,18,7,7,7,7,4,20
1,3420,3419,1791052677678517,1791052677679827,1310,0,19,10,10,10,11,5,19
1,3421,3420,1791052677728517,1791052677730447,1930,0,0,7,7,7,6,2,10
1,3422,3421,1791052677778517,1791052677780347,1830,0,1,13,13,13,13,12,56
1,3423,3422,1791052677828517,1791052677830402,1885,0,2,8,8,8,8,6,30
1,3424,3423,1791052677878517,1791052677879864,1347,0,3,8,8,8,7,6,28
1,3425,3424,1791052677928517,1791052677929835,1318,0,4,9,9,9,9,9,38
1,3426,3425,1791052677978517,1791052677979782,1265,0,5,9,9,9,9,8,31
1,3427,3426,1791052678028517,1791052678030740,2223,0,6,7,7,7,7,2,7
1,3428,3427,1791052678078517,1791052678079889,1372,0,7,11,11,11,12,9,32
1,3429,3428,1791052678128517,1791052678130612,2095,0,8,6,6,6,5,2,9
1,3430,3429,1791052678178517,1791052678180127,1610,0,9,12,12,12,12,8,40
1,3431,3430,1791052678228517,1791052678230392,1875,0,10,10,10,10,9,8,33
1,3432,3431,1791052678278517,1791052678280102,1585,0,11,12,12,12,12,10,50
1,3433,3432,1791052678328517,1791052678330221,1704,0,12,10,10,10,10,7,23
1,3434,3433,1791052678378517,1791052678379991,1474,0,13,10,10,10,9,4,20
1,3435,3434,1791052678428517,1791052678429915,1398,0,14,11,11,11,11,6,23
1,3436,3435,1791052678478517,1791052678480038,1521,0,15,16,16,16,15,14,61
1,3437,3436,1791052678528517,1791052678530073,1556,0,16,13,13,13,12,8,33
1,3438,3437,1791052678578517,1791052678579898,1381,0,17,11,11,11,11,5,20
1,3439,3438,1791052678628517,1791052678630752,2235,0,18,7,7,7,7,6,23
1,3440,3439,1791052678678517,1791052678679971,1454,0,19,10,10,10,10,9,34
1,3441,3440,1791052678728517,1791052678730682,2165,0,0,7,7,7,7,4,20
1,3442,3441,1791052678778517,1791052678780700,2183,0,1,13,13,13,11,8,40
1,3443,3442,1791052678828517,1791052678830283,1766,0,2,8,8,8,8,6,30
1,3444,3443,1791052678878517,1791052678879967,1450,0,3,8,8,8,9,6,20
1,3445,3444,1791052678928517,1791052678929895,1378,0,4,9,9,9,8,6,28
1,3446,3445,1791052678978517,1791052678980603,2086,0,5,9,9,9,9,8,38
1,3447,3446,1791052679028517,1791052679030495,1978,0,6,7,7,7,7,4,13
1,3448,3447,1791052679078517,1791052679079895,1378,0,7,11,11,11,12,6,30
1,3449,3448,1791052679128517,1791052679129831,1314,0,8,6,6,6,4,2,10
1,3450,3449,1791052679178517,1791052679179840,1323,0,9,12,12,12,12,8,40
1,3451,3450,1791052679228517,1791052679229964,1447,0,10,10,10,10,10,9,36
1,3452,3451,1791052679278517,1791052679279958,1441,0,11,12,12,12,12,10,50
1,3453,3452,1791052679328517,1791052679329931,1414,0,12,10,10,10,10,6,30
1,3454,3453,1791052679378517,1791052679380241,1724,0,13,10,10,10,8,4,11
1,3455,3454,1791052679428517,1791052679430478,1961,0,14,11,11,11,11,8,37
1,3456,3455,1791052679478517,1791052679479850,1333,0,15,16,16,16,16,14,67
1,3457,3456,1791052679528517,1791052679529840,1323,0,16,13,13,13,12,7,29
1,3458,3457,1791052679578517,1791052679579893,1376,0,17,11,11,11,11,8,31
1,3459,3458,1791052679628517,1791052679630007,1490,0,18,7,7,7,7,6,30
1,3460,3459,1791052679678517,1791052679680175,1658,0,19,10,10,10,10,8,22
1,3461,3460,1791052679728517,1791052679729823,1306,0,0,7,7,7,6,5,19
1,3462,3461,1791052679778517,1791052679779851,1334,0,1,13,13,13,12,9,40
1,3463,3462,1791052679828517,1791052679830788,2271,0,2,8,8,8,8,6,24
1,3464,3463,1791052679878517,1791052679879977,1460,0,3,8,8,8,6,4,20
1,3465,3464,1791052679928517,1791052679930662,2145,0,4,9,9,9,8,8,34
1,3466,3465,1791052679978517,1791052679980678,2161,0,5,9,9,9,8,6,26
1,3467,3466,1791052680028517,1791052680030531,2014,0,6,7,7,7,7,2,7
1,3468,3467,1791052680078517,1791052680080056,1539,0,7,11,11,11,12,9,40
1,3469,3468,1791052680128517,1791052680129846,1329,0,8,6,6,6,6,2,8
1,3470,3469,1791052680178517,1791052680180530,2013,0,9,12,12,12,11,6,30
1,3471,3470,1791052680228517,1791052680230255,1738,0,10,10,10,10,10,10,50
1,3472,3471,1791052680278517,1791052680280035,1518,0,11,12,12,12,12,8,40
1,3473,3472,1791052680328517,1791052680330765,2248,0,12,10,10,10,8,2,10
1,3474,3473,1791052680378517,1791052680380416,1899,0,13,10,10,10,10,10,48
1,3475,3474,1791052680428517,1791052680430438,1921,0,14,11,11,11,9,4,14
1,3476,3475,1791052680478517,1791052680480127,1610,0,15,16,16,16,16,15,62
1,3477,3476,1791052680528517,1791052680530530,2013,0,16,13,13,13,13,10,39
1,3478,3477,1791052680578517,1791052680580023,1506,0,17,11,11,11,10,8,28
1,3479,3478,1791052680628517,1791052680630189,1672,0,18,7,7,7,7,6,24
1,3480,3479,1791052680678517,1791052680680092,1575,0,19,10,10,10,9,6,22
1,3481,3480,1791052680728517,1791052680730735,2218,0,0,7,7,7,7,4,20
1,3482,3481,1791052680778517,1791052680779899,1382,0,1,13,13,13,12,10,48
1,3483,3482,1791052680828517,1791052680829948,1431,0,2,8,8,8,8,6,23
1,3484,3483,1791052680878517,1791052680879885,1368,0,3,8,8,8,8,5,20
1,3485,3484,1791052680928517,1791052680929852,1335,0,4,9,9,9,9,6,27
1,3486,3485,1791052680978517,1791052680980801,2284,0,5,9,9,9,9,8,32
1,3487,3486,1791052681028517,1791052681030279,1762,0,6,7,7,7,6,2,8
1,3488,3487,1791052681078517,1791052681079964,1447,0,7,11,11,11,11,8,38
1,3489,3488,1791052681128517,1791052681130712,2195,0,8,6,6,6,6,2,10
1,3490,3489,1791052681178517,1791052681180218,1701,0,9,12,12,12,11,4,20
1,3491,3490,1791052681228517,1791052681229817,1300,0,10,10,10,10,9,8,40
1,3492,3491,1791052681278517,1791052681279912,1395,0,11,12,12,12,13,12,51
1,3493,3492,1791052681328517,1791052681329930,1413,0,12,10,10,10,8,6,26
1,3494,3493,1791052681378517,1791052681380730,2213,0,13,10,10,10,8,4,12
1,3495,3494,1791052681428517,1791052681430579,2062,0,14,11,11,11,10,6,30
1,3496,3495,1791052681478517,1791052681479875,1358,0,15,16,16,16,16,12,58
1,3497,3496,1791052681528517,1791052681529869,1352,0,16,13,13,13,12,6,30
1,3498,3497,1791052681578517,1791052681579945,1428,0,17,11,11,11,10,4,12
1,3499,3498,1791052681628517,1791052681630051,1534,0,18,7,7,7,7,6,30
1,3500,3499,1791052681678517,1791052681679975,1458,0,19,10,10,10,10,7,30
1,3501,3500,1791052681728517,1791052681730237,1720,0,0,7,7,7,7,6,24
1,3502,3501,1791052681778517,1791052681780387,1870,0,1,13,13,13,10,6,23
1,3503,3502,1791052681828517,1791052681829942,1425,0,2,8,8,8,8,6,30
1,3504,3503,1791052681878517,1791052681880005,1488,0,3,8,8,8,7,7,29
1,3505,3504,1791052681928517,1791052681929971,1454,0,4,9,9,9,8,7,30
1,3506,3505,1791052681978517,1791052681980572,2055,0,5,9,9,9,5,5,18
1,3507,3506,1791052682028517,1791052682030459,1942,0,6,7,7,7,6,0,0
1,3508,3507,1791052682078517,1791052682079890,1373,0,7,11,11,11,12,9,40
1,3509,3508,1791052682128517,1791052682129832,1315,0,8,6,6,6,4,0,0
1,3510,3509,1791052682178517,1791052682180591,2074,0,9,12,12,12,12,4,20
1,3511,3510,1791052682228517,1791052682230457,1940,0,10,10,10,10,9,6,30
1,3512,3511,1791052682278517,1791052682279836,1319,0,11,12,12,12,11,8,34
1,3513,3512,1791052682328517,1791052682330701,2184,0,12,10,10,10,9,6,25
1,3514,3513,1791052682378517,1791052682379863,1346,0,13,10,10,10,9,7,29
1,3515,3514,1791052682428517,1791052682429963,1446,0,14,11,11,11,10,9,40
1,3516,3515,1791052682478517,1791052682479992,1475,0,15,16,16,16,15,14,58
1,3517,3516,1791052682528517,1791052682530693,2176,0,16,13,13,13,13,6,25
1,3518,3517,1791052682578517,1791052682579930,1413,0,17,11,11,11,11,4,20
1,3519,3518,1791052682628517,1791052682629837,1320,0,18,7,7,7,7,6,23
1,3520,3519,1791052682678517,1791052682680030,1513,0,19,10,10,10,11,8,32
1,3521,3520,1791052682728517,1791052682729809,1292,0,0,7,7,7,7,4,13
1,3522,3521,1791052682778517,1791052682780104,1587,0,1,13,13,13,12,12,53
1,3523,3522,1791052682828517,1791052682830315,1798,0,2,8,8,8,8,7,29
1,3524,3523,1791052682878517,1791052682880043,1526,0,3,8,8,8,7,5,13
1,3525,3524,1791052682928517,1791052682930158,1641,0,4,9,9,9,9,4,20
1,3526,3525,1791052682978517,1791052682980581,2064,0,5,9,9,9,8,6,30
1,3527,3526,1791052683028517,1791052683030206,1689,0,6,7,7,7,5,4,14
1,3528,3527,1791052683078517,1791052683079963,1446,0,7,11,11,11,11,11,46
1,3529,3528,1791052683128517,1791052683130258,1741,0,8,6,6,6,5,4,12
1,3530,3529,1791052683178517,1791052683180102,1585,0,9,12,12,12,11,10,47
1,3531,3530,1791052683228517,1791052683230124,1607,0,10,10,10,10,7,6,22
1,3532,3531,1791052683278517,1791052683279805,1288,0,11,12,12,12,12,12,51
1,3533,3532,1791052683328517,1791052683329981,1464,0,12,10,10,10,9,6,25
1,3534,3533,1791052683378517,1791052683379972,1455,0,13,10,10,10,9,6,26
1,3535,3534,1791052683428517,1791052683430280,1763,0,14,11,11,11,9,6,30
1,3536,3535,1791052683478517,1791052683479830,1313,0,15,16,16,16,15,13,58
1,3537,3536,1791052683528517,1791052683530381,1864,0,16,13,13,13,13,11,43
1,3538,3537,1791052683578517,1791052683579845,1328,0,17,11,11,11,9,9,33
1,3539,3538,1791052683628517,1791052683629991,1474,0,18,7,7,7,7,6,23
1,3540,3539,1791052683678517,1791052683679973,1456,0,19,10,10,10,9,2,10
1,3541,3540,1791052683728517,1791052683730492,1975,0,0,7,7,7,5,4,16
1,3542,3541,1791052683778517,1791052683779809,1292,0,1,13,13,13,12,10,50
1,3543,3542,1791052683828517,1791052683830334,1817,0,2,8,8,8,8,6,27
1,3544,3543,1791052683878517,1791052683880017,1500,0,3,8,8,8,8,7,28
1,3545,3544,1791052683928517,1791052683930290,1773,0,4,9,9,9,9,8,40
1,3546,3545,1791052683978517,1791052683980651,2134,0,5,9,9,9,8,6,28
1,3547,3546,1791052684028517,1791052684030100,1583,0,6,7,7,7,7,2,5
1,3548,3547,1791052684078517,1791052684079931,1414,0,7,11,11,11,12,9,40
1,3549,3548,1791052684128517,1791052684130355,1838,0,8,6,6,6,4,2,10
1,3550,3549,1791052684178517,1791052684180568,2051,0,9,12,12,12,11,6,30
1,3551,3550,1791052684228517,1791052684230735,2218,0,10,10,10,10,9,8,33
1,3552,3551,1791052684278517,1791052684279971,1454,0,11,12,12,12,12,10,44
1,3553,3552,1791052684328517,1791052684330221,1704,0,12,10,10,10,8,6,30
1,3554,3553,1791052684378517,1791052684379985,1468,0,13,10,10,10,9,6,25
1,3555,3554,1791052684428517,1791052684430099,1582,0,14,11,11,11,10,6,30
1,3556,3555,1791052684478517,1791052684479873,1356,0,15,16,16,16,17,14,60
1,3557,3556,1791052684528517,1791052684530078,1561,0,16,13,13,13,12,7,29
1,3558,3557,1791052684578517,1791052684580340,1823,0,17,11,11,11,11,4,18
1,3559,3558,1791052684628517,1791052684630760,2243,0,18,7,7,7,7,6,22
1,3560,3559,1791052684678517,1791052684679965,1448,0,19,10,10,10,9,7,26
1,3561,3560,1791052684728517,1791052684730753,2236,0,0,7,7,7,7,4,20
1,3562,3561,1791052684778517,1791052684780700,2183,0,1,13,13,13,12,10,47
1,3563,3562,1791052684828517,1791052684830214,1697,0,2,8,8,8,8,6,25
1,3564,3563,1791052684878517,1791052684879944,1427,0,3,8,8,8,6,4,11
1,3565,3564,1791052684928517,1791052684930208,1691,0,4,9,9,9,9,6,28
1,3566,3565,1791052684978517,1791052684980379,1862,0,5,9,9,9,9,8,31
1,3567,3566,1791052685028517,1791052685030352,1835,0,6,7,7,7,7,5,14
1,3568,3567,1791052685078517,1791052685080018,1501,0,7,11,11,11,12,6,30
1,3569,3568,1791052685128517,1791052685130076,1559,0,8,6,6,6,5,2,10
1,3570,3569,1791052685178517,1791052685180235,1718,0,9,12,12,12,11,6,30
1,3571,3570,1791052685228517,1791052685230489,1972,0,10,10,10,10,10,10,48
1,3572,3571,1791052685278517,1791052685279843,1326,0,11,12,12,12,10,8,40
1,3573,3572,1791052685328517,1791052685329816,1299,0,12,10,10,10,8,8,31
1,3574,3573,1791052685378517,1791052685380659,2142,0,13,10,10,10,10,9,33
1,3575,3574,1791052685428517,1791052685430769,2252,0,14,11,11,11,10,9,38
1,3576,3575,1791052685478517,1791052685479840,1323,0,15,16,16,16,17,14,61
1,3577,3576,1791052685528517,1791052685529770,1253,0,16,13,13,13,12,8,38
1,3578,3577,1791052685578517,1791052685580239,1722,0,17,11,11,11,9,5,17
1,3579,3578,1791052685628517,1791052685629945,1428,0,18,7,7,7,7,6,30
1,3580,3579,1791052685678517,1791052685679975,1458,0,19,10,10,10,9,8,32
1,3581,3580,1791052685728517,1791052685729835,1318,0,0,7,7,7,6,4,19
1,3582,3581,1791052685778517,1791052685780168,1651,0,1,13,13,13,12,12,54
1,3583,3582,1791052685828517,1791052685830651,2134,0,2,8,8,8,8,8,31
1,3584,3583,1791052685878517,1791052685879998,1481,0,3,8,8,8,9,8,35
1,3585,3584,1791052685928517,1791052685930761,2244,0,4,9,9,9,8,6,25
1,3586,3585,1791052685978517,1791052685980056,1539,0,5,9,9,9,5,4,20
1,3587,3586,1791052686028517,1791052686029982,1465,0,6,7,7,7,6,2,1
1,3588,3587,1791052686078517,1791052686080040,1523,0,7,11,11,11,11,8,40
1,3589,3588,1791052686128517,1791052686130778,2261,0,8,6,6,6,3,0,0
1,3590,3589,1791052686178517,1791052686180710,2193,0,9,12,12,12,12,4,20
1,3591,3590,1791052686228517,1791052686230648,2131,0,10,10,10,10,10,8,33
1,3592,3591,1791052686278517,1791052686279778,1261,0,11,12,12,12,13,9,39
1,3593,3592,1791052686328517,1791052686330734,2217,0,12,10,10,10,9,4,16
1,3594,3593,1791052686378517,1791052686380488,1971,0,13,10,10,10,9,8,31
1,3595,3594,1791052686428517,1791052686430357,1840,0,14,11,11,11,9,8,32
1,3596,3595,1791052686478517,1791052686479960,1443,0,15,16,16,16,12,9,40
1,3597,3596,1791052686528517,1791052686529982,1465,0,16,13,13,13,11,7,27
1,3598,3597,1791052686578517,1791052686580319,1802,0,17,11,11,11,8,2,2
1,3599,3598,1791052686628517,1791052686630433,1916,0,18,7,7,7,7,4,20
1,3600,3599,1791052686678517,1791052686679986,1469,0,19,10,10,10,10,6,24
1,3601,3600,1791052686728517,1791052686730779,2262,0,0,7,7,7,6,4,15
1,3602,3601,1791052686778517,1791052686780644,2127,0,1,13,13,13,12,12,53
1,3603,3602,1791052686828517,1791052686830607,2090,0,2,8,8,8,8,5,19
1,3604,3603,1791052686878517,1791052686879851,1334,0,3,8,8,8,7,6,21
1,3605,3604,1791052686928517,1791052686929952,1435,0,4,9,9,9,8,6,23
1,3606,3605,1791052686978517,1791052686979840,1323,0,5,9,9,9,9,8,40
1,3607,3606,1791052687028517,1791052687030014,1497,0,6,7,7,7,6,2,8
1,3608,3607,1791052687078517,1791052687079993,1476,0,7,11,11,11,11,8,40
1,3609,3608,1791052687128517,1791052687129859,1342,0,8,6,6,6,6,4,14
1,3610,3609,1791052687178517,1791052687180011,1494,0,9,12,12,12,11,8,38
1,3611,3610,1791052687228517,1791052687230050,1533,0,10,10,10,10,9,8,38
1,3612,3611,1791052687278517,1791052687280043,1526,0,11,12,12,12,11,10,43
1,3613,3612,1791052687328517,1791052687330723,2206,0,12,10,10,10,9,4,9
1,3614,3613,1791052687378517,1791052687380614,2097,0,13,10,10,10,10,8,40
1,3615,3614,1791052687428517,1791052687430671,2154,0,14,11,11,11,8,6,22
1,3616,3615,1791052687478517,1791052687479856,1339,0,15,16,16,16,15,12,60
1,3617,3616,1791052687528517,1791052687530612,2095,0,16,13,13,13,11,6,25
1,3618,3617,1791052687578517,1791052687580533,2016,0,17,11,11,11,9,2,10
1,3619,3618,1791052687628517,1791052687630183,1666,0,18,7,7,7,7,6,25
1,3620,3619,1791052687678517,1791052687679850,1333,0,19,10,10,10,10,7,25
1,3621,3620,1791052687728517,1791052687729847,1330,0,0,7,7,7,6,2,10
1,3622,3621,1791052687778517,1791052687779843,1326,0,1,13,13,13,13,12,53
1,3623,3622,1791052687828517,1791052687830750,2233,0,2,8,8,8,8,6,30
1,3624,3623,1791052687878517,1791052687879979,1462,0,3,8,8,8,6,4,20
1,3625,3624,1791052687928517,1791052687929828,1311,0,4,9,9,9,9,6,23
1,3626,3625,1791052687978517,1791052687980652,2135,0,5,9,9,9,9,9,40
1,3627,3626,1791052688028517,1791052688030489,1972,0,6,7,7,7,7,2,9
1,3628,3627,1791052688078517,1791052688079831,1314,0,7,11,11,11,12,9,40
1,3629,3628,1791052688128517,1791052688129807,1290,0,8,6,6,6,6,4,13
1,3630,3629,1791052688178517,1791052688180117,1600,0,9,12,12,12,10,6,29
1,3631,3630,1791052688228517,1791052688230152,1635,0,10,10,10,10,10,9,37
1,3632,3631,1791052688278517,1791052688279781,1264,0,11,12,12,12,12,9,37
1,3633,3632,1791052688328517,1791052688330427,1910,0,12,10,10,10,10,6,23
1,3634,3633,1791052688378517,1791052688380686,2169,0,13,10,10,10,8,6,28
1,3635,3634,1791052688428517,1791052688430237,1720,0,14,11,11,11,8,8,34
1,3636,3635,1791052688478517,1791052688479967,1450,0,15,16,16,16,15,14,66
1,3637,3636,1791052688528517,1791052688529856,1339,0,16,13,13,13,9,4,17
1,3638,3637,1791052688578517,1791052688579812,1295,0,17,11,11,11,11,5,20
1,3639,3638,1791052688628517,1791052688629916,1399,0,18,7,7,7,7,6,30
1,3640,3639,1791052688678517,1791052688679907,1390,0,19,10,10,10,9,5,20
1,3641,3640,1791052688728517,1791052688730750,2233,0,0,7,7,7,7,2,10
1,3642,3641,1791052688778517,1791052688780001,1484,0,1,13,13,13,13,12,60
1,3643,3642,1791052688828517,1791052688830365,1848,0,2,8,8,8,8,6,26
1,3644,3643,1791052688878517,1791052688880001,1484,0,3,8,8,8,7,6,24
1,3645,3644,1791052688928517,1791052688930017,1500,0,4,9,9,9,7,6,25
1,3646,3645,1791052688978517,1791052688979942,1425,0,5,9,9,9,8,7,22
1,3647,3646,1791052689028517,1791052689029873,1356,0,6,7,7,7,7,7,28
1,3648,3647,1791052689078517,1791052689079876,1359,0,7,11,11,11,10,6,21
1,3649,3648,1791052689128517,1791052689129840,1323,0,8,6,6,6,5,4,20
1,3650,3649,1791052689178517,1791052689180732,2215,0,9,12,12,12,12,3,8
1,3651,3650,1791052689228517,1791052689230549,2032,0,10,10,10,10,10,8,32
1,3652,3651,1791052689278517,1791052689279961,1444,0,11,12,12,12,11,8,38
1,3653,3652,1791052689328517,1791052689330673,2156,0,12,10,10,10,8,4,16
1,3654,3653,1791052689378517,1791052689380331,1814,0,13,10,10,10,9,8,36
1,3655,3654,1791052689428517,1791052689430158,1641,0,14,11,11,11,10,4,17
1,3656,3655,1791052689478517,1791052689480035,1518,0,15,16,16,16,16,12,53
1,3657,3656,1791052689528517,1791052689529978,1461,0,16,13,13,13,11,7,26
1,3658,3657,1791052689578517,1791052689579881,1364,0,17,11,11,11,10,6,15
1,3659,3658,1791052689628517,1791052689630754,2237,0,18,7,7,7,6,6,23
1,3660,3659,1791052689678517,1791052689679986,1469,0,19,10,10,10,8,8,34
1,3661,3660,1791052689728517,1791052689730674,2157,0,0,7,7,7,6,3,7
1,3662,3661,1791052689778517,1791052689780564,2047,0,1,13,13,13,13,12,54
1,3663,3662,1791052689828517,1791052689830590,2073,0,2,8,8,8,7,4,16
1,3664,3663,1791052689878517,1791052689880001,1484,0,3,8,8,8,8,4,20
1,3665,3664,1791052689928517,1791052689929815,1298,0,4,9,9,9,9,6,28
1,3666,3665,1791052689978517,1791052689979992,1475,0,5,9,9,9,8,8,32
1,3667,3666,1791052690028517,1791052690029966,1449,0,6,7,7,7,7,2,3
1,3668,3667,1791052690078517,1791052690079967,1450,0,7,11,11,11,11,8,40
1,3669,3668,1791052690128517,1791052690130161,1644,0,8,6,6,6,5,4,18
1,3670,3669,1791052690178517,1791052690180251,1734,0,9,12,12,12,12,8,34
1,3671,3670,1791052690228517,1791052690230107,1590,0,10,10,10,10,10,10,44
1,3672,3671,1791052690278517,1791052690280034,1517,0,11,12,12,12,12,10,40
1,3673,3672,1791052690328517,1791052690330164,1647,0,12,10,10,10,9,4,20
1,3674,3673,1791052690378517,1791052690380145,1628,0,13,10,10,10,10,8,35
1,3675,3674,1791052690428517,1791052690430108,1591,0,14,11,11,11,9,5,16
1,3676,3675,1791052690478517,1791052690480020,1503,0,15,16,16,16,14,12,60
1,3677,3676,1791052690528517,1791052690530758,2241,0,16,13,13,13,11,2,10
1,3678,3677,1791052690578517,1791052690579776,1259,0,17,11,11,11,10,4,20
1,3679,3678,1791052690628517,1791052690629864,1347,0,18,7,7,7,7,6,27
1,3680,3679,1791052690678517,1791052690679885,1368,0,19,10,10,10,9,4,20
1,3681,3680,1791052690728517,1791052690730596,2079,0,0,7,7,7,6,5,17
1,3682,3681,1791052690778517,1791052690780201,1684,0,1,13,13,13,7,5,14
1,3683,3682,1791052690828517,1791052690830272,1755,0,2,8,8,8,8,7,23
1,3684,3683,1791052690878517,1791052690880006,1489,0,3,8,8,8,8,4,17
1,3685,3684,1791052690928517,1791052690930730,2213,0,4,9,9,9,9,4,20
1,3686,3685,1791052690978517,1791052690980266,1749,0,5,9,9,9,7,6,30
1,3687,3686,1791052691028517,1791052691030150,1633,0,6,7,7,7,6,5,14
1,3688,3687,1791052691078517,1791052691079869,1352,0,7,11,11,11,10,6,25
1,3689,3688,1791052691128517,1791052691130489,1972,0,8,6,6,6,5,2,6
1,3690,3689,1791052691178517,1791052691180495,1978,0,9,12,12,12,12,6,24
1,3691,3690,1791052691228517,1791052691229778,1261,0,10,10,10,10,9,8,39
1,3692,3691,1791052691278517,1791052691280073,1556,0,11,12,12,12,12,12,50
1,3693,3692,1791052691328517,1791052691330615,2098,0,12,10,10,10,8,6,22
1,3694,3693,1791052691378517,1791052691380340,1823,0,13,10,10,10,9,4,13
1,3695,3694,1791052691428517,1791052691430701,2184,0,14,11,11,11,10,6,30
1,3696,3695,1791052691478517,1791052691480030,1513,0,15,16,16,16,17,12,60
1,3697,3696,1791052691528517,1791052691530357,1840,0,16,13,13,13,10,6,25
1,3698,3697,1791052691578517,1791052691579897,1380,0,17,11,11,11,10,4,20
1,3699,3698,1791052691628517,1791052691630242,1725,0,18,7,7,7,6,4,20
1,3700,3699,1791052691678517,1791052691679968,1451,0,19,10,10,10,9,7,27
1,3701,3700,1791052691728517,1791052691729808,1291,0,0,7,7,7,7,7,27
1,3702,3701,1791052691778517,1791052691780304,1787,0,1,13,13,13,11,10,38
1,3703,3702,1791052691828517,1791052691830493,1976,0,2,8,8,8,5,2,8
1,3704,3703,1791052691878517,1791052691880066,1549,0,3,8,8,8,9,5,17
1,3705,3704,1791052691928517,1791052691929977,1460,0,4,9,9,9,9,6,30
1,3706,3705,1791052691978517,1791052691980279,1762,0,5,9,9,9,7,6,27
1,3707,3706,1791052692028517,1791052692030618,2101,0,6,7,7,7,6,4,12
1,3708,3707,1791052692078517,1791052692079963,1446,0,7,11,11,11,10,6,24
1,3709,3708,1791052692128517,1791052692130758,2241,0,8,6,6,6,5,4,14
1,3710,3709,1791052692178517,1791052692180740,2223,0,9,12,12,12,11,7,26
1,3711,3710,1791052692228517,1791052692230493,1976,0,10,10,10,10,10,10,42
1,3712,3711,1791052692278517,1791052692279907,1390,0,11,12,12,12,12,10,41
1,3713,3712,1791052692328517,1791052692329966,1449,0,12,10,10,10,7,6,25
1,3714,3713,1791052692378517,1791052692380618,2101,0,13,10,10,10,8,6,25
1,3715,3714,1791052692428517,1791052692430179,1662,0,14,11,11,11,7,6,22
1,3716,3715,1791052692478517,1791052692479996,1479,0,15,16,16,16,16,15,65
1,3717,3716,1791052692528517,1791052692529942,1425,0,16,13,13,13,10,3,8
1,3718,3717,1791052692578517,1791052692580580,2063,0,17,11,11,11,10,4,18
1,3719,3718,1791052692628517,1791052692630433,1916,0,18,7,7,7,6,6,30
1,3720,3719,1791052692678517,1791052692679841,1324,0,19,10,10,10,11,4,16
1,3721,3720,1791052692728517,1791052692729830,1313,0,0,7,7,7,6,5,19
1,3722,3721,1791052692778517,1791052692780494,1977,0,1,13,13,13,11,10,50
1,3723,3722,1791052692828517,1791052692830471,1954,0,2,8,8,8,5,2,4
1,3724,3723,1791052692878517,1791052692879840,1323,0,3,8,8,8,7,6,25
1,3725,3724,1791052692928517,1791052692930742,2225,0,4,9,9,9,8,4,20
1,3726,3725,1791052692978517,1791052692980704,2187,0,5,9,9,9,8,8,32
1,3727,3726,1791052693028517,1791052693030661,2144,0,6,7,7,7,6,3,10
1,3728,3727,1791052693078517,1791052693079980,1463,0,7,11,11,11,12,8,40
1,3729,3728,1791052693128517,1791052693129942,1425,0,8,6,6,6,4,0,0
1,3730,3729,1791052693178517,1791052693180590,2073,0,9,12,12,12,11,4,20
1,3731,3730,1791052693228517,1791052693230737,2220,0,10,10,10,10,9,8,40
1,3732,3731,1791052693278517,1791052693280019,1502,0,11,12,12,12,11,10,46
1,3733,3732,1791052693328517,1791052693330661,2144,0,12,10,10,10,9,9,36
1,3734,3733,1791052693378517,1791052693380645,2128,0,13,10,10,10,9,4,17
1,3735,3734,1791052693428517,1791052693430736,2219,0,14,11,11,11,10,8,38
1,3736,3735,1791052693478517,1791052693479991,1474,0,15,16,16,16,16,14,63
1,3737,3736,1791052693528517,1791052693529980,1463,0,16,13,13,13,9,5,15
1,3738,3737,1791052693578517,1791052693579886,1369,0,17,11,11,11,9,4,13
1,3739,3738,1791052693628517,1791052693630693,2176,0,18,7,7,7,7,6,22
1,3740,3739,1791052693678517,1791052693679853,1336,0,19,10,10,10,10,8,35
1,3741,3740,1791052693728517,1791052693730391,1874,0,0,7,7,7,7,2,10
1,3742,3741,1791052693778517,1791052693780404,1887,0,1,13,13,13,12,12,60
1,3743,3742,1791052693828517,1791052693830691,2174,0,2,8,8,8,6,5,19
1,3744,3743,1791052693878517,1791052693879817,1300,0,3,8,8,8,8,6,24
1,3745,3744,1791052693928517,1791052693930725,2208,0,4,9,9,9,8,6,21
1,3746,3745,1791052693978517,1791052693979765,1248,0,5,9,9,9,9,6,29
1,3747,3746,1791052694028517,1791052694029890,1373,0,6,7,7,7,7,2,10
1,3748,3747,1791052694078517,1791052694080040,1523,0,7,11,11,11,11,8,40
1,3749,3748,1791052694128517,1791052694130060,1543,0,8,6,6,6,4,2,10
1,3750,3749,1791052694178517,1791052694180069,1552,0,9,12,12,12,11,4,14
1,3751,3750,1791052694228517,1791052694230155,1638,0,10,10,10,10,10,8,34
1,3752,3751,1791052694278517,1791052694280007,1490,0,11,12,12,12,12,7,30
1,3753,3752,1791052694328517,1791052694330182,1665,0,12,10,10,10,10,2,10
1,3754,3753,1791052694378517,1791052694380380,1863,0,13,10,10,10,10,8,34
1,3755,3754,1791052694428517,1791052694430451,1934,0,14,11,11,9,7,4,23
1,3756,3755,1791052694478517,1791052694479986,1469,0,15,16,16,0,16,0,0
1,3757,3756,1791052694528517,1791052694529826,1309,0,16,13,13,0,13,0,0
1,3758,3757,1791052694578517,1791052694579898,1381,0,17,11,11,0,11,0,0
1,3759,3758,1791052694628517,1791052694629807,1290,0,18,7,7,1,7,2,10
1,3760,3759,1791052694678517,1791052694680176,1659,0,19,10,10,0,11,2,1
1,3761,3760,1791052694728517,1791052694730637,2120,0,0,7,7,0,7,0,0
1,3762,3761,1791052694778517,1791052694780765,2248,0,1,13,13,3,13,2,10
1,3763,3762,1791052694828517,1791052694830146,1629,0,2,8,8,1,8,2,10
1,3764,3763,1791052694878517,1791052694879964,1447,0,3,8,8,2,8,3,20
1,3765,3764,1791052694928517,1791052694930243,1726,0,4,9,9,1,9,2,10
1,3766,3765,1791052694978517,1791052694980157,1640,0,5,9,9,3,9,3,20
1,3767,3766,1791052695028517,1791052695030548,2031,0,6,7,7,0,7,0,0
1,3768,3767,1791052695078517,1791052695080038,1521,0,7,11,11,0,12,2,1
1,3769,3768,1791052695128517,1791052695130031,1514,0,8,6,6,0,6,0,0
1,3770,3769,1791052695178517,1791052695179824,1307,0,9,12,12,0,12,0,0
1,3771,3770,1791052695228517,1791052695229942,1425,0,10,10,10,1,10,0,0
1,3772,3771,1791052695278517,1791052695280011,1494,0,11,12,12,1,12,2,10
1,3773,3772,1791052695328517,1791052695329933,1416,0,12,10,10,1,10,2,10
1,3774,3773,1791052695378517,1791052695380037,1520,0,13,10,10,2,10,3,20
1,3775,3774,1791052695428517,1791052695429938,1421,0,14,11,11,0,11,0,0
1,3776,3775,1791052695478517,1791052695479948,1431,0,15,16,16,0,17,2,1
1,3777,3776,1791052695528517,1791052695529848,1331,0,16,13,13,0,13,0,0
1,3778,3777,1791052695578517,1791052695579988,1471,0,17,11,11,0,11,0,0
1,3779,3778,1791052695628517,1791052695629857,1340,0,18,7,7,1,7,2,10
1,3780,3779,1791052695678517,1791052695679965,1448,0,19,10,10,0,10,0,0
1,3781,3780,1791052695728517,1791052695729808,1291,0,0,7,7,0,7,0,0
1,3782,3781,1791052695778517,1791052695780439,1922,0,1,13,13,3,13,2,10
1,3783,3782,1791052695828517,1791052695830528,2011,0,2,8,8,1,8,2,10
1,3784,3783,1791052695878517,1791052695880024,1507,0,3,8,8,2,9,4,21
1,3785,3784,1791052695928517,1791052695929877,1360,0,4,9,9,1,9,2,10
1,3786,3785,1791052695978517,1791052695980092,1575,0,5,9,9,3,9,3,20
1,3787,3786,1791052696028517,1791052696030213,1696,0,6,7,7,0,7,0,0
1,3788,3787,1791052696078517,1791052696080000,1483,0,7,11,11,0,11,0,0
1,3789,3788,1791052696128517,1791052696130163,1646,0,8,6,6,0,6,0,0
1,3790,3789,1791052696178517,1791052696180202,1685,0,9,12,12,0,12,0,0
1,3791,3790,1791052696228517,1791052696230458,1941,0,10,10,10,1,10,0,0
1,3792,3791,1791052696278517,1791052696280061,1544,0,11,12,12,1,13,3,11
1,3793,3792,1791052696328517,1791052696329978,1461,0,12,10,10,1,10,2,10
1,3794,3793,1791052696378517,1791052696379766,1249,0,13,10,10,2,10,3,20
1,3795,3794,1791052696428517,1791052696430184,1667,0,14,11,11,0,11,0,0
1,3796,3795,1791052696478517,1791052696480033,1516,0,15,16,16,0,17,0,0
1,3797,3796,1791052696528517,1791052696530080,1563,0,16,13,13,0,13,0,0
1,3798,3797,1791052696578517,1791052696580140,1623,0,17,11,11,0,11,0,0
1,3799,3798,1791052696628517,1791052696629996,1479,0,18,7,7,1,7,2,10
1,3800,3799,1791052696678517,1791052696680002,1485,0,19,10,10,0,11,2,1
1,3801,3800,1791052696728517,1791052696729967,1450,0,0,7,7,0,7,0,0
1,3802,3801,1791052696778517,1791052696780781,2264,0,1,13,13,3,13,2,10
1,3803,3802,1791052696828517,1791052696830118,1601,0,2,8,8,1,8,2,10
1,3804,3803,1791052696878517,1791052696880065,1548,0,3,8,8,2,8,3,20
1,3805,3804,1791052696928517,1791052696930512,1995,0,4,9,9,1,9,2,10
1,3806,3805,1791052696978517,1791052696979902,1385,0,5,9,9,3,9,3,20
1,3807,3806,1791052697028517,1791052697030196,1679,0,6,7,7,0,7,0,0
1,3808,3807,1791052697078517,1791052697080160,1643,0,7,11,11,0,12,2,1
1,3809,3808,1791052697128517,1791052697130458,1941,0,8,6,6,0,6,0,0
1,3810,3809,1791052697178517,1791052697179897,1380,0,9,12,12,0,12,0,0
1,3811,3810,1791052697228517,1791052697230523,2006,0,10,10,10,1,10,0,0
1,3812,3811,1791052697278517,1791052697279985,1468,0,11,12,12,1,12,2,10
1,3813,3812,1791052697328517,1791052697330109,1592,0,12,10,10,1,10,2,10
1,3814,3813,1791052697378517,1791052697380126,1609,0,13,10,10,2,10,3,20
1,3815,3814,1791052697428517,1791052697430207,1690,0,14,11,11,0,11,0,0
1,3816,3815,1791052697478517,1791052697479912,1395,0,15,16,16,0,17,2,1
1,3817,3816,1791052697528517,1791052697530252,1735,0,16,13,13,0,13,0,0
1,3818,3817,1791052697578517,1791052697580512,1995,0,17,11,11,0,11,0,0
1,3819,3818,1791052697628517,1791052697630503,1986,0,18,7,7,1,7,2,10
1,3820,3819,1791052697678517,1791052697679848,1331,0,19,10,10,0,11,0,0
1,3821,3820,1791052697728517,1791052697730741,2224,0,0,7,7,0,7,0,0
1,3822,3821,1791052697778517,1791052697780738,2221,0,1,13,13,3,13,2,10
1,3823,3822,1791052697828517,1791052697830483,1966,0,2,8,8,1,8,2,10
1,3824,3823,1791052697878517,1791052697880223,1706,0,3,8,8,2,9,4,21
1,3825,3824,1791052697928517,1791052697930385,1868,0,4,9,9,1,9,2,10
1,3826,3825,1791052697978517,1791052697980776,2259,0,5,9,9,3,9,3,20
1,3827,3826,1791052698028517,1791052698030613,2096,0,6,7,7,0,7,0,0
1,3828,3827,1791052698078517,1791052698080065,1548,0,7,11,11,0,11,0,0
1,3829,3828,1791052698128517,1791052698129839,1322,0,8,6,6,0,6,0,0
1,3830,3829,1791052698178517,1791052698179810,1293,0,9,12,12,0,12,0,0
1,3831,3830,1791052698228517,1791052698230057,1540,0,10,10,10,1,10,0,0
1,3832,3831,1791052698278517,1791052698280201,1684,0,11,12,12,1,13,3,11
1,3833,3832,1791052698328517,1791052698330464,1947,0,12,10,10,1,10,2,10
1,3834,3833,1791052698378517,1791052698380661,2144,0,13,10,10,2,10,3,20
1,3835,3834,1791052698428517,1791052698430520,2003,0,14,11,11,0,11,0,0
1,3836,3835,1791052698478517,1791052698480157,1640,0,15,16,16,0,17,0,0
1,3837,3836,1791052698528517,1791052698530257,1740,0,16,13,13,0,13,0,0
1,3838,3837,1791052698578517,1791052698580373,1856,0,17,11,11,0,11,0,0
1,3839,3838,1791052698628517,1791052698629962,1445,0,18,7,7,1,7,2,10
1,3840,3839,1791052698678517,1791052698680096,1579,0,19,10,10,0,10,0,0
1,3841,3840,1791052698728517,1791052698730718,2201,0,0,7,7,0,7,0,0
1,3842,3841,1791052698778517,1791052698780097,1580,0,1,13,13,3,13,2,10
1,3843,3842,1791052698828517,1791052698830337,1820,0,2,8,8,1,8,2,10
1,3844,3843,1791052698878517,1791052698880059,1542,0,3,8,8,2,9,3,20
1,3845,3844,1791052698928517,1791052698929777,1260,0,4,9,9,1,9,2,10
1,3846,3845,1791052698978517,1791052698979876,1359,0,5,9,9,3,9,3,20
1,3847,3846,1791052699028517,1791052699029996,1479,0,6,7,7,0,7,0,0
1,3848,3847,1791052699078517,1791052699079957,1440,0,7,11,11,0,11,0,0
1,3849,3848,1791052699128517,1791052699129826,1309,0,8,6,6,0,6,0,0
1,3850,3849,1791052699178517,1791052699180629,2112,0,9,12,12,0,12,0,0
1,3851,3850,1791052699228517,1791052699230594,2077,0,10,10,10,1,10,0,0
1,3852,3851,1791052699278517,1791052699279835,1318,0,11,12,12,1,13,2,10
1,3853,3852,1791052699328517,1791052699330751,2234,0,12,10,10,1,10,2,10
1,3854,3853,1791052699378517,1791052699379869,1352,0,13,10,10,2,10,3,20
1,3855,3854,1791052699428517,1791052699429868,1351,0,14,11,11,0,11,0,0
1,3856,3855,1791052699478517,1791052699480091,1574,0,15,16,16,0,16,0,0
1,3857,3856,1791052699528517,1791052699530196,1679,0,16,13,13,0,13,0,0
1,3858,3857,1791052699578517,1791052699580205,1688,0,17,11,11,0,11,0,0
1,3859,3858,1791052699628517,1791052699630525,2008,0,18,7,7,1,7,2,10
1,3860,3859,1791052699678517,1791052699679830,1313,0,19,10,10,0,11,0,0
1,3861,3860,1791052699728517,1791052699730444,1927,0,0,7,7,0,7,0,0
1,3862,3861,1791052699778517,1791052699780534,2017,0,1,13,13,3,13,2,10
1,3863,3862,1791052699828517,1791052699830638,2121,0,2,8,8,1,8,2,10
1,3864,3863,1791052699878517,1791052699879841,1324,0,3,8,8,2,8,3,20
1,3865,3864,1791052699928517,1791052699930062,1545,0,4,9,9,1,9,2,10
1,3866,3865,1791052699978517,1791052699980348,1831,0,5,9,9,3,9,3,20
1,3867,3866,1791052700028517,1791052700030599,2082,0,6,7,7,0,7,0,0
1,3868,3867,1791052700078517,1791052700080077,1560,0,7,11,11,0,12,0,0
1,3869,3868,1791052700128517,1791052700130142,1625,0,8,6,6,0,6,0,0
1,3870,3869,1791052700178517,1791052700180496,1979,0,9,12,12,0,12,0,0
1,3871,3870,1791052700228517,1791052700230041,1524,0,10,10,10,1,10,0,0
1,3872,3871,1791052700278517,1791052700279962,1445,0,11,12,12,1,12,2,10
1,3873,3872,1791052700328517,1791052700330250,1733,0,12,10,10,1,10,2,10
1,3874,3873,1791052700378517,1791052700380531,2014,0,13,10,10,2,10,3,20
1,3875,3874,1791052700428517,1791052700430740,2223,0,14,11,11,0,11,0,0
1,3876,3875,1791052700478517,1791052700479937,1420,0,15,16,16,0,17,0,0
1,3877,3876,1791052700528517,1791052700530388,1871,0,16,13,13,0,13,0,0
1,3878,3877,1791052700578517,1791052700580620,2103,0,17,11,11,0,11,0,0
1,3879,3878,1791052700628517,1791052700630147,1630,0,18,7,7,1,7,2,10
1,3880,3879,1791052700678517,1791052700679867,1350,0,19,10,10,0,11,2,1
1,3881,3880,1791052700728517,1791052700729978,1461,0,0,7,7,0,7,0,0
1,3882,3881,1791052700778517,1791052700780304,1787,0,1,13,13,3,13,2,10
1,3883,3882,1791052700828517,1791052700830296,1779,0,2,8,8,1,8,2,10
1,3884,3883,1791052700878517,1791052700880165,1648,0,3,8,8,2,9,3,20
1,3885,3884,1791052700928517,1791052700930669,2152,0,4,9,9,1,9,2,10
1,3886,3885,1791052700978517,1791052700980110,1593,0,5,9,9,3,9,3,20
1,3887,3886,1791052701028517,1791052701030549,2032,0,6,7,7,0,7,0,0
1,3888,3887,1791052701078517,1791052701080021,1504,0,7,11,11,0,11,0,0
1,3889,3888,1791052701128517,1791052701130464,1947,0,8,6,6,0,6,0,0
1,3890,3889,1791052701178517,1791052701179825,1308,0,9,12,12,0,12,0,0
1,3891,3890,1791052701228517,1791052701230306,1789,0,10,10,10,1,10,0,0
1,3892,3891,1791052701278517,1791052701279993,1476,0,11,12,12,1,13,2,10
1,3893,3892,1791052701328517,1791052701330165,1648,0,12,10,10,1,10,2,10
1,3894,3893,1791052701378517,1791052701380102,1585,0,13,10,10,2,10,3,20
1,3895,3894,1791052701428517,1791052701430398,1881,0,14,11,11,0,11,0,0
1,3896,3895,1791052701478517,1791052701479916,1399,0,15,16,16,0,16,0,0
1,3897,3896,1791052701528517,1791052701530084,1567,0,16,13,13,0,13,0,0
1,3898,3897,1791052701578517,1791052701580235,1718,0,17,11,11,0,11,0,0
1,3899,3898,1791052701628517,1791052701630229,1712,0,18,7,7,1,7,2,10
1,3900,3899,1791052701678517,1791052701680062,1545,0,19,10,10,0,11,0,0
1,3901,3900,1791052701728517,1791052701729962,1445,0,0,7,7,0,7,0,0
1,3902,3901,1791052701778517,1791052701779776,1259,0,1,13,13,3,13,2,10
1,3903,3902,1791052701828517,1791052701829828,1311,0,2,8,8,1,8,2,10
1,3904,3903,1791052701878517,1791052701879862,1345,0,3,8,8,2,9,4,21
1,3905,3904,1791052701928517,1791052701930147,1630,0,4,9,9,1,9,2,10
1,3906,3905,1791052701978517,1791052701980691,2174,0,5,9,9,3,9,3,20
1,3907,3906,1791052702028517,1791052702030753,2236,0,6,7,7,0,7,0,0
1,3908,3907,1791052702078517,1791052702079835,1318,0,7,11,11,0,11,0,0
1,3909,3908,1791052702128517,1791052702130750,2233,0,8,6,6,0,6,0,0
1,3910,3909,1791052702178517,1791052702179817,1300,0,9,12,12,0,12,0,0
1,3911,3910,1791052702228517,1791052702229796,1279,0,10,10,10,1,10,0,0
1,3912,3911,1791052702278517,1791052702280043,1526,0,11,12,12,1,13,3,11
1,3913,3912,1791052702328517,1791052702330408,1891,0,12,10,10,1,10,2,10
1,3914,3913,1791052702378517,1791052702380609,2092,0,13,10,10,2,10,3,20
1,3915,3914,1791052702428517,1791052702430619,2102,0,14,11,11,0,11,0,0
1,3916,3915,1791052702478517,1791052702479970,1453,0,15,16,16,0,16,0,0
1,3917,3916,1791052702528517,1791052702530060,1543,0,16,13,13,0,13,0,0
1,3918,3917,1791052702578517,1791052702580010,1493,0,17,11,11,0,11,0,0
1,3919,3918,1791052702628517,1791052702629941,1424,0,18,7,7,1,7,2,10
1,3920,3919,1791052702678517,1791052702679932,1415,0,19,10,10,0,11,2,1
1,3921,3920,1791052702728517,1791052702729943,1426,0,0,7,7,0,7,0,0
1,3922,3921,1791052702778517,1791052702779835,1318,0,1,13,13,3,13,2,10
1,3923,3922,1791052702828517,1791052702829817,1300,0,2,8,8,1,8,2,10
1,3924,3923,1791052702878517,1791052702879982,1465,0,3,8,8,2,8,3,20
1,3925,3924,1791052702928517,1791052702930253,1736,0,4,9,9,1,9,2,10
1,3926,3925,1791052702978517,1791052702980406,1889,0,5,9,9,3,9,3,20
1,3927,3926,1791052703028517,1791052703030508,1991,0,6,7,7,0,7,0,0
1,3928,3927,1791052703078517,1791052703080018,1501,0,7,11,11,0,12,2,1
1,3929,3928,1791052703128517,1791052703129824,1307,0,8,6,6,0,6,0,0
1,3930,3929,1791052703178517,1791052703180335,1818,0,9,12,12,0,12,0,0
1,3931,3930,1791052703228517,1791052703229827,1310,0,10,10,10,1,10,0,0
1,3932,3931,1791052703278517,1791052703280105,1588,0,11,12,12,1,13,2,10
1,3933,3932,1791052703328517,1791052703330755,2238,0,12,10,10,1,10,2,10
1,3934,3933,1791052703378517,1791052703380201,1684,0,13,10,10,2,10,3,20
1,3935,3934,1791052703428517,1791052703430650,2133,0,14,11,11,0,11,0,0
1,3936,3935,1791052703478517,1791052703480036,1519,0,15,16,16,0,17,2,1
1,3937,3936,1791052703528517,1791052703530506,1989,0,16,13,13,0,13,0,0
1,3938,3937,1791052703578517,1791052703580095,1578,0,17,11,11,0,11,0,0
1,3939,3938,1791052703628517,1791052703630314,1797,0,18,7,7,1,7,2,10
1,3940,3939,1791052703678517,1791052703680029,1512,0,19,10,10,0,10,0,0
1,3941,3940,1791052703728517,1791052703730175,1658,0,0,7,7,0,7,0,0
1,3942,3941,1791052703778517,1791052703780601,2084,0,1,13,13,3,13,2,10
1,3943,3942,1791052703828517,1791052703830039,1522,0,2,8,8,1,8,2,10
1,3944,3943,1791052703878517,1791052703880194,1677,0,3,8,8,2,9,4,21
1,3945,3944,1791052703928517,1791052703930487,1970,0,4,9,9,1,9,2,10
1,3946,3945,1791052703978517,1791052703980549,2032,0,5,9,9,3,9,3,20
1,3947,3946,1791052704028517,1791052704030649,2132,0,6,7,7,0,7,0,0
1,3948,3947,1791052704078517,1791052704079844,1327,0,7,11,11,0,11,0,0
1,3949,3948,1791052704128517,1791052704129869,1352,0,8,6,6,0,6,0,0
1,3950,3949,1791052704178517,1791052704179723,1206,0,9,12,12,0,12,0,0
1,3951,3950,1791052704228517,1791052704230561,2044,0,10,10,10,1,10,0,0
1,3952,3951,1791052704278517,1791052704279852,1335,0,11,12,12,1,13,3,11
1,3953,3952,1791052704328517,1791052704329854,1337,0,12,10,10,1,10,2,10
1,3954,3953,1791052704378517,1791052704379975,1458,0,13,10,10,2,10,3,20
1,3955,3954,1791052704428517,1791052704429834,1317,0,14,11,11,0,11,0,0
1,3956,3955,1791052704478517,1791052704479947,1430,0,15,16,16,0,16,0,0
1,3957,3956,1791052704528517,1791052704529990,1473,0,16,13,13,0,13,0,0
1,3958,3957,1791052704578517,1791052704579861,1344,0,17,11,11,0,11,0,0
1,3959,3958,1791052704628517,1791052704629915,1398,0,18,7,7,1,7,2,10
1,3960,3959,1791052704678517,1791052704680093,1576,0,19,10,10,0,11,2,1
1,3961,3960,1791052704728517,1791052704729985,1468,0,0,7,7,0,7,0,0
1,3962,3961,1791052704778517,1791052704780013,1496,0,1,13,13,3,13,2,10
1,3963,3962,1791052704828517,1791052704830002,1485,0,2,8,8,1,8,2,10
1,3964,3963,1791052704878517,1791052704879975,1458,0,3,8,8,2,8,3,20
1,3965,3964,1791052704928517,1791052704929881,1364,0,4,9,9,1,9,2,10
1,3966,3965,1791052704978517,1791052704979982,1465,0,5,9,9,3,9,3,20
1,3967,3966,1791052705028517,1791052705030271,1754,0,6,7,7,0,7,0,0
1,3968,3967,1791052705078517,1791052705079905,1388,0,7,11,11,0,12,2,1
1,3969,3968,1791052705128517,1791052705130101,1584,0,8,6,6,0,6,0,0
1,3970,3969,1791052705178517,1791052705180047,1530,0,9,12,12,0,12,0,0
1,3971,3970,1791052705228517,1791052705230245,1728,0,10,10,10,1,10,0,0
1,3972,3971,1791052705278517,1791052705279944,1427,0,11,12,12,1,12,2,10
1,3973,3972,1791052705328517,1791052705330716,2199,0,12,10,10,1,10,2,10
1,3974,3973,1791052705378517,1791052705379949,1432,0,13,10,10,2,10,3,20
1,3975,3974,1791052705428517,1791052705430175,1658,0,14,11,11,0,11,0,0
1,3976,3975,1791052705478517,1791052705480273,1756,0,15,16,16,0,17,2,1
1,3977,3976,1791052705528517,1791052705530620,2103,0,16,13,13,0,13,0,0
1,3978,3977,1791052705578517,1791052705579799,1282,0,17,11,11,0,11,0,0
1,3979,3978,1791052705628517,1791052705629789,1272,0,18,7,7,1,7,2,10
1,3980,3979,1791052705678517,1791052705679967,1450,0,19,10,10,0,10,0,0
1,3981,3980,1791052705728517,1791052705730215,1698,0,0,7,7,0,7,0,0
1,3982,3981,1791052705778517,1791052705780784,2267,0,1,13,13,3,13,2,10
1,3983,3982,1791052705828517,1791052705829941,1424,0,2,8,8,1,8,2,10
1,3984,3983,1791052705878517,1791052705879886,1369,0,3,8,8,2,9,4,21
1,3985,3984,1791052705928517,1791052705929944,1427,0,4,9,9,1,9,2,10
1,3986,3985,1791052705978517,1791052705980719,2202,0,5,9,9,3,9,3,20
1,3987,3986,1791052706028517,1791052706030568,2051,0,6,7,7,0,7,0,0
1,3988,3987,1791052706078517,1791052706079936,1419,0,7,11,11,0,11,0,0
1,3989,3988,1791052706128517,1791052706129975,1458,0,8,6,6,0,6,0,0
1,3990,3989,1791052706178517,1791052706179868,1351,0,9,12,12,0,12,0,0
1,3991,3990,1791052706228517,1791052706229880,1363,0,10,10,10,1,10,0,0
1,3992,3991,1791052706278517,1791052706280046,1529,0,11,12,12,1,13,3,11
1,3993,3992,1791052706328517,1791052706329937,1420,0,12,10,10,1,10,2,10
1,3994,3993,1791052706378517,1791052706380063,1546,0,13,10,10,2,10,3,20
1,3995,3994,1791052706428517,1791052706430252,1735,0,14,11,11,0,11,0,0
1,3996,3995,1791052706478517,1791052706480040,1523,0,15,16,16,0,17,0,0
1,3997,3996,1791052706528517,1791052706530484,1967,0,16,13,13,0,13,0,0
1,3998,3997,1791052706578517,1791052706580575,2058,0,17,11,11,0,11,0,0
1,3999,3998,1791052706628517,1791052706629915,1398,0,18,7,7,1,7,2,10
1,4000,3999,1791052706678517,1791052706680137,1620,0,19,10,10,0,11,2,1
1,4001,4000,1791052706728517,1791052706730162,1645,0,0,7,7,0,7,0,0
1,4002,4001,1791052706778517,1791052706779887,1370,0,1,13,13,3,13,2,10
1,4003,4002,1791052706828517,1791052706830698,2181,0,2,8,8,1,8,2,10
1,4004,4003,1791052706878517,1791052706879945,1428,0,3,8,8,2,8,3,20
1,4005,4004,1791052706928517,1791052706930700,2183,0,4,9,9,1,9,2,10
1,4006,4005,1791052706978517,1791052706980663,2146,0,5,9,9,3,9,3,20
1,4007,4006,1791052707028517,1791052707029746,1229,0,6,7,7,0,7,0,0
1,4008,4007,1791052707078517,1791052707079945,1428,0,7,11,11,0,12,2,1
1,4009,4008,1791052707128517,1791052707130049,1532,0,8,6,6,0,6,0,0
1,4010,4009,1791052707178517,1791052707180759,2242,0,9,12,12,0,12,0,0
1,4011,4010,1791052707228517,1791052707230711,2194,0,10,10,10,1,10,0,0
1,4012,4011,1791052707278517,1791052707279988,1471,0,11,12,12,1,12,2,10
1,4013,4012,1791052707328517,1791052707329856,1339,0,12,10,10,1,10,2,10
1,4014,4013,1791052707378517,1791052707380664,2147,0,13,10,10,2,10,3,20
1,4015,4014,1791052707428517,1791052707430614,2097,0,14,11,11,0,11,0,0
1,4016,4015,1791052707478517,1791052707480011,1494,0,15,16,16,0,17,2,1
1,4017,4016,1791052707528517,1791052707530122,1605,0,16,13,13,0,13,0,0
1,4018,4017,1791052707578517,1791052707580205,1688,0,17,11,11,0,11,0,0
1,4019,4018,1791052707628517,1791052707630266,1749,0,18,7,7,1,7,2,10
1,4020,4019,1791052707678517,1791052707680091,1574,0,19,10,10,0,11,0,0
1,4021,4020,1791052707728517,1791052707729951,1434,0,0,7,7,0,7,0,0
1,4022,4021,1791052707778517,1791052707780784,2267,0,1,13,13,3,13,2,10
1,4023,4022,1791052707828517,1791052707830583,2066,0,2,8,8,1,8,2,10
1,4024,4023,1791052707878517,1791052707879989,1472,0,3,8,8,2,8,3,20
1,4025,4024,1791052707928517,1791052707930721,2204,0,4,9,9,1,9,2,10
1,4026,4025,1791052707978517,1791052707979799,1282,0,5,9,9,3,9,4,20
1,4027,4026,1791052708028517,1791052708029870,1353,0,6,7,7,0,7,0,0
1,4028,4027,1791052708078517,1791052708080235,1718,0,7,11,11,0,12,0,0
1,4029,4028,1791052708128517,1791052708130547,2030,0,8,6,6,0,6,0,0
1,4030,4029,1791052708178517,1791052708179833,1316,0,9,12,12,0,12,0,0
1,4031,4030,1791052708228517,1791052708229862,1345,0,10,10,10,1,10,0,0
1,4032,4031,1791052708278517,1791052708280011,1494,0,11,12,12,1,13,3,11
1,4033,4032,1791052708328517,1791052708330173,1656,0,12,10,10,1,10,2,10
1,4034,4033,1791052708378517,1791052708380283,1766,0,13,10,10,2,10,3,20
1,4035,4034,1791052708428517,1791052708430223,1706,0,14,11,11,0,11,0,0
1,4036,4035,1791052708478517,1791052708479976,1459,0,15,16,16,0,16,0,0
1,4037,4036,1791052708528517,1791052708530494,1977,0,16,13,13,0,13,0,0
1,4038,4037,1791052708578517,1791052708580480,1963,0,17,11,11,0,11,0,0
1,4039,4038,1791052708628517,1791052708629904,1387,0,18,7,7,1,7,2,10
1,4040,4039,1791052708678517,1791052708680051,1534,0,19,10,10,0,11,2,1
1,4041,4040,1791052708728517,1791052708730238,1721,0,0,7,7,0,7,0,0
1,4042,4041,1791052708778517,1791052708780202,1685,0,1,13,13,3,13,2,10
1,4043,4042,1791052708828517,1791052708830502,1985,0,2,8,8,1,8,2,10
1,4044,4043,1791052708878517,1791052708880065,1548,0,3,8,8,2,9,3,20
1,4045,4044,1791052708928517,1791052708930174,1657,0,4,9,9,1,9,2,10
1,4046,4045,1791052708978517,1791052708979771,1254,0,5,9,9,3,9,3,20
1,4047,4046,1791052709028517,1791052709029783,1266,0,6,7,7,0,7,0,0
1,4048,4047,1791052709078517,1791052709079844,1327,0,7,11,11,0,12,2,1
1,4049,4048,1791052709128517,1791052709130792,2275,0,8,6,6,0,6,0,0
1,4050,4049,1791052709178517,1791052709180325,1808,0,9,12,12,0,12,0,0
1,4051,4050,1791052709228517,1791052709230787,2270,0,10,10,10,1,10,0,0
1,4052,4051,1791052709278517,1791052709280109,1592,0,11,12,12,1,13,2,10
1,4053,4052,1791052709328517,1791052709330422,1905,0,12,10,10,1,10,2,10
1,4054,4053,1791052709378517,1791052709380519,2002,0,13,10,10,2,10,3,20
1,4055,4054,1791052709428517,1791052709430565,2048,0,14,11,11,0,11,0,0
1,4056,4055,1791052709478517,1791052709479974,1457,0,15,16,16,0,16,0,0
1,4057,4056,1791052709528517,1791052709530074,1557,0,16,13,13,0,13,0,0
1,4058,4057,1791052709578517,1791052709580112,1595,0,17,11,11,0,11,0,0
1,4059,4058,1791052709628517,1791052709630176,1659,0,18,7,7,1,7,2,10
1,4060,4059,1791052709678517,1791052709680063,1546,0,19,10,10,0,11,0,0
1,4061,4060,1791052709728517,1791052709730063,1546,0,0,7,7,0,7,0,0
1,4062,4061,1791052709778517,1791052709779983,1466,0,1,13,13,3,13,2,10
1,4063,4062,1791052709828517,1791052709829952,1435,0,2,8,8,1,8,2,10
1,4064,4063,1791052709878517,1791052709880057,1540,0,3,8,8,2,9,4,21
1,4065,4064,1791052709928517,1791052709930036,1519,0,4,9,9,1,9,2,10
1,4066,4065,1791052709978517,1791052709980007,1490,0,5,9,9,3,9,3,20
1,4067,4066,1791052710028517,1791052710030210,1693,0,6,7,7,0,7,0,0
1,4068,4067,1791052710078517,1791052710079994,1477,0,7,11,11,0,11,0,0
1,4069,4068,1791052710128517,1791052710130277,1760,0,8,6,6,0,6,0,0
1,4070,4069,1791052710178517,1791052710180134,1617,0,9,12,12,0,12,0,0
1,4071,4070,1791052710228517,1791052710230177,1660,0,10,10,10,1,10,0,0
1,4072,4071,1791052710278517,1791052710279997,1480,0,11,12,12,1,13,3,11
1,4073,4072,1791052710328517,1791052710329938,1421,0,12,10,10,1,10,2,10
1,4074,4073,1791052710378517,1791052710380033,1516,0,13,10,10,2,10,3,20
1,4075,4074,1791052710428517,1791052710430034,1517,0,14,11,11,0,11,0,0
1,4076,4075,1791052710478517,1791052710480030,1513,0,15,16,16,0,16,0,0
1,4077,4076,1791052710528517,1791052710530756,2239,0,16,13,13,0,13,0,0
1,4078,4077,1791052710578517,1791052710580160,1643,0,17,11,11,0,11,0,0
1,4079,4078,1791052710628517,1791052710629982,1465,0,18,7,7,1,7,2,10
1,4080,4079,1791052710678517,1791052710679862,1345,0,19,10,10,0,11,2,1
1,4081,4080,1791052710728517,1791052710729917,1400,0,0,7,7,0,7,0,0
1,4082,4081,1791052710778517,1791052710779899,1382,0,1,13,13,3,13,2,10
1,4083,4082,1791052710828517,1791052710830049,1532,0,2,8,8,1,8,2,10
1,4084,4083,1791052710878517,1791052710879970,1453,0,3,8,8,2,9,3,20
1,4085,4084,1791052710928517,1791052710930171,1654,0,4,9,9,1,9,2,10
1,4086,4085,1791052710978517,1791052710980104,1587,0,5,9,9,3,9,3,20
1,4087,4086,1791052711028517,1791052711030029,1512,0,6,7,7,0,7,0,0
1,4088,4087,1791052711078517,1791052711080060,1543,0,7,11,11,0,11,0,0
1,4089,4088,1791052711128517,1791052711130116,1599,0,8,6,6,0,6,0,0
1,4090,4089,1791052711178517,1791052711180210,1693,0,9,12,12,0,12,0,0
1,4091,4090,1791052711228517,1791052711230299,1782,0,10,10,10,1,10,0,0
1,4092,4091,1791052711278517,1791052711279779,1262,0,11,12,12,1,13,2,10
1,4093,4092,1791052711328517,1791052711330678,2161,0,12,10,10,1,10,2,10
1,4094,4093,1791052711378517,1791052711379995,1478,0,13,10,10,2,10,3,20
1,4095,4094,1791052711428517,1791052711430012,1495,0,14,11,11,0,11,0,0
1,4096,4095,1791052711478517,1791052711479849,1332,0,15,16,16,0,17,2,1
1,4097,4096,1791052711528517,1791052711529992,1475,0,16,13,13,0,13,0,0
1,4098,4097,1791052711578517,1791052711580866,2349,0,17,11,11,0,11,0,0
1,4099,4098,1791052711628517,1791052711630475,1958,0,18,7,7,1,7,2,10
1,4100,4099,1791052711678517,1791052711679956,1439,0,19,10,10,0,10,0,0
1,4101,4100,1791052711728517,1791052711730471,1954,0,0,7,7,0,7,0,0
1,4102,4101,1791052711778517,1791052711780689,2172,0,1,13,13,3,13,2,10
1,4103,4102,1791052711828517,1791052711830753,2236,0,2,8,8,1,8,2,10
1,4104,4103,1791052711878517,1791052711879994,1477,0,3,8,8,2,9,4,21
1,4105,4104,1791052711928517,1791052711929918,1401,0,4,9,9,1,9,2,10
1,4106,4105,1791052711978517,1791052711979953,1436,0,5,9,9,3,9,4,20
1,4107,4106,1791052712028517,1791052712029937,1420,0,6,7,7,0,7,0,0
1,4108,4107,1791052712078517,1791052712079861,1344,0,7,11,11,0,12,0,0
1,4109,4108,1791052712128517,1791052712130699,2182,0,8,6,6,0,6,0,0
1,4110,4109,1791052712178517,1791052712179865,1348,0,9,12,12,0,12,0,0
1,4111,4110,1791052712228517,1791052712230060,1543,0,10,10,10,1,10,0,0
1,4112,4111,1791052712278517,1791052712280205,1688,0,11,12,12,1,13,3,11
1,4113,4112,1791052712328517,1791052712330242,1725,0,12,10,10,1,10,2,10
1,4114,4113,1791052712378517,1791052712380085,1568,0,13,10,10,2,10,3,20
1,4115,4114,1791052712428517,1791052712430175,1658,0,14,11,11,0,11,0,0
1,4116,4115,1791052712478517,1791052712480053,1536,0,15,16,16,0,16,0,0
1,4117,4116,1791052712528517,1791052712529861,1344,0,16,13,13,0,13,0,0
1,4118,4117,1791052712578517,1791052712580494,1977,0,17,11,11,0,11,0,0
1,4119,4118,1791052712628517,1791052712630175,1658,0,18,7,7,1,7,2,10
1,4120,4119,1791052712678517,1791052712680050,1533,0,19,10,10,0,11,2,1
1,4121,4120,1791052712728517,1791052712729956,1439,0,0,7,7,0,7,0,0
1,4122,4121,1791052712778517,1791052712779967,1450,0,1,13,13,3,13,2,10
1,4123,4122,1791052712828517,1791052712829790,1273,0,2,8,8,1,8,2,10
1,4124,4123,1791052712878517,1791052712879876,1359,0,3,8,8,2,8,3,20
1,4125,4124,1791052712928517,1791052712929838,1321,0,4,9,9,1,9,2,10
1,4126,4125,1791052712978517,1791052712980668,2151,0,5,9,9,3,9,4,20
1,4127,4126,1791052713028517,1791052713030556,2039,0,6,7,7,0,7,0,0
1,4128,4127,1791052713078517,1791052713079959,1442,0,7,11,11,0,12,2,1
1,4129,4128,1791052713128517,1791052713129892,1375,0,8,6,6,0,6,0,0
1,4130,4129,1791052713178517,1791052713179828,1311,0,9,12,12,0,12,0,0
1,4131,4130,1791052713228517,1791052713230004,1487,0,10,10,10,1,10,0,0
1,4132,4131,1791052713278517,1791052713279970,1453,0,11,12,12,1,12,2,10
1,4133,4132,1791052713328517,1791052713329955,1438,0,12,10,10,1,10,2,10
1,4134,4133,1791052713378517,1791052713380105,1588,0,13,10,10,2,10,3,20
1,4135,4134,1791052713428517,1791052713430445,1928,0,14,11,11,0,11,0,0
1,4136,4135,1791052713478517,1791052713480224,1707,0,15,16,16,0,17,2,1
1,4137,4136,1791052713528517,1791052713530282,1765,0,16,13,13,0,13,0,0
1,4138,4137,1791052713578517,1791052713580285,1768,0,17,11,11,0,11,0,0
1,4139,4138,1791052713628517,1791052713630326,1809,0,18,7,7,1,7,2,10
1,4140,4139,1791052713678517,1791052713680024,1507,0,19,10,10,0,11,0,0
1,4141,4140,1791052713728517,1791052713730561,2044,0,0,7,7,0,7,0,0
1,4142,4141,1791052713778517,1791052713779984,1467,0,1,13,13,3,13,2,10
1,4143,4142,1791052713828517,1791052713830767,2250,0,2,8,8,1,8,2,10
1,4144,4143,1791052713878517,1791052713880038,1521,0,3,8,8,2,8,3,20
1,4145,4144,1791052713928517,1791052713929978,1461,0,4,9,9,1,9,2,10
1,4146,4145,1791052713978517,1791052713980039,1522,0,5,9,9,3,9,3,20
1,4147,4146,1791052714028517,1791052714030224,1707,0,6,7,7,0,7,0,0
1,4148,4147,1791052714078517,1791052714079965,1448,0,7,11,11,0,12,0,0
1,4149,4148,1791052714128517,1791052714130681,2164,0,8,6,6,0,6,0,0
1,4150,4149,1791052714178517,1791052714180612,2095,0,9,12,12,0,12,0,0
1,4151,4150,1791052714228517,1791052714229818,1301,0,10,10,10,1,10,0,0
1,4152,4151,1791052714278517,1791052714280011,1494,0,11,12,12,1,13,3,11
1,4153,4152,1791052714328517,1791052714330183,1666,0,12,10,10,1,10,2,10
1,4154,4153,1791052714378517,1791052714380157,1640,0,13,10,10,2,10,3,20
1,4155,4154,1791052714428517,1791052714430555,2038,0,14,11,11,0,11,0,0
1,4156,4155,1791052714478517,1791052714480029,1512,0,15,16,16,0,16,0,0
1,4157,4156,1791052714528517,1791052714530395,1878,0,16,13,13,0,13,0,0
1,4158,4157,1791052714578517,1791052714580617,2100,0,17,11,11,0,11,0,0
1,4159,4158,1791052714628517,1791052714630458,1941,0,18,7,7,1,7,2,10
1,4160,4159,1791052714678517,1791052714680182,1665,0,19,10,10,0,11,2,1
1,4161,4160,1791052714728517,1791052714730746,2229,0,0,7,7,0,7,0,0
1,4162,4161,1791052714778517,1791052714780299,1782,0,1,13,13,3,13,2,10
1,4163,4162,1791052714828517,1791052714829812,1295,0,2,8,8,1,8,2,10
1,4164,4163,1791052714878517,1791052714879964,1447,0,3,8,8,2,8,3,20
1,4165,4164,1791052714928517,1791052714929834,1317,0,4,9,9,1,9,2,10
1,4166,4165,1791052714978517,1791052714980101,1584,0,5,9,9,3,9,3,20
1,4167,4166,1791052715028517,1791052715030486,1969,0,6,7,7,0,7,0,0
1,4168,4167,1791052715078517,1791052715080211,1694,0,7,11,11,0,12,2,1
1,4169,4168,1791052715128517,1791052715130494,1977,0,8,6,6,0,6,0,0
1,4170,4169,1791052715178517,1791052715180466,1949,0,9,12,12,0,12,0,0
1,4171,4170,1791052715228517,1791052715230684,2167,0,10,10,10,1,10,0,0
1,4172,4171,1791052715278517,1791052715280017,1500,0,11,12,12,1,12,2,10
1,4173,4172,1791052715328517,1791052715330043,1526,0,12,10,10,1,10,2,10
1,4174,4173,1791052715378517,1791052715379869,1352,0,13,10,10,2,10,3,20
1,4175,4174,1791052715428517,1791052715429870,1353,0,14,11,11,0,11,0,0
1,4176,4175,1791052715478517,1791052715480050,1533,0,15,16,16,0,17,2,1
1,4177,4176,1791052715528517,1791052715529976,1459,0,16,13,13,0,13,0,0
1,4178,4177,1791052715578517,1791052715580333,1816,0,17,11,11,0,11,0,0
1,4179,4178,1791052715628517,1791052715629767,1250,0,18,7,7,1,7,2,10
1,4180,4179,1791052715678517,1791052715680000,1483,0,19,10,10,0,11,0,0
1,4181,4180,1791052715728517,1791052715730042,1525,0,0,7,7,0,7,0,0
1,4182,4181,1791052715778517,1791052715779841,1324,0,1,13,13,3,13,2,10
1,4183,4182,1791052715828517,1791052715829870,1353,0,2,8,8,1,8,2,10
1,4184,4183,1791052715878517,1791052715879874,1357,0,3,8,8,2,9,4,21
1,4185,4184,1791052715928517,1791052715929845,1328,0,4,9,9,1,9,2,10
1,4186,4185,1791052715978517,1791052715980740,2223,0,5,9,9,3,9,3,20
1,4187,4186,1791052716028517,1791052716030650,2133,0,6,7,7,0,7,0,0
1,4188,4187,1791052716078517,1791052716080016,1499,0,7,11,11,0,11,0,0
1,4189,4188,1791052716128517,1791052716129754,1237,0,8,6,6,0,6,0,0
1,4190,4189,1791052716178517,1791052716179897,1380,0,9,12,12,0,12,0,0
1,4191,4190,1791052716228517,1791052716230232,1715,0,10,10,10,1,10,0,0
1,4192,4191,1791052716278517,1791052716280048,1531,0,11,12,12,1,13,3,11
1,4193,4192,1791052716328517,1791052716330572,2055,0,12,10,10,1,10,2,10
1,4194,4193,1791052716378517,1791052716380390,1873,0,13,10,10,2,10,3,20
1,4195,4194,1791052716428517,1791052716429829,1312,0,14,11,11,0,11,0,0
1,4196,4195,1791052716478517,1791052716480102,1585,0,15,16,16,0,17,0,0
1,4197,4196,1791052716528517,1791052716530544,2027,0,16,13,13,0,13,0,0
1,4198,4197,1791052716578517,1791052716579784,1267,0,17,11,11,0,11,0,0
1,4199,4198,1791052716628517,1791052716630337,1820,0,18,7,7,1,7,2,10
1,4200,4199,1791052716678517,1791052716680452,1935,0,19,10,10,0,10,0,0
