run_id,slot,tick,intended_us,invoked_us,lateness_us,skipped,bucket,actor_steps,actor_updates,policy_evaluations,orders_submitted,orders_filled,matched_shares
3,1,0,1791059178285321,1791059178287040,1719,0,0,7,7,7,7,5,12
3,2,1,1791059178335321,1791059178337218,1897,0,1,13,13,13,13,13,60
3,3,2,1791059178385321,1791059178386867,1546,0,2,8,8,8,7,4,12
3,4,3,1791059178435321,1791059178436845,1524,0,3,8,8,8,6,4,19
3,5,4,1791059178485321,1791059178486731,1410,0,4,9,9,9,9,4,20
3,6,5,1791059178535321,1791059178536727,1406,0,5,9,9,9,9,6,30
3,7,6,1791059178585321,1791059178586630,1309,0,6,7,7,7,7,5,20
3,8,7,1791059178635321,1791059178636718,1397,0,7,11,11,11,10,9,36
3,9,8,1791059178685321,1791059178687149,1828,0,8,6,6,6,5,3,8
3,10,9,1791059178735321,1791059178736706,1385,0,9,12,12,12,12,4,17
3,11,10,1791059178785321,1791059178786953,1632,0,10,10,10,10,10,8,40
3,12,11,1791059178835321,1791059178836719,1398,0,11,12,12,12,9,8,37
3,13,12,1791059178885321,1791059178887121,1800,0,12,10,10,10,8,4,12
3,14,13,1791059178935321,1791059178936489,1168,0,13,10,10,10,10,10,45
3,15,14,1791059178985321,1791059178987226,1905,0,14,11,11,11,8,6,24
3,16,15,1791059179035321,1791059179036632,1311,0,15,16,16,16,15,11,32
3,17,16,1791059179085321,1791059179087330,2009,0,16,13,13,13,12,7,26
3,18,17,1791059179135321,1791059179136934,1613,0,17,11,11,11,11,4,15
3,19,18,1791059179185321,1791059179187344,2023,0,18,7,7,7,6,4,20
3,20,19,1791059179235321,1791059179237063,1742,0,19,10,10,10,10,4,13
3,21,20,1791059179285321,1791059179286454,1133,0,0,7,7,7,6,4,14
3,22,21,1791059179335321,1791059179336953,1632,0,1,13,13,13,13,12,60
3,23,22,1791059179385321,1791059179386635,1314,0,2,8,8,8,6,3,10
3,24,23,1791059179435321,1791059179436805,1484,0,3,8,8,8,8,4,20
3,25,24,1791059179485321,1791059179486986,1665,0,4,9,9,9,9,6,26
3,26,25,1791059179535321,1791059179536831,1510,0,5,9,9,9,9,8,38
3,27,26,1791059179585321,1791059179586702,1381,0,6,7,7,7,6,2,10
3,28,27,1791059179635321,1791059179636941,1620,0,7,11,11,11,12,8,38
3,29,28,1791059179685321,1791059179686446,1125,0,8,6,6,6,6,4,15
3,30,29,1791059179735321,1791059179736569,1248,0,9,12,12,12,10,4,20
3,31,30,1791059179785321,1791059179787241,1920,0,10,10,10,10,10,8,40
3,32,31,1791059179835321,1791059179836817,1496,0,11,12,12,12,10,8,38
3,33,32,1791059179885321,1791059179886647,1326,0,12,10,10,10,10,7,27
3,34,33,1791059179935321,1791059179937187,1866,0,13,10,10,10,10,6,26
3,35,34,1791059179985321,1791059179986673,1352,0,14,11,11,11,11,6,29
3,36,35,1791059180035321,1791059180036653,1332,0,15,16,16,16,17,14,64
3,37,36,1791059180085321,1791059180086839,1518,0,16,13,13,13,12,8,33
3,38,37,1791059180135321,1791059180136377,1056,0,17,11,11,11,11,6,25
3,39,38,1791059180185321,1791059180187347,2026,0,18,7,7,7,7,6,22
3,40,39,1791059180235321,1791059180236953,1632,0,19,10,10,10,10,7,29
3,41,40,1791059180285321,1791059180287283,1962,0,0,7,7,7,6,4,20
3,42,41,1791059180335321,1791059180337180,1859,0,1,13,13,13,10,8,39
3,43,42,1791059180385321,1791059180386448,1127,0,2,8,8,8,7,6,24
3,44,43,1791059180435321,1791059180436784,1463,0,3,8,8,8,7,5,13
3,45,44,1791059180485321,1791059180486990,1669,0,4,9,9,9,8,4,19
3,46,45,1791059180535321,1791059180537016,1695,0,5,9,9,9,9,8,38
3,47,46,1791059180585321,1791059180586800,1479,0,6,7,7,7,7,2,4
3,48,47,1791059180635321,1791059180636814,1493,0,7,11,11,11,12,9,40
3,49,48,1791059180685321,1791059180686615,1294,0,8,6,6,6,4,0,0
3,50,49,1791059180735321,1791059180736411,1090,0,9,12,12,12,12,4,20
3,51,50,1791059180785321,1791059180786980,1659,0,10,10,10,10,9,8,40
3,52,51,1791059180835321,1791059180837313,1992,0,11,12,12,12,13,9,39
3,53,52,1791059180885321,1791059180887060,1739,0,12,10,10,10,9,6,30
3,54,53,1791059180935321,1791059180936984,1663,0,13,10,10,10,9,7,25
3,55,54,1791059180985321,1791059180987041,1720,0,14,11,11,11,10,8,34
3,56,55,1791059181035321,1791059181036786,1465,0,15,16,16,16,15,13,58
3,57,56,1791059181085321,1791059181086993,1672,0,16,13,13,13,11,10,39
3,58,57,1791059181135321,1791059181137079,1758,0,17,11,11,11,8,6,25
3,59,58,1791059181185321,1791059181187009,1688,0,18,7,7,7,7,4,14
3,60,59,1791059181235321,1791059181236818,1497,0,19,10,10,10,11,4,13
3,61,60,1791059181285321,1791059181286669,1348,0,0,7,7,7,7,2,10
3,62,61,1791059181335321,1791059181337188,1867,0,1,13,13,13,13,12,60
3,63,62,1791059181385321,1791059181386940,1619,0,2,8,8,8,7,6,27
3,64,63,1791059181435321,1791059181436838,1517,0,3,8,8,8,8,8,32
3,65,64,1791059181485321,1791059181487198,1877,0,4,9,9,9,8,8,39
3,66,65,1791059181535321,1791059181536910,1589,0,5,9,9,9,9,8,34
3,67,66,1791059181585321,1791059181586651,1330,0,6,7,7,7,7,2,10
3,68,67,1791059181635321,1791059181636850,1529,0,7,11,11,11,11,8,32
3,69,68,1791059181685321,1791059181686535,1214,0,8,6,6,6,6,4,15
3,70,69,1791059181735321,1791059181737060,1739,0,9,12,12,12,11,6,26
3,71,70,1791059181785321,1791059181786822,1501,0,10,10,10,10,10,10,43
3,72,71,1791059181835321,1791059181836993,1672,0,11,12,12,12,11,9,40
3,73,72,1791059181885321,1791059181886622,1301,0,12,10,10,10,10,7,23
3,74,73,1791059181935321,1791059181936471,1150,0,13,10,10,10,10,10,46
3,75,74,1791059181985321,1791059181986824,1503,0,14,11,11,11,9,8,31
3,76,75,1791059182035321,1791059182036700,1379,0,15,16,16,16,17,13,52
3,77,76,1791059182085321,1791059182086854,1533,0,16,13,13,13,10,8,31
3,78,77,1791059182135321,1791059182136777,1456,0,17,11,11,11,9,3,3
3,79,78,1791059182185321,1791059182186419,1098,0,18,7,7,7,7,6,30
3,80,79,1791059182235321,1791059182236648,1327,0,19,10,10,10,9,4,12
3,81,80,1791059182285321,1791059182286391,1070,0,0,7,7,7,7,6,25
3,82,81,1791059182335321,1791059182337287,1966,0,1,13,13,13,12,10,44
3,83,82,1791059182385321,1791059182387038,1717,0,2,8,8,8,8,4,20
3,84,83,1791059182435321,1791059182436899,1578,0,3,8,8,8,9,4,20
3,85,84,1791059182485321,1791059182487343,2022,0,4,9,9,9,8,4,20
3,86,85,1791059182535321,1791059182536896,1575,0,5,9,9,9,9,8,36
3,87,86,1791059182585321,1791059182586814,1493,0,6,7,7,7,7,4,14
3,88,87,1791059182635321,1791059182636877,1556,0,7,11,11,11,10,8,37
3,89,88,1791059182685321,1791059182686769,1448,0,8,6,6,6,5,4,11
3,90,89,1791059182735321,1791059182736410,1089,0,9,12,12,12,10,4,20
3,91,90,1791059182785321,1791059182787010,1689,0,10,10,10,10,10,10,42
3,92,91,1791059182835321,1791059182836797,1476,0,11,12,12,12,12,10,50
3,93,92,1791059182885321,1791059182886404,1083,0,12,10,10,10,8,6,22
3,94,93,1791059182935321,1791059182936737,1416,0,13,10,10,10,9,5,18
3,95,94,1791059182985321,1791059182986627,1306,0,14,11,11,11,11,6,30
3,96,95,1791059183035321,1791059183036700,1379,0,15,16,16,16,16,15,61
3,97,96,1791059183085321,1791059183086968,1647,0,16,13,13,13,11,6,30
3,98,97,1791059183135321,1791059183136741,1420,0,17,11,11,11,11,8,35
3,99,98,1791059183185321,1791059183186594,1273,0,18,7,7,7,7,6,28
3,100,99,1791059183235321,1791059183236754,1433,0,19,10,10,10,10,7,20
3,101,100,1791059183285321,1791059183286472,1151,0,0,7,7,7,6,4,18
3,102,101,1791059183335321,1791059183336578,1257,0,1,13,13,13,13,11,50
3,103,102,1791059183385321,1791059183386749,1428,0,2,8,8,8,8,6,26
3,104,103,1791059183435321,1791059183436847,1526,0,3,8,8,8,7,2,10
3,105,104,1791059183485321,1791059183486536,1215,0,4,9,9,9,9,6,30
3,106,105,1791059183535321,1791059183537303,1982,0,5,9,9,9,8,6,30
3,107,106,1791059183585321,1791059183587216,1895,0,6,7,7,7,7,4,16
3,108,107,1791059183635321,1791059183636330,1009,0,7,11,11,11,12,8,40
3,109,108,1791059183685321,1791059183686990,1669,0,8,6,6,6,5,3,7
3,110,109,1791059183735321,1791059183736535,1214,0,9,12,12,12,12,8,40
3,111,110,1791059183785321,1791059183786736,1415,0,10,10,10,10,10,8,40
3,112,111,1791059183835321,1791059183836818,1497,0,11,12,12,12,12,12,58
3,113,112,1791059183885321,1791059183887268,1947,0,12,10,10,10,10,6,23
3,114,113,1791059183935321,1791059183936612,1291,0,13,10,10,10,9,4,20
3,115,114,1791059183985321,1791059183987018,1697,0,14,11,11,11,10,6,30
3,116,115,1791059184035321,1791059184036848,1527,0,15,16,16,16,16,14,70
3,117,116,1791059184085321,1791059184086592,1271,0,16,13,13,13,13,7,30
3,118,117,1791059184135321,1791059184136918,1597,0,17,11,11,11,10,7,30
3,119,118,1791059184185321,1791059184186525,1204,0,18,7,7,7,7,6,30
3,120,119,1791059184235321,1791059184236817,1496,0,19,10,10,10,7,2,10
3,121,120,1791059184285321,1791059184286632,1311,0,0,7,7,7,6,2,10
3,122,121,1791059184335321,1791059184336471,1150,0,1,13,13,13,13,10,43
3,123,122,1791059184385321,1791059184386949,1628,0,2,8,8,8,8,6,25
3,124,123,1791059184435321,1791059184436972,1651,0,3,8,8,8,8,6,25
3,125,124,1791059184485321,1791059184486363,1042,0,4,9,9,9,9,8,40
3,126,125,1791059184535321,1791059184536968,1647,0,5,9,9,9,9,8,36
3,127,126,1791059184585321,1791059184586659,1338,0,6,7,7,7,7,2,10
3,128,127,1791059184635321,1791059184636854,1533,0,7,11,11,11,12,9,32
3,129,128,1791059184685321,1791059184686648,1327,0,8,6,6,6,5,4,18
3,130,129,1791059184735321,1791059184736861,1540,0,9,12,12,12,11,10,47
3,131,130,1791059184785321,1791059184786815,1494,0,10,10,10,10,9,6,30
3,132,131,1791059184835321,1791059184836754,1433,0,11,12,12,12,12,12,55
3,133,132,1791059184885321,1791059184887335,2014,0,12,10,10,10,10,6,27
3,134,133,1791059184935321,1791059184937386,2065,0,13,10,10,10,8,4,20
3,135,134,1791059184985321,1791059184986998,1677,0,14,11,11,11,10,6,30
3,136,135,1791059185035321,1791059185036894,1573,0,15,16,16,16,16,15,70
3,137,136,1791059185085321,1791059185087267,1946,0,16,13,13,13,13,8,36
3,138,137,1791059185135321,1791059185136841,1520,0,17,11,11,11,10,10,42
3,139,138,1791059185185321,1791059185186678,1357,0,18,7,7,7,6,4,20
3,140,139,1791059185235321,1791059185236836,1515,0,19,10,10,10,9,5,18
3,141,140,1791059185285321,1791059185287312,1991,0,0,7,7,7,6,2,10
3,142,141,1791059185335321,1791059185336605,1284,0,1,13,13,13,12,10,50
3,143,142,1791059185385321,1791059185387165,1844,0,2,8,8,8,8,6,30
3,144,143,1791059185435321,1791059185436671,1350,0,3,8,8,8,7,6,30
3,145,144,1791059185485321,1791059185486519,1198,0,4,9,9,9,9,8,40
3,146,145,1791059185535321,1791059185537027,1706,0,5,9,9,9,8,4,12
3,147,146,1791059185585321,1791059185586574,1253,0,6,7,7,7,7,6,30
3,148,147,1791059185635321,1791059185636853,1532,0,7,11,11,11,12,10,44
3,149,148,1791059185685321,1791059185686717,1396,0,8,6,6,6,5,2,3
3,150,149,1791059185735321,1791059185736996,1675,0,9,12,12,12,12,8,39
3,151,150,1791059185785321,1791059185786606,1285,0,10,10,10,10,10,8,35
3,152,151,1791059185835321,1791059185837342,2021,0,11,12,12,12,13,13,60
3,153,152,1791059185885321,1791059185886756,1435,0,12,10,10,10,8,4,20
3,154,153,1791059185935321,1791059185936665,1344,0,13,10,10,10,10,8,31
3,155,154,1791059185985321,1791059185986837,1516,0,14,11,11,11,9,9,37
3,156,155,1791059186035321,1791059186036944,1623,0,15,16,16,16,15,12,59
3,157,156,1791059186085321,1791059186086739,1418,0,16,13,13,13,12,8,32
3,158,157,1791059186135321,1791059186137054,1733,0,17,11,11,11,10,8,35
3,159,158,1791059186185321,1791059186186726,1405,0,18,7,7,7,7,6,30
3,160,159,1791059186235321,1791059186236970,1649,0,19,10,10,10,10,7,27
3,161,160,1791059186285321,1791059186286717,1396,0,0,7,7,7,7,4,20
3,162,161,1791059186335321,1791059186336499,1178,0,1,13,13,13,13,10,47
3,163,162,1791059186385321,1791059186386936,1615,0,2,8,8,8,8,6,30
3,164,163,1791059186435321,1791059186436933,1612,0,3,8,8,8,7,4,20
3,165,164,1791059186485321,1791059186486670,1349,0,4,9,9,9,7,6,30
3,166,165,1791059186535321,1791059186536955,1634,0,5,9,9,9,9,8,34
3,167,166,1791059186585321,1791059186586633,1312,0,6,7,7,7,7,2,10
3,168,167,1791059186635321,1791059186636792,1471,0,7,11,11,11,11,10,41
3,169,168,1791059186685321,1791059186687230,1909,0,8,6,6,6,3,0,0
3,170,169,1791059186735321,1791059186737032,1711,0,9,12,12,12,11,6,28
3,171,170,1791059186785321,1791059186786806,1485,0,10,10,10,10,10,9,39
3,172,171,1791059186835321,1791059186837124,1803,0,11,12,12,12,13,12,57
3,173,172,1791059186885321,1791059186886973,1652,0,12,10,10,10,10,6,28
3,174,173,1791059186935321,1791059186936702,1381,0,13,10,10,10,9,4,20
3,175,174,1791059186985321,1791059186987145,1824,0,14,11,11,11,10,6,30
3,176,175,1791059187035321,1791059187036827,1506,0,15,16,16,16,16,16,74
3,177,176,1791059187085321,1791059187086772,1451,0,16,13,13,13,11,6,30
3,178,177,1791059187135321,1791059187136593,1272,0,17,11,11,11,11,11,45
3,179,178,1791059187185321,1791059187187180,1859,0,18,7,7,7,7,6,24
3,180,179,1791059187235321,1791059187236694,1373,0,19,10,10,10,10,4,13
3,181,180,1791059187285321,1791059187287356,2035,0,0,7,7,7,5,2,10
3,182,181,1791059187335321,1791059187336782,1461,0,1,13,13,13,11,8,40
3,183,182,1791059187385321,1791059187387215,1894,0,2,8,8,8,8,6,25
3,184,183,1791059187435321,1791059187436953,1632,0,3,8,8,8,8,6,26
3,185,184,1791059187485321,1791059187486738,1417,0,4,9,9,9,9,6,30
3,186,185,1791059187535321,1791059187537247,1926,0,5,9,9,9,9,6,29
3,187,186,1791059187585321,1791059187586587,1266,0,6,7,7,7,7,4,13
3,188,187,1791059187635321,1791059187636829,1508,0,7,11,11,11,12,8,40
3,189,188,1791059187685321,1791059187686796,1475,0,8,6,6,6,3,2,6
3,190,189,1791059187735321,1791059187737459,2138,0,9,12,12,12,12,10,50
3,191,190,1791059187785321,1791059187786983,1662,0,10,10,10,10,9,8,40
3,192,191,1791059187835321,1791059187836843,1522,0,11,12,12,12,12,12,60
3,193,192,1791059187885321,1791059187886685,1364,0,12,10,10,10,8,4,20
3,194,193,1791059187935321,1791059187937049,1728,0,13,10,10,10,10,9,31
3,195,194,1791059187985321,1791059187986838,1517,0,14,11,11,11,8,6,30
3,196,195,1791059188035321,1791059188036757,1436,0,15,16,16,16,16,14,68
3,197,196,1791059188085321,1791059188086378,1057,0,16,13,13,13,12,8,35
3,198,197,1791059188135321,1791059188136813,1492,0,17,11,11,11,11,10,42
3,199,198,1791059188185321,1791059188186763,1442,0,18,7,7,7,7,6,30
3,200,199,1791059188235321,1791059188236731,1410,0,19,10,10,10,9,5,19
3,201,200,1791059188285321,1791059188286992,1671,0,0,7,7,7,6,4,20
3,202,201,1791059188335321,1791059188336537,1216,0,1,13,13,13,12,10,50
3,203,202,1791059188385321,1791059188386469,1148,0,2,8,8,8,8,6,30
3,204,203,1791059188435321,1791059188436826,1505,0,3,8,8,8,9,8,34
3,205,204,1791059188485321,1791059188486611,1290,0,4,9,9,9,9,8,38
3,206,205,1791059188535321,1791059188536977,1656,0,5,9,9,9,8,6,21
3,207,206,1791059188585321,1791059188586723,1402,0,6,7,7,7,7,2,10
3,208,207,1791059188635321,1791059188636807,1486,0,7,11,11,11,11,8,40
3,209,208,1791059188685321,1791059188686896,1575,0,8,6,6,6,6,2,9
3,210,209,1791059188735321,1791059188736392,1071,0,9,12,12,12,12,6,29
3,211,210,1791059188785321,1791059188786842,1521,0,10,10,10,10,10,10,46
3,212,211,1791059188835321,1791059188836802,1481,0,11,12,12,12,12,10,45
3,213,212,1791059188885321,1791059188886493,1172,0,12,10,10,10,9,6,22
3,214,213,1791059188935321,1791059188936620,1299,0,13,10,10,10,10,8,34
3,215,214,1791059188985321,1791059188986659,1338,0,14,11,11,11,5,4,20
3,216,215,1791059189035321,1791059189036774,1453,0,15,16,16,16,15,12,57
3,217,216,1791059189085321,1791059189087190,1869,0,16,13,13,13,12,7,26
3,218,217,1791059189135321,1791059189137234,1913,0,17,11,11,11,11,5,18
3,219,218,1791059189185321,1791059189186934,1613,0,18,7,7,7,6,6,24
3,220,219,1791059189235321,1791059189236892,1571,0,19,10,10,10,10,6,22
3,221,220,1791059189285321,1791059189286509,1188,0,0,7,7,7,7,4,16
3,222,221,1791059189335321,1791059189336810,1489,0,1,13,13,13,10,8,40
3,223,222,1791059189385321,1791059189386696,1375,0,2,8,8,8,8,6,30
3,224,223,1791059189435321,1791059189436806,1485,0,3,8,8,8,7,4,14
3,225,224,1791059189485321,1791059189487278,1957,0,4,9,9,9,9,7,30
3,226,225,1791059189535321,1791059189536621,1300,0,5,9,9,9,7,6,30
3,227,226,1791059189585321,1791059189586848,1527,0,6,7,7,7,7,2,8
3,228,227,1791059189635321,1791059189636892,1571,0,7,11,11,11,11,6,30
3,229,228,1791059189685321,1791059189686624,1303,0,8,6,6,6,5,2,4
3,230,229,1791059189735321,1791059189736392,1071,0,9,12,12,12,11,6,30
3,231,230,1791059189785321,1791059189787016,1695,0,10,10,10,10,10,10,49
3,232,231,1791059189835321,1791059189836780,1459,0,11,12,12,12,12,11,47
3,233,232,1791059189885321,1791059189887152,1831,0,12,10,10,10,10,6,28
3,234,233,1791059189935321,1791059189936747,1426,0,13,10,10,10,7,6,26
3,235,234,1791059189985321,1791059189986982,1661,0,14,11,11,11,10,9,40
3,236,235,1791059190035321,1791059190036818,1497,0,15,16,16,16,17,12,60
3,237,236,1791059190085321,1791059190086512,1191,0,16,13,13,13,10,6,26
3,238,237,1791059190135321,1791059190137346,2025,0,17,11,11,11,11,7,25
3,239,238,1791059190185321,1791059190186754,1433,0,18,7,7,7,7,6,30
3,240,239,1791059190235321,1791059190236815,1494,0,19,10,10,10,7,4,14
3,241,240,1791059190285321,1791059190286479,1158,0,0,7,7,7,7,2,10
3,242,241,1791059190335321,1791059190337334,2013,0,1,13,13,13,13,12,58
3,243,242,1791059190385321,1791059190386661,1340,0,2,8,8,8,7,4,20
3,244,243,1791059190435321,1791059190436746,1425,0,3,8,8,8,8,4,20
3,245,244,1791059190485321,1791059190487009,1688,0,4,9,9,9,9,7,29
3,246,245,1791059190535321,1791059190536679,1358,0,5,9,9,9,8,6,30
3,247,246,1791059190585321,1791059190586434,1113,0,6,7,7,7,7,2,10
3,248,247,1791059190635321,1791059190636695,1374,0,7,11,11,11,11,8,36
3,249,248,1791059190685321,1791059190687078,1757,0,8,6,6,6,6,4,15
3,250,249,1791059190735321,1791059190736535,1214,0,9,12,12,12,12,8,37
3,251,250,1791059190785321,1791059190786575,1254,0,10,10,10,10,10,10,43
3,252,251,1791059190835321,1791059190836811,1490,0,11,12,12,12,13,12,51
3,253,252,1791059190885321,1791059190886905,1584,0,12,10,10,10,9,9,36
3,254,253,1791059190935321,1791059190936769,1448,0,13,10,10,10,10,6,26
3,255,254,1791059190985321,1791059190987021,1700,0,14,11,11,11,11,8,32
3,256,255,1791059191035321,1791059191036874,1553,0,15,16,16,16,16,16,70
3,257,256,1791059191085321,1791059191086621,1300,0,16,13,13,13,12,6,26
3,258,257,1791059191135321,1791059191136815,1494,0,17,11,11,11,10,4,20
3,259,258,1791059191185321,1791059191186580,1259,0,18,7,7,7,7,6,25
3,260,259,1791059191235321,1791059191236990,1669,0,19,10,10,10,8,6,29
3,261,260,1791059191285321,1791059191286485,1164,0,0,7,7,7,7,6,24
3,262,261,1791059191335321,1791059191336795,1474,0,1,13,13,13,11,8,40
3,263,262,1791059191385321,1791059191386798,1477,0,2,8,8,8,8,6,30
3,264,263,1791059191435321,1791059191436824,1503,0,3,8,8,8,7,4,19
3,265,264,1791059191485321,1791059191486453,1132,0,4,9,9,9,8,8,34
3,266,265,1791059191535321,1791059191536426,1105,0,5,9,9,9,8,6,26
3,267,266,1791059191585321,1791059191587254,1933,0,6,7,7,7,7,4,16
3,268,267,1791059191635321,1791059191636936,1615,0,7,11,11,11,11,7,30
3,269,268,1791059191685321,1791059191686452,1131,0,8,6,6,6,4,2,3
3,270,269,1791059191735321,1791059191737247,1926,0,9,12,12,12,11,6,27
3,271,270,1791059191785321,1791059191787083,1762,0,10,10,10,10,10,10,42
3,272,271,1791059191835321,1791059191836850,1529,0,11,12,12,12,11,10,46
3,273,272,1791059191885321,1791059191886575,1254,0,12,10,10,10,10,8,31
3,274,273,1791059191935321,1791059191937181,1860,0,13,10,10,10,8,4,19
3,275,274,1791059191985321,1791059191986804,1483,0,14,11,11,11,11,6,30
3,276,275,1791059192035321,1791059192036649,1328,0,15,16,16,16,16,14,66
3,277,276,1791059192085321,1791059192086764,1443,0,16,13,13,13,12,6,28
3,278,277,1791059192135321,1791059192136586,1265,0,17,11,11,11,11,4,20
3,279,278,1791059192185321,1791059192186944,1623,0,18,7,7,7,7,6,23
3,280,279,1791059192235321,1791059192236710,1389,0,19,10,10,10,9,8,33
3,281,280,1791059192285321,1791059192287272,1951,0,0,7,7,7,7,4,20
3,282,281,1791059192335321,1791059192336682,1361,0,1,13,13,13,11,10,47
3,283,282,1791059192385321,1791059192387270,1949,0,2,8,8,8,8,6,26
3,284,283,1791059192435321,1791059192436818,1497,0,3,8,8,8,7,2,10
3,285,284,1791059192485321,1791059192486457,1136,0,4,9,9,9,9,6,30
3,286,285,1791059192535321,1791059192536601,1280,0,5,9,9,9,8,6,30
3,287,286,1791059192585321,1791059192586991,1670,0,6,7,7,7,7,2,10
3,288,287,1791059192635321,1791059192636872,1551,0,7,11,11,11,10,8,34
3,289,288,1791059192685321,1791059192686598,1277,0,8,6,6,6,5,2,9
3,290,289,1791059192735321,1791059192736632,1311,0,9,12,12,12,12,8,36
3,291,290,1791059192785321,1791059192786674,1353,0,10,10,10,10,10,10,49
3,292,291,1791059192835321,1791059192836645,1324,0,11,12,12,12,13,10,44
3,293,292,1791059192885321,1791059192887155,1834,0,12,10,10,10,10,8,34
3,294,293,1791059192935321,1791059192936899,1578,0,13,10,10,10,9,4,12
3,295,294,1791059192985321,1791059192986833,1512,0,14,11,11,11,11,8,36
3,296,295,1791059193035321,1791059193036722,1401,0,15,16,16,16,15,15,67
3,297,296,1791059193085321,1791059193087275,1954,0,16,13,13,13,12,6,29
3,298,297,1791059193135321,1791059193136821,1500,0,17,11,11,11,10,7,28
3,299,298,1791059193185321,1791059193186913,1592,0,18,7,7,7,7,6,22
3,300,299,1791059193235321,1791059193236806,1485,0,19,10,10,10,11,8,36
3,301,300,1791059193285321,1791059193286473,1152,0,0,7,7,7,7,4,20
3,302,301,1791059193335321,1791059193337066,1745,0,1,13,13,13,11,10,48
3,303,302,1791059193385321,1791059193386849,1528,0,2,8,8,8,8,6,27
3,304,303,1791059193435321,1791059193436777,1456,0,3,8,8,8,8,6,30
3,305,304,1791059193485321,1791059193487159,1838,0,4,9,9,9,9,8,40
3,306,305,1791059193535321,1791059193536698,1377,0,5,9,9,9,8,8,33
3,307,306,1791059193585321,1791059193586569,1248,0,6,7,7,7,5,0,0
3,308,307,1791059193635321,1791059193636718,1397,0,7,11,11,11,12,8,40
3,309,308,1791059193685321,1791059193686718,1397,0,8,6,6,6,5,2,9
3,310,309,1791059193735321,1791059193737059,1738,0,9,12,12,12,12,8,40
3,311,310,1791059193785321,1791059193786654,1333,0,10,10,10,10,10,8,37
3,312,311,1791059193835321,1791059193836807,1486,0,11,12,12,12,13,11,49
3,313,312,1791059193885321,1791059193886588,1267,0,12,10,10,10,9,6,30
3,314,313,1791059193935321,1791059193937049,1728,0,13,10,10,10,8,4,11
3,315,314,1791059193985321,1791059193986756,1435,0,14,11,11,11,10,6,26
3,316,315,1791059194035321,1791059194036942,1621,0,15,16,16,16,14,10,50
3,317,316,1791059194085321,1791059194086727,1406,0,16,13,13,13,13,6,30
3,318,317,1791059194135321,1791059194137219,1898,0,17,11,11,11,11,4,20
3,319,318,1791059194185321,1791059194186941,1620,0,18,7,7,7,7,6,23
3,320,319,1791059194235321,1791059194236823,1502,0,19,10,10,10,11,10,33
3,321,320,1791059194285321,1791059194286562,1241,0,0,7,7,7,5,4,19
3,322,321,1791059194335321,1791059194337336,2015,0,1,13,13,13,11,8,39
3,323,322,1791059194385321,1791059194387367,2046,0,2,8,8,8,8,6,30
3,324,323,1791059194435321,1791059194436831,1510,0,3,8,8,8,7,4,20
3,325,324,1791059194485321,1791059194486848,1527,0,4,9,9,9,8,6,28
3,326,325,1791059194535321,1791059194537195,1874,0,5,9,9,9,8,6,21
3,327,326,1791059194585321,1791059194586686,1365,0,6,7,7,7,6,4,20
3,328,327,1791059194635321,1791059194636786,1465,0,7,11,11,11,11,10,40
3,329,328,1791059194685321,1791059194686652,1331,0,8,6,6,6,5,2,10
3,330,329,1791059194735321,1791059194736910,1589,0,9,12,12,12,11,8,40
3,331,330,1791059194785321,1791059194787107,1786,0,10,10,10,10,9,8,31
3,332,331,1791059194835321,1791059194836789,1468,0,11,12,12,12,11,10,50
3,333,332,1791059194885321,1791059194886605,1284,0,12,10,10,10,9,6,23
3,334,333,1791059194935321,1791059194936724,1403,0,13,10,10,10,9,4,20
3,335,334,1791059194985321,1791059194986937,1616,0,14,11,11,11,9,6,30
3,336,335,1791059195035321,1791059195036323,1002,0,15,16,16,16,16,15,70
3,337,336,1791059195085321,1791059195086916,1595,0,16,13,13,13,12,6,27
3,338,337,1791059195135321,1791059195136758,1437,0,17,11,11,11,10,8,34
3,339,338,1791059195185321,1791059195186574,1253,0,18,7,7,7,7,6,30
3,340,339,1791059195235321,1791059195236858,1537,0,19,10,10,10,9,6,29
3,341,340,1791059195285321,1791059195286590,1269,0,0,7,7,7,7,4,13
3,342,341,1791059195335321,1791059195337125,1804,0,1,13,13,13,12,10,50
3,343,342,1791059195385321,1791059195386687,1366,0,2,8,8,8,8,6,30
3,344,343,1791059195435321,1791059195436713,1392,0,3,8,8,8,9,9,40
3,345,344,1791059195485321,1791059195486561,1240,0,4,9,9,9,9,6,30
3,346,345,1791059195535321,1791059195536528,1207,0,5,9,9,9,9,8,34
3,347,346,1791059195585321,1791059195587077,1756,0,6,7,7,7,7,2,10
3,348,347,1791059195635321,1791059195636705,1384,0,7,11,11,11,11,6,30
3,349,348,1791059195685321,1791059195686656,1335,0,8,6,6,6,6,2,9
3,350,349,1791059195735321,1791059195736417,1096,0,9,12,12,12,11,6,24
3,351,350,1791059195785321,1791059195787222,1901,0,10,10,10,10,10,10,50
3,352,351,1791059195835321,1791059195836746,1425,0,11,12,12,12,12,10,41
3,353,352,1791059195885321,1791059195886529,1208,0,12,10,10,10,10,10,40
3,354,353,1791059195935321,1791059195936861,1540,0,13,10,10,10,10,4,16
3,355,354,1791059195985321,1791059195986721,1400,0,14,11,11,11,10,6,25
3,356,355,1791059196035321,1791059196036745,1424,0,15,16,16,16,16,14,64
3,357,356,1791059196085321,1791059196087028,1707,0,16,13,13,13,12,6,29
3,358,357,1791059196135321,1791059196136596,1275,0,17,11,11,11,10,6,24
3,359,358,1791059196185321,1791059196186786,1465,0,18,7,7,7,7,6,30
3,360,359,1791059196235321,1791059196236734,1413,0,19,10,10,10,7,4,11
3,361,360,1791059196285321,1791059196287323,2002,0,0,7,7,7,6,4,12
3,362,361,1791059196335321,1791059196336613,1292,0,1,13,13,13,11,8,40
3,363,362,1791059196385321,1791059196386595,1274,0,2,8,8,8,8,6,30
3,364,363,1791059196435321,1791059196436840,1519,0,3,8,8,8,9,6,27
3,365,364,1791059196485321,1791059196486660,1339,0,4,9,9,9,8,6,30
3,366,365,1791059196535321,1791059196536519,1198,0,5,9,9,9,8,6,25
3,367,366,1791059196585321,1791059196587255,1934,0,6,7,7,7,6,4,15
3,368,367,1791059196635321,1791059196636784,1463,0,7,11,11,11,11,8,40
3,369,368,1791059196685321,1791059196687408,2087,0,8,6,6,6,6,2,10
3,370,369,1791059196735321,1791059196737215,1894,0,9,12,12,12,11,8,40
3,371,370,1791059196785321,1791059196786847,1526,0,10,10,10,10,10,8,35
3,372,371,1791059196835321,1791059196836833,1512,0,11,12,12,12,13,12,56
3,373,372,1791059196885321,1791059196886608,1287,0,12,10,10,10,7,4,20
3,374,373,1791059196935321,1791059196936601,1280,0,13,10,10,10,8,5,16
3,375,374,1791059196985321,1791059196987265,1944,0,14,11,11,11,11,6,29
3,376,375,1791059197035321,1791059197037021,1700,0,15,16,16,16,17,17,80
3,377,376,1791059197085321,1791059197086585,1264,0,16,13,13,13,11,8,34
3,378,377,1791059197135321,1791059197136867,1546,0,17,11,11,11,10,10,43
3,379,378,1791059197185321,1791059197186494,1173,0,18,7,7,7,6,4,20
3,380,379,1791059197235321,1791059197236816,1495,0,19,10,10,10,9,7,25
3,381,380,1791059197285321,1791059197286441,1120,0,0,7,7,7,7,6,28
3,382,381,1791059197335321,1791059197336567,1246,0,1,13,13,13,11,6,30
3,383,382,1791059197385321,1791059197387059,1738,0,2,8,8,8,8,6,30
3,384,383,1791059197435321,1791059197437038,1717,0,3,8,8,8,9,8,26
3,385,384,1791059197485321,1791059197486385,1064,0,4,9,9,9,9,9,40
3,386,385,1791059197535321,1791059197537221,1900,0,5,9,9,9,8,6,21
3,387,386,1791059197585321,1791059197586911,1590,0,6,7,7,7,7,4,14
3,388,387,1791059197635321,1791059197636844,1523,0,7,11,11,11,12,10,43
3,389,388,1791059197685321,1791059197686366,1045,0,8,6,6,6,4,2,3
3,390,389,1791059197735321,1791059197737253,1932,0,9,12,12,12,11,6,29
3,391,390,1791059197785321,1791059197786777,1456,0,10,10,10,10,9,6,30
3,392,391,1791059197835321,1791059197836377,1056,0,11,12,12,12,13,12,51
3,393,392,1791059197885321,1791059197887098,1777,0,12,10,10,10,10,8,34
3,394,393,1791059197935321,1791059197936733,1412,0,13,10,10,10,9,4,17
3,395,394,1791059197985321,1791059197987011,1690,0,14,11,11,11,11,6,25
3,396,395,1791059198035321,1791059198036813,1492,0,15,16,16,16,16,14,66
3,397,396,1791059198085321,1791059198087095,1774,0,16,13,13,13,13,8,34
3,398,397,1791059198135321,1791059198137044,1723,0,17,11,11,11,10,4,20
3,399,398,1791059198185321,1791059198186939,1618,0,18,7,7,7,7,6,23
3,400,399,1791059198235321,1791059198236776,1455,0,19,10,10,10,8,8,33
3,401,400,1791059198285321,1791059198286656,1335,0,0,7,7,7,6,4,20
3,402,401,1791059198335321,1791059198336956,1635,0,1,13,13,13,10,6,28
3,403,402,1791059198385321,1791059198386842,1521,0,2,8,8,8,8,6,30
3,404,403,1791059198435321,1791059198437059,1738,0,3,8,8,8,7,4,12
3,405,404,1791059198485321,1791059198486625,1304,0,4,9,9,9,8,4,20
3,406,405,1791059198535321,1791059198536688,1367,0,5,9,9,9,9,8,37
3,407,406,1791059198585321,1791059198586548,1227,0,6,7,7,7,7,2,8
3,408,407,1791059198635321,1791059198636864,1543,0,7,11,11,11,12,10,38
3,409,408,1791059198685321,1791059198686747,1426,0,8,6,6,6,3,2,10
3,410,409,1791059198735321,1791059198736566,1245,0,9,12,12,12,12,12,57
3,411,410,1791059198785321,1791059198786862,1541,0,10,10,10,10,9,9,36
3,412,411,1791059198835321,1791059198836785,1464,0,11,12,12,12,13,8,40
3,413,412,1791059198885321,1791059198886422,1101,0,12,10,10,10,9,8,34
3,414,413,1791059198935321,1791059198937025,1704,0,13,10,10,10,9,8,40
3,415,414,1791059198985321,1791059198986613,1292,0,14,11,11,11,11,11,43
3,416,415,1791059199035321,1791059199036813,1492,0,15,16,16,16,13,12,60
3,417,416,1791059199085321,1791059199087166,1845,0,16,13,13,13,12,6,29
3,418,417,1791059199135321,1791059199137010,1689,0,17,11,11,11,10,8,31
3,419,418,1791059199185321,1791059199187071,1750,0,18,7,7,7,7,6,30
3,420,419,1791059199235321,1791059199236741,1420,0,19,10,10,10,9,4,11
3,421,420,1791059199285321,1791059199287339,2018,0,0,7,7,7,7,2,10
3,422,421,1791059199335321,1791059199336851,1530,0,1,13,13,13,13,11,50
3,423,422,1791059199385321,1791059199386805,1484,0,2,8,8,8,8,6,27
3,424,423,1791059199435321,1791059199436901,1580,0,3,8,8,8,7,5,20
3,425,424,1791059199485321,1791059199486492,1171,0,4,9,9,9,7,6,30
3,426,425,1791059199535321,1791059199536531,1210,0,5,9,9,9,9,9,39
3,427,426,1791059199585321,1791059199587201,1880,0,6,7,7,7,7,2,10
3,428,427,1791059199635321,1791059199637112,1791,0,7,11,11,11,11,8,40
3,429,428,1791059199685321,1791059199686502,1181,0,8,6,6,6,5,2,7
3,430,429,1791059199735321,1791059199737240,1919,0,9,12,12,12,12,8,35
3,431,430,1791059199785321,1791059199786744,1423,0,10,10,10,10,9,8,31
3,432,431,1791059199835321,1791059199836690,1369,0,11,12,12,12,12,9,36
3,433,432,1791059199885321,1791059199887210,1889,0,12,10,10,10,9,6,25
3,434,433,1791059199935321,1791059199936986,1665,0,13,10,10,10,10,8,36
3,435,434,1791059199985321,1791059199986956,1635,0,14,11,11,11,11,9,38
3,436,435,1791059200035321,1791059200036870,1549,0,15,16,16,16,16,14,67
3,437,436,1791059200085321,1791059200086676,1355,0,16,13,13,13,11,6,24
3,438,437,1791059200135321,1791059200136619,1298,0,17,11,11,11,10,2,10
3,439,438,1791059200185321,1791059200186464,1143,0,18,7,7,7,7,6,26
3,440,439,1791059200235321,1791059200236841,1520,0,19,10,10,10,8,8,31
3,441,440,1791059200285321,1791059200286691,1370,0,0,7,7,7,7,4,20
3,442,441,1791059200335321,1791059200336454,1133,0,1,13,13,13,12,8,40
3,443,442,1791059200385321,1791059200387068,1747,0,2,8,8,8,8,6,30
3,444,443,1791059200435321,1791059200436839,1518,0,3,8,8,8,7,2,10
3,445,444,1791059200485321,1791059200486704,1383,0,4,9,9,9,8,4,20
3,446,445,1791059200535321,1791059200536380,1059,0,5,9,9,9,9,8,37
3,447,446,1791059200585321,1791059200587253,1932,0,6,7,7,7,7,4,14
3,448,447,1791059200635321,1791059200636767,1446,0,7,11,11,11,11,8,33
3,449,448,1791059200685321,1791059200687276,1955,0,8,6,6,6,6,4,17
3,450,449,1791059200735321,1791059200736719,1398,0,9,12,12,12,12,10,46
3,451,450,1791059200785321,1791059200786548,1227,0,10,10,10,10,9,6,28
3,452,451,1791059200835321,1791059200836778,1457,0,11,12,12,12,13,10,45
3,453,452,1791059200885321,1791059200886679,1358,0,12,10,10,10,10,6,27
3,454,453,1791059200935321,1791059200936452,1131,0,13,10,10,10,7,4,20
3,455,454,1791059200985321,1791059200986832,1511,0,14,11,11,11,10,6,28
3,456,455,1791059201035321,1791059201037120,1799,0,15,16,16,16,16,16,71
3,457,456,1791059201085321,1791059201086863,1542,0,16,13,13,13,12,6,30
3,458,457,1791059201135321,1791059201136725,1404,0,17,11,11,11,10,7,22
3,459,458,1791059201185321,1791059201186421,1100,0,18,7,7,7,7,6,28
3,460,459,1791059201235321,1791059201236769,1448,0,19,10,10,10,10,7,27
3,461,460,1791059201285321,1791059201287246,1925,0,0,7,7,7,7,4,18
3,462,461,1791059201335321,1791059201337254,1933,0,1,13,13,13,12,10,48
3,463,462,1791059201385321,1791059201386406,1085,0,2,8,8,8,8,6,23
3,464,463,1791059201435321,1791059201436880,1559,0,3,8,8,8,9,7,30
3,465,464,1791059201485321,1791059201486972,1651,0,4,9,9,9,9,9,40
3,466,465,1791059201535321,1791059201537132,1811,0,5,9,9,9,8,8,33
3,467,466,1791059201585321,1791059201587174,1853,0,6,7,7,7,6,2,10
3,468,467,1791059201635321,1791059201636801,1480,0,7,11,11,11,12,6,30
3,469,468,1791059201685321,1791059201687047,1726,0,8,6,6,6,5,4,19
3,470,469,1791059201735321,1791059201736789,1468,0,9,12,12,12,12,10,50
3,471,470,1791059201785321,1791059201786917,1596,0,10,10,10,10,10,9,34
3,472,471,1791059201835321,1791059201836728,1407,0,11,12,12,12,12,11,47
3,473,472,1791059201885321,1791059201886524,1203,0,12,10,10,10,10,7,30
3,474,473,1791059201935321,1791059201937033,1712,0,13,10,10,10,9,5,17
3,475,474,1791059201985321,1791059201986698,1377,0,14,11,11,11,11,6,30
3,476,475,1791059202035321,1791059202036805,1484,0,15,16,16,16,17,14,70
3,477,476,1791059202085321,1791059202087244,1923,0,16,13,13,13,13,8,32
3,478,477,1791059202135321,1791059202136993,1672,0,17,11,11,11,10,8,34
3,479,478,1791059202185321,1791059202186912,1591,0,18,7,7,7,7,6,23
3,480,479,1791059202235321,1791059202237015,1694,0,19,10,10,10,9,6,21
3,481,480,1791059202285321,1791059202286702,1381,0,0,7,7,7,6,4,16
3,482,481,1791059202335321,1791059202336773,1452,0,1,13,13,13,13,10,49
3,483,482,1791059202385321,1791059202387338,2017,0,2,8,8,8,8,6,30
3,484,483,1791059202435321,1791059202436875,1554,0,3,8,8,8,7,4,16
3,485,484,1791059202485321,1791059202486512,1191,0,4,9,9,9,8,4,20
3,486,485,1791059202535321,1791059202536720,1399,0,5,9,9,9,9,8,39
3,487,486,1791059202585321,1791059202586599,1278,0,6,7,7,7,7,2,10
3,488,487,1791059202635321,1791059202636597,1276,0,7,11,11,11,11,7,30
3,489,488,1791059202685321,1791059202686374,1053,0,8,6,6,6,6,2,10
3,490,489,1791059202735321,1791059202736760,1439,0,9,12,12,12,12,8,40
3,491,490,1791059202785321,1791059202787276,1955,0,10,10,10,10,10,8,38
3,492,491,1791059202835321,1791059202836847,1526,0,11,12,12,12,12,10,50
3,493,492,1791059202885321,1791059202886836,1515,0,12,10,10,10,9,6,26
3,494,493,1791059202935321,1791059202936380,1059,0,13,10,10,10,10,6,27
3,495,494,1791059202985321,1791059202986527,1206,0,14,11,11,11,8,6,30
3,496,495,1791059203035321,1791059203036818,1497,0,15,16,16,16,16,14,69
3,497,496,1791059203085321,1791059203086765,1444,0,16,13,13,13,9,6,30
3,498,497,1791059203135321,1791059203136808,1487,0,17,11,11,11,10,7,29
3,499,498,1791059203185321,1791059203187139,1818,0,18,7,7,7,7,6,30
3,500,499,1791059203235321,1791059203236568,1247,0,19,10,10,10,8,2,10
3,501,500,1791059203285321,1791059203286966,1645,0,0,7,7,7,7,2,10
3,502,501,1791059203335321,1791059203336863,1542,0,1,13,13,13,13,10,47
3,503,502,1791059203385321,1791059203387083,1762,0,2,8,8,8,8,6,26
3,504,503,1791059203435321,1791059203436965,1644,0,3,8,8,8,8,6,21
3,505,504,1791059203485321,1791059203486994,1673,0,4,9,9,9,8,6,29
3,506,505,1791059203535321,1791059203536902,1581,0,5,9,9,9,8,6,30
3,507,506,1791059203585321,1791059203586629,1308,0,6,7,7,7,7,2,10
3,508,507,1791059203635321,1791059203636823,1502,0,7,11,11,11,11,10,41
3,509,508,1791059203685321,1791059203686965,1644,0,8,6,6,6,4,2,4
3,510,509,1791059203735321,1791059203737107,1786,0,9,12,12,12,12,8,40
3,511,510,1791059203785321,1791059203787115,1794,0,10,10,10,10,10,10,41
3,512,511,1791059203835321,1791059203836935,1614,0,11,12,12,12,12,11,50
3,513,512,1791059203885321,1791059203887332,2011,0,12,10,10,10,8,7,30
3,514,513,1791059203935321,1791059203936473,1152,0,13,10,10,10,8,4,20
3,515,514,1791059203985321,1791059203987195,1874,0,14,11,11,11,10,6,30
3,516,515,1791059204035321,1791059204036829,1508,0,15,16,16,16,16,16,80
3,517,516,1791059204085321,1791059204086420,1099,0,16,13,13,13,12,8,34
3,518,517,1791059204135321,1791059204136383,1062,0,17,11,11,11,11,11,49
3,519,518,1791059204185321,1791059204187395,2074,0,18,7,7,7,7,6,30
3,520,519,1791059204235321,1791059204236847,1526,0,19,10,10,10,9,7,21
3,521,520,1791059204285321,1791059204286462,1141,0,0,7,7,7,6,4,20
3,522,521,1791059204335321,1791059204336661,1340,0,1,13,13,13,10,8,40
3,523,522,1791059204385321,1791059204387090,1769,0,2,8,8,8,8,6,30
3,524,523,1791059204435321,1791059204436909,1588,0,3,8,8,8,9,8,37
3,525,524,1791059204485321,1791059204486564,1243,0,4,9,9,9,9,8,40
3,526,525,1791059204535321,1791059204536628,1307,0,5,9,9,9,7,6,23
3,527,526,1791059204585321,1791059204587154,1833,0,6,7,7,7,7,4,16
3,528,527,1791059204635321,1791059204636833,1512,0,7,11,11,11,10,6,30
3,529,528,1791059204685321,1791059204686489,1168,0,8,6,6,6,5,2,5
3,530,529,1791059204735321,1791059204737027,1706,0,9,12,12,12,12,6,30
3,531,530,1791059204785321,1791059204786524,1203,0,10,10,10,10,9,8,37
3,532,531,1791059204835321,1791059204836713,1392,0,11,12,12,12,13,12,53
3,533,532,1791059204885321,1791059204887212,1891,0,12,10,10,10,10,6,22
3,534,533,1791059204935321,1791059204937139,1818,0,13,10,10,10,10,7,28
3,535,534,1791059204985321,1791059204986827,1506,0,14,11,11,11,11,6,27
3,536,535,1791059205035321,1791059205036840,1519,0,15,16,16,16,16,15,69
3,537,536,1791059205085321,1791059205086432,1111,0,16,13,13,13,12,6,30
3,538,537,1791059205135321,1791059205136515,1194,0,17,11,11,11,10,4,13
3,539,538,1791059205185321,1791059205186836,1515,0,18,7,7,7,7,6,30
3,540,539,1791059205235321,1791059205236895,1574,0,19,10,10,10,9,6,28
3,541,540,1791059205285321,1791059205287114,1793,0,0,7,7,7,7,4,19
3,542,541,1791059205335321,1791059205336588,1267,0,1,13,13,13,13,12,51
3,543,542,1791059205385321,1791059205386508,1187,0,2,8,8,8,7,4,20
3,544,543,1791059205435321,1791059205436878,1557,0,3,8,8,8,8,6,21
3,545,544,1791059205485321,1791059205486653,1332,0,4,9,9,9,9,4,20
3,546,545,1791059205535321,1791059205537177,1856,0,5,9,9,9,9,8,40
3,547,546,1791059205585321,1791059205586554,1233,0,6,7,7,7,7,4,15
3,548,547,1791059205635321,1791059205636815,1494,0,7,11,11,11,11,8,40
3,549,548,1791059205685321,1791059205686806,1485,0,8,6,6,6,4,4,16
3,550,549,1791059205735321,1791059205737216,1895,0,9,12,12,12,11,8,36
3,551,550,1791059205785321,1791059205786863,1542,0,10,10,10,10,8,6,30
3,552,551,1791059205835321,1791059205836795,1474,0,11,12,12,12,13,12,51
3,553,552,1791059205885321,1791059205886535,1214,0,12,10,10,10,9,6,30
3,554,553,1791059205935321,1791059205937295,1974,0,13,10,10,10,10,5,20
3,555,554,1791059205985321,1791059205986959,1638,0,14,11,11,11,11,6,30
3,556,555,1791059206035321,1791059206036831,1510,0,15,16,16,16,15,14,70
3,557,556,1791059206085321,1791059206086672,1351,0,16,13,13,13,13,6,30
3,558,557,1791059206135321,1791059206137290,1969,0,17,11,11,11,10,8,33
3,559,558,1791059206185321,1791059206186861,1540,0,18,7,7,7,7,6,22
3,560,559,1791059206235321,1791059206236977,1656,0,19,10,10,10,10,7,26
3,561,560,1791059206285321,1791059206286773,1452,0,0,7,7,7,7,6,24
3,562,561,1791059206335321,1791059206336782,1461,0,1,13,13,13,13,10,46
3,563,562,1791059206385321,1791059206386390,1069,0,2,8,8,8,8,6,26
3,564,563,1791059206435321,1791059206437221,1900,0,3,8,8,8,9,8,38
3,565,564,1791059206485321,1791059206487093,1772,0,4,9,9,9,9,8,35
3,566,565,1791059206535321,1791059206537516,2195,0,5,9,9,9,8,5,16
3,567,566,1791059206585321,1791059206587334,2013,0,6,7,7,7,7,6,29
3,568,567,1791059206635321,1791059206636822,1501,0,7,11,11,11,11,10,46
3,569,568,1791059206685321,1791059206687080,1759,0,8,6,6,6,5,2,5
3,570,569,1791059206735321,1791059206736793,1472,0,9,12,12,12,12,8,37
3,571,570,1791059206785321,1791059206786867,1546,0,10,10,10,10,10,8,37
3,572,571,1791059206835321,1791059206836962,1641,0,11,12,12,12,13,12,53
3,573,572,1791059206885321,1791059206886870,1549,0,12,10,10,10,9,7,29
3,574,573,1791059206935321,1791059206937181,1860,0,13,10,10,10,10,7,29
3,575,574,1791059206985321,1791059206987246,1925,0,14,11,11,11,11,8,40
3,576,575,1791059207035321,1791059207036866,1545,0,15,16,16,16,17,15,70
3,577,576,1791059207085321,1791059207087284,1963,0,16,13,13,13,11,6,30
3,578,577,1791059207135321,1791059207136450,1129,0,17,11,11,11,9,6,24
3,579,578,1791059207185321,1791059207186548,1227,0,18,7,7,7,7,6,21
3,580,579,1791059207235321,1791059207236764,1443,0,19,10,10,10,8,7,30
3,581,580,1791059207285321,1791059207287040,1719,0,0,7,7,7,6,4,15
3,582,581,1791059207335321,1791059207336391,1070,0,1,13,13,13,12,10,50
3,583,582,1791059207385321,1791059207386832,1511,0,2,8,8,8,8,6,30
3,584,583,1791059207435321,1791059207437048,1727,0,3,8,8,8,9,9,40
3,585,584,1791059207485321,1791059207486639,1318,0,4,9,9,9,9,6,30
3,586,585,1791059207535321,1791059207537356,2035,0,5,9,9,9,8,8,32
3,587,586,1791059207585321,1791059207586556,1235,0,6,7,7,7,7,5,13
3,588,587,1791059207635321,1791059207636904,1583,0,7,11,11,11,10,6,30
3,589,588,1791059207685321,1791059207686974,1653,0,8,6,6,6,4,2,10
3,590,589,1791059207735321,1791059207736625,1304,0,9,12,12,12,10,4,20
3,591,590,1791059207785321,1791059207786953,1632,0,10,10,10,10,9,8,40
3,592,591,1791059207835321,1791059207837327,2006,0,11,12,12,12,13,13,55
3,593,592,1791059207885321,1791059207888099,2778,0,12,10,10,10,9,4,20
3,594,593,1791059207935321,1791059207936713,1392,0,13,10,10,10,9,7,27
3,595,594,1791059207985321,1791059207986632,1311,0,14,11,11,11,8,6,23
3,596,595,1791059208035321,1791059208036891,1570,0,15,16,16,16,14,10,50
3,597,596,1791059208085321,1791059208086672,1351,0,16,13,13,13,13,8,36
3,598,597,1791059208135321,1791059208136946,1625,0,17,11,11,11,7,4,20
3,599,598,1791059208185321,1791059208186759,1438,0,18,7,7,7,6,4,20
3,600,599,1791059208235321,1791059208236820,1499,0,19,10,10,10,9,8,22
3,601,600,1791059208285321,1791059208286405,1084,0,0,7,7,7,5,2,10
3,602,601,1791059208335321,1791059208336513,1192,0,1,13,13,13,12,10,47
3,603,602,1791059208385321,1791059208386433,1112,0,2,8,8,8,8,6,30
3,604,603,1791059208435321,1791059208436879,1558,0,3,8,8,8,9,6,24
3,605,604,1791059208485321,1791059208487413,2092,0,4,9,9,9,9,8,31
3,606,605,1791059208535321,1791059208536478,1157,0,5,9,9,9,9,6,21
3,607,606,1791059208585321,1791059208587082,1761,0,6,7,7,7,6,6,22
3,608,607,1791059208635321,1791059208636823,1502,0,7,11,11,11,10,7,29
3,609,608,1791059208685321,1791059208686613,1292,0,8,6,6,6,4,4,20
3,610,609,1791059208735321,1791059208737357,2036,0,9,12,12,12,11,5,20
3,611,610,1791059208785321,1791059208786489,1168,0,10,10,10,10,9,6,30
3,612,611,1791059208835321,1791059208836799,1478,0,11,12,12,12,12,8,39
3,613,612,1791059208885321,1791059208887215,1894,0,12,10,10,10,9,9,34
3,614,613,1791059208935321,1791059208936742,1421,0,13,10,10,10,10,8,35
3,615,614,1791059208985321,1791059208987211,1890,0,14,11,11,11,9,6,30
3,616,615,1791059209035321,1791059209036978,1657,0,15,16,16,16,16,15,63
3,617,616,1791059209085321,1791059209086610,1289,0,16,13,13,13,12,6,23
3,618,617,1791059209135321,1791059209136984,1663,0,17,11,11,11,10,4,20
3,619,618,1791059209185321,1791059209186811,1490,0,18,7,7,7,7,6,23
3,620,619,1791059209235321,1791059209236722,1401,0,19,10,10,10,9,9,32
3,621,620,1791059209285321,1791059209287165,1844,0,0,7,7,7,7,6,24
3,622,621,1791059209335321,1791059209337029,1708,0,1,13,13,13,10,6,30
3,623,622,1791059209385321,1791059209386669,1348,0,2,8,8,8,8,6,30
3,624,623,1791059209435321,1791059209437295,1974,0,3,8,8,8,9,5,14
3,625,624,1791059209485321,1791059209486321,1000,0,4,9,9,9,9,6,29
3,626,625,1791059209535321,1791059209537161,1840,0,5,9,9,9,8,6,25
3,627,626,1791059209585321,1791059209586664,1343,0,6,7,7,7,6,4,17
3,628,627,1791059209635321,1791059209636759,1438,0,7,11,11,11,11,8,40
3,629,628,1791059209685321,1791059209686491,1170,0,8,6,6,6,4,0,0
3,630,629,1791059209735321,1791059209736974,1653,0,9,12,12,12,12,6,28
3,631,630,1791059209785321,1791059209786596,1275,0,10,10,10,10,10,9,37
3,632,631,1791059209835321,1791059209836798,1477,0,11,12,12,12,13,13,54
3,633,632,1791059209885321,1791059209886526,1205,0,12,10,10,10,8,8,32
3,634,633,1791059209935321,1791059209937263,1942,0,13,10,10,10,8,6,21
3,635,634,1791059209985321,1791059209987157,1836,0,14,11,11,11,10,6,30
3,636,635,1791059210035321,1791059210036731,1410,0,15,16,16,16,17,16,77
3,637,636,1791059210085321,1791059210086894,1573,0,16,13,13,13,13,8,33
3,638,637,1791059210135321,1791059210136425,1104,0,17,11,11,11,11,9,31
3,639,638,1791059210185321,1791059210186581,1260,0,18,7,7,7,7,6,24
3,640,639,1791059210235321,1791059210236908,1587,0,19,10,10,10,10,9,36
3,641,640,1791059210285321,1791059210286408,1087,0,0,7,7,7,7,4,19
3,642,641,1791059210335321,1791059210336989,1668,0,1,13,13,13,11,8,39
3,643,642,1791059210385321,1791059210386739,1418,0,2,8,8,8,8,6,30
3,644,643,1791059210435321,1791059210436971,1650,0,3,8,8,8,9,7,29
3,645,644,1791059210485321,1791059210486579,1258,0,4,9,9,9,9,8,37
3,646,645,1791059210535321,1791059210536631,1310,0,5,9,9,9,8,6,22
3,647,646,1791059210585321,1791059210586577,1256,0,6,7,7,7,7,2,7
3,648,647,1791059210635321,1791059210636815,1494,0,7,11,11,11,11,8,38
3,649,648,1791059210685321,1791059210686541,1220,0,8,6,6,6,6,4,15
3,650,649,1791059210735321,1791059210737140,1819,0,9,12,12,12,11,8,36
3,651,650,1791059210785321,1791059210787172,1851,0,10,10,10,10,10,10,41
3,652,651,1791059210835321,1791059210836938,1617,0,11,12,12,12,12,10,44
3,653,652,1791059210885321,1791059210886668,1347,0,12,10,10,10,10,6,30
3,654,653,1791059210935321,1791059210937362,2041,0,13,10,10,10,9,4,15
3,655,654,1791059210985321,1791059210987368,2047,0,14,11,11,11,10,6,30
3,656,655,1791059211035321,1791059211036728,1407,0,15,16,16,16,17,17,76
3,657,656,1791059211085321,1791059211086731,1410,0,16,13,13,13,12,8,34
3,658,657,1791059211135321,1791059211137107,1786,0,17,11,11,11,9,7,24
3,659,658,1791059211185321,1791059211186586,1265,0,18,7,7,7,7,6,30
3,660,659,1791059211235321,1791059211236810,1489,0,19,10,10,10,8,5,19
3,661,660,1791059211285321,1791059211286556,1235,0,0,7,7,7,6,4,20
3,662,661,1791059211335321,1791059211336903,1582,0,1,13,13,13,13,10,44
3,663,662,1791059211385321,1791059211386598,1277,0,2,8,8,8,8,6,30
3,664,663,1791059211435321,1791059211436944,1623,0,3,8,8,8,8,6,21
3,665,664,1791059211485321,1791059211486674,1353,0,4,9,9,9,9,6,27
3,666,665,1791059211535321,1791059211536494,1173,0,5,9,9,9,8,6,30
3,667,666,1791059211585321,1791059211587097,1776,0,6,7,7,7,7,2,10
3,668,667,1791059211635321,1791059211636836,1515,0,7,11,11,11,10,8,33
3,669,668,1791059211685321,1791059211687154,1833,0,8,6,6,6,6,2,8
3,670,669,1791059211735321,1791059211736542,1221,0,9,12,12,12,10,6,30
3,671,670,1791059211785321,1791059211786742,1421,0,10,10,10,10,10,10,47
3,672,671,1791059211835321,1791059211836873,1552,0,11,12,12,12,12,11,47
3,673,672,1791059211885321,1791059211887264,1943,0,12,10,10,10,8,7,26
3,674,673,1791059211935321,1791059211936999,1678,0,13,10,10,10,8,6,22
3,675,674,1791059211985321,1791059211986818,1497,0,14,11,11,11,11,8,39
3,676,675,1791059212035321,1791059212036823,1502,0,15,16,16,16,15,14,64
3,677,676,1791059212085321,1791059212086900,1579,0,16,13,13,13,13,8,31
3,678,677,1791059212135321,1791059212136950,1629,0,17,11,11,11,10,4,20
3,679,678,1791059212185321,1791059212186804,1483,0,18,7,7,7,7,6,30
3,680,679,1791059212235321,1791059212236396,1075,0,19,10,10,10,9,5,14
3,681,680,1791059212285321,1791059212286963,1642,0,0,7,7,7,7,2,10
3,682,681,1791059212335321,1791059212336799,1478,0,1,13,13,13,13,12,53
3,683,682,1791059212385321,1791059212387064,1743,0,2,8,8,8,8,6,30
3,684,683,1791059212435321,1791059212436854,1533,0,3,8,8,8,7,6,25
3,685,684,1791059212485321,1791059212487004,1683,0,4,9,9,9,9,9,36
3,686,685,1791059212535321,1791059212536985,1664,0,5,9,9,9,8,4,16
3,687,686,1791059212585321,1791059212586844,1523,0,6,7,7,7,7,5,19
3,688,687,1791059212635321,1791059212636470,1149,0,7,11,11,11,11,11,46
3,689,688,1791059212685321,1791059212686914,1593,0,8,6,6,6,4,0,0
3,690,689,1791059212735321,1791059212737362,2041,0,9,12,12,12,10,4,20
3,691,690,1791059212785321,1791059212786455,1134,0,10,10,10,10,9,8,40
3,692,691,1791059212835321,1791059212836815,1494,0,11,12,12,12,12,12,51
3,693,692,1791059212885321,1791059212886672,1351,0,12,10,10,10,7,6,25
3,694,693,1791059212935321,1791059212936712,1391,0,13,10,10,10,9,8,25
3,695,694,1791059212985321,1791059212987287,1966,0,14,11,11,11,9,9,38
3,696,695,1791059213035321,1791059213036867,1546,0,15,16,16,16,17,13,51
3,697,696,1791059213085321,1791059213086732,1411,0,16,13,13,13,9,6,24
3,698,697,1791059213135321,1791059213136978,1657,0,17,11,11,11,10,7,21
3,699,698,1791059213185321,1791059213187062,1741,0,18,7,7,7,6,4,20
3,700,699,1791059213235321,1791059213236702,1381,0,19,10,10,10,8,6,25
3,701,700,1791059213285321,1791059213286579,1258,0,0,7,7,7,6,4,17
3,702,701,1791059213335321,1791059213336969,1648,0,1,13,13,13,12,12,52
3,703,702,1791059213385321,1791059213387280,1959,0,2,8,8,8,7,6,30
3,704,703,1791059213435321,1791059213436902,1581,0,3,8,8,8,8,5,14
3,705,704,1791059213485321,1791059213486601,1280,0,4,9,9,9,8,4,20
3,706,705,1791059213535321,1791059213536587,1266,0,5,9,9,9,9,6,30
3,707,706,1791059213585321,1791059213586935,1614,0,6,7,7,7,6,6,22
3,708,707,1791059213635321,1791059213636763,1442,0,7,11,11,11,10,10,45
3,709,708,1791059213685321,1791059213687189,1868,0,8,6,6,6,5,4,11
3,710,709,1791059213735321,1791059213736528,1207,0,9,12,12,12,11,10,48
3,711,710,1791059213785321,1791059213786897,1576,0,10,10,10,10,9,7,29
3,712,711,1791059213835321,1791059213837257,1936,0,11,12,12,12,12,12,51
3,713,712,1791059213885321,1791059213886865,1544,0,12,10,10,10,9,7,24
3,714,713,1791059213935321,1791059213936525,1204,0,13,10,10,10,10,8,25
3,715,714,1791059213985321,1791059213986991,1670,0,14,11,11,11,10,6,26
3,716,715,1791059214035321,1791059214036823,1502,0,15,16,16,16,15,14,69
3,717,716,1791059214085321,1791059214086754,1433,0,16,13,13,13,11,8,34
3,718,717,1791059214135321,1791059214136424,1103,0,17,11,11,11,10,5,20
3,719,718,1791059214185321,1791059214186710,1389,0,18,7,7,7,6,6,30
3,720,719,1791059214235321,1791059214236833,1512,0,19,10,10,10,11,5,20
3,721,720,1791059214285321,1791059214287380,2059,0,0,7,7,7,6,2,10
3,722,721,1791059214335321,1791059214337139,1818,0,1,13,13,13,13,12,53
3,723,722,1791059214385321,1791059214387156,1835,0,2,8,8,8,8,6,24
3,724,723,1791059214435321,1791059214436870,1549,0,3,8,8,8,7,6,30
3,725,724,1791059214485321,1791059214487048,1727,0,4,9,9,9,8,8,33
3,726,725,1791059214535321,1791059214537220,1899,0,5,9,9,9,8,6,30
3,727,726,1791059214585321,1791059214587336,2015,0,6,7,7,7,6,2,10
3,728,727,1791059214635321,1791059214636509,1188,0,7,11,11,11,12,9,36
3,729,728,1791059214685321,1791059214687249,1928,0,8,6,6,6,5,2,10
3,730,729,1791059214735321,1791059214736987,1666,0,9,12,12,12,12,8,40
3,731,730,1791059214785321,1791059214787275,1954,0,10,10,10,10,10,7,29
3,732,731,1791059214835321,1791059214836789,1468,0,11,12,12,12,13,10,48
3,733,732,1791059214885321,1791059214886841,1520,0,12,10,10,10,9,7,28
3,734,733,1791059214935321,1791059214936963,1642,0,13,10,10,10,9,6,23
3,735,734,1791059214985321,1791059214987272,1951,0,14,11,11,11,9,6,24
3,736,735,1791059215035321,1791059215036799,1478,0,15,16,16,16,17,17,79
3,737,736,1791059215085321,1791059215086906,1585,0,16,13,13,13,9,6,26
3,738,737,1791059215135321,1791059215137108,1787,0,17,11,11,11,9,5,14
3,739,738,1791059215185321,1791059215186987,1666,0,18,7,7,7,7,6,30
3,740,739,1791059215235321,1791059215236979,1658,0,19,10,10,10,11,7,30
3,741,740,1791059215285321,1791059215286788,1467,0,0,7,7,7,5,2,10
3,742,741,1791059215335321,1791059215336909,1588,0,1,13,13,13,13,12,58
3,743,742,1791059215385321,1791059215386471,1150,0,2,8,8,8,8,6,25
3,744,743,1791059215435321,1791059215436774,1453,0,3,8,8,8,7,6,21
3,745,744,1791059215485321,1791059215487242,1921,0,4,9,9,9,8,8,35
3,746,745,1791059215535321,1791059215537171,1850,0,5,9,9,9,8,6,21
3,747,746,1791059215585321,1791059215586810,1489,0,6,7,7,7,7,4,19
3,748,747,1791059215635321,1791059215636749,1428,0,7,11,11,11,12,8,37
3,749,748,1791059215685321,1791059215686404,1083,0,8,6,6,6,5,4,16
3,750,749,1791059215735321,1791059215736472,1151,0,9,12,12,12,11,2,10
3,751,750,1791059215785321,1791059215787231,1910,0,10,10,10,10,10,8,36
3,752,751,1791059215835321,1791059215836666,1345,0,11,12,12,12,12,9,40
3,753,752,1791059215885321,1791059215886582,1261,0,12,10,10,10,8,6,30
3,754,753,1791059215935321,1791059215937235,1914,0,13,10,10,10,9,2,10
3,755,754,1791059215985321,1791059215986896,1575,0,14,11,11,11,11,8,33
3,756,755,1791059216035321,1791059216036880,1559,0,15,16,16,16,17,14,70
3,757,756,1791059216085321,1791059216086848,1527,0,16,13,13,13,11,6,30
3,758,757,1791059216135321,1791059216136908,1587,0,17,11,11,11,11,9,40
3,759,758,1791059216185321,1791059216186682,1361,0,18,7,7,7,7,6,30
3,760,759,1791059216235321,1791059216236659,1338,0,19,10,10,10,10,6,25
3,761,760,1791059216285321,1791059216286508,1187,0,0,7,7,7,7,2,10
3,762,761,1791059216335321,1791059216336787,1466,0,1,13,13,13,13,10,45
3,763,762,1791059216385321,1791059216386364,1043,0,2,8,8,8,8,6,30
3,764,763,1791059216435321,1791059216437015,1694,0,3,8,8,8,8,6,25
3,765,764,1791059216485321,1791059216487076,1755,0,4,9,9,9,9,8,40
3,766,765,1791059216535321,1791059216536724,1403,0,5,9,9,9,9,6,23
3,767,766,1791059216585321,1791059216586898,1577,0,6,7,7,7,6,2,10
3,768,767,1791059216635321,1791059216636831,1510,0,7,11,11,11,11,10,41
3,769,768,1791059216685321,1791059216686684,1363,0,8,6,6,6,6,4,14
3,770,769,1791059216735321,1791059216736685,1364,0,9,12,12,12,12,8,38
3,771,770,1791059216785321,1791059216786563,1242,0,10,10,10,10,9,8,40
3,772,771,1791059216835321,1791059216836984,1663,0,11,12,12,12,13,10,49
3,773,772,1791059216885321,1791059216886758,1437,0,12,10,10,10,9,6,28
3,774,773,1791059216935321,1791059216936435,1114,0,13,10,10,10,9,4,20
3,775,774,1791059216985321,1791059216986867,1546,0,14,11,11,11,10,6,30
3,776,775,1791059217035321,1791059217036860,1539,0,15,16,16,16,14,14,63
3,777,776,1791059217085321,1791059217086521,1200,0,16,13,13,13,13,6,30
3,778,777,1791059217135321,1791059217136661,1340,0,17,11,11,11,11,8,31
3,779,778,1791059217185321,1791059217187042,1721,0,18,7,7,7,7,6,30
3,780,779,1791059217235321,1791059217236865,1544,0,19,10,10,10,11,7,22
3,781,780,1791059217285321,1791059217287012,1691,0,0,7,7,7,6,2,10
3,782,781,1791059217335321,1791059217336988,1667,0,1,13,13,13,13,10,49
3,783,782,1791059217385321,1791059217387056,1735,0,2,8,8,8,8,6,30
3,784,783,1791059217435321,1791059217436756,1435,0,3,8,8,8,7,6,29
3,785,784,1791059217485321,1791059217486593,1272,0,4,9,9,9,8,8,40
3,786,785,1791059217535321,1791059217537312,1991,0,5,9,9,9,8,8,33
3,787,786,1791059217585321,1791059217586966,1645,0,6,7,7,7,7,3,6
3,788,787,1791059217635321,1791059217636562,1241,0,7,11,11,11,10,6,30
3,789,788,1791059217685321,1791059217686763,1442,0,8,6,6,6,6,4,18
3,790,789,1791059217735321,1791059217737218,1897,0,9,12,12,12,12,10,48
3,791,790,1791059217785321,1791059217788014,2693,0,10,10,10,10,10,8,31
3,792,791,1791059217835321,1791059217836965,1644,0,11,12,12,12,13,12,51
3,793,792,1791059217885321,1791059217886654,1333,0,12,10,10,10,9,6,28
3,794,793,1791059217935321,1791059217937328,2007,0,13,10,10,10,9,8,34
3,795,794,1791059217985321,1791059217987156,1835,0,14,11,11,11,9,7,29
3,796,795,1791059218035321,1791059218036943,1622,0,15,16,16,16,17,15,69
3,797,796,1791059218085321,1791059218086489,1168,0,16,13,13,13,11,6,30
3,798,797,1791059218135321,1791059218136611,1290,0,17,11,11,11,11,6,26
3,799,798,1791059218185321,1791059218186479,1158,0,18,7,7,7,7,6,30
3,800,799,1791059218235321,1791059218236814,1493,0,19,10,10,10,8,4,18
3,801,800,1791059218285321,1791059218286658,1337,0,0,7,7,7,6,2,10
3,802,801,1791059218335321,1791059218336981,1660,0,1,13,13,13,13,12,55
3,803,802,1791059218385321,1791059218386652,1331,0,2,8,8,8,7,4,14
3,804,803,1791059218435321,1791059218436808,1487,0,3,8,8,8,8,6,24
3,805,804,1791059218485321,1791059218487143,1822,0,4,9,9,9,9,8,33
3,806,805,1791059218535321,1791059218536835,1514,0,5,9,9,9,7,6,24
3,807,806,1791059218585321,1791059218586747,1426,0,6,7,7,7,7,4,13
3,808,807,1791059218635321,1791059218636842,1521,0,7,11,11,11,12,7,30
3,809,808,1791059218685321,1791059218686388,1067,0,8,6,6,6,6,4,17
3,810,809,1791059218735321,1791059218736313,992,0,9,12,12,12,11,10,43
3,811,810,1791059218785321,1791059218786468,1147,0,10,10,10,10,10,8,31
3,812,811,1791059218835321,1791059218836732,1411,0,11,12,12,12,12,10,46
3,813,812,1791059218885321,1791059218887207,1886,0,12,10,10,10,10,7,27
3,814,813,1791059218935321,1791059218936762,1441,0,13,10,10,10,8,6,27
3,815,814,1791059218985321,1791059218987152,1831,0,14,11,11,11,10,9,38
3,816,815,1791059219035321,1791059219036938,1617,0,15,16,16,16,17,12,49
3,817,816,1791059219085321,1791059219086769,1448,0,16,13,13,13,11,7,21
3,818,817,1791059219135321,1791059219136796,1475,0,17,11,11,11,10,2,10
3,819,818,1791059219185321,1791059219187150,1829,0,18,7,7,7,5,4,20
3,820,819,1791059219235321,1791059219236856,1535,0,19,10,10,10,7,6,30
3,821,820,1791059219285321,1791059219286733,1412,0,0,7,7,7,7,5,19
3,822,821,1791059219335321,1791059219337053,1732,0,1,13,13,13,13,10,50
3,823,822,1791059219385321,1791059219386953,1632,0,2,8,8,8,8,6,25
3,824,823,1791059219435321,1791059219436959,1638,0,3,8,8,8,6,4,11
3,825,824,1791059219485321,1791059219486633,1312,0,4,9,9,9,9,6,24
3,826,825,1791059219535321,1791059219536543,1222,0,5,9,9,9,7,6,28
3,827,826,1791059219585321,1791059219586377,1056,0,6,7,7,7,7,2,10
3,828,827,1791059219635321,1791059219636912,1591,0,7,11,11,11,10,6,30
3,829,828,1791059219685321,1791059219686967,1646,0,8,6,6,6,6,2,6
3,830,829,1791059219735321,1791059219736771,1450,0,9,12,12,12,12,8,37
3,831,830,1791059219785321,1791059219787019,1698,0,10,10,10,10,10,10,48
3,832,831,1791059219835321,1791059219836732,1411,0,11,12,12,12,10,10,44
3,833,832,1791059219885321,1791059219886389,1068,0,12,10,10,10,7,4,20
3,834,833,1791059219935321,1791059219937221,1900,0,13,10,10,10,10,8,37
3,835,834,1791059219985321,1791059219986628,1307,0,14,11,11,11,9,6,26
3,836,835,1791059220035321,1791059220036952,1631,0,15,16,16,16,16,15,69
3,837,836,1791059220085321,1791059220086761,1440,0,16,13,13,13,12,6,30
3,838,837,1791059220135321,1791059220137144,1823,0,17,11,11,11,10,4,20
3,839,838,1791059220185321,1791059220186987,1666,0,18,7,7,7,7,6,30
3,840,839,1791059220235321,1791059220236593,1272,0,19,10,10,10,10,4,14
3,841,840,1791059220285321,1791059220286542,1221,0,0,7,7,7,6,2,10
3,842,841,1791059220335321,1791059220337842,2521,0,1,13,13,13,11,10,50
3,843,842,1791059220385321,1791059220386835,1514,0,2,8,8,8,7,6,24
3,844,843,1791059220435321,1791059220436941,1620,0,3,8,8,8,8,4,19
3,845,844,1791059220485321,1791059220486676,1355,0,4,9,9,9,8,6,27
3,846,845,1791059220535321,1791059220536653,1332,0,5,9,9,9,8,8,40
3,847,846,1791059220585321,1791059220587013,1692,0,6,7,7,7,6,2,10
3,848,847,1791059220635321,1791059220636910,1589,0,7,11,11,11,10,7,30
3,849,848,1791059220685321,1791059220686648,1327,0,8,6,6,6,5,2,10
3,850,849,1791059220735321,1791059220736703,1382,0,9,12,12,12,12,8,34
3,851,850,1791059220785321,1791059220787228,1907,0,10,10,10,10,10,9,34
3,852,851,1791059220835321,1791059220836801,1480,0,11,12,12,12,11,11,50
3,853,852,1791059220885321,1791059220886717,1396,0,12,10,10,10,7,4,20
3,854,853,1791059220935321,1791059220937182,1861,0,13,10,10,10,10,7,22
3,855,854,1791059220985321,1791059220987158,1837,0,14,11,11,11,11,6,29
3,856,855,1791059221035321,1791059221036910,1589,0,15,16,16,16,17,15,70
3,857,856,1791059221085321,1791059221086684,1363,0,16,13,13,13,13,6,27
3,858,857,1791059221135321,1791059221136856,1535,0,17,11,11,11,10,6,26
3,859,858,1791059221185321,1791059221186940,1619,0,18,7,7,7,7,6,29
3,860,859,1791059221235321,1791059221236951,1630,0,19,10,10,10,10,2,10
3,861,860,1791059221285321,1791059221286826,1505,0,0,7,7,7,6,2,10
3,862,861,1791059221335321,1791059221337293,1972,0,1,13,13,13,12,10,48
3,863,862,1791059221385321,1791059221386450,1129,0,2,8,8,8,8,6,26
3,864,863,1791059221435321,1791059221437107,1786,0,3,8,8,8,9,6,21
3,865,864,1791059221485321,1791059221486793,1472,0,4,9,9,9,9,7,27
3,866,865,1791059221535321,1791059221536431,1110,0,5,9,9,9,9,6,30
3,867,866,1791059221585321,1791059221586465,1144,0,6,7,7,7,7,6,23
3,868,867,1791059221635321,1791059221636806,1485,0,7,11,11,11,11,10,43
3,869,868,1791059221685321,1791059221687042,1721,0,8,6,6,6,5,0,0
3,870,869,1791059221735321,1791059221736801,1480,0,9,12,12,12,11,4,20
3,871,870,1791059221785321,1791059221786790,1469,0,10,10,10,10,9,8,39
3,872,871,1791059221835321,1791059221836636,1315,0,11,12,12,12,13,13,52
3,873,872,1791059221885321,1791059221886428,1107,0,12,10,10,10,9,4,20
3,874,873,1791059221935321,1791059221936779,1458,0,13,10,10,10,10,5,19
3,875,874,1791059221985321,1791059221986973,1652,0,14,11,11,11,10,6,28
3,876,875,1791059222035321,1791059222036831,1510,0,15,16,16,16,16,14,68
3,877,876,1791059222085321,1791059222086907,1586,0,16,13,13,13,13,6,30
3,878,877,1791059222135321,1791059222136384,1063,0,17,11,11,11,11,8,37
3,879,878,1791059222185321,1791059222186346,1025,0,18,7,7,7,7,6,30
3,880,879,1791059222235321,1791059222236782,1461,0,19,10,10,10,7,4,20
3,881,880,1791059222285321,1791059222286662,1341,0,0,7,7,7,6,4,15
3,882,881,1791059222335321,1791059222336433,1112,0,1,13,13,13,12,8,40
3,883,882,1791059222385321,1791059222386755,1434,0,2,8,8,8,8,6,30
3,884,883,1791059222435321,1791059222436794,1473,0,3,8,8,8,9,8,40
3,885,884,1791059222485321,1791059222487104,1783,0,4,9,9,9,8,6,30
3,886,885,1791059222535321,1791059222536354,1033,0,5,9,9,9,8,6,24
3,887,886,1791059222585321,1791059222587523,2202,0,6,7,7,7,7,2,10
3,888,887,1791059222635321,1791059222636937,1616,0,7,11,11,11,12,9,40
3,889,888,1791059222685321,1791059222686699,1378,0,8,6,6,6,5,2,10
3,890,889,1791059222735321,1791059222736998,1677,0,9,12,12,12,10,4,20
3,891,890,1791059222785321,1791059222786785,1464,0,10,10,10,10,10,10,44
3,892,891,1791059222835321,1791059222836842,1521,0,11,12,12,12,11,10,44
3,893,892,1791059222885321,1791059222886553,1232,0,12,10,10,10,9,7,21
3,894,893,1791059222935321,1791059222936840,1519,0,13,10,10,10,8,8,28
3,895,894,1791059222985321,1791059222987006,1685,0,14,11,11,11,10,9,33
3,896,895,1791059223035321,1791059223036864,1543,0,15,16,16,16,16,15,58
3,897,896,1791059223085321,1791059223086419,1098,0,16,13,13,13,9,6,18
3,898,897,1791059223135321,1791059223136935,1614,0,17,11,11,11,11,6,21
3,899,898,1791059223185321,1791059223186698,1377,0,18,7,7,7,6,6,30
3,900,899,1791059223235321,1791059223236718,1397,0,19,10,10,10,6,5,11
3,901,900,1791059223285321,1791059223286493,1172,0,0,7,7,7,7,2,10
3,902,901,1791059223335321,1791059223336843,1522,0,1,13,13,13,13,12,56
3,903,902,1791059223385321,1791059223386730,1409,0,2,8,8,8,7,6,25
3,904,903,1791059223435321,1791059223436734,1413,0,3,8,8,8,8,5,14
3,905,904,1791059223485321,1791059223486852,1531,0,4,9,9,9,9,4,20
3,906,905,1791059223535321,1791059223536410,1089,0,5,9,9,9,9,8,36
3,907,906,1791059223585321,1791059223587271,1950,0,6,7,7,7,7,2,9
3,908,907,1791059223635321,1791059223637089,1768,0,7,11,11,11,12,8,40
3,909,908,1791059223685321,1791059223686685,1364,0,8,6,6,6,6,3,9
3,910,909,1791059223735321,1791059223736492,1171,0,9,12,12,12,12,8,34
3,911,910,1791059223785321,1791059223786911,1590,0,10,10,10,10,9,8,35
3,912,911,1791059223835321,1791059223836790,1469,0,11,12,12,12,12,11,46
3,913,912,1791059223885321,1791059223886515,1194,0,12,10,10,10,9,6,30
3,914,913,1791059223935321,1791059223937113,1792,0,13,10,10,10,9,9,32
3,915,914,1791059223985321,1791059223986682,1361,0,14,11,11,11,11,8,28
3,916,915,1791059224035321,1791059224036807,1486,0,15,16,16,16,15,12,60
3,917,916,1791059224085321,1791059224086564,1243,0,16,13,13,13,13,6,24
3,918,917,1791059224135321,1791059224137203,1882,0,17,11,11,11,9,2,10
3,919,918,1791059224185321,1791059224187212,1891,0,18,7,7,7,7,6,27
3,920,919,1791059224235321,1791059224236735,1414,0,19,10,10,10,8,4,12
3,921,920,1791059224285321,1791059224286395,1074,0,0,7,7,7,6,2,10
3,922,921,1791059224335321,1791059224336487,1166,0,1,13,13,13,12,12,56
3,923,922,1791059224385321,1791059224387199,1878,0,2,8,8,8,8,6,24
3,924,923,1791059224435321,1791059224437013,1692,0,3,8,8,8,8,4,14
3,925,924,1791059224485321,1791059224486601,1280,0,4,9,9,9,8,4,20
3,926,925,1791059224535321,1791059224537114,1793,0,5,9,9,9,8,6,30
3,927,926,1791059224585321,1791059224586836,1515,0,6,7,7,7,7,5,20
3,928,927,1791059224635321,1791059224636854,1533,0,7,11,11,11,10,8,40
3,929,928,1791059224685321,1791059224687050,1729,0,8,6,6,6,5,3,10
3,930,929,1791059224735321,1791059224736649,1328,0,9,12,12,12,11,10,42
3,931,930,1791059224785321,1791059224787372,2051,0,10,10,10,10,8,8,40
3,932,931,1791059224835321,1791059224836985,1664,0,11,12,12,12,13,10,47
3,933,932,1791059224885321,1791059224886814,1493,0,12,10,10,10,9,4,20
3,934,933,1791059224935321,1791059224936615,1294,0,13,10,10,10,10,8,31
3,935,934,1791059224985321,1791059224986535,1214,0,14,11,11,11,9,9,36
3,936,935,1791059225035321,1791059225036817,1496,0,15,16,16,16,14,12,56
3,937,936,1791059225085321,1791059225086443,1122,0,16,13,13,13,8,6,24
3,938,937,1791059225135321,1791059225136717,1396,0,17,11,11,11,9,7,26
3,939,938,1791059225185321,1791059225187255,1934,0,18,7,7,7,7,6,22
3,940,939,1791059225235321,1791059225236822,1501,0,19,10,10,10,9,6,29
3,941,940,1791059225285321,1791059225286437,1116,0,0,7,7,7,7,6,22
3,942,941,1791059225335321,1791059225336960,1639,0,1,13,13,13,13,10,42
3,943,942,1791059225385321,1791059225387412,2091,0,2,8,8,8,8,6,30
3,944,943,1791059225435321,1791059225436839,1518,0,3,8,8,8,8,5,16
3,945,944,1791059225485321,1791059225486660,1339,0,4,9,9,9,9,6,26
3,946,945,1791059225535321,1791059225536964,1643,0,5,9,9,9,9,8,40
3,947,946,1791059225585321,1791059225586538,1217,0,6,7,7,7,7,2,10
3,948,947,1791059225635321,1791059225636837,1516,0,7,11,11,11,11,6,30
3,949,948,1791059225685321,1791059225686523,1202,0,8,6,6,6,5,4,17
3,950,949,1791059225735321,1791059225736440,1119,0,9,12,12,12,10,8,39
3,951,950,1791059225785321,1791059225786973,1652,0,10,10,10,10,8,6,30
3,952,951,1791059225835321,1791059225836783,1462,0,11,12,12,12,11,10,50
3,953,952,1791059225885321,1791059225887114,1793,0,12,10,10,10,7,6,30
3,954,953,1791059225935321,1791059225937236,1915,0,13,10,10,10,9,6,25
3,955,954,1791059225985321,1791059225986401,1080,0,14,11,11,11,11,7,30
3,956,955,1791059226035321,1791059226036967,1646,0,15,16,16,16,16,14,68
3,957,956,1791059226085321,1791059226086661,1340,0,16,13,13,13,12,9,36
3,958,957,1791059226135321,1791059226136642,1321,0,17,11,11,11,9,9,40
3,959,958,1791059226185321,1791059226186544,1223,0,18,7,7,7,7,7,30
3,960,959,1791059226235321,1791059226236808,1487,0,19,10,10,10,8,5,19
3,961,960,1791059226285321,1791059226286401,1080,0,0,7,7,7,6,2,10
3,962,961,1791059226335321,1791059226336464,1143,0,1,13,13,13,13,12,55
3,963,962,1791059226385321,1791059226386943,1622,0,2,8,8,8,7,4,20
3,964,963,1791059226435321,1791059226436785,1464,0,3,8,8,8,9,6,28
3,965,964,1791059226485321,1791059226486622,1301,0,4,9,9,9,9,8,32
3,966,965,1791059226535321,1791059226536476,1155,0,5,9,9,9,9,6,27
3,967,966,1791059226585321,1791059226586465,1144,0,6,7,7,7,7,5,20
3,968,967,1791059226635321,1791059226637250,1929,0,7,11,11,11,10,9,32
3,969,968,1791059226685321,1791059226687181,1860,0,8,6,6,6,5,3,10
3,970,969,1791059226735321,1791059226736984,1663,0,9,12,12,12,12,8,40
3,971,970,1791059226785321,1791059226787140,1819,0,10,10,10,10,10,8,38
3,972,971,1791059226835321,1791059226836778,1457,0,11,12,12,12,12,12,54
3,973,972,1791059226885321,1791059226886572,1251,0,12,10,10,10,9,7,25
3,974,973,1791059226935321,1791059226936989,1668,0,13,10,10,10,9,6,21
3,975,974,1791059226985321,1791059226986802,1481,0,14,11,11,11,10,8,36
3,976,975,1791059227035321,1791059227036886,1565,0,15,16,16,16,17,17,75
3,977,976,1791059227085321,1791059227086556,1235,0,16,13,13,13,11,6,30
3,978,977,1791059227135321,1791059227136873,1552,0,17,11,11,11,11,6,26
3,979,978,1791059227185321,1791059227187109,1788,0,18,7,7,7,7,6,22
3,980,979,1791059227235321,1791059227236808,1487,0,19,10,10,10,10,6,26
3,981,980,1791059227285321,1791059227286499,1178,0,0,7,7,7,6,4,20
3,982,981,1791059227335321,1791059227336542,1221,0,1,13,13,13,11,6,30
3,983,982,1791059227385321,1791059227386866,1545,0,2,8,8,8,7,6,26
3,984,983,1791059227435321,1791059227436938,1617,0,3,8,8,8,7,7,24
3,985,984,1791059227485321,1791059227486785,1464,0,4,9,9,9,9,8,33
3,986,985,1791059227535321,1791059227537052,1731,0,5,9,9,9,8,8,31
3,987,986,1791059227585321,1791059227586834,1513,0,6,7,7,7,7,4,12
3,988,987,1791059227635321,1791059227636810,1489,0,7,11,11,11,10,8,40
3,989,988,1791059227685321,1791059227686434,1113,0,8,6,6,6,5,2,7
3,990,989,1791059227735321,1791059227737139,1818,0,9,12,12,12,12,4,20
3,991,990,1791059227785321,1791059227786595,1274,0,10,10,10,10,9,6,30
3,992,991,1791059227835321,1791059227836941,1620,0,11,12,12,12,12,10,41
3,993,992,1791059227885321,1791059227886725,1404,0,12,10,10,10,10,8,32
3,994,993,1791059227935321,1791059227937041,1720,0,13,10,10,10,10,7,23
3,995,994,1791059227985321,1791059227986931,1610,0,14,11,11,11,10,6,24
3,996,995,1791059228035321,1791059228036715,1394,0,15,16,16,16,16,14,62
3,997,996,1791059228085321,1791059228086754,1433,0,16,13,13,13,11,6,26
3,998,997,1791059228135321,1791059228137219,1898,0,17,11,11,11,11,4,16
3,999,998,1791059228185321,1791059228186865,1544,0,18,7,7,7,6,4,20
3,1000,999,1791059228235321,1791059228236762,1441,0,19,10,10,10,11,11,42
3,1001,1000,1791059228285321,1791059228287349,2028,0,0,7,7,7,7,4,11
3,1002,1001,1791059228335321,1791059228337259,1938,0,1,13,13,13,12,12,55
3,1003,1002,1791059228385321,1791059228386695,1374,0,2,8,8,8,8,8,28
3,1004,1003,1791059228435321,1791059228436782,1461,0,3,8,8,8,7,6,25
3,1005,1004,1791059228485321,1791059228486822,1501,0,4,9,9,9,9,9,36
3,1006,1005,1791059228535321,1791059228537331,2010,0,5,9,9,9,7,2,10
3,1007,1006,1791059228585321,1791059228586845,1524,0,6,7,7,7,7,2,10
3,1008,1007,1791059228635321,1791059228636818,1497,0,7,11,11,11,11,11,50
3,1009,1008,1791059228685321,1791059228686571,1250,0,8,6,6,6,6,2,10
3,1010,1009,1791059228735321,1791059228736983,1662,0,9,12,12,12,11,6,25
3,1011,1010,1791059228785321,1791059228786636,1315,0,10,10,10,10,10,10,41
3,1012,1011,1791059228835321,1791059228836675,1354,0,11,12,12,12,12,11,48
3,1013,1012,1791059228885321,1791059228886722,1401,0,12,10,10,10,10,6,23
3,1014,1013,1791059228935321,1791059228937282,1961,0,13,10,10,10,9,4,20
3,1015,1014,1791059228985321,1791059228986752,1431,0,14,11,11,11,10,7,30
3,1016,1015,1791059229035321,1791059229036862,1541,0,15,16,16,16,15,14,64
3,1017,1016,1791059229085321,1791059229086704,1383,0,16,13,13,13,12,6,30
3,1018,1017,1791059229135321,1791059229137211,1890,0,17,11,11,11,11,7,22
3,1019,1018,1791059229185321,1791059229186912,1591,0,18,7,7,7,7,6,24
3,1020,1019,1791059229235321,1791059229236640,1319,0,19,10,10,10,9,8,34
3,1021,1020,1791059229285321,1791059229287325,2004,0,0,7,7,7,7,4,20
3,1022,1021,1791059229335321,1791059229336736,1415,0,1,13,13,13,11,9,40
3,1023,1022,1791059229385321,1791059229386649,1328,0,2,8,8,8,8,6,27
3,1024,1023,1791059229435321,1791059229436727,1406,0,3,8,8,8,9,7,25
3,1025,1024,1791059229485321,1791059229486980,1659,0,4,9,9,9,8,8,35
3,1026,1025,1791059229535321,1791059229536955,1634,0,5,9,9,9,8,6,27
3,1027,1026,1791059229585321,1791059229586468,1147,0,6,7,7,7,6,6,23
3,1028,1027,1791059229635321,1791059229636857,1536,0,7,11,11,11,9,6,23
3,1029,1028,1791059229685321,1791059229686672,1351,0,8,6,6,6,6,4,20
3,1030,1029,1791059229735321,1791059229736420,1099,0,9,12,12,12,11,8,35
3,1031,1030,1791059229785321,1791059229787328,2007,0,10,10,10,10,10,8,36
3,1032,1031,1791059229835321,1791059229836852,1531,0,11,12,12,12,12,11,49
3,1033,1032,1791059229885321,1791059229886973,1652,0,12,10,10,10,9,6,30
3,1034,1033,1791059229935321,1791059229937053,1732,0,13,10,10,10,9,4,19
3,1035,1034,1791059229985321,1791059229986906,1585,0,14,11,11,11,10,6,30
3,1036,1035,1791059230035321,1791059230036934,1613,0,15,16,16,16,15,12,57
3,1037,1036,1791059230085321,1791059230086616,1295,0,16,13,13,13,13,7,23
3,1038,1037,1791059230135321,1791059230137184,1863,0,17,11,11,11,11,7,22
3,1039,1038,1791059230185321,1791059230186984,1663,0,18,7,7,7,6,4,20
3,1040,1039,1791059230235321,1791059230236613,1292,0,19,10,10,10,9,7,29
3,1041,1040,1791059230285321,1791059230287336,2015,0,0,7,7,7,5,4,11
3,1042,1041,1791059230335321,1791059230336520,1199,0,1,13,13,13,11,10,47
3,1043,1042,1791059230385321,1791059230387110,1789,0,2,8,8,8,7,6,25
3,1044,1043,1791059230435321,1791059230436681,1360,0,3,8,8,8,7,4,20
3,1045,1044,1791059230485321,1791059230486542,1221,0,4,9,9,9,8,6,24
3,1046,1045,1791059230535321,1791059230537017,1696,0,5,9,9,9,8,6,26
3,1047,1046,1791059230585321,1791059230586806,1485,0,6,7,7,7,7,2,10
3,1048,1047,1791059230635321,1791059230636839,1518,0,7,11,11,11,10,8,40
3,1049,1048,1791059230685321,1791059230686953,1632,0,8,6,6,6,6,5,19
3,1050,1049,1791059230735321,1791059230737227,1906,0,9,12,12,12,11,2,7
3,1051,1050,1791059230785321,1791059230786609,1288,0,10,10,10,10,9,8,40
3,1052,1051,1791059230835321,1791059230836797,1476,0,11,12,12,12,10,7,25
3,1053,1052,1791059230885321,1791059230887019,1698,0,12,10,10,10,10,6,28
3,1054,1053,1791059230935321,1791059230936718,1397,0,13,10,10,10,9,8,34
3,1055,1054,1791059230985321,1791059230986994,1673,0,14,11,11,11,10,6,30
3,1056,1055,1791059231035321,1791059231036832,1511,0,15,16,16,16,13,12,47
3,1057,1056,1791059231085321,1791059231086462,1141,0,16,13,13,13,11,7,26
3,1058,1057,1791059231135321,1791059231136780,1459,0,17,11,11,11,9,4,20
3,1059,1058,1791059231185321,1791059231186767,1446,0,18,7,7,7,5,2,10
3,1060,1059,1791059231235321,1791059231236834,1513,0,19,10,10,10,11,8,29
3,1061,1060,1791059231285321,1791059231286509,1188,0,0,7,7,7,5,3,10
3,1062,1061,1791059231335321,1791059231336760,1439,0,1,13,13,13,11,8,40
3,1063,1062,1791059231385321,1791059231387266,1945,0,2,8,8,8,7,6,24
3,1064,1063,1791059231435321,1791059231436959,1638,0,3,8,8,8,7,7,28
3,1065,1064,1791059231485321,1791059231486553,1232,0,4,9,9,9,6,5,12
3,1066,1065,1791059231535321,1791059231536603,1282,0,5,9,9,9,7,6,30
3,1067,1066,1791059231585321,1791059231586973,1652,0,6,7,7,7,6,6,18
3,1068,1067,1791059231635321,1791059231637008,1687,0,7,11,11,11,7,6,18
3,1069,1068,1791059231685321,1791059231686715,1394,0,8,6,6,6,4,4,13
3,1070,1069,1791059231735321,1791059231737347,2026,0,9,12,12,12,8,6,22
3,1071,1070,1791059231785321,1791059231786819,1498,0,10,10,10,10,8,6,30
3,1072,1071,1791059231835321,1791059231836821,1500,0,11,12,12,12,10,8,34
3,1073,1072,1791059231885321,1791059231887141,1820,0,12,10,10,10,6,2,10
3,1074,1073,1791059231935321,1791059231936585,1264,0,13,10,10,10,10,8,38
3,1075,1074,1791059231985321,1791059231987187,1866,0,14,11,11,11,7,3,8
3,1076,1075,1791059232035321,1791059232036965,1644,0,15,16,16,16,13,11,49
3,1077,1076,1791059232085321,1791059232086698,1377,0,16,13,13,13,9,7,24
3,1078,1077,1791059232135321,1791059232136983,1662,0,17,11,11,11,9,4,11
3,1079,1078,1791059232185321,1791059232186776,1455,0,18,7,7,7,6,6,27
3,1080,1079,1791059232235321,1791059232236836,1515,0,19,10,10,10,8,7,22
3,1081,1080,1791059232285321,1791059232286671,1350,0,0,7,7,7,5,4,11
3,1082,1081,1791059232335321,1791059232336414,1093,0,1,13,13,13,10,8,32
3,1083,1082,1791059232385321,1791059232386950,1629,0,2,8,8,8,8,7,30
3,1084,1083,1791059232435321,1791059232436862,1541,0,3,8,8,8,7,5,15
3,1085,1084,1791059232485321,1791059232487085,1764,0,4,9,9,9,7,6,25
3,1086,1085,1791059232535321,1791059232537322,2001,0,5,9,9,9,8,6,27
3,1087,1086,1791059232585321,1791059232587210,1889,0,6,7,7,7,5,4,13
3,1088,1087,1791059232635321,1791059232636747,1426,0,7,11,11,11,12,11,47
3,1089,1088,1791059232685321,1791059232686483,1162,0,8,6,6,6,6,5,14
3,1090,1089,1791059232735321,1791059232737268,1947,0,9,12,12,12,10,4,14
3,1091,1090,1791059232785321,1791059232786828,1507,0,10,10,10,10,9,8,38
3,1092,1091,1791059232835321,1791059232836839,1518,0,11,12,12,12,10,8,34
3,1093,1092,1791059232885321,1791059232887602,2281,0,12,10,10,10,7,7,23
3,1094,1093,1791059232935321,1791059232936902,1581,0,13,10,10,10,9,7,19
3,1095,1094,1791059232985321,1791059232987106,1785,0,14,11,11,11,8,2,6
3,1096,1095,1791059233035321,1791059233036973,1652,0,15,16,16,16,14,10,44
3,1097,1096,1791059233085321,1791059233086834,1513,0,16,13,13,13,11,4,18
3,1098,1097,1791059233135321,1791059233136665,1344,0,17,11,11,11,11,4,13
3,1099,1098,1791059233185321,1791059233186619,1298,0,18,7,7,7,6,4,14
3,1100,1099,1791059233235321,1791059233236846,1525,0,19,10,10,10,9,4,15
3,1101,1100,1791059233285321,1791059233286591,1270,0,0,7,7,7,6,6,30
3,1102,1101,1791059233335321,1791059233337218,1897,0,1,13,13,13,11,8,25
3,1103,1102,1791059233385321,1791059233386835,1514,0,2,8,8,8,7,6,30
3,1104,1103,1791059233435321,1791059233436711,1390,0,3,8,8,8,7,7,19
3,1105,1104,1791059233485321,1791059233487062,1741,0,4,9,9,9,7,5,14
3,1106,1105,1791059233535321,1791059233536854,1533,0,5,9,9,9,8,8,39
3,1107,1106,1791059233585321,1791059233586591,1270,0,6,7,7,7,6,4,12
3,1108,1107,1791059233635321,1791059233636774,1453,0,7,11,11,11,11,8,34
3,1109,1108,1791059233685321,1791059233687081,1760,0,8,6,6,6,5,4,19
3,1110,1109,1791059233735321,1791059233737335,2014,0,9,12,12,12,11,5,12
3,1111,1110,1791059233785321,1791059233786730,1409,0,10,10,10,10,9,8,40
3,1112,1111,1791059233835321,1791059233836772,1451,0,11,12,12,12,9,6,21
3,1113,1112,1791059233885321,1791059233886636,1315,0,12,10,10,10,9,4,12
3,1114,1113,1791059233935321,1791059233936805,1484,0,13,10,10,10,10,8,36
3,1115,1114,1791059233985321,1791059233986702,1381,0,14,11,11,11,8,5,20
3,1116,1115,1791059234035321,1791059234036824,1503,0,15,16,16,16,13,10,42
3,1117,1116,1791059234085321,1791059234086526,1205,0,16,13,13,13,9,8,29
3,1118,1117,1791059234135321,1791059234137226,1905,0,17,11,11,11,11,5,17
3,1119,1118,1791059234185321,1791059234187009,1688,0,18,7,7,7,6,4,19
3,1120,1119,1791059234235321,1791059234236811,1490,0,19,10,10,10,10,6,25
3,1121,1120,1791059234285321,1791059234287250,1929,0,0,7,7,7,6,4,20
3,1122,1121,1791059234335321,1791059234336811,1490,0,1,13,13,13,9,8,31
3,1123,1122,1791059234385321,1791059234386716,1395,0,2,8,8,8,8,6,25
3,1124,1123,1791059234435321,1791059234436732,1411,0,3,8,8,8,5,2,10
3,1125,1124,1791059234485321,1791059234486604,1283,0,4,9,9,9,9,4,20
3,1126,1125,1791059234535321,1791059234536749,1428,0,5,9,9,9,9,6,30
3,1127,1126,1791059234585321,1791059234586583,1262,0,6,7,7,7,7,2,10
3,1128,1127,1791059234635321,1791059234636762,1441,0,7,11,11,11,11,8,40
3,1129,1128,1791059234685321,1791059234687323,2002,0,8,6,6,6,5,2,10
3,1130,1129,1791059234735321,1791059234736686,1365,0,9,12,12,12,12,4,20
3,1131,1130,1791059234785321,1791059234787294,1973,0,10,10,10,10,10,8,40
3,1132,1131,1791059234835321,1791059234836914,1593,0,11,12,12,12,12,9,32
3,1133,1132,1791059234885321,1791059234886658,1337,0,12,10,10,10,8,2,10
3,1134,1133,1791059234935321,1791059234936458,1137,0,13,10,10,10,10,10,48
3,1135,1134,1791059234985321,1791059234986834,1513,0,14,11,11,11,10,10,37
3,1136,1135,1791059235035321,1791059235036839,1518,0,15,16,16,16,12,7,26
3,1137,1136,1791059235085321,1791059235086975,1654,0,16,13,13,13,12,5,20
3,1138,1137,1791059235135321,1791059235136840,1519,0,17,11,11,11,11,2,10
3,1139,1138,1791059235185321,1791059235186738,1417,0,18,7,7,7,6,6,23
3,1140,1139,1791059235235321,1791059235236782,1461,0,19,10,10,10,11,3,9
3,1141,1140,1791059235285321,1791059235287337,2016,0,0,7,7,7,7,6,30
3,1142,1141,1791059235335321,1791059235336715,1394,0,1,13,13,13,8,5,19
3,1143,1142,1791059235385321,1791059235386725,1404,0,2,8,8,8,7,6,29
3,1144,1143,1791059235435321,1791059235436810,1489,0,3,8,8,8,5,4,14
3,1145,1144,1791059235485321,1791059235486736,1415,0,4,9,9,9,8,4,17
3,1146,1145,1791059235535321,1791059235536581,1260,0,5,9,9,9,9,8,36
3,1147,1146,1791059235585321,1791059235586618,1297,0,6,7,7,7,6,6,21
3,1148,1147,1791059235635321,1791059235636768,1447,0,7,11,11,11,11,8,23
3,1149,1148,1791059235685321,1791059235686509,1188,0,8,6,6,6,5,5,11
3,1150,1149,1791059235735321,1791059235737248,1927,0,9,12,12,12,11,7,25
3,1151,1150,1791059235785321,1791059235786777,1456,0,10,10,10,10,9,6,30
3,1152,1151,1791059235835321,1791059235836750,1429,0,11,12,12,12,10,6,25
3,1153,1152,1791059235885321,1791059235887251,1930,0,12,10,10,10,9,6,28
3,1154,1153,1791059235935321,1791059235936845,1524,0,13,10,10,10,8,6,21
3,1155,1154,1791059235985321,1791059235986561,1240,0,14,11,11,11,10,6,24
3,1156,1155,1791059236035321,1791059236036848,1527,0,15,16,16,16,17,16,68
3,1157,1156,1791059236085321,1791059236086397,1076,0,16,13,13,13,11,8,34
3,1158,1157,1791059236135321,1791059236137029,1708,0,17,11,11,11,10,4,16
3,1159,1158,1791059236185321,1791059236186800,1479,0,18,7,7,7,7,7,30
3,1160,1159,1791059236235321,1791059236236683,1362,0,19,10,10,10,8,0,0
3,1161,1160,1791059236285321,1791059236286392,1071,0,0,7,7,7,7,6,30
3,1162,1161,1791059236335321,1791059236336540,1219,0,1,13,13,13,11,7,24
3,1163,1162,1791059236385321,1791059236387231,1910,0,2,8,8,8,7,4,20
3,1164,1163,1791059236435321,1791059236436840,1519,0,3,8,8,8,7,4,20
3,1165,1164,1791059236485321,1791059236486586,1265,0,4,9,9,9,9,4,20
3,1166,1165,1791059236535321,1791059236536965,1644,0,5,9,9,9,9,8,34
3,1167,1166,1791059236585321,1791059236586593,1272,0,6,7,7,7,6,2,9
3,1168,1167,1791059236635321,1791059236636859,1538,0,7,11,11,11,11,8,34
3,1169,1168,1791059236685321,1791059236686599,1278,0,8,6,6,6,5,2,6
3,1170,1169,1791059236735321,1791059236736485,1164,0,9,12,12,12,11,4,20
3,1171,1170,1791059236785321,1791059236786835,1514,0,10,10,10,10,10,8,36
3,1172,1171,1791059236835321,1791059236836812,1491,0,11,12,12,12,12,9,31
3,1173,1172,1791059236885321,1791059236887173,1852,0,12,10,10,10,10,7,28
3,1174,1173,1791059236935321,1791059236936902,1581,0,13,10,10,10,10,8,39
3,1175,1174,1791059236985321,1791059236986948,1627,0,14,11,11,11,8,6,21
3,1176,1175,1791059237035321,1791059237036868,1547,0,15,16,16,16,15,14,65
3,1177,1176,1791059237085321,1791059237086617,1296,0,16,13,13,13,12,7,29
3,1178,1177,1791059237135321,1791059237136542,1221,0,17,11,11,11,11,4,11
3,1179,1178,1791059237185321,1791059237186392,1071,0,18,7,7,7,7,6,30
3,1180,1179,1791059237235321,1791059237236886,1565,0,19,10,10,10,10,6,15
3,1181,1180,1791059237285321,1791059237286491,1170,0,0,7,7,7,7,6,30
3,1182,1181,1791059237335321,1791059237336623,1302,0,1,13,13,13,10,10,40
3,1183,1182,1791059237385321,1791059237386750,1429,0,2,8,8,8,5,4,14
3,1184,1183,1791059237435321,1791059237436756,1435,0,3,8,8,8,9,4,20
3,1185,1184,1791059237485321,1791059237486479,1158,0,4,9,9,9,8,4,19
3,1186,1185,1791059237535321,1791059237537239,1918,0,5,9,9,9,9,6,30
3,1187,1186,1791059237585321,1791059237586665,1344,0,6,7,7,7,6,6,20
3,1188,1187,1791059237635321,1791059237637085,1764,0,7,11,11,11,9,6,30
3,1189,1188,1791059237685321,1791059237686727,1406,0,8,6,6,6,4,4,13
3,1190,1189,1791059237735321,1791059237737218,1897,0,9,12,12,12,12,10,46
3,1191,1190,1791059237785321,1791059237786849,1528,0,10,10,10,10,8,6,23
3,1192,1191,1791059237835321,1791059237836814,1493,0,11,12,12,12,12,8,32
3,1193,1192,1791059237885321,1791059237886470,1149,0,12,10,10,10,9,6,26
3,1194,1193,1791059237935321,1791059237936440,1119,0,13,10,10,10,10,8,35
3,1195,1194,1791059237985321,1791059237986833,1512,0,14,11,11,11,10,10,35
3,1196,1195,1791059238035321,1791059238036841,1520,0,15,16,16,16,16,12,48
3,1197,1196,1791059238085321,1791059238087249,1928,0,16,13,13,13,9,6,22
3,1198,1197,1791059238135321,1791059238136949,1628,0,17,11,11,11,11,4,18
3,1199,1198,1791059238185321,1791059238187168,1847,0,18,7,7,7,7,6,27
3,1200,1199,1791059238235321,1791059238236807,1486,0,19,10,10,10,10,6,30
3,1201,1200,1791059238285321,1791059238286951,1630,0,0,7,7,7,7,6,30
3,1202,1201,1791059238335321,1791059238336681,1360,0,1,13,13,13,13,12,51
3,1203,1202,1791059238385321,1791059238386681,1360,0,2,8,8,8,8,7,30
3,1204,1203,1791059238435321,1791059238436938,1617,0,3,8,8,8,9,8,31
3,1205,1204,1791059238485321,1791059238486716,1395,0,4,9,9,9,9,8,40
3,1206,1205,1791059238535321,1791059238536817,1496,0,5,9,9,9,9,4,20
3,1207,1206,1791059238585321,1791059238586627,1306,0,6,7,7,7,7,2,10
3,1208,1207,1791059238635321,1791059238636882,1561,0,7,11,11,11,12,8,40
3,1209,1208,1791059238685321,1791059238686537,1216,0,8,6,6,6,6,5,20
3,1210,1209,1791059238735321,1791059238737169,1848,0,9,12,12,12,10,8,40
3,1211,1210,1791059238785321,1791059238786708,1387,0,10,10,10,10,10,10,43
3,1212,1211,1791059238835321,1791059238836823,1502,0,11,12,12,12,12,12,57
3,1213,1212,1791059238885321,1791059238886863,1542,0,12,10,10,10,10,2,10
3,1214,1213,1791059238935321,1791059238937171,1850,0,13,10,10,10,10,8,40
3,1215,1214,1791059238985321,1791059238987373,2052,0,14,11,11,11,11,10,41
3,1216,1215,1791059239035321,1791059239036835,1514,0,15,16,16,16,17,14,61
3,1217,1216,1791059239085321,1791059239086535,1214,0,16,13,13,13,13,12,60
3,1218,1217,1791059239135321,1791059239137133,1812,0,17,11,11,11,11,8,40
3,1219,1218,1791059239185321,1791059239187250,1929,0,18,7,7,7,7,6,30
3,1220,1219,1791059239235321,1791059239236947,1626,0,19,10,10,10,10,6,21
3,1221,1220,1791059239285321,1791059239286506,1185,0,0,7,7,7,7,6,30
3,1222,1221,1791059239335321,1791059239336874,1553,0,1,13,13,13,13,13,52
3,1223,1222,1791059239385321,1791059239386762,1441,0,2,8,8,8,7,6,22
3,1224,1223,1791059239435321,1791059239437289,1968,0,3,8,8,8,9,6,30
3,1225,1224,1791059239485321,1791059239486532,1211,0,4,9,9,9,8,8,33
3,1226,1225,1791059239535321,1791059239537298,1977,0,5,9,9,9,9,4,20
3,1227,1226,1791059239585321,1791059239586984,1663,0,6,7,7,7,7,4,14
3,1228,1227,1791059239635321,1791059239636864,1543,0,7,11,11,11,11,8,37
3,1229,1228,1791059239685321,1791059239686764,1443,0,8,6,6,6,6,6,23
3,1230,1229,1791059239735321,1791059239736579,1258,0,9,12,12,12,12,12,55
3,1231,1230,1791059239785321,1791059239787076,1755,0,10,10,10,10,10,10,46
3,1232,1231,1791059239835321,1791059239836868,1547,0,11,12,12,12,13,12,60
3,1233,1232,1791059239885321,1791059239886539,1218,0,12,10,10,10,10,4,15
3,1234,1233,1791059239935321,1791059239936811,1490,0,13,10,10,10,10,10,42
3,1235,1234,1791059239985321,1791059239986646,1325,0,14,11,11,11,11,10,43
3,1236,1235,1791059240035321,1791059240036837,1516,0,15,16,16,16,15,14,70
3,1237,1236,1791059240085321,1791059240087052,1731,0,16,13,13,13,13,12,59
3,1238,1237,1791059240135321,1791059240136897,1576,0,17,11,11,11,11,8,40
3,1239,1238,1791059240185321,1791059240186553,1232,0,18,7,7,7,7,6,22
3,1240,1239,1791059240235321,1791059240236836,1515,0,19,10,10,10,11,4,20
3,1241,1240,1791059240285321,1791059240286951,1630,0,0,7,7,7,7,6,30
3,1242,1241,1791059240335321,1791059240336704,1383,0,1,13,13,13,12,12,58
3,1243,1242,1791059240385321,1791059240386555,1234,0,2,8,8,8,7,6,23
3,1244,1243,1791059240435321,1791059240436677,1356,0,3,8,8,8,9,8,31
3,1245,1244,1791059240485321,1791059240486866,1545,0,4,9,9,9,8,6,30
3,1246,1245,1791059240535321,1791059240536675,1354,0,5,9,9,9,9,4,20
3,1247,1246,1791059240585321,1791059240586314,993,0,6,7,7,7,7,4,19
3,1248,1247,1791059240635321,1791059240636849,1528,0,7,11,11,11,11,8,40
3,1249,1248,1791059240685321,1791059240687144,1823,0,8,6,6,6,5,4,17
3,1250,1249,1791059240735321,1791059240736831,1510,0,9,12,12,12,12,10,46
3,1251,1250,1791059240785321,1791059240787020,1699,0,10,10,10,10,10,8,40
3,1252,1251,1791059240835321,1791059240836607,1286,0,11,12,12,12,13,11,50
3,1253,1252,1791059240885321,1791059240887366,2045,0,12,10,10,10,9,2,10
3,1254,1253,1791059240935321,1791059240936493,1172,0,13,10,10,10,10,10,44
3,1255,1254,1791059240985321,1791059240986728,1407,0,14,11,11,11,10,10,49
3,1256,1255,1791059241035321,1791059241036858,1537,0,15,16,16,16,16,14,66
3,1257,1256,1791059241085321,1791059241086607,1286,0,16,13,13,13,12,10,50
3,1258,1257,1791059241135321,1791059241137053,1732,0,17,11,11,11,11,9,40
3,1259,1258,1791059241185321,1791059241186774,1453,0,18,7,7,7,7,4,20
3,1260,1259,1791059241235321,1791059241236995,1674,0,19,10,10,10,11,6,21
3,1261,1260,1791059241285321,1791059241286638,1317,0,0,7,7,7,7,6,30
3,1262,1261,1791059241335321,1791059241336769,1448,0,1,13,13,13,12,12,60
3,1263,1262,1791059241385321,1791059241386369,1048,0,2,8,8,8,7,4,20
3,1264,1263,1791059241435321,1791059241436778,1457,0,3,8,8,8,8,8,39
3,1265,1264,1791059241485321,1791059241486538,1217,0,4,9,9,9,9,6,30
3,1266,1265,1791059241535321,1791059241537232,1911,0,5,9,9,9,9,6,26
3,1267,1266,1791059241585321,1791059241587117,1796,0,6,7,7,7,7,5,15
3,1268,1267,1791059241635321,1791059241636960,1639,0,7,11,11,11,12,9,33
3,1269,1268,1791059241685321,1791059241686440,1119,0,8,6,6,6,6,6,30
3,1270,1269,1791059241735321,1791059241736581,1260,0,9,12,12,12,12,12,59
3,1271,1270,1791059241785321,1791059241786831,1510,0,10,10,10,10,10,10,50
3,1272,1271,1791059241835321,1791059241836788,1467,0,11,12,12,12,13,12,60
3,1273,1272,1791059241885321,1791059241887203,1882,0,12,10,10,10,9,2,10
3,1274,1273,1791059241935321,1791059241936801,1480,0,13,10,10,10,10,10,47
3,1275,1274,1791059241985321,1791059241987074,1753,0,14,11,11,11,10,10,50
3,1276,1275,1791059242035321,1791059242036859,1538,0,15,16,16,16,17,15,63
3,1277,1276,1791059242085321,1791059242086859,1538,0,16,13,13,13,12,10,50
3,1278,1277,1791059242135321,1791059242136945,1624,0,17,11,11,11,10,8,40
3,1279,1278,1791059242185321,1791059242186843,1522,0,18,7,7,7,6,4,20
3,1280,1279,1791059242235321,1791059242236832,1511,0,19,10,10,10,10,4,20
3,1281,1280,1791059242285321,1791059242286692,1371,0,0,7,7,7,7,6,30
3,1282,1281,1791059242335321,1791059242336625,1304,0,1,13,13,13,12,12,55
3,1283,1282,1791059242385321,1791059242386727,1406,0,2,8,8,8,7,4,20
3,1284,1283,1791059242435321,1791059242436698,1377,0,3,8,8,8,9,9,40
3,1285,1284,1791059242485321,1791059242486617,1296,0,4,9,9,9,8,5,20
3,1286,1285,1791059242535321,1791059242536668,1347,0,5,9,9,9,9,6,30
3,1287,1286,1791059242585321,1791059242586605,1284,0,6,7,7,7,7,6,30
3,1288,1287,1791059242635321,1791059242636908,1587,0,7,11,11,11,10,6,26
3,1289,1288,1791059242685321,1791059242687047,1726,0,8,6,6,6,5,4,20
3,1290,1289,1791059242735321,1791059242737032,1711,0,9,12,12,12,11,10,45
3,1291,1290,1791059242785321,1791059242787177,1856,0,10,10,10,10,9,8,40
3,1292,1291,1791059242835321,1791059242836852,1531,0,11,12,12,12,13,13,58
3,1293,1292,1791059242885321,1791059242886950,1629,0,12,10,10,10,10,2,10
3,1294,1293,1791059242935321,1791059242936952,1631,0,13,10,10,10,9,8,40
3,1295,1294,1791059242985321,1791059242987198,1877,0,14,11,11,11,10,10,49
3,1296,1295,1791059243035321,1791059243036816,1495,0,15,16,16,16,15,12,60
3,1297,1296,1791059243085321,1791059243087232,1911,0,16,13,13,13,12,10,50
3,1298,1297,1791059243135321,1791059243136747,1426,0,17,11,11,11,10,10,43
3,1299,1298,1791059243185321,1791059243186529,1208,0,18,7,7,7,5,4,20
3,1300,1299,1791059243235321,1791059243236861,1540,0,19,10,10,10,11,6,21
3,1301,1300,1791059243285321,1791059243287317,1996,0,0,7,7,7,7,6,30
3,1302,1301,1791059243335321,1791059243336670,1349,0,1,13,13,13,12,12,51
3,1303,1302,1791059243385321,1791059243386753,1432,0,2,8,8,8,8,6,30
3,1304,1303,1791059243435321,1791059243436881,1560,0,3,8,8,8,8,6,30
3,1305,1304,1791059243485321,1791059243486529,1208,0,4,9,9,9,8,8,33
3,1306,1305,1791059243535321,1791059243537269,1948,0,5,9,9,9,8,2,10
3,1307,1306,1791059243585321,1791059243586803,1482,0,6,7,7,7,6,4,20
3,1308,1307,1791059243635321,1791059243636841,1520,0,7,11,11,11,10,6,21
3,1309,1308,1791059243685321,1791059243686424,1103,0,8,6,6,6,5,4,17
3,1310,1309,1791059243735321,1791059243736605,1284,0,9,12,12,12,11,11,45
3,1311,1310,1791059243785321,1791059243786829,1508,0,10,10,10,10,10,8,40
3,1312,1311,1791059243835321,1791059243836768,1447,0,11,12,12,12,12,12,55
3,1313,1312,1791059243885321,1791059243886589,1268,0,12,10,10,10,10,4,20
3,1314,1313,1791059243935321,1791059243937204,1883,0,13,10,10,10,10,8,40
3,1315,1314,1791059243985321,1791059243986765,1444,0,14,11,11,11,10,10,50
3,1316,1315,1791059244035321,1791059244036790,1469,0,15,16,16,16,15,14,61
3,1317,1316,1791059244085321,1791059244086494,1173,0,16,13,13,13,12,10,50
3,1318,1317,1791059244135321,1791059244137164,1843,0,17,11,11,11,10,10,48
3,1319,1318,1791059244185321,1791059244186978,1657,0,18,7,7,7,6,4,20
3,1320,1319,1791059244235321,1791059244236912,1591,0,19,10,10,10,11,4,13
3,1321,1320,1791059244285321,1791059244286652,1331,0,0,7,7,7,7,6,30
3,1322,1321,1791059244335321,1791059244336387,1066,0,1,13,13,13,11,10,50
3,1323,1322,1791059244385321,1791059244386958,1637,0,2,8,8,8,8,6,30
3,1324,1323,1791059244435321,1791059244436987,1666,0,3,8,8,8,9,9,34
3,1325,1324,1791059244485321,1791059244486797,1476,0,4,9,9,9,6,4,20
3,1326,1325,1791059244535321,1791059244536381,1060,0,5,9,9,9,8,4,20
3,1327,1326,1791059244585321,1791059244587084,1763,0,6,7,7,7,7,6,28
3,1328,1327,1791059244635321,1791059244636849,1528,0,7,11,11,11,9,4,20
3,1329,1328,1791059244685321,1791059244686524,1203,0,8,6,6,6,6,6,21
3,1330,1329,1791059244735321,1791059244736964,1643,0,9,12,12,12,12,12,57
3,1331,1330,1791059244785321,1791059244786529,1208,0,10,10,10,10,10,10,44
3,1332,1331,1791059244835321,1791059244836974,1653,0,11,12,12,12,13,13,60
3,1333,1332,1791059244885321,1791059244886726,1405,0,12,10,10,10,10,4,12
3,1334,1333,1791059244935321,1791059244936603,1282,0,13,10,10,10,10,8,40
3,1335,1334,1791059244985321,1791059244987288,1967,0,14,11,11,11,10,10,48
3,1336,1335,1791059245035321,1791059245036640,1319,0,15,16,16,16,16,12,60
3,1337,1336,1791059245085321,1791059245086870,1549,0,16,13,13,13,12,10,50
3,1338,1337,1791059245135321,1791059245136566,1245,0,17,11,11,11,10,10,50
3,1339,1338,1791059245185321,1791059245187229,1908,0,18,7,7,7,6,4,20
3,1340,1339,1791059245235321,1791059245236821,1500,0,19,10,10,10,10,4,20
3,1341,1340,1791059245285321,1791059245286577,1256,0,0,7,7,7,7,6,30
3,1342,1341,1791059245335321,1791059245336983,1662,0,1,13,13,13,11,10,49
3,1343,1342,1791059245385321,1791059245386896,1575,0,2,8,8,8,8,6,30
3,1344,1343,1791059245435321,1791059245436953,1632,0,3,8,8,8,8,6,30
3,1345,1344,1791059245485321,1791059245486856,1535,0,4,9,9,9,8,7,29
3,1346,1345,1791059245535321,1791059245537043,1722,0,5,9,9,9,9,2,10
3,1347,1346,1791059245585321,1791059245586938,1617,0,6,7,7,7,7,6,26
3,1348,1347,1791059245635321,1791059245636909,1588,0,7,11,11,11,10,6,21
3,1349,1348,1791059245685321,1791059245686847,1526,0,8,6,6,6,6,6,30
3,1350,1349,1791059245735321,1791059245736848,1527,0,9,12,12,12,10,8,37
3,1351,1350,1791059245785321,1791059245786657,1336,0,10,10,10,10,10,8,40
3,1352,1351,1791059245835321,1791059245836817,1496,0,11,12,12,12,12,12,58
3,1353,1352,1791059245885321,1791059245886639,1318,0,12,10,10,10,9,2,10
3,1354,1353,1791059245935321,1791059245937053,1732,0,13,10,10,10,10,8,40
3,1355,1354,1791059245985321,1791059245986785,1464,0,14,11,11,11,10,10,50
3,1356,1355,1791059246035321,1791059246036871,1550,0,15,16,16,16,14,14,61
3,1357,1356,1791059246085321,1791059246086480,1159,0,16,13,13,13,12,10,50
3,1358,1357,1791059246135321,1791059246137124,1803,0,17,11,11,11,10,10,50
3,1359,1358,1791059246185321,1791059246187164,1843,0,18,7,7,7,6,4,20
3,1360,1359,1791059246235321,1791059246236835,1514,0,19,10,10,10,10,4,18
3,1361,1360,1791059246285321,1791059246287371,2050,0,0,7,7,7,7,6,27
3,1362,1361,1791059246335321,1791059246336707,1386,0,1,13,13,13,10,8,40
3,1363,1362,1791059246385321,1791059246386734,1413,0,2,8,8,8,8,6,30
3,1364,1363,1791059246435321,1791059246436682,1361,0,3,8,8,8,8,8,31
3,1365,1364,1791059246485321,1791059246486625,1304,0,4,9,9,9,7,6,28
3,1366,1365,1791059246535321,1791059246536592,1271,0,5,9,9,9,9,2,10
3,1367,1366,1791059246585321,1791059246586708,1387,0,6,7,7,7,6,4,20
3,1368,1367,1791059246635321,1791059246636855,1534,0,7,11,11,11,9,5,20
3,1369,1368,1791059246685321,1791059246687108,1787,0,8,6,6,6,5,4,13
3,1370,1369,1791059246735321,1791059246737151,1830,0,9,12,12,12,11,10,50
3,1371,1370,1791059246785321,1791059246787168,1847,0,10,10,10,10,9,8,32
3,1372,1371,1791059246835321,1791059246836765,1444,0,11,12,12,12,13,12,51
3,1373,1372,1791059246885321,1791059246886659,1338,0,12,10,10,10,10,4,16
3,1374,1373,1791059246935321,1791059246936841,1520,0,13,10,10,10,10,8,40
3,1375,1374,1791059246985321,1791059246986891,1570,0,14,11,11,11,10,10,49
3,1376,1375,1791059247035321,1791059247036636,1315,0,15,16,16,16,15,14,67
3,1377,1376,1791059247085321,1791059247086983,1662,0,16,13,13,13,12,10,50
3,1378,1377,1791059247135321,1791059247136580,1259,0,17,11,11,11,10,10,43
3,1379,1378,1791059247185321,1791059247187283,1962,0,18,7,7,7,6,4,20
3,1380,1379,1791059247235321,1791059247236813,1492,0,19,10,10,10,10,4,20
3,1381,1380,1791059247285321,1791059247286393,1072,0,0,7,7,7,6,6,23
3,1382,1381,1791059247335321,1791059247337067,1746,0,1,13,13,13,10,8,40
3,1383,1382,1791059247385321,1791059247386913,1592,0,2,8,8,8,8,6,30
3,1384,1383,1791059247435321,1791059247437265,1944,0,3,8,8,8,8,6,30
3,1385,1384,1791059247485321,1791059247487018,1697,0,4,9,9,9,9,8,28
3,1386,1385,1791059247535321,1791059247536618,1297,0,5,9,9,9,9,2,10
3,1387,1386,1791059247585321,1791059247587164,1843,0,6,7,7,7,7,6,25
3,1388,1387,1791059247635321,1791059247636920,1599,0,7,11,11,11,8,4,20
3,1389,1388,1791059247685321,1791059247686740,1419,0,8,6,6,6,6,4,12
3,1390,1389,1791059247735321,1791059247737138,1817,0,9,12,12,12,12,10,50
3,1391,1390,1791059247785321,1791059247786405,1084,0,10,10,10,10,9,6,30
3,1392,1391,1791059247835321,1791059247836959,1638,0,11,12,12,12,13,10,50
3,1393,1392,1791059247885321,1791059247886641,1320,0,12,10,10,10,10,4,20
3,1394,1393,1791059247935321,1791059247936739,1418,0,13,10,10,10,10,8,40
3,1395,1394,1791059247985321,1791059247986638,1317,0,14,11,11,11,10,10,50
3,1396,1395,1791059248035321,1791059248036971,1650,0,15,16,16,16,16,16,70
3,1397,1396,1791059248085321,1791059248086559,1238,0,16,13,13,13,12,10,50
3,1398,1397,1791059248135321,1791059248137209,1888,0,17,11,11,11,9,8,40
3,1399,1398,1791059248185321,1791059248187180,1859,0,18,7,7,7,6,4,15
3,1400,1399,1791059248235321,1791059248236853,1532,0,19,10,10,10,9,4,20
3,1401,1400,1791059248285321,1791059248287262,1941,0,0,7,7,7,7,6,30
3,1402,1401,1791059248335321,1791059248336755,1434,0,1,13,13,13,10,8,40
3,1403,1402,1791059248385321,1791059248386644,1323,0,2,8,8,8,8,6,30
3,1404,1403,1791059248435321,1791059248436859,1538,0,3,8,8,8,8,8,31
3,1405,1404,1791059248485321,1791059248486620,1299,0,4,9,9,9,7,6,30
3,1406,1405,1791059248535321,1791059248536488,1167,0,5,9,9,9,9,2,10
3,1407,1406,1791059248585321,1791059248586554,1233,0,6,7,7,7,7,6,25
3,1408,1407,1791059248635321,1791059248636795,1474,0,7,11,11,11,8,4,20
3,1409,1408,1791059248685321,1791059248686451,1130,0,8,6,6,6,5,2,10
3,1410,1409,1791059248735321,1791059248737196,1875,0,9,12,12,12,11,8,39
3,1411,1410,1791059248785321,1791059248786731,1410,0,10,10,10,10,8,6,30
3,1412,1411,1791059248835321,1791059248836769,1448,0,11,12,12,12,12,12,51
3,1413,1412,1791059248885321,1791059248886561,1240,0,12,10,10,10,8,2,10
3,1414,1413,1791059248935321,1791059248936787,1466,0,13,10,10,10,10,10,45
3,1415,1414,1791059248985321,1791059248986561,1240,0,14,11,11,11,10,10,48
3,1416,1415,1791059249035321,1791059249036601,1280,0,15,16,16,16,15,14,68
3,1417,1416,1791059249085321,1791059249086563,1242,0,16,13,13,13,12,10,50
3,1418,1417,1791059249135321,1791059249136758,1437,0,17,11,11,11,10,10,44
3,1419,1418,1791059249185321,1791059249186419,1098,0,18,7,7,7,5,2,10
3,1420,1419,1791059249235321,1791059249236650,1329,0,19,10,10,10,11,8,31
3,1421,1420,1791059249285321,1791059249287185,1864,0,0,7,7,7,7,6,30
3,1422,1421,1791059249335321,1791059249336764,1443,0,1,13,13,13,10,10,44
3,1423,1422,1791059249385321,1791059249386670,1349,0,2,8,8,8,8,6,30
3,1424,1423,1791059249435321,1791059249436945,1624,0,3,8,8,8,8,6,30
3,1425,1424,1791059249485321,1791059249486716,1395,0,4,9,9,9,8,8,32
3,1426,1425,1791059249535321,1791059249537442,2121,0,5,9,9,9,9,2,10
3,1427,1426,1791059249585321,1791059249586758,1437,0,6,7,7,7,7,6,30
3,1428,1427,1791059249635321,1791059249636837,1516,0,7,11,11,11,7,4,20
3,1429,1428,1791059249685321,1791059249686811,1490,0,8,6,6,6,5,2,9
3,1430,1429,1791059249735321,1791059249736949,1628,0,9,12,12,12,12,10,47
3,1431,1430,1791059249785321,1791059249787124,1803,0,10,10,10,10,9,6,30
3,1432,1431,1791059249835321,1791059249836845,1524,0,11,12,12,12,13,10,50
3,1433,1432,1791059249885321,1791059249886695,1374,0,12,10,10,10,10,4,20
3,1434,1433,1791059249935321,1791059249936365,1044,0,13,10,10,10,10,10,43
3,1435,1434,1791059249985321,1791059249987185,1864,0,14,11,11,11,9,8,40
3,1436,1435,1791059250035321,1791059250036847,1526,0,15,16,16,16,16,16,71
3,1437,1436,1791059250085321,1791059250086537,1216,0,16,13,13,13,12,10,50
3,1438,1437,1791059250135321,1791059250136912,1591,0,17,11,11,11,9,8,36
3,1439,1438,1791059250185321,1791059250186821,1500,0,18,7,7,7,5,4,11
3,1440,1439,1791059250235321,1791059250236903,1582,0,19,10,10,10,11,6,26
3,1441,1440,1791059250285321,1791059250286483,1162,0,0,7,7,7,7,6,30
3,1442,1441,1791059250335321,1791059250336767,1446,0,1,13,13,13,10,8,40
3,1443,1442,1791059250385321,1791059250387205,1884,0,2,8,8,8,8,6,30
3,1444,1443,1791059250435321,1791059250436639,1318,0,3,8,8,8,7,6,30
3,1445,1444,1791059250485321,1791059250486379,1058,0,4,9,9,9,8,8,29
3,1446,1445,1791059250535321,1791059250536966,1645,0,5,9,9,9,9,2,10
3,1447,1446,1791059250585321,1791059250587086,1765,0,6,7,7,7,6,6,30
3,1448,1447,1791059250635321,1791059250636937,1616,0,7,11,11,11,8,4,20
3,1449,1448,1791059250685321,1791059250686538,1217,0,8,6,6,6,5,4,15
3,1450,1449,1791059250735321,1791059250736898,1577,0,9,12,12,12,10,8,40
3,1451,1450,1791059250785321,1791059250786483,1162,0,10,10,10,10,9,9,40
3,1452,1451,1791059250835321,1791059250836872,1551,0,11,12,12,12,13,12,51
3,1453,1452,1791059250885321,1791059250887189,1868,0,12,10,10,10,10,4,20
3,1454,1453,1791059250935321,1791059250936865,1544,0,13,10,10,10,10,10,50
3,1455,1454,1791059250985321,1791059250987054,1733,0,14,11,11,11,9,8,40
3,1456,1455,1791059251035321,1791059251036899,1578,0,15,16,16,16,16,15,70
3,1457,1456,1791059251085321,1791059251086685,1364,0,16,13,13,13,12,10,50
3,1458,1457,1791059251135321,1791059251137360,2039,0,17,11,11,11,9,8,38
3,1459,1458,1791059251185321,1791059251187148,1827,0,18,7,7,7,5,2,10
3,1460,1459,1791059251235321,1791059251236802,1481,0,19,10,10,10,10,6,23
3,1461,1460,1791059251285321,1791059251286652,1331,0,0,7,7,7,7,6,27
3,1462,1461,1791059251335321,1791059251336965,1644,0,1,13,13,13,10,8,40
3,1463,1462,1791059251385321,1791059251386945,1624,0,2,8,8,8,8,6,25
3,1464,1463,1791059251435321,1791059251436824,1503,0,3,8,8,8,8,7,30
3,1465,1464,1791059251485321,1791059251486486,1165,0,4,9,9,9,6,4,20
3,1466,1465,1791059251535321,1791059251537250,1929,0,5,9,9,9,9,2,10
3,1467,1466,1791059251585321,1791059251586849,1528,0,6,7,7,7,6,6,30
3,1468,1467,1791059251635321,1791059251636777,1456,0,7,11,11,11,8,6,24
3,1469,1468,1791059251685321,1791059251687152,1831,0,8,6,6,6,4,2,10
3,1470,1469,1791059251735321,1791059251736829,1508,0,9,12,12,12,12,10,50
3,1471,1470,1791059251785321,1791059251786609,1288,0,10,10,10,10,9,6,30
3,1472,1471,1791059251835321,1791059251836771,1450,0,11,12,12,12,13,10,50
3,1473,1472,1791059251885321,1791059251887176,1855,0,12,10,10,10,9,4,20
3,1474,1473,1791059251935321,1791059251936595,1274,0,13,10,10,10,10,10,50
3,1475,1474,1791059251985321,1791059251986886,1565,0,14,11,11,11,9,8,40
3,1476,1475,1791059252035321,1791059252036862,1541,0,15,16,16,16,16,16,65
3,1477,1476,1791059252085321,1791059252086449,1128,0,16,13,13,13,12,10,50
3,1478,1477,1791059252135321,1791059252136316,995,0,17,11,11,11,9,8,33
3,1479,1478,1791059252185321,1791059252186315,994,0,18,7,7,7,5,2,10
3,1480,1479,1791059252235321,1791059252236795,1474,0,19,10,10,10,10,6,26
3,1481,1480,1791059252285321,1791059252286382,1061,0,0,7,7,7,6,4,20
3,1482,1481,1791059252335321,1791059252336952,1631,0,1,13,13,13,9,8,40
3,1483,1482,1791059252385321,1791059252386424,1103,0,2,8,8,8,7,4,20
3,1484,1483,1791059252435321,1791059252436981,1660,0,3,8,8,8,7,7,30
3,1485,1484,1791059252485321,1791059252486727,1406,0,4,9,9,9,7,6,24
3,1486,1485,1791059252535321,1791059252536620,1299,0,5,9,9,9,8,2,10
3,1487,1486,1791059252585321,1791059252587051,1730,0,6,7,7,7,7,7,30
3,1488,1487,1791059252635321,1791059252636825,1504,0,7,11,11,11,7,4,20
3,1489,1488,1791059252685321,1791059252686421,1100,0,8,6,6,6,3,2,10
3,1490,1489,1791059252735321,1791059252736478,1157,0,9,12,12,12,9,6,30
3,1491,1490,1791059252785321,1791059252786567,1246,0,10,10,10,10,9,8,40
3,1492,1491,1791059252835321,1791059252836755,1434,0,11,12,12,12,13,12,51
3,1493,1492,1791059252885321,1791059252886976,1655,0,12,10,10,10,10,4,20
3,1494,1493,1791059252935321,1791059252936890,1569,0,13,10,10,10,10,10,47
3,1495,1494,1791059252985321,1791059252987077,1756,0,14,11,11,11,9,8,40
3,1496,1495,1791059253035321,1791059253036740,1419,0,15,16,16,16,14,12,60
3,1497,1496,1791059253085321,1791059253086451,1130,0,16,13,13,13,12,10,50
3,1498,1497,1791059253135321,1791059253137032,1711,0,17,11,11,11,8,6,30
3,1499,1498,1791059253185321,1791059253186432,1111,0,18,7,7,7,4,2,10
3,1500,1499,1791059253235321,1791059253236670,1349,0,19,10,10,10,11,8,31
3,1501,1500,1791059253285321,1791059253286392,1071,0,0,7,7,7,6,6,27
3,1502,1501,1791059253335321,1791059253336954,1633,0,1,13,13,13,10,8,39
3,1503,1502,1791059253385321,1791059253386624,1303,0,2,8,8,8,7,4,20
3,1504,1503,1791059253435321,1791059253436703,1382,0,3,8,8,8,7,6,30
3,1505,1504,1791059253485321,1791059253486548,1227,0,4,9,9,9,7,6,29
3,1506,1505,1791059253535321,1791059253536613,1292,0,5,9,9,9,9,2,10
3,1507,1506,1791059253585321,1791059253586985,1664,0,6,7,7,7,7,6,28
3,1508,1507,1791059253635321,1791059253636704,1383,0,7,11,11,11,8,5,20
3,1509,1508,1791059253685321,1791059253687050,1729,0,8,6,6,6,2,0,0
3,1510,1509,1791059253735321,1791059253736814,1493,0,9,12,12,12,11,6,22
3,1511,1510,1791059253785321,1791059253787138,1817,0,10,10,10,10,9,8,40
3,1512,1511,1791059253835321,1791059253836740,1419,0,11,12,12,12,13,10,50
3,1513,1512,1791059253885321,1791059253886401,1080,0,12,10,10,10,10,4,20
3,1514,1513,1791059253935321,1791059253937017,1696,0,13,10,10,10,10,10,48
3,1515,1514,1791059253985321,1791059253986823,1502,0,14,11,11,11,9,8,40
3,1516,1515,1791059254035321,1791059254036762,1441,0,15,16,16,16,15,14,57
3,1517,1516,1791059254085321,1791059254086502,1181,0,16,13,13,13,12,10,50
3,1518,1517,1791059254135321,1791059254136981,1660,0,17,11,11,11,9,8,38
3,1519,1518,1791059254185321,1791059254186632,1311,0,18,7,7,7,4,2,10
3,1520,1519,1791059254235321,1791059254236759,1438,0,19,10,10,10,10,6,30
3,1521,1520,1791059254285321,1791059254286650,1329,0,0,7,7,7,7,6,26
3,1522,1521,1791059254335321,1791059254337075,1754,0,1,13,13,13,10,8,31
3,1523,1522,1791059254385321,1791059254386616,1295,0,2,8,8,8,6,4,20
3,1524,1523,1791059254435321,1791059254436670,1349,0,3,8,8,8,7,7,30
3,1525,1524,1791059254485321,1791059254486906,1585,0,4,9,9,9,7,4,20
3,1526,1525,1791059254535321,1791059254536659,1338,0,5,9,9,9,8,4,19
3,1527,1526,1791059254585321,1791059254586491,1170,0,6,7,7,7,7,6,30
3,1528,1527,1791059254635321,1791059254636795,1474,0,7,11,11,11,7,6,24
3,1529,1528,1791059254685321,1791059254687235,1914,0,8,6,6,6,5,4,20
3,1530,1529,1791059254735321,1791059254736893,1572,0,9,12,12,12,10,8,39
3,1531,1530,1791059254785321,1791059254786731,1410,0,10,10,10,10,9,8,40
3,1532,1531,1791059254835321,1791059254836744,1423,0,11,12,12,12,13,12,51
3,1533,1532,1791059254885321,1791059254887050,1729,0,12,10,10,10,9,4,19
3,1534,1533,1791059254935321,1791059254936428,1107,0,13,10,10,10,10,10,43
3,1535,1534,1791059254985321,1791059254987181,1860,0,14,11,11,11,10,10,41
3,1536,1535,1791059255035321,1791059255036973,1652,0,15,16,16,16,14,12,58
3,1537,1536,1791059255085321,1791059255086687,1366,0,16,13,13,13,12,10,50
3,1538,1537,1791059255135321,1791059255137061,1740,0,17,11,11,11,8,6,30
3,1539,1538,1791059255185321,1791059255186808,1487,0,18,7,7,7,5,4,20
3,1540,1539,1791059255235321,1791059255236782,1461,0,19,10,10,10,10,4,19
3,1541,1540,1791059255285321,1791059255286973,1652,0,0,7,7,7,6,6,30
3,1542,1541,1791059255335321,1791059255336564,1243,0,1,13,13,13,9,6,30
3,1543,1542,1791059255385321,1791059255386542,1221,0,2,8,8,8,6,4,20
3,1544,1543,1791059255435321,1791059255436740,1419,0,3,8,8,8,7,6,30
3,1545,1544,1791059255485321,1791059255486416,1095,0,4,9,9,9,7,6,30
3,1546,1545,1791059255535321,1791059255536431,1110,0,5,9,9,9,9,2,10
3,1547,1546,1791059255585321,1791059255586735,1414,0,6,7,7,7,6,6,30
3,1548,1547,1791059255635321,1791059255636812,1491,0,7,11,11,11,7,6,21
3,1549,1548,1791059255685321,1791059255686449,1128,0,8,6,6,6,4,2,10
3,1550,1549,1791059255735321,1791059255737236,1915,0,9,12,12,12,10,6,30
3,1551,1550,1791059255785321,1791059255786733,1412,0,10,10,10,10,8,7,30
3,1552,1551,1791059255835321,1791059255836750,1429,0,11,12,12,12,11,10,50
3,1553,1552,1791059255885321,1791059255886636,1315,0,12,10,10,10,10,4,14
3,1554,1553,1791059255935321,1791059255936838,1517,0,13,10,10,10,9,6,30
3,1555,1554,1791059255985321,1791059255987042,1721,0,14,11,11,11,9,6,29
3,1556,1555,1791059256035321,1791059256036968,1647,0,15,16,16,16,14,12,51
3,1557,1556,1791059256085321,1791059256087084,1763,0,16,13,13,13,12,11,50
3,1558,1557,1791059256135321,1791059256136916,1595,0,17,11,11,11,9,8,34
3,1559,1558,1791059256185321,1791059256186869,1548,0,18,7,7,7,5,4,16
3,1560,1559,1791059256235321,1791059256236620,1299,0,19,10,10,10,11,4,17
3,1561,1560,1791059256285321,1791059256286964,1643,0,0,7,7,7,6,4,20
3,1562,1561,1791059256335321,1791059256337080,1759,0,1,13,13,13,9,7,30
3,1563,1562,1791059256385321,1791059256386825,1504,0,2,8,8,8,7,5,20
3,1564,1563,1791059256435321,1791059256436791,1470,0,3,8,8,8,7,7,28
3,1565,1564,1791059256485321,1791059256487313,1992,0,4,9,9,9,8,5,18
3,1566,1565,1791059256535321,1791059256537062,1741,0,5,9,9,9,9,6,25
3,1567,1566,1791059256585321,1791059256586393,1072,0,6,7,7,7,7,6,25
3,1568,1567,1791059256635321,1791059256636913,1592,0,7,11,11,11,9,6,29
3,1569,1568,1791059256685321,1791059256686634,1313,0,8,6,6,6,5,5,20
3,1570,1569,1791059256735321,1791059256737069,1748,0,9,12,12,12,11,10,41
3,1571,1570,1791059256785321,1791059256786677,1356,0,10,10,10,10,9,8,31
3,1572,1571,1791059256835321,1791059256836813,1492,0,11,12,12,12,11,10,50
3,1573,1572,1791059256885321,1791059256886939,1618,0,12,10,10,10,10,4,13
3,1574,1573,1791059256935321,1791059256936674,1353,0,13,10,10,10,9,6,30
3,1575,1574,1791059256985321,1791059256987260,1939,0,14,11,11,11,9,6,28
3,1576,1575,1791059257035321,1791059257036942,1621,0,15,16,16,16,14,11,48
3,1577,1576,1791059257085321,1791059257086590,1269,0,16,13,13,13,12,11,50
3,1578,1577,1791059257135321,1791059257136992,1671,0,17,11,11,11,8,6,30
3,1579,1578,1791059257185321,1791059257186831,1510,0,18,7,7,7,5,4,12
3,1580,1579,1791059257235321,1791059257236834,1513,0,19,10,10,10,8,2,10
3,1581,1580,1791059257285321,1791059257286613,1292,0,0,7,7,7,7,6,22
3,1582,1581,1791059257335321,1791059257336551,1230,0,1,13,13,13,8,6,30
3,1583,1582,1791059257385321,1791059257386712,1391,0,2,8,8,8,6,4,20
3,1584,1583,1791059257435321,1791059257436862,1541,0,3,8,8,8,7,6,28
3,1585,1584,1791059257485321,1791059257486602,1281,0,4,9,9,9,6,4,18
3,1586,1585,1791059257535321,1791059257536686,1365,0,5,9,9,9,9,6,27
3,1587,1586,1791059257585321,1791059257586951,1630,0,6,7,7,7,7,6,21
3,1588,1587,1791059257635321,1791059257636786,1465,0,7,11,11,9,10,6,43
3,1589,1588,1791059257685321,1791059257687302,1981,0,8,6,6,0,6,0,0
3,1590,1589,1791059257735321,1791059257736453,1132,0,9,12,12,3,12,0,0
3,1591,1590,1791059257785321,1791059257787343,2022,0,10,10,10,2,10,3,20
3,1592,1591,1791059257835321,1791059257836787,1466,0,11,12,12,1,13,2,1
3,1593,1592,1791059257885321,1791059257887316,1995,0,12,10,10,2,10,0,0
3,1594,1593,1791059257935321,1791059257936594,1273,0,13,10,10,1,10,0,0
3,1595,1594,1791059257985321,1791059257986955,1634,0,14,11,11,1,10,0,0
3,1596,1595,1791059258035321,1791059258036772,1451,0,15,16,16,2,15,2,10
3,1597,1596,1791059258085321,1791059258087346,2025,0,16,13,13,1,12,0,0
3,1598,1597,1791059258135321,1791059258136423,1102,0,17,11,11,3,10,2,10
3,1599,1598,1791059258185321,1791059258186302,981,0,18,7,7,2,6,0,0
3,1600,1599,1791059258235321,1791059258236826,1505,0,19,10,10,1,11,2,1
3,1601,1600,1791059258285321,1791059258287269,1948,0,0,7,7,0,7,0,0
3,1602,1601,1791059258335321,1791059258336776,1455,0,1,13,13,4,12,2,10
3,1603,1602,1791059258385321,1791059258386663,1342,0,2,8,8,2,7,0,0
3,1604,1603,1791059258435321,1791059258436842,1521,0,3,8,8,1,8,0,0
3,1605,1604,1791059258485321,1791059258486565,1244,0,4,9,9,2,8,0,0
3,1606,1605,1791059258535321,1791059258537053,1732,0,5,9,9,1,9,0,0
3,1607,1606,1791059258585321,1791059258586868,1547,0,6,7,7,0,7,0,0
3,1608,1607,1791059258635321,1791059258636805,1484,0,7,11,11,2,10,0,0
3,1609,1608,1791059258685321,1791059258687095,1774,0,8,6,6,0,6,0,0
3,1610,1609,1791059258735321,1791059258737020,1699,0,9,12,12,3,12,0,0
3,1611,1610,1791059258785321,1791059258787214,1893,0,10,10,10,2,10,3,20
3,1612,1611,1791059258835321,1791059258836716,1395,0,11,12,12,1,13,0,0
3,1613,1612,1791059258885321,1791059258886941,1620,0,12,10,10,2,10,0,0
3,1614,1613,1791059258935321,1791059258936788,1467,0,13,10,10,1,10,0,0
3,1615,1614,1791059258985321,1791059258987205,1884,0,14,11,11,1,10,0,0
3,1616,1615,1791059259035321,1791059259036760,1439,0,15,16,16,2,15,2,10
3,1617,1616,1791059259085321,1791059259086870,1549,0,16,13,13,1,12,0,0
3,1618,1617,1791059259135321,1791059259137021,1700,0,17,11,11,3,10,2,10
3,1619,1618,1791059259185321,1791059259186697,1376,0,18,7,7,2,6,0,0
3,1620,1619,1791059259235321,1791059259236758,1437,0,19,10,10,1,11,0,0
3,1621,1620,1791059259285321,1791059259287344,2023,0,0,7,7,0,7,0,0
3,1622,1621,1791059259335321,1791059259336727,1406,0,1,13,13,4,12,2,10
3,1623,1622,1791059259385321,1791059259386419,1098,0,2,8,8,2,7,0,0
3,1624,1623,1791059259435321,1791059259436820,1499,0,3,8,8,1,7,0,0
3,1625,1624,1791059259485321,1791059259486440,1119,0,4,9,9,2,8,0,0
3,1626,1625,1791059259535321,1791059259536434,1113,0,5,9,9,1,9,0,0
3,1627,1626,1791059259585321,1791059259587080,1759,0,6,7,7,0,7,0,0
3,1628,1627,1791059259635321,1791059259637067,1746,0,7,11,11,2,11,0,0
3,1629,1628,1791059259685321,1791059259686689,1368,0,8,6,6,0,6,0,0
3,1630,1629,1791059259735321,1791059259736505,1184,0,9,12,12,3,12,0,0
3,1631,1630,1791059259785321,1791059259786812,1491,0,10,10,10,2,10,3,20
3,1632,1631,1791059259835321,1791059259836824,1503,0,11,12,12,1,12,0,0
3,1633,1632,1791059259885321,1791059259886614,1293,0,12,10,10,2,10,0,0
3,1634,1633,1791059259935321,1791059259936899,1578,0,13,10,10,1,10,0,0
3,1635,1634,1791059259985321,1791059259986518,1197,0,14,11,11,1,10,0,0
3,1636,1635,1791059260035321,1791059260036698,1377,0,15,16,16,2,16,2,10
3,1637,1636,1791059260085321,1791059260087182,1861,0,16,13,13,1,12,0,0
3,1638,1637,1791059260135321,1791059260136712,1391,0,17,11,11,3,10,2,10
3,1639,1638,1791059260185321,1791059260187102,1781,0,18,7,7,2,6,0,0
3,1640,1639,1791059260235321,1791059260236691,1370,0,19,10,10,1,11,2,1
3,1641,1640,1791059260285321,1791059260287132,1811,0,0,7,7,0,7,0,0
3,1642,1641,1791059260335321,1791059260336665,1344,0,1,13,13,4,12,2,10
3,1643,1642,1791059260385321,1791059260387269,1948,0,2,8,8,2,7,0,0
3,1644,1643,1791059260435321,1791059260436850,1529,0,3,8,8,1,8,0,0
3,1645,1644,1791059260485321,1791059260486406,1085,0,4,9,9,2,8,0,0
3,1646,1645,1791059260535321,1791059260536369,1048,0,5,9,9,1,9,0,0
3,1647,1646,1791059260585321,1791059260587148,1827,0,6,7,7,0,7,0,0
3,1648,1647,1791059260635321,1791059260636820,1499,0,7,11,11,2,10,0,0
3,1649,1648,1791059260685321,1791059260686652,1331,0,8,6,6,0,6,0,0
3,1650,1649,1791059260735321,1791059260736527,1206,0,9,12,12,3,12,0,0
3,1651,1650,1791059260785321,1791059260786906,1585,0,10,10,10,2,10,3,20
3,1652,1651,1791059260835321,1791059260836617,1296,0,11,12,12,1,13,0,0
3,1653,1652,1791059260885321,1791059260886836,1515,0,12,10,10,2,10,0,0
3,1654,1653,1791059260935321,1791059260936940,1619,0,13,10,10,1,10,0,0
3,1655,1654,1791059260985321,1791059260987244,1923,0,14,11,11,1,10,0,0
3,1656,1655,1791059261035321,1791059261036733,1412,0,15,16,16,2,16,3,11
3,1657,1656,1791059261085321,1791059261086449,1128,0,16,13,13,1,12,0,0
3,1658,1657,1791059261135321,1791059261136951,1630,0,17,11,11,3,10,2,10
3,1659,1658,1791059261185321,1791059261186519,1198,0,18,7,7,2,6,0,0
3,1660,1659,1791059261235321,1791059261236782,1461,0,19,10,10,1,10,0,0
3,1661,1660,1791059261285321,1791059261287339,2018,0,0,7,7,0,7,0,0
3,1662,1661,1791059261335321,1791059261336800,1479,0,1,13,13,4,12,2,10
3,1663,1662,1791059261385321,1791059261386733,1412,0,2,8,8,2,7,0,0
3,1664,1663,1791059261435321,1791059261436838,1517,0,3,8,8,1,8,2,1
3,1665,1664,1791059261485321,1791059261487136,1815,0,4,9,9,2,8,0,0
3,1666,1665,1791059261535321,1791059261536996,1675,0,5,9,9,1,9,0,0
3,1667,1666,1791059261585321,1791059261586706,1385,0,6,7,7,0,7,0,0
3,1668,1667,1791059261635321,1791059261636777,1456,0,7,11,11,2,11,0,0
3,1669,1668,1791059261685321,1791059261687070,1749,0,8,6,6,0,6,0,0
3,1670,1669,1791059261735321,1791059261736665,1344,0,9,12,12,3,12,0,0
3,1671,1670,1791059261785321,1791059261787128,1807,0,10,10,10,2,10,3,20
3,1672,1671,1791059261835321,1791059261836792,1471,0,11,12,12,1,12,0,0
3,1673,1672,1791059261885321,1791059261886385,1064,0,12,10,10,2,10,0,0
3,1674,1673,1791059261935321,1791059261937303,1982,0,13,10,10,1,10,0,0
3,1675,1674,1791059261985321,1791059261986798,1477,0,14,11,11,1,10,0,0
3,1676,1675,1791059262035321,1791059262036646,1325,0,15,16,16,2,16,2,10
3,1677,1676,1791059262085321,1791059262087237,1916,0,16,13,13,1,12,0,0
3,1678,1677,1791059262135321,1791059262137048,1727,0,17,11,11,3,10,2,10
3,1679,1678,1791059262185321,1791059262187244,1923,0,18,7,7,2,6,0,0
3,1680,1679,1791059262235321,1791059262236840,1519,0,19,10,10,1,11,2,1
3,1681,1680,1791059262285321,1791059262286947,1626,0,0,7,7,0,7,0,0
3,1682,1681,1791059262335321,1791059262336673,1352,0,1,13,13,4,12,2,10
3,1683,1682,1791059262385321,1791059262386466,1145,0,2,8,8,2,7,0,0
3,1684,1683,1791059262435321,1791059262436866,1545,0,3,8,8,1,7,0,0
3,1685,1684,1791059262485321,1791059262486567,1246,0,4,9,9,2,8,0,0
3,1686,1685,1791059262535321,1791059262537254,1933,0,5,9,9,1,9,0,0
3,1687,1686,1791059262585321,1791059262586673,1352,0,6,7,7,0,7,0,0
3,1688,1687,1791059262635321,1791059262636646,1325,0,7,11,11,2,11,2,1
3,1689,1688,1791059262685321,1791059262686599,1278,0,8,6,6,0,6,0,0
3,1690,1689,1791059262735321,1791059262736985,1664,0,9,12,12,3,12,0,0
3,1691,1690,1791059262785321,1791059262786824,1503,0,10,10,10,2,10,3,20
3,1692,1691,1791059262835321,1791059262836775,1454,0,11,12,12,1,13,0,0
3,1693,1692,1791059262885321,1791059262886549,1228,0,12,10,10,2,10,0,0
3,1694,1693,1791059262935321,1791059262936806,1485,0,13,10,10,1,10,0,0
3,1695,1694,1791059262985321,1791059262987210,1889,0,14,11,11,1,10,0,0
3,1696,1695,1791059263035321,1791059263036816,1495,0,15,16,16,2,15,2,10
3,1697,1696,1791059263085321,1791059263086982,1661,0,16,13,13,1,12,0,0
3,1698,1697,1791059263135321,1791059263136744,1423,0,17,11,11,3,10,2,10
3,1699,1698,1791059263185321,1791059263186975,1654,0,18,7,7,2,6,0,0
3,1700,1699,1791059263235321,1791059263236826,1505,0,19,10,10,1,11,0,0
3,1701,1700,1791059263285321,1791059263287101,1780,0,0,7,7,0,7,0,0
3,1702,1701,1791059263335321,1791059263336732,1411,0,1,13,13,4,12,2,10
3,1703,1702,1791059263385321,1791059263387236,1915,0,2,8,8,2,7,0,0
3,1704,1703,1791059263435321,1791059263436906,1585,0,3,8,8,1,8,2,1
3,1705,1704,1791059263485321,1791059263486522,1201,0,4,9,9,2,8,0,0
3,1706,1705,1791059263535321,1791059263537139,1818,0,5,9,9,1,9,0,0
3,1707,1706,1791059263585321,1791059263586510,1189,0,6,7,7,0,7,0,0
3,1708,1707,1791059263635321,1791059263636798,1477,0,7,11,11,2,10,0,0
3,1709,1708,1791059263685321,1791059263686837,1516,0,8,6,6,0,6,0,0
3,1710,1709,1791059263735321,1791059263736561,1240,0,9,12,12,3,12,0,0
3,1711,1710,1791059263785321,1791059263786433,1112,0,10,10,10,2,10,3,20
3,1712,1711,1791059263835321,1791059263836968,1647,0,11,12,12,1,13,2,1
3,1713,1712,1791059263885321,1791059263886440,1119,0,12,10,10,2,10,0,0
3,1714,1713,1791059263935321,1791059263936726,1405,0,13,10,10,1,10,0,0
3,1715,1714,1791059263985321,1791059263987178,1857,0,14,11,11,1,10,0,0
3,1716,1715,1791059264035321,1791059264036657,1336,0,15,16,16,2,15,2,10
3,1717,1716,1791059264085321,1791059264086986,1665,0,16,13,13,1,12,0,0
3,1718,1717,1791059264135321,1791059264136561,1240,0,17,11,11,3,10,2,10
3,1719,1718,1791059264185321,1791059264187193,1872,0,18,7,7,2,6,0,0
3,1720,1719,1791059264235321,1791059264236804,1483,0,19,10,10,1,11,2,1
3,1721,1720,1791059264285321,1791059264286537,1216,0,0,7,7,0,7,0,0
3,1722,1721,1791059264335321,1791059264336848,1527,0,1,13,13,4,12,2,10
3,1723,1722,1791059264385321,1791059264386729,1408,0,2,8,8,2,7,0,0
3,1724,1723,1791059264435321,1791059264436819,1498,0,3,8,8,1,8,0,0
3,1725,1724,1791059264485321,1791059264486388,1067,0,4,9,9,2,8,0,0
3,1726,1725,1791059264535321,1791059264537103,1782,0,5,9,9,1,9,0,0
3,1727,1726,1791059264585321,1791059264586781,1460,0,6,7,7,0,7,0,0
3,1728,1727,1791059264635321,1791059264636795,1474,0,7,11,11,2,10,0,0
3,1729,1728,1791059264685321,1791059264687084,1763,0,8,6,6,0,6,0,0
3,1730,1729,1791059264735321,1791059264736792,1471,0,9,12,12,3,12,0,0
3,1731,1730,1791059264785321,1791059264787226,1905,0,10,10,10,2,10,3,20
3,1732,1731,1791059264835321,1791059264836773,1452,0,11,12,12,1,13,0,0
3,1733,1732,1791059264885321,1791059264886309,988,0,12,10,10,2,10,0,0
3,1734,1733,1791059264935321,1791059264936957,1636,0,13,10,10,1,10,0,0
3,1735,1734,1791059264985321,1791059264986665,1344,0,14,11,11,1,10,0,0
3,1736,1735,1791059265035321,1791059265036957,1636,0,15,16,16,2,16,3,11
3,1737,1736,1791059265085321,1791059265086480,1159,0,16,13,13,1,12,0,0
3,1738,1737,1791059265135321,1791059265137166,1845,0,17,11,11,3,10,2,10
3,1739,1738,1791059265185321,1791059265186570,1249,0,18,7,7,2,6,0,0
3,1740,1739,1791059265235321,1791059265236772,1451,0,19,10,10,1,11,0,0
3,1741,1740,1791059265285321,1791059265286421,1100,0,0,7,7,0,7,0,0
3,1742,1741,1791059265335321,1791059265337203,1882,0,1,13,13,4,12,2,10
3,1743,1742,1791059265385321,1791059265386774,1453,0,2,8,8,2,7,0,0
3,1744,1743,1791059265435321,1791059265436871,1550,0,3,8,8,1,8,2,1
3,1745,1744,1791059265485321,1791059265487241,1920,0,4,9,9,2,8,0,0
3,1746,1745,1791059265535321,1791059265536753,1432,0,5,9,9,1,9,0,0
3,1747,1746,1791059265585321,1791059265586587,1266,0,6,7,7,0,7,0,0
3,1748,1747,1791059265635321,1791059265636756,1435,0,7,11,11,2,10,0,0
3,1749,1748,1791059265685321,1791059265687196,1875,0,8,6,6,0,6,0,0
3,1750,1749,1791059265735321,1791059265737183,1862,0,9,12,12,3,12,0,0
3,1751,1750,1791059265785321,1791059265786807,1486,0,10,10,10,2,10,3,20
3,1752,1751,1791059265835321,1791059265836748,1427,0,11,12,12,1,13,2,1
3,1753,1752,1791059265885321,1791059265887197,1876,0,12,10,10,2,10,0,0
3,1754,1753,1791059265935321,1791059265937321,2000,0,13,10,10,1,10,0,0
3,1755,1754,1791059265985321,1791059265987279,1958,0,14,11,11,1,10,0,0
3,1756,1755,1791059266035321,1791059266036824,1503,0,15,16,16,2,15,2,10
3,1757,1756,1791059266085321,1791059266086507,1186,0,16,13,13,1,12,0,0
3,1758,1757,1791059266135321,1791059266136399,1078,0,17,11,11,3,10,2,10
3,1759,1758,1791059266185321,1791059266186647,1326,0,18,7,7,2,6,0,0
3,1760,1759,1791059266235321,1791059266237012,1691,0,19,10,10,1,11,2,1
3,1761,1760,1791059266285321,1791059266286851,1530,0,0,7,7,0,7,0,0
3,1762,1761,1791059266335321,1791059266337209,1888,0,1,13,13,4,12,2,10
3,1763,1762,1791059266385321,1791059266387198,1877,0,2,8,8,2,7,0,0
3,1764,1763,1791059266435321,1791059266437096,1775,0,3,8,8,1,7,0,0
3,1765,1764,1791059266485321,1791059266486532,1211,0,4,9,9,2,8,0,0
3,1766,1765,1791059266535321,1791059266536412,1091,0,5,9,9,1,9,0,0
3,1767,1766,1791059266585321,1791059266586434,1113,0,6,7,7,0,7,0,0
3,1768,1767,1791059266635321,1791059266637140,1819,0,7,11,11,2,11,2,1
3,1769,1768,1791059266685321,1791059266686568,1247,0,8,6,6,0,6,0,0
3,1770,1769,1791059266735321,1791059266736608,1287,0,9,12,12,3,12,0,0
3,1771,1770,1791059266785321,1791059266786419,1098,0,10,10,10,2,10,3,20
3,1772,1771,1791059266835321,1791059266836879,1558,0,11,12,12,1,12,0,0
3,1773,1772,1791059266885321,1791059266886446,1125,0,12,10,10,2,10,0,0
3,1774,1773,1791059266935321,1791059266937134,1813,0,13,10,10,1,10,0,0
3,1775,1774,1791059266985321,1791059266987117,1796,0,14,11,11,1,10,0,0
3,1776,1775,1791059267035321,1791059267036780,1459,0,15,16,16,2,16,3,11
3,1777,1776,1791059267085321,1791059267087325,2004,0,16,13,13,1,12,0,0
3,1778,1777,1791059267135321,1791059267137062,1741,0,17,11,11,3,10,2,10
3,1779,1778,1791059267185321,1791059267187025,1704,0,18,7,7,2,6,0,0
3,1780,1779,1791059267235321,1791059267236702,1381,0,19,10,10,1,10,0,0
3,1781,1780,1791059267285321,1791059267287314,1993,0,0,7,7,0,7,0,0
3,1782,1781,1791059267335321,1791059267336687,1366,0,1,13,13,4,12,2,10
3,1783,1782,1791059267385321,1791059267387163,1842,0,2,8,8,2,7,0,0
3,1784,1783,1791059267435321,1791059267436865,1544,0,3,8,8,1,8,2,1
3,1785,1784,1791059267485321,1791059267486414,1093,0,4,9,9,2,8,0,0
3,1786,1785,1791059267535321,1791059267537202,1881,0,5,9,9,1,9,0,0
3,1787,1786,1791059267585321,1791059267586732,1411,0,6,7,7,0,7,0,0
3,1788,1787,1791059267635321,1791059267636909,1588,0,7,11,11,2,11,0,0
3,1789,1788,1791059267685321,1791059267686623,1302,0,8,6,6,0,6,0,0
3,1790,1789,1791059267735321,1791059267736560,1239,0,9,12,12,3,12,0,0
3,1791,1790,1791059267785321,1791059267787261,1940,0,10,10,10,2,10,3,20
3,1792,1791,1791059267835321,1791059267836685,1364,0,11,12,12,1,12,0,0
3,1793,1792,1791059267885321,1791059267886426,1105,0,12,10,10,2,10,0,0
3,1794,1793,1791059267935321,1791059267936416,1095,0,13,10,10,1,10,0,0
3,1795,1794,1791059267985321,1791059267987356,2035,0,14,11,11,1,10,0,0
3,1796,1795,1791059268035321,1791059268036967,1646,0,15,16,16,2,16,2,10
3,1797,1796,1791059268085321,1791059268086524,1203,0,16,13,13,1,12,0,0
3,1798,1797,1791059268135321,1791059268136817,1496,0,17,11,11,3,10,2,10
3,1799,1798,1791059268185321,1791059268186748,1427,0,18,7,7,2,6,0,0
3,1800,1799,1791059268235321,1791059268236752,1431,0,19,10,10,1,11,2,1
3,1801,1800,1791059268285321,1791059268286483,1162,0,0,7,7,0,7,0,0
3,1802,1801,1791059268335321,1791059268336551,1230,0,1,13,13,4,12,2,10
3,1803,1802,1791059268385321,1791059268386890,1569,0,2,8,8,2,7,0,0
3,1804,1803,1791059268435321,1791059268436750,1429,0,3,8,8,1,7,0,0
3,1805,1804,1791059268485321,1791059268487343,2022,0,4,9,9,2,8,0,0
3,1806,1805,1791059268535321,1791059268536596,1275,0,5,9,9,1,9,0,0
3,1807,1806,1791059268585321,1791059268587232,1911,0,6,7,7,0,7,0,0
3,1808,1807,1791059268635321,1791059268637319,1998,0,7,11,11,2,11,2,1
3,1809,1808,1791059268685321,1791059268686721,1400,0,8,6,6,0,6,0,0
3,1810,1809,1791059268735321,1791059268736646,1325,0,9,12,12,3,12,0,0
3,1811,1810,1791059268785321,1791059268786817,1496,0,10,10,10,2,10,3,20
3,1812,1811,1791059268835321,1791059268836772,1451,0,11,12,12,1,12,0,0
3,1813,1812,1791059268885321,1791059268886599,1278,0,12,10,10,2,10,0,0
3,1814,1813,1791059268935321,1791059268936791,1470,0,13,10,10,1,10,0,0
3,1815,1814,1791059268985321,1791059268987004,1683,0,14,11,11,1,10,0,0
3,1816,1815,1791059269035321,1791059269036689,1368,0,15,16,16,2,16,3,11
3,1817,1816,1791059269085321,1791059269086614,1293,0,16,13,13,1,12,0,0
3,1818,1817,1791059269135321,1791059269137310,1989,0,17,11,11,3,10,2,10
3,1819,1818,1791059269185321,1791059269186893,1572,0,18,7,7,2,6,0,0
3,1820,1819,1791059269235321,1791059269236839,1518,0,19,10,10,1,10,0,0
3,1821,1820,1791059269285321,1791059269286436,1115,0,0,7,7,0,7,0,0
3,1822,1821,1791059269335321,1791059269336781,1460,0,1,13,13,4,12,2,10
3,1823,1822,1791059269385321,1791059269386981,1660,0,2,8,8,2,7,0,0
3,1824,1823,1791059269435321,1791059269436764,1443,0,3,8,8,1,8,2,1
3,1825,1824,1791059269485321,1791059269487168,1847,0,4,9,9,2,8,0,0
3,1826,1825,1791059269535321,1791059269536647,1326,0,5,9,9,1,9,0,0
3,1827,1826,1791059269585321,1791059269586376,1055,0,6,7,7,0,7,0,0
3,1828,1827,1791059269635321,1791059269636824,1503,0,7,11,11,2,10,0,0
3,1829,1828,1791059269685321,1791059269686589,1268,0,8,6,6,0,6,0,0
3,1830,1829,1791059269735321,1791059269736618,1297,0,9,12,12,3,12,0,0
3,1831,1830,1791059269785321,1791059269786907,1586,0,10,10,10,2,10,3,20
3,1832,1831,1791059269835321,1791059269836915,1594,0,11,12,12,1,13,2,1
3,1833,1832,1791059269885321,1791059269886708,1387,0,12,10,10,2,10,0,0
3,1834,1833,1791059269935321,1791059269937135,1814,0,13,10,10,1,10,0,0
3,1835,1834,1791059269985321,1791059269986551,1230,0,14,11,11,1,10,0,0
3,1836,1835,1791059270035321,1791059270036933,1612,0,15,16,16,2,16,2,10
3,1837,1836,1791059270085321,1791059270086796,1475,0,16,13,13,1,12,0,0
3,1838,1837,1791059270135321,1791059270136762,1441,0,17,11,11,3,10,2,10
3,1839,1838,1791059270185321,1791059270186669,1348,0,18,7,7,2,6,0,0
3,1840,1839,1791059270235321,1791059270236942,1621,0,19,10,10,1,11,2,1
3,1841,1840,1791059270285321,1791059270286438,1117,0,0,7,7,0,7,0,0
3,1842,1841,1791059270335321,1791059270336550,1229,0,1,13,13,4,12,2,10
3,1843,1842,1791059270385321,1791059270387190,1869,0,2,8,8,2,7,0,0
3,1844,1843,1791059270435321,1791059270437059,1738,0,3,8,8,1,8,0,0
3,1845,1844,1791059270485321,1791059270486787,1466,0,4,9,9,2,8,0,0
3,1846,1845,1791059270535321,1791059270537487,2166,0,5,9,9,1,9,0,0
3,1847,1846,1791059270585321,1791059270587259,1938,0,6,7,7,0,7,0,0
3,1848,1847,1791059270635321,1791059270636878,1557,0,7,11,11,2,11,2,1
3,1849,1848,1791059270685321,1791059270686639,1318,0,8,6,6,0,6,0,0
3,1850,1849,1791059270735321,1791059270736405,1084,0,9,12,12,3,12,0,0
3,1851,1850,1791059270785321,1791059270786577,1256,0,10,10,10,2,10,3,20
3,1852,1851,1791059270835321,1791059270836799,1478,0,11,12,12,1,12,0,0
3,1853,1852,1791059270885321,1791059270886657,1336,0,12,10,10,2,10,0,0
3,1854,1853,1791059270935321,1791059270936869,1548,0,13,10,10,1,10,0,0
3,1855,1854,1791059270985321,1791059270986422,1101,0,14,11,11,1,10,0,0
3,1856,1855,1791059271035321,1791059271036797,1476,0,15,16,16,2,16,3,11
3,1857,1856,1791059271085321,1791059271086447,1126,0,16,13,13,1,12,0,0
3,1858,1857,1791059271135321,1791059271136904,1583,0,17,11,11,3,10,2,10
3,1859,1858,1791059271185321,1791059271186561,1240,0,18,7,7,2,6,0,0
3,1860,1859,1791059271235321,1791059271236863,1542,0,19,10,10,1,11,0,0
3,1861,1860,1791059271285321,1791059271286442,1121,0,0,7,7,0,7,0,0
3,1862,1861,1791059271335321,1791059271336830,1509,0,1,13,13,4,12,2,10
3,1863,1862,1791059271385321,1791059271387089,1768,0,2,8,8,2,7,0,0
3,1864,1863,1791059271435321,1791059271436791,1470,0,3,8,8,1,7,0,0
3,1865,1864,1791059271485321,1791059271486462,1141,0,4,9,9,2,8,0,0
3,1866,1865,1791059271535321,1791059271537116,1795,0,5,9,9,1,9,0,0
3,1867,1866,1791059271585321,1791059271586518,1197,0,6,7,7,0,7,0,0
3,1868,1867,1791059271635321,1791059271636869,1548,0,7,11,11,2,11,0,0
3,1869,1868,1791059271685321,1791059271686592,1271,0,8,6,6,0,6,0,0
3,1870,1869,1791059271735321,1791059271736544,1223,0,9,12,12,3,12,0,0
3,1871,1870,1791059271785321,1791059271786944,1623,0,10,10,10,2,10,3,20
3,1872,1871,1791059271835321,1791059271836802,1481,0,11,12,12,1,13,2,1
3,1873,1872,1791059271885321,1791059271886984,1663,0,12,10,10,2,10,0,0
3,1874,1873,1791059271935321,1791059271936505,1184,0,13,10,10,1,10,0,0
3,1875,1874,1791059271985321,1791059271987012,1691,0,14,11,11,1,10,0,0
3,1876,1875,1791059272035321,1791059272036798,1477,0,15,16,16,2,15,2,10
3,1877,1876,1791059272085321,1791059272086610,1289,0,16,13,13,1,12,0,0
3,1878,1877,1791059272135321,1791059272137201,1880,0,17,11,11,3,10,2,10
3,1879,1878,1791059272185321,1791059272186667,1346,0,18,7,7,2,6,0,0
3,1880,1879,1791059272235321,1791059272236980,1659,0,19,10,10,1,11,2,1
3,1881,1880,1791059272285321,1791059272286829,1508,0,0,7,7,0,7,0,0
3,1882,1881,1791059272335321,1791059272336642,1321,0,1,13,13,4,12,2,10
3,1883,1882,1791059272385321,1791059272386771,1450,0,2,8,8,2,7,0,0
3,1884,1883,1791059272435321,1791059272436958,1637,0,3,8,8,1,8,0,0
3,1885,1884,1791059272485321,1791059272486738,1417,0,4,9,9,2,8,0,0
3,1886,1885,1791059272535321,1791059272537253,1932,0,5,9,9,1,9,0,0
3,1887,1886,1791059272585321,1791059272586754,1433,0,6,7,7,0,7,0,0
3,1888,1887,1791059272635321,1791059272636437,1116,0,7,11,11,2,11,2,1
3,1889,1888,1791059272685321,1791059272687094,1773,0,8,6,6,0,6,0,0
3,1890,1889,1791059272735321,1791059272736763,1442,0,9,12,12,3,12,0,0
3,1891,1890,1791059272785321,1791059272786481,1160,0,10,10,10,2,10,3,20
3,1892,1891,1791059272835321,1791059272836891,1570,0,11,12,12,1,12,0,0
3,1893,1892,1791059272885321,1791059272886712,1391,0,12,10,10,2,10,0,0
3,1894,1893,1791059272935321,1791059272936802,1481,0,13,10,10,1,10,0,0
3,1895,1894,1791059272985321,1791059272987217,1896,0,14,11,11,1,10,0,0
3,1896,1895,1791059273035321,1791059273036813,1492,0,15,16,16,2,16,3,11
3,1897,1896,1791059273085321,1791059273086626,1305,0,16,13,13,1,12,0,0
3,1898,1897,1791059273135321,1791059273137033,1712,0,17,11,11,3,10,2,10
3,1899,1898,1791059273185321,1791059273186384,1063,0,18,7,7,2,6,0,0
3,1900,1899,1791059273235321,1791059273237030,1709,0,19,10,10,1,11,0,0
3,1901,1900,1791059273285321,1791059273286955,1634,0,0,7,7,0,7,0,0
3,1902,1901,1791059273335321,1791059273336992,1671,0,1,13,13,4,12,2,10
3,1903,1902,1791059273385321,1791059273387029,1708,0,2,8,8,2,7,0,0
3,1904,1903,1791059273435321,1791059273436972,1651,0,3,8,8,1,8,2,1
3,1905,1904,1791059273485321,1791059273486699,1378,0,4,9,9,2,8,0,0
3,1906,1905,1791059273535321,1791059273536685,1364,0,5,9,9,1,9,0,0
3,1907,1906,1791059273585321,1791059273586405,1084,0,6,7,7,0,7,0,0
3,1908,1907,1791059273635321,1791059273636832,1511,0,7,11,11,2,10,0,0
3,1909,1908,1791059273685321,1791059273687228,1907,0,8,6,6,0,6,0,0
3,1910,1909,1791059273735321,1791059273736949,1628,0,9,12,12,3,12,0,0
3,1911,1910,1791059273785321,1791059273786800,1479,0,10,10,10,2,10,3,20
3,1912,1911,1791059273835321,1791059273836894,1573,0,11,12,12,1,13,2,1
3,1913,1912,1791059273885321,1791059273886598,1277,0,12,10,10,2,10,0,0
3,1914,1913,1791059273935321,1791059273937128,1807,0,13,10,10,1,10,0,0
3,1915,1914,1791059273985321,1791059273986669,1348,0,14,11,11,1,10,0,0
3,1916,1915,1791059274035321,1791059274036736,1415,0,15,16,16,2,15,2,10
3,1917,1916,1791059274085321,1791059274087176,1855,0,16,13,13,1,12,0,0
3,1918,1917,1791059274135321,1791059274136657,1336,0,17,11,11,3,10,2,10
3,1919,1918,1791059274185321,1791059274186977,1656,0,18,7,7,2,6,0,0
3,1920,1919,1791059274235321,1791059274236818,1497,0,19,10,10,1,11,2,1
3,1921,1920,1791059274285321,1791059274287350,2029,0,0,7,7,0,7,0,0
3,1922,1921,1791059274335321,1791059274336647,1326,0,1,13,13,4,12,2,10
3,1923,1922,1791059274385321,1791059274386745,1424,0,2,8,8,2,7,0,0
3,1924,1923,1791059274435321,1791059274436810,1489,0,3,8,8,1,7,0,0
3,1925,1924,1791059274485321,1791059274486527,1206,0,4,9,9,2,8,0,0
3,1926,1925,1791059274535321,1791059274536400,1079,0,5,9,9,1,9,0,0
3,1927,1926,1791059274585321,1791059274586803,1482,0,6,7,7,0,7,0,0
3,1928,1927,1791059274635321,1791059274636765,1444,0,7,11,11,2,11,2,1
3,1929,1928,1791059274685321,1791059274686839,1518,0,8,6,6,0,6,0,0
3,1930,1929,1791059274735321,1791059274737207,1886,0,9,12,12,3,12,0,0
3,1931,1930,1791059274785321,1791059274786755,1434,0,10,10,10,2,10,3,20
3,1932,1931,1791059274835321,1791059274836784,1463,0,11,12,12,1,13,0,0
3,1933,1932,1791059274885321,1791059274887255,1934,0,12,10,10,2,10,0,0
3,1934,1933,1791059274935321,1791059274936581,1260,0,13,10,10,1,10,0,0
3,1935,1934,1791059274985321,1791059274987221,1900,0,14,11,11,1,10,0,0
3,1936,1935,1791059275035321,1791059275036830,1509,0,15,16,16,2,15,2,10
3,1937,1936,1791059275085321,1791059275086516,1195,0,16,13,13,1,12,0,0
3,1938,1937,1791059275135321,1791059275137067,1746,0,17,11,11,3,10,2,10
3,1939,1938,1791059275185321,1791059275186661,1340,0,18,7,7,2,6,0,0
3,1940,1939,1791059275235321,1791059275236796,1475,0,19,10,10,1,11,0,0
3,1941,1940,1791059275285321,1791059275287364,2043,0,0,7,7,0,7,0,0
3,1942,1941,1791059275335321,1791059275336616,1295,0,1,13,13,4,12,2,10
3,1943,1942,1791059275385321,1791059275387273,1952,0,2,8,8,2,7,0,0
3,1944,1943,1791059275435321,1791059275437048,1727,0,3,8,8,1,8,2,1
3,1945,1944,1791059275485321,1791059275486965,1644,0,4,9,9,2,8,0,0
3,1946,1945,1791059275535321,1791059275537092,1771,0,5,9,9,1,9,0,0
3,1947,1946,1791059275585321,1791059275586741,1420,0,6,7,7,0,7,0,0
3,1948,1947,1791059275635321,1791059275636700,1379,0,7,11,11,2,10,0,0
3,1949,1948,1791059275685321,1791059275686936,1615,0,8,6,6,0,6,0,0
3,1950,1949,1791059275735321,1791059275736686,1365,0,9,12,12,3,12,0,0
3,1951,1950,1791059275785321,1791059275786594,1273,0,10,10,10,2,10,3,20
3,1952,1951,1791059275835321,1791059275836888,1567,0,11,12,12,1,13,2,1
3,1953,1952,1791059275885321,1791059275886709,1388,0,12,10,10,2,10,0,0
3,1954,1953,1791059275935321,1791059275937239,1918,0,13,10,10,1,10,0,0
3,1955,1954,1791059275985321,1791059275986637,1316,0,14,11,11,1,10,0,0
3,1956,1955,1791059276035321,1791059276036656,1335,0,15,16,16,2,15,2,10
3,1957,1956,1791059276085321,1791059276086411,1090,0,16,13,13,1,12,0,0
3,1958,1957,1791059276135321,1791059276136813,1492,0,17,11,11,3,10,2,10
3,1959,1958,1791059276185321,1791059276186700,1379,0,18,7,7,2,6,0,0
3,1960,1959,1791059276235321,1791059276236690,1369,0,19,10,10,1,11,2,1
3,1961,1960,1791059276285321,1791059276286605,1284,0,0,7,7,0,7,0,0
3,1962,1961,1791059276335321,1791059276336451,1130,0,1,13,13,4,12,2,10
3,1963,1962,1791059276385321,1791059276386450,1129,0,2,8,8,2,7,0,0
3,1964,1963,1791059276435321,1791059276436675,1354,0,3,8,8,1,8,0,0
3,1965,1964,1791059276485321,1791059276486516,1195,0,4,9,9,2,8,0,0
3,1966,1965,1791059276535321,1791059276536682,1361,0,5,9,9,1,9,0,0
3,1967,1966,1791059276585321,1791059276586640,1319,0,6,7,7,0,7,0,0
3,1968,1967,1791059276635321,1791059276636878,1557,0,7,11,11,2,11,2,1
3,1969,1968,1791059276685321,1791059276687143,1822,0,8,6,6,0,6,0,0
3,1970,1969,1791059276735321,1791059276736334,1013,0,9,12,12,3,12,0,0
3,1971,1970,1791059276785321,1791059276787217,1896,0,10,10,10,2,10,3,20
3,1972,1971,1791059276835321,1791059276836847,1526,0,11,12,12,1,13,0,0
3,1973,1972,1791059276885321,1791059276886938,1617,0,12,10,10,2,10,0,0
3,1974,1973,1791059276935321,1791059276937333,2012,0,13,10,10,1,10,0,0
3,1975,1974,1791059276985321,1791059276986983,1662,0,14,11,11,1,10,0,0
3,1976,1975,1791059277035321,1791059277036893,1572,0,15,16,16,2,16,3,11
3,1977,1976,1791059277085321,1791059277086854,1533,0,16,13,13,1,12,0,0
3,1978,1977,1791059277135321,1791059277136591,1270,0,17,11,11,3,10,2,10
3,1979,1978,1791059277185321,1791059277186830,1509,0,18,7,7,2,6,0,0
3,1980,1979,1791059277235321,1791059277236858,1537,0,19,10,10,1,10,0,0
3,1981,1980,1791059277285321,1791059277286491,1170,0,0,7,7,0,7,0,0
3,1982,1981,1791059277335321,1791059277336992,1671,0,1,13,13,4,12,2,10
3,1983,1982,1791059277385321,1791059277387010,1689,0,2,8,8,2,7,0,0
3,1984,1983,1791059277435321,1791059277436656,1335,0,3,8,8,1,8,2,1
3,1985,1984,1791059277485321,1791059277486372,1051,0,4,9,9,2,8,0,0
3,1986,1985,1791059277535321,1791059277536466,1145,0,5,9,9,1,9,0,0
3,1987,1986,1791059277585321,1791059277587316,1995,0,6,7,7,0,7,0,0
3,1988,1987,1791059277635321,1791059277636672,1351,0,7,11,11,2,11,0,0
3,1989,1988,1791059277685321,1791059277687070,1749,0,8,6,6,0,6,0,0
3,1990,1989,1791059277735321,1791059277737187,1866,0,9,12,12,3,12,0,0
3,1991,1990,1791059277785321,1791059277786374,1053,0,10,10,10,2,10,3,20
3,1992,1991,1791059277835321,1791059277836809,1488,0,11,12,12,1,12,0,0
3,1993,1992,1791059277885321,1791059277887146,1825,0,12,10,10,2,10,0,0
3,1994,1993,1791059277935321,1791059277936980,1659,0,13,10,10,1,10,0,0
3,1995,1994,1791059277985321,1791059277986940,1619,0,14,11,11,1,10,0,0
3,1996,1995,1791059278035321,1791059278036696,1375,0,15,16,16,2,16,2,10
3,1997,1996,1791059278085321,1791059278086808,1487,0,16,13,13,1,12,0,0
3,1998,1997,1791059278135321,1791059278136630,1309,0,17,11,11,3,10,2,10
3,1999,1998,1791059278185321,1791059278187388,2067,0,18,7,7,2,6,0,0
3,2000,1999,1791059278235321,1791059278236780,1459,0,19,10,10,1,10,0,0
3,2001,2000,1791059278285321,1791059278286673,1352,0,0,7,7,0,7,0,0
3,2002,2001,1791059278335321,1791059278337349,2028,0,1,13,13,4,12,2,10
3,2003,2002,1791059278385321,1791059278387334,2013,0,2,8,8,2,7,0,0
3,2004,2003,1791059278435321,1791059278437021,1700,0,3,8,8,1,8,0,0
3,2005,2004,1791059278485321,1791059278486856,1535,0,4,9,9,2,8,0,0
3,2006,2005,1791059278535321,1791059278536665,1344,0,5,9,9,1,9,0,0
3,2007,2006,1791059278585321,1791059278587289,1968,0,6,7,7,0,7,0,0
3,2008,2007,1791059278635321,1791059278636846,1525,0,7,11,11,2,10,0,0
3,2009,2008,1791059278685321,1791059278686813,1492,0,8,6,6,0,6,0,0
3,2010,2009,1791059278735321,1791059278736477,1156,0,9,12,12,3,12,0,0
3,2011,2010,1791059278785321,1791059278786954,1633,0,10,10,10,2,10,3,20
3,2012,2011,1791059278835321,1791059278836817,1496,0,11,12,12,1,13,0,0
3,2013,2012,1791059278885321,1791059278887271,1950,0,12,10,10,2,10,0,0
3,2014,2013,1791059278935321,1791059278937122,1801,0,13,10,10,1,10,0,0
3,2015,2014,1791059278985321,1791059278987226,1905,0,14,11,11,1,10,0,0
3,2016,2015,1791059279035321,1791059279036883,1562,0,15,16,16,2,16,3,11
3,2017,2016,1791059279085321,1791059279086946,1625,0,16,13,13,1,12,0,0
3,2018,2017,1791059279135321,1791059279137164,1843,0,17,11,11,3,10,2,10
3,2019,2018,1791059279185321,1791059279187120,1799,0,18,7,7,2,6,0,0
3,2020,2019,1791059279235321,1791059279236684,1363,0,19,10,10,1,10,0,0
3,2021,2020,1791059279285321,1791059279286761,1440,0,0,7,7,0,7,0,0
3,2022,2021,1791059279335321,1791059279336528,1207,0,1,13,13,4,12,2,10
3,2023,2022,1791059279385321,1791059279386684,1363,0,2,8,8,2,7,0,0
3,2024,2023,1791059279435321,1791059279436809,1488,0,3,8,8,1,8,2,1
3,2025,2024,1791059279485321,1791059279486775,1454,0,4,9,9,2,8,0,0
3,2026,2025,1791059279535321,1791059279536666,1345,0,5,9,9,1,9,0,0
3,2027,2026,1791059279585321,1791059279587127,1806,0,6,7,7,0,7,0,0
3,2028,2027,1791059279635321,1791059279636819,1498,0,7,11,11,2,10,0,0
3,2029,2028,1791059279685321,1791059279686707,1386,0,8,6,6,0,6,0,0
3,2030,2029,1791059279735321,1791059279736678,1357,0,9,12,12,3,12,0,0
3,2031,2030,1791059279785321,1791059279786372,1051,0,10,10,10,2,10,3,20
3,2032,2031,1791059279835321,1791059279836608,1287,0,11,12,12,1,13,2,1
3,2033,2032,1791059279885321,1791059279887177,1856,0,12,10,10,2,10,0,0
3,2034,2033,1791059279935321,1791059279937002,1681,0,13,10,10,1,10,0,0
3,2035,2034,1791059279985321,1791059279986800,1479,0,14,11,11,1,10,0,0
3,2036,2035,1791059280035321,1791059280036753,1432,0,15,16,16,2,15,2,10
3,2037,2036,1791059280085321,1791059280087262,1941,0,16,13,13,1,12,0,0
3,2038,2037,1791059280135321,1791059280136731,1410,0,17,11,11,3,10,2,10
3,2039,2038,1791059280185321,1791059280187186,1865,0,18,7,7,2,6,0,0
3,2040,2039,1791059280235321,1791059280236810,1489,0,19,10,10,1,11,2,1
3,2041,2040,1791059280285321,1791059280286595,1274,0,0,7,7,0,7,0,0
3,2042,2041,1791059280335321,1791059280336976,1655,0,1,13,13,4,12,2,10
3,2043,2042,1791059280385321,1791059280386663,1342,0,2,8,8,2,7,0,0
3,2044,2043,1791059280435321,1791059280436821,1500,0,3,8,8,1,8,0,0
3,2045,2044,1791059280485321,1791059280487134,1813,0,4,9,9,2,8,0,0
3,2046,2045,1791059280535321,1791059280536535,1214,0,5,9,9,1,9,0,0
3,2047,2046,1791059280585321,1791059280587341,2020,0,6,7,7,0,7,0,0
3,2048,2047,1791059280635321,1791059280636815,1494,0,7,11,11,2,10,0,0
3,2049,2048,1791059280685321,1791059280687236,1915,0,8,6,6,0,6,0,0
3,2050,2049,1791059280735321,1791059280736602,1281,0,9,12,12,3,12,0,0
3,2051,2050,1791059280785321,1791059280787071,1750,0,10,10,10,2,10,3,20
3,2052,2051,1791059280835321,1791059280836755,1434,0,11,12,12,1,13,0,0
3,2053,2052,1791059280885321,1791059280886704,1383,0,12,10,10,2,10,0,0
3,2054,2053,1791059280935321,1791059280936423,1102,0,13,10,10,1,10,0,0
3,2055,2054,1791059280985321,1791059280986882,1561,0,14,11,11,1,10,0,0
3,2056,2055,1791059281035321,1791059281036702,1381,0,15,16,16,2,15,2,10
3,2057,2056,1791059281085321,1791059281086945,1624,0,16,13,13,1,12,0,0
3,2058,2057,1791059281135321,1791059281136489,1168,0,17,11,11,3,10,2,10
3,2059,2058,1791059281185321,1791059281187219,1898,0,18,7,7,2,6,0,0
3,2060,2059,1791059281235321,1791059281236943,1622,0,19,10,10,1,11,0,0
3,2061,2060,1791059281285321,1791059281286657,1336,0,0,7,7,0,7,0,0
3,2062,2061,1791059281335321,1791059281337023,1702,0,1,13,13,4,12,2,10
3,2063,2062,1791059281385321,1791059281386632,1311,0,2,8,8,2,7,0,0
3,2064,2063,1791059281435321,1791059281436306,985,0,3,8,8,1,8,2,1
3,2065,2064,1791059281485321,1791059281486565,1244,0,4,9,9,2,8,0,0
3,2066,2065,1791059281535321,1791059281537248,1927,0,5,9,9,1,9,0,0
3,2067,2066,1791059281585321,1791059281586678,1357,0,6,7,7,0,7,0,0
3,2068,2067,1791059281635321,1791059281636843,1522,0,7,11,11,2,10,0,0
3,2069,2068,1791059281685321,1791059281687010,1689,0,8,6,6,0,6,0,0
3,2070,2069,1791059281735321,1791059281736595,1274,0,9,12,12,3,12,0,0
3,2071,2070,1791059281785321,1791059281787260,1939,0,10,10,10,2,10,3,20
3,2072,2071,1791059281835321,1791059281836993,1672,0,11,12,12,1,13,2,1
3,2073,2072,1791059281885321,1791059281886803,1482,0,12,10,10,2,10,0,0
3,2074,2073,1791059281935321,1791059281936476,1155,0,13,10,10,1,10,0,0
3,2075,2074,1791059281985321,1791059281987370,2049,0,14,11,11,1,10,0,0
3,2076,2075,1791059282035321,1791059282036933,1612,0,15,16,16,2,16,2,10
3,2077,2076,1791059282085321,1791059282086412,1091,0,16,13,13,1,12,0,0
3,2078,2077,1791059282135321,1791059282136640,1319,0,17,11,11,3,10,2,10
3,2079,2078,1791059282185321,1791059282187298,1977,0,18,7,7,2,6,0,0
3,2080,2079,1791059282235321,1791059282236781,1460,0,19,10,10,1,10,0,0
3,2081,2080,1791059282285321,1791059282286323,1002,0,0,7,7,0,7,0,0
3,2082,2081,1791059282335321,1791059282336719,1398,0,1,13,13,4,12,2,10
3,2083,2082,1791059282385321,1791059282386418,1097,0,2,8,8,2,7,0,0
3,2084,2083,1791059282435321,1791059282436755,1434,0,3,8,8,1,8,0,0
3,2085,2084,1791059282485321,1791059282487230,1909,0,4,9,9,2,8,0,0
3,2086,2085,1791059282535321,1791059282536868,1547,0,5,9,9,1,9,0,0
3,2087,2086,1791059282585321,1791059282586658,1337,0,6,7,7,0,7,0,0
3,2088,2087,1791059282635321,1791059282636816,1495,0,7,11,11,2,10,0,0
3,2089,2088,1791059282685321,1791059282686571,1250,0,8,6,6,0,6,0,0
3,2090,2089,1791059282735321,1791059282736712,1391,0,9,12,12,3,12,0,0
3,2091,2090,1791059282785321,1791059282786952,1631,0,10,10,10,2,10,3,20
3,2092,2091,1791059282835321,1791059282836879,1558,0,11,12,12,1,13,0,0
3,2093,2092,1791059282885321,1791059282886719,1398,0,12,10,10,2,10,0,0
3,2094,2093,1791059282935321,1791059282936754,1433,0,13,10,10,1,10,0,0
3,2095,2094,1791059282985321,1791059282987079,1758,0,14,11,11,1,10,0,0
3,2096,2095,1791059283035321,1791059283036757,1436,0,15,16,16,2,15,2,10
3,2097,2096,1791059283085321,1791059283087175,1854,0,16,13,13,1,12,0,0
3,2098,2097,1791059283135321,1791059283136596,1275,0,17,11,11,3,10,2,10
3,2099,2098,1791059283185321,1791059283187047,1726,0,18,7,7,2,6,0,0
3,2100,2099,1791059283235321,1791059283236683,1362,0,19,10,10,1,11,0,0
3,2101,2100,1791059283285321,1791059283286381,1060,0,0,7,7,0,7,0,0
3,2102,2101,1791059283335321,1791059283336837,1516,0,1,13,13,4,12,2,10
3,2103,2102,1791059283385321,1791059283387257,1936,0,2,8,8,2,7,0,0
3,2104,2103,1791059283435321,1791059283436846,1525,0,3,8,8,1,7,0,0
3,2105,2104,1791059283485321,1791059283486728,1407,0,4,9,9,2,8,0,0
3,2106,2105,1791059283535321,1791059283537301,1980,0,5,9,9,1,9,0,0
3,2107,2106,1791059283585321,1791059283586533,1212,0,6,7,7,0,7,0,0
3,2108,2107,1791059283635321,1791059283636726,1405,0,7,11,11,2,11,0,0
3,2109,2108,1791059283685321,1791059283686854,1533,0,8,6,6,0,6,0,0
3,2110,2109,1791059283735321,1791059283736474,1153,0,9,12,12,3,12,0,0
3,2111,2110,1791059283785321,1791059283787017,1696,0,10,10,10,2,10,3,20
3,2112,2111,1791059283835321,1791059283836966,1645,0,11,12,12,1,13,2,1
3,2113,2112,1791059283885321,1791059283886417,1096,0,12,10,10,2,10,0,0
3,2114,2113,1791059283935321,1791059283936982,1661,0,13,10,10,1,10,0,0
3,2115,2114,1791059283985321,1791059283986818,1497,0,14,11,11,1,10,0,0
3,2116,2115,1791059284035321,1791059284036751,1430,0,15,16,16,2,15,2,10
3,2117,2116,1791059284085321,1791059284086426,1105,0,16,13,13,1,12,0,0
3,2118,2117,1791059284135321,1791059284136905,1584,0,17,11,11,3,10,2,10
3,2119,2118,1791059284185321,1791059284187207,1886,0,18,7,7,2,6,0,0
3,2120,2119,1791059284235321,1791059284236930,1609,0,19,10,10,1,11,2,1
3,2121,2120,1791059284285321,1791059284287326,2005,0,0,7,7,0,7,0,0
3,2122,2121,1791059284335321,1791059284336723,1402,0,1,13,13,4,12,2,10
3,2123,2122,1791059284385321,1791059284386610,1289,0,2,8,8,2,7,0,0
3,2124,2123,1791059284435321,1791059284436901,1580,0,3,8,8,1,8,0,0
3,2125,2124,1791059284485321,1791059284486431,1110,0,4,9,9,2,8,0,0
3,2126,2125,1791059284535321,1791059284537274,1953,0,5,9,9,1,9,0,0
3,2127,2126,1791059284585321,1791059284586547,1226,0,6,7,7,0,7,0,0
3,2128,2127,1791059284635321,1791059284636980,1659,0,7,11,11,2,11,2,1
3,2129,2128,1791059284685321,1791059284686740,1419,0,8,6,6,0,6,0,0
3,2130,2129,1791059284735321,1791059284736820,1499,0,9,12,12,3,12,0,0
3,2131,2130,1791059284785321,1791059284786861,1540,0,10,10,10,2,10,3,20
3,2132,2131,1791059284835321,1791059284836844,1523,0,11,12,12,1,12,0,0
3,2133,2132,1791059284885321,1791059284886637,1316,0,12,10,10,2,10,0,0
3,2134,2133,1791059284935321,1791059284936433,1112,0,13,10,10,1,10,0,0
3,2135,2134,1791059284985321,1791059284986950,1629,0,14,11,11,1,10,0,0
3,2136,2135,1791059285035321,1791059285036911,1590,0,15,16,16,2,16,3,11
3,2137,2136,1791059285085321,1791059285086555,1234,0,16,13,13,1,12,0,0
3,2138,2137,1791059285135321,1791059285137134,1813,0,17,11,11,3,10,2,10
3,2139,2138,1791059285185321,1791059285186694,1373,0,18,7,7,2,6,0,0
3,2140,2139,1791059285235321,1791059285236849,1528,0,19,10,10,1,11,0,0
3,2141,2140,1791059285285321,1791059285286514,1193,0,0,7,7,0,7,0,0
3,2142,2141,1791059285335321,1791059285337099,1778,0,1,13,13,4,12,2,10
3,2143,2142,1791059285385321,1791059285386470,1149,0,2,8,8,2,7,0,0
3,2144,2143,1791059285435321,1791059285436709,1388,0,3,8,8,1,7,0,0
3,2145,2144,1791059285485321,1791059285487088,1767,0,4,9,9,2,8,0,0
3,2146,2145,1791059285535321,1791059285537025,1704,0,5,9,9,1,9,0,0
3,2147,2146,1791059285585321,1791059285587044,1723,0,6,7,7,0,7,0,0
3,2148,2147,1791059285635321,1791059285636888,1567,0,7,11,11,2,11,0,0
3,2149,2148,1791059285685321,1791059285687006,1685,0,8,6,6,0,6,0,0
3,2150,2149,1791059285735321,1791059285737257,1936,0,9,12,12,3,12,0,0
3,2151,2150,1791059285785321,1791059285786470,1149,0,10,10,10,2,10,3,20
3,2152,2151,1791059285835321,1791059285836684,1363,0,11,12,12,1,13,2,1
3,2153,2152,1791059285885321,1791059285886649,1328,0,12,10,10,2,10,0,0
3,2154,2153,1791059285935321,1791059285936484,1163,0,13,10,10,1,10,0,0
3,2155,2154,1791059285985321,1791059285986784,1463,0,14,11,11,1,10,0,0
3,2156,2155,1791059286035321,1791059286036643,1322,0,15,16,16,2,15,2,10
3,2157,2156,1791059286085321,1791059286087310,1989,0,16,13,13,1,12,0,0
3,2158,2157,1791059286135321,1791059286137123,1802,0,17,11,11,3,10,2,10
3,2159,2158,1791059286185321,1791059286187043,1722,0,18,7,7,2,6,0,0
3,2160,2159,1791059286235321,1791059286236867,1546,0,19,10,10,1,11,2,1
3,2161,2160,1791059286285321,1791059286287008,1687,0,0,7,7,0,7,0,0
3,2162,2161,1791059286335321,1791059286337069,1748,0,1,13,13,4,12,2,10
3,2163,2162,1791059286385321,1791059286387328,2007,0,2,8,8,2,7,0,0
3,2164,2163,1791059286435321,1791059286436908,1587,0,3,8,8,1,8,0,0
3,2165,2164,1791059286485321,1791059286486660,1339,0,4,9,9,2,8,0,0
3,2166,2165,1791059286535321,1791059286537046,1725,0,5,9,9,1,9,0,0
3,2167,2166,1791059286585321,1791059286586947,1626,0,6,7,7,0,7,0,0
3,2168,2167,1791059286635321,1791059286636776,1455,0,7,11,11,2,10,0,0
3,2169,2168,1791059286685321,1791059286686640,1319,0,8,6,6,0,6,0,0
3,2170,2169,1791059286735321,1791059286736490,1169,0,9,12,12,3,12,0,0
3,2171,2170,1791059286785321,1791059286786912,1591,0,10,10,10,2,10,3,20
3,2172,2171,1791059286835321,1791059286836746,1425,0,11,12,12,1,13,0,0
3,2173,2172,1791059286885321,1791059286887258,1937,0,12,10,10,2,10,0,0
3,2174,2173,1791059286935321,1791059286937054,1733,0,13,10,10,1,10,0,0
3,2175,2174,1791059286985321,1791059286986688,1367,0,14,11,11,1,10,0,0
3,2176,2175,1791059287035321,1791059287036902,1581,0,15,16,16,2,15,2,10
3,2177,2176,1791059287085321,1791059287087078,1757,0,16,13,13,1,12,0,0
3,2178,2177,1791059287135321,1791059287136939,1618,0,17,11,11,3,10,2,10
3,2179,2178,1791059287185321,1791059287186726,1405,0,18,7,7,2,6,0,0
3,2180,2179,1791059287235321,1791059287236971,1650,0,19,10,10,1,11,0,0
3,2181,2180,1791059287285321,1791059287286864,1543,0,0,7,7,0,7,0,0
3,2182,2181,1791059287335321,1791059287337193,1872,0,1,13,13,4,12,2,10
3,2183,2182,1791059287385321,1791059287386814,1493,0,2,8,8,2,7,0,0
3,2184,2183,1791059287435321,1791059287436766,1445,0,3,8,8,1,7,0,0
3,2185,2184,1791059287485321,1791059287486630,1309,0,4,9,9,2,8,0,0
3,2186,2185,1791059287535321,1791059287537191,1870,0,5,9,9,1,9,0,0
3,2187,2186,1791059287585321,1791059287586995,1674,0,6,7,7,0,7,0,0
3,2188,2187,1791059287635321,1791059287636757,1436,0,7,11,11,2,11,0,0
3,2189,2188,1791059287685321,1791059287687226,1905,0,8,6,6,0,6,0,0
3,2190,2189,1791059287735321,1791059287736445,1124,0,9,12,12,3,12,0,0
3,2191,2190,1791059287785321,1791059287786959,1638,0,10,10,10,2,10,3,20
3,2192,2191,1791059287835321,1791059287836735,1414,0,11,12,12,1,13,2,1
3,2193,2192,1791059287885321,1791059287886632,1311,0,12,10,10,2,10,0,0
3,2194,2193,1791059287935321,1791059287936721,1400,0,13,10,10,1,10,0,0
3,2195,2194,1791059287985321,1791059287986596,1275,0,14,11,11,1,10,0,0
3,2196,2195,1791059288035321,1791059288036786,1465,0,15,16,16,2,16,2,10
3,2197,2196,1791059288085321,1791059288086620,1299,0,16,13,13,1,12,0,0
3,2198,2197,1791059288135321,1791059288137262,1941,0,17,11,11,3,10,2,10
3,2199,2198,1791059288185321,1791059288186867,1546,0,18,7,7,2,6,0,0
3,2200,2199,1791059288235321,1791059288236777,1456,0,19,10,10,1,10,0,0
3,2201,2200,1791059288285321,1791059288286547,1226,0,0,7,7,0,7,0,0
3,2202,2201,1791059288335321,1791059288337086,1765,0,1,13,13,4,12,2,10
3,2203,2202,1791059288385321,1791059288386782,1461,0,2,8,8,2,7,0,0
3,2204,2203,1791059288435321,1791059288436859,1538,0,3,8,8,1,8,0,0
3,2205,2204,1791059288485321,1791059288486593,1272,0,4,9,9,2,8,0,0
3,2206,2205,1791059288535321,1791059288536556,1235,0,5,9,9,1,9,0,0
3,2207,2206,1791059288585321,1791059288587275,1954,0,6,7,7,0,7,0,0
3,2208,2207,1791059288635321,1791059288636846,1525,0,7,11,11,2,10,0,0
3,2209,2208,1791059288685321,1791059288687197,1876,0,8,6,6,0,6,0,0
3,2210,2209,1791059288735321,1791059288736499,1178,0,9,12,12,3,12,0,0
3,2211,2210,1791059288785321,1791059288786350,1029,0,10,10,10,2,10,3,20
3,2212,2211,1791059288835321,1791059288836775,1454,0,11,12,12,1,13,0,0
3,2213,2212,1791059288885321,1791059288886726,1405,0,12,10,10,2,10,0,0
3,2214,2213,1791059288935321,1791059288937316,1995,0,13,10,10,1,10,0,0
3,2215,2214,1791059288985321,1791059288986945,1624,0,14,11,11,1,10,0,0
3,2216,2215,1791059289035321,1791059289036856,1535,0,15,16,16,2,15,2,10
3,2217,2216,1791059289085321,1791059289086851,1530,0,16,13,13,1,12,0,0
3,2218,2217,1791059289135321,1791059289136754,1433,0,17,11,11,3,10,2,10
3,2219,2218,1791059289185321,1791059289187344,2023,0,18,7,7,2,6,0,0
3,2220,2219,1791059289235321,1791059289236755,1434,0,19,10,10,1,11,0,0
3,2221,2220,1791059289285321,1791059289286989,1668,0,0,7,7,0,7,0,0
3,2222,2221,1791059289335321,1791059289337117,1796,0,1,13,13,4,12,2,10
3,2223,2222,1791059289385321,1791059289386815,1494,0,2,8,8,2,7,0,0
3,2224,2223,1791059289435321,1791059289437051,1730,0,3,8,8,1,8,2,1
3,2225,2224,1791059289485321,1791059289486815,1494,0,4,9,9,2,8,0,0
3,2226,2225,1791059289535321,1791059289536700,1379,0,5,9,9,1,9,0,0
3,2227,2226,1791059289585321,1791059289586552,1231,0,6,7,7,0,7,0,0
3,2228,2227,1791059289635321,1791059289636745,1424,0,7,11,11,2,10,0,0
3,2229,2228,1791059289685321,1791059289686837,1516,0,8,6,6,0,6,0,0
3,2230,2229,1791059289735321,1791059289736622,1301,0,9,12,12,3,12,0,0
3,2231,2230,1791059289785321,1791059289786956,1635,0,10,10,10,2,10,3,20
3,2232,2231,1791059289835321,1791059289836754,1433,0,11,12,12,1,13,2,1
3,2233,2232,1791059289885321,1791059289886375,1054,0,12,10,10,2,10,0,0
3,2234,2233,1791059289935321,1791059289936828,1507,0,13,10,10,1,10,0,0
3,2235,2234,1791059289985321,1791059289987047,1726,0,14,11,11,1,10,0,0
3,2236,2235,1791059290035321,1791059290036813,1492,0,15,16,16,2,15,2,10
3,2237,2236,1791059290085321,1791059290087316,1995,0,16,13,13,1,12,0,0
3,2238,2237,1791059290135321,1791059290137036,1715,0,17,11,11,3,10,2,10
3,2239,2238,1791059290185321,1791059290186504,1183,0,18,7,7,2,6,0,0
3,2240,2239,1791059290235321,1791059290236710,1389,0,19,10,10,1,11,2,1
3,2241,2240,1791059290285321,1791059290287139,1818,0,0,7,7,0,7,0,0
3,2242,2241,1791059290335321,1791059290336589,1268,0,1,13,13,4,12,2,10
3,2243,2242,1791059290385321,1791059290386892,1571,0,2,8,8,2,7,0,0
3,2244,2243,1791059290435321,1791059290436897,1576,0,3,8,8,1,8,0,0
3,2245,2244,1791059290485321,1791059290486619,1298,0,4,9,9,2,8,0,0
3,2246,2245,1791059290535321,1791059290537293,1972,0,5,9,9,1,9,0,0
3,2247,2246,1791059290585321,1791059290586948,1627,0,6,7,7,0,7,0,0
3,2248,2247,1791059290635321,1791059290636909,1588,0,7,11,11,2,11,2,1
3,2249,2248,1791059290685321,1791059290686586,1265,0,8,6,6,0,6,0,0
3,2250,2249,1791059290735321,1791059290736463,1142,0,9,12,12,3,12,0,0
3,2251,2250,1791059290785321,1791059290787048,1727,0,10,10,10,2,10,3,20
3,2252,2251,1791059290835321,1791059290837244,1923,0,11,12,12,1,13,0,0
3,2253,2252,1791059290885321,1791059290887054,1733,0,12,10,10,2,10,0,0
3,2254,2253,1791059290935321,1791059290936599,1278,0,13,10,10,1,10,0,0
3,2255,2254,1791059290985321,1791059290987199,1878,0,14,11,11,1,10,0,0
3,2256,2255,1791059291035321,1791059291036755,1434,0,15,16,16,2,15,2,10
3,2257,2256,1791059291085321,1791059291087339,2018,0,16,13,13,1,12,0,0
3,2258,2257,1791059291135321,1791059291137230,1909,0,17,11,11,3,10,2,10
3,2259,2258,1791059291185321,1791059291186811,1490,0,18,7,7,2,6,0,0
3,2260,2259,1791059291235321,1791059291236837,1516,0,19,10,10,1,11,0,0
3,2261,2260,1791059291285321,1791059291287368,2047,0,0,7,7,0,7,0,0
3,2262,2261,1791059291335321,1791059291336861,1540,0,1,13,13,4,12,2,10
3,2263,2262,1791059291385321,1791059291386639,1318,0,2,8,8,2,7,0,0
3,2264,2263,1791059291435321,1791059291436783,1462,0,3,8,8,1,8,2,1
3,2265,2264,1791059291485321,1791059291487010,1689,0,4,9,9,2,8,0,0
3,2266,2265,1791059291535321,1791059291537197,1876,0,5,9,9,1,9,0,0
3,2267,2266,1791059291585321,1791059291586801,1480,0,6,7,7,0,7,0,0
3,2268,2267,1791059291635321,1791059291636867,1546,0,7,11,11,2,11,0,0
3,2269,2268,1791059291685321,1791059291686509,1188,0,8,6,6,0,6,0,0
3,2270,2269,1791059291735321,1791059291737035,1714,0,9,12,12,3,12,0,0
3,2271,2270,1791059291785321,1791059291786571,1250,0,10,10,10,2,10,3,20
3,2272,2271,1791059291835321,1791059291836827,1506,0,11,12,12,1,12,0,0
3,2273,2272,1791059291885321,1791059291887352,2031,0,12,10,10,2,10,0,0
3,2274,2273,1791059291935321,1791059291936518,1197,0,13,10,10,1,10,0,0
3,2275,2274,1791059291985321,1791059291986787,1466,0,14,11,11,1,10,0,0
3,2276,2275,1791059292035321,1791059292036874,1553,0,15,16,16,2,16,2,10
3,2277,2276,1791059292085321,1791059292086384,1063,0,16,13,13,1,12,0,0
3,2278,2277,1791059292135321,1791059292137130,1809,0,17,11,11,3,10,2,10
3,2279,2278,1791059292185321,1791059292186959,1638,0,18,7,7,2,6,0,0
3,2280,2279,1791059292235321,1791059292236762,1441,0,19,10,10,1,10,0,0
3,2281,2280,1791059292285321,1791059292286536,1215,0,0,7,7,0,7,0,0
3,2282,2281,1791059292335321,1791059292336504,1183,0,1,13,13,4,12,2,10
3,2283,2282,1791059292385321,1791059292386583,1262,0,2,8,8,2,7,0,0
3,2284,2283,1791059292435321,1791059292436902,1581,0,3,8,8,1,8,0,0
3,2285,2284,1791059292485321,1791059292486370,1049,0,4,9,9,2,8,0,0
3,2286,2285,1791059292535321,1791059292536897,1576,0,5,9,9,1,9,0,0
3,2287,2286,1791059292585321,1791059292586705,1384,0,6,7,7,0,7,0,0
3,2288,2287,1791059292635321,1791059292636757,1436,0,7,11,11,2,10,0,0
3,2289,2288,1791059292685321,1791059292686730,1409,0,8,6,6,0,6,0,0
3,2290,2289,1791059292735321,1791059292736429,1108,0,9,12,12,3,12,0,0
3,2291,2290,1791059292785321,1791059292787214,1893,0,10,10,10,2,10,3,20
3,2292,2291,1791059292835321,1791059292836811,1490,0,11,12,12,1,13,0,0
3,2293,2292,1791059292885321,1791059292886471,1150,0,12,10,10,2,10,0,0
3,2294,2293,1791059292935321,1791059292936695,1374,0,13,10,10,1,10,0,0
3,2295,2294,1791059292985321,1791059292987198,1877,0,14,11,11,1,10,0,0
3,2296,2295,1791059293035321,1791059293036830,1509,0,15,16,16,2,16,3,11
3,2297,2296,1791059293085321,1791059293087315,1994,0,16,13,13,1,12,0,0
3,2298,2297,1791059293135321,1791059293137168,1847,0,17,11,11,3,10,2,10
3,2299,2298,1791059293185321,1791059293187761,2440,0,18,7,7,2,6,0,0
3,2300,2299,1791059293235321,1791059293236857,1536,0,19,10,10,1,11,0,0
3,2301,2300,1791059293285321,1791059293286378,1057,0,0,7,7,0,7,0,0
3,2302,2301,1791059293335321,1791059293336613,1292,0,1,13,13,4,12,2,10
3,2303,2302,1791059293385321,1791059293386547,1226,0,2,8,8,2,7,0,0
3,2304,2303,1791059293435321,1791059293436905,1584,0,3,8,8,1,8,2,1
3,2305,2304,1791059293485321,1791059293486609,1288,0,4,9,9,2,8,0,0
3,2306,2305,1791059293535321,1791059293536546,1225,0,5,9,9,1,9,0,0
3,2307,2306,1791059293585321,1791059293587284,1963,0,6,7,7,0,7,0,0
3,2308,2307,1791059293635321,1791059293636818,1497,0,7,11,11,2,10,0,0
3,2309,2308,1791059293685321,1791059293686995,1674,0,8,6,6,0,6,0,0
3,2310,2309,1791059293735321,1791059293736648,1327,0,9,12,12,3,12,0,0
3,2311,2310,1791059293785321,1791059293786956,1635,0,10,10,10,2,10,3,20
3,2312,2311,1791059293835321,1791059293836738,1417,0,11,12,12,1,13,2,1
3,2313,2312,1791059293885321,1791059293887224,1903,0,12,10,10,2,10,0,0
3,2314,2313,1791059293935321,1791059293936665,1344,0,13,10,10,1,10,0,0
3,2315,2314,1791059293985321,1791059293986861,1540,0,14,11,11,1,10,0,0
3,2316,2315,1791059294035321,1791059294037094,1773,0,15,16,16,2,16,2,10
3,2317,2316,1791059294085321,1791059294087134,1813,0,16,13,13,1,12,0,0
3,2318,2317,1791059294135321,1791059294137249,1928,0,17,11,11,3,10,2,10
3,2319,2318,1791059294185321,1791059294186904,1583,0,18,7,7,2,6,0,0
3,2320,2319,1791059294235321,1791059294236863,1542,0,19,10,10,1,10,0,0
3,2321,2320,1791059294285321,1791059294287102,1781,0,0,7,7,0,7,0,0
3,2322,2321,1791059294335321,1791059294336697,1376,0,1,13,13,4,12,2,10
3,2323,2322,1791059294385321,1791059294387014,1693,0,2,8,8,2,7,0,0
3,2324,2323,1791059294435321,1791059294436986,1665,0,3,8,8,1,8,0,0
3,2325,2324,1791059294485321,1791059294486810,1489,0,4,9,9,2,8,0,0
3,2326,2325,1791059294535321,1791059294536581,1260,0,5,9,9,1,9,0,0
3,2327,2326,1791059294585321,1791059294587278,1957,0,6,7,7,0,7,0,0
3,2328,2327,1791059294635321,1791059294636763,1442,0,7,11,11,2,10,0,0
3,2329,2328,1791059294685321,1791059294686907,1586,0,8,6,6,0,6,0,0
3,2330,2329,1791059294735321,1791059294736717,1396,0,9,12,12,3,12,0,0
3,2331,2330,1791059294785321,1791059294786915,1594,0,10,10,10,2,10,3,20
3,2332,2331,1791059294835321,1791059294836976,1655,0,11,12,12,1,13,0,0
3,2333,2332,1791059294885321,1791059294886600,1279,0,12,10,10,2,10,0,0
3,2334,2333,1791059294935321,1791059294936817,1496,0,13,10,10,1,10,0,0
3,2335,2334,1791059294985321,1791059294987178,1857,0,14,11,11,1,10,0,0
3,2336,2335,1791059295035321,1791059295036626,1305,0,15,16,16,2,15,2,10
3,2337,2336,1791059295085321,1791059295086865,1544,0,16,13,13,1,12,0,0
3,2338,2337,1791059295135321,1791059295136438,1117,0,17,11,11,3,10,2,10
3,2339,2338,1791059295185321,1791059295186937,1616,0,18,7,7,2,6,0,0
3,2340,2339,1791059295235321,1791059295236836,1515,0,19,10,10,1,11,0,0
3,2341,2340,1791059295285321,1791059295286426,1105,0,0,7,7,0,7,0,0
3,2342,2341,1791059295335321,1791059295337052,1731,0,1,13,13,4,12,3,10
3,2343,2342,1791059295385321,1791059295386952,1631,0,2,8,8,2,7,0,0
3,2344,2343,1791059295435321,1791059295436687,1366,0,3,8,8,1,8,2,1
3,2345,2344,1791059295485321,1791059295487131,1810,0,4,9,9,2,8,0,0
3,2346,2345,1791059295535321,1791059295536688,1367,0,5,9,9,1,9,0,0
3,2347,2346,1791059295585321,1791059295586580,1259,0,6,7,7,0,7,0,0
3,2348,2347,1791059295635321,1791059295636817,1496,0,7,11,11,2,10,0,0
3,2349,2348,1791059295685321,1791059295687044,1723,0,8,6,6,0,6,0,0
3,2350,2349,1791059295735321,1791059295736579,1258,0,9,12,12,3,12,0,0
3,2351,2350,1791059295785321,1791059295787261,1940,0,10,10,10,2,10,3,20
3,2352,2351,1791059295835321,1791059295836715,1394,0,11,12,12,1,13,2,1
3,2353,2352,1791059295885321,1791059295886426,1105,0,12,10,10,2,10,0,0
3,2354,2353,1791059295935321,1791059295936853,1532,0,13,10,10,1,10,0,0
3,2355,2354,1791059295985321,1791059295986844,1523,0,14,11,11,1,10,0,0
3,2356,2355,1791059296035321,1791059296036792,1471,0,15,16,16,2,15,2,10
3,2357,2356,1791059296085321,1791059296086603,1282,0,16,13,13,1,12,0,0
3,2358,2357,1791059296135321,1791059296137212,1891,0,17,11,11,3,10,2,10
3,2359,2358,1791059296185321,1791059296186738,1417,0,18,7,7,2,6,0,0
3,2360,2359,1791059296235321,1791059296236743,1422,0,19,10,10,1,11,2,1
3,2361,2360,1791059296285321,1791059296286474,1153,0,0,7,7,0,7,0,0
3,2362,2361,1791059296335321,1791059296337220,1899,0,1,13,13,4,11,2,10
3,2363,2362,1791059296385321,1791059296386784,1463,0,2,8,8,2,7,0,0
3,2364,2363,1791059296435321,1791059296436861,1540,0,3,8,8,1,8,0,0
3,2365,2364,1791059296485321,1791059296487216,1895,0,4,9,9,2,8,0,0
3,2366,2365,1791059296535321,1791059296536563,1242,0,5,9,9,1,9,0,0
3,2367,2366,1791059296585321,1791059296587093,1772,0,6,7,7,0,7,0,0
3,2368,2367,1791059296635321,1791059296636758,1437,0,7,11,11,2,11,2,1
3,2369,2368,1791059296685321,1791059296686606,1285,0,8,6,6,0,6,0,0
3,2370,2369,1791059296735321,1791059296736421,1100,0,9,12,12,3,12,0,0
3,2371,2370,1791059296785321,1791059296787160,1839,0,10,10,10,2,10,3,20
3,2372,2371,1791059296835321,1791059296837270,1949,0,11,12,12,1,13,0,0
3,2373,2372,1791059296885321,1791059296886521,1200,0,12,10,10,2,10,0,0
3,2374,2373,1791059296935321,1791059296937332,2011,0,13,10,10,1,10,0,0
3,2375,2374,1791059296985321,1791059296987344,2023,0,14,11,11,1,10,0,0
3,2376,2375,1791059297035321,1791059297036646,1325,0,15,16,16,2,15,2,10
3,2377,2376,1791059297085321,1791059297086426,1105,0,16,13,13,1,12,0,0
3,2378,2377,1791059297135321,1791059297137282,1961,0,17,11,11,3,10,2,10
3,2379,2378,1791059297185321,1791059297187243,1922,0,18,7,7,2,6,0,0
3,2380,2379,1791059297235321,1791059297236742,1421,0,19,10,10,1,11,0,0
3,2381,2380,1791059297285321,1791059297286549,1228,0,0,7,7,0,7,0,0
3,2382,2381,1791059297335321,1791059297336777,1456,0,1,13,13,4,11,2,10
3,2383,2382,1791059297385321,1791059297387223,1902,0,2,8,8,2,7,0,0
3,2384,2383,1791059297435321,1791059297436947,1626,0,3,8,8,1,8,2,1
3,2385,2384,1791059297485321,1791059297486751,1430,0,4,9,9,2,8,0,0
3,2386,2385,1791059297535321,1791059297536570,1249,0,5,9,9,1,9,0,0
3,2387,2386,1791059297585321,1791059297587293,1972,0,6,7,7,0,7,0,0
3,2388,2387,1791059297635321,1791059297636760,1439,0,7,11,11,2,11,0,0
3,2389,2388,1791059297685321,1791059297686846,1525,0,8,6,6,0,6,0,0
3,2390,2389,1791059297735321,1791059297736472,1151,0,9,12,12,3,12,0,0
3,2391,2390,1791059297785321,1791059297786893,1572,0,10,10,10,2,10,3,20
3,2392,2391,1791059297835321,1791059297836763,1442,0,11,12,12,1,13,2,1
3,2393,2392,1791059297885321,1791059297886353,1032,0,12,10,10,2,10,0,0
3,2394,2393,1791059297935321,1791059297936664,1343,0,13,10,10,1,10,0,0
3,2395,2394,1791059297985321,1791059297986737,1416,0,14,11,11,1,10,0,0
3,2396,2395,1791059298035321,1791059298036889,1568,0,15,16,16,2,15,2,10
3,2397,2396,1791059298085321,1791059298086562,1241,0,16,13,13,1,12,0,0
3,2398,2397,1791059298135321,1791059298137257,1936,0,17,11,11,3,10,2,10
3,2399,2398,1791059298185321,1791059298187070,1749,0,18,7,7,2,6,0,0
3,2400,2399,1791059298235321,1791059298236700,1379,0,19,10,10,1,11,2,1
3,2401,2400,1791059298285321,1791059298287237,1916,0,0,7,7,0,7,0,0
3,2402,2401,1791059298335321,1791059298336392,1071,0,1,13,13,4,11,2,10
3,2403,2402,1791059298385321,1791059298386970,1649,0,2,8,8,2,7,0,0
3,2404,2403,1791059298435321,1791059298437063,1742,0,3,8,8,1,8,0,0
3,2405,2404,1791059298485321,1791059298486543,1222,0,4,9,9,2,8,0,0
3,2406,2405,1791059298535321,1791059298537094,1773,0,5,9,9,1,9,0,0
3,2407,2406,1791059298585321,1791059298587173,1852,0,6,7,7,0,7,0,0
3,2408,2407,1791059298635321,1791059298636711,1390,0,7,11,11,2,11,2,1
3,2409,2408,1791059298685321,1791059298686369,1048,0,8,6,6,0,6,0,0
3,2410,2409,1791059298735321,1791059298737027,1706,0,9,12,12,3,12,0,0
3,2411,2410,1791059298785321,1791059298786541,1220,0,10,10,10,2,10,3,20
3,2412,2411,1791059298835321,1791059298836805,1484,0,11,12,12,1,12,0,0
3,2413,2412,1791059298885321,1791059298886453,1132,0,12,10,10,2,10,0,0
3,2414,2413,1791059298935321,1791059298937159,1838,0,13,10,10,1,10,0,0
3,2415,2414,1791059298985321,1791059298987018,1697,0,14,11,11,1,10,0,0
3,2416,2415,1791059299035321,1791059299036816,1495,0,15,16,16,2,16,3,11
3,2417,2416,1791059299085321,1791059299087349,2028,0,16,13,13,1,12,0,0
3,2418,2417,1791059299135321,1791059299136665,1344,0,17,11,11,3,10,2,10
3,2419,2418,1791059299185321,1791059299187851,2530,0,18,7,7,2,6,0,0
3,2420,2419,1791059299235321,1791059299236773,1452,0,19,10,10,1,10,0,0
3,2421,2420,1791059299285321,1791059299286510,1189,0,0,7,7,0,7,0,0
3,2422,2421,1791059299335321,1791059299336620,1299,0,1,13,13,4,11,2,10
3,2423,2422,1791059299385321,1791059299386636,1315,0,2,8,8,2,7,0,0
3,2424,2423,1791059299435321,1791059299436899,1578,0,3,8,8,1,8,2,1
3,2425,2424,1791059299485321,1791059299486662,1341,0,4,9,9,2,8,0,0
3,2426,2425,1791059299535321,1791059299536653,1332,0,5,9,9,1,9,0,0
3,2427,2426,1791059299585321,1791059299586980,1659,0,6,7,7,0,7,0,0
3,2428,2427,1791059299635321,1791059299636805,1484,0,7,11,11,2,10,0,0
3,2429,2428,1791059299685321,1791059299686859,1538,0,8,6,6,0,6,0,0
3,2430,2429,1791059299735321,1791059299736517,1196,0,9,12,12,3,12,0,0
3,2431,2430,1791059299785321,1791059299787002,1681,0,10,10,10,2,10,3,20
3,2432,2431,1791059299835321,1791059299837008,1687,0,11,12,12,1,13,2,1
3,2433,2432,1791059299885321,1791059299887243,1922,0,12,10,10,2,10,0,0
3,2434,2433,1791059299935321,1791059299937334,2013,0,13,10,10,1,10,0,0
3,2435,2434,1791059299985321,1791059299987104,1783,0,14,11,11,1,10,0,0
3,2436,2435,1791059300035321,1791059300036810,1489,0,15,16,16,2,16,2,10
3,2437,2436,1791059300085321,1791059300086476,1155,0,16,13,13,1,12,0,0
3,2438,2437,1791059300135321,1791059300137073,1752,0,17,11,11,3,10,2,10
3,2439,2438,1791059300185321,1791059300187071,1750,0,18,7,7,2,6,0,0
3,2440,2439,1791059300235321,1791059300236796,1475,0,19,10,10,1,10,0,0
3,2441,2440,1791059300285321,1791059300286746,1425,0,0,7,7,0,7,0,0
3,2442,2441,1791059300335321,1791059300337177,1856,0,1,13,13,4,11,2,10
3,2443,2442,1791059300385321,1791059300386556,1235,0,2,8,8,2,7,0,0
3,2444,2443,1791059300435321,1791059300436700,1379,0,3,8,8,1,8,0,0
3,2445,2444,1791059300485321,1791059300487178,1857,0,4,9,9,2,8,0,0
3,2446,2445,1791059300535321,1791059300536696,1375,0,5,9,9,1,9,0,0
3,2447,2446,1791059300585321,1791059300586381,1060,0,6,7,7,0,7,0,0
3,2448,2447,1791059300635321,1791059300636747,1426,0,7,11,11,2,11,2,1
3,2449,2448,1791059300685321,1791059300686585,1264,0,8,6,6,0,6,0,0
3,2450,2449,1791059300735321,1791059300737277,1956,0,9,12,12,3,12,0,0
3,2451,2450,1791059300785321,1791059300786940,1619,0,10,10,10,2,10,3,20
3,2452,2451,1791059300835321,1791059300836690,1369,0,11,12,12,1,13,0,0
3,2453,2452,1791059300885321,1791059300886619,1298,0,12,10,10,2,10,0,0
3,2454,2453,1791059300935321,1791059300936744,1423,0,13,10,10,1,10,0,0
3,2455,2454,1791059300985321,1791059300986565,1244,0,14,11,11,1,10,0,0
3,2456,2455,1791059301035321,1791059301036905,1584,0,15,16,16,2,16,3,11
3,2457,2456,1791059301085321,1791059301086580,1259,0,16,13,13,1,12,0,0
3,2458,2457,1791059301135321,1791059301136862,1541,0,17,11,11,3,10,2,10
3,2459,2458,1791059301185321,1791059301187077,1756,0,18,7,7,2,6,0,0
3,2460,2459,1791059301235321,1791059301236786,1465,0,19,10,10,1,10,0,0
3,2461,2460,1791059301285321,1791059301287125,1804,0,0,7,7,0,7,0,0
3,2462,2461,1791059301335321,1791059301336889,1568,0,1,13,13,4,11,2,10
3,2463,2462,1791059301385321,1791059301386677,1356,0,2,8,8,2,7,0,0
3,2464,2463,1791059301435321,1791059301436757,1436,0,3,8,8,1,8,2,1
3,2465,2464,1791059301485321,1791059301486512,1191,0,4,9,9,2,8,0,0
3,2466,2465,1791059301535321,1791059301536970,1649,0,5,9,9,1,9,0,0
3,2467,2466,1791059301585321,1791059301586501,1180,0,6,7,7,0,7,0,0
3,2468,2467,1791059301635321,1791059301636803,1482,0,7,11,11,2,11,0,0
3,2469,2468,1791059301685321,1791059301686434,1113,0,8,6,6,0,6,0,0
3,2470,2469,1791059301735321,1791059301737140,1819,0,9,12,12,3,12,0,0
3,2471,2470,1791059301785321,1791059301786741,1420,0,10,10,10,2,10,3,20
3,2472,2471,1791059301835321,1791059301836804,1483,0,11,12,12,1,12,0,0
3,2473,2472,1791059301885321,1791059301886655,1334,0,12,10,10,2,10,0,0
3,2474,2473,1791059301935321,1791059301936558,1237,0,13,10,10,1,10,0,0
3,2475,2474,1791059301985321,1791059301987060,1739,0,14,11,11,1,10,0,0
3,2476,2475,1791059302035321,1791059302036685,1364,0,15,16,16,2,16,2,10
3,2477,2476,1791059302085321,1791059302086954,1633,0,16,13,13,1,12,0,0
3,2478,2477,1791059302135321,1791059302136688,1367,0,17,11,11,3,10,2,10
3,2479,2478,1791059302185321,1791059302186822,1501,0,18,7,7,2,6,0,0
3,2480,2479,1791059302235321,1791059302236856,1535,0,19,10,10,1,11,2,1
3,2481,2480,1791059302285321,1791059302286514,1193,0,0,7,7,0,7,0,0
3,2482,2481,1791059302335321,1791059302336784,1463,0,1,13,13,4,11,2,10
3,2483,2482,1791059302385321,1791059302387176,1855,0,2,8,8,2,7,0,0
3,2484,2483,1791059302435321,1791059302436798,1477,0,3,8,8,1,7,0,0
3,2485,2484,1791059302485321,1791059302486749,1428,0,4,9,9,2,8,0,0
3,2486,2485,1791059302535321,1791059302536820,1499,0,5,9,9,1,9,0,0
3,2487,2486,1791059302585321,1791059302586601,1280,0,6,7,7,0,7,0,0
3,2488,2487,1791059302635321,1791059302636878,1557,0,7,11,11,2,11,2,1
3,2489,2488,1791059302685321,1791059302686510,1189,0,8,6,6,0,6,0,0
3,2490,2489,1791059302735321,1791059302736305,984,0,9,12,12,3,12,0,0
3,2491,2490,1791059302785321,1791059302787266,1945,0,10,10,10,2,10,3,20
3,2492,2491,1791059302835321,1791059302836750,1429,0,11,12,12,1,12,0,0
3,2493,2492,1791059302885321,1791059302887242,1921,0,12,10,10,2,10,0,0
3,2494,2493,1791059302935321,1791059302936945,1624,0,13,10,10,1,10,0,0
3,2495,2494,1791059302985321,1791059302986719,1398,0,14,11,11,1,10,0,0
3,2496,2495,1791059303035321,1791059303036712,1391,0,15,16,16,2,16,3,11
3,2497,2496,1791059303085321,1791059303087144,1823,0,16,13,13,1,12,0,0
3,2498,2497,1791059303135321,1791059303136656,1335,0,17,11,11,3,10,2,10
3,2499,2498,1791059303185321,1791059303187124,1803,0,18,7,7,2,6,0,0
3,2500,2499,1791059303235321,1791059303236743,1422,0,19,10,10,1,11,0,0
3,2501,2500,1791059303285321,1791059303286395,1074,0,0,7,7,0,7,0,0
3,2502,2501,1791059303335321,1791059303337091,1770,0,1,13,13,4,11,2,10
3,2503,2502,1791059303385321,1791059303386606,1285,0,2,8,8,2,7,0,0
3,2504,2503,1791059303435321,1791059303436770,1449,0,3,8,8,1,8,2,1
3,2505,2504,1791059303485321,1791059303486779,1458,0,4,9,9,2,8,0,0
3,2506,2505,1791059303535321,1791059303537186,1865,0,5,9,9,1,9,0,0
3,2507,2506,1791059303585321,1791059303586609,1288,0,6,7,7,0,7,0,0
3,2508,2507,1791059303635321,1791059303636830,1509,0,7,11,11,2,10,0,0
3,2509,2508,1791059303685321,1791059303686832,1511,0,8,6,6,0,6,0,0
3,2510,2509,1791059303735321,1791059303736496,1175,0,9,12,12,3,12,0,0
3,2511,2510,1791059303785321,1791059303786713,1392,0,10,10,10,2,10,3,20
3,2512,2511,1791059303835321,1791059303836989,1668,0,11,12,12,1,13,2,1
3,2513,2512,1791059303885321,1791059303886770,1449,0,12,10,10,2,10,0,0
3,2514,2513,1791059303935321,1791059303936626,1305,0,13,10,10,1,10,0,0
3,2515,2514,1791059303985321,1791059303986548,1227,0,14,11,11,1,10,0,0
3,2516,2515,1791059304035321,1791059304036640,1319,0,15,16,16,2,15,2,10
3,2517,2516,1791059304085321,1791059304086664,1343,0,16,13,13,1,12,0,0
3,2518,2517,1791059304135321,1791059304137057,1736,0,17,11,11,3,10,2,10
3,2519,2518,1791059304185321,1791059304186374,1053,0,18,7,7,2,6,0,0
3,2520,2519,1791059304235321,1791059304237044,1723,0,19,10,10,1,11,2,1
3,2521,2520,1791059304285321,1791059304286839,1518,0,0,7,7,0,7,0,0
3,2522,2521,1791059304335321,1791059304336732,1411,0,1,13,13,4,11,2,10
3,2523,2522,1791059304385321,1791059304386900,1579,0,2,8,8,2,7,0,0
3,2524,2523,1791059304435321,1791059304436989,1668,0,3,8,8,1,8,0,0
3,2525,2524,1791059304485321,1791059304486542,1221,0,4,9,9,2,8,0,0
3,2526,2525,1791059304535321,1791059304537040,1719,0,5,9,9,1,9,0,0
3,2527,2526,1791059304585321,1791059304587219,1898,0,6,7,7,0,7,0,0
3,2528,2527,1791059304635321,1791059304636788,1467,0,7,11,11,2,10,0,0
3,2529,2528,1791059304685321,1791059304687194,1873,0,8,6,6,0,6,0,0
3,2530,2529,1791059304735321,1791059304736640,1319,0,9,12,12,3,12,0,0
3,2531,2530,1791059304785321,1791059304787191,1870,0,10,10,10,2,10,3,20
3,2532,2531,1791059304835321,1791059304837069,1748,0,11,12,12,1,13,0,0
3,2533,2532,1791059304885321,1791059304886709,1388,0,12,10,10,2,10,0,0
3,2534,2533,1791059304935321,1791059304936457,1136,0,13,10,10,1,10,0,0
3,2535,2534,1791059304985321,1791059304986979,1658,0,14,11,11,1,10,0,0
3,2536,2535,1791059305035321,1791059305036755,1434,0,15,16,16,2,15,2,10
3,2537,2536,1791059305085321,1791059305087190,1869,0,16,13,13,1,12,0,0
3,2538,2537,1791059305135321,1791059305136915,1594,0,17,11,11,3,10,2,10
3,2539,2538,1791059305185321,1791059305186492,1171,0,18,7,7,2,6,0,0
3,2540,2539,1791059305235321,1791059305236798,1477,0,19,10,10,1,11,0,0
3,2541,2540,1791059305285321,1791059305286393,1072,0,0,7,7,0,7,0,0
3,2542,2541,1791059305335321,1791059305336750,1429,0,1,13,13,4,11,2,10
3,2543,2542,1791059305385321,1791059305386567,1246,0,2,8,8,2,7,0,0
3,2544,2543,1791059305435321,1791059305437288,1967,0,3,8,8,1,8,2,1
3,2545,2544,1791059305485321,1791059305486945,1624,0,4,9,9,2,8,0,0
3,2546,2545,1791059305535321,1791059305536854,1533,0,5,9,9,1,9,0,0
3,2547,2546,1791059305585321,1791059305587174,1853,0,6,7,7,0,7,0,0
3,2548,2547,1791059305635321,1791059305637033,1712,0,7,11,11,2,10,0,0
3,2549,2548,1791059305685321,1791059305687072,1751,0,8,6,6,0,6,0,0
3,2550,2549,1791059305735321,1791059305736776,1455,0,9,12,12,3,12,0,0
3,2551,2550,1791059305785321,1791059305787181,1860,0,10,10,10,2,10,3,20
3,2552,2551,1791059305835321,1791059305836794,1473,0,11,12,12,1,13,2,1
3,2553,2552,1791059305885321,1791059305887186,1865,0,12,10,10,2,10,0,0
3,2554,2553,1791059305935321,1791059305936753,1432,0,13,10,10,1,10,0,0
3,2555,2554,1791059305985321,1791059305986699,1378,0,14,11,11,1,10,0,0
3,2556,2555,1791059306035321,1791059306036836,1515,0,15,16,16,2,16,2,10
3,2557,2556,1791059306085321,1791059306086490,1169,0,16,13,13,1,12,0,0
3,2558,2557,1791059306135321,1791059306136755,1434,0,17,11,11,3,10,2,10
3,2559,2558,1791059306185321,1791059306187126,1805,0,18,7,7,2,6,0,0
3,2560,2559,1791059306235321,1791059306236828,1507,0,19,10,10,1,10,0,0
3,2561,2560,1791059306285321,1791059306286522,1201,0,0,7,7,0,7,0,0
3,2562,2561,1791059306335321,1791059306337132,1811,0,1,13,13,4,11,2,10
3,2563,2562,1791059306385321,1791059306386762,1441,0,2,8,8,2,7,0,0
3,2564,2563,1791059306435321,1791059306436656,1335,0,3,8,8,1,8,0,0
3,2565,2564,1791059306485321,1791059306486972,1651,0,4,9,9,2,8,0,0
3,2566,2565,1791059306535321,1791059306536490,1169,0,5,9,9,1,9,0,0
3,2567,2566,1791059306585321,1791059306587227,1906,0,6,7,7,0,7,0,0
3,2568,2567,1791059306635321,1791059306636918,1597,0,7,11,11,2,11,2,1
3,2569,2568,1791059306685321,1791059306686598,1277,0,8,6,6,0,6,0,0
3,2570,2569,1791059306735321,1791059306737166,1845,0,9,12,12,3,12,0,0
3,2571,2570,1791059306785321,1791059306786756,1435,0,10,10,10,2,10,3,20
3,2572,2571,1791059306835321,1791059306836860,1539,0,11,12,12,1,12,0,0
3,2573,2572,1791059306885321,1791059306886496,1175,0,12,10,10,2,10,0,0
3,2574,2573,1791059306935321,1791059306936543,1222,0,13,10,10,1,10,0,0
3,2575,2574,1791059306985321,1791059306987076,1755,0,14,11,11,1,10,0,0
3,2576,2575,1791059307035321,1791059307037149,1828,0,15,16,16,2,16,3,11
3,2577,2576,1791059307085321,1791059307086535,1214,0,16,13,13,1,12,0,0
3,2578,2577,1791059307135321,1791059307137124,1803,0,17,11,11,3,10,2,10
3,2579,2578,1791059307185321,1791059307186820,1499,0,18,7,7,2,6,0,0
3,2580,2579,1791059307235321,1791059307236766,1445,0,19,10,10,1,10,0,0
3,2581,2580,1791059307285321,1791059307287144,1823,0,0,7,7,0,7,0,0
3,2582,2581,1791059307335321,1791059307336605,1284,0,1,13,13,4,11,2,10
3,2583,2582,1791059307385321,1791059307387170,1849,0,2,8,8,2,7,0,0
3,2584,2583,1791059307435321,1791059307436836,1515,0,3,8,8,1,8,2,1
3,2585,2584,1791059307485321,1791059307486678,1357,0,4,9,9,2,8,0,0
3,2586,2585,1791059307535321,1791059307536549,1228,0,5,9,9,1,9,0,0
3,2587,2586,1791059307585321,1791059307587136,1815,0,6,7,7,0,7,0,0
3,2588,2587,1791059307635321,1791059307636788,1467,0,7,11,11,2,10,0,0
3,2589,2588,1791059307685321,1791059307687020,1699,0,8,6,6,0,6,0,0
3,2590,2589,1791059307735321,1791059307736643,1322,0,9,12,12,3,12,0,0
3,2591,2590,1791059307785321,1791059307787113,1792,0,10,10,10,2,10,3,20
3,2592,2591,1791059307835321,1791059307836834,1513,0,11,12,12,1,13,2,1
3,2593,2592,1791059307885321,1791059307886669,1348,0,12,10,10,2,10,0,0
3,2594,2593,1791059307935321,1791059307937072,1751,0,13,10,10,1,10,0,0
3,2595,2594,1791059307985321,1791059307986679,1358,0,14,11,11,1,10,0,0
3,2596,2595,1791059308035321,1791059308036910,1589,0,15,16,16,2,16,2,10
3,2597,2596,1791059308085321,1791059308086655,1334,0,16,13,13,1,12,0,0
3,2598,2597,1791059308135321,1791059308137011,1690,0,17,11,11,3,10,2,10
3,2599,2598,1791059308185321,1791059308186591,1270,0,18,7,7,2,6,0,0
3,2600,2599,1791059308235321,1791059308236892,1571,0,19,10,10,1,11,2,1
3,2601,2600,1791059308285321,1791059308287261,1940,0,0,7,7,0,7,0,0
3,2602,2601,1791059308335321,1791059308337011,1690,0,1,13,13,4,11,2,10
3,2603,2602,1791059308385321,1791059308386829,1508,0,2,8,8,2,7,0,0
3,2604,2603,1791059308435321,1791059308436781,1460,0,3,8,8,1,7,0,0
3,2605,2604,1791059308485321,1791059308486782,1461,0,4,9,9,2,8,0,0
3,2606,2605,1791059308535321,1791059308536447,1126,0,5,9,9,1,9,0,0
3,2607,2606,1791059308585321,1791059308587259,1938,0,6,7,7,0,7,0,0
3,2608,2607,1791059308635321,1791059308636902,1581,0,7,11,11,2,11,2,1
3,2609,2608,1791059308685321,1791059308686714,1393,0,8,6,6,0,6,0,0
3,2610,2609,1791059308735321,1791059308736559,1238,0,9,12,12,3,12,0,0
3,2611,2610,1791059308785321,1791059308786770,1449,0,10,10,10,2,10,3,20
3,2612,2611,1791059308835321,1791059308836813,1492,0,11,12,12,1,12,0,0
3,2613,2612,1791059308885321,1791059308887369,2048,0,12,10,10,2,10,0,0
3,2614,2613,1791059308935321,1791059308936953,1632,0,13,10,10,1,10,0,0
3,2615,2614,1791059308985321,1791059308986967,1646,0,14,11,11,1,10,0,0
3,2616,2615,1791059309035321,1791059309036680,1359,0,15,16,16,2,16,3,11
3,2617,2616,1791059309085321,1791059309086759,1438,0,16,13,13,1,12,0,0
3,2618,2617,1791059309135321,1791059309136960,1639,0,17,11,11,3,10,2,10
3,2619,2618,1791059309185321,1791059309186790,1469,0,18,7,7,2,6,0,0
3,2620,2619,1791059309235321,1791059309236901,1580,0,19,10,10,1,11,0,0
3,2621,2620,1791059309285321,1791059309286409,1088,0,0,7,7,0,7,0,0
3,2622,2621,1791059309335321,1791059309336541,1220,0,1,13,13,4,11,2,10
3,2623,2622,1791059309385321,1791059309386654,1333,0,2,8,8,2,7,0,0
3,2624,2623,1791059309435321,1791059309436846,1525,0,3,8,8,1,8,2,1
3,2625,2624,1791059309485321,1791059309486646,1325,0,4,9,9,2,8,0,0
3,2626,2625,1791059309535321,1791059309536576,1255,0,5,9,9,1,9,0,0
3,2627,2626,1791059309585321,1791059309587362,2041,0,6,7,7,0,7,0,0
3,2628,2627,1791059309635321,1791059309636637,1316,0,7,11,11,2,10,0,0
3,2629,2628,1791059309685321,1791059309687033,1712,0,8,6,6,0,6,0,0
3,2630,2629,1791059309735321,1791059309736777,1456,0,9,12,12,3,12,0,0
3,2631,2630,1791059309785321,1791059309786488,1167,0,10,10,10,2,10,3,20
3,2632,2631,1791059309835321,1791059309836931,1610,0,11,12,12,1,13,2,1
3,2633,2632,1791059309885321,1791059309886565,1244,0,12,10,10,2,10,0,0
3,2634,2633,1791059309935321,1791059309937248,1927,0,13,10,10,1,10,0,0
3,2635,2634,1791059309985321,1791059309986782,1461,0,14,11,11,1,10,0,0
3,2636,2635,1791059310035321,1791059310036788,1467,0,15,16,16,2,15,2,10
3,2637,2636,1791059310085321,1791059310086432,1111,0,16,13,13,1,12,0,0
3,2638,2637,1791059310135321,1791059310137049,1728,0,17,11,11,3,10,2,10
3,2639,2638,1791059310185321,1791059310186695,1374,0,18,7,7,2,6,0,0
3,2640,2639,1791059310235321,1791059310236967,1646,0,19,10,10,1,11,2,1
3,2641,2640,1791059310285321,1791059310286487,1166,0,0,7,7,0,7,0,0
3,2642,2641,1791059310335321,1791059310336748,1427,0,1,13,13,4,11,2,10
3,2643,2642,1791059310385321,1791059310386582,1261,0,2,8,8,2,7,0,0
3,2644,2643,1791059310435321,1791059310436737,1416,0,3,8,8,1,7,0,0
3,2645,2644,1791059310485321,1791059310487049,1728,0,4,9,9,2,8,0,0
3,2646,2645,1791059310535321,1791059310536430,1109,0,5,9,9,1,9,0,0
3,2647,2646,1791059310585321,1791059310586551,1230,0,6,7,7,0,7,0,0
3,2648,2647,1791059310635321,1791059310636996,1675,0,7,11,11,2,11,2,1
3,2649,2648,1791059310685321,1791059310686687,1366,0,8,6,6,0,6,0,0
3,2650,2649,1791059310735321,1791059310736915,1594,0,9,12,12,3,12,0,0
3,2651,2650,1791059310785321,1791059310786937,1616,0,10,10,10,2,10,3,20
3,2652,2651,1791059310835321,1791059310836808,1487,0,11,12,12,1,12,0,0
3,2653,2652,1791059310885321,1791059310886557,1236,0,12,10,10,2,10,0,0
3,2654,2653,1791059310935321,1791059310936949,1628,0,13,10,10,1,10,0,0
3,2655,2654,1791059310985321,1791059310986668,1347,0,14,11,11,1,10,0,0
3,2656,2655,1791059311035321,1791059311036965,1644,0,15,16,16,2,16,3,11
3,2657,2656,1791059311085321,1791059311086427,1106,0,16,13,13,1,12,0,0
3,2658,2657,1791059311135321,1791059311136543,1222,0,17,11,11,3,10,2,10
3,2659,2658,1791059311185321,1791059311187524,2203,0,18,7,7,2,6,0,0
3,2660,2659,1791059311235321,1791059311236807,1486,0,19,10,10,1,10,0,0
3,2661,2660,1791059311285321,1791059311287358,2037,0,0,7,7,0,7,0,0
3,2662,2661,1791059311335321,1791059311336825,1504,0,1,13,13,4,11,2,10
3,2663,2662,1791059311385321,1791059311386577,1256,0,2,8,8,2,7,0,0
3,2664,2663,1791059311435321,1791059311436711,1390,0,3,8,8,1,8,2,1
3,2665,2664,1791059311485321,1791059311486450,1129,0,4,9,9,2,8,0,0
3,2666,2665,1791059311535321,1791059311536703,1382,0,5,9,9,1,9,0,0
3,2667,2666,1791059311585321,1791059311587119,1798,0,6,7,7,0,7,0,0
3,2668,2667,1791059311635321,1791059311636850,1529,0,7,11,11,2,11,0,0
3,2669,2668,1791059311685321,1791059311686665,1344,0,8,6,6,0,6,0,0
3,2670,2669,1791059311735321,1791059311737374,2053,0,9,12,12,3,12,0,0
3,2671,2670,1791059311785321,1791059311786457,1136,0,10,10,10,2,10,3,20
3,2672,2671,1791059311835321,1791059311836830,1509,0,11,12,12,1,12,0,0
3,2673,2672,1791059311885321,1791059311886820,1499,0,12,10,10,2,10,0,0
3,2674,2673,1791059311935321,1791059311936905,1584,0,13,10,10,1,10,0,0
3,2675,2674,1791059311985321,1791059311987258,1937,0,14,11,11,1,10,0,0
3,2676,2675,1791059312035321,1791059312036803,1482,0,15,16,16,2,16,2,10
3,2677,2676,1791059312085321,1791059312086568,1247,0,16,13,13,1,12,0,0
3,2678,2677,1791059312135321,1791059312136337,1016,0,17,11,11,3,10,2,10
3,2679,2678,1791059312185321,1791059312186705,1384,0,18,7,7,2,6,0,0
3,2680,2679,1791059312235321,1791059312236854,1533,0,19,10,10,1,11,2,1
3,2681,2680,1791059312285321,1791059312286656,1335,0,0,7,7,0,7,0,0
3,2682,2681,1791059312335321,1791059312336803,1482,0,1,13,13,4,11,2,10
3,2683,2682,1791059312385321,1791059312387272,1951,0,2,8,8,2,7,0,0
3,2684,2683,1791059312435321,1791059312437073,1752,0,3,8,8,1,8,0,0
3,2685,2684,1791059312485321,1791059312486436,1115,0,4,9,9,2,8,0,0
3,2686,2685,1791059312535321,1791059312537330,2009,0,5,9,9,1,9,0,0
3,2687,2686,1791059312585321,1791059312587262,1941,0,6,7,7,0,7,0,0
3,2688,2687,1791059312635321,1791059312636863,1542,0,7,11,11,2,10,0,0
3,2689,2688,1791059312685321,1791059312687177,1856,0,8,6,6,0,6,0,0
3,2690,2689,1791059312735321,1791059312736473,1152,0,9,12,12,3,12,0,0
3,2691,2690,1791059312785321,1791059312786485,1164,0,10,10,10,2,10,3,20
3,2692,2691,1791059312835321,1791059312836824,1503,0,11,12,12,1,13,0,0
3,2693,2692,1791059312885321,1791059312886402,1081,0,12,10,10,2,10,0,0
3,2694,2693,1791059312935321,1791059312936610,1289,0,13,10,10,1,10,0,0
3,2695,2694,1791059312985321,1791059312987133,1812,0,14,11,11,1,10,0,0
3,2696,2695,1791059313035321,1791059313036799,1478,0,15,16,16,2,16,3,11
3,2697,2696,1791059313085321,1791059313086444,1123,0,16,13,13,1,12,0,0
3,2698,2697,1791059313135321,1791059313136611,1290,0,17,11,11,3,10,2,10
3,2699,2698,1791059313185321,1791059313186724,1403,0,18,7,7,2,6,0,0
3,2700,2699,1791059313235321,1791059313236721,1400,0,19,10,10,1,11,0,0
3,2701,2700,1791059313285321,1791059313286575,1254,0,0,7,7,0,7,0,0
3,2702,2701,1791059313335321,1791059313337265,1944,0,1,13,13,4,11,2,10
3,2703,2702,1791059313385321,1791059313386754,1433,0,2,8,8,2,7,0,0
3,2704,2703,1791059313435321,1791059313436856,1535,0,3,8,8,1,8,2,1
3,2705,2704,1791059313485321,1791059313486844,1523,0,4,9,9,2,8,0,0
3,2706,2705,1791059313535321,1791059313537118,1797,0,5,9,9,1,9,0,0
3,2707,2706,1791059313585321,1791059313587067,1746,0,6,7,7,0,7,0,0
3,2708,2707,1791059313635321,1791059313636828,1507,0,7,11,11,2,10,0,0
3,2709,2708,1791059313685321,1791059313686391,1070,0,8,6,6,0,6,0,0
3,2710,2709,1791059313735321,1791059313737058,1737,0,9,12,12,3,12,0,0
3,2711,2710,1791059313785321,1791059313787062,1741,0,10,10,10,2,10,3,20
3,2712,2711,1791059313835321,1791059313836900,1579,0,11,12,12,1,13,2,1
3,2713,2712,1791059313885321,1791059313886887,1566,0,12,10,10,2,10,0,0
3,2714,2713,1791059313935321,1791059313936612,1291,0,13,10,10,1,10,0,0
3,2715,2714,1791059313985321,1791059313987324,2003,0,14,11,11,1,10,0,0
3,2716,2715,1791059314035321,1791059314036661,1340,0,15,16,16,2,16,2,10
3,2717,2716,1791059314085321,1791059314086949,1628,0,16,13,13,1,12,0,0
3,2718,2717,1791059314135321,1791059314136707,1386,0,17,11,11,3,10,2,10
3,2719,2718,1791059314185321,1791059314186959,1638,0,18,7,7,2,6,0,0
3,2720,2719,1791059314235321,1791059314236773,1452,0,19,10,10,1,10,0,0
3,2721,2720,1791059314285321,1791059314286391,1070,0,0,7,7,0,7,0,0
3,2722,2721,1791059314335321,1791059314337129,1808,0,1,13,13,4,11,2,10
3,2723,2722,1791059314385321,1791059314386750,1429,0,2,8,8,2,7,0,0
3,2724,2723,1791059314435321,1791059314436940,1619,0,3,8,8,1,8,0,0
3,2725,2724,1791059314485321,1791059314486617,1296,0,4,9,9,2,8,0,0
3,2726,2725,1791059314535321,1791059314537113,1792,0,5,9,9,1,9,0,0
3,2727,2726,1791059314585321,1791059314586703,1382,0,6,7,7,0,7,0,0
3,2728,2727,1791059314635321,1791059314636833,1512,0,7,11,11,2,10,0,0
3,2729,2728,1791059314685321,1791059314687177,1856,0,8,6,6,0,6,0,0
3,2730,2729,1791059314735321,1791059314736772,1451,0,9,12,12,3,12,0,0
3,2731,2730,1791059314785321,1791059314786985,1664,0,10,10,10,2,10,3,20
3,2732,2731,1791059314835321,1791059314836620,1299,0,11,12,12,1,13,0,0
3,2733,2732,1791059314885321,1791059314886434,1113,0,12,10,10,2,10,0,0
3,2734,2733,1791059314935321,1791059314936756,1435,0,13,10,10,1,10,0,0
3,2735,2734,1791059314985321,1791059314986772,1451,0,14,11,11,1,10,0,0
3,2736,2735,1791059315035321,1791059315036581,1260,0,15,16,16,2,15,2,10
3,2737,2736,1791059315085321,1791059315087360,2039,0,16,13,13,1,12,0,0
3,2738,2737,1791059315135321,1791059315136579,1258,0,17,11,11,3,10,2,10
3,2739,2738,1791059315185321,1791059315186554,1233,0,18,7,7,2,6,0,0
3,2740,2739,1791059315235321,1791059315236680,1359,0,19,10,10,1,11,0,0
3,2741,2740,1791059315285321,1791059315286765,1444,0,0,7,7,0,7,0,0
3,2742,2741,1791059315335321,1791059315337286,1965,0,1,13,13,4,11,2,10
3,2743,2742,1791059315385321,1791059315387037,1716,0,2,8,8,2,7,0,0
3,2744,2743,1791059315435321,1791059315436918,1597,0,3,8,8,1,8,2,1
3,2745,2744,1791059315485321,1791059315486825,1504,0,4,9,9,2,8,0,0
3,2746,2745,1791059315535321,1791059315536727,1406,0,5,9,9,1,9,0,0
3,2747,2746,1791059315585321,1791059315587361,2040,0,6,7,7,0,7,0,0
3,2748,2747,1791059315635321,1791059315636803,1482,0,7,11,11,2,10,0,0
3,2749,2748,1791059315685321,1791059315686908,1587,0,8,6,6,0,6,0,0
3,2750,2749,1791059315735321,1791059315736568,1247,0,9,12,12,3,12,0,0
3,2751,2750,1791059315785321,1791059315786959,1638,0,10,10,10,2,10,3,20
3,2752,2751,1791059315835321,1791059315836811,1490,0,11,12,12,1,13,2,1
3,2753,2752,1791059315885321,1791059315887143,1822,0,12,10,10,2,10,0,0
3,2754,2753,1791059315935321,1791059315936830,1509,0,13,10,10,1,10,0,0
3,2755,2754,1791059315985321,1791059315986754,1433,0,14,11,11,1,10,0,0
3,2756,2755,1791059316035321,1791059316036793,1472,0,15,16,16,2,16,2,10
3,2757,2756,1791059316085321,1791059316087081,1760,0,16,13,13,1,12,0,0
3,2758,2757,1791059316135321,1791059316136616,1295,0,17,11,11,3,10,2,10
3,2759,2758,1791059316185321,1791059316186812,1491,0,18,7,7,2,6,0,0
3,2760,2759,1791059316235321,1791059316236786,1465,0,19,10,10,1,10,0,0
3,2761,2760,1791059316285321,1791059316287206,1885,0,0,7,7,0,7,0,0
3,2762,2761,1791059316335321,1791059316336547,1226,0,1,13,13,4,11,2,10
3,2763,2762,1791059316385321,1791059316386650,1329,0,2,8,8,2,7,0,0
3,2764,2763,1791059316435321,1791059316436752,1431,0,3,8,8,1,8,0,0
3,2765,2764,1791059316485321,1791059316487332,2011,0,4,9,9,2,8,0,0
3,2766,2765,1791059316535321,1791059316536586,1265,0,5,9,9,1,9,0,0
3,2767,2766,1791059316585321,1791059316587248,1927,0,6,7,7,0,7,0,0
3,2768,2767,1791059316635321,1791059316636809,1488,0,7,11,11,2,11,2,1
3,2769,2768,1791059316685321,1791059316686553,1232,0,8,6,6,0,6,0,0
3,2770,2769,1791059316735321,1791059316737266,1945,0,9,12,12,3,12,0,0
3,2771,2770,1791059316785321,1791059316786728,1407,0,10,10,10,2,10,3,20
3,2772,2771,1791059316835321,1791059316836756,1435,0,11,12,12,1,12,0,0
3,2773,2772,1791059316885321,1791059316887331,2010,0,12,10,10,2,10,0,0
3,2774,2773,1791059316935321,1791059316936913,1592,0,13,10,10,1,10,0,0
3,2775,2774,1791059316985321,1791059316986891,1570,0,14,11,11,1,10,0,0
3,2776,2775,1791059317035321,1791059317036936,1615,0,15,16,16,2,16,3,11
3,2777,2776,1791059317085321,1791059317086512,1191,0,16,13,13,1,12,0,0
3,2778,2777,1791059317135321,1791059317136684,1363,0,17,11,11,3,10,2,10
3,2779,2778,1791059317185321,1791059317186951,1630,0,18,7,7,2,6,0,0
3,2780,2779,1791059317235321,1791059317236823,1502,0,19,10,10,1,10,0,0
3,2781,2780,1791059317285321,1791059317287223,1902,0,0,7,7,0,7,0,0
3,2782,2781,1791059317335321,1791059317336500,1179,0,1,13,13,4,11,2,10
3,2783,2782,1791059317385321,1791059317387243,1922,0,2,8,8,2,7,0,0
3,2784,2783,1791059317435321,1791059317436773,1452,0,3,8,8,1,8,2,1
3,2785,2784,1791059317485321,1791059317486373,1052,0,4,9,9,2,8,0,0
3,2786,2785,1791059317535321,1791059317537246,1925,0,5,9,9,1,9,0,0
3,2787,2786,1791059317585321,1791059317586639,1318,0,6,7,7,0,7,0,0
3,2788,2787,1791059317635321,1791059317636688,1367,0,7,11,11,2,11,0,0
3,2789,2788,1791059317685321,1791059317686510,1189,0,8,6,6,0,6,0,0
3,2790,2789,1791059317735321,1791059317736940,1619,0,9,12,12,3,12,0,0
3,2791,2790,1791059317785321,1791059317786628,1307,0,10,10,10,2,10,3,20
3,2792,2791,1791059317835321,1791059317836677,1356,0,11,12,12,1,13,2,1
3,2793,2792,1791059317885321,1791059317886375,1054,0,12,10,10,2,10,0,0
3,2794,2793,1791059317935321,1791059317936657,1336,0,13,10,10,1,10,0,0
3,2795,2794,1791059317985321,1791059317986692,1371,0,14,11,11,1,10,0,0
3,2796,2795,1791059318035321,1791059318036779,1458,0,15,16,16,2,16,2,10
3,2797,2796,1791059318085321,1791059318087251,1930,0,16,13,13,1,12,0,0
3,2798,2797,1791059318135321,1791059318136575,1254,0,17,11,11,3,10,2,10
3,2799,2798,1791059318185321,1791059318186975,1654,0,18,7,7,2,6,0,0
3,2800,2799,1791059318235321,1791059318236860,1539,0,19,10,10,1,10,0,0
3,2801,2800,1791059318285321,1791059318286422,1101,0,0,7,7,0,7,0,0
3,2802,2801,1791059318335321,1791059318337268,1947,0,1,13,13,4,11,2,10
3,2803,2802,1791059318385321,1791059318386787,1466,0,2,8,8,2,7,0,0
3,2804,2803,1791059318435321,1791059318436820,1499,0,3,8,8,1,8,0,0
3,2805,2804,1791059318485321,1791059318486547,1226,0,4,9,9,2,8,0,0
3,2806,2805,1791059318535321,1791059318537333,2012,0,5,9,9,1,9,0,0
3,2807,2806,1791059318585321,1791059318587153,1832,0,6,7,7,0,7,0,0
3,2808,2807,1791059318635321,1791059318636800,1479,0,7,11,11,2,10,0,0
3,2809,2808,1791059318685321,1791059318687131,1810,0,8,6,6,0,6,0,0
3,2810,2809,1791059318735321,1791059318736809,1488,0,9,12,12,3,12,0,0
3,2811,2810,1791059318785321,1791059318786945,1624,0,10,10,10,2,10,3,20
3,2812,2811,1791059318835321,1791059318836842,1521,0,11,12,12,1,13,0,0
3,2813,2812,1791059318885321,1791059318886461,1140,0,12,10,10,2,10,0,0
3,2814,2813,1791059318935321,1791059318936827,1506,0,13,10,10,1,10,0,0
3,2815,2814,1791059318985321,1791059318986972,1651,0,14,11,11,1,10,0,0
3,2816,2815,1791059319035321,1791059319036882,1561,0,15,16,16,2,16,3,11
3,2817,2816,1791059319085321,1791059319087093,1772,0,16,13,13,1,12,0,0
3,2818,2817,1791059319135321,1791059319137193,1872,0,17,11,11,3,10,2,10
3,2819,2818,1791059319185321,1791059319186944,1623,0,18,7,7,2,6,0,0
3,2820,2819,1791059319235321,1791059319237242,1921,0,19,10,10,1,11,0,0
3,2821,2820,1791059319285321,1791059319287034,1713,0,0,7,7,0,7,0,0
3,2822,2821,1791059319335321,1791059319336735,1414,0,1,13,13,4,11,2,10
3,2823,2822,1791059319385321,1791059319387212,1891,0,2,8,8,2,7,0,0
3,2824,2823,1791059319435321,1791059319436687,1366,0,3,8,8,1,7,0,0
3,2825,2824,1791059319485321,1791059319486586,1265,0,4,9,9,2,8,0,0
3,2826,2825,1791059319535321,1791059319537768,2447,0,5,9,9,1,9,0,0
3,2827,2826,1791059319585321,1791059319586692,1371,0,6,7,7,0,7,0,0
3,2828,2827,1791059319635321,1791059319636839,1518,0,7,11,11,2,11,0,0
3,2829,2828,1791059319685321,1791059319686622,1301,0,8,6,6,0,6,0,0
3,2830,2829,1791059319735321,1791059319736552,1231,0,9,12,12,3,12,0,0
3,2831,2830,1791059319785321,1791059319786570,1249,0,10,10,10,2,10,3,20
3,2832,2831,1791059319835321,1791059319836802,1481,0,11,12,12,1,12,0,0
3,2833,2832,1791059319885321,1791059319886420,1099,0,12,10,10,2,10,0,0
3,2834,2833,1791059319935321,1791059319936899,1578,0,13,10,10,1,10,0,0
3,2835,2834,1791059319985321,1791059319986777,1456,0,14,11,11,1,10,0,0
3,2836,2835,1791059320035321,1791059320036965,1644,0,15,16,16,2,16,2,10
3,2837,2836,1791059320085321,1791059320086629,1308,0,16,13,13,1,12,0,0
3,2838,2837,1791059320135321,1791059320136943,1622,0,17,11,11,3,10,2,10
3,2839,2838,1791059320185321,1791059320186803,1482,0,18,7,7,2,6,0,0
3,2840,2839,1791059320235321,1791059320236745,1424,0,19,10,10,1,10,0,0
3,2841,2840,1791059320285321,1791059320286481,1160,0,0,7,7,0,7,0,0
3,2842,2841,1791059320335321,1791059320337053,1732,0,1,13,13,4,11,2,10
3,2843,2842,1791059320385321,1791059320386426,1105,0,2,8,8,2,7,0,0
3,2844,2843,1791059320435321,1791059320436886,1565,0,3,8,8,1,8,0,0
3,2845,2844,1791059320485321,1791059320487151,1830,0,4,9,9,2,8,0,0
3,2846,2845,1791059320535321,1791059320537350,2029,0,5,9,9,1,9,0,0
3,2847,2846,1791059320585321,1791059320586627,1306,0,6,7,7,0,7,0,0
3,2848,2847,1791059320635321,1791059320636789,1468,0,7,11,11,2,10,0,0
3,2849,2848,1791059320685321,1791059320687097,1776,0,8,6,6,0,6,0,0
3,2850,2849,1791059320735321,1791059320736846,1525,0,9,12,12,3,12,0,0
3,2851,2850,1791059320785321,1791059320787227,1906,0,10,10,10,2,10,3,20
3,2852,2851,1791059320835321,1791059320836854,1533,0,11,12,12,1,13,0,0
3,2853,2852,1791059320885321,1791059320886812,1491,0,12,10,10,2,10,0,0
3,2854,2853,1791059320935321,1791059320937010,1689,0,13,10,10,1,10,0,0
3,2855,2854,1791059320985321,1791059320986445,1124,0,14,11,11,1,10,0,0
3,2856,2855,1791059321035321,1791059321036877,1556,0,15,16,16,2,16,3,11
3,2857,2856,1791059321085321,1791059321086452,1131,0,16,13,13,1,12,0,0
3,2858,2857,1791059321135321,1791059321136841,1520,0,17,11,11,3,10,2,10
3,2859,2858,1791059321185321,1791059321186752,1431,0,18,7,7,2,6,0,0
3,2860,2859,1791059321235321,1791059321236627,1306,0,19,10,10,1,10,0,0
3,2861,2860,1791059321285321,1791059321286401,1080,0,0,7,7,0,7,0,0
3,2862,2861,1791059321335321,1791059321336836,1515,0,1,13,13,4,11,2,10
3,2863,2862,1791059321385321,1791059321386611,1290,0,2,8,8,2,7,0,0
3,2864,2863,1791059321435321,1791059321436972,1651,0,3,8,8,1,8,2,1
3,2865,2864,1791059321485321,1791059321486637,1316,0,4,9,9,2,8,0,0
3,2866,2865,1791059321535321,1791059321537222,1901,0,5,9,9,1,9,0,0
3,2867,2866,1791059321585321,1791059321586752,1431,0,6,7,7,0,7,0,0
3,2868,2867,1791059321635321,1791059321636895,1574,0,7,11,11,2,11,0,0
3,2869,2868,1791059321685321,1791059321686670,1349,0,8,6,6,0,6,0,0
3,2870,2869,1791059321735321,1791059321737270,1949,0,9,12,12,3,12,0,0
3,2871,2870,1791059321785321,1791059321786779,1458,0,10,10,10,2,10,3,20
3,2872,2871,1791059321835321,1791059321836675,1354,0,11,12,12,1,12,0,0
3,2873,2872,1791059321885321,1791059321887079,1758,0,12,10,10,2,10,0,0
3,2874,2873,1791059321935321,1791059321936415,1094,0,13,10,10,1,10,0,0
3,2875,2874,1791059321985321,1791059321986576,1255,0,14,11,11,1,10,0,0
3,2876,2875,1791059322035321,1791059322036777,1456,0,15,16,16,2,16,2,10
3,2877,2876,1791059322085321,1791059322087321,2000,0,16,13,13,1,12,0,0
3,2878,2877,1791059322135321,1791059322136814,1493,0,17,11,11,3,10,2,10
3,2879,2878,1791059322185321,1791059322186410,1089,0,18,7,7,2,6,0,0
3,2880,2879,1791059322235321,1791059322236661,1340,0,19,10,10,1,11,2,1
3,2881,2880,1791059322285321,1791059322287216,1895,0,0,7,7,0,7,0,0
3,2882,2881,1791059322335321,1791059322336569,1248,0,1,13,13,4,11,2,10
3,2883,2882,1791059322385321,1791059322387087,1766,0,2,8,8,2,7,0,0
3,2884,2883,1791059322435321,1791059322436688,1367,0,3,8,8,1,7,0,0
3,2885,2884,1791059322485321,1791059322486585,1264,0,4,9,9,2,8,0,0
3,2886,2885,1791059322535321,1791059322537142,1821,0,5,9,9,1,9,0,0
3,2887,2886,1791059322585321,1791059322586526,1205,0,6,7,7,0,7,0,0
3,2888,2887,1791059322635321,1791059322636836,1515,0,7,11,11,2,11,2,1
3,2889,2888,1791059322685321,1791059322686483,1162,0,8,6,6,0,6,0,0
3,2890,2889,1791059322735321,1791059322737053,1732,0,9,12,12,3,12,0,0
3,2891,2890,1791059322785321,1791059322786697,1376,0,10,10,10,2,10,3,20
3,2892,2891,1791059322835321,1791059322836706,1385,0,11,12,12,1,13,0,0
3,2893,2892,1791059322885321,1791059322887222,1901,0,12,10,10,2,10,0,0
3,2894,2893,1791059322935321,1791059322936501,1180,0,13,10,10,1,10,0,0
3,2895,2894,1791059322985321,1791059322986936,1615,0,14,11,11,1,10,0,0
3,2896,2895,1791059323035321,1791059323036908,1587,0,15,16,16,2,16,3,11
3,2897,2896,1791059323085321,1791059323086439,1118,0,16,13,13,1,12,0,0
3,2898,2897,1791059323135321,1791059323137036,1715,0,17,11,11,3,10,2,10
3,2899,2898,1791059323185321,1791059323186860,1539,0,18,7,7,2,6,0,0
3,2900,2899,1791059323235321,1791059323236304,983,0,19,10,10,1,11,0,0
3,2901,2900,1791059323285321,1791059323286943,1622,0,0,7,7,0,7,0,0
3,2902,2901,1791059323335321,1791059323336635,1314,0,1,13,13,4,11,2,10
3,2903,2902,1791059323385321,1791059323387239,1918,0,2,8,8,2,7,0,0
3,2904,2903,1791059323435321,1791059323436875,1554,0,3,8,8,1,7,0,0
3,2905,2904,1791059323485321,1791059323486890,1569,0,4,9,9,2,8,0,0
3,2906,2905,1791059323535321,1791059323536771,1450,0,5,9,9,1,9,0,0
3,2907,2906,1791059323585321,1791059323586607,1286,0,6,7,7,0,7,0,0
3,2908,2907,1791059323635321,1791059323636969,1648,0,7,11,11,2,11,0,0
3,2909,2908,1791059323685321,1791059323686684,1363,0,8,6,6,0,6,0,0
3,2910,2909,1791059323735321,1791059323736614,1293,0,9,12,12,3,12,0,0
3,2911,2910,1791059323785321,1791059323786992,1671,0,10,10,10,2,9,3,20
3,2912,2911,1791059323835321,1791059323836458,1137,0,11,12,12,1,13,2,1
3,2913,2912,1791059323885321,1791059323886637,1316,0,12,10,10,2,10,0,0
3,2914,2913,1791059323935321,1791059323936670,1349,0,13,10,10,1,10,0,0
3,2915,2914,1791059323985321,1791059323987293,1972,0,14,11,11,1,10,0,0
3,2916,2915,1791059324035321,1791059324036839,1518,0,15,16,16,2,15,2,10
3,2917,2916,1791059324085321,1791059324087223,1902,0,16,13,13,1,12,0,0
3,2918,2917,1791059324135321,1791059324137078,1757,0,17,11,11,3,10,2,10
3,2919,2918,1791059324185321,1791059324187030,1709,0,18,7,7,2,6,0,0
3,2920,2919,1791059324235321,1791059324236791,1470,0,19,10,10,1,11,2,1
3,2921,2920,1791059324285321,1791059324286494,1173,0,0,7,7,0,7,0,0
3,2922,2921,1791059324335321,1791059324336552,1231,0,1,13,13,4,11,2,10
3,2923,2922,1791059324385321,1791059324386974,1653,0,2,8,8,2,7,0,0
3,2924,2923,1791059324435321,1791059324436834,1513,0,3,8,8,1,7,0,0
3,2925,2924,1791059324485321,1791059324487006,1685,0,4,9,9,2,8,0,0
3,2926,2925,1791059324535321,1791059324537141,1820,0,5,9,9,1,9,0,0
3,2927,2926,1791059324585321,1791059324587168,1847,0,6,7,7,0,7,0,0
3,2928,2927,1791059324635321,1791059324636772,1451,0,7,11,11,2,11,2,1
3,2929,2928,1791059324685321,1791059324686763,1442,0,8,6,6,0,6,0,0
3,2930,2929,1791059324735321,1791059324736632,1311,0,9,12,12,3,12,0,0
3,2931,2930,1791059324785321,1791059324786873,1552,0,10,10,10,3,9,3,20
3,2932,2931,1791059324835321,1791059324836786,1465,0,11,12,12,1,13,0,0
3,2933,2932,1791059324885321,1791059324886567,1246,0,12,10,10,2,10,0,0
3,2934,2933,1791059324935321,1791059324936952,1631,0,13,10,10,1,10,0,0
3,2935,2934,1791059324985321,1791059324986475,1154,0,14,11,11,1,10,0,0
3,2936,2935,1791059325035321,1791059325036725,1404,0,15,16,16,2,15,2,10
3,2937,2936,1791059325085321,1791059325086735,1414,0,16,13,13,1,12,0,0
3,2938,2937,1791059325135321,1791059325137013,1692,0,17,11,11,3,10,2,10
3,2939,2938,1791059325185321,1791059325186725,1404,0,18,7,7,2,6,0,0
3,2940,2939,1791059325235321,1791059325236708,1387,0,19,10,10,1,11,0,0
3,2941,2940,1791059325285321,1791059325286363,1042,0,0,7,7,0,7,0,0
3,2942,2941,1791059325335321,1791059325336565,1244,0,1,13,13,4,11,2,10
3,2943,2942,1791059325385321,1791059325386849,1528,0,2,8,8,2,7,0,0
3,2944,2943,1791059325435321,1791059325436962,1641,0,3,8,8,1,8,2,1
3,2945,2944,1791059325485321,1791059325486579,1258,0,4,9,9,2,8,0,0
3,2946,2945,1791059325535321,1791059325536503,1182,0,5,9,9,1,9,0,0
3,2947,2946,1791059325585321,1791059325587231,1910,0,6,7,7,0,7,0,0
3,2948,2947,1791059325635321,1791059325636820,1499,0,7,11,11,2,10,0,0
3,2949,2948,1791059325685321,1791059325687362,2041,0,8,6,6,0,6,0,0
3,2950,2949,1791059325735321,1791059325736398,1077,0,9,12,12,3,12,0,0
3,2951,2950,1791059325785321,1791059325787021,1700,0,10,10,10,3,9,3,20
3,2952,2951,1791059325835321,1791059325836960,1639,0,11,12,12,1,13,2,1
3,2953,2952,1791059325885321,1791059325887172,1851,0,12,10,10,2,10,0,0
3,2954,2953,1791059325935321,1791059325936601,1280,0,13,10,10,1,10,0,0
3,2955,2954,1791059325985321,1791059325987331,2010,0,14,11,11,1,10,0,0
3,2956,2955,1791059326035321,1791059326036775,1454,0,15,16,16,2,16,2,10
3,2957,2956,1791059326085321,1791059326087090,1769,0,16,13,13,1,12,0,0
3,2958,2957,1791059326135321,1791059326136857,1536,0,17,11,11,3,10,2,10
3,2959,2958,1791059326185321,1791059326186738,1417,0,18,7,7,2,6,0,0
3,2960,2959,1791059326235321,1791059326236712,1391,0,19,10,10,1,10,0,0
3,2961,2960,1791059326285321,1791059326286510,1189,0,0,7,7,0,7,0,0
3,2962,2961,1791059326335321,1791059326337345,2024,0,1,13,13,4,11,2,10
3,2963,2962,1791059326385321,1791059326386762,1441,0,2,8,8,2,7,0,0
3,2964,2963,1791059326435321,1791059326436633,1312,0,3,8,8,1,8,0,0
3,2965,2964,1791059326485321,1791059326486364,1043,0,4,9,9,2,8,0,0
3,2966,2965,1791059326535321,1791059326537022,1701,0,5,9,9,1,9,0,0
3,2967,2966,1791059326585321,1791059326586762,1441,0,6,7,7,0,7,0,0
3,2968,2967,1791059326635321,1791059326636718,1397,0,7,11,11,2,10,0,0
3,2969,2968,1791059326685321,1791059326687053,1732,0,8,6,6,0,6,0,0
3,2970,2969,1791059326735321,1791059326736607,1286,0,9,12,12,3,12,0,0
3,2971,2970,1791059326785321,1791059326787027,1706,0,10,10,10,3,9,3,20
3,2972,2971,1791059326835321,1791059326836791,1470,0,11,12,12,1,13,0,0
3,2973,2972,1791059326885321,1791059326886533,1212,0,12,10,10,2,10,0,0
3,2974,2973,1791059326935321,1791059326936775,1454,0,13,10,10,1,10,0,0
3,2975,2974,1791059326985321,1791059326986912,1591,0,14,11,11,1,10,0,0
3,2976,2975,1791059327035321,1791059327036806,1485,0,15,16,16,2,15,2,10
3,2977,2976,1791059327085321,1791059327086887,1566,0,16,13,13,1,12,0,0
3,2978,2977,1791059327135321,1791059327136668,1347,0,17,11,11,3,10,2,10
3,2979,2978,1791059327185321,1791059327186905,1584,0,18,7,7,2,6,0,0
3,2980,2979,1791059327235321,1791059327236635,1314,0,19,10,10,1,11,0,0
3,2981,2980,1791059327285321,1791059327287301,1980,0,0,7,7,0,7,0,0
3,2982,2981,1791059327335321,1791059327336778,1457,0,1,13,13,4,11,2,10
3,2983,2982,1791059327385321,1791059327386625,1304,0,2,8,8,2,7,0,0
3,2984,2983,1791059327435321,1791059327436959,1638,0,3,8,8,1,8,2,1
3,2985,2984,1791059327485321,1791059327486605,1284,0,4,9,9,2,8,0,0
3,2986,2985,1791059327535321,1791059327536390,1069,0,5,9,9,1,9,0,0
3,2987,2986,1791059327585321,1791059327586819,1498,0,6,7,7,0,7,0,0
3,2988,2987,1791059327635321,1791059327637158,1837,0,7,11,11,2,11,0,0
3,2989,2988,1791059327685321,1791059327686873,1552,0,8,6,6,0,6,0,0
3,2990,2989,1791059327735321,1791059327736805,1484,0,9,12,12,3,12,0,0
3,2991,2990,1791059327785321,1791059327786461,1140,0,10,10,10,3,9,3,20
3,2992,2991,1791059327835321,1791059327836838,1517,0,11,12,12,1,12,0,0
3,2993,2992,1791059327885321,1791059327886628,1307,0,12,10,10,2,10,0,0
3,2994,2993,1791059327935321,1791059327936591,1270,0,13,10,10,1,10,0,0
3,2995,2994,1791059327985321,1791059327986582,1261,0,14,11,11,1,10,0,0
3,2996,2995,1791059328035321,1791059328036774,1453,0,15,16,16,2,16,2,10
3,2997,2996,1791059328085321,1791059328086495,1174,0,16,13,13,1,12,0,0
3,2998,2997,1791059328135321,1791059328137175,1854,0,17,11,11,3,10,2,10
3,2999,2998,1791059328185321,1791059328187180,1859,0,18,7,7,2,6,0,0
3,3000,2999,1791059328235321,1791059328236802,1481,0,19,10,10,1,10,0,0
3,3001,3000,1791059328285321,1791059328286402,1081,0,0,7,7,0,7,0,0
3,3002,3001,1791059328335321,1791059328336452,1131,0,1,13,13,4,11,2,10
3,3003,3002,1791059328385321,1791059328387130,1809,0,2,8,8,2,7,0,0
3,3004,3003,1791059328435321,1791059328436745,1424,0,3,8,8,1,8,0,0
3,3005,3004,1791059328485321,1791059328487340,2019,0,4,9,9,2,8,0,0
3,3006,3005,1791059328535321,1791059328536516,1195,0,5,9,9,1,9,0,0
3,3007,3006,1791059328585321,1791059328586916,1595,0,6,7,7,0,7,0,0
3,3008,3007,1791059328635321,1791059328636795,1474,0,7,11,11,2,10,0,0
3,3009,3008,1791059328685321,1791059328686947,1626,0,8,6,6,0,6,0,0
3,3010,3009,1791059328735321,1791059328736610,1289,0,9,12,12,3,12,0,0
3,3011,3010,1791059328785321,1791059328786727,1406,0,10,10,10,3,9,3,20
3,3012,3011,1791059328835321,1791059328836817,1496,0,11,12,12,1,13,0,0
3,3013,3012,1791059328885321,1791059328886526,1205,0,12,10,10,2,10,0,0
3,3014,3013,1791059328935321,1791059328937381,2060,0,13,10,10,1,10,0,0
3,3015,3014,1791059328985321,1791059328986738,1417,0,14,11,11,1,10,0,0
3,3016,3015,1791059329035321,1791059329036876,1555,0,15,16,16,2,15,2,10
3,3017,3016,1791059329085321,1791059329087056,1735,0,16,13,13,1,12,0,0
3,3018,3017,1791059329135321,1791059329136778,1457,0,17,11,11,3,10,2,10
3,3019,3018,1791059329185321,1791059329186517,1196,0,18,7,7,2,6,0,0
3,3020,3019,1791059329235321,1791059329236946,1625,0,19,10,10,1,11,0,0
3,3021,3020,1791059329285321,1791059329286565,1244,0,0,7,7,0,7,0,0
3,3022,3021,1791059329335321,1791059329336615,1294,0,1,13,13,4,11,2,10
3,3023,3022,1791059329385321,1791059329386951,1630,0,2,8,8,2,7,0,0
3,3024,3023,1791059329435321,1791059329436869,1548,0,3,8,8,1,7,0,0
3,3025,3024,1791059329485321,1791059329486631,1310,0,4,9,9,2,8,0,0
3,3026,3025,1791059329535321,1791059329537259,1938,0,5,9,9,1,9,0,0
3,3027,3026,1791059329585321,1791059329586681,1360,0,6,7,7,0,7,0,0
3,3028,3027,1791059329635321,1791059329637280,1959,0,7,11,11,2,11,0,0
3,3029,3028,1791059329685321,1791059329687269,1948,0,8,6,6,0,6,0,0
3,3030,3029,1791059329735321,1791059329736746,1425,0,9,12,12,3,12,0,0
3,3031,3030,1791059329785321,1791059329786903,1582,0,10,10,10,3,9,3,20
3,3032,3031,1791059329835321,1791059329836691,1370,0,11,12,12,1,12,0,0
3,3033,3032,1791059329885321,1791059329886554,1233,0,12,10,10,2,10,0,0
3,3034,3033,1791059329935321,1791059329936375,1054,0,13,10,10,1,10,0,0
3,3035,3034,1791059329985321,1791059329986958,1637,0,14,11,11,1,10,0,0
3,3036,3035,1791059330035321,1791059330036979,1658,0,15,16,16,2,16,2,10
3,3037,3036,1791059330085321,1791059330086698,1377,0,16,13,13,1,12,0,0
3,3038,3037,1791059330135321,1791059330136703,1382,0,17,11,11,3,10,2,10
3,3039,3038,1791059330185321,1791059330187325,2004,0,18,7,7,2,6,0,0
3,3040,3039,1791059330235321,1791059330236735,1414,0,19,10,10,1,10,0,0
3,3041,3040,1791059330285321,1791059330286563,1242,0,0,7,7,0,7,0,0
3,3042,3041,1791059330335321,1791059330336883,1562,0,1,13,13,4,11,2,10
3,3043,3042,1791059330385321,1791059330386745,1424,0,2,8,8,2,7,0,0
3,3044,3043,1791059330435321,1791059330436854,1533,0,3,8,8,1,8,0,0
3,3045,3044,1791059330485321,1791059330486596,1275,0,4,9,9,2,8,0,0
3,3046,3045,1791059330535321,1791059330536599,1278,0,5,9,9,1,9,0,0
3,3047,3046,1791059330585321,1791059330586514,1193,0,6,7,7,0,7,0,0
3,3048,3047,1791059330635321,1791059330636980,1659,0,7,11,11,2,11,2,1
3,3049,3048,1791059330685321,1791059330686563,1242,0,8,6,6,0,6,0,0
3,3050,3049,1791059330735321,1791059330737101,1780,0,9,12,12,3,12,0,0
3,3051,3050,1791059330785321,1791059330786775,1454,0,10,10,10,3,9,3,20
3,3052,3051,1791059330835321,1791059330836791,1470,0,11,12,12,1,12,0,0
3,3053,3052,1791059330885321,1791059330886627,1306,0,12,10,10,2,10,0,0
3,3054,3053,1791059330935321,1791059330936527,1206,0,13,10,10,1,10,0,0
3,3055,3054,1791059330985321,1791059330986389,1068,0,14,11,11,1,10,0,0
3,3056,3055,1791059331035321,1791059331036934,1613,0,15,16,16,2,16,3,11
3,3057,3056,1791059331085321,1791059331086448,1127,0,16,13,13,1,12,0,0
3,3058,3057,1791059331135321,1791059331136573,1252,0,17,11,11,3,10,2,10
3,3059,3058,1791059331185321,1791059331187025,1704,0,18,7,7,2,6,0,0
3,3060,3059,1791059331235321,1791059331236844,1523,0,19,10,10,1,10,0,0
3,3061,3060,1791059331285321,1791059331286560,1239,0,0,7,7,0,7,0,0
3,3062,3061,1791059331335321,1791059331336400,1079,0,1,13,13,4,11,2,10
3,3063,3062,1791059331385321,1791059331386946,1625,0,2,8,8,2,7,0,0
3,3064,3063,1791059331435321,1791059331436849,1528,0,3,8,8,1,8,2,1
3,3065,3064,1791059331485321,1791059331486647,1326,0,4,9,9,2,8,0,0
3,3066,3065,1791059331535321,1791059331537263,1942,0,5,9,9,1,9,0,0
3,3067,3066,1791059331585321,1791059331587338,2017,0,6,7,7,0,7,0,0
3,3068,3067,1791059331635321,1791059331636951,1630,0,7,11,11,2,11,0,0
3,3069,3068,1791059331685321,1791059331686836,1515,0,8,6,6,0,6,0,0
3,3070,3069,1791059331735321,1791059331736649,1328,0,9,12,12,3,12,0,0
3,3071,3070,1791059331785321,1791059331787237,1916,0,10,10,10,3,9,3,20
3,3072,3071,1791059331835321,1791059331836842,1521,0,11,12,12,1,12,0,0
3,3073,3072,1791059331885321,1791059331886712,1391,0,12,10,10,2,10,0,0
3,3074,3073,1791059331935321,1791059331936968,1647,0,13,10,10,1,10,0,0
3,3075,3074,1791059331985321,1791059331987219,1898,0,14,11,11,1,10,0,0
3,3076,3075,1791059332035321,1791059332036910,1589,0,15,16,16,2,16,2,10
3,3077,3076,1791059332085321,1791059332086501,1180,0,16,13,13,1,12,0,0
3,3078,3077,1791059332135321,1791059332136736,1415,0,17,11,11,3,10,2,10
3,3079,3078,1791059332185321,1791059332187050,1729,0,18,7,7,2,6,0,0
3,3080,3079,1791059332235321,1791059332236867,1546,0,19,10,10,1,10,0,0
3,3081,3080,1791059332285321,1791059332286433,1112,0,0,7,7,0,7,0,0
3,3082,3081,1791059332335321,1791059332336820,1499,0,1,13,13,4,11,2,10
3,3083,3082,1791059332385321,1791059332387253,1932,0,2,8,8,2,7,0,0
3,3084,3083,1791059332435321,1791059332436953,1632,0,3,8,8,1,8,0,0
3,3085,3084,1791059332485321,1791059332486503,1182,0,4,9,9,2,8,0,0
3,3086,3085,1791059332535321,1791059332537261,1940,0,5,9,9,1,9,0,0
3,3087,3086,1791059332585321,1791059332586784,1463,0,6,7,7,0,7,0,0
3,3088,3087,1791059332635321,1791059332636849,1528,0,7,11,11,2,10,0,0
3,3089,3088,1791059332685321,1791059332686712,1391,0,8,6,6,0,6,0,0
3,3090,3089,1791059332735321,1791059332736601,1280,0,9,12,12,3,12,0,0
3,3091,3090,1791059332785321,1791059332787214,1893,0,10,10,10,3,9,3,20
3,3092,3091,1791059332835321,1791059332836898,1577,0,11,12,12,1,13,0,0
3,3093,3092,1791059332885321,1791059332886600,1279,0,12,10,10,2,10,0,0
3,3094,3093,1791059332935321,1791059332936936,1615,0,13,10,10,1,10,0,0
3,3095,3094,1791059332985321,1791059332986552,1231,0,14,11,11,1,10,0,0
3,3096,3095,1791059333035321,1791059333036901,1580,0,15,16,16,2,16,3,11
3,3097,3096,1791059333085321,1791059333086619,1298,0,16,13,13,1,12,0,0
3,3098,3097,1791059333135321,1791059333137162,1841,0,17,11,11,3,10,2,10
3,3099,3098,1791059333185321,1791059333186979,1658,0,18,7,7,2,6,0,0
3,3100,3099,1791059333235321,1791059333236782,1461,0,19,10,10,1,10,0,0
3,3101,3100,1791059333285321,1791059333286701,1380,0,0,7,7,0,7,0,0
3,3102,3101,1791059333335321,1791059333336493,1172,0,1,13,13,4,11,2,10
3,3103,3102,1791059333385321,1791059333386380,1059,0,2,8,8,2,7,0,0
3,3104,3103,1791059333435321,1791059333436970,1649,0,3,8,8,1,8,2,1
3,3105,3104,1791059333485321,1791059333486753,1432,0,4,9,9,2,8,0,0
3,3106,3105,1791059333535321,1791059333536937,1616,0,5,9,9,1,9,0,0
3,3107,3106,1791059333585321,1791059333586647,1326,0,6,7,7,0,7,0,0
3,3108,3107,1791059333635321,1791059333636777,1456,0,7,11,11,2,10,0,0
3,3109,3108,1791059333685321,1791059333686957,1636,0,8,6,6,0,6,0,0
3,3110,3109,1791059333735321,1791059333736547,1226,0,9,12,12,3,12,0,0
3,3111,3110,1791059333785321,1791059333787216,1895,0,10,10,10,3,9,3,20
3,3112,3111,1791059333835321,1791059333836981,1660,0,11,12,12,1,13,2,1
3,3113,3112,1791059333885321,1791059333886609,1288,0,12,10,10,2,10,0,0
3,3114,3113,1791059333935321,1791059333937262,1941,0,13,10,10,1,10,0,0
3,3115,3114,1791059333985321,1791059333986465,1144,0,14,11,11,1,10,0,0
3,3116,3115,1791059334035321,1791059334036834,1513,0,15,16,16,2,15,2,10
3,3117,3116,1791059334085321,1791059334086982,1661,0,16,13,13,1,12,0,0
3,3118,3117,1791059334135321,1791059334136812,1491,0,17,11,11,3,10,2,10
3,3119,3118,1791059334185321,1791059334186937,1616,0,18,7,7,2,6,0,0
3,3120,3119,1791059334235321,1791059334236903,1582,0,19,10,10,1,11,2,1
3,3121,3120,1791059334285321,1791059334286445,1124,0,0,7,7,0,7,0,0
3,3122,3121,1791059334335321,1791059334336579,1258,0,1,13,13,4,11,2,10
3,3123,3122,1791059334385321,1791059334387356,2035,0,2,8,8,2,7,0,0
3,3124,3123,1791059334435321,1791059334436701,1380,0,3,8,8,1,8,0,0
3,3125,3124,1791059334485321,1791059334486413,1092,0,4,9,9,2,8,0,0
3,3126,3125,1791059334535321,1791059334537770,2449,0,5,9,9,1,9,0,0
3,3127,3126,1791059334585321,1791059334587287,1966,0,6,7,7,0,7,0,0
3,3128,3127,1791059334635321,1791059334636806,1485,0,7,11,11,2,10,0,0
3,3129,3128,1791059334685321,1791059334686958,1637,0,8,6,6,0,6,0,0
3,3130,3129,1791059334735321,1791059334737297,1976,0,9,12,12,3,12,0,0
3,3131,3130,1791059334785321,1791059334786980,1659,0,10,10,10,3,9,3,20
3,3132,3131,1791059334835321,1791059334836859,1538,0,11,12,12,1,13,0,0
3,3133,3132,1791059334885321,1791059334886507,1186,0,12,10,10,2,10,0,0
3,3134,3133,1791059334935321,1791059334936908,1587,0,13,10,10,1,10,0,0
3,3135,3134,1791059334985321,1791059334986427,1106,0,14,11,11,1,10,0,0
3,3136,3135,1791059335035321,1791059335037287,1966,0,15,16,16,2,16,3,11
3,3137,3136,1791059335085321,1791059335086718,1397,0,16,13,13,1,12,0,0
3,3138,3137,1791059335135321,1791059335137137,1816,0,17,11,11,3,10,2,10
3,3139,3138,1791059335185321,1791059335186950,1629,0,18,7,7,2,6,0,0
3,3140,3139,1791059335235321,1791059335236868,1547,0,19,10,10,1,10,0,0
3,3141,3140,1791059335285321,1791059335286815,1494,0,0,7,7,0,7,0,0
3,3142,3141,1791059335335321,1791059335336937,1616,0,1,13,13,4,11,2,10
3,3143,3142,1791059335385321,1791059335387325,2004,0,2,8,8,2,7,0,0
3,3144,3143,1791059335435321,1791059335436949,1628,0,3,8,8,1,8,2,1
3,3145,3144,1791059335485321,1791059335486787,1466,0,4,9,9,2,8,0,0
3,3146,3145,1791059335535321,1791059335536787,1466,0,5,9,9,1,9,0,0
3,3147,3146,1791059335585321,1791059335586710,1389,0,6,7,7,0,7,0,0
3,3148,3147,1791059335635321,1791059335636908,1587,0,7,11,11,2,11,0,0
3,3149,3148,1791059335685321,1791059335686733,1412,0,8,6,6,0,6,0,0
3,3150,3149,1791059335735321,1791059335736560,1239,0,9,12,12,3,12,0,0
3,3151,3150,1791059335785321,1791059335786705,1384,0,10,10,10,3,9,3,20
3,3152,3151,1791059335835321,1791059335836777,1456,0,11,12,12,1,12,0,0
3,3153,3152,1791059335885321,1791059335886616,1295,0,12,10,10,2,10,0,0
3,3154,3153,1791059335935321,1791059335936644,1323,0,13,10,10,1,10,0,0
3,3155,3154,1791059335985321,1791059335987285,1964,0,14,11,11,1,10,0,0
3,3156,3155,1791059336035321,1791059336036952,1631,0,15,16,16,2,16,2,10
3,3157,3156,1791059336085321,1791059336086430,1109,0,16,13,13,1,12,0,0
3,3158,3157,1791059336135321,1791059336136374,1053,0,17,11,11,3,10,2,10
3,3159,3158,1791059336185321,1791059336186595,1274,0,18,7,7,2,6,0,0
3,3160,3159,1791059336235321,1791059336236770,1449,0,19,10,10,1,10,0,0
3,3161,3160,1791059336285321,1791059336286532,1211,0,0,7,7,0,7,0,0
3,3162,3161,1791059336335321,1791059336336917,1596,0,1,13,13,4,11,2,10
3,3163,3162,1791059336385321,1791059336386991,1670,0,2,8,8,2,7,0,0
3,3164,3163,1791059336435321,1791059336436974,1653,0,3,8,8,1,8,0,0
3,3165,3164,1791059336485321,1791059336486592,1271,0,4,9,9,2,8,0,0
3,3166,3165,1791059336535321,1791059336536385,1064,0,5,9,9,1,9,0,0
3,3167,3166,1791059336585321,1791059336586684,1363,0,6,7,7,0,7,0,0
3,3168,3167,1791059336635321,1791059336636798,1477,0,7,11,11,2,10,0,0
3,3169,3168,1791059336685321,1791059336686771,1450,0,8,6,6,0,6,0,0
3,3170,3169,1791059336735321,1791059336736554,1233,0,9,12,12,3,12,0,0
3,3171,3170,1791059336785321,1791059336786451,1130,0,10,10,10,3,9,3,20
3,3172,3171,1791059336835321,1791059336836972,1651,0,11,12,12,1,13,0,0
3,3173,3172,1791059336885321,1791059336886842,1521,0,12,10,10,2,10,0,0
3,3174,3173,1791059336935321,1791059336936902,1581,0,13,10,10,1,10,0,0
3,3175,3174,1791059336985321,1791059336986730,1409,0,14,11,11,1,10,0,0
3,3176,3175,1791059337035321,1791059337036674,1353,0,15,16,16,2,15,2,10
3,3177,3176,1791059337085321,1791059337086946,1625,0,16,13,13,1,12,0,0
3,3178,3177,1791059337135321,1791059337137295,1974,0,17,11,11,3,10,2,10
3,3179,3178,1791059337185321,1791059337186917,1596,0,18,7,7,2,6,0,0
3,3180,3179,1791059337235321,1791059337236803,1482,0,19,10,10,1,11,0,0
3,3181,3180,1791059337285321,1791059337286412,1091,0,0,7,7,0,7,0,0
3,3182,3181,1791059337335321,1791059337337183,1862,0,1,13,13,4,11,2,10
3,3183,3182,1791059337385321,1791059337386760,1439,0,2,8,8,2,7,0,0
3,3184,3183,1791059337435321,1791059337437048,1727,0,3,8,8,1,8,2,1
3,3185,3184,1791059337485321,1791059337487280,1959,0,4,9,9,2,8,0,0
3,3186,3185,1791059337535321,1791059337536400,1079,0,5,9,9,1,9,0,0
3,3187,3186,1791059337585321,1791059337587177,1856,0,6,7,7,0,7,0,0
3,3188,3187,1791059337635321,1791059337636826,1505,0,7,11,11,2,10,0,0
3,3189,3188,1791059337685321,1791059337686476,1155,0,8,6,6,0,6,0,0
3,3190,3189,1791059337735321,1791059337736424,1103,0,9,12,12,3,12,0,0
3,3191,3190,1791059337785321,1791059337786878,1557,0,10,10,10,3,9,3,20
3,3192,3191,1791059337835321,1791059337836804,1483,0,11,12,12,1,13,2,1
3,3193,3192,1791059337885321,1791059337887318,1997,0,12,10,10,2,10,0,0
3,3194,3193,1791059337935321,1791059337936620,1299,0,13,10,10,1,10,0,0
3,3195,3194,1791059337985321,1791059337987047,1726,0,14,11,11,1,10,0,0
3,3196,3195,1791059338035321,1791059338036832,1511,0,15,16,16,2,15,2,10
3,3197,3196,1791059338085321,1791059338087052,1731,0,16,13,13,1,12,0,0
3,3198,3197,1791059338135321,1791059338136757,1436,0,17,11,11,3,10,2,10
3,3199,3198,1791059338185321,1791059338186652,1331,0,18,7,7,2,6,0,0
3,3200,3199,1791059338235321,1791059338236791,1470,0,19,10,10,1,11,2,1
3,3201,3200,1791059338285321,1791059338286560,1239,0,0,7,7,0,7,0,0
3,3202,3201,1791059338335321,1791059338336698,1377,0,1,13,13,4,11,2,10
3,3203,3202,1791059338385321,1791059338387190,1869,0,2,8,8,2,7,0,0
3,3204,3203,1791059338435321,1791059338436837,1516,0,3,8,8,1,7,0,0
3,3205,3204,1791059338485321,1791059338486597,1276,0,4,9,9,2,8,0,0
3,3206,3205,1791059338535321,1791059338537257,1936,0,5,9,9,1,9,0,0
3,3207,3206,1791059338585321,1791059338586839,1518,0,6,7,7,0,7,0,0
3,3208,3207,1791059338635321,1791059338636734,1413,0,7,11,11,2,11,2,1
3,3209,3208,1791059338685321,1791059338686819,1498,0,8,6,6,0,6,0,0
3,3210,3209,1791059338735321,1791059338736850,1529,0,9,12,12,3,12,0,0
3,3211,3210,1791059338785321,1791059338787326,2005,0,10,10,10,3,9,3,20
3,3212,3211,1791059338835321,1791059338836765,1444,0,11,12,12,1,12,0,0
3,3213,3212,1791059338885321,1791059338886759,1438,0,12,10,10,2,10,0,0
3,3214,3213,1791059338935321,1791059338937156,1835,0,13,10,10,1,10,0,0
3,3215,3214,1791059338985321,1791059338986776,1455,0,14,11,11,1,10,0,0
3,3216,3215,1791059339035321,1791059339036914,1593,0,15,16,16,2,16,3,11
3,3217,3216,1791059339085321,1791059339086401,1080,0,16,13,13,1,12,0,0
3,3218,3217,1791059339135321,1791059339136770,1449,0,17,11,11,3,10,2,10
3,3219,3218,1791059339185321,1791059339187349,2028,0,18,7,7,2,6,0,0
3,3220,3219,1791059339235321,1791059339236874,1553,0,19,10,10,1,11,0,0
3,3221,3220,1791059339285321,1791059339286584,1263,0,0,7,7,0,7,0,0
3,3222,3221,1791059339335321,1791059339336812,1491,0,1,13,13,4,11,2,10
3,3223,3222,1791059339385321,1791059339386515,1194,0,2,8,8,2,7,0,0
3,3224,3223,1791059339435321,1791059339436817,1496,0,3,8,8,1,7,0,0
3,3225,3224,1791059339485321,1791059339486799,1478,0,4,9,9,2,8,0,0
3,3226,3225,1791059339535321,1791059339537014,1693,0,5,9,9,1,9,0,0
3,3227,3226,1791059339585321,1791059339587218,1897,0,6,7,7,0,7,0,0
3,3228,3227,1791059339635321,1791059339636876,1555,0,7,11,11,2,11,0,0
3,3229,3228,1791059339685321,1791059339687313,1992,0,8,6,6,0,6,0,0
3,3230,3229,1791059339735321,1791059339736639,1318,0,9,12,12,3,12,0,0
3,3231,3230,1791059339785321,1791059339786800,1479,0,10,10,10,3,9,3,20
3,3232,3231,1791059339835321,1791059339836810,1489,0,11,12,12,1,13,2,1
3,3233,3232,1791059339885321,1791059339887142,1821,0,12,10,10,2,10,0,0
3,3234,3233,1791059339935321,1791059339937172,1851,0,13,10,10,1,10,0,0
3,3235,3234,1791059339985321,1791059339986796,1475,0,14,11,11,1,10,0,0
3,3236,3235,1791059340035321,1791059340037041,1720,0,15,16,16,2,16,2,10
3,3237,3236,1791059340085321,1791059340086662,1341,0,16,13,13,1,12,0,0
3,3238,3237,1791059340135321,1791059340137277,1956,0,17,11,11,3,10,2,10
3,3239,3238,1791059340185321,1791059340186901,1580,0,18,7,7,2,6,0,0
3,3240,3239,1791059340235321,1791059340236852,1531,0,19,10,10,1,10,0,0
3,3241,3240,1791059340285321,1791059340286394,1073,0,0,7,7,0,7,0,0
3,3242,3241,1791059340335321,1791059340336858,1537,0,1,13,13,4,11,2,10
3,3243,3242,1791059340385321,1791059340386681,1360,0,2,8,8,2,7,0,0
3,3244,3243,1791059340435321,1791059340436842,1521,0,3,8,8,1,8,0,0
3,3245,3244,1791059340485321,1791059340486504,1183,0,4,9,9,2,8,0,0
3,3246,3245,1791059340535321,1791059340536566,1245,0,5,9,9,1,9,0,0
3,3247,3246,1791059340585321,1791059340587264,1943,0,6,7,7,0,7,0,0
3,3248,3247,1791059340635321,1791059340636878,1557,0,7,11,11,2,11,2,1
3,3249,3248,1791059340685321,1791059340687364,2043,0,8,6,6,0,6,0,0
3,3250,3249,1791059340735321,1791059340736836,1515,0,9,12,12,3,12,0,0
3,3251,3250,1791059340785321,1791059340787346,2025,0,10,10,10,3,9,3,20
3,3252,3251,1791059340835321,1791059340836835,1514,0,11,12,12,1,12,0,0
3,3253,3252,1791059340885321,1791059340886965,1644,0,12,10,10,2,10,0,0
3,3254,3253,1791059340935321,1791059340936618,1297,0,13,10,10,1,10,0,0
3,3255,3254,1791059340985321,1791059340987047,1726,0,14,11,11,1,10,0,0
3,3256,3255,1791059341035321,1791059341036898,1577,0,15,16,16,2,16,3,11
3,3257,3256,1791059341085321,1791059341086697,1376,0,16,13,13,1,12,0,0
3,3258,3257,1791059341135321,1791059341136400,1079,0,17,11,11,3,10,2,10
3,3259,3258,1791059341185321,1791059341187748,2427,0,18,7,7,2,6,0,0
3,3260,3259,1791059341235321,1791059341236940,1619,0,19,10,10,1,11,0,0
3,3261,3260,1791059341285321,1791059341286511,1190,0,0,7,7,0,7,0,0
3,3262,3261,1791059341335321,1791059341336674,1353,0,1,13,13,4,11,2,10
3,3263,3262,1791059341385321,1791059341387132,1811,0,2,8,8,2,7,0,0
3,3264,3263,1791059341435321,1791059341436935,1614,0,3,8,8,1,8,2,1
3,3265,3264,1791059341485321,1791059341486837,1516,0,4,9,9,2,8,0,0
3,3266,3265,1791059341535321,1791059341536710,1389,0,5,9,9,1,9,0,0
3,3267,3266,1791059341585321,1791059341586544,1223,0,6,7,7,0,7,0,0
3,3268,3267,1791059341635321,1791059341636794,1473,0,7,11,11,2,10,0,0
3,3269,3268,1791059341685321,1791059341687002,1681,0,8,6,6,0,6,0,0
3,3270,3269,1791059341735321,1791059341736909,1588,0,9,12,12,3,12,0,0
3,3271,3270,1791059341785321,1791059341786634,1313,0,10,10,10,3,9,3,20
3,3272,3271,1791059341835321,1791059341836822,1501,0,11,12,12,1,13,2,1
3,3273,3272,1791059341885321,1791059341886524,1203,0,12,10,10,2,10,0,0
3,3274,3273,1791059341935321,1791059341937060,1739,0,13,10,10,1,10,0,0
3,3275,3274,1791059341985321,1791059341986694,1373,0,14,11,11,1,10,0,0
3,3276,3275,1791059342035321,1791059342036974,1653,0,15,16,16,2,16,2,10
3,3277,3276,1791059342085321,1791059342086895,1574,0,16,13,13,1,12,0,0
3,3278,3277,1791059342135321,1791059342137181,1860,0,17,11,11,3,10,2,10
3,3279,3278,1791059342185321,1791059342187236,1915,0,18,7,7,2,6,0,0
3,3280,3279,1791059342235321,1791059342236782,1461,0,19,10,10,1,10,0,0
3,3281,3280,1791059342285321,1791059342286853,1532,0,0,7,7,0,7,0,0
3,3282,3281,1791059342335321,1791059342337119,1798,0,1,13,13,4,11,2,10
3,3283,3282,1791059342385321,1791059342386725,1404,0,2,8,8,2,7,0,0
3,3284,3283,1791059342435321,1791059342436900,1579,0,3,8,8,1,8,0,0
3,3285,3284,1791059342485321,1791059342486649,1328,0,4,9,9,2,8,0,0
3,3286,3285,1791059342535321,1791059342536462,1141,0,5,9,9,1,9,0,0
3,3287,3286,1791059342585321,1791059342587331,2010,0,6,7,7,0,7,0,0
3,3288,3287,1791059342635321,1791059342636864,1543,0,7,11,11,2,10,0,0
3,3289,3288,1791059342685321,1791059342686906,1585,0,8,6,6,0,6,0,0
3,3290,3289,1791059342735321,1791059342736915,1594,0,9,12,12,3,12,0,0
3,3291,3290,1791059342785321,1791059342786743,1422,0,10,10,10,3,9,3,20
3,3292,3291,1791059342835321,1791059342837107,1786,0,11,12,12,1,13,0,0
3,3293,3292,1791059342885321,1791059342886802,1481,0,12,10,10,2,10,0,0
3,3294,3293,1791059342935321,1791059342936568,1247,0,13,10,10,1,10,0,0
3,3295,3294,1791059342985321,1791059342986954,1633,0,14,11,11,1,10,0,0
3,3296,3295,1791059343035321,1791059343036804,1483,0,15,16,16,2,15,2,10
3,3297,3296,1791059343085321,1791059343086772,1451,0,16,13,13,1,12,0,0
3,3298,3297,1791059343135321,1791059343136787,1466,0,17,11,11,3,10,2,10
3,3299,3298,1791059343185321,1791059343187264,1943,0,18,7,7,2,6,0,0
3,3300,3299,1791059343235321,1791059343236933,1612,0,19,10,10,1,11,0,0
3,3301,3300,1791059343285321,1791059343286456,1135,0,0,7,7,0,7,0,0
3,3302,3301,1791059343335321,1791059343336767,1446,0,1,13,13,4,11,2,10
3,3303,3302,1791059343385321,1791059343387086,1765,0,2,8,8,2,7,0,0
3,3304,3303,1791059343435321,1791059343436700,1379,0,3,8,8,1,8,2,1
3,3305,3304,1791059343485321,1791059343487061,1740,0,4,9,9,2,8,0,0
3,3306,3305,1791059343535321,1791059343536828,1507,0,5,9,9,1,9,0,0
3,3307,3306,1791059343585321,1791059343586481,1160,0,6,7,7,0,7,0,0
3,3308,3307,1791059343635321,1791059343636780,1459,0,7,11,11,2,10,0,0
3,3309,3308,1791059343685321,1791059343686637,1316,0,8,6,6,0,6,0,0
3,3310,3309,1791059343735321,1791059343737266,1945,0,9,12,12,3,12,0,0
3,3311,3310,1791059343785321,1791059343786952,1631,0,10,10,10,3,9,3,20
3,3312,3311,1791059343835321,1791059343836896,1575,0,11,12,12,1,13,2,1
3,3313,3312,1791059343885321,1791059343886600,1279,0,12,10,10,2,10,0,0
3,3314,3313,1791059343935321,1791059343936630,1309,0,13,10,10,1,10,0,0
3,3315,3314,1791059343985321,1791059343986905,1584,0,14,11,11,1,10,0,0
3,3316,3315,1791059344035321,1791059344036810,1489,0,15,16,16,2,15,2,10
3,3317,3316,1791059344085321,1791059344086449,1128,0,16,13,13,1,12,0,0
3,3318,3317,1791059344135321,1791059344136764,1443,0,17,11,11,3,10,2,10
3,3319,3318,1791059344185321,1791059344187155,1834,0,18,7,7,2,6,0,0
3,3320,3319,1791059344235321,1791059344236816,1495,0,19,10,10,1,11,2,1
3,3321,3320,1791059344285321,1791059344287069,1748,0,0,7,7,0,7,0,0
3,3322,3321,1791059344335321,1791059344336631,1310,0,1,13,13,4,11,2,10
3,3323,3322,1791059344385321,1791059344386948,1627,0,2,8,8,2,7,0,0
3,3324,3323,1791059344435321,1791059344436837,1516,0,3,8,8,1,7,0,0
3,3325,3324,1791059344485321,1791059344487084,1763,0,4,9,9,2,8,0,0
3,3326,3325,1791059344535321,1791059344537011,1690,0,5,9,9,1,9,0,0
3,3327,3326,1791059344585321,1791059344586663,1342,0,6,7,7,0,7,0,0
3,3328,3327,1791059344635321,1791059344636764,1443,0,7,11,11,2,11,2,1
3,3329,3328,1791059344685321,1791059344686785,1464,0,8,6,6,0,6,0,0
3,3330,3329,1791059344735321,1791059344737375,2054,0,9,12,12,3,12,0,0
3,3331,3330,1791059344785321,1791059344786957,1636,0,10,10,10,3,9,3,20
3,3332,3331,1791059344835321,1791059344837042,1721,0,11,12,12,1,13,0,0
3,3333,3332,1791059344885321,1791059344886763,1442,0,12,10,10,2,10,0,0
3,3334,3333,1791059344935321,1791059344936819,1498,0,13,10,10,1,10,0,0
3,3335,3334,1791059344985321,1791059344986772,1451,0,14,11,11,1,10,0,0
3,3336,3335,1791059345035321,1791059345037103,1782,0,15,16,16,2,16,3,11
3,3337,3336,1791059345085321,1791059345086917,1596,0,16,13,13,1,12,0,0
3,3338,3337,1791059345135321,1791059345136567,1246,0,17,11,11,3,10,2,10
3,3339,3338,1791059345185321,1791059345187178,1857,0,18,7,7,2,6,0,0
3,3340,3339,1791059345235321,1791059345236820,1499,0,19,10,10,1,11,0,0
3,3341,3340,1791059345285321,1791059345287280,1959,0,0,7,7,0,7,0,0
3,3342,3341,1791059345335321,1791059345336980,1659,0,1,13,13,4,11,2,10
3,3343,3342,1791059345385321,1791059345387274,1953,0,2,8,8,2,7,0,0
3,3344,3343,1791059345435321,1791059345436866,1545,0,3,8,8,1,7,0,0
3,3345,3344,1791059345485321,1791059345487135,1814,0,4,9,9,2,8,0,0
3,3346,3345,1791059345535321,1791059345537039,1718,0,5,9,9,1,9,0,0
3,3347,3346,1791059345585321,1791059345587056,1735,0,6,7,7,0,7,0,0
3,3348,3347,1791059345635321,1791059345636793,1472,0,7,11,11,2,11,0,0
3,3349,3348,1791059345685321,1791059345686365,1044,0,8,6,6,0,6,0,0
3,3350,3349,1791059345735321,1791059345736473,1152,0,9,12,12,3,12,0,0
3,3351,3350,1791059345785321,1791059345787292,1971,0,10,10,10,3,9,3,20
3,3352,3351,1791059345835321,1791059345836592,1271,0,11,12,12,1,12,0,0
3,3353,3352,1791059345885321,1791059345886510,1189,0,12,10,10,2,10,0,0
3,3354,3353,1791059345935321,1791059345937004,1683,0,13,10,10,1,10,0,0
3,3355,3354,1791059345985321,1791059345987224,1903,0,14,11,11,1,10,0,0
3,3356,3355,1791059346035321,1791059346036857,1536,0,15,16,16,2,16,2,10
3,3357,3356,1791059346085321,1791059346087083,1762,0,16,13,13,1,12,0,0
3,3358,3357,1791059346135321,1791059346137036,1715,0,17,11,11,3,10,2,10
3,3359,3358,1791059346185321,1791059346187200,1879,0,18,7,7,2,6,0,0
3,3360,3359,1791059346235321,1791059346236627,1306,0,19,10,10,1,10,0,0
3,3361,3360,1791059346285321,1791059346286951,1630,0,0,7,7,0,7,0,0
3,3362,3361,1791059346335321,1791059346336888,1567,0,1,13,13,4,11,2,10
3,3363,3362,1791059346385321,1791059346387332,2011,0,2,8,8,2,7,0,0
3,3364,3363,1791059346435321,1791059346436760,1439,0,3,8,8,1,8,0,0
3,3365,3364,1791059346485321,1791059346486661,1340,0,4,9,9,2,8,0,0
3,3366,3365,1791059346535321,1791059346536646,1325,0,5,9,9,1,9,0,0
3,3367,3366,1791059346585321,1791059346587326,2005,0,6,7,7,0,7,0,0
3,3368,3367,1791059346635321,1791059346636822,1501,0,7,11,11,2,11,2,1
3,3369,3368,1791059346685321,1791059346686427,1106,0,8,6,6,0,6,0,0
3,3370,3369,1791059346735321,1791059346737327,2006,0,9,12,12,3,12,0,0
3,3371,3370,1791059346785321,1791059346786809,1488,0,10,10,10,3,9,3,20
3,3372,3371,1791059346835321,1791059346836791,1470,0,11,12,12,1,12,0,0
3,3373,3372,1791059346885321,1791059346887111,1790,0,12,10,10,2,10,0,0
3,3374,3373,1791059346935321,1791059346936710,1389,0,13,10,10,1,10,0,0
3,3375,3374,1791059346985321,1791059346987329,2008,0,14,11,11,1,10,0,0
3,3376,3375,1791059347035321,1791059347036975,1654,0,15,16,16,2,16,3,11
3,3377,3376,1791059347085321,1791059347086915,1594,0,16,13,13,1,12,0,0
3,3378,3377,1791059347135321,1791059347136856,1535,0,17,11,11,3,10,2,10
3,3379,3378,1791059347185321,1791059347186676,1355,0,18,7,7,2,6,0,0
3,3380,3379,1791059347235321,1791059347236640,1319,0,19,10,10,1,11,0,0
3,3381,3380,1791059347285321,1791059347286621,1300,0,0,7,7,0,7,0,0
3,3382,3381,1791059347335321,1791059347336580,1259,0,1,13,13,4,11,2,10
3,3383,3382,1791059347385321,1791059347386690,1369,0,2,8,8,2,7,0,0
3,3384,3383,1791059347435321,1791059347436829,1508,0,3,8,8,1,8,2,1
3,3385,3384,1791059347485321,1791059347487388,2067,0,4,9,9,2,8,0,0
3,3386,3385,1791059347535321,1791059347536811,1490,0,5,9,9,1,9,0,0
3,3387,3386,1791059347585321,1791059347586909,1588,0,6,7,7,0,7,0,0
3,3388,3387,1791059347635321,1791059347636721,1400,0,7,11,11,2,10,0,0
3,3389,3388,1791059347685321,1791059347686878,1557,0,8,6,6,0,6,0,0
3,3390,3389,1791059347735321,1791059347736629,1308,0,9,12,12,3,12,0,0
3,3391,3390,1791059347785321,1791059347787329,2008,0,10,10,10,3,9,3,20
3,3392,3391,1791059347835321,1791059347836889,1568,0,11,12,12,1,13,2,1
3,3393,3392,1791059347885321,1791059347886525,1204,0,12,10,10,2,10,0,0
3,3394,3393,1791059347935321,1791059347936877,1556,0,13,10,10,1,10,0,0
3,3395,3394,1791059347985321,1791059347986443,1122,0,14,11,11,1,10,0,0
3,3396,3395,1791059348035321,1791059348036879,1558,0,15,16,16,2,16,2,10
3,3397,3396,1791059348085321,1791059348086667,1346,0,16,13,13,1,12,0,0
3,3398,3397,1791059348135321,1791059348136969,1648,0,17,11,11,3,10,2,10
3,3399,3398,1791059348185321,1791059348186780,1459,0,18,7,7,2,6,0,0
3,3400,3399,1791059348235321,1791059348236828,1507,0,19,10,10,1,10,0,0
3,3401,3400,1791059348285321,1791059348287162,1841,0,0,7,7,0,7,0,0
3,3402,3401,1791059348335321,1791059348336785,1464,0,1,13,13,4,11,2,10
3,3403,3402,1791059348385321,1791059348387253,1932,0,2,8,8,2,7,0,0
3,3404,3403,1791059348435321,1791059348437033,1712,0,3,8,8,1,8,0,0
3,3405,3404,1791059348485321,1791059348487417,2096,0,4,9,9,2,8,0,0
3,3406,3405,1791059348535321,1791059348537359,2038,0,5,9,9,1,9,0,0
3,3407,3406,1791059348585321,1791059348587102,1781,0,6,7,7,0,7,0,0
3,3408,3407,1791059348635321,1791059348636847,1526,0,7,11,11,2,10,0,0
3,3409,3408,1791059348685321,1791059348687130,1809,0,8,6,6,0,6,0,0
3,3410,3409,1791059348735321,1791059348736682,1361,0,9,12,12,3,12,0,0
3,3411,3410,1791059348785321,1791059348787299,1978,0,10,10,10,3,9,3,20
3,3412,3411,1791059348835321,1791059348836779,1458,0,11,12,12,1,13,0,0
3,3413,3412,1791059348885321,1791059348886615,1294,0,12,10,10,2,10,0,0
3,3414,3413,1791059348935321,1791059348937088,1767,0,13,10,10,1,10,0,0
3,3415,3414,1791059348985321,1791059348986743,1422,0,14,11,11,1,10,0,0
3,3416,3415,1791059349035321,1791059349036962,1641,0,15,16,16,2,16,3,11
3,3417,3416,1791059349085321,1791059349086602,1281,0,16,13,13,1,12,0,0
3,3418,3417,1791059349135321,1791059349137251,1930,0,17,11,11,3,10,2,10
3,3419,3418,1791059349185321,1791059349186994,1673,0,18,7,7,2,6,0,0
3,3420,3419,1791059349235321,1791059349236824,1503,0,19,10,10,1,11,0,0
3,3421,3420,1791059349285321,1791059349286337,1016,0,0,7,7,0,7,0,0
3,3422,3421,1791059349335321,1791059349336633,1312,0,1,13,13,4,11,2,10
3,3423,3422,1791059349385321,1791059349386993,1672,0,2,8,8,2,7,0,0
3,3424,3423,1791059349435321,1791059349436942,1621,0,3,8,8,1,8,2,1
3,3425,3424,1791059349485321,1791059349486664,1343,0,4,9,9,2,8,0,0
3,3426,3425,1791059349535321,1791059349537214,1893,0,5,9,9,1,9,0,0
3,3427,3426,1791059349585321,1791059349586591,1270,0,6,7,7,0,7,0,0
3,3428,3427,1791059349635321,1791059349636822,1501,0,7,11,11,2,10,0,0
3,3429,3428,1791059349685321,1791059349686752,1431,0,8,6,6,0,6,0,0
3,3430,3429,1791059349735321,1791059349737355,2034,0,9,12,12,3,12,0,0
3,3431,3430,1791059349785321,1791059349786876,1555,0,10,10,10,3,9,3,20
3,3432,3431,1791059349835321,1791059349836673,1352,0,11,12,12,1,13,2,1
3,3433,3432,1791059349885321,1791059349887332,2011,0,12,10,10,2,10,0,0
3,3434,3433,1791059349935321,1791059349936790,1469,0,13,10,10,1,10,0,0
3,3435,3434,1791059349985321,1791059349987352,2031,0,14,11,11,1,10,0,0
3,3436,3435,1791059350035321,1791059350036979,1658,0,15,16,16,2,16,2,10
3,3437,3436,1791059350085321,1791059350086791,1470,0,16,13,13,1,12,0,0
3,3438,3437,1791059350135321,1791059350136950,1629,0,17,11,11,3,10,2,10
3,3439,3438,1791059350185321,1791059350186732,1411,0,18,7,7,2,6,0,0
3,3440,3439,1791059350235321,1791059350237180,1859,0,19,10,10,1,11,2,1
3,3441,3440,1791059350285321,1791059350286941,1620,0,0,7,7,0,7,0,0
3,3442,3441,1791059350335321,1791059350336518,1197,0,1,13,13,4,11,2,10
3,3443,3442,1791059350385321,1791059350387001,1680,0,2,8,8,2,7,0,0
3,3444,3443,1791059350435321,1791059350436843,1522,0,3,8,8,1,7,0,0
3,3445,3444,1791059350485321,1791059350486598,1277,0,4,9,9,2,8,0,0
3,3446,3445,1791059350535321,1791059350537246,1925,0,5,9,9,1,9,0,0
3,3447,3446,1791059350585321,1791059350586741,1420,0,6,7,7,0,7,0,0
3,3448,3447,1791059350635321,1791059350636887,1566,0,7,11,11,2,11,2,1
3,3449,3448,1791059350685321,1791059350686553,1232,0,8,6,6,0,6,0,0
3,3450,3449,1791059350735321,1791059350736484,1163,0,9,12,12,3,12,0,0
3,3451,3450,1791059350785321,1791059350786577,1256,0,10,10,10,3,9,3,20
3,3452,3451,1791059350835321,1791059350836815,1494,0,11,12,12,1,12,0,0
3,3453,3452,1791059350885321,1791059350886602,1281,0,12,10,10,2,10,0,0
3,3454,3453,1791059350935321,1791059350936781,1460,0,13,10,10,1,10,0,0
3,3455,3454,1791059350985321,1791059350986659,1338,0,14,11,11,1,10,0,0
3,3456,3455,1791059351035321,1791059351036902,1581,0,15,16,16,2,16,3,11
3,3457,3456,1791059351085321,1791059351086560,1239,0,16,13,13,1,12,0,0
3,3458,3457,1791059351135321,1791059351137063,1742,0,17,11,11,3,10,2,10
3,3459,3458,1791059351185321,1791059351186493,1172,0,18,7,7,2,6,0,0
3,3460,3459,1791059351235321,1791059351236981,1660,0,19,10,10,1,11,0,0
3,3461,3460,1791059351285321,1791059351286626,1305,0,0,7,7,0,7,0,0
3,3462,3461,1791059351335321,1791059351337132,1811,0,1,13,13,4,11,2,10
3,3463,3462,1791059351385321,1791059351386782,1461,0,2,8,8,2,7,0,0
3,3464,3463,1791059351435321,1791059351436710,1389,0,3,8,8,1,8,2,1
3,3465,3464,1791059351485321,1791059351486504,1183,0,4,9,9,2,8,0,0
3,3466,3465,1791059351535321,1791059351537215,1894,0,5,9,9,1,9,0,0
3,3467,3466,1791059351585321,1791059351586587,1266,0,6,7,7,0,7,0,0
3,3468,3467,1791059351635321,1791059351636829,1508,0,7,11,11,2,10,0,0
3,3469,3468,1791059351685321,1791059351687063,1742,0,8,6,6,0,6,0,0
3,3470,3469,1791059351735321,1791059351736438,1117,0,9,12,12,3,12,0,0
3,3471,3470,1791059351785321,1791059351786980,1659,0,10,10,10,3,9,3,20
3,3472,3471,1791059351835321,1791059351836655,1334,0,11,12,12,1,13,2,1
3,3473,3472,1791059351885321,1791059351887186,1865,0,12,10,10,2,10,0,0
3,3474,3473,1791059351935321,1791059351936582,1261,0,13,10,10,1,10,0,0
3,3475,3474,1791059351985321,1791059351986809,1488,0,14,11,11,1,10,0,0
3,3476,3475,1791059352035321,1791059352036835,1514,0,15,16,16,2,16,2,10
3,3477,3476,1791059352085321,1791059352086671,1350,0,16,13,13,1,12,0,0
3,3478,3477,1791059352135321,1791059352137069,1748,0,17,11,11,3,10,2,10
3,3479,3478,1791059352185321,1791059352186682,1361,0,18,7,7,2,6,0,0
3,3480,3479,1791059352235321,1791059352236669,1348,0,19,10,10,1,11,2,1
3,3481,3480,1791059352285321,1791059352286420,1099,0,0,7,7,0,7,0,0
3,3482,3481,1791059352335321,1791059352336424,1103,0,1,13,13,4,11,2,10
3,3483,3482,1791059352385321,1791059352386450,1129,0,2,8,8,2,7,0,0
3,3484,3483,1791059352435321,1791059352436807,1486,0,3,8,8,1,7,0,0
3,3485,3484,1791059352485321,1791059352486464,1143,0,4,9,9,2,8,0,0
3,3486,3485,1791059352535321,1791059352537210,1889,0,5,9,9,1,9,0,0
3,3487,3486,1791059352585321,1791059352586723,1402,0,6,7,7,0,7,0,0
3,3488,3487,1791059352635321,1791059352636836,1515,0,7,11,11,2,11,2,1
3,3489,3488,1791059352685321,1791059352686890,1569,0,8,6,6,0,6,0,0
3,3490,3489,1791059352735321,1791059352737020,1699,0,9,12,12,3,12,0,0
3,3491,3490,1791059352785321,1791059352787151,1830,0,10,10,10,3,9,3,20
3,3492,3491,1791059352835321,1791059352836740,1419,0,11,12,12,1,13,0,0
3,3493,3492,1791059352885321,1791059352886623,1302,0,12,10,10,2,10,0,0
3,3494,3493,1791059352935321,1791059352936855,1534,0,13,10,10,1,10,0,0
3,3495,3494,1791059352985321,1791059352986939,1618,0,14,11,11,1,10,0,0
3,3496,3495,1791059353035321,1791059353036967,1646,0,15,16,16,2,16,3,11
3,3497,3496,1791059353085321,1791059353087396,2075,0,16,13,13,1,12,0,0
3,3498,3497,1791059353135321,1791059353136340,1019,0,17,11,11,3,10,2,10
3,3499,3498,1791059353185321,1791059353187055,1734,0,18,7,7,2,6,0,0
3,3500,3499,1791059353235321,1791059353236610,1289,0,19,10,10,1,10,0,0
3,3501,3500,1791059353285321,1791059353286468,1147,0,0,7,7,0,7,0,0
3,3502,3501,1791059353335321,1791059353336429,1108,0,1,13,13,4,11,2,10
3,3503,3502,1791059353385321,1791059353387166,1845,0,2,8,8,2,7,0,0
3,3504,3503,1791059353435321,1791059353436635,1314,0,3,8,8,1,8,2,1
3,3505,3504,1791059353485321,1791059353486889,1568,0,4,9,9,2,8,0,0
3,3506,3505,1791059353535321,1791059353536555,1234,0,5,9,9,1,9,0,0
3,3507,3506,1791059353585321,1791059353586606,1285,0,6,7,7,0,7,0,0
3,3508,3507,1791059353635321,1791059353636639,1318,0,7,11,11,2,10,0,0
3,3509,3508,1791059353685321,1791059353686568,1247,0,8,6,6,0,6,0,0
3,3510,3509,1791059353735321,1791059353736482,1161,0,9,12,12,3,12,0,0
3,3511,3510,1791059353785321,1791059353786680,1359,0,10,10,10,3,9,3,20
3,3512,3511,1791059353835321,1791059353836712,1391,0,11,12,12,1,13,2,1
3,3513,3512,1791059353885321,1791059353886567,1246,0,12,10,10,2,10,0,0
3,3514,3513,1791059353935321,1791059353937171,1850,0,13,10,10,1,10,0,0
3,3515,3514,1791059353985321,1791059353986457,1136,0,14,11,11,1,10,0,0
3,3516,3515,1791059354035321,1791059354036656,1335,0,15,16,16,2,15,2,10
3,3517,3516,1791059354085321,1791059354086789,1468,0,16,13,13,1,12,0,0
3,3518,3517,1791059354135321,1791059354137257,1936,0,17,11,11,3,10,2,10
3,3519,3518,1791059354185321,1791059354186759,1438,0,18,7,7,2,6,0,0
3,3520,3519,1791059354235321,1791059354236896,1575,0,19,10,10,1,11,2,1
3,3521,3520,1791059354285321,1791059354286470,1149,0,0,7,7,0,7,0,0
3,3522,3521,1791059354335321,1791059354336557,1236,0,1,13,13,4,11,2,10
3,3523,3522,1791059354385321,1791059354386850,1529,0,2,8,8,2,7,0,0
3,3524,3523,1791059354435321,1791059354436754,1433,0,3,8,8,1,8,0,0
3,3525,3524,1791059354485321,1791059354487135,1814,0,4,9,9,2,8,0,0
3,3526,3525,1791059354535321,1791059354536689,1368,0,5,9,9,1,9,0,0
3,3527,3526,1791059354585321,1791059354586680,1359,0,6,7,7,0,7,0,0
3,3528,3527,1791059354635321,1791059354637208,1887,0,7,11,11,2,11,2,1
3,3529,3528,1791059354685321,1791059354687018,1697,0,8,6,6,0,6,0,0
3,3530,3529,1791059354735321,1791059354736845,1524,0,9,12,12,3,12,0,0
3,3531,3530,1791059354785321,1791059354787050,1729,0,10,10,10,3,9,3,20
3,3532,3531,1791059354835321,1791059354836798,1477,0,11,12,12,1,12,0,0
3,3533,3532,1791059354885321,1791059354887233,1912,0,12,10,10,2,10,0,0
3,3534,3533,1791059354935321,1791059354936842,1521,0,13,10,10,1,10,0,0
3,3535,3534,1791059354985321,1791059354986912,1591,0,14,11,11,1,10,0,0
3,3536,3535,1791059355035321,1791059355037048,1727,0,15,16,16,2,16,3,11
3,3537,3536,1791059355085321,1791059355086657,1336,0,16,13,13,1,12,0,0
3,3538,3537,1791059355135321,1791059355136992,1671,0,17,11,11,3,10,2,10
3,3539,3538,1791059355185321,1791059355186668,1347,0,18,7,7,2,6,0,0
3,3540,3539,1791059355235321,1791059355236826,1505,0,19,10,10,1,10,0,0
3,3541,3540,1791059355285321,1791059355286743,1422,0,0,7,7,0,7,0,0
3,3542,3541,1791059355335321,1791059355336934,1613,0,1,13,13,4,11,2,10
3,3543,3542,1791059355385321,1791059355386828,1507,0,2,8,8,2,7,0,0
3,3544,3543,1791059355435321,1791059355436990,1669,0,3,8,8,1,8,2,1
3,3545,3544,1791059355485321,1791059355486941,1620,0,4,9,9,2,8,0,0
3,3546,3545,1791059355535321,1791059355536695,1374,0,5,9,9,1,9,0,0
3,3547,3546,1791059355585321,1791059355586382,1061,0,6,7,7,0,7,0,0
3,3548,3547,1791059355635321,1791059355636953,1632,0,7,11,11,2,11,0,0
3,3549,3548,1791059355685321,1791059355686611,1290,0,8,6,6,0,6,0,0
3,3550,3549,1791059355735321,1791059355736723,1402,0,9,12,12,3,12,0,0
3,3551,3550,1791059355785321,1791059355787287,1966,0,10,10,10,3,9,3,20
3,3552,3551,1791059355835321,1791059355836782,1461,0,11,12,12,1,12,0,0
3,3553,3552,1791059355885321,1791059355887238,1917,0,12,10,10,2,10,0,0
3,3554,3553,1791059355935321,1791059355936811,1490,0,13,10,10,1,10,0,0
3,3555,3554,1791059355985321,1791059355987250,1929,0,14,11,11,1,10,0,0
3,3556,3555,1791059356035321,1791059356036851,1530,0,15,16,16,2,16,2,10
3,3557,3556,1791059356085321,1791059356086465,1144,0,16,13,13,1,12,0,0
3,3558,3557,1791059356135321,1791059356136788,1467,0,17,11,11,3,10,2,10
3,3559,3558,1791059356185321,1791059356187346,2025,0,18,7,7,2,6,0,0
3,3560,3559,1791059356235321,1791059356236941,1620,0,19,10,10,1,11,2,1
3,3561,3560,1791059356285321,1791059356286403,1082,0,0,7,7,0,7,0,0
3,3562,3561,1791059356335321,1791059356336785,1464,0,1,13,13,4,11,2,10
3,3563,3562,1791059356385321,1791059356386947,1626,0,2,8,8,2,7,0,0
3,3564,3563,1791059356435321,1791059356436866,1545,0,3,8,8,1,8,0,0
3,3565,3564,1791059356485321,1791059356486581,1260,0,4,9,9,2,8,0,0
3,3566,3565,1791059356535321,1791059356537089,1768,0,5,9,9,1,9,0,0
3,3567,3566,1791059356585321,1791059356586753,1432,0,6,7,7,0,7,0,0
3,3568,3567,1791059356635321,1791059356636653,1332,0,7,11,11,2,10,0,0
3,3569,3568,1791059356685321,1791059356686910,1589,0,8,6,6,0,6,0,0
3,3570,3569,1791059356735321,1791059356736434,1113,0,9,12,12,3,12,0,0
3,3571,3570,1791059356785321,1791059356786735,1414,0,10,10,10,3,9,3,20
3,3572,3571,1791059356835321,1791059356836835,1514,0,11,12,12,1,13,0,0
3,3573,3572,1791059356885321,1791059356887340,2019,0,12,10,10,2,10,0,0
3,3574,3573,1791059356935321,1791059356936773,1452,0,13,10,10,1,10,0,0
3,3575,3574,1791059356985321,1791059356986392,1071,0,14,11,11,1,10,0,0
3,3576,3575,1791059357035321,1791059357036969,1648,0,15,16,16,2,16,3,11
3,3577,3576,1791059357085321,1791059357086626,1305,0,16,13,13,1,12,0,0
3,3578,3577,1791059357135321,1791059357136871,1550,0,17,11,11,3,10,2,10
3,3579,3578,1791059357185321,1791059357186883,1562,0,18,7,7,2,6,0,0
3,3580,3579,1791059357235321,1791059357236840,1519,0,19,10,10,1,10,0,0
3,3581,3580,1791059357285321,1791059357286487,1166,0,0,7,7,0,7,0,0
3,3582,3581,1791059357335321,1791059357337362,2041,0,1,13,13,4,11,2,10
3,3583,3582,1791059357385321,1791059357386580,1259,0,2,8,8,2,7,0,0
3,3584,3583,1791059357435321,1791059357436902,1581,0,3,8,8,1,8,2,1
3,3585,3584,1791059357485321,1791059357486551,1230,0,4,9,9,2,8,0,0
3,3586,3585,1791059357535321,1791059357536544,1223,0,5,9,9,1,9,0,0
3,3587,3586,1791059357585321,1791059357586675,1354,0,6,7,7,0,7,0,0
3,3588,3587,1791059357635321,1791059357636848,1527,0,7,11,11,2,10,0,0
3,3589,3588,1791059357685321,1791059357687197,1876,0,8,6,6,0,6,0,0
3,3590,3589,1791059357735321,1791059357736781,1460,0,9,12,12,3,12,0,0
3,3591,3590,1791059357785321,1791059357786978,1657,0,10,10,10,3,9,3,20
3,3592,3591,1791059357835321,1791059357836892,1571,0,11,12,12,1,13,2,1
3,3593,3592,1791059357885321,1791059357886641,1320,0,12,10,10,2,10,0,0
3,3594,3593,1791059357935321,1791059357936756,1435,0,13,10,10,1,10,0,0
3,3595,3594,1791059357985321,1791059357987226,1905,0,14,11,11,1,10,0,0
3,3596,3595,1791059358035321,1791059358036647,1326,0,15,16,16,2,15,2,10
3,3597,3596,1791059358085321,1791059358086890,1569,0,16,13,13,1,12,0,0
3,3598,3597,1791059358135321,1791059358137135,1814,0,17,11,11,3,10,2,10
3,3599,3598,1791059358185321,1791059358186907,1586,0,18,7,7,2,6,0,0
3,3600,3599,1791059358235321,1791059358236828,1507,0,19,10,10,1,11,2,1
3,3601,3600,1791059358285321,1791059358286474,1153,0,0,7,7,0,7,0,0
3,3602,3601,1791059358335321,1791059358337118,1797,0,1,13,13,4,11,2,10
3,3603,3602,1791059358385321,1791059358386710,1389,0,2,8,8,2,7,0,0
3,3604,3603,1791059358435321,1791059358436836,1515,0,3,8,8,1,7,0,0
3,3605,3604,1791059358485321,1791059358486826,1505,0,4,9,9,2,8,0,0
3,3606,3605,1791059358535321,1791059358536525,1204,0,5,9,9,1,9,0,0
3,3607,3606,1791059358585321,1791059358586414,1093,0,6,7,7,0,7,0,0
3,3608,3607,1791059358635321,1791059358636936,1615,0,7,11,11,2,11,2,1
3,3609,3608,1791059358685321,1791059358686612,1291,0,8,6,6,0,6,0,0
3,3610,3609,1791059358735321,1791059358736380,1059,0,9,12,12,3,12,0,0
3,3611,3610,1791059358785321,1791059358786523,1202,0,10,10,10,3,9,3,20
3,3612,3611,1791059358835321,1791059358836601,1280,0,11,12,12,1,12,0,0
3,3613,3612,1791059358885321,1791059358886732,1411,0,12,10,10,2,10,0,0
3,3614,3613,1791059358935321,1791059358937274,1953,0,13,10,10,1,10,0,0
3,3615,3614,1791059358985321,1791059358986403,1082,0,14,11,11,1,10,0,0
3,3616,3615,1791059359035321,1791059359036888,1567,0,15,16,16,2,16,3,11
3,3617,3616,1791059359085321,1791059359086621,1300,0,16,13,13,1,12,0,0
3,3618,3617,1791059359135321,1791059359136887,1566,0,17,11,11,3,10,2,10
3,3619,3618,1791059359185321,1791059359186518,1197,0,18,7,7,2,6,0,0
3,3620,3619,1791059359235321,1791059359236916,1595,0,19,10,10,1,11,0,0
3,3621,3620,1791059359285321,1791059359287155,1834,0,0,7,7,0,7,0,0
3,3622,3621,1791059359335321,1791059359337267,1946,0,1,13,13,4,11,2,10
3,3623,3622,1791059359385321,1791059359386878,1557,0,2,8,8,2,7,0,0
3,3624,3623,1791059359435321,1791059359437078,1757,0,3,8,8,1,8,2,1
3,3625,3624,1791059359485321,1791059359486748,1427,0,4,9,9,2,8,0,0
3,3626,3625,1791059359535321,1791059359537273,1952,0,5,9,9,1,9,0,0
3,3627,3626,1791059359585321,1791059359586638,1317,0,6,7,7,0,7,0,0
3,3628,3627,1791059359635321,1791059359636804,1483,0,7,11,11,2,10,0,0
3,3629,3628,1791059359685321,1791059359686955,1634,0,8,6,6,0,6,0,0
3,3630,3629,1791059359735321,1791059359736602,1281,0,9,12,12,3,12,0,0
3,3631,3630,1791059359785321,1791059359786815,1494,0,10,10,10,3,9,3,20
3,3632,3631,1791059359835321,1791059359836831,1510,0,11,12,12,1,13,2,1
3,3633,3632,1791059359885321,1791059359886380,1059,0,12,10,10,2,10,0,0
3,3634,3633,1791059359935321,1791059359936525,1204,0,13,10,10,1,10,0,0
3,3635,3634,1791059359985321,1791059359986977,1656,0,14,11,11,1,10,0,0
3,3636,3635,1791059360035321,1791059360036822,1501,0,15,16,16,2,15,2,10
3,3637,3636,1791059360085321,1791059360086909,1588,0,16,13,13,1,12,0,0
3,3638,3637,1791059360135321,1791059360136995,1674,0,17,11,11,3,10,2,10
3,3639,3638,1791059360185321,1791059360186775,1454,0,18,7,7,2,6,0,0
3,3640,3639,1791059360235321,1791059360236795,1474,0,19,10,10,1,11,2,1
3,3641,3640,1791059360285321,1791059360286533,1212,0,0,7,7,0,7,0,0
3,3642,3641,1791059360335321,1791059360336808,1487,0,1,13,13,4,11,2,10
3,3643,3642,1791059360385321,1791059360386880,1559,0,2,8,8,2,7,0,0
3,3644,3643,1791059360435321,1791059360436924,1603,0,3,8,8,1,8,0,0
3,3645,3644,1791059360485321,1791059360486457,1136,0,4,9,9,2,8,0,0
3,3646,3645,1791059360535321,1791059360537281,1960,0,5,9,9,1,9,0,0
3,3647,3646,1791059360585321,1791059360586768,1447,0,6,7,7,0,7,0,0
3,3648,3647,1791059360635321,1791059360636798,1477,0,7,11,11,2,10,0,0
3,3649,3648,1791059360685321,1791059360687352,2031,0,8,6,6,0,6,0,0
3,3650,3649,1791059360735321,1791059360736790,1469,0,9,12,12,3,12,0,0
3,3651,3650,1791059360785321,1791059360787056,1735,0,10,10,10,3,9,3,20
3,3652,3651,1791059360835321,1791059360836817,1496,0,11,12,12,1,13,0,0
3,3653,3652,1791059360885321,1791059360886586,1265,0,12,10,10,2,10,0,0
3,3654,3653,1791059360935321,1791059360936737,1416,0,13,10,10,1,10,0,0
3,3655,3654,1791059360985321,1791059360986525,1204,0,14,11,11,1,10,0,0
3,3656,3655,1791059361035321,1791059361036592,1271,0,15,16,16,2,15,2,10
3,3657,3656,1791059361085321,1791059361086525,1204,0,16,13,13,1,12,0,0
3,3658,3657,1791059361135321,1791059361136994,1673,0,17,11,11,3,10,2,10
3,3659,3658,1791059361185321,1791059361187005,1684,0,18,7,7,2,6,0,0
3,3660,3659,1791059361235321,1791059361236964,1643,0,19,10,10,1,11,0,0
3,3661,3660,1791059361285321,1791059361286657,1336,0,0,7,7,0,7,0,0
3,3662,3661,1791059361335321,1791059361337051,1730,0,1,13,13,4,11,2,10
3,3663,3662,1791059361385321,1791059361386738,1417,0,2,8,8,2,7,0,0
3,3664,3663,1791059361435321,1791059361436836,1515,0,3,8,8,1,7,0,0
3,3665,3664,1791059361485321,1791059361486485,1164,0,4,9,9,2,8,0,0
3,3666,3665,1791059361535321,1791059361536426,1105,0,5,9,9,1,9,0,0
3,3667,3666,1791059361585321,1791059361587258,1937,0,6,7,7,0,7,0,0
3,3668,3667,1791059361635321,1791059361636965,1644,0,7,11,11,2,11,0,0
3,3669,3668,1791059361685321,1791059361686547,1226,0,8,6,6,0,6,0,0
3,3670,3669,1791059361735321,1791059361737370,2049,0,9,12,12,3,12,0,0
3,3671,3670,1791059361785321,1791059361786955,1634,0,10,10,10,3,9,3,20
3,3672,3671,1791059361835321,1791059361836806,1485,0,11,12,12,1,12,0,0
3,3673,3672,1791059361885321,1791059361887207,1886,0,12,10,10,2,10,0,0
3,3674,3673,1791059361935321,1791059361936833,1512,0,13,10,10,1,10,0,0
3,3675,3674,1791059361985321,1791059361986794,1473,0,14,11,11,1,10,0,0
3,3676,3675,1791059362035321,1791059362036790,1469,0,15,16,16,2,16,2,10
3,3677,3676,1791059362085321,1791059362086629,1308,0,16,13,13,1,12,0,0
3,3678,3677,1791059362135321,1791059362137116,1795,0,17,11,11,3,10,2,10
3,3679,3678,1791059362185321,1791059362186686,1365,0,18,7,7,2,6,0,0
3,3680,3679,1791059362235321,1791059362236841,1520,0,19,10,10,1,11,2,1
3,3681,3680,1791059362285321,1791059362286400,1079,0,0,7,7,0,7,0,0
3,3682,3681,1791059362335321,1791059362336443,1122,0,1,13,13,4,11,2,10
3,3683,3682,1791059362385321,1791059362387123,1802,0,2,8,8,2,7,0,0
3,3684,3683,1791059362435321,1791059362436822,1501,0,3,8,8,1,7,0,0
3,3685,3684,1791059362485321,1791059362486942,1621,0,4,9,9,2,8,0,0
3,3686,3685,1791059362535321,1791059362536414,1093,0,5,9,9,1,9,0,0
3,3687,3686,1791059362585321,1791059362587139,1818,0,6,7,7,0,7,0,0
3,3688,3687,1791059362635321,1791059362636798,1477,0,7,11,11,2,11,2,1
3,3689,3688,1791059362685321,1791059362686430,1109,0,8,6,6,0,6,0,0
3,3690,3689,1791059362735321,1791059362737229,1908,0,9,12,12,3,12,0,0
3,3691,3690,1791059362785321,1791059362786820,1499,0,10,10,10,3,9,3,20
3,3692,3691,1791059362835321,1791059362836764,1443,0,11,12,12,1,12,0,0
3,3693,3692,1791059362885321,1791059362886386,1065,0,12,10,10,2,10,0,0
3,3694,3693,1791059362935321,1791059362936556,1235,0,13,10,10,1,10,0,0
3,3695,3694,1791059362985321,1791059362987093,1772,0,14,11,11,1,10,0,0
3,3696,3695,1791059363035321,1791059363036853,1532,0,15,16,16,2,16,3,11
3,3697,3696,1791059363085321,1791059363086404,1083,0,16,13,13,1,12,0,0
3,3698,3697,1791059363135321,1791059363137001,1680,0,17,11,11,3,10,2,10
3,3699,3698,1791059363185321,1791059363186580,1259,0,18,7,7,2,6,0,0
3,3700,3699,1791059363235321,1791059363236790,1469,0,19,10,10,1,11,0,0
3,3701,3700,1791059363285321,1791059363286466,1145,0,0,7,7,0,7,0,0
3,3702,3701,1791059363335321,1791059363336520,1199,0,1,13,13,4,11,2,10
3,3703,3702,1791059363385321,1791059363386997,1676,0,2,8,8,2,7,0,0
3,3704,3703,1791059363435321,1791059363436940,1619,0,3,8,8,1,8,2,1
3,3705,3704,1791059363485321,1791059363486527,1206,0,4,9,9,2,8,0,0
3,3706,3705,1791059363535321,1791059363536513,1192,0,5,9,9,1,9,0,0
3,3707,3706,1791059363585321,1791059363586391,1070,0,6,7,7,0,7,0,0
3,3708,3707,1791059363635321,1791059363636327,1006,0,7,11,11,2,11,0,0
3,3709,3708,1791059363685321,1791059363686593,1272,0,8,6,6,0,6,0,0
3,3710,3709,1791059363735321,1791059363736475,1154,0,9,12,12,3,12,0,0
3,3711,3710,1791059363785321,1791059363787077,1756,0,10,10,10,3,9,3,20
3,3712,3711,1791059363835321,1791059363836771,1450,0,11,12,12,1,12,0,0
3,3713,3712,1791059363885321,1791059363887225,1904,0,12,10,10,2,10,0,0
3,3714,3713,1791059363935321,1791059363936673,1352,0,13,10,10,1,10,0,0
3,3715,3714,1791059363985321,1791059363987237,1916,0,14,11,11,1,10,0,0
3,3716,3715,1791059364035321,1791059364036829,1508,0,15,16,16,2,16,2,10
3,3717,3716,1791059364085321,1791059364087227,1906,0,16,13,13,1,12,0,0
3,3718,3717,1791059364135321,1791059364136811,1490,0,17,11,11,3,10,2,10
3,3719,3718,1791059364185321,1791059364186616,1295,0,18,7,7,2,6,0,0
3,3720,3719,1791059364235321,1791059364236898,1577,0,19,10,10,1,11,2,1
3,3721,3720,1791059364285321,1791059364286406,1085,0,0,7,7,0,7,0,0
3,3722,3721,1791059364335321,1791059364336493,1172,0,1,13,13,4,11,2,10
3,3723,3722,1791059364385321,1791059364387081,1760,0,2,8,8,2,7,0,0
3,3724,3723,1791059364435321,1791059364436992,1671,0,3,8,8,1,8,0,0
3,3725,3724,1791059364485321,1791059364486909,1588,0,4,9,9,2,8,0,0
3,3726,3725,1791059364535321,1791059364536586,1265,0,5,9,9,1,9,0,0
3,3727,3726,1791059364585321,1791059364587354,2033,0,6,7,7,0,7,0,0
3,3728,3727,1791059364635321,1791059364636807,1486,0,7,11,11,2,10,0,0
3,3729,3728,1791059364685321,1791059364686707,1386,0,8,6,6,0,6,0,0
3,3730,3729,1791059364735321,1791059364736774,1453,0,9,12,12,3,12,0,0
3,3731,3730,1791059364785321,1791059364786363,1042,0,10,10,10,3,9,3,20
3,3732,3731,1791059364835321,1791059364836844,1523,0,11,12,12,1,13,0,0
3,3733,3732,1791059364885321,1791059364886726,1405,0,12,10,10,2,10,0,0
3,3734,3733,1791059364935321,1791059364937277,1956,0,13,10,10,1,10,0,0
3,3735,3734,1791059364985321,1791059364986749,1428,0,14,11,11,1,10,0,0
3,3736,3735,1791059365035321,1791059365036819,1498,0,15,16,16,2,15,2,10
3,3737,3736,1791059365085321,1791059365086990,1669,0,16,13,13,1,12,0,0
3,3738,3737,1791059365135321,1791059365137236,1915,0,17,11,11,3,10,2,10
3,3739,3738,1791059365185321,1791059365187321,2000,0,18,7,7,2,6,0,0
3,3740,3739,1791059365235321,1791059365237104,1783,0,19,10,10,1,11,0,0
3,3741,3740,1791059365285321,1791059365287065,1744,0,0,7,7,0,7,0,0
3,3742,3741,1791059365335321,1791059365337362,2041,0,1,13,13,4,11,2,10
3,3743,3742,1791059365385321,1791059365387048,1727,0,2,8,8,2,7,0,0
3,3744,3743,1791059365435321,1791059365436998,1677,0,3,8,8,1,8,2,1
3,3745,3744,1791059365485321,1791059365487194,1873,0,4,9,9,2,8,0,0
3,3746,3745,1791059365535321,1791059365537117,1796,0,5,9,9,1,9,0,0
3,3747,3746,1791059365585321,1791059365587100,1779,0,6,7,7,0,7,0,0
3,3748,3747,1791059365635321,1791059365636751,1430,0,7,11,11,2,10,0,0
3,3749,3748,1791059365685321,1791059365687341,2020,0,8,6,6,0,6,0,0
3,3750,3749,1791059365735321,1791059365737320,1999,0,9,12,12,3,12,0,0
3,3751,3750,1791059365785321,1791059365786391,1070,0,10,10,10,3,9,3,20
3,3752,3751,1791059365835321,1791059365836901,1580,0,11,12,12,1,13,2,1
3,3753,3752,1791059365885321,1791059365887201,1880,0,12,10,10,2,10,0,0
3,3754,3753,1791059365935321,1791059365937162,1841,0,13,10,10,1,10,0,0
3,3755,3754,1791059365985321,1791059365987264,1943,0,14,11,11,1,10,0,0
3,3756,3755,1791059366035321,1791059366036848,1527,0,15,16,16,2,16,2,10
3,3757,3756,1791059366085321,1791059366086973,1652,0,16,13,13,1,12,0,0
3,3758,3757,1791059366135321,1791059366137077,1756,0,17,11,11,3,10,2,10
3,3759,3758,1791059366185321,1791059366187000,1679,0,18,7,7,2,6,0,0
3,3760,3759,1791059366235321,1791059366236798,1477,0,19,10,10,1,11,2,1
3,3761,3760,1791059366285321,1791059366286418,1097,0,0,7,7,0,7,0,0
3,3762,3761,1791059366335321,1791059366336906,1585,0,1,13,13,4,11,2,10
3,3763,3762,1791059366385321,1791059366386990,1669,0,2,8,8,2,7,0,0
3,3764,3763,1791059366435321,1791059366436710,1389,0,3,8,8,1,8,0,0
3,3765,3764,1791059366485321,1791059366487131,1810,0,4,9,9,2,8,0,0
3,3766,3765,1791059366535321,1791059366536843,1522,0,5,9,9,1,9,0,0
3,3767,3766,1791059366585321,1791059366586385,1064,0,6,7,7,0,7,0,0
3,3768,3767,1791059366635321,1791059366636788,1467,0,7,11,11,2,10,0,0
3,3769,3768,1791059366685321,1791059366686825,1504,0,8,6,6,0,6,0,0
3,3770,3769,1791059366735321,1791059366736386,1065,0,9,12,12,3,12,0,0
3,3771,3770,1791059366785321,1791059366786834,1513,0,10,10,10,3,9,3,20
3,3772,3771,1791059366835321,1791059366836736,1415,0,11,12,12,1,13,0,0
3,3773,3772,1791059366885321,1791059366886430,1109,0,12,10,10,2,10,0,0
3,3774,3773,1791059366935321,1791059366936639,1318,0,13,10,10,1,10,0,0
3,3775,3774,1791059366985321,1791059366987184,1863,0,14,11,11,1,10,0,0
3,3776,3775,1791059367035321,1791059367036769,1448,0,15,16,16,2,15,2,10
3,3777,3776,1791059367085321,1791059367087053,1732,0,16,13,13,1,12,0,0
3,3778,3777,1791059367135321,1791059367136894,1573,0,17,11,11,3,10,2,10
3,3779,3778,1791059367185321,1791059367186869,1548,0,18,7,7,2,6,0,0
3,3780,3779,1791059367235321,1791059367236985,1664,0,19,10,10,1,11,0,0
3,3781,3780,1791059367285321,1791059367286463,1142,0,0,7,7,0,7,0,0
3,3782,3781,1791059367335321,1791059367337068,1747,0,1,13,13,4,11,2,10
3,3783,3782,1791059367385321,1791059367386886,1565,0,2,8,8,2,7,0,0
3,3784,3783,1791059367435321,1791059367436885,1564,0,3,8,8,1,8,2,1
3,3785,3784,1791059367485321,1791059367486295,974,0,4,9,9,2,8,0,0
3,3786,3785,1791059367535321,1791059367536477,1156,0,5,9,9,1,9,0,0
3,3787,3786,1791059367585321,1791059367587340,2019,0,6,7,7,0,7,0,0
3,3788,3787,1791059367635321,1791059367636748,1427,0,7,11,11,2,10,0,0
3,3789,3788,1791059367685321,1791059367686405,1084,0,8,6,6,0,6,0,0
3,3790,3789,1791059367735321,1791059367737042,1721,0,9,12,12,3,12,0,0
3,3791,3790,1791059367785321,1791059367786506,1185,0,10,10,10,3,9,3,20
3,3792,3791,1791059367835321,1791059367836812,1491,0,11,12,12,1,13,2,1
3,3793,3792,1791059367885321,1791059367886401,1080,0,12,10,10,2,10,0,0
3,3794,3793,1791059367935321,1791059367936911,1590,0,13,10,10,1,10,0,0
3,3795,3794,1791059367985321,1791059367986729,1408,0,14,11,11,1,10,0,0
3,3796,3795,1791059368035321,1791059368036837,1516,0,15,16,16,2,16,2,10
3,3797,3796,1791059368085321,1791059368087359,2038,0,16,13,13,1,12,0,0
3,3798,3797,1791059368135321,1791059368136779,1458,0,17,11,11,3,10,2,10
3,3799,3798,1791059368185321,1791059368187049,1728,0,18,7,7,2,6,0,0
3,3800,3799,1791059368235321,1791059368236870,1549,0,19,10,10,1,10,0,0
3,3801,3800,1791059368285321,1791059368286706,1385,0,0,7,7,0,7,0,0
3,3802,3801,1791059368335321,1791059368337272,1951,0,1,13,13,4,11,2,10
3,3803,3802,1791059368385321,1791059368386824,1503,0,2,8,8,2,7,0,0
3,3804,3803,1791059368435321,1791059368436991,1670,0,3,8,8,1,8,0,0
3,3805,3804,1791059368485321,1791059368486778,1457,0,4,9,9,2,8,0,0
3,3806,3805,1791059368535321,1791059368536728,1407,0,5,9,9,1,9,0,0
3,3807,3806,1791059368585321,1791059368586376,1055,0,6,7,7,0,7,0,0
3,3808,3807,1791059368635321,1791059368636842,1521,0,7,11,11,2,10,0,0
3,3809,3808,1791059368685321,1791059368687015,1694,0,8,6,6,0,6,0,0
3,3810,3809,1791059368735321,1791059368736754,1433,0,9,12,12,3,12,0,0
3,3811,3810,1791059368785321,1791059368786409,1088,0,10,10,10,3,9,3,20
3,3812,3811,1791059368835321,1791059368836750,1429,0,11,12,12,1,13,0,0
3,3813,3812,1791059368885321,1791059368887272,1951,0,12,10,10,2,10,0,0
3,3814,3813,1791059368935321,1791059368936867,1546,0,13,10,10,1,10,0,0
3,3815,3814,1791059368985321,1791059368987241,1920,0,14,11,11,1,10,0,0
3,3816,3815,1791059369035321,1791059369036707,1386,0,15,16,16,2,16,3,11
3,3817,3816,1791059369085321,1791059369086806,1485,0,16,13,13,1,12,0,0
3,3818,3817,1791059369135321,1791059369137111,1790,0,17,11,11,3,10,2,10
3,3819,3818,1791059369185321,1791059369186643,1322,0,18,7,7,2,6,0,0
3,3820,3819,1791059369235321,1791059369236824,1503,0,19,10,10,1,10,0,0
3,3821,3820,1791059369285321,1791059369286505,1184,0,0,7,7,0,7,0,0
3,3822,3821,1791059369335321,1791059369337357,2036,0,1,13,13,4,11,2,10
3,3823,3822,1791059369385321,1791059369387272,1951,0,2,8,8,2,7,0,0
3,3824,3823,1791059369435321,1791059369436838,1517,0,3,8,8,1,8,2,1
3,3825,3824,1791059369485321,1791059369487053,1732,0,4,9,9,2,8,0,0
3,3826,3825,1791059369535321,1791059369537278,1957,0,5,9,9,1,9,0,0
3,3827,3826,1791059369585321,1791059369586340,1019,0,6,7,7,0,7,0,0
3,3828,3827,1791059369635321,1791059369636804,1483,0,7,11,11,2,10,0,0
3,3829,3828,1791059369685321,1791059369686581,1260,0,8,6,6,0,6,0,0
3,3830,3829,1791059369735321,1791059369736647,1326,0,9,12,12,3,12,0,0
3,3831,3830,1791059369785321,1791059369786570,1249,0,10,10,10,3,9,3,20
3,3832,3831,1791059369835321,1791059369836886,1565,0,11,12,12,1,13,2,1
3,3833,3832,1791059369885321,1791059369887066,1745,0,12,10,10,2,10,0,0
3,3834,3833,1791059369935321,1791059369936422,1101,0,13,10,10,1,10,0,0
3,3835,3834,1791059369985321,1791059369986908,1587,0,14,11,11,1,10,0,0
3,3836,3835,1791059370035321,1791059370036763,1442,0,15,16,16,2,16,2,10
3,3837,3836,1791059370085321,1791059370086726,1405,0,16,13,13,1,12,0,0
3,3838,3837,1791059370135321,1791059370137333,2012,0,17,11,11,3,10,2,10
3,3839,3838,1791059370185321,1791059370187307,1986,0,18,7,7,2,6,0,0
3,3840,3839,1791059370235321,1791059370236840,1519,0,19,10,10,1,11,2,1
3,3841,3840,1791059370285321,1791059370286900,1579,0,0,7,7,0,7,0,0
3,3842,3841,1791059370335321,1791059370337046,1725,0,1,13,13,4,11,2,10
3,3843,3842,1791059370385321,1791059370387052,1731,0,2,8,8,2,7,0,0
3,3844,3843,1791059370435321,1791059370436798,1477,0,3,8,8,1,8,0,0
3,3845,3844,1791059370485321,1791059370487068,1747,0,4,9,9,2,8,0,0
3,3846,3845,1791059370535321,1791059370537302,1981,0,5,9,9,1,9,0,0
3,3847,3846,1791059370585321,1791059370586367,1046,0,6,7,7,0,7,0,0
3,3848,3847,1791059370635321,1791059370636853,1532,0,7,11,11,2,10,0,0
3,3849,3848,1791059370685321,1791059370686367,1046,0,8,6,6,0,6,0,0
3,3850,3849,1791059370735321,1791059370736696,1375,0,9,12,12,3,12,0,0
3,3851,3850,1791059370785321,1791059370786574,1253,0,10,10,10,3,9,3,20
3,3852,3851,1791059370835321,1791059370836819,1498,0,11,12,12,1,13,0,0
3,3853,3852,1791059370885321,1791059370886680,1359,0,12,10,10,2,10,0,0
3,3854,3853,1791059370935321,1791059370937256,1935,0,13,10,10,1,10,0,0
3,3855,3854,1791059370985321,1791059370986796,1475,0,14,11,11,1,10,0,0
3,3856,3855,1791059371035321,1791059371036911,1590,0,15,16,16,2,16,3,11
3,3857,3856,1791059371085321,1791059371086771,1450,0,16,13,13,1,12,0,0
3,3858,3857,1791059371135321,1791059371137037,1716,0,17,11,11,3,10,2,10
3,3859,3858,1791059371185321,1791059371186686,1365,0,18,7,7,2,6,0,0
3,3860,3859,1791059371235321,1791059371236867,1546,0,19,10,10,1,10,0,0
3,3861,3860,1791059371285321,1791059371286821,1500,0,0,7,7,0,7,0,0
3,3862,3861,1791059371335321,1791059371337114,1793,0,1,13,13,4,11,2,10
3,3863,3862,1791059371385321,1791059371386666,1345,0,2,8,8,2,7,0,0
3,3864,3863,1791059371435321,1791059371436976,1655,0,3,8,8,1,8,2,1
3,3865,3864,1791059371485321,1791059371486779,1458,0,4,9,9,2,8,0,0
3,3866,3865,1791059371535321,1791059371536727,1406,0,5,9,9,1,9,0,0
3,3867,3866,1791059371585321,1791059371588025,2704,0,6,7,7,0,7,0,0
3,3868,3867,1791059371635321,1791059371636875,1554,0,7,11,11,2,10,0,0
3,3869,3868,1791059371685321,1791059371686624,1303,0,8,6,6,0,6,0,0
3,3870,3869,1791059371735321,1791059371737119,1798,0,9,12,12,3,12,0,0
3,3871,3870,1791059371785321,1791059371786771,1450,0,10,10,10,3,9,3,20
3,3872,3871,1791059371835321,1791059371836885,1564,0,11,12,12,1,13,2,1
3,3873,3872,1791059371885321,1791059371887023,1702,0,12,10,10,2,10,0,0
3,3874,3873,1791059371935321,1791059371936402,1081,0,13,10,10,1,10,0,0
3,3875,3874,1791059371985321,1791059371987201,1880,0,14,11,11,1,10,0,0
3,3876,3875,1791059372035321,1791059372036899,1578,0,15,16,16,2,16,2,10
3,3877,3876,1791059372085321,1791059372086543,1222,0,16,13,13,1,12,0,0
3,3878,3877,1791059372135321,1791059372137285,1964,0,17,11,11,3,10,2,10
3,3879,3878,1791059372185321,1791059372187349,2028,0,18,7,7,2,6,0,0
3,3880,3879,1791059372235321,1791059372236831,1510,0,19,10,10,1,10,0,0
3,3881,3880,1791059372285321,1791059372286544,1223,0,0,7,7,0,7,0,0
3,3882,3881,1791059372335321,1791059372337352,2031,0,1,13,13,4,11,2,10
3,3883,3882,1791059372385321,1791059372386427,1106,0,2,8,8,2,7,0,0
3,3884,3883,1791059372435321,1791059372436957,1636,0,3,8,8,1,8,0,0
3,3885,3884,1791059372485321,1791059372486588,1267,0,4,9,9,2,8,0,0
3,3886,3885,1791059372535321,1791059372536526,1205,0,5,9,9,1,9,0,0
3,3887,3886,1791059372585321,1791059372586756,1435,0,6,7,7,0,7,0,0
3,3888,3887,1791059372635321,1791059372636899,1578,0,7,11,11,2,11,2,1
3,3889,3888,1791059372685321,1791059372686943,1622,0,8,6,6,0,6,0,0
3,3890,3889,1791059372735321,1791059372736599,1278,0,9,12,12,3,12,0,0
3,3891,3890,1791059372785321,1791059372787371,2050,0,10,10,10,3,9,3,20
3,3892,3891,1791059372835321,1791059372836885,1564,0,11,12,12,1,12,0,0
3,3893,3892,1791059372885321,1791059372886608,1287,0,12,10,10,2,10,0,0
3,3894,3893,1791059372935321,1791059372937308,1987,0,13,10,10,1,10,0,0
3,3895,3894,1791059372985321,1791059372986965,1644,0,14,11,11,1,10,0,0
3,3896,3895,1791059373035321,1791059373036816,1495,0,15,16,16,2,16,3,11
3,3897,3896,1791059373085321,1791059373086628,1307,0,16,13,13,1,12,0,0
3,3898,3897,1791059373135321,1791059373136973,1652,0,17,11,11,3,10,2,10
3,3899,3898,1791059373185321,1791059373186735,1414,0,18,7,7,2,6,0,0
3,3900,3899,1791059373235321,1791059373236878,1557,0,19,10,10,1,10,0,0
3,3901,3900,1791059373285321,1791059373287085,1764,0,0,7,7,0,7,0,0
3,3902,3901,1791059373335321,1791059373336949,1628,0,1,13,13,4,11,2,10
3,3903,3902,1791059373385321,1791059373386607,1286,0,2,8,8,2,7,0,0
3,3904,3903,1791059373435321,1791059373437036,1715,0,3,8,8,1,8,2,1
3,3905,3904,1791059373485321,1791059373487014,1693,0,4,9,9,2,8,0,0
3,3906,3905,1791059373535321,1791059373537101,1780,0,5,9,9,1,9,0,0
3,3907,3906,1791059373585321,1791059373586610,1289,0,6,7,7,0,7,0,0
3,3908,3907,1791059373635321,1791059373636903,1582,0,7,11,11,2,10,0,0
3,3909,3908,1791059373685321,1791059373686940,1619,0,8,6,6,0,6,0,0
3,3910,3909,1791059373735321,1791059373736643,1322,0,9,12,12,3,12,0,0
3,3911,3910,1791059373785321,1791059373786588,1267,0,10,10,10,3,9,3,20
3,3912,3911,1791059373835321,1791059373836843,1522,0,11,12,12,1,13,2,1
3,3913,3912,1791059373885321,1791059373887373,2052,0,12,10,10,2,10,0,0
3,3914,3913,1791059373935321,1791059373936660,1339,0,13,10,10,1,10,0,0
3,3915,3914,1791059373985321,1791059373986460,1139,0,14,11,11,1,10,0,0
3,3916,3915,1791059374035321,1791059374037321,2000,0,15,16,16,2,16,2,10
3,3917,3916,1791059374085321,1791059374086635,1314,0,16,13,13,1,12,0,0
3,3918,3917,1791059374135321,1791059374136803,1482,0,17,11,11,3,10,2,10
3,3919,3918,1791059374185321,1791059374186504,1183,0,18,7,7,2,6,0,0
3,3920,3919,1791059374235321,1791059374236769,1448,0,19,10,10,1,10,0,0
3,3921,3920,1791059374285321,1791059374286389,1068,0,0,7,7,0,7,0,0
3,3922,3921,1791059374335321,1791059374336700,1379,0,1,13,13,4,11,2,10
3,3923,3922,1791059374385321,1791059374386616,1295,0,2,8,8,2,7,0,0
3,3924,3923,1791059374435321,1791059374436860,1539,0,3,8,8,1,8,0,0
3,3925,3924,1791059374485321,1791059374487120,1799,0,4,9,9,2,8,0,0
3,3926,3925,1791059374535321,1791059374536444,1123,0,5,9,9,1,9,0,0
3,3927,3926,1791059374585321,1791059374586423,1102,0,6,7,7,0,7,0,0
3,3928,3927,1791059374635321,1791059374636822,1501,0,7,11,11,2,10,0,0
3,3929,3928,1791059374685321,1791059374686651,1330,0,8,6,6,0,6,0,0
3,3930,3929,1791059374735321,1791059374736733,1412,0,9,12,12,3,12,0,0
3,3931,3930,1791059374785321,1791059374786368,1047,0,10,10,10,3,9,3,20
3,3932,3931,1791059374835321,1791059374836841,1520,0,11,12,12,1,13,0,0
3,3933,3932,1791059374885321,1791059374887288,1967,0,12,10,10,2,10,0,0
3,3934,3933,1791059374935321,1791059374937038,1717,0,13,10,10,1,10,0,0
3,3935,3934,1791059374985321,1791059374987109,1788,0,14,11,11,1,10,0,0
3,3936,3935,1791059375035321,1791059375036867,1546,0,15,16,16,2,16,3,11
3,3937,3936,1791059375085321,1791059375086545,1224,0,16,13,13,1,12,0,0
3,3938,3937,1791059375135321,1791059375137302,1981,0,17,11,11,3,10,2,10
3,3939,3938,1791059375185321,1791059375186969,1648,0,18,7,7,2,6,0,0
3,3940,3939,1791059375235321,1791059375236884,1563,0,19,10,10,1,10,0,0
3,3941,3940,1791059375285321,1791059375286779,1458,0,0,7,7,0,7,0,0
3,3942,3941,1791059375335321,1791059375336972,1651,0,1,13,13,4,11,2,10
3,3943,3942,1791059375385321,1791059375386566,1245,0,2,8,8,2,7,0,0
3,3944,3943,1791059375435321,1791059375436969,1648,0,3,8,8,1,8,2,1
3,3945,3944,1791059375485321,1791059375486601,1280,0,4,9,9,2,8,0,0
3,3946,3945,1791059375535321,1791059375536631,1310,0,5,9,9,1,9,0,0
3,3947,3946,1791059375585321,1791059375586636,1315,0,6,7,7,0,7,0,0
3,3948,3947,1791059375635321,1791059375636942,1621,0,7,11,11,2,11,0,0
3,3949,3948,1791059375685321,1791059375686796,1475,0,8,6,6,0,6,0,0
3,3950,3949,1791059375735321,1791059375737310,1989,0,9,12,12,3,12,0,0
3,3951,3950,1791059375785321,1791059375786659,1338,0,10,10,10,3,9,3,20
3,3952,3951,1791059375835321,1791059375836732,1411,0,11,12,12,1,12,0,0
3,3953,3952,1791059375885321,1791059375887241,1920,0,12,10,10,2,10,0,0
3,3954,3953,1791059375935321,1791059375936431,1110,0,13,10,10,1,10,0,0
3,3955,3954,1791059375985321,1791059375987204,1883,0,14,11,11,1,10,0,0
3,3956,3955,1791059376035321,1791059376036869,1548,0,15,16,16,2,16,2,10
3,3957,3956,1791059376085321,1791059376086597,1276,0,16,13,13,1,12,0,0
3,3958,3957,1791059376135321,1791059376136841,1520,0,17,11,11,3,10,2,10
3,3959,3958,1791059376185321,1791059376186909,1588,0,18,7,7,2,6,0,0
3,3960,3959,1791059376235321,1791059376236840,1519,0,19,10,10,1,10,0,0
3,3961,3960,1791059376285321,1791059376286385,1064,0,0,7,7,0,7,0,0
3,3962,3961,1791059376335321,1791059376336942,1621,0,1,13,13,4,11,2,10
3,3963,3962,1791059376385321,1791059376387143,1822,0,2,8,8,2,7,0,0
3,3964,3963,1791059376435321,1791059376436717,1396,0,3,8,8,1,8,0,0
3,3965,3964,1791059376485321,1791059376486397,1076,0,4,9,9,2,8,0,0
3,3966,3965,1791059376535321,1791059376537254,1933,0,5,9,9,1,9,0,0
3,3967,3966,1791059376585321,1791059376586880,1559,0,6,7,7,0,7,0,0
3,3968,3967,1791059376635321,1791059376636828,1507,0,7,11,11,2,10,0,0
3,3969,3968,1791059376685321,1791059376686673,1352,0,8,6,6,0,6,0,0
3,3970,3969,1791059376735321,1791059376736983,1662,0,9,12,12,3,12,0,0
3,3971,3970,1791059376785321,1791059376787189,1868,0,10,10,10,3,9,3,20
3,3972,3971,1791059376835321,1791059376836948,1627,0,11,12,12,1,13,0,0
3,3973,3972,1791059376885321,1791059376886522,1201,0,12,10,10,2,10,0,0
3,3974,3973,1791059376935321,1791059376937115,1794,0,13,10,10,1,10,0,0
3,3975,3974,1791059376985321,1791059376986680,1359,0,14,11,11,1,10,0,0
3,3976,3975,1791059377035321,1791059377036789,1468,0,15,16,16,2,15,2,10
3,3977,3976,1791059377085321,1791059377087199,1878,0,16,13,13,1,12,0,0
3,3978,3977,1791059377135321,1791059377136865,1544,0,17,11,11,3,10,2,10
3,3979,3978,1791059377185321,1791059377186977,1656,0,18,7,7,2,6,0,0
3,3980,3979,1791059377235321,1791059377236769,1448,0,19,10,10,1,11,0,0
3,3981,3980,1791059377285321,1791059377286498,1177,0,0,7,7,0,7,0,0
3,3982,3981,1791059377335321,1791059377337090,1769,0,1,13,13,4,11,2,10
3,3983,3982,1791059377385321,1791059377386839,1518,0,2,8,8,2,7,0,0
3,3984,3983,1791059377435321,1791059377436954,1633,0,3,8,8,1,8,2,1
3,3985,3984,1791059377485321,1791059377487051,1730,0,4,9,9,2,8,0,0
3,3986,3985,1791059377535321,1791059377536567,1246,0,5,9,9,1,9,0,0
3,3987,3986,1791059377585321,1791059377587251,1930,0,6,7,7,0,7,0,0
3,3988,3987,1791059377635321,1791059377636833,1512,0,7,11,11,2,11,0,0
3,3989,3988,1791059377685321,1791059377686909,1588,0,8,6,6,0,6,0,0
3,3990,3989,1791059377735321,1791059377736420,1099,0,9,12,12,3,12,0,0
3,3991,3990,1791059377785321,1791059377786487,1166,0,10,10,10,3,9,3,20
3,3992,3991,1791059377835321,1791059377836818,1497,0,11,12,12,1,12,0,0
3,3993,3992,1791059377885321,1791059377886642,1321,0,12,10,10,2,10,0,0
3,3994,3993,1791059377935321,1791059377937260,1939,0,13,10,10,1,10,0,0
3,3995,3994,1791059377985321,1791059377987350,2029,0,14,11,11,1,10,0,0
3,3996,3995,1791059378035321,1791059378036952,1631,0,15,16,16,2,16,2,10
3,3997,3996,1791059378085321,1791059378087137,1816,0,16,13,13,1,12,0,0
3,3998,3997,1791059378135321,1791059378137074,1753,0,17,11,11,3,10,3,10
3,3999,3998,1791059378185321,1791059378187141,1820,0,18,7,7,2,6,0,0
3,4000,3999,1791059378235321,1791059378236841,1520,0,19,10,10,1,10,0,0
3,4001,4000,1791059378285321,1791059378287056,1735,0,0,7,7,0,7,0,0
3,4002,4001,1791059378335321,1791059378337127,1806,0,1,13,13,4,11,2,10
3,4003,4002,1791059378385321,1791059378387064,1743,0,2,8,8,2,7,0,0
3,4004,4003,1791059378435321,1791059378436912,1591,0,3,8,8,1,8,0,0
3,4005,4004,1791059378485321,1791059378486957,1636,0,4,9,9,2,8,0,0
3,4006,4005,1791059378535321,1791059378537084,1763,0,5,9,9,1,9,0,0
3,4007,4006,1791059378585321,1791059378587117,1796,0,6,7,7,0,7,0,0
3,4008,4007,1791059378635321,1791059378636847,1526,0,7,11,11,2,11,2,1
3,4009,4008,1791059378685321,1791059378686801,1480,0,8,6,6,0,6,0,0
3,4010,4009,1791059378735321,1791059378736611,1290,0,9,12,12,3,12,0,0
3,4011,4010,1791059378785321,1791059378786489,1168,0,10,10,10,3,9,3,20
3,4012,4011,1791059378835321,1791059378836792,1471,0,11,12,12,1,12,0,0
3,4013,4012,1791059378885321,1791059378886639,1318,0,12,10,10,2,10,0,0
3,4014,4013,1791059378935321,1791059378936489,1168,0,13,10,10,1,10,0,0
3,4015,4014,1791059378985321,1791059378986515,1194,0,14,11,11,1,10,0,0
3,4016,4015,1791059379035321,1791059379036945,1624,0,15,16,16,2,16,3,11
3,4017,4016,1791059379085321,1791059379086606,1285,0,16,13,13,1,12,0,0
3,4018,4017,1791059379135321,1791059379136730,1409,0,17,11,11,3,9,2,10
3,4019,4018,1791059379185321,1791059379186938,1617,0,18,7,7,2,6,0,0
3,4020,4019,1791059379235321,1791059379236814,1493,0,19,10,10,1,10,0,0
3,4021,4020,1791059379285321,1791059379286471,1150,0,0,7,7,0,7,0,0
3,4022,4021,1791059379335321,1791059379337140,1819,0,1,13,13,4,11,2,10
3,4023,4022,1791059379385321,1791059379386757,1436,0,2,8,8,2,7,0,0
3,4024,4023,1791059379435321,1791059379436711,1390,0,3,8,8,1,8,2,1
3,4025,4024,1791059379485321,1791059379487073,1752,0,4,9,9,2,8,0,0
3,4026,4025,1791059379535321,1791059379536692,1371,0,5,9,9,1,9,0,0
3,4027,4026,1791059379585321,1791059379586610,1289,0,6,7,7,0,7,0,0
3,4028,4027,1791059379635321,1791059379636676,1355,0,7,11,11,2,11,0,0
3,4029,4028,1791059379685321,1791059379686610,1289,0,8,6,6,0,6,0,0
3,4030,4029,1791059379735321,1791059379736610,1289,0,9,12,12,3,12,0,0
3,4031,4030,1791059379785321,1791059379787207,1886,0,10,10,10,3,9,3,20
3,4032,4031,1791059379835321,1791059379836746,1425,0,11,12,12,1,12,0,0
3,4033,4032,1791059379885321,1791059379886689,1368,0,12,10,10,2,10,0,0
3,4034,4033,1791059379935321,1791059379937310,1989,0,13,10,10,1,10,0,0
3,4035,4034,1791059379985321,1791059379986618,1297,0,14,11,11,1,10,0,0
3,4036,4035,1791059380035321,1791059380036938,1617,0,15,16,16,2,16,2,10
3,4037,4036,1791059380085321,1791059380087137,1816,0,16,13,13,1,12,0,0
3,4038,4037,1791059380135321,1791059380136368,1047,0,17,11,11,3,9,2,10
3,4039,4038,1791059380185321,1791059380186948,1627,0,18,7,7,2,6,0,0
3,4040,4039,1791059380235321,1791059380236844,1523,0,19,10,10,1,10,0,0
3,4041,4040,1791059380285321,1791059380287112,1791,0,0,7,7,0,7,0,0
3,4042,4041,1791059380335321,1791059380337349,2028,0,1,13,13,4,11,2,10
3,4043,4042,1791059380385321,1791059380386934,1613,0,2,8,8,2,7,0,0
3,4044,4043,1791059380435321,1791059380436981,1660,0,3,8,8,1,8,0,0
3,4045,4044,1791059380485321,1791059380487021,1700,0,4,9,9,2,8,0,0
3,4046,4045,1791059380535321,1791059380537333,2012,0,5,9,9,1,9,0,0
3,4047,4046,1791059380585321,1791059380587127,1806,0,6,7,7,0,7,0,0
3,4048,4047,1791059380635321,1791059380636803,1482,0,7,11,11,2,11,2,1
3,4049,4048,1791059380685321,1791059380687052,1731,0,8,6,6,0,6,0,0
3,4050,4049,1791059380735321,1791059380737105,1784,0,9,12,12,3,12,0,0
3,4051,4050,1791059380785321,1791059380786990,1669,0,10,10,10,3,9,4,20
3,4052,4051,1791059380835321,1791059380836636,1315,0,11,12,12,1,12,0,0
3,4053,4052,1791059380885321,1791059380887269,1948,0,12,10,10,2,10,0,0
3,4054,4053,1791059380935321,1791059380937305,1984,0,13,10,10,1,10,0,0
3,4055,4054,1791059380985321,1791059380987020,1699,0,14,11,11,1,10,0,0
3,4056,4055,1791059381035321,1791059381036815,1494,0,15,16,16,2,16,3,11
3,4057,4056,1791059381085321,1791059381087061,1740,0,16,13,13,1,12,0,0
3,4058,4057,1791059381135321,1791059381137324,2003,0,17,11,11,3,9,2,10
3,4059,4058,1791059381185321,1791059381187307,1986,0,18,7,7,2,6,0,0
3,4060,4059,1791059381235321,1791059381236744,1423,0,19,10,10,1,10,0,0
3,4061,4060,1791059381285321,1791059381286475,1154,0,0,7,7,0,7,0,0
3,4062,4061,1791059381335321,1791059381336687,1366,0,1,13,13,4,11,2,10
3,4063,4062,1791059381385321,1791059381387251,1930,0,2,8,8,2,7,0,0
3,4064,4063,1791059381435321,1791059381436953,1632,0,3,8,8,1,8,2,1
3,4065,4064,1791059381485321,1791059381487043,1722,0,4,9,9,2,8,0,0
3,4066,4065,1791059381535321,1791059381537053,1732,0,5,9,9,1,9,0,0
3,4067,4066,1791059381585321,1791059381586349,1028,0,6,7,7,0,7,0,0
3,4068,4067,1791059381635321,1791059381636883,1562,0,7,11,11,2,10,0,0
3,4069,4068,1791059381685321,1791059381686915,1594,0,8,6,6,0,6,0,0
3,4070,4069,1791059381735321,1791059381737381,2060,0,9,12,12,3,12,0,0
3,4071,4070,1791059381785321,1791059381786307,986,0,10,10,10,3,8,3,20
3,4072,4071,1791059381835321,1791059381836802,1481,0,11,12,12,1,13,2,1
3,4073,4072,1791059381885321,1791059381887081,1760,0,12,10,10,2,10,0,0
3,4074,4073,1791059381935321,1791059381936944,1623,0,13,10,10,1,10,0,0
3,4075,4074,1791059381985321,1791059381986607,1286,0,14,11,11,1,10,0,0
3,4076,4075,1791059382035321,1791059382036811,1490,0,15,16,16,2,15,2,10
3,4077,4076,1791059382085321,1791059382086410,1089,0,16,13,13,1,12,0,0
3,4078,4077,1791059382135321,1791059382137033,1712,0,17,11,11,3,9,2,10
3,4079,4078,1791059382185321,1791059382186965,1644,0,18,7,7,2,6,0,0
3,4080,4079,1791059382235321,1791059382236951,1630,0,19,10,10,1,11,2,1
3,4081,4080,1791059382285321,1791059382287007,1686,0,0,7,7,0,7,0,0
3,4082,4081,1791059382335321,1791059382336947,1626,0,1,13,13,4,11,2,10
3,4083,4082,1791059382385321,1791059382386674,1353,0,2,8,8,2,7,0,0
3,4084,4083,1791059382435321,1791059382436914,1593,0,3,8,8,1,8,0,0
3,4085,4084,1791059382485321,1791059382486776,1455,0,4,9,9,2,8,0,0
3,4086,4085,1791059382535321,1791059382536469,1148,0,5,9,9,1,9,0,0
3,4087,4086,1791059382585321,1791059382587221,1900,0,6,7,7,0,7,0,0
3,4088,4087,1791059382635321,1791059382636359,1038,0,7,11,11,2,11,2,1
3,4089,4088,1791059382685321,1791059382687060,1739,0,8,6,6,0,6,0,0
3,4090,4089,1791059382735321,1791059382736950,1629,0,9,12,12,3,12,0,0
3,4091,4090,1791059382785321,1791059382786498,1177,0,10,10,10,4,8,3,20
3,4092,4091,1791059382835321,1791059382836879,1558,0,11,12,12,1,12,0,0
3,4093,4092,1791059382885321,1791059382886493,1172,0,12,10,10,2,10,0,0
3,4094,4093,1791059382935321,1791059382936768,1447,0,13,10,10,1,10,0,0
3,4095,4094,1791059382985321,1791059382987059,1738,0,14,11,11,1,10,0,0
3,4096,4095,1791059383035321,1791059383036905,1584,0,15,16,16,2,16,3,11
3,4097,4096,1791059383085321,1791059383086684,1363,0,16,13,13,1,12,0,0
3,4098,4097,1791059383135321,1791059383136912,1591,0,17,11,11,3,9,2,10
3,4099,4098,1791059383185321,1791059383186568,1247,0,18,7,7,2,6,0,0
3,4100,4099,1791059383235321,1791059383236757,1436,0,19,10,10,1,10,0,0
3,4101,4100,1791059383285321,1791059383287356,2035,0,0,7,7,0,7,0,0
3,4102,4101,1791059383335321,1791059383336596,1275,0,1,13,13,4,11,2,10
3,4103,4102,1791059383385321,1791059383386835,1514,0,2,8,8,2,7,0,0
3,4104,4103,1791059383435321,1791059383436964,1643,0,3,8,8,1,8,2,1
3,4105,4104,1791059383485321,1791059383486780,1459,0,4,9,9,2,8,0,0
3,4106,4105,1791059383535321,1791059383536570,1249,0,5,9,9,1,9,0,0
3,4107,4106,1791059383585321,1791059383586393,1072,0,6,7,7,0,7,0,0
3,4108,4107,1791059383635321,1791059383637057,1736,0,7,11,11,2,11,0,0
3,4109,4108,1791059383685321,1791059383687193,1872,0,8,6,6,0,6,0,0
3,4110,4109,1791059383735321,1791059383736744,1423,0,9,12,12,3,12,0,0
3,4111,4110,1791059383785321,1791059383787209,1888,0,10,10,10,4,8,3,20
3,4112,4111,1791059383835321,1791059383837255,1934,0,11,12,12,1,13,2,1
3,4113,4112,1791059383885321,1791059383886849,1528,0,12,10,10,2,10,0,0
3,4114,4113,1791059383935321,1791059383937368,2047,0,13,10,10,1,10,0,0
3,4115,4114,1791059383985321,1791059383986754,1433,0,14,11,11,1,10,0,0
3,4116,4115,1791059384035321,1791059384036743,1422,0,15,16,16,2,15,2,10
3,4117,4116,1791059384085321,1791059384086984,1663,0,16,13,13,1,12,0,0
3,4118,4117,1791059384135321,1791059384137450,2129,0,17,11,11,3,9,2,10
3,4119,4118,1791059384185321,1791059384187166,1845,0,18,7,7,2,6,0,0
3,4120,4119,1791059384235321,1791059384236673,1352,0,19,10,10,1,11,2,1
3,4121,4120,1791059384285321,1791059384286380,1059,0,0,7,7,0,7,0,0
3,4122,4121,1791059384335321,1791059384337054,1733,0,1,13,13,4,11,2,10
3,4123,4122,1791059384385321,1791059384386724,1403,0,2,8,8,2,7,0,0
3,4124,4123,1791059384435321,1791059384436678,1357,0,3,8,8,1,7,0,0
3,4125,4124,1791059384485321,1791059384486838,1517,0,4,9,9,2,8,0,0
3,4126,4125,1791059384535321,1791059384536561,1240,0,5,9,9,1,9,0,0
3,4127,4126,1791059384585321,1791059384586388,1067,0,6,7,7,0,7,0,0
3,4128,4127,1791059384635321,1791059384636877,1556,0,7,11,11,2,11,2,1
3,4129,4128,1791059384685321,1791059384686652,1331,0,8,6,6,0,6,0,0
3,4130,4129,1791059384735321,1791059384737329,2008,0,9,12,12,3,12,0,0
3,4131,4130,1791059384785321,1791059384786512,1191,0,10,10,10,4,8,3,20
3,4132,4131,1791059384835321,1791059384836786,1465,0,11,12,12,1,12,0,0
3,4133,4132,1791059384885321,1791059384886801,1480,0,12,10,10,2,10,0,0
3,4134,4133,1791059384935321,1791059384937014,1693,0,13,10,10,1,10,0,0
3,4135,4134,1791059384985321,1791059384987088,1767,0,14,11,11,1,10,0,0
3,4136,4135,1791059385035321,1791059385036950,1629,0,15,16,16,2,16,3,11
3,4137,4136,1791059385085321,1791059385087006,1685,0,16,13,13,1,12,0,0
3,4138,4137,1791059385135321,1791059385137213,1892,0,17,11,11,3,9,2,10
3,4139,4138,1791059385185321,1791059385186792,1471,0,18,7,7,2,6,0,0
3,4140,4139,1791059385235321,1791059385236777,1456,0,19,10,10,1,10,0,0
3,4141,4140,1791059385285321,1791059385286571,1250,0,0,7,7,0,7,0,0
3,4142,4141,1791059385335321,1791059385336421,1100,0,1,13,13,4,11,2,10
3,4143,4142,1791059385385321,1791059385387150,1829,0,2,8,8,2,7,0,0
3,4144,4143,1791059385435321,1791059385436762,1441,0,3,8,8,1,8,2,1
3,4145,4144,1791059385485321,1791059385487034,1713,0,4,9,9,2,8,0,0
3,4146,4145,1791059385535321,1791059385536991,1670,0,5,9,9,1,9,0,0
3,4147,4146,1791059385585321,1791059385587273,1952,0,6,7,7,0,7,0,0
3,4148,4147,1791059385635321,1791059385636768,1447,0,7,11,11,2,10,0,0
3,4149,4148,1791059385685321,1791059385686551,1230,0,8,6,6,0,6,0,0
3,4150,4149,1791059385735321,1791059385736706,1385,0,9,12,12,3,12,0,0
3,4151,4150,1791059385785321,1791059385786373,1052,0,10,10,10,4,8,3,20
3,4152,4151,1791059385835321,1791059385836942,1621,0,11,12,12,1,13,2,1
3,4153,4152,1791059385885321,1791059385887031,1710,0,12,10,10,2,10,0,0
3,4154,4153,1791059385935321,1791059385937029,1708,0,13,10,10,1,10,0,0
3,4155,4154,1791059385985321,1791059385986375,1054,0,14,11,11,1,10,0,0
3,4156,4155,1791059386035321,1791059386037039,1718,0,15,16,16,2,16,2,10
3,4157,4156,1791059386085321,1791059386087008,1687,0,16,13,13,1,12,0,0
3,4158,4157,1791059386135321,1791059386136871,1550,0,17,11,11,3,9,2,10
3,4159,4158,1791059386185321,1791059386187297,1976,0,18,7,7,2,6,0,0
3,4160,4159,1791059386235321,1791059386236687,1366,0,19,10,10,1,10,0,0
3,4161,4160,1791059386285321,1791059386286738,1417,0,0,7,7,0,7,0,0
3,4162,4161,1791059386335321,1791059386336459,1138,0,1,13,13,4,11,2,10
3,4163,4162,1791059386385321,1791059386386937,1616,0,2,8,8,2,7,0,0
3,4164,4163,1791059386435321,1791059386436942,1621,0,3,8,8,1,8,0,0
3,4165,4164,1791059386485321,1791059386486684,1363,0,4,9,9,2,8,0,0
3,4166,4165,1791059386535321,1791059386536652,1331,0,5,9,9,1,9,0,0
3,4167,4166,1791059386585321,1791059386586710,1389,0,6,7,7,0,7,0,0
3,4168,4167,1791059386635321,1791059386636872,1551,0,7,11,11,2,10,0,0
3,4169,4168,1791059386685321,1791059386686717,1396,0,8,6,6,0,6,0,0
3,4170,4169,1791059386735321,1791059386737251,1930,0,9,12,12,3,12,0,0
3,4171,4170,1791059386785321,1791059386786750,1429,0,10,10,10,4,8,3,20
3,4172,4171,1791059386835321,1791059386836577,1256,0,11,12,12,1,13,0,0
3,4173,4172,1791059386885321,1791059386887151,1830,0,12,10,10,2,10,0,0
3,4174,4173,1791059386935321,1791059386937193,1872,0,13,10,10,1,10,0,0
3,4175,4174,1791059386985321,1791059386986418,1097,0,14,11,11,1,10,0,0
3,4176,4175,1791059387035321,1791059387036860,1539,0,15,16,16,2,16,3,11
3,4177,4176,1791059387085321,1791059387087201,1880,0,16,13,13,1,12,0,0
3,4178,4177,1791059387135321,1791059387137135,1814,0,17,11,11,3,9,2,10
3,4179,4178,1791059387185321,1791059387187237,1916,0,18,7,7,2,6,0,0
3,4180,4179,1791059387235321,1791059387236729,1408,0,19,10,10,1,10,0,0
3,4181,4180,1791059387285321,1791059387286772,1451,0,0,7,7,0,7,0,0
3,4182,4181,1791059387335321,1791059387336417,1096,0,1,13,13,4,11,2,10
3,4183,4182,1791059387385321,1791059387387293,1972,0,2,8,8,2,7,0,0
3,4184,4183,1791059387435321,1791059387436798,1477,0,3,8,8,1,8,2,1
3,4185,4184,1791059387485321,1791059387487109,1788,0,4,9,9,2,8,0,0
3,4186,4185,1791059387535321,1791059387537146,1825,0,5,9,9,1,9,0,0
3,4187,4186,1791059387585321,1791059387586989,1668,0,6,7,7,0,7,0,0
3,4188,4187,1791059387635321,1791059387636972,1651,0,7,11,11,2,11,0,0
3,4189,4188,1791059387685321,1791059387687166,1845,0,8,6,6,0,6,0,0
3,4190,4189,1791059387735321,1791059387736482,1161,0,9,12,12,3,12,0,0
3,4191,4190,1791059387785321,1791059387787071,1750,0,10,10,10,4,8,3,20
3,4192,4191,1791059387835321,1791059387836835,1514,0,11,12,12,1,13,2,1
3,4193,4192,1791059387885321,1791059387886694,1373,0,12,10,10,2,10,0,0
3,4194,4193,1791059387935321,1791059387936809,1488,0,13,10,10,1,10,0,0
3,4195,4194,1791059387985321,1791059387986996,1675,0,14,11,11,1,10,0,0
3,4196,4195,1791059388035321,1791059388036797,1476,0,15,16,16,2,16,2,10
3,4197,4196,1791059388085321,1791059388087327,2006,0,16,13,13,1,12,0,0
3,4198,4197,1791059388135321,1791059388136878,1557,0,17,11,11,3,9,2,10
3,4199,4198,1791059388185321,1791059388186774,1453,0,18,7,7,2,6,0,0
3,4200,4199,1791059388235321,1791059388236861,1540,0,19,10,10,1,10,0,0
