run_id,slot,tick,intended_us,invoked_us,lateness_us,skipped,bucket,actor_steps,actor_updates,policy_evaluations,orders_submitted,orders_filled,matched_shares
1,1,0,1791065343498003,1791065343500383,2380,0,0,16732,16732,16732,12493,12248,35324
1,2,1,1791065343548003,1791065343550140,2137,0,1,16977,16977,16977,12774,12223,36003
1,3,2,1791065343598003,1791065343599912,1909,0,2,16850,16850,16850,12611,12455,36045
1,4,3,1791065343648003,1791065343650648,2645,0,3,16954,16954,16954,12732,12117,35773
1,5,4,1791065343698003,1791065343700449,2446,0,4,16812,16812,16812,12653,12502,36569
1,6,5,1791065343748003,1791065343750162,2159,0,5,16840,16840,16840,12565,12370,35810
1,7,6,1791065343798003,1791065343800001,1998,0,6,16741,16741,16741,12563,12076,35437
1,8,7,1791065343848003,1791065343850829,2826,0,7,16878,16878,16878,12749,12536,36546
1,9,8,1791065343898003,1791065343900310,2307,0,8,16971,16971,16971,12733,12363,36170
1,10,9,1791065343948003,1791065343950563,2560,0,9,16802,16802,16802,12570,12531,35965
1,11,10,1791065343998003,1791065344000657,2654,0,10,16824,16824,16824,12775,12706,36489
1,12,11,1791065344048003,1791065344050536,2533,0,11,16857,16857,16857,12701,12215,35901
1,13,12,1791065344098003,1791065344100554,2551,0,12,17012,17012,17012,12800,12560,36664
1,14,13,1791065344148003,1791065344150122,2119,0,13,16858,16858,16858,12702,12400,35876
1,15,14,1791065344198003,1791065344200212,2209,0,14,16882,16882,16882,12653,12425,36227
1,16,15,1791065344248003,1791065344250656,2653,0,15,16852,16852,16852,12702,12355,35972
1,17,16,1791065344298003,1791065344300883,2880,0,16,16993,16993,16993,12712,12411,36158
1,18,17,1791065344348003,1791065344350892,2889,0,17,16754,16754,16754,12622,12202,35806
1,19,18,1791065344398003,1791065344399892,1889,0,18,16977,16977,16977,12667,12183,36079
1,20,19,1791065344448003,1791065344450644,2641,0,19,16934,16934,16934,12679,12042,35785
1,21,20,1791065344498003,1791065344499931,1928,0,0,16732,16732,16732,12465,12207,35854
1,22,21,1791065344548003,1791065344550635,2632,0,1,16977,16977,16977,12758,12730,36333
1,23,22,1791065344598003,1791065344600538,2535,0,2,16850,16850,16850,12632,12289,35753
1,24,23,1791065344648003,1791065344650537,2534,0,3,16954,16954,16954,12689,12419,36028
1,25,24,1791065344698003,1791065344700637,2634,0,4,16812,16812,16812,12541,12036,35577
1,26,25,1791065344748003,1791065344749952,1949,0,5,16840,16840,16840,12592,12096,35553
1,27,26,1791065344798003,1791065344800375,2372,0,6,16741,16741,16741,12658,12167,35794
1,28,27,1791065344848003,1791065344850679,2676,0,7,16878,16878,16878,12664,12438,36314
1,29,28,1791065344898003,1791065344899985,1982,0,8,16971,16971,16971,12799,12328,36238
1,30,29,1791065344948003,1791065344950085,2082,0,9,16802,16802,16802,12647,12571,36291
1,31,30,1791065344998003,1791065345000881,2878,0,10,16824,16824,16824,12634,12589,36024
1,32,31,1791065345048003,1791065345050888,2885,0,11,16857,16857,16857,12643,12204,35486
1,33,32,1791065345098003,1791065345100059,2056,0,12,17012,17012,17012,12736,12066,35732
1,34,33,1791065345148003,1791065345150290,2287,0,13,16858,16858,16858,12610,12365,36279
1,35,34,1791065345198003,1791065345200278,2275,0,14,16882,16882,16882,12600,12221,35951
1,36,35,1791065345248003,1791065345250546,2543,0,15,16852,16852,16852,12627,12419,35937
1,37,36,1791065345298003,1791065345300339,2336,0,16,16993,16993,16993,12759,12181,36018
1,38,37,1791065345348003,1791065345349992,1989,0,17,16754,16754,16754,12568,12018,35462
1,39,38,1791065345398003,1791065345400631,2628,0,18,16977,16977,16977,12690,12200,35842
1,40,39,1791065345448003,1791065345450626,2623,0,19,16934,16934,16934,12756,12684,36525
1,41,40,1791065345498003,1791065345500168,2165,0,0,16732,16732,16732,12501,12004,35122
1,42,41,1791065345548003,1791065345550187,2184,0,1,16977,16977,16977,12825,12568,36365
1,43,42,1791065345598003,1791065345600161,2158,0,2,16850,16850,16850,12728,12161,36060
1,44,43,1791065345648003,1791065345650701,2698,0,3,16954,16954,16954,12694,12516,36513
1,45,44,1791065345698003,1791065345700465,2462,0,4,16812,16812,16812,12712,12427,35997
1,46,45,1791065345748003,1791065345750621,2618,0,5,16840,16840,16840,12695,12598,36352
1,47,46,1791065345798003,1791065345801704,3701,0,6,16741,16741,16741,12591,12328,35603
1,48,47,1791065345848003,1791065345850613,2610,0,7,16878,16878,16878,12750,12265,36018
1,49,48,1791065345898003,1791065345900327,2324,0,8,16971,16971,16971,12704,12242,36222
1,50,49,1791065345948003,1791065345950711,2708,0,9,16802,16802,16802,12598,12250,35847
1,51,50,1791065345998003,1791065346000531,2528,0,10,16824,16824,16824,12710,12678,36392
1,52,51,1791065346048003,1791065346050727,2724,0,11,16857,16857,16857,12698,12313,36117
1,53,52,1791065346098003,1791065346099938,1935,0,12,17012,17012,17012,12758,12099,35839
1,54,53,1791065346148003,1791065346150505,2502,0,13,16858,16858,16858,12605,12016,36130
1,55,54,1791065346198003,1791065346200303,2300,0,14,16882,16882,16882,12778,12142,36236
1,56,55,1791065346248003,1791065346250496,2493,0,15,16852,16852,16852,12830,12470,36780
1,57,56,1791065346298003,1791065346299971,1968,0,16,16993,16993,16993,12723,12375,36788
1,58,57,1791065346348003,1791065346350492,2489,0,17,16754,16754,16754,12572,12043,35960
1,59,58,1791065346398003,1791065346400367,2364,0,18,16977,16977,16977,12672,12504,36973
1,60,59,1791065346448003,1791065346450508,2505,0,19,16934,16934,16934,12690,11779,35783
1,61,60,1791065346498003,1791065346500656,2653,0,0,16732,16732,16732,12465,12201,36955
1,62,61,1791065346548003,1791065346550900,2897,0,1,16977,16977,16977,12765,12364,37058
1,63,62,1791065346598003,1791065346600462,2459,0,2,16850,16850,16850,12557,12408,36700
1,64,63,1791065346648003,1791065346650548,2545,0,3,16954,16954,16954,12677,12581,37168
1,65,64,1791065346698003,1791065346700483,2480,0,4,16812,16812,16812,12559,12222,36579
1,66,65,1791065346748003,1791065346750574,2571,0,5,16840,16840,16840,12603,12499,37242
1,67,66,1791065346798003,1791065346800431,2428,0,6,16741,16741,16741,12674,12069,36615
1,68,67,1791065346848003,1791065346850509,2506,0,7,16878,16878,16878,12770,12350,37138
1,69,68,1791065346898003,1791065346900183,2180,0,8,16971,16971,16971,12747,12372,37035
1,70,69,1791065346948003,1791065346950713,2710,0,9,16802,16802,16802,12505,12354,36562
1,71,70,1791065346998003,1791065347000870,2867,0,10,16824,16824,16824,12610,11990,36561
1,72,71,1791065347048003,1791065347050672,2669,0,11,16857,16857,16857,12611,12286,37227
1,73,72,1791065347098003,1791065347100337,2334,0,12,17012,17012,17012,12831,12524,37577
1,74,73,1791065347148003,1791065347150829,2826,0,13,16858,16858,16858,12684,12405,37197
1,75,74,1791065347198003,1791065347200393,2390,0,14,16882,16882,16882,12666,12196,37095
1,76,75,1791065347248003,1791065347250504,2501,0,15,16852,16852,16852,12748,12436,37358
1,77,76,1791065347298003,1791065347300324,2321,0,16,16993,16993,16993,12668,12157,37306
1,78,77,1791065347348003,1791065347353751,5748,0,17,16754,16754,16754,12650,12333,37281
1,79,78,1791065347398003,1791065347400467,2464,0,18,16977,16977,16977,12697,12372,37718
1,80,79,1791065347448003,1791065347450149,2146,0,19,16934,16934,16934,12706,12367,37459
1,81,80,1791065347498003,1791065347500573,2570,0,0,16732,16732,16732,12485,12447,37151
1,82,81,1791065347548003,1791065347550563,2560,0,1,16977,16977,16977,12797,12345,37909
1,83,82,1791065347598003,1791065347600705,2702,0,2,16850,16850,16850,12622,12246,37214
1,84,83,1791065347648003,1791065347649939,1936,0,3,16954,16954,16954,12678,12201,37479
1,85,84,1791065347698003,1791065347700825,2822,0,4,16812,16812,16812,12665,12423,37894
1,86,85,1791065347748003,1791065347750590,2587,0,5,16840,16840,16840,12585,12252,37295
1,87,86,1791065347798003,1791065347800480,2477,0,6,16741,16741,16741,12562,12184,37579
1,88,87,1791065347848003,1791065347850415,2412,0,7,16878,16878,16878,12692,12539,38131
1,89,88,1791065347898003,1791065347900149,2146,0,8,16971,16971,16971,12655,12209,37626
1,90,89,1791065347948003,1791065347950413,2410,0,9,16802,16802,16802,12638,12080,37684
1,91,90,1791065347998003,1791065348000420,2417,0,10,16824,16824,16824,12700,12029,38305
1,92,91,1791065348048003,1791065348050505,2502,0,11,16857,16857,16857,12742,12351,38757
1,93,92,1791065348098003,1791065348100643,2640,0,12,17012,17012,17012,12795,12639,38875
1,94,93,1791065348148003,1791065348150369,2366,0,13,16858,16858,16858,12607,11825,37736
1,95,94,1791065348198003,1791065348199955,1952,0,14,16882,16882,16882,12694,12205,38982
1,96,95,1791065348248003,1791065348250681,2678,0,15,16852,16852,16852,12694,12225,38896
1,97,96,1791065348298003,1791065348300783,2780,0,16,16993,16993,16993,12826,12717,39905
1,98,97,1791065348348003,1791065348350072,2069,0,17,16754,16754,16754,12587,11904,38622
1,99,98,1791065348398003,1791065348400511,2508,0,18,16977,16977,16977,12709,12297,39314
1,100,99,1791065348448003,1791065348450499,2496,0,19,16934,16934,16934,12765,12642,39287
1,101,100,1791065348498003,1791065348499989,1986,0,0,16732,16732,16732,12535,11857,37747
1,102,101,1791065348548003,1791065348550362,2359,0,1,16977,16977,16977,12703,12434,39022
1,103,102,1791065348598003,1791065348599899,1896,0,2,16850,16850,16850,12627,12436,38466
1,104,103,1791065348648003,1791065348650806,2803,0,3,16954,16954,16954,12748,12631,38866
1,105,104,1791065348698003,1791065348701111,3108,0,4,16812,16812,16812,12516,12074,37970
1,106,105,1791065348748003,1791065348749959,1956,0,5,16840,16840,16840,12564,12522,38177
1,107,106,1791065348798003,1791065348800225,2222,0,6,16741,16741,16741,12561,12465,38227
1,108,107,1791065348848003,1791065348850332,2329,0,7,16878,16878,16878,12574,11734,37079
1,109,108,1791065348898003,1791065348899956,1953,0,8,16971,16971,16971,12694,12405,38443
1,110,109,1791065348948003,1791065348950517,2514,0,9,16802,16802,16802,12570,11974,37367
1,111,110,1791065348998003,1791065349000022,2019,0,10,16824,16824,16824,12700,12458,39031
1,112,111,1791065349048003,1791065349050621,2618,0,11,16857,16857,16857,12631,12554,38867
1,113,112,1791065349098003,1791065349100282,2279,0,12,17012,17012,17012,12772,12667,39113
1,114,113,1791065349148003,1791065349150537,2534,0,13,16858,16858,16858,12657,12479,38907
1,115,114,1791065349198003,1791065349200562,2559,0,14,16882,16882,16882,12640,12301,38599
1,116,115,1791065349248003,1791065349250691,2688,0,15,16852,16852,16852,12747,12186,38712
1,117,116,1791065349298003,1791065349300036,2033,0,16,16993,16993,16993,12676,12624,39622
1,118,117,1791065349348003,1791065349350175,2172,0,17,16754,16754,16754,12527,11907,38291
1,119,118,1791065349398003,1791065349399970,1967,0,18,16977,16977,16977,12731,12250,39031
1,120,119,1791065349448003,1791065349450402,2399,0,19,16934,16934,16934,12662,11969,38612
1,121,120,1791065349498003,1791065349500888,2885,0,0,16732,16732,16732,12703,12169,39706
1,122,121,1791065349548003,1791065349550372,2369,0,1,16977,16977,16977,12878,12047,39197
1,123,122,1791065349598003,1791065349600803,2800,0,2,16850,16850,16850,12640,12325,39025
1,124,123,1791065349648003,1791065349650694,2691,0,3,16954,16954,16954,12704,12280,38519
1,125,124,1791065349698003,1791065349700226,2223,0,4,16812,16812,16812,12443,12181,38711
1,126,125,1791065349748003,1791065349749979,1976,0,5,16840,16840,16840,12626,12096,38746
1,127,126,1791065349798003,1791065349799911,1908,0,6,16741,16741,16741,12513,12356,39193
1,128,127,1791065349848003,1791065349850257,2254,0,7,16878,16878,16878,12657,11896,38869
1,129,128,1791065349898003,1791065349900082,2079,0,8,16971,16971,16971,12640,12460,39599
1,130,129,1791065349948003,1791065349950853,2850,0,9,16802,16802,16802,12579,12300,39547
1,131,130,1791065349998003,1791065350000137,2134,0,10,16824,16824,16824,12466,12126,39036
1,132,131,1791065350048003,1791065350050525,2522,0,11,16857,16857,16857,12716,12601,40550
1,133,132,1791065350098003,1791065350100682,2679,0,12,17012,17012,17012,12865,12793,41502
1,134,133,1791065350148003,1791065350149905,1902,0,13,16858,16858,16858,12755,12508,40727
1,135,134,1791065350198003,1791065350200141,2138,0,14,16882,16882,16882,12638,12157,40284
1,136,135,1791065350248003,1791065350249821,1818,0,15,16852,16852,16852,12706,12395,41248
1,137,136,1791065350298003,1791065350300739,2736,0,16,16993,16993,16993,12737,12382,40737
1,138,137,1791065350348003,1791065350350205,2202,0,17,16754,16754,16754,12646,12396,40206
1,139,138,1791065350398003,1791065350400369,2366,0,18,16977,16977,16977,12894,12794,40933
1,140,139,1791065350448003,1791065350450544,2541,0,19,16934,16934,16934,12660,12291,40087
1,141,140,1791065350498003,1791065350500631,2628,0,0,16732,16732,16732,12582,11916,39751
1,142,141,1791065350548003,1791065350550586,2583,0,1,16977,16977,16977,12837,12284,40501
1,143,142,1791065350598003,1791065350600433,2430,0,2,16850,16850,16850,12606,12152,39244
1,144,143,1791065350648003,1791065350650413,2410,0,3,16954,16954,16954,12771,12385,39711
1,145,144,1791065350698003,1791065350700033,2030,0,4,16812,16812,16812,12535,12296,38892
1,146,145,1791065350748003,1791065350749969,1966,0,5,16840,16840,16840,12644,12450,39058
1,147,146,1791065350798003,1791065350800755,2752,0,6,16741,16741,16741,12645,12059,38850
1,148,147,1791065350848003,1791065350850784,2781,0,7,16878,16878,16878,12655,12067,38690
1,149,148,1791065350898003,1791065350900640,2637,0,8,16971,16971,16971,12853,12705,40167
1,150,149,1791065350948003,1791065350949984,1981,0,9,16802,16802,16802,12664,12227,38939
1,151,150,1791065350998003,1791065351000093,2090,0,10,16824,16824,16824,12591,12060,38755
1,152,151,1791065351048003,1791065351050486,2483,0,11,16857,16857,16857,12675,12431,39329
1,153,152,1791065351098003,1791065351100838,2835,0,12,17012,17012,17012,12706,12537,39117
1,154,153,1791065351148003,1791065351150932,2929,0,13,16858,16858,16858,12591,12437,38869
1,155,154,1791065351198003,1791065351199903,1900,0,14,16882,16882,16882,12627,12302,38640
1,156,155,1791065351248003,1791065351250715,2712,0,15,16852,16852,16852,12549,11949,37985
1,157,156,1791065351298003,1791065351300373,2370,0,16,16993,16993,16993,12649,12483,39124
1,158,157,1791065351348003,1791065351350133,2130,0,17,16754,16754,16754,12539,11816,38074
1,159,158,1791065351398003,1791065351400294,2291,0,18,16977,16977,16977,12681,12287,38822
1,160,159,1791065351448003,1791065351450208,2205,0,19,16934,16934,16934,12732,12259,39625
1,161,160,1791065351498003,1791065351500698,2695,0,0,16732,16732,16732,12531,12030,39002
1,162,161,1791065351548003,1791065351549989,1986,0,1,16977,16977,16977,12804,12008,39546
1,163,162,1791065351598003,1791065351600748,2745,0,2,16850,16850,16850,12713,12351,39710
1,164,163,1791065351648003,1791065351650612,2609,0,3,16954,16954,16954,12737,12167,39229
1,165,164,1791065351698003,1791065351701409,3406,0,4,16812,16812,16812,12583,12083,38385
1,166,165,1791065351748003,1791065351750677,2674,0,5,16840,16840,16840,12625,12055,38231
1,167,166,1791065351798003,1791065351800877,2874,0,6,16741,16741,16741,12536,12403,38731
1,168,167,1791065351848003,1791065351850573,2570,0,7,16878,16878,16878,12676,12288,38834
1,169,168,1791065351898003,1791065351900485,2482,0,8,16971,16971,16971,12735,12093,39181
1,170,169,1791065351948003,1791065351950845,2842,0,9,16802,16802,16802,12667,12572,39048
1,171,170,1791065351998003,1791065352000154,2151,0,10,16824,16824,16824,12558,12120,38116
1,172,171,1791065352048003,1791065352050756,2753,0,11,16857,16857,16857,12685,12572,38710
1,173,172,1791065352098003,1791065352100196,2193,0,12,17012,17012,17012,12768,12395,38952
1,174,173,1791065352148003,1791065352150537,2534,0,13,16858,16858,16858,12656,12336,38337
1,175,174,1791065352198003,1791065352199884,1881,0,14,16882,16882,16882,12716,12372,38845
1,176,175,1791065352248003,1791065352250526,2523,0,15,16852,16852,16852,12644,12375,38214
1,177,176,1791065352298003,1791065352300487,2484,0,16,16993,16993,16993,12734,12366,38694
1,178,177,1791065352348003,1791065352350570,2567,0,17,16754,16754,16754,12621,12244,38886
1,179,178,1791065352398003,1791065352400341,2338,0,18,16977,16977,16977,12794,12234,39154
1,180,179,1791065352448003,1791065352450811,2808,0,19,16934,16934,16934,12665,12450,39610
1,181,180,1791065352498003,1791065352500829,2826,0,0,16732,16732,16732,12668,12456,39827
1,182,181,1791065352548003,1791065352550752,2749,0,1,16977,16977,16977,12797,12149,40126
1,183,182,1791065352598003,1791065352600147,2144,0,2,16850,16850,16850,12632,11865,39148
1,184,183,1791065352648003,1791065352650456,2453,0,3,16954,16954,16954,12768,12007,39510
1,185,184,1791065352698003,1791065352700480,2477,0,4,16812,16812,16812,12613,12499,39997
1,186,185,1791065352748003,1791065352750840,2837,0,5,16840,16840,16840,12670,12447,40232
1,187,186,1791065352798003,1791065352799911,1908,0,6,16741,16741,16741,12650,12291,40081
1,188,187,1791065352848003,1791065352850522,2519,0,7,16878,16878,16878,12722,12041,39670
1,189,188,1791065352898003,1791065352900746,2743,0,8,16971,16971,16971,12682,12532,40454
1,190,189,1791065352948003,1791065352950456,2453,0,9,16802,16802,16802,12656,12582,40445
1,191,190,1791065352998003,1791065353000347,2344,0,10,16824,16824,16824,12556,12189,40066
1,192,191,1791065353048003,1791065353050711,2708,0,11,16857,16857,16857,12705,12599,40790
1,193,192,1791065353098003,1791065353100223,2220,0,12,17012,17012,17012,12759,12211,40706
1,194,193,1791065353148003,1791065353150841,2838,0,13,16858,16858,16858,12671,12452,41130
1,195,194,1791065353198003,1791065353200423,2420,0,14,16882,16882,16882,12698,12522,40868
1,196,195,1791065353248003,1791065353251308,3305,0,15,16852,16852,16852,12696,12103,40334
1,197,196,1791065353298003,1791065353300889,2886,0,16,16993,16993,16993,12813,12261,41141
1,198,197,1791065353348003,1791065353350365,2362,0,17,16754,16754,16754,12544,12108,40271
1,199,198,1791065353398003,1791065353399992,1989,0,18,16977,16977,16977,12800,11991,40058
1,200,199,1791065353448003,1791065353450820,2817,0,19,16934,16934,16934,12819,12415,41212
1,201,200,1791065353498003,1791065353500320,2317,0,0,16732,16732,16732,12614,11788,39937
1,202,201,1791065353548003,1791065353550566,2563,0,1,16977,16977,16977,12812,12564,41307
1,203,202,1791065353598003,1791065353600604,2601,0,2,16850,16850,16850,12691,12540,40440
1,204,203,1791065353648003,1791065353650539,2536,0,3,16954,16954,16954,12713,12204,40079
1,205,204,1791065353698003,1791065353700306,2303,0,4,16812,16812,16812,12581,12497,39676
1,206,205,1791065353748003,1791065353750458,2455,0,5,16840,16840,16840,12595,12101,39576
1,207,206,1791065353798003,1791065353800773,2770,0,6,16741,16741,16741,12582,12068,39488
1,208,207,1791065353848003,1791065353850799,2796,0,7,16878,16878,16878,12769,12727,41443
1,209,208,1791065353898003,1791065353900670,2667,0,8,16971,16971,16971,12676,12110,40485
1,210,209,1791065353948003,1791065353950213,2210,0,9,16802,16802,16802,12765,12291,41429
1,211,210,1791065353998003,1791065354000196,2193,0,10,16824,16824,16824,12637,12626,40771
1,212,211,1791065354048003,1791065354050517,2514,0,11,16857,16857,16857,12759,12482,41328
1,213,212,1791065354098003,1791065354100189,2186,0,12,17012,17012,17012,12868,12799,42153
1,214,213,1791065354148003,1791065354150449,2446,0,13,16858,16858,16858,12570,12121,40268
1,215,214,1791065354198003,1791065354200408,2405,0,14,16882,16882,16882,12760,11988,41077
1,216,215,1791065354248003,1791065354250289,2286,0,15,16852,16852,16852,12695,12291,41230
1,217,216,1791065354298003,1791065354299984,1981,0,16,16993,16993,16993,12815,12662,41847
1,218,217,1791065354348003,1791065354350733,2730,0,17,16754,16754,16754,12682,12196,41212
1,219,218,1791065354398003,1791065354400169,2166,0,18,16977,16977,16977,12745,12431,41479
1,220,219,1791065354448003,1791065354450515,2512,0,19,16934,16934,16934,12825,12013,41139
1,221,220,1791065354498003,1791065354500713,2710,0,0,16732,16732,16732,12699,12097,41967
1,222,221,1791065354548003,1791065354550495,2492,0,1,16977,16977,16977,12851,12667,42086
1,223,222,1791065354598003,1791065354600570,2567,0,2,16850,16850,16850,12724,12548,41596
1,224,223,1791065354648003,1791065354650584,2581,0,3,16954,16954,16954,12791,11835,40590
1,225,224,1791065354698003,1791065354700685,2682,0,4,16812,16812,16812,12760,12611,41685
1,226,225,1791065354748003,1791065354750085,2082,0,5,16840,16840,16840,12629,12066,40101
1,227,226,1791065354798003,1791065354800614,2611,0,6,16741,16741,16741,12632,12109,40211
1,228,227,1791065354848003,1791065354850487,2484,0,7,16878,16878,16878,12732,12306,41256
1,229,228,1791065354898003,1791065354899848,1845,0,8,16971,16971,16971,12785,12721,41166
1,230,229,1791065354948003,1791065354950265,2262,0,9,16802,16802,16802,12642,12176,40554
1,231,230,1791065354998003,1791065355000295,2292,0,10,16824,16824,16824,12641,12413,41176
1,232,231,1791065355048003,1791065355049837,1834,0,11,16857,16857,16857,12787,12757,42289
1,233,232,1791065355098003,1791065355127627,29624,0,12,17012,17012,17012,12786,12476,41874
1,234,233,1791065355148003,1791065355177025,29022,0,13,16858,16858,16858,12827,12357,41849
1,235,234,1791065355198003,1791065355223812,25809,0,14,16882,16882,16882,12823,12029,41948
1,236,235,1791065355248003,1791065355271437,23434,0,15,16852,16852,16852,12782,12057,41591
1,237,236,1791065355298003,1791065355322277,24274,0,16,16993,16993,16993,12929,12667,43186
1,238,237,1791065355348003,1791065355369564,21561,0,17,16754,16754,16754,12737,11899,41607
1,239,238,1791065355398003,1791065355415024,17021,0,18,16977,16977,16977,12912,12635,43046
1,240,239,1791065355448003,1791065355461621,13618,0,19,16934,16934,16934,12813,12442,41983
1,241,240,1791065355498003,1791065355508604,10601,0,0,16732,16732,16732,12766,11821,41302
1,242,241,1791065355548003,1791065355554795,6792,0,1,16977,16977,16977,12865,12053,41840
1,243,242,1791065355598003,1791065355600137,2134,0,2,16850,16850,16850,12652,12266,41205
1,244,243,1791065355648003,1791065355650829,2826,0,3,16954,16954,16954,12689,12295,40802
1,245,244,1791065355698003,1791065355701084,3081,0,4,16812,16812,16812,12605,12378,40371
1,246,245,1791065355748003,1791065355749942,1939,0,5,16840,16840,16840,12680,12668,41138
1,247,246,1791065355798003,1791065355800191,2188,0,6,16741,16741,16741,12442,12028,40004
1,248,247,1791065355848003,1791065355850858,2855,0,7,16878,16878,16878,12717,12692,41104
1,249,248,1791065355898003,1791065355900286,2283,0,8,16971,16971,16971,12754,12463,40896
1,250,249,1791065355948003,1791065355950698,2695,0,9,16802,16802,16802,12678,12464,40631
1,251,250,1791065355998003,1791065356001789,3786,0,10,16824,16824,16824,12655,12485,40923
1,252,251,1791065356048003,1791065356050559,2556,0,11,16857,16857,16857,12651,12577,41301
1,253,252,1791065356098003,1791065356100211,2208,0,12,17012,17012,17012,12741,12296,41156
1,254,253,1791065356148003,1791065356150556,2553,0,13,16858,16858,16858,12668,12503,41202
1,255,254,1791065356198003,1791065356199989,1986,0,14,16882,16882,16882,12728,12468,41130
1,256,255,1791065356248003,1791065356250194,2191,0,15,16852,16852,16852,12729,12658,41148
1,257,256,1791065356298003,1791065356300540,2537,0,16,16993,16993,16993,12656,12095,40133
1,258,257,1791065356348003,1791065356349887,1884,0,17,16754,16754,16754,12645,12465,40577
1,259,258,1791065356398003,1791065356399879,1876,0,18,16977,16977,16977,12744,12640,40964
1,260,259,1791065356448003,1791065356450591,2588,0,19,16934,16934,16934,12705,12450,40148
1,261,260,1791065356498003,1791065356500336,2333,0,0,16732,16732,16732,12611,11868,40045
1,262,261,1791065356548003,1791065356550696,2693,0,1,16977,16977,16977,12871,12328,40838
1,263,262,1791065356598003,1791065356600438,2435,0,2,16850,16850,16850,12595,12181,39569
1,264,263,1791065356648003,1791065356650218,2215,0,3,16954,16954,16954,12737,12207,39410
1,265,264,1791065356698003,1791065356699976,1973,0,4,16812,16812,16812,12563,11952,38505
1,266,265,1791065356748003,1791065356750761,2758,0,5,16840,16840,16840,12665,12557,39529
1,267,266,1791065356798003,1791065356800597,2594,0,6,16741,16741,16741,12573,12423,38287
1,268,267,1791065356848003,1791065356850867,2864,0,7,16878,16878,16878,12784,12423,38735
1,269,268,1791065356898003,1791065356900091,2088,0,8,16971,16971,16971,12785,12278,38761
1,270,269,1791065356948003,1791065356950390,2387,0,9,16802,16802,16802,12602,12267,38947
1,271,270,1791065356998003,1791065357000875,2872,0,10,16824,16824,16824,12619,12341,39262
1,272,271,1791065357048003,1791065357050303,2300,0,11,16857,16857,16857,12587,12269,39152
1,273,272,1791065357098003,1791065357100688,2685,0,12,17012,17012,17012,12786,12578,39718
1,274,273,1791065357148003,1791065357150013,2010,0,13,16858,16858,16858,12742,12093,39025
1,275,274,1791065357198003,1791065357199995,1992,0,14,16882,16882,16882,12680,12594,39600
1,276,275,1791065357248003,1791065357250353,2350,0,15,16852,16852,16852,12628,12087,38860
1,277,276,1791065357298003,1791065357300277,2274,0,16,16993,16993,16993,12741,12220,39820
1,278,277,1791065357348003,1791065357350875,2872,0,17,16754,16754,16754,12630,12080,39393
1,279,278,1791065357398003,1791065357400480,2477,0,18,16977,16977,16977,12694,12382,39183
1,280,279,1791065357448003,1791065357449896,1893,0,19,16934,16934,16934,12719,12089,39278
1,281,280,1791065357498003,1791065357500500,2497,0,0,16732,16732,16732,12563,12164,39603
1,282,281,1791065357548003,1791065357550139,2136,0,1,16977,16977,16977,12741,12171,39504
1,283,282,1791065357598003,1791065357600111,2108,0,2,16850,16850,16850,12646,12459,39641
1,284,283,1791065357648003,1791065357650684,2681,0,3,16954,16954,16954,12796,12725,39553
1,285,284,1791065357698003,1791065357699836,1833,0,4,16812,16812,16812,12623,12179,38880
1,286,285,1791065357748003,1791065357750756,2753,0,5,16840,16840,16840,12595,12551,38723
1,287,286,1791065357798003,1791065357799968,1965,0,6,16741,16741,16741,12506,11851,37657
1,288,287,1791065357848003,1791065357849975,1972,0,7,16878,16878,16878,12696,12504,38737
1,289,288,1791065357898003,1791065357900679,2676,0,8,16971,16971,16971,12685,12622,38656
1,290,289,1791065357948003,1791065357950268,2265,0,9,16802,16802,16802,12671,11963,37526
1,291,290,1791065357998003,1791065357999996,1993,0,10,16824,16824,16824,12688,12655,38889
1,292,291,1791065358048003,1791065358050713,2710,0,11,16857,16857,16857,12663,12253,38216
1,293,292,1791065358098003,1791065358100679,2676,0,12,17012,17012,17012,12849,12821,38662
1,294,293,1791065358148003,1791065358150312,2309,0,13,16858,16858,16858,12742,11919,37639
1,295,294,1791065358198003,1791065358200159,2156,0,14,16882,16882,16882,12729,11907,38137
1,296,295,1791065358248003,1791065358250417,2414,0,15,16852,16852,16852,12749,12596,38608
1,297,296,1791065358298003,1791065358300112,2109,0,16,16993,16993,16993,12778,12343,38531
1,298,297,1791065358348003,1791065358366685,18682,0,17,16754,16754,16754,12583,11794,37424
1,299,298,1791065358398003,1791065358419150,21147,0,18,16977,16977,16977,12836,12670,38953
1,300,299,1791065358448003,1791065358466149,18146,0,19,16934,16934,16934,12741,12471,38472
1,301,300,1791065358498003,1791065358510704,12701,0,0,16732,16732,16732,12618,11898,37657
1,302,301,1791065358548003,1791065358555139,7136,0,1,16977,16977,16977,12696,12553,38549
1,303,302,1791065358598003,1791065358599943,1940,0,2,16850,16850,16850,12577,12183,37811
1,304,303,1791065358648003,1791065358649858,1855,0,3,16954,16954,16954,12784,12611,38721
1,305,304,1791065358698003,1791065358700885,2882,0,4,16812,16812,16812,12639,12245,38257
1,306,305,1791065358748003,1791065358749979,1976,0,5,16840,16840,16840,12510,11627,36792
1,307,306,1791065358798003,1791065358800759,2756,0,6,16741,16741,16741,12567,12258,38718
1,308,307,1791065358848003,1791065358850000,1997,0,7,16878,16878,16878,12567,12456,38120
1,309,308,1791065358898003,1791065358900496,2493,0,8,16971,16971,16971,12838,12503,39023
1,310,309,1791065358948003,1791065358950023,2020,0,9,16802,16802,16802,12617,11952,38176
1,311,310,1791065358998003,1791065359000134,2131,0,10,16824,16824,16824,12580,12340,39363
1,312,311,1791065359048003,1791065359050804,2801,0,11,16857,16857,16857,12622,12247,38757
1,313,312,1791065359098003,1791065359100668,2665,0,12,17012,17012,17012,12709,12526,39491
1,314,313,1791065359148003,1791065359150257,2254,0,13,16858,16858,16858,12745,12680,40012
1,315,314,1791065359198003,1791065359199960,1957,0,14,16882,16882,16882,12567,12308,38863
1,316,315,1791065359248003,1791065359249849,1846,0,15,16852,16852,16852,12612,12420,38766
1,317,316,1791065359298003,1791065359300731,2728,0,16,16993,16993,16993,12778,12602,39753
1,318,317,1791065359348003,1791065359349992,1989,0,17,16754,16754,16754,12677,12395,39647
1,319,318,1791065359398003,1791065359400569,2566,0,18,16977,16977,16977,12649,12263,38932
1,320,319,1791065359448003,1791065359450048,2045,0,19,16934,16934,16934,12735,12188,39287
1,321,320,1791065359498003,1791065359499994,1991,0,0,16732,16732,16732,12634,12571,39898
1,322,321,1791065359548003,1791065359549984,1981,0,1,16977,16977,16977,12697,12208,39486
1,323,322,1791065359598003,1791065359600089,2086,0,2,16850,16850,16850,12696,12014,38884
1,324,323,1791065359648003,1791065359650565,2562,0,3,16954,16954,16954,12799,12298,39261
1,325,324,1791065359698003,1791065359700015,2012,0,4,16812,16812,16812,12539,12290,38367
1,326,325,1791065359748003,1791065359749892,1889,0,5,16840,16840,16840,12716,12068,38201
1,327,326,1791065359798003,1791065359800857,2854,0,6,16741,16741,16741,12592,12291,38552
1,328,327,1791065359848003,1791065359850605,2602,0,7,16878,16878,16878,12677,12508,38621
1,329,328,1791065359898003,1791065359900167,2164,0,8,16971,16971,16971,12767,12350,38485
1,330,329,1791065359948003,1791065359950175,2172,0,9,16802,16802,16802,12521,12287,38155
1,331,330,1791065359998003,1791065359999847,1844,0,10,16824,16824,16824,12667,12451,39192
1,332,331,1791065360048003,1791065360050616,2613,0,11,16857,16857,16857,12695,12599,39019
1,333,332,1791065360098003,1791065360099898,1895,0,12,17012,17012,17012,12631,12323,38627
1,334,333,1791065360148003,1791065360150264,2261,0,13,16858,16858,16858,12679,12435,38647
1,335,334,1791065360198003,1791065360199994,1991,0,14,16882,16882,16882,12694,12207,38403
1,336,335,1791065360248003,1791065360250864,2861,0,15,16852,16852,16852,12747,12213,38444
1,337,336,1791065360298003,1791065360300237,2234,0,16,16993,16993,16993,12743,12384,38946
1,338,337,1791065360348003,1791065360350476,2473,0,17,16754,16754,16754,12666,12018,38027
1,339,338,1791065360398003,1791065360400121,2118,0,18,16977,16977,16977,12815,12558,38710
1,340,339,1791065360448003,1791065360450601,2598,0,19,16934,16934,16934,12649,12424,38246
1,341,340,1791065360498003,1791065360500211,2208,0,0,16732,16732,16732,12554,12389,37802
1,342,341,1791065360548003,1791065360550152,2149,0,1,16977,16977,16977,12782,11914,37476
1,343,342,1791065360598003,1791065360600320,2317,0,2,16850,16850,16850,12660,12640,38149
1,344,343,1791065360648003,1791065360650842,2839,0,3,16954,16954,16954,12842,12401,37726
1,345,344,1791065360698003,1791065360700108,2105,0,4,16812,16812,16812,12627,12221,37240
1,346,345,1791065360748003,1791065360749939,1936,0,5,16840,16840,16840,12651,12034,36849
1,347,346,1791065360798003,1791065360800363,2360,0,6,16741,16741,16741,12634,12077,36926
1,348,347,1791065360848003,1791065360850668,2665,0,7,16878,16878,16878,12664,12051,36944
1,349,348,1791065360898003,1791065360900187,2184,0,8,16971,16971,16971,12734,12654,37988
1,350,349,1791065360948003,1791065360950231,2228,0,9,16802,16802,16802,12691,12544,37864
1,351,350,1791065360998003,1791065361000173,2170,0,10,16824,16824,16824,12614,12192,37181
1,352,351,1791065361048003,1791065361050527,2524,0,11,16857,16857,16857,12593,12193,37401
1,353,352,1791065361098003,1791065361100681,2678,0,12,17012,17012,17012,12830,12224,37766
1,354,353,1791065361148003,1791065361149871,1868,0,13,16858,16858,16858,12685,11992,37156
1,355,354,1791065361198003,1791065361200800,2797,0,14,16882,16882,16882,12707,12289,38176
1,356,355,1791065361248003,1791065361250705,2702,0,15,16852,16852,16852,12594,12288,37525
1,357,356,1791065361298003,1791065361299989,1986,0,16,16993,16993,16993,12887,12426,38625
1,358,357,1791065361348003,1791065361350063,2060,0,17,16754,16754,16754,12605,12360,37258
1,359,358,1791065361398003,1791065361400693,2690,0,18,16977,16977,16977,12696,12392,37723
1,360,359,1791065361448003,1791065361450158,2155,0,19,16934,16934,16934,12764,12127,37426
1,361,360,1791065361498003,1791065361505533,7530,0,0,16732,16732,16732,12614,12120,37877
1,362,361,1791065361548003,1791065361553822,5819,0,1,16977,16977,16977,12780,12250,37957
1,363,362,1791065361598003,1791065361605289,7286,0,2,16850,16850,16850,12602,12474,37592
1,364,363,1791065361648003,1791065361651080,3077,0,3,16954,16954,16954,12705,12543,37724
1,365,364,1791065361698003,1791065361699998,1995,0,4,16812,16812,16812,12651,12329,37671
1,366,365,1791065361748003,1791065361750537,2534,0,5,16840,16840,16840,12606,12181,37263
1,367,366,1791065361798003,1791065361800306,2303,0,6,16741,16741,16741,12539,12032,37037
1,368,367,1791065361848003,1791065361850402,2399,0,7,16878,16878,16878,12696,12426,37978
1,369,368,1791065361898003,1791065361900606,2603,0,8,16971,16971,16971,12832,12253,38424
1,370,369,1791065361948003,1791065361950287,2284,0,9,16802,16802,16802,12618,12508,38358
1,371,370,1791065361998003,1791065362000388,2385,0,10,16824,16824,16824,12675,12508,37864
1,372,371,1791065362048003,1791065362050504,2501,0,11,16857,16857,16857,12638,12481,37542
1,373,372,1791065362098003,1791065362100439,2436,0,12,17012,17012,17012,12789,12265,37961
1,374,373,1791065362148003,1791065362150472,2469,0,13,16858,16858,16858,12669,12386,38656
1,375,374,1791065362198003,1791065362200365,2362,0,14,16882,16882,16882,12720,12691,39017
1,376,375,1791065362248003,1791065362250458,2455,0,15,16852,16852,16852,12674,12166,38353
1,377,376,1791065362298003,1791065362300899,2896,0,16,16993,16993,16993,12777,12540,38991
1,378,377,1791065362348003,1791065362350212,2209,0,17,16754,16754,16754,12637,11929,38066
1,379,378,1791065362398003,1791065362399963,1960,0,18,16977,16977,16977,12722,12319,39025
1,380,379,1791065362448003,1791065362449824,1821,0,19,16934,16934,16934,12754,12745,39472
1,381,380,1791065362498003,1791065362500883,2880,0,0,16732,16732,16732,12589,11948,38310
1,382,381,1791065362548003,1791065362550321,2318,0,1,16977,16977,16977,12754,12502,39312
1,383,382,1791065362598003,1791065362599970,1967,0,2,16850,16850,16850,12700,12634,39192
1,384,383,1791065362648003,1791065362650461,2458,0,3,16954,16954,16954,12815,12658,38826
1,385,384,1791065362698003,1791065362700055,2052,0,4,16812,16812,16812,12534,12409,38381
1,386,385,1791065362748003,1791065362750499,2496,0,5,16840,16840,16840,12574,12066,38135
1,387,386,1791065362798003,1791065362800684,2681,0,6,16741,16741,16741,12530,12273,38049
1,388,387,1791065362848003,1791065362850822,2819,0,7,16878,16878,16878,12741,12673,38511
1,389,388,1791065362898003,1791065362900643,2640,0,8,16971,16971,16971,12673,12235,37924
1,390,389,1791065362948003,1791065362950646,2643,0,9,16802,16802,16802,12651,12032,37958
1,391,390,1791065362998003,1791065363000632,2629,0,10,16824,16824,16824,12588,12417,38812
1,392,391,1791065363048003,1791065363050414,2411,0,11,16857,16857,16857,12737,12595,39043
1,393,392,1791065363098003,1791065363100493,2490,0,12,17012,17012,17012,12777,12627,39164
1,394,393,1791065363148003,1791065363150455,2452,0,13,16858,16858,16858,12780,12509,39196
1,395,394,1791065363198003,1791065363200610,2607,0,14,16882,16882,16882,12811,12428,39671
1,396,395,1791065363248003,1791065363250584,2581,0,15,16852,16852,16852,12702,12582,39714
1,397,396,1791065363298003,1791065363300267,2264,0,16,16993,16993,16993,12766,12175,39572
1,398,397,1791065363348003,1791065363350850,2847,0,17,16754,16754,16754,12626,12261,38954
1,399,398,1791065363398003,1791065363400380,2377,0,18,16977,16977,16977,12771,12672,40008
1,400,399,1791065363448003,1791065363450424,2421,0,19,16934,16934,16934,12675,12511,39695
1,401,400,1791065363498003,1791065363500286,2283,0,0,16732,16732,16732,12548,12239,39150
1,402,401,1791065363548003,1791065363550725,2722,0,1,16977,16977,16977,12723,11685,38220
1,403,402,1791065363598003,1791065363600798,2795,0,2,16850,16850,16850,12685,12318,39488
1,404,403,1791065363648003,1791065363650829,2826,0,3,16954,16954,16954,12792,12736,39918
1,405,404,1791065363698003,1791065363700103,2100,0,4,16812,16812,16812,12633,12363,38911
1,406,405,1791065363748003,1791065363750622,2619,0,5,16840,16840,16840,12601,11996,38592
1,407,406,1791065363798003,1791065363800143,2140,0,6,16741,16741,16741,12606,12322,38919
1,408,407,1791065363848003,1791065363850569,2566,0,7,16878,16878,16878,12588,11927,38742
1,409,408,1791065363898003,1791065363900053,2050,0,8,16971,16971,16971,12775,12459,40080
1,410,409,1791065363948003,1791065363950118,2115,0,9,16802,16802,16802,12540,12195,39324
1,411,410,1791065363998003,1791065364000657,2654,0,10,16824,16824,16824,12632,12294,39843
1,412,411,1791065364048003,1791065364049811,1808,0,11,16857,16857,16857,12719,12444,39707
1,413,412,1791065364098003,1791065364100394,2391,0,12,17012,17012,17012,12798,12652,40285
1,414,413,1791065364148003,1791065364150348,2345,0,13,16858,16858,16858,12770,12634,39748
1,415,414,1791065364198003,1791065364200402,2399,0,14,16882,16882,16882,12605,12174,38797
1,416,415,1791065364248003,1791065364250560,2557,0,15,16852,16852,16852,12630,12413,38942
1,417,416,1791065364298003,1791065364300032,2029,0,16,16993,16993,16993,12640,12282,39200
1,418,417,1791065364348003,1791065364350326,2323,0,17,16754,16754,16754,12563,11938,38260
1,419,418,1791065364398003,1791065364400703,2700,0,18,16977,16977,16977,12724,12303,38870
1,420,419,1791065364448003,1791065364450348,2345,0,19,16934,16934,16934,12749,12031,38357
1,421,420,1791065364498003,1791065364500236,2233,0,0,16732,16732,16732,12509,12075,38505
1,422,421,1791065364548003,1791065364550383,2380,0,1,16977,16977,16977,12744,12150,38389
1,423,422,1791065364598003,1791065364600866,2863,0,2,16850,16850,16850,12573,12335,38241
1,424,423,1791065364648003,1791065364650603,2600,0,3,16954,16954,16954,12751,12031,37925
1,425,424,1791065364698003,1791065364700077,2074,0,4,16812,16812,16812,12651,12258,37749
1,426,425,1791065364748003,1791065364750707,2704,0,5,16840,16840,16840,12604,12061,36889
1,427,426,1791065364798003,1791065364800144,2141,0,6,16741,16741,16741,12556,11981,36898
1,428,427,1791065364848003,1791065364850521,2518,0,7,16878,16878,16878,12718,12612,37750
1,429,428,1791065364898003,1791065364900008,2005,0,8,16971,16971,16971,12759,12710,38068
1,430,429,1791065364948003,1791065364950066,2063,0,9,16802,16802,16802,12624,11814,36564
1,431,430,1791065364998003,1791065365000240,2237,0,10,16824,16824,16824,12687,12607,38169
1,432,431,1791065365048003,1791065365050724,2721,0,11,16857,16857,16857,12571,12277,36920
1,433,432,1791065365098003,1791065365100838,2835,0,12,17012,17012,17012,12898,12151,37300
1,434,433,1791065365148003,1791065365150835,2832,0,13,16858,16858,16858,12739,12434,37908
1,435,434,1791065365198003,1791065365200697,2694,0,14,16882,16882,16882,12660,12454,37352
1,436,435,1791065365248003,1791065365249869,1866,0,15,16852,16852,16852,12718,12557,37565
1,437,436,1791065365298003,1791065365301430,3427,0,16,16993,16993,16993,12876,12467,37563
1,438,437,1791065365348003,1791065365350011,2008,0,17,16754,16754,16754,12527,12476,36755
1,439,438,1791065365398003,1791065365400350,2347,0,18,16977,16977,16977,12653,12480,36968
1,440,439,1791065365448003,1791065365450512,2509,0,19,16934,16934,16934,12722,12358,37426
1,441,440,1791065365498003,1791065365500001,1998,0,0,16732,16732,16732,12561,11987,36576
1,442,441,1791065365548003,1791065365550742,2739,0,1,16977,16977,16977,12740,12529,37453
1,443,442,1791065365598003,1791065365600802,2799,0,2,16850,16850,16850,12649,12362,37036
1,444,443,1791065365648003,1791065365650111,2108,0,3,16954,16954,16954,12696,12283,36739
1,445,444,1791065365698003,1791065365700296,2293,0,4,16812,16812,16812,12589,12219,36609
1,446,445,1791065365748003,1791065365750315,2312,0,5,16840,16840,16840,12706,11947,36256
1,447,446,1791065365798003,1791065365800398,2395,0,6,16741,16741,16741,12463,12215,36869
1,448,447,1791065365848003,1791065365850530,2527,0,7,16878,16878,16878,12757,12533,37070
1,449,448,1791065365898003,1791065365900245,2242,0,8,16971,16971,16971,12719,12483,37076
1,450,449,1791065365948003,1791065365950366,2363,0,9,16802,16802,16802,12621,12156,36587
1,451,450,1791065365998003,1791065366000229,2226,0,10,16824,16824,16824,12632,12377,36994
1,452,451,1791065366048003,1791065366050532,2529,0,11,16857,16857,16857,12574,12401,37090
1,453,452,1791065366098003,1791065366100766,2763,0,12,17012,17012,17012,12775,12586,37470
1,454,453,1791065366148003,1791065366150765,2762,0,13,16858,16858,16858,12568,12388,36858
1,455,454,1791065366198003,1791065366200868,2865,0,14,16882,16882,16882,12576,12565,36976
1,456,455,1791065366248003,1791065366250137,2134,0,15,16852,16852,16852,12707,11846,36536
1,457,456,1791065366298003,1791065366300719,2716,0,16,16993,16993,16993,12789,12371,38237
1,458,457,1791065366348003,1791065366350126,2123,0,17,16754,16754,16754,12690,12579,37610
1,459,458,1791065366398003,1791065366400835,2832,0,18,16977,16977,16977,12651,12607,37201
1,460,459,1791065366448003,1791065366450517,2514,0,19,16934,16934,16934,12631,12260,37055
1,461,460,1791065366498003,1791065366500172,2169,0,0,16732,16732,16732,12645,12470,37755
1,462,461,1791065366548003,1791065366550507,2504,0,1,16977,16977,16977,12673,12276,37449
1,463,462,1791065366598003,1791065366600083,2080,0,2,16850,16850,16850,12674,12529,37298
1,464,463,1791065366648003,1791065366650725,2722,0,3,16954,16954,16954,12738,12155,37231
1,465,464,1791065366698003,1791065366700060,2057,0,4,16812,16812,16812,12637,11992,36873
1,466,465,1791065366748003,1791065366750505,2502,0,5,16840,16840,16840,12629,12452,37223
1,467,466,1791065366798003,1791065366800218,2215,0,6,16741,16741,16741,12600,11876,36121
1,468,467,1791065366848003,1791065366850501,2498,0,7,16878,16878,16878,12689,12026,36979
1,469,468,1791065366898003,1791065366900509,2506,0,8,16971,16971,16971,12767,12281,37264
1,470,469,1791065366948003,1791065366950284,2281,0,9,16802,16802,16802,12608,12328,37513
1,471,470,1791065366998003,1791065367000388,2385,0,10,16824,16824,16824,12697,12049,37255
1,472,471,1791065367048003,1791065367050686,2683,0,11,16857,16857,16857,12709,12330,38126
1,473,472,1791065367098003,1791065367100134,2131,0,12,17012,17012,17012,12733,12562,37904
1,474,473,1791065367148003,1791065367170794,22791,0,13,16858,16858,16858,12628,12604,37495
1,475,474,1791065367198003,1791065367212690,14687,0,14,16882,16882,16882,12609,12513,37685
1,476,475,1791065367248003,1791065367259859,11856,0,15,16852,16852,16852,12698,12136,37476
1,477,476,1791065367298003,1791065367306775,8772,0,16,16993,16993,16993,12837,12396,38154
1,478,477,1791065367348003,1791065367352333,4330,0,17,16754,16754,16754,12563,12517,37538
1,479,478,1791065367398003,1791065367402269,4266,0,18,16977,16977,16977,12778,12322,37575
1,480,479,1791065367448003,1791065367450748,2745,0,19,16934,16934,16934,12775,12159,37830
1,481,480,1791065367498003,1791065367499995,1992,0,0,16732,16732,16732,12507,12221,37533
1,482,481,1791065367548003,1791065367550057,2054,0,1,16977,16977,16977,12744,11891,37380
1,483,482,1791065367598003,1791065367599950,1947,0,2,16850,16850,16850,12684,12276,38075
1,484,483,1791065367648003,1791065367650714,2711,0,3,16954,16954,16954,12802,12242,37682
1,485,484,1791065367698003,1791065367700893,2890,0,4,16812,16812,16812,12539,12334,37044
1,486,485,1791065367748003,1791065367750062,2059,0,5,16840,16840,16840,12676,12452,37395
1,487,486,1791065367798003,1791065367800721,2718,0,6,16741,16741,16741,12624,12350,37461
1,488,487,1791065367848003,1791065367850489,2486,0,7,16878,16878,16878,12661,12534,37977
1,489,488,1791065367898003,1791065367900036,2033,0,8,16971,16971,16971,12782,12396,37671
1,490,489,1791065367948003,1791065367951968,3965,0,9,16802,16802,16802,12663,12309,37397
1,491,490,1791065367998003,1791065368004333,6330,0,10,16824,16824,16824,12706,12574,37870
1,492,491,1791065368048003,1791065368053838,5835,0,11,16857,16857,16857,12640,12128,37287
1,493,492,1791065368098003,1791065368105081,7078,0,12,17012,17012,17012,12750,12471,38239
1,494,493,1791065368148003,1791065368152619,4616,0,13,16858,16858,16858,12630,12094,37487
1,495,494,1791065368198003,1791065368200061,2058,0,14,16882,16882,16882,12703,12135,38251
1,496,495,1791065368248003,1791065368250546,2543,0,15,16852,16852,16852,12599,12420,38041
1,497,496,1791065368298003,1791065368300791,2788,0,16,16993,16993,16993,12769,12594,38879
1,498,497,1791065368348003,1791065368350165,2162,0,17,16754,16754,16754,12495,12081,37605
1,499,498,1791065368398003,1791065368400610,2607,0,18,16977,16977,16977,12843,12203,38028
1,500,499,1791065368448003,1791065368450592,2589,0,19,16934,16934,16934,12764,12729,38457
1,501,500,1791065368498003,1791065368499994,1991,0,0,16732,16732,16732,12542,12497,37559
1,502,501,1791065368548003,1791065368550000,1997,0,1,16977,16977,16977,12813,11841,37374
1,503,502,1791065368598003,1791065368600368,2365,0,2,16850,16850,16850,12557,12285,37444
1,504,503,1791065368648003,1791065368651717,3714,0,3,16954,16954,16954,12698,12645,37782
1,505,504,1791065368698003,1791065368702624,4621,0,4,16812,16812,16812,12671,12236,37435
1,506,505,1791065368748003,1791065368755439,7436,0,5,16840,16840,16840,12708,12478,37629
1,507,506,1791065368798003,1791065368803452,5449,0,6,16741,16741,16741,12608,12383,37349
1,508,507,1791065368848003,1791065368850782,2779,0,7,16878,16878,16878,12650,12418,37466
1,509,508,1791065368898003,1791065368900868,2865,0,8,16971,16971,16971,12763,12278,37624
1,510,509,1791065368948003,1791065368950186,2183,0,9,16802,16802,16802,12579,12075,37089
1,511,510,1791065368998003,1791065369000392,2389,0,10,16824,16824,16824,12665,12464,38105
1,512,511,1791065369048003,1791065369049906,1903,0,11,16857,16857,16857,12765,12547,38272
1,513,512,1791065369098003,1791065369100011,2008,0,12,17012,17012,17012,12762,12346,37895
1,514,513,1791065369148003,1791065369150706,2703,0,13,16858,16858,16858,12632,12058,37550
1,515,514,1791065369198003,1791065369200039,2036,0,14,16882,16882,16882,12694,12365,37807
1,516,515,1791065369248003,1791065369250673,2670,0,15,16852,16852,16852,12569,11965,36940
1,517,516,1791065369298003,1791065369300182,2179,0,16,16993,16993,16993,12705,12573,38309
1,518,517,1791065369348003,1791065369350628,2625,0,17,16754,16754,16754,12621,12556,37581
1,519,518,1791065369398003,1791065369400280,2277,0,18,16977,16977,16977,12766,12131,37665
1,520,519,1791065369448003,1791065369449819,1816,0,19,16934,16934,16934,12776,12129,37803
1,521,520,1791065369498003,1791065369501596,3593,0,0,16732,16732,16732,12611,12061,37682
1,522,521,1791065369548003,1791065369550264,2261,0,1,16977,16977,16977,12701,12334,38069
1,523,522,1791065369598003,1791065369600267,2264,0,2,16850,16850,16850,12616,12603,37590
1,524,523,1791065369648003,1791065369650661,2658,0,3,16954,16954,16954,12748,12255,37918
1,525,524,1791065369698003,1791065369699948,1945,0,4,16812,16812,16812,12667,12415,37879
1,526,525,1791065369748003,1791065369750492,2489,0,5,16840,16840,16840,12517,12358,37427
1,527,526,1791065369798003,1791065369800400,2397,0,6,16741,16741,16741,12523,12105,37226
1,528,527,1791065369848003,1791065369850596,2593,0,7,16878,16878,16878,12677,12198,37612
1,529,528,1791065369898003,1791065369900266,2263,0,8,16971,16971,16971,12804,12036,37557
1,530,529,1791065369948003,1791065369950666,2663,0,9,16802,16802,16802,12596,12407,38270
1,531,530,1791065369998003,1791065370000293,2290,0,10,16824,16824,16824,12553,12401,37783
1,532,531,1791065370048003,1791065370050826,2823,0,11,16857,16857,16857,12692,12679,38532
1,533,532,1791065370098003,1791065370100519,2516,0,12,17012,17012,17012,12784,12632,38545
1,534,533,1791065370148003,1791065370150356,2353,0,13,16858,16858,16858,12635,12450,38198
1,535,534,1791065370198003,1791065370200929,2926,0,14,16882,16882,16882,12632,12415,37667
1,536,535,1791065370248003,1791065370250572,2569,0,15,16852,16852,16852,12627,12084,37167
1,537,536,1791065370298003,1791065370300876,2873,0,16,16993,16993,16993,12743,12335,38172
1,538,537,1791065370348003,1791065370350209,2206,0,17,16754,16754,16754,12610,11767,36652
1,539,538,1791065370398003,1791065370400232,2229,0,18,16977,16977,16977,12611,12191,37513
1,540,539,1791065370448003,1791065370450017,2014,0,19,16934,16934,16934,12648,12404,37172
1,541,540,1791065370498003,1791065370500651,2648,0,0,16732,16732,16732,12533,11724,36146
1,542,541,1791065370548003,1791065370550320,2317,0,1,16977,16977,16977,12812,12350,37601
1,543,542,1791065370598003,1791065370611427,13424,0,2,16850,16850,16850,12657,12326,36808
1,544,543,1791065370648003,1791065370670741,22738,0,3,16954,16954,16954,12700,12163,36813
1,545,544,1791065370698003,1791065370716536,18533,0,4,16812,16812,16812,12600,12439,36821
1,546,545,1791065370748003,1791065370765054,17051,0,5,16840,16840,16840,12589,12135,36426
1,547,546,1791065370798003,1791065370814547,16544,0,6,16741,16741,16741,12492,12102,36090
1,548,547,1791065370848003,1791065370857072,9069,0,7,16878,16878,16878,12622,11848,36151
1,549,548,1791065370898003,1791065370904933,6930,0,8,16971,16971,16971,12717,12186,37755
1,550,549,1791065370948003,1791065370950058,2055,0,9,16802,16802,16802,12666,11975,37016
1,551,550,1791065370998003,1791065371000385,2382,0,10,16824,16824,16824,12681,11993,37333
1,552,551,1791065371048003,1791065371050239,2236,0,11,16857,16857,16857,12782,12441,37780
1,553,552,1791065371098003,1791065371100693,2690,0,12,17012,17012,17012,12801,12635,37696
1,554,553,1791065371148003,1791065371149894,1891,0,13,16858,16858,16858,12699,12195,37136
1,555,554,1791065371198003,1791065371199892,1889,0,14,16882,16882,16882,12633,12483,37185
1,556,555,1791065371248003,1791065371250213,2210,0,15,16852,16852,16852,12622,12569,37307
1,557,556,1791065371298003,1791065371299969,1966,0,16,16993,16993,16993,12712,12390,37126
1,558,557,1791065371348003,1791065371350293,2290,0,17,16754,16754,16754,12661,12471,37173
1,559,558,1791065371398003,1791065371400680,2677,0,18,16977,16977,16977,12714,12256,36848
1,560,559,1791065371448003,1791065371450526,2523,0,19,16934,16934,16934,12653,12226,36638
1,561,560,1791065371498003,1791065371500111,2108,0,0,16732,16732,16732,12540,11871,35623
1,562,561,1791065371548003,1791065371550107,2104,0,1,16977,16977,16977,12801,12330,37074
1,563,562,1791065371598003,1791065371600150,2147,0,2,16850,16850,16850,12496,11664,35522
1,564,563,1791065371648003,1791065371650438,2435,0,3,16954,16954,16954,12758,12589,37437
1,565,564,1791065371698003,1791065371700546,2543,0,4,16812,16812,16812,12642,12363,36308
1,566,565,1791065371748003,1791065371750549,2546,0,5,16840,16840,16840,12613,12391,36147
1,567,566,1791065371798003,1791065371800068,2065,0,6,16741,16741,16741,12590,11979,35973
1,568,567,1791065371848003,1791065371849979,1976,0,7,16878,16878,16878,12745,12473,37031
1,569,568,1791065371898003,1791065371900179,2176,0,8,16971,16971,16971,12695,12487,36502
1,570,569,1791065371948003,1791065371950058,2055,0,9,16802,16802,16802,12610,12082,35912
1,571,570,1791065371998003,1791065372000232,2229,0,10,16824,16824,16824,12742,12420,37044
1,572,571,1791065372048003,1791065372050834,2831,0,11,16857,16857,16857,12590,12432,36386
1,573,572,1791065372098003,1791065372100141,2138,0,12,17012,17012,17012,12698,12141,36136
1,574,573,1791065372148003,1791065372150557,2554,0,13,16858,16858,16858,12603,12310,36342
1,575,574,1791065372198003,1791065372200383,2380,0,14,16882,16882,16882,12726,12657,36840
1,576,575,1791065372248003,1791065372250135,2132,0,15,16852,16852,16852,12582,12191,36266
1,577,576,1791065372298003,1791065372300764,2761,0,16,16993,16993,16993,12786,12384,36855
1,578,577,1791065372348003,1791065372350449,2446,0,17,16754,16754,16754,12615,11894,35714
1,579,578,1791065372398003,1791065372400857,2854,0,18,16977,16977,16977,12765,12597,36966
1,580,579,1791065372448003,1791065372450354,2351,0,19,16934,16934,16934,12728,12501,36707
1,581,580,1791065372498003,1791065372500263,2260,0,0,16732,16732,16732,12596,12425,36372
1,582,581,1791065372548003,1791065372549936,1933,0,1,16977,16977,16977,12717,12541,36731
1,583,582,1791065372598003,1791065372600191,2188,0,2,16850,16850,16850,12651,12088,36263
1,584,583,1791065372648003,1791065372650548,2545,0,3,16954,16954,16954,12648,12574,36548
1,585,584,1791065372698003,1791065372700607,2604,0,4,16812,16812,16812,12570,11915,35689
1,586,585,1791065372748003,1791065372750107,2104,0,5,16840,16840,16840,12633,12602,36921
1,587,586,1791065372798003,1791065372800364,2361,0,6,16741,16741,16741,12592,12569,36480
1,588,587,1791065372848003,1791065372850542,2539,0,7,16878,16878,16878,12666,12285,36405
1,589,588,1791065372898003,1791065372900734,2731,0,8,16971,16971,16971,12759,12163,36371
1,590,589,1791065372948003,1791065372949934,1931,0,9,16802,16802,16802,12725,12320,36557
1,591,590,1791065372998003,1791065372999974,1971,0,10,16824,16824,16824,12621,12475,36643
1,592,591,1791065373048003,1791065373050186,2183,0,11,16857,16857,16857,12639,12280,36344
1,593,592,1791065373098003,1791065373100793,2790,0,12,17012,17012,17012,12779,12149,36572
1,594,593,1791065373148003,1791065373150564,2561,0,13,16858,16858,16858,12685,12094,36659
1,595,594,1791065373198003,1791065373199995,1992,0,14,16882,16882,16882,12622,12566,36959
1,596,595,1791065373248003,1791065373250546,2543,0,15,16852,16852,16852,12745,12399,37169
1,597,596,1791065373298003,1791065373299891,1888,0,16,16993,16993,16993,12737,12195,36780
1,598,597,1791065373348003,1791065373350150,2147,0,17,16754,16754,16754,12561,12002,36003
1,599,598,1791065373398003,1791065373399911,1908,0,18,16977,16977,16977,12766,12103,36626
1,600,599,1791065373448003,1791065373450878,2875,0,19,16934,16934,16934,12690,12368,36906
1,601,600,1791065373498003,1791065373500811,2808,0,0,16732,16732,16732,12558,12243,36447
1,602,601,1791065373548003,1791065373550652,2649,0,1,16977,16977,16977,12758,12621,36865
1,603,602,1791065373598003,1791065373600870,2867,0,2,16850,16850,16850,12549,12230,36640
1,604,603,1791065373648003,1791065373650814,2811,0,3,16954,16954,16954,12731,12563,36875
1,605,604,1791065373698003,1791065373699983,1980,0,4,16812,16812,16812,12502,11885,35627
1,606,605,1791065373748003,1791065373750525,2522,0,5,16840,16840,16840,12672,12197,36324
1,607,606,1791065373798003,1791065373800173,2170,0,6,16741,16741,16741,12715,12555,36789
1,608,607,1791065373848003,1791065373850498,2495,0,7,16878,16878,16878,12720,12499,36462
1,609,608,1791065373898003,1791065373900700,2697,0,8,16971,16971,16971,12690,12094,36131
1,610,609,1791065373948003,1791065373950595,2592,0,9,16802,16802,16802,12643,12293,36279
1,611,610,1791065373998003,1791065374000087,2084,0,10,16824,16824,16824,12702,12563,36926
1,612,611,1791065374048003,1791065374049951,1948,0,11,16857,16857,16857,12666,12628,36737
1,613,612,1791065374098003,1791065374100378,2375,0,12,17012,17012,17012,12744,12439,36799
1,614,613,1791065374148003,1791065374150149,2146,0,13,16858,16858,16858,12664,12291,36424
1,615,614,1791065374198003,1791065374199927,1924,0,14,16882,16882,16882,12687,12289,36771
1,616,615,1791065374248003,1791065374250797,2794,0,15,16852,16852,16852,12600,12301,36330
1,617,616,1791065374298003,1791065374300750,2747,0,16,16993,16993,16993,12790,12625,37052
1,618,617,1791065374348003,1791065374350610,2607,0,17,16754,16754,16754,12625,11770,35722
1,619,618,1791065374398003,1791065374400762,2759,0,18,16977,16977,16977,12723,12402,37395
1,620,619,1791065374448003,1791065374450364,2361,0,19,16934,16934,16934,12749,12589,37095
1,621,620,1791065374498003,1791065374500849,2846,0,0,16732,16732,16732,12642,12410,36659
1,622,621,1791065374548003,1791065374550096,2093,0,1,16977,16977,16977,12736,12428,36903
1,623,622,1791065374598003,1791065374599913,1910,0,2,16850,16850,16850,12639,11912,36469
1,624,623,1791065374648003,1791065374650537,2534,0,3,16954,16954,16954,12817,12487,37049
1,625,624,1791065374698003,1791065374700714,2711,0,4,16812,16812,16812,12656,12226,36532
1,626,625,1791065374748003,1791065374750245,2242,0,5,16840,16840,16840,12632,12036,36295
1,627,626,1791065374798003,1791065374799994,1991,0,6,16741,16741,16741,12548,11944,36446
1,628,627,1791065374848003,1791065374850521,2518,0,7,16878,16878,16878,12721,12340,37488
1,629,628,1791065374898003,1791065374900229,2226,0,8,16971,16971,16971,12845,12276,37477
1,630,629,1791065374948003,1791065374950304,2301,0,9,16802,16802,16802,12717,12431,37614
1,631,630,1791065374998003,1791065375000599,2596,0,10,16824,16824,16824,12598,12249,37180
1,632,631,1791065375048003,1791065375050485,2482,0,11,16857,16857,16857,12732,12329,37166
1,633,632,1791065375098003,1791065375100205,2202,0,12,17012,17012,17012,12807,12551,38031
1,634,633,1791065375148003,1791065375150103,2100,0,13,16858,16858,16858,12679,12429,37657
1,635,634,1791065375198003,1791065375199943,1940,0,14,16882,16882,16882,12626,12280,37446
1,636,635,1791065375248003,1791065375250569,2566,0,15,16852,16852,16852,12806,12546,38316
1,637,636,1791065375298003,1791065375300837,2834,0,16,16993,16993,16993,12808,12617,38161
1,638,637,1791065375348003,1791065375350461,2458,0,17,16754,16754,16754,12700,12322,37358
1,639,638,1791065375398003,1791065375400609,2606,0,18,16977,16977,16977,12721,12516,37415
1,640,639,1791065375448003,1791065375450512,2509,0,19,16934,16934,16934,12684,12378,37749
1,641,640,1791065375498003,1791065375500384,2381,0,0,16732,16732,16732,12533,11672,36344
1,642,641,1791065375548003,1791065375550192,2189,0,1,16977,16977,16977,12847,12528,38532
1,643,642,1791065375598003,1791065375600894,2891,0,2,16850,16850,16850,12658,12558,37625
1,644,643,1791065375648003,1791065375649877,1874,0,3,16954,16954,16954,12786,12298,37265
1,645,644,1791065375698003,1791065375699984,1981,0,4,16812,16812,16812,12475,12003,36460
1,646,645,1791065375748003,1791065375750005,2002,0,5,16840,16840,16840,12591,11924,36092
1,647,646,1791065375798003,1791065375799890,1887,0,6,16741,16741,16741,12591,11910,36515
1,648,647,1791065375848003,1791065375852160,4157,0,7,16878,16878,16878,12697,12026,37036
1,649,648,1791065375898003,1791065375900229,2226,0,8,16971,16971,16971,12710,12080,36696
1,650,649,1791065375948003,1791065375950863,2860,0,9,16802,16802,16802,12620,12236,36701
1,651,650,1791065375998003,1791065375999978,1975,0,10,16824,16824,16824,12654,12273,36374
1,652,651,1791065376048003,1791065376050539,2536,0,11,16857,16857,16857,12718,12196,36216
1,653,652,1791065376098003,1791065376100625,2622,0,12,17012,17012,17012,12778,12455,36603
1,654,653,1791065376148003,1791065376149950,1947,0,13,16858,16858,16858,12560,12142,36175
1,655,654,1791065376198003,1791065376200708,2705,0,14,16882,16882,16882,12761,12242,36882
1,656,655,1791065376248003,1791065376250523,2520,0,15,16852,16852,16852,12678,12176,36345
1,657,656,1791065376298003,1791065376299965,1962,0,16,16993,16993,16993,12782,12073,36773
1,658,657,1791065376348003,1791065376350815,2812,0,17,16754,16754,16754,12606,12188,36221
1,659,658,1791065376398003,1791065376400176,2173,0,18,16977,16977,16977,12813,12573,37032
1,660,659,1791065376448003,1791065376450318,2315,0,19,16934,16934,16934,12727,12145,36326
1,661,660,1791065376498003,1791065376499865,1862,0,0,16732,16732,16732,12517,11888,35959
1,662,661,1791065376548003,1791065376550406,2403,0,1,16977,16977,16977,12642,12393,36582
1,663,662,1791065376598003,1791065376600734,2731,0,2,16850,16850,16850,12605,12329,36116
1,664,663,1791065376648003,1791065376650592,2589,0,3,16954,16954,16954,12701,11902,35722
1,665,664,1791065376698003,1791065376700243,2240,0,4,16812,16812,16812,12539,12264,36592
1,666,665,1791065376748003,1791065376750395,2392,0,5,16840,16840,16840,12617,12553,36305
1,667,666,1791065376798003,1791065376800177,2174,0,6,16741,16741,16741,12609,12094,35851
1,668,667,1791065376848003,1791065376849890,1887,0,7,16878,16878,16878,12724,12440,36452
1,669,668,1791065376898003,1791065376900080,2077,0,8,16971,16971,16971,12723,12477,36425
1,670,669,1791065376948003,1791065376950480,2477,0,9,16802,16802,16802,12678,12445,36334
1,671,670,1791065376998003,1791065377000535,2532,0,10,16824,16824,16824,12636,12516,35997
1,672,671,1791065377048003,1791065377050506,2503,0,11,16857,16857,16857,12616,12179,35794
1,673,672,1791065377098003,1791065377100439,2436,0,12,17012,17012,17012,12759,12305,36331
1,674,673,1791065377148003,1791065377150293,2290,0,13,16858,16858,16858,12697,12685,36360
1,675,674,1791065377198003,1791065377200196,2193,0,14,16882,16882,16882,12657,12384,35731
1,676,675,1791065377248003,1791065377250842,2839,0,15,16852,16852,16852,12701,12114,35925
1,677,676,1791065377298003,1791065377300574,2571,0,16,16993,16993,16993,12764,12581,36556
1,678,677,1791065377348003,1791065377354911,6908,0,17,16754,16754,16754,12567,12027,35384
1,679,678,1791065377398003,1791065377406196,8193,0,18,16977,16977,16977,12683,12342,36337
1,680,679,1791065377448003,1791065377452444,4441,0,19,16934,16934,16934,12614,12391,35848
1,681,680,1791065377498003,1791065377500065,2062,0,0,16732,16732,16732,12513,11981,34955
1,682,681,1791065377548003,1791065377550137,2134,0,1,16977,16977,16977,12834,12467,36284
1,683,682,1791065377598003,1791065377600121,2118,0,2,16850,16850,16850,12586,12100,35785
1,684,683,1791065377648003,1791065377650708,2705,0,3,16954,16954,16954,12728,12422,36222
1,685,684,1791065377698003,1791065377700426,2423,0,4,16812,16812,16812,12539,12250,35590
1,686,685,1791065377748003,1791065377750273,2270,0,5,16840,16840,16840,12597,12136,35496
1,687,686,1791065377798003,1791065377802297,4294,0,6,16741,16741,16741,12582,12193,35609
1,688,687,1791065377848003,1791065377849829,1826,0,7,16878,16878,16878,12742,12320,36520
1,689,688,1791065377898003,1791065377899990,1987,0,8,16971,16971,16971,12650,12412,36179
1,690,689,1791065377948003,1791065377950227,2224,0,9,16802,16802,16802,12606,12184,35608
1,691,690,1791065377998003,1791065378000606,2603,0,10,16824,16824,16824,12655,12319,35946
1,692,691,1791065378048003,1791065378050545,2542,0,11,16857,16857,16857,12659,12464,35992
1,693,692,1791065378098003,1791065378100079,2076,0,12,17012,17012,17012,12690,11770,35063
1,694,693,1791065378148003,1791065378150562,2559,0,13,16858,16858,16858,12688,12175,36584
1,695,694,1791065378198003,1791065378200483,2480,0,14,16882,16882,16882,12653,12138,35632
1,696,695,1791065378248003,1791065378250589,2586,0,15,16852,16852,16852,12599,12221,36098
1,697,696,1791065378298003,1791065378300378,2375,0,16,16993,16993,16993,12706,12193,35842
1,698,697,1791065378348003,1791065378350153,2150,0,17,16754,16754,16754,12651,12276,36056
1,699,698,1791065378398003,1791065378400091,2088,0,18,16977,16977,16977,12742,12055,35758
1,700,699,1791065378448003,1791065378450732,2729,0,19,16934,16934,16934,12740,12460,36457
1,701,700,1791065378498003,1791065378500799,2796,0,0,16732,16732,16732,12593,12437,35997
1,702,701,1791065378548003,1791065378551326,3323,0,1,16977,16977,16977,12771,12103,36109
1,703,702,1791065378598003,1791065378600747,2744,0,2,16850,16850,16850,12677,11915,35760
1,704,703,1791065378648003,1791065378650543,2540,0,3,16954,16954,16954,12849,12429,36961
1,705,704,1791065378698003,1791065378700465,2462,0,4,16812,16812,16812,12641,12429,36174
1,706,705,1791065378748003,1791065378750631,2628,0,5,16840,16840,16840,12720,12632,36500
1,707,706,1791065378798003,1791065378800485,2482,0,6,16741,16741,16741,12597,12309,35907
1,708,707,1791065378848003,1791065378850637,2634,0,7,16878,16878,16878,12621,12274,35933
1,709,708,1791065378898003,1791065378900168,2165,0,8,16971,16971,16971,12877,12637,36902
1,710,709,1791065378948003,1791065378950230,2227,0,9,16802,16802,16802,12663,12300,36356
1,711,710,1791065378998003,1791065379000617,2614,0,10,16824,16824,16824,12648,12505,36686
1,712,711,1791065379048003,1791065379050531,2528,0,11,16857,16857,16857,12632,12583,36551
1,713,712,1791065379098003,1791065379099983,1980,0,12,17012,17012,17012,12712,12188,36113
1,714,713,1791065379148003,1791065379149899,1896,0,13,16858,16858,16858,12685,12433,36733
1,715,714,1791065379198003,1791065379221720,23717,0,14,16882,16882,16882,12692,12420,36540
1,716,715,1791065379248003,1791065379267469,19466,0,15,16852,16852,16852,12721,12499,36539
1,717,716,1791065379298003,1791065379313671,15668,0,16,16993,16993,16993,12804,12440,36826
1,718,717,1791065379348003,1791065379357738,9735,0,17,16754,16754,16754,12623,12381,36690
1,719,718,1791065379398003,1791065379402148,4145,0,18,16977,16977,16977,12766,12600,37165
1,720,719,1791065379448003,1791065379450785,2782,0,19,16934,16934,16934,12699,12003,36479
1,721,720,1791065379498003,1791065379500197,2194,0,0,16732,16732,16732,12646,12091,36879
1,722,721,1791065379548003,1791065379549986,1983,0,1,16977,16977,16977,12746,12411,37345
1,723,722,1791065379598003,1791065379600774,2771,0,2,16850,16850,16850,12605,12261,36674
1,724,723,1791065379648003,1791065379650945,2942,0,3,16954,16954,16954,12666,12635,37226
1,725,724,1791065379698003,1791065379700489,2486,0,4,16812,16812,16812,12645,12476,37429
1,726,725,1791065379748003,1791065379750248,2245,0,5,16840,16840,16840,12553,12417,36638
1,727,726,1791065379798003,1791065379800815,2812,0,6,16741,16741,16741,12642,12089,36234
1,728,727,1791065379848003,1791065379850616,2613,0,7,16878,16878,16878,12645,12286,37003
1,729,728,1791065379898003,1791065379900095,2092,0,8,16971,16971,16971,12815,12517,37310
1,730,729,1791065379948003,1791065379950647,2644,0,9,16802,16802,16802,12619,12580,36945
1,731,730,1791065379998003,1791065379999989,1986,0,10,16824,16824,16824,12627,12329,36658
1,732,731,1791065380048003,1791065380050628,2625,0,11,16857,16857,16857,12619,12502,36738
1,733,732,1791065380098003,1791065380100841,2838,0,12,17012,17012,17012,12750,12504,36953
1,734,733,1791065380148003,1791065380150478,2475,0,13,16858,16858,16858,12668,12010,36261
1,735,734,1791065380198003,1791065380200806,2803,0,14,16882,16882,16882,12591,12229,36440
1,736,735,1791065380248003,1791065380250339,2336,0,15,16852,16852,16852,12716,12477,36698
1,737,736,1791065380298003,1791065380300880,2877,0,16,16993,16993,16993,12780,12727,37228
1,738,737,1791065380348003,1791065380350640,2637,0,17,16754,16754,16754,12588,12325,36898
1,739,738,1791065380398003,1791065380400127,2124,0,18,16977,16977,16977,12722,12085,36912
1,740,739,1791065380448003,1791065380450344,2341,0,19,16934,16934,16934,12710,12037,36751
1,741,740,1791065380498003,1791065380500231,2228,0,0,16732,16732,16732,12524,12028,36509
1,742,741,1791065380548003,1791065380550837,2834,0,1,16977,16977,16977,12770,12199,36703
1,743,742,1791065380598003,1791065380600646,2643,0,2,16850,16850,16850,12638,12325,37036
1,744,743,1791065380648003,1791065380650493,2490,0,3,16954,16954,16954,12756,12461,37286
1,745,744,1791065380698003,1791065380701678,3675,0,4,16812,16812,16812,12689,12483,37339
1,746,745,1791065380748003,1791065380750739,2736,0,5,16840,16840,16840,12688,12441,37078
1,747,746,1791065380798003,1791065380800505,2502,0,6,16741,16741,16741,12641,12476,36833
1,748,747,1791065380848003,1791065380850863,2860,0,7,16878,16878,16878,12612,12490,37317
1,749,748,1791065380898003,1791065380900783,2780,0,8,16971,16971,16971,12779,12484,37735
1,750,749,1791065380948003,1791065380950604,2601,0,9,16802,16802,16802,12574,12340,37241
1,751,750,1791065380998003,1791065381001737,3734,0,10,16824,16824,16824,12666,12406,37524
1,752,751,1791065381048003,1791065381050849,2846,0,11,16857,16857,16857,12609,12309,37187
1,753,752,1791065381098003,1791065381100114,2111,0,12,17012,17012,17012,12739,12472,37932
1,754,753,1791065381148003,1791065381150684,2681,0,13,16858,16858,16858,12609,12251,36781
1,755,754,1791065381198003,1791065381200015,2012,0,14,16882,16882,16882,12698,11668,36849
1,756,755,1791065381248003,1791065381250515,2512,0,15,16852,16852,16852,12621,12253,37946
1,757,756,1791065381298003,1791065381300446,2443,0,16,16993,16993,16993,12730,12636,38109
1,758,757,1791065381348003,1791065381350659,2656,0,17,16754,16754,16754,12535,12049,36687
1,759,758,1791065381398003,1791065381400221,2218,0,18,16977,16977,16977,12729,12453,37865
1,760,759,1791065381448003,1791065381450368,2365,0,19,16934,16934,16934,12733,12347,38042
1,761,760,1791065381498003,1791065381500660,2657,0,0,16732,16732,16732,12662,12652,38370
1,762,761,1791065381548003,1791065381550811,2808,0,1,16977,16977,16977,12856,12737,38789
1,763,762,1791065381598003,1791065381601283,3280,0,2,16850,16850,16850,12570,12447,38262
1,764,763,1791065381648003,1791065381650375,2372,0,3,16954,16954,16954,12801,12324,38494
1,765,764,1791065381698003,1791065381700708,2705,0,4,16812,16812,16812,12601,12233,38087
1,766,765,1791065381748003,1791065381749965,1962,0,5,16840,16840,16840,12614,12119,37506
1,767,766,1791065381798003,1791065381800740,2737,0,6,16741,16741,16741,12601,12337,37782
1,768,767,1791065381848003,1791065381850540,2537,0,7,16878,16878,16878,12602,12217,37690
1,769,768,1791065381898003,1791065381900312,2309,0,8,16971,16971,16971,12713,12384,37888
1,770,769,1791065381948003,1791065381950834,2831,0,9,16802,16802,16802,12614,12318,37619
1,771,770,1791065381998003,1791065382002244,4241,0,10,16824,16824,16824,12639,12275,37829
1,772,771,1791065382048003,1791065382050713,2710,0,11,16857,16857,16857,12712,12421,37932
1,773,772,1791065382098003,1791065382100591,2588,0,12,17012,17012,17012,12732,12470,37725
1,774,773,1791065382148003,1791065382149979,1976,0,13,16858,16858,16858,12751,12017,37683
1,775,774,1791065382198003,1791065382200738,2735,0,14,16882,16882,16882,12671,12142,38247
1,776,775,1791065382248003,1791065382251127,3124,0,15,16852,16852,16852,12656,11768,37879
1,777,776,1791065382298003,1791065382300419,2416,0,16,16993,16993,16993,12803,12403,39453
1,778,777,1791065382348003,1791065382349878,1875,0,17,16754,16754,16754,12582,12333,38670
1,779,778,1791065382398003,1791065382400763,2760,0,18,16977,16977,16977,12803,12181,38204
1,780,779,1791065382448003,1791065382450578,2575,0,19,16934,16934,16934,12740,12253,38903
1,781,780,1791065382498003,1791065382500638,2635,0,0,16732,16732,16732,12592,12491,38772
1,782,781,1791065382548003,1791065382550439,2436,0,1,16977,16977,16977,12698,11950,38478
1,783,782,1791065382598003,1791065382600664,2661,0,2,16850,16850,16850,12647,12322,38770
1,784,783,1791065382648003,1791065382650696,2693,0,3,16954,16954,16954,12783,12453,38730
1,785,784,1791065382698003,1791065382719175,21172,0,4,16812,16812,16812,12670,12614,38383
1,786,785,1791065382748003,1791065382767152,19149,0,5,16840,16840,16840,12719,12219,38372
1,787,786,1791065382798003,1791065382812339,14336,0,6,16741,16741,16741,12584,12396,38499
1,788,787,1791065382848003,1791065382857537,9534,0,7,16878,16878,16878,12509,12199,38419
1,789,788,1791065382898003,1791065382900690,2687,0,8,16971,16971,16971,12759,12139,38570
1,790,789,1791065382948003,1791065382950099,2096,0,9,16802,16802,16802,12553,12342,37996
1,791,790,1791065382998003,1791065383000500,2497,0,10,16824,16824,16824,12581,12363,38212
1,792,791,1791065383048003,1791065383050623,2620,0,11,16857,16857,16857,12654,12600,38727
1,793,792,1791065383098003,1791065383099977,1974,0,12,17012,17012,17012,12755,12505,38322
1,794,793,1791065383148003,1791065383150309,2306,0,13,16858,16858,16858,12571,12282,37602
1,795,794,1791065383198003,1791065383200706,2703,0,14,16882,16882,16882,12699,12262,38099
1,796,795,1791065383248003,1791065383250723,2720,0,15,16852,16852,16852,12684,12155,38332
1,797,796,1791065383298003,1791065383300689,2686,0,16,16993,16993,16993,12825,12220,39011
1,798,797,1791065383348003,1791065383350418,2415,0,17,16754,16754,16754,12581,12064,38168
1,799,798,1791065383398003,1791065383400465,2462,0,18,16977,16977,16977,12628,12394,38190
1,800,799,1791065383448003,1791065383450715,2712,0,19,16934,16934,16934,12737,12480,38291
1,801,800,1791065383498003,1791065383500106,2103,0,0,16732,16732,16732,12526,12136,37265
1,802,801,1791065383548003,1791065383550308,2305,0,1,16977,16977,16977,12717,12297,37685
1,803,802,1791065383598003,1791065383600148,2145,0,2,16850,16850,16850,12568,12305,37211
1,804,803,1791065383648003,1791065383649978,1975,0,3,16954,16954,16954,12734,12281,37294
1,805,804,1791065383698003,1791065383700167,2164,0,4,16812,16812,16812,12608,12398,36939
1,806,805,1791065383748003,1791065383750271,2268,0,5,16840,16840,16840,12649,12491,37241
1,807,806,1791065383798003,1791065383800552,2549,0,6,16741,16741,16741,12528,12259,36547
1,808,807,1791065383848003,1791065383850672,2669,0,7,16878,16878,16878,12645,12388,37036
1,809,808,1791065383898003,1791065383900621,2618,0,8,16971,16971,16971,12764,12303,37671
1,810,809,1791065383948003,1791065383949950,1947,0,9,16802,16802,16802,12644,12106,37485
1,811,810,1791065383998003,1791065384000666,2663,0,10,16824,16824,16824,12540,12177,37597
1,812,811,1791065384048003,1791065384050088,2085,0,11,16857,16857,16857,12586,12546,37616
1,813,812,1791065384098003,1791065384100615,2612,0,12,17012,17012,17012,12796,12284,37602
1,814,813,1791065384148003,1791065384150083,2080,0,13,16858,16858,16858,12663,12429,37656
1,815,814,1791065384198003,1791065384200517,2514,0,14,16882,16882,16882,12651,12004,37331
1,816,815,1791065384248003,1791065384250615,2612,0,15,16852,16852,16852,12688,11775,36849
1,817,816,1791065384298003,1791065384300786,2783,0,16,16993,16993,16993,12629,12149,37687
1,818,817,1791065384348003,1791065384350720,2717,0,17,16754,16754,16754,12564,12314,37120
1,819,818,1791065384398003,1791065384400114,2111,0,18,16977,16977,16977,12762,12231,37476
1,820,819,1791065384448003,1791065384450001,1998,0,19,16934,16934,16934,12729,12539,38110
1,821,820,1791065384498003,1791065384499841,1838,0,0,16732,16732,16732,12554,12374,37030
1,822,821,1791065384548003,1791065384550130,2127,0,1,16977,16977,16977,12797,12122,37313
1,823,822,1791065384598003,1791065384600872,2869,0,2,16850,16850,16850,12704,12637,37676
1,824,823,1791065384648003,1791065384650713,2710,0,3,16954,16954,16954,12726,12621,37411
1,825,824,1791065384698003,1791065384700513,2510,0,4,16812,16812,16812,12640,12198,36998
1,826,825,1791065384748003,1791065384750158,2155,0,5,16840,16840,16840,12622,12273,37005
1,827,826,1791065384798003,1791065384800426,2423,0,6,16741,16741,16741,12556,12389,36679
1,828,827,1791065384848003,1791065384850122,2119,0,7,16878,16878,16878,12722,12559,36983
1,829,828,1791065384898003,1791065384900309,2306,0,8,16971,16971,16971,12730,12185,36968
1,830,829,1791065384948003,1791065384950528,2525,0,9,16802,16802,16802,12614,12031,36785
1,831,830,1791065384998003,1791065385000608,2605,0,10,16824,16824,16824,12647,12404,37099
1,832,831,1791065385048003,1791065385050555,2552,0,11,16857,16857,16857,12674,12318,36726
1,833,832,1791065385098003,1791065385100222,2219,0,12,17012,17012,17012,12772,12609,37078
1,834,833,1791065385148003,1791065385150597,2594,0,13,16858,16858,16858,12633,11893,36273
1,835,834,1791065385198003,1791065385200216,2213,0,14,16882,16882,16882,12625,12455,37456
1,836,835,1791065385248003,1791065385250466,2463,0,15,16852,16852,16852,12611,12302,36567
1,837,836,1791065385298003,1791065385299911,1908,0,16,16993,16993,16993,12751,12389,37073
1,838,837,1791065385348003,1791065385350885,2882,0,17,16754,16754,16754,12606,12303,36640
1,839,838,1791065385398003,1791065385400353,2350,0,18,16977,16977,16977,12716,12401,36848
1,840,839,1791065385448003,1791065385450423,2420,0,19,16934,16934,16934,12810,12769,37623
1,841,840,1791065385498003,1791065385500367,2364,0,0,16732,16732,16732,12556,11785,35949
1,842,841,1791065385548003,1791065385550273,2270,0,1,16977,16977,16977,12744,12454,37563
1,843,842,1791065385598003,1791065385600631,2628,0,2,16850,16850,16850,12593,12410,36361
1,844,843,1791065385648003,1791065385650554,2551,0,3,16954,16954,16954,12705,12295,36571
1,845,844,1791065385698003,1791065385700200,2197,0,4,16812,16812,16812,12622,12395,36517
1,846,845,1791065385748003,1791065385750756,2753,0,5,16840,16840,16840,12778,12118,36628
1,847,846,1791065385798003,1791065385800388,2385,0,6,16741,16741,16741,12552,12184,36696
1,848,847,1791065385848003,1791065385850838,2835,0,7,16878,16878,16878,12687,12366,36895
1,849,848,1791065385898003,1791065385900287,2284,0,8,16971,16971,16971,12764,12623,37259
1,850,849,1791065385948003,1791065385949869,1866,0,9,16802,16802,16802,12587,12361,36813
1,851,850,1791065385998003,1791065386000755,2752,0,10,16824,16824,16824,12563,12542,36962
1,852,851,1791065386048003,1791065386050007,2004,0,11,16857,16857,16857,12606,12290,36818
1,853,852,1791065386098003,1791065386100514,2511,0,12,17012,17012,17012,12812,12581,37331
1,854,853,1791065386148003,1791065386150706,2703,0,13,16858,16858,16858,12694,12311,37296
1,855,854,1791065386198003,1791065386200827,2824,0,14,16882,16882,16882,12726,12586,37625
1,856,855,1791065386248003,1791065386250446,2443,0,15,16852,16852,16852,12590,12147,36589
1,857,856,1791065386298003,1791065386300701,2698,0,16,16993,16993,16993,12791,12719,37541
1,858,857,1791065386348003,1791065386350043,2040,0,17,16754,16754,16754,12683,12087,36848
1,859,858,1791065386398003,1791065386400588,2585,0,18,16977,16977,16977,12747,12619,37279
1,860,859,1791065386448003,1791065386450628,2625,0,19,16934,16934,16934,12741,12393,36907
1,861,860,1791065386498003,1791065386500514,2511,0,0,16732,16732,16732,12610,12404,36783
1,862,861,1791065386548003,1791065386549980,1977,0,1,16977,16977,16977,12697,12002,36419
1,863,862,1791065386598003,1791065386600123,2120,0,2,16850,16850,16850,12683,12059,36297
1,864,863,1791065386648003,1791065386650382,2379,0,3,16954,16954,16954,12759,12134,36468
1,865,864,1791065386698003,1791065386699966,1963,0,4,16812,16812,16812,12608,12127,36499
1,866,865,1791065386748003,1791065386749878,1875,0,5,16840,16840,16840,12595,12493,36611
1,867,866,1791065386798003,1791065386800464,2461,0,6,16741,16741,16741,12508,12017,35912
1,868,867,1791065386848003,1791065386850741,2738,0,7,16878,16878,16878,12688,12621,36676
1,869,868,1791065386898003,1791065386900277,2274,0,8,16971,16971,16971,12792,12522,36659
1,870,869,1791065386948003,1791065386949947,1944,0,9,16802,16802,16802,12614,12579,36371
1,871,870,1791065386998003,1791065387000610,2607,0,10,16824,16824,16824,12587,12042,36051
1,872,871,1791065387048003,1791065387050513,2510,0,11,16857,16857,16857,12685,12452,36567
1,873,872,1791065387098003,1791065387100513,2510,0,12,17012,17012,17012,12706,12287,36523
1,874,873,1791065387148003,1791065387150731,2728,0,13,16858,16858,16858,12695,12477,36630
1,875,874,1791065387198003,1791065387199953,1950,0,14,16882,16882,16882,12708,12277,36288
1,876,875,1791065387248003,1791065387250693,2690,0,15,16852,16852,16852,12665,12617,36384
1,877,876,1791065387298003,1791065387300050,2047,0,16,16993,16993,16993,12686,12540,36529
1,878,877,1791065387348003,1791065387350015,2012,0,17,16754,16754,16754,12659,12493,36458
1,879,878,1791065387398003,1791065387400379,2376,0,18,16977,16977,16977,12703,12455,36288
1,880,879,1791065387448003,1791065387450175,2172,0,19,16934,16934,16934,12671,12385,36300
1,881,880,1791065387498003,1791065387499949,1946,0,0,16732,16732,16732,12562,12219,35837
1,882,881,1791065387548003,1791065387550610,2607,0,1,16977,16977,16977,12740,12729,36500
1,883,882,1791065387598003,1791065387600440,2437,0,2,16850,16850,16850,12705,12476,36201
1,884,883,1791065387648003,1791065387649839,1836,0,3,16954,16954,16954,12792,12554,36197
1,885,884,1791065387698003,1791065387700329,2326,0,4,16812,16812,16812,12711,12532,36202
1,886,885,1791065387748003,1791065387750943,2940,0,5,16840,16840,16840,12644,12391,35783
1,887,886,1791065387798003,1791065387799900,1897,0,6,16741,16741,16741,12619,12031,35695
1,888,887,1791065387848003,1791065387850532,2529,0,7,16878,16878,16878,12686,12296,36252
1,889,888,1791065387898003,1791065387900064,2061,0,8,16971,16971,16971,12777,12549,36712
1,890,889,1791065387948003,1791065387949843,1840,0,9,16802,16802,16802,12639,12571,36491
1,891,890,1791065387998003,1791065388001683,3680,0,10,16824,16824,16824,12576,12349,36376
1,892,891,1791065388048003,1791065388055844,7841,0,11,16857,16857,16857,12592,12405,36295
1,893,892,1791065388098003,1791065388100660,2657,0,12,17012,17012,17012,12773,12314,36475
1,894,893,1791065388148003,1791065388150198,2195,0,13,16858,16858,16858,12632,12495,36192
1,895,894,1791065388198003,1791065388200639,2636,0,14,16882,16882,16882,12652,12177,36395
1,896,895,1791065388248003,1791065388250370,2367,0,15,16852,16852,16852,12573,12121,35923
1,897,896,1791065388298003,1791065388300149,2146,0,16,16993,16993,16993,12759,12432,36497
1,898,897,1791065388348003,1791065388350064,2061,0,17,16754,16754,16754,12673,12538,36408
1,899,898,1791065388398003,1791065388400712,2709,0,18,16977,16977,16977,12729,12217,36295
1,900,899,1791065388448003,1791065388450168,2165,0,19,16934,16934,16934,12828,12495,36901
1,901,900,1791065388498003,1791065388500784,2781,0,0,16732,16732,16732,12623,12025,35730
1,902,901,1791065388548003,1791065388550307,2304,0,1,16977,16977,16977,12760,12548,36912
1,903,902,1791065388598003,1791065388600412,2409,0,2,16850,16850,16850,12558,12389,36139
1,904,903,1791065388648003,1791065388649946,1943,0,3,16954,16954,16954,12781,12380,36619
1,905,904,1791065388698003,1791065388700325,2322,0,4,16812,16812,16812,12655,12229,36279
1,906,905,1791065388748003,1791065388750556,2553,0,5,16840,16840,16840,12648,12496,36233
1,907,906,1791065388798003,1791065388800776,2773,0,6,16741,16741,16741,12648,12590,36148
1,908,907,1791065388848003,1791065388849951,1948,0,7,16878,16878,16878,12574,12394,36086
1,909,908,1791065388898003,1791065388900315,2312,0,8,16971,16971,16971,12751,12535,36487
1,910,909,1791065388948003,1791065388950790,2787,0,9,16802,16802,16802,12627,12186,36047
1,911,910,1791065388998003,1791065389000595,2592,0,10,16824,16824,16824,12670,12502,36305
1,912,911,1791065389048003,1791065389050517,2514,0,11,16857,16857,16857,12652,12498,36195
1,913,912,1791065389098003,1791065389100558,2555,0,12,17012,17012,17012,12899,12707,37033
1,914,913,1791065389148003,1791065389150408,2405,0,13,16858,16858,16858,12644,11961,35748
1,915,914,1791065389198003,1791065389200543,2540,0,14,16882,16882,16882,12599,12007,36290
1,916,915,1791065389248003,1791065389249898,1895,0,15,16852,16852,16852,12708,11870,36028
1,917,916,1791065389298003,1791065389300478,2475,0,16,16993,16993,16993,12742,12411,36964
1,918,917,1791065389348003,1791065389350846,2843,0,17,16754,16754,16754,12548,12139,36317
1,919,918,1791065389398003,1791065389400578,2575,0,18,16977,16977,16977,12717,12376,37140
1,920,919,1791065389448003,1791065389450834,2831,0,19,16934,16934,16934,12735,12449,37260
1,921,920,1791065389498003,1791065389500036,2033,0,0,16732,16732,16732,12562,12527,36939
1,922,921,1791065389548003,1791065389550199,2196,0,1,16977,16977,16977,12835,12676,37194
1,923,922,1791065389598003,1791065389600295,2292,0,2,16850,16850,16850,12553,12254,36462
1,924,923,1791065389648003,1791065389650746,2743,0,3,16954,16954,16954,12708,12631,37420
1,925,924,1791065389698003,1791065389700235,2232,0,4,16812,16812,16812,12632,12382,37073
1,926,925,1791065389748003,1791065389750886,2883,0,5,16840,16840,16840,12669,12030,36673
1,927,926,1791065389798003,1791065389800377,2374,0,6,16741,16741,16741,12619,12056,36847
1,928,927,1791065389848003,1791065389850423,2420,0,7,16878,16878,16878,12651,12404,37619
1,929,928,1791065389898003,1791065389900204,2201,0,8,16971,16971,16971,12709,12480,37926
1,930,929,1791065389948003,1791065389950645,2642,0,9,16802,16802,16802,12701,12409,37666
1,931,930,1791065389998003,1791065390000575,2572,0,10,16824,16824,16824,12636,11705,37238
1,932,931,1791065390048003,1791065390049975,1972,0,11,16857,16857,16857,12655,12437,38855
1,933,932,1791065390098003,1791065390099825,1822,0,12,17012,17012,17012,12690,12411,38736
1,934,933,1791065390148003,1791065390150329,2326,0,13,16858,16858,16858,12667,12032,38098
1,935,934,1791065390198003,1791065390200424,2421,0,14,16882,16882,16882,12641,12469,39311
1,936,935,1791065390248003,1791065390250621,2618,0,15,16852,16852,16852,12661,12040,39047
1,937,936,1791065390298003,1791065390300165,2162,0,16,16993,16993,16993,12814,12699,40346
1,938,937,1791065390348003,1791065390350364,2361,0,17,16754,16754,16754,12537,12368,38972
1,939,938,1791065390398003,1791065390400380,2377,0,18,16977,16977,16977,12787,12394,39444
1,940,939,1791065390448003,1791065390450589,2586,0,19,16934,16934,16934,12677,12633,39624
1,941,940,1791065390498003,1791065390500569,2566,0,0,16732,16732,16732,12568,12274,39318
1,942,941,1791065390548003,1791065390550867,2864,0,1,16977,16977,16977,12737,12322,39343
1,943,942,1791065390598003,1791065390600473,2470,0,2,16850,16850,16850,12598,12327,38998
1,944,943,1791065390648003,1791065390650505,2502,0,3,16954,16954,16954,12788,12448,39311
1,945,944,1791065390698003,1791065390700342,2339,0,4,16812,16812,16812,12572,12540,38614
1,946,945,1791065390748003,1791065390750600,2597,0,5,16840,16840,16840,12556,12251,38237
1,947,946,1791065390798003,1791065390800563,2560,0,6,16741,16741,16741,12578,12431,38756
1,948,947,1791065390848003,1791065390850101,2098,0,7,16878,16878,16878,12644,12476,39521
1,949,948,1791065390898003,1791065390900723,2720,0,8,16971,16971,16971,12686,12412,39490
1,950,949,1791065390948003,1791065390950043,2040,0,9,16802,16802,16802,12633,12273,39571
1,951,950,1791065390998003,1791065390999889,1886,0,10,16824,16824,16824,12576,12442,39725
1,952,951,1791065391048003,1791065391050081,2078,0,11,16857,16857,16857,12675,12581,39961
1,953,952,1791065391098003,1791065391100023,2020,0,12,17012,17012,17012,12800,12651,40803
1,954,953,1791065391148003,1791065391150741,2738,0,13,16858,16858,16858,12668,11932,39778
1,955,954,1791065391198003,1791065391226063,28060,0,14,16882,16882,16882,12749,12383,41168
1,956,955,1791065391248003,1791065391268581,20578,0,15,16852,16852,16852,12780,12373,40487
1,957,956,1791065391298003,1791065391316460,18457,0,16,16993,16993,16993,12838,12678,41320
1,958,957,1791065391348003,1791065391364902,16899,0,17,16754,16754,16754,12616,12049,40078
1,959,958,1791065391398003,1791065391409178,11175,0,18,16977,16977,16977,12790,12319,40526
1,960,959,1791065391448003,1791065391457270,9267,0,19,16934,16934,16934,12699,12678,40651
1,961,960,1791065391498003,1791065391507304,9301,0,0,16732,16732,16732,12635,12394,40450
1,962,961,1791065391548003,1791065391553570,5567,0,1,16977,16977,16977,12787,12275,40556
1,963,962,1791065391598003,1791065391601871,3868,0,2,16850,16850,16850,12675,12009,39794
1,964,963,1791065391648003,1791065391650089,2086,0,3,16954,16954,16954,12767,12464,40308
1,965,964,1791065391698003,1791065391699991,1988,0,4,16812,16812,16812,12640,12051,39289
1,966,965,1791065391748003,1791065391750250,2247,0,5,16840,16840,16840,12655,12377,39232
1,967,966,1791065391798003,1791065391800054,2051,0,6,16741,16741,16741,12657,12274,39295
1,968,967,1791065391848003,1791065391850378,2375,0,7,16878,16878,16878,12785,12550,40158
1,969,968,1791065391898003,1791065391899949,1946,0,8,16971,16971,16971,12762,12499,39712
1,970,969,1791065391948003,1791065391950467,2464,0,9,16802,16802,16802,12530,12377,39505
1,971,970,1791065391998003,1791065392001081,3078,0,10,16824,16824,16824,12673,12246,40051
1,972,971,1791065392048003,1791065392050660,2657,0,11,16857,16857,16857,12627,12478,40166
1,973,972,1791065392098003,1791065392100306,2303,0,12,17012,17012,17012,12744,12450,40916
1,974,973,1791065392148003,1791065392150869,2866,0,13,16858,16858,16858,12552,12228,39699
1,975,974,1791065392198003,1791065392200015,2012,0,14,16882,16882,16882,12619,12232,40388
1,976,975,1791065392248003,1791065392249803,1800,0,15,16852,16852,16852,12755,12700,40850
1,977,976,1791065392298003,1791065392300375,2372,0,16,16993,16993,16993,12788,12701,41129
1,978,977,1791065392348003,1791065392350016,2013,0,17,16754,16754,16754,12538,11941,39428
1,979,978,1791065392398003,1791065392400893,2890,0,18,16977,16977,16977,12724,12360,40221
1,980,979,1791065392448003,1791065392450628,2625,0,19,16934,16934,16934,12686,12196,39163
1,981,980,1791065392498003,1791065392501086,3083,0,0,16732,16732,16732,12495,12116,39246
1,982,981,1791065392548003,1791065392550327,2324,0,1,16977,16977,16977,12742,12011,39498
1,983,982,1791065392598003,1791065392600050,2047,0,2,16850,16850,16850,12632,12534,39507
1,984,983,1791065392648003,1791065392650153,2150,0,3,16954,16954,16954,12734,12201,39141
1,985,984,1791065392698003,1791065392700576,2573,0,4,16812,16812,16812,12681,12271,39055
1,986,985,1791065392748003,1791065392750573,2570,0,5,16840,16840,16840,12671,12023,38621
1,987,986,1791065392798003,1791065392800513,2510,0,6,16741,16741,16741,12506,12304,39217
1,988,987,1791065392848003,1791065392850577,2574,0,7,16878,16878,16878,12586,12135,39406
1,989,988,1791065392898003,1791065392900769,2766,0,8,16971,16971,16971,12795,12432,40705
1,990,989,1791065392948003,1791065392950441,2438,0,9,16802,16802,16802,12697,12430,40473
1,991,990,1791065392998003,1791065392999932,1929,0,10,16824,16824,16824,12568,12264,39608
1,992,991,1791065393048003,1791065393050763,2760,0,11,16857,16857,16857,12645,12456,40302
1,993,992,1791065393098003,1791065393100507,2504,0,12,17012,17012,17012,12771,12261,40801
1,994,993,1791065393148003,1791065393150613,2610,0,13,16858,16858,16858,12774,12396,41501
1,995,994,1791065393198003,1791065393200499,2496,0,14,16882,16882,16882,12635,12272,41020
1,996,995,1791065393248003,1791065393250863,2860,0,15,16852,16852,16852,12652,12074,40775
1,997,996,1791065393298003,1791065393299852,1849,0,16,16993,16993,16993,12820,12230,41813
1,998,997,1791065393348003,1791065393350180,2177,0,17,16754,16754,16754,12607,12337,40755
1,999,998,1791065393398003,1791065393400168,2165,0,18,16977,16977,16977,12705,12480,41116
1,1000,999,1791065393448003,1791065393450519,2516,0,19,16934,16934,16934,12807,12034,40643
1,1001,1000,1791065393498003,1791065393500263,2260,0,0,16732,16732,16732,12708,12124,41199
1,1002,1001,1791065393548003,1791065393550208,2205,0,1,16977,16977,16977,12756,12243,41111
1,1003,1002,1791065393598003,1791065393600655,2652,0,2,16850,16850,16850,12695,12365,40931
1,1004,1003,1791065393648003,1791065393650173,2170,0,3,16954,16954,16954,12767,12337,40644
1,1005,1004,1791065393698003,1791065393700620,2617,0,4,16812,16812,16812,12612,12022,39796
1,1006,1005,1791065393748003,1791065393750621,2618,0,5,16840,16840,16840,12646,12002,39622
1,1007,1006,1791065393798003,1791065393800263,2260,0,6,16741,16741,16741,12664,12302,40120
1,1008,1007,1791065393848003,1791065393850577,2574,0,7,16878,16878,16878,12654,12425,39704
1,1009,1008,1791065393898003,1791065393900222,2219,0,8,16971,16971,16971,12741,12570,40128
1,1010,1009,1791065393948003,1791065393950579,2576,0,9,16802,16802,16802,12616,12153,39975
1,1011,1010,1791065393998003,1791065394000376,2373,0,10,16824,16824,16824,12520,11934,39979
1,1012,1011,1791065394048003,1791065394050485,2482,0,11,16857,16857,16857,12792,12421,41263
1,1013,1012,1791065394098003,1791065394100166,2163,0,12,17012,17012,17012,13014,12430,42161
1,1014,1013,1791065394148003,1791065394150090,2087,0,13,16858,16858,16858,12751,12079,40881
1,1015,1014,1791065394198003,1791065394200077,2074,0,14,16882,16882,16882,12765,11961,41323
1,1016,1015,1791065394248003,1791065394250539,2536,0,15,16852,16852,16852,12740,12150,40876
1,1017,1016,1791065394298003,1791065394300444,2441,0,16,16993,16993,16993,12899,12554,42110
1,1018,1017,1791065394348003,1791065394350819,2816,0,17,16754,16754,16754,12637,11755,40563
1,1019,1018,1791065394398003,1791065394400771,2768,0,18,16977,16977,16977,12901,12370,42227
1,1020,1019,1791065394448003,1791065394450481,2478,0,19,16934,16934,16934,12815,12151,41653
1,1021,1020,1791065394498003,1791065394500097,2094,0,0,16732,16732,16732,12735,12110,41911
1,1022,1021,1791065394548003,1791065394549992,1989,0,1,16977,16977,16977,12948,12317,42283
1,1023,1022,1791065394598003,1791065394600861,2858,0,2,16850,16850,16850,12773,12639,41708
1,1024,1023,1791065394648003,1791065394650540,2537,0,3,16954,16954,16954,12750,12210,41697
1,1025,1024,1791065394698003,1791065394700185,2182,0,4,16812,16812,16812,12781,12142,41300
1,1026,1025,1791065394748003,1791065394750368,2365,0,5,16840,16840,16840,12643,12015,40508
1,1027,1026,1791065394798003,1791065394800278,2275,0,6,16741,16741,16741,12591,12188,40560
1,1028,1027,1791065394848003,1791065394850747,2744,0,7,16878,16878,16878,12686,12269,40842
1,1029,1028,1791065394898003,1791065394900374,2371,0,8,16971,16971,16971,12918,12584,41696
1,1030,1029,1791065394948003,1791065394950496,2493,0,9,16802,16802,16802,12583,12267,40467
1,1031,1030,1791065394998003,1791065395000843,2840,0,10,16824,16824,16824,12609,12311,40414
1,1032,1031,1791065395048003,1791065395050803,2800,0,11,16857,16857,16857,12725,12695,41282
1,1033,1032,1791065395098003,1791065395100806,2803,0,12,17012,17012,17012,12896,12765,41786
1,1034,1033,1791065395148003,1791065395150471,2468,0,13,16858,16858,16858,12674,12257,40474
1,1035,1034,1791065395198003,1791065395199979,1976,0,14,16882,16882,16882,12846,12547,41411
1,1036,1035,1791065395248003,1791065395250334,2331,0,15,16852,16852,16852,12643,12063,40253
1,1037,1036,1791065395298003,1791065395299957,1954,0,16,16993,16993,16993,12761,12652,41489
1,1038,1037,1791065395348003,1791065395350014,2011,0,17,16754,16754,16754,12703,11944,40659
1,1039,1038,1791065395398003,1791065395400565,2562,0,18,16977,16977,16977,12807,12576,41678
1,1040,1039,1791065395448003,1791065395450591,2588,0,19,16934,16934,16934,12782,12755,41562
1,1041,1040,1791065395498003,1791065395500759,2756,0,0,16732,16732,16732,12606,12556,41213
1,1042,1041,1791065395548003,1791065395550430,2427,0,1,16977,16977,16977,12786,12157,40905
1,1043,1042,1791065395598003,1791065395599892,1889,0,2,16850,16850,16850,12595,12343,40898
1,1044,1043,1791065395648003,1791065395649845,1842,0,3,16954,16954,16954,12826,12402,41429
1,1045,1044,1791065395698003,1791065395700658,2655,0,4,16812,16812,16812,12629,11922,40034
1,1046,1045,1791065395748003,1791065395750481,2478,0,5,16840,16840,16840,12636,12363,40477
1,1047,1046,1791065395798003,1791065395800782,2779,0,6,16741,16741,16741,12508,11984,39394
1,1048,1047,1791065395848003,1791065395850155,2152,0,7,16878,16878,16878,12867,12405,40984
1,1049,1048,1791065395898003,1791065395900404,2401,0,8,16971,16971,16971,12812,12282,40320
1,1050,1049,1791065395948003,1791065395950390,2387,0,9,16802,16802,16802,12635,11951,40083
1,1051,1050,1791065395998003,1791065396000206,2203,0,10,16824,16824,16824,12646,12507,40941
1,1052,1051,1791065396048003,1791065396050096,2093,0,11,16857,16857,16857,12760,12279,40642
1,1053,1052,1791065396098003,1791065396100344,2341,0,12,17012,17012,17012,12853,12471,41618
1,1054,1053,1791065396148003,1791065396150050,2047,0,13,16858,16858,16858,12803,12442,41616
1,1055,1054,1791065396198003,1791065396200592,2589,0,14,16882,16882,16882,12793,12264,41400
1,1056,1055,1791065396248003,1791065396250187,2184,0,15,16852,16852,16852,12727,12049,41054
1,1057,1056,1791065396298003,1791065396300120,2117,0,16,16993,16993,16993,12901,11958,41947
1,1058,1057,1791065396348003,1791065396350626,2623,0,17,16754,16754,16754,12614,12154,41097
1,1059,1058,1791065396398003,1791065396400391,2388,0,18,16977,16977,16977,12723,12492,40985
1,1060,1059,1791065396448003,1791065396450856,2853,0,19,16934,16934,16934,12802,12245,41455
1,1061,1060,1791065396498003,1791065396500307,2304,0,0,16732,16732,16732,12672,11907,41154
1,1062,1061,1791065396548003,1791065396550043,2040,0,1,16977,16977,16977,12862,12637,41942
1,1063,1062,1791065396598003,1791065396600375,2372,0,2,16850,16850,16850,12701,11982,40971
1,1064,1063,1791065396648003,1791065396650560,2557,0,3,16954,16954,16954,12802,12684,41652
1,1065,1064,1791065396698003,1791065396700368,2365,0,4,16812,16812,16812,12641,12098,40631
1,1066,1065,1791065396748003,1791065396750313,2310,0,5,16840,16840,16840,12775,12714,41737
1,1067,1066,1791065396798003,1791065396800890,2887,0,6,16741,16741,16741,12557,12454,40916
1,1068,1067,1791065396848003,1791065396850196,2193,0,7,16878,16878,16878,12774,12443,41208
1,1069,1068,1791065396898003,1791065396900417,2414,0,8,16971,16971,16971,12685,12338,41023
1,1070,1069,1791065396948003,1791065396950409,2406,0,9,16802,16802,16802,12660,12328,40592
1,1071,1070,1791065396998003,1791065397000192,2189,0,10,16824,16824,16824,12707,12332,40921
1,1072,1071,1791065397048003,1791065397049825,1822,0,11,16857,16857,16857,12804,12520,41689
1,1073,1072,1791065397098003,1791065397099950,1947,0,12,17012,17012,17012,12758,12372,41986
1,1074,1073,1791065397148003,1791065397150634,2631,0,13,16858,16858,16858,12793,12406,41390
1,1075,1074,1791065397198003,1791065397199865,1862,0,14,16882,16882,16882,12697,12224,41296
1,1076,1075,1791065397248003,1791065397250562,2559,0,15,16852,16852,16852,12766,11974,40852
1,1077,1076,1791065397298003,1791065397300049,2046,0,16,16993,16993,16993,12954,12799,42755
1,1078,1077,1791065397348003,1791065397350358,2355,0,17,16754,16754,16754,12703,12066,41409
1,1079,1078,1791065397398003,1791065397400567,2564,0,18,16977,16977,16977,12800,12638,42172
1,1080,1079,1791065397448003,1791065397449855,1852,0,19,16934,16934,16934,12798,12127,41575
1,1081,1080,1791065397498003,1791065397500871,2868,0,0,16732,16732,16732,12751,12145,42126
1,1082,1081,1791065397548003,1791065397549949,1946,0,1,16977,16977,16977,12865,12173,41816
1,1083,1082,1791065397598003,1791065397599955,1952,0,2,16850,16850,16850,12697,12074,41068
1,1084,1083,1791065397648003,1791065397650217,2214,0,3,16954,16954,16954,12711,12704,41343
1,1085,1084,1791065397698003,1791065397700739,2736,0,4,16812,16812,16812,12626,12012,40544
1,1086,1085,1791065397748003,1791065397750554,2551,0,5,16840,16840,16840,12661,12243,40649
1,1087,1086,1791065397798003,1791065397800326,2323,0,6,16741,16741,16741,12575,12453,40759
1,1088,1087,1791065397848003,1791065397850544,2541,0,7,16878,16878,16878,12713,12672,41488
1,1089,1088,1791065397898003,1791065397900336,2333,0,8,16971,16971,16971,12861,12727,41505
1,1090,1089,1791065397948003,1791065397950866,2863,0,9,16802,16802,16802,12701,12084,40846
1,1091,1090,1791065397998003,1791065398000258,2255,0,10,16824,16824,16824,12684,12230,40653
1,1092,1091,1791065398048003,1791065398050583,2580,0,11,16857,16857,16857,12649,12466,40497
1,1093,1092,1791065398098003,1791065398100332,2329,0,12,17012,17012,17012,12769,12620,41031
1,1094,1093,1791065398148003,1791065398150327,2324,0,13,16858,16858,16858,12627,12572,39560
1,1095,1094,1791065398198003,1791065398200090,2087,0,14,16882,16882,16882,12621,12239,39587
1,1096,1095,1791065398248003,1791065398250280,2277,0,15,16852,16852,16852,12681,12292,39536
1,1097,1096,1791065398298003,1791065398300663,2660,0,16,16993,16993,16993,12828,12693,40241
1,1098,1097,1791065398348003,1791065398349960,1957,0,17,16754,16754,16754,12670,12482,39287
1,1099,1098,1791065398398003,1791065398400599,2596,0,18,16977,16977,16977,12688,12070,39162
1,1100,1099,1791065398448003,1791065398450681,2678,0,19,16934,16934,16934,12658,12135,39675
1,1101,1100,1791065398498003,1791065398500066,2063,0,0,16732,16732,16732,12599,11894,39334
1,1102,1101,1791065398548003,1791065398550045,2042,0,1,16977,16977,16977,12779,12728,40059
1,1103,1102,1791065398598003,1791065398599964,1961,0,2,16850,16850,16850,12640,11970,39303
1,1104,1103,1791065398648003,1791065398650006,2003,0,3,16954,16954,16954,12759,12324,39644
1,1105,1104,1791065398698003,1791065398700806,2803,0,4,16812,16812,16812,12681,12442,39530
1,1106,1105,1791065398748003,1791065398750845,2842,0,5,16840,16840,16840,12636,12055,38415
1,1107,1106,1791065398798003,1791065398800427,2424,0,6,16741,16741,16741,12559,12214,39276
1,1108,1107,1791065398848003,1791065398850809,2806,0,7,16878,16878,16878,12691,12404,39672
1,1109,1108,1791065398898003,1791065398899949,1946,0,8,16971,16971,16971,12767,12351,39691
1,1110,1109,1791065398948003,1791065398950619,2616,0,9,16802,16802,16802,12689,12025,38854
1,1111,1110,1791065398998003,1791065399000870,2867,0,10,16824,16824,16824,12660,12402,39514
1,1112,1111,1791065399048003,1791065399050525,2522,0,11,16857,16857,16857,12652,12326,38832
1,1113,1112,1791065399098003,1791065399100376,2373,0,12,17012,17012,17012,12815,12368,39132
1,1114,1113,1791065399148003,1791065399149911,1908,0,13,16858,16858,16858,12612,12399,39260
1,1115,1114,1791065399198003,1791065399200144,2141,0,14,16882,16882,16882,12703,12553,39409
1,1116,1115,1791065399248003,1791065399250553,2550,0,15,16852,16852,16852,12733,12344,38934
1,1117,1116,1791065399298003,1791065399300583,2580,0,16,16993,16993,16993,12768,12664,39703
1,1118,1117,1791065399348003,1791065399350256,2253,0,17,16754,16754,16754,12470,11632,37636
1,1119,1118,1791065399398003,1791065399400059,2056,0,18,16977,16977,16977,12748,12432,39026
1,1120,1119,1791065399448003,1791065399450219,2216,0,19,16934,16934,16934,12669,12276,38654
1,1121,1120,1791065399498003,1791065399499971,1968,0,0,16732,16732,16732,12541,12500,38208
1,1122,1121,1791065399548003,1791065399549943,1940,0,1,16977,16977,16977,12847,12145,38656
1,1123,1122,1791065399598003,1791065399600154,2151,0,2,16850,16850,16850,12696,12365,38894
1,1124,1123,1791065399648003,1791065399650582,2579,0,3,16954,16954,16954,12801,12671,38813
1,1125,1124,1791065399698003,1791065399700716,2713,0,4,16812,16812,16812,12568,11910,37441
1,1126,1125,1791065399748003,1791065399749980,1977,0,5,16840,16840,16840,12680,12461,38484
1,1127,1126,1791065399798003,1791065399799909,1906,0,6,16741,16741,16741,12500,12006,37774
1,1128,1127,1791065399848003,1791065399850494,2491,0,7,16878,16878,16878,12603,12078,38232
1,1129,1128,1791065399898003,1791065399900266,2263,0,8,16971,16971,16971,12640,12267,38300
1,1130,1129,1791065399948003,1791065399950148,2145,0,9,16802,16802,16802,12639,12058,37785
1,1131,1130,1791065399998003,1791065399999970,1967,0,10,16824,16824,16824,12525,11988,37559
1,1132,1131,1791065400048003,1791065400050090,2087,0,11,16857,16857,16857,12691,11861,38131
1,1133,1132,1791065400098003,1791065400100088,2085,0,12,17012,17012,17012,12820,12353,38716
1,1134,1133,1791065400148003,1791065400150453,2450,0,13,16858,16858,16858,12660,12059,38054
1,1135,1134,1791065400198003,1791065400200377,2374,0,14,16882,16882,16882,12743,12313,39155
1,1136,1135,1791065400248003,1791065400250615,2612,0,15,16852,16852,16852,12662,11734,37943
1,1137,1136,1791065400298003,1791065400300237,2234,0,16,16993,16993,16993,12715,12100,39209
1,1138,1137,1791065400348003,1791065400350423,2420,0,17,16754,16754,16754,12428,12190,38286
1,1139,1138,1791065400398003,1791065400400026,2023,0,18,16977,16977,16977,12799,12557,38796
1,1140,1139,1791065400448003,1791065400450113,2110,0,19,16934,16934,16934,12728,12591,39140
1,1141,1140,1791065400498003,1791065400500035,2032,0,0,16732,16732,16732,12640,11743,37995
1,1142,1141,1791065400548003,1791065400549980,1977,0,1,16977,16977,16977,12795,12093,38750
1,1143,1142,1791065400598003,1791065400600810,2807,0,2,16850,16850,16850,12517,12426,38244
1,1144,1143,1791065400648003,1791065400650205,2202,0,3,16954,16954,16954,12762,12269,38132
1,1145,1144,1791065400698003,1791065400700111,2108,0,4,16812,16812,16812,12721,12608,38463
1,1146,1145,1791065400748003,1791065400750652,2649,0,5,16840,16840,16840,12597,12062,37673
1,1147,1146,1791065400798003,1791065400800456,2453,0,6,16741,16741,16741,12652,12321,38355
1,1148,1147,1791065400848003,1791065400850720,2717,0,7,16878,16878,16878,12617,12053,37727
1,1149,1148,1791065400898003,1791065400900424,2421,0,8,16971,16971,16971,12670,12459,38341
1,1150,1149,1791065400948003,1791065400950024,2021,0,9,16802,16802,16802,12617,12335,37522
1,1151,1150,1791065400998003,1791065401001494,3491,0,10,16824,16824,16824,12687,12621,37639
1,1152,1151,1791065401048003,1791065401050564,2561,0,11,16857,16857,16857,12673,12412,37410
1,1153,1152,1791065401098003,1791065401104449,6446,0,12,17012,17012,17012,12747,12496,38045
1,1154,1153,1791065401148003,1791065401152742,4739,0,13,16858,16858,16858,12587,12217,37637
1,1155,1154,1791065401198003,1791065401199875,1872,0,14,16882,16882,16882,12705,12377,38241
1,1156,1155,1791065401248003,1791065401250631,2628,0,15,16852,16852,16852,12599,12336,38356
1,1157,1156,1791065401298003,1791065401300664,2661,0,16,16993,16993,16993,12804,12569,38794
1,1158,1157,1791065401348003,1791065401350312,2309,0,17,16754,16754,16754,12569,12374,37768
1,1159,1158,1791065401398003,1791065401400627,2624,0,18,16977,16977,16977,12823,12403,38510
1,1160,1159,1791065401448003,1791065401450383,2380,0,19,16934,16934,16934,12777,12156,38216
1,1161,1160,1791065401498003,1791065401500241,2238,0,0,16732,16732,16732,12500,11834,37736
1,1162,1161,1791065401548003,1791065401550122,2119,0,1,16977,16977,16977,12798,12579,38912
1,1163,1162,1791065401598003,1791065401600362,2359,0,2,16850,16850,16850,12639,11965,37696
1,1164,1163,1791065401648003,1791065401650564,2561,0,3,16954,16954,16954,12758,12657,39297
1,1165,1164,1791065401698003,1791065401700409,2406,0,4,16812,16812,16812,12616,12370,38486
1,1166,1165,1791065401748003,1791065401750339,2336,0,5,16840,16840,16840,12606,12307,38613
1,1167,1166,1791065401798003,1791065401800387,2384,0,6,16741,16741,16741,12486,12021,37628
1,1168,1167,1791065401848003,1791065401850458,2455,0,7,16878,16878,16878,12573,12372,38048
1,1169,1168,1791065401898003,1791065401900823,2820,0,8,16971,16971,16971,12816,12385,38417
1,1170,1169,1791065401948003,1791065401950820,2817,0,9,16802,16802,16802,12534,12088,37868
1,1171,1170,1791065401998003,1791065401999860,1857,0,10,16824,16824,16824,12592,12579,38400
1,1172,1171,1791065402048003,1791065402050867,2864,0,11,16857,16857,16857,12721,12591,38585
1,1173,1172,1791065402098003,1791065402100308,2305,0,12,17012,17012,17012,12799,12412,38950
1,1174,1173,1791065402148003,1791065402150675,2672,0,13,16858,16858,16858,12681,12048,38160
1,1175,1174,1791065402198003,1791065402200208,2205,0,14,16882,16882,16882,12619,11846,37649
1,1176,1175,1791065402248003,1791065402250510,2507,0,15,16852,16852,16852,12630,11949,38040
1,1177,1176,1791065402298003,1791065402300761,2758,0,16,16993,16993,16993,12811,12637,39562
1,1178,1177,1791065402348003,1791065402350699,2696,0,17,16754,16754,16754,12567,12208,37982
1,1179,1178,1791065402398003,1791065402401641,3638,0,18,16977,16977,16977,12625,12074,38124
1,1180,1179,1791065402448003,1791065402450299,2296,0,19,16934,16934,16934,12792,12217,39139
1,1181,1180,1791065402498003,1791065402499951,1948,0,0,16732,16732,16732,12527,11908,38319
1,1182,1181,1791065402548003,1791065402550089,2086,0,1,16977,16977,16977,12803,11984,38847
1,1183,1182,1791065402598003,1791065402600589,2586,0,2,16850,16850,16850,12680,12214,38709
1,1184,1183,1791065402648003,1791065402650580,2577,0,3,16954,16954,16954,12813,12122,38419
1,1185,1184,1791065402698003,1791065402700421,2418,0,4,16812,16812,16812,12651,12614,38332
1,1186,1185,1791065402748003,1791065402750677,2674,0,5,16840,16840,16840,12612,12370,38309
1,1187,1186,1791065402798003,1791065402800434,2431,0,6,16741,16741,16741,12488,12244,37798
1,1188,1187,1791065402848003,1791065402850520,2517,0,7,16878,16878,16878,12692,12065,38294
1,1189,1188,1791065402898003,1791065402900207,2204,0,8,16971,16971,16971,12741,12177,38957
1,1190,1189,1791065402948003,1791065402950766,2763,0,9,16802,16802,16802,12613,12255,38875
1,1191,1190,1791065402998003,1791065403000762,2759,0,10,16824,16824,16824,12715,12082,39356
1,1192,1191,1791065403048003,1791065403050507,2504,0,11,16857,16857,16857,12659,12504,40031
1,1193,1192,1791065403098003,1791065403100454,2451,0,12,17012,17012,17012,12915,12641,40733
1,1194,1193,1791065403148003,1791065403150242,2239,0,13,16858,16858,16858,12710,12127,40242
1,1195,1194,1791065403198003,1791065403200588,2585,0,14,16882,16882,16882,12818,12562,41466
1,1196,1195,1791065403248003,1791065403275735,27732,0,15,16852,16852,16852,12770,12508,40829
1,1197,1196,1791065403298003,1791065403319705,21702,0,16,16993,16993,16993,12855,12531,41411
1,1198,1197,1791065403348003,1791065403369445,21442,0,17,16754,16754,16754,12541,12009,39807
1,1199,1198,1791065403398003,1791065403417430,19427,0,18,16977,16977,16977,12735,12450,40298
1,1200,1199,1791065403448003,1791065403465951,17948,0,19,16934,16934,16934,12643,12272,39665
1,1201,1200,1791065403498003,1791065403512556,14553,0,0,16732,16732,16732,12484,12120,39763
1,1202,1201,1791065403548003,1791065403559404,11401,0,1,16977,16977,16977,12836,12476,40335
1,1203,1202,1791065403598003,1791065403608598,10595,0,2,16850,16850,16850,12627,12078,39098
1,1204,1203,1791065403648003,1791065403657517,9514,0,3,16954,16954,16954,12894,12574,39871
1,1205,1204,1791065403698003,1791065403706640,8637,0,4,16812,16812,16812,12510,12482,38816
1,1206,1205,1791065403748003,1791065403754814,6811,0,5,16840,16840,16840,12598,12502,39629
1,1207,1206,1791065403798003,1791065403804019,6016,0,6,16741,16741,16741,12499,11733,38295
1,1208,1207,1791065403848003,1791065403851322,3319,0,7,16878,16878,16878,12631,12189,39083
1,1209,1208,1791065403898003,1791065403900212,2209,0,8,16971,16971,16971,12713,12549,38925
1,1210,1209,1791065403948003,1791065403950154,2151,0,9,16802,16802,16802,12573,12341,39183
1,1211,1210,1791065403998003,1791065404000037,2034,0,10,16824,16824,16824,12673,12268,38991
1,1212,1211,1791065404048003,1791065404050560,2557,0,11,16857,16857,16857,12683,12554,39648
1,1213,1212,1791065404098003,1791065404099908,1905,0,12,17012,17012,17012,12825,12502,40400
1,1214,1213,1791065404148003,1791065404150223,2220,0,13,16858,16858,16858,12591,12146,39342
1,1215,1214,1791065404198003,1791065404201883,3880,0,14,16882,16882,16882,12677,12256,39774
1,1216,1215,1791065404248003,1791065404250146,2143,0,15,16852,16852,16852,12663,12300,39351
1,1217,1216,1791065404298003,1791065404300822,2819,0,16,16993,16993,16993,12808,12321,39656
1,1218,1217,1791065404348003,1791065404352022,4019,0,17,16754,16754,16754,12579,12377,38932
1,1219,1218,1791065404398003,1791065404400260,2257,0,18,16977,16977,16977,12667,12514,39325
1,1220,1219,1791065404448003,1791065404451099,3096,0,19,16934,16934,16934,12762,11838,38503
1,1221,1220,1791065404498003,1791065404500669,2666,0,0,16732,16732,16732,12581,12471,40208
1,1222,1221,1791065404548003,1791065404550092,2089,0,1,16977,16977,16977,12789,11996,39954
1,1223,1222,1791065404598003,1791065404600318,2315,0,2,16850,16850,16850,12722,12205,39999
1,1224,1223,1791065404648003,1791065404650722,2719,0,3,16954,16954,16954,12660,12478,39295
1,1225,1224,1791065404698003,1791065404700111,2108,0,4,16812,16812,16812,12635,12398,39522
1,1226,1225,1791065404748003,1791065404750023,2020,0,5,16840,16840,16840,12563,11953,38953
1,1227,1226,1791065404798003,1791065404800674,2671,0,6,16741,16741,16741,12633,12474,40012
1,1228,1227,1791065404848003,1791065404850614,2611,0,7,16878,16878,16878,12692,12495,39993
1,1229,1228,1791065404898003,1791065404901521,3518,0,8,16971,16971,16971,12662,12210,39317
1,1230,1229,1791065404948003,1791065404950685,2682,0,9,16802,16802,16802,12693,12325,39514
1,1231,1230,1791065404998003,1791065404999953,1950,0,10,16824,16824,16824,12678,12629,39713
1,1232,1231,1791065405048003,1791065405050379,2376,0,11,16857,16857,16857,12599,12400,39728
1,1233,1232,1791065405098003,1791065405099929,1926,0,12,17012,17012,17012,12860,12413,40417
1,1234,1233,1791065405148003,1791065405150829,2826,0,13,16858,16858,16858,12697,12276,39682
1,1235,1234,1791065405198003,1791065405200095,2092,0,14,16882,16882,16882,12665,11916,39597
1,1236,1235,1791065405248003,1791065405250325,2322,0,15,16852,16852,16852,12686,12230,39706
1,1237,1236,1791065405298003,1791065405300351,2348,0,16,16993,16993,16993,12786,12464,40467
1,1238,1237,1791065405348003,1791065405350122,2119,0,17,16754,16754,16754,12549,12144,39698
1,1239,1238,1791065405398003,1791065405399867,1864,0,18,16977,16977,16977,12703,12386,40069
1,1240,1239,1791065405448003,1791065405450539,2536,0,19,16934,16934,16934,12654,12354,39541
1,1241,1240,1791065405498003,1791065405500516,2513,0,0,16732,16732,16732,12584,12292,39770
1,1242,1241,1791065405548003,1791065405549888,1885,0,1,16977,16977,16977,12722,11966,39651
1,1243,1242,1791065405598003,1791065405600131,2128,0,2,16850,16850,16850,12703,12355,39985
1,1244,1243,1791065405648003,1791065405650773,2770,0,3,16954,16954,16954,12695,12288,39250
1,1245,1244,1791065405698003,1791065405700387,2384,0,4,16812,16812,16812,12700,12286,38913
1,1246,1245,1791065405748003,1791065405750704,2701,0,5,16840,16840,16840,12654,12485,38673
1,1247,1246,1791065405798003,1791065405800808,2805,0,6,16741,16741,16741,12517,11903,37501
1,1248,1247,1791065405848003,1791065405850771,2768,0,7,16878,16878,16878,12620,12197,38598
1,1249,1248,1791065405898003,1791065405900345,2342,0,8,16971,16971,16971,12795,12595,39884
1,1250,1249,1791065405948003,1791065405950590,2587,0,9,16802,16802,16802,12575,12296,38913
1,1251,1250,1791065405998003,1791065406000449,2446,0,10,16824,16824,16824,12567,11796,38615
1,1252,1251,1791065406048003,1791065406050700,2697,0,11,16857,16857,16857,12694,12512,39636
1,1253,1252,1791065406098003,1791065406099935,1932,0,12,17012,17012,17012,12821,12807,39923
1,1254,1253,1791065406148003,1791065406150425,2422,0,13,16858,16858,16858,12597,12451,39028
1,1255,1254,1791065406198003,1791065406200581,2578,0,14,16882,16882,16882,12797,12291,39754
1,1256,1255,1791065406248003,1791065406250754,2751,0,15,16852,16852,16852,12607,12557,39247
1,1257,1256,1791065406298003,1791065406300240,2237,0,16,16993,16993,16993,12703,12217,38702
1,1258,1257,1791065406348003,1791065406350401,2398,0,17,16754,16754,16754,12569,12462,38559
1,1259,1258,1791065406398003,1791065406400795,2792,0,18,16977,16977,16977,12814,12314,39328
1,1260,1259,1791065406448003,1791065406449938,1935,0,19,16934,16934,16934,12721,12436,39102
1,1261,1260,1791065406498003,1791065406500824,2821,0,0,16732,16732,16732,12547,11954,39005
1,1262,1261,1791065406548003,1791065406549946,1943,0,1,16977,16977,16977,12742,11998,38920
1,1263,1262,1791065406598003,1791065406600288,2285,0,2,16850,16850,16850,12477,12138,38467
1,1264,1263,1791065406648003,1791065406651009,3006,0,3,16954,16954,16954,12661,12389,38737
1,1265,1264,1791065406698003,1791065406700142,2139,0,4,16812,16812,16812,12666,12491,38976
1,1266,1265,1791065406748003,1791065406750420,2417,0,5,16840,16840,16840,12623,12292,38690
1,1267,1266,1791065406798003,1791065406807839,9836,0,6,16741,16741,16741,12615,12217,39087
1,1268,1267,1791065406848003,1791065406869852,21849,0,7,16878,16878,16878,12652,12246,38938
1,1269,1268,1791065406898003,1791065406937633,39630,0,8,16971,16971,16971,12718,12104,39131
1,1270,1269,1791065406948003,1791065406988471,40468,0,9,16802,16802,16802,12716,12535,40152
1,1271,1270,1791065406998003,1791065407032951,34948,0,10,16824,16824,16824,12566,12400,39782
1,1272,1271,1791065407048003,1791065407075378,27375,0,11,16857,16857,16857,12600,12440,39488
1,1273,1272,1791065407098003,1791065407120335,22332,0,12,17012,17012,17012,12761,12520,39742
1,1274,1273,1791065407148003,1791065407164848,16845,0,13,16858,16858,16858,12687,12533,39591
1,1275,1274,1791065407198003,1791065407213782,15779,0,14,16882,16882,16882,12714,12363,39362
1,1276,1275,1791065407248003,1791065407257861,9858,0,15,16852,16852,16852,12616,12395,38716
1,1277,1276,1791065407298003,1791065407303393,5390,0,16,16993,16993,16993,12768,12304,39110
1,1278,1277,1791065407348003,1791065407350109,2106,0,17,16754,16754,16754,12555,12290,38294
1,1279,1278,1791065407398003,1791065407400477,2474,0,18,16977,16977,16977,12746,12471,39632
1,1280,1279,1791065407448003,1791065407450496,2493,0,19,16934,16934,16934,12805,12743,39954
1,1281,1280,1791065407498003,1791065407500728,2725,0,0,16732,16732,16732,12680,12608,39484
1,1282,1281,1791065407548003,1791065407550250,2247,0,1,16977,16977,16977,12807,12524,39618
1,1283,1282,1791065407598003,1791065407600835,2832,0,2,16850,16850,16850,12666,12464,39803
1,1284,1283,1791065407648003,1791065407650827,2824,0,3,16954,16954,16954,12642,12641,39668
1,1285,1284,1791065407698003,1791065407700188,2185,0,4,16812,16812,16812,12687,12609,39673
1,1286,1285,1791065407748003,1791065407750542,2539,0,5,16840,16840,16840,12661,12375,39381
1,1287,1286,1791065407798003,1791065407800184,2181,0,6,16741,16741,16741,12588,11922,38968
1,1288,1287,1791065407848003,1791065407850524,2521,0,7,16878,16878,16878,12803,12665,39997
1,1289,1288,1791065407898003,1791065407900822,2819,0,8,16971,16971,16971,12730,12246,38897
1,1290,1289,1791065407948003,1791065407950675,2672,0,9,16802,16802,16802,12731,12111,39225
1,1291,1290,1791065407998003,1791065408000500,2497,0,10,16824,16824,16824,12639,12105,39306
1,1292,1291,1791065408048003,1791065408050321,2318,0,11,16857,16857,16857,12615,11891,39253
1,1293,1292,1791065408098003,1791065408100250,2247,0,12,17012,17012,17012,12796,12303,40020
1,1294,1293,1791065408148003,1791065408151075,3072,0,13,16858,16858,16858,12728,12245,40093
1,1295,1294,1791065408198003,1791065408200249,2246,0,14,16882,16882,16882,12722,12397,40284
1,1296,1295,1791065408248003,1791065408250519,2516,0,15,16852,16852,16852,12697,12141,39682
1,1297,1296,1791065408298003,1791065408299994,1991,0,16,16993,16993,16993,12805,12403,39990
1,1298,1297,1791065408348003,1791065408350373,2370,0,17,16754,16754,16754,12607,11981,38611
1,1299,1298,1791065408398003,1791065408400323,2320,0,18,16977,16977,16977,12672,12409,39141
1,1300,1299,1791065408448003,1791065408451175,3172,0,19,16934,16934,16934,12719,12686,39676
1,1301,1300,1791065408498003,1791065408500830,2827,0,0,16732,16732,16732,12501,12155,38850
1,1302,1301,1791065408548003,1791065408549970,1967,0,1,16977,16977,16977,12877,11916,38639
1,1303,1302,1791065408598003,1791065408599998,1995,0,2,16850,16850,16850,12619,12040,38759
1,1304,1303,1791065408648003,1791065408650545,2542,0,3,16954,16954,16954,12828,12647,39207
1,1305,1304,1791065408698003,1791065408700265,2262,0,4,16812,16812,16812,12585,11707,37377
1,1306,1305,1791065408748003,1791065408750306,2303,0,5,16840,16840,16840,12617,11939,37729
1,1307,1306,1791065408798003,1791065408800262,2259,0,6,16741,16741,16741,12586,12060,38087
1,1308,1307,1791065408848003,1791065408849890,1887,0,7,16878,16878,16878,12595,11983,38191
1,1309,1308,1791065408898003,1791065408900359,2356,0,8,16971,16971,16971,12761,12068,38330
1,1310,1309,1791065408948003,1791065408950458,2455,0,9,16802,16802,16802,12588,12246,38445
1,1311,1310,1791065408998003,1791065409000533,2530,0,10,16824,16824,16824,12664,12390,39127
1,1312,1311,1791065409048003,1791065409051426,3423,0,11,16857,16857,16857,12676,12251,38776
1,1313,1312,1791065409098003,1791065409100269,2266,0,12,17012,17012,17012,12687,12192,38938
1,1314,1313,1791065409148003,1791065409150739,2736,0,13,16858,16858,16858,12601,12044,39354
1,1315,1314,1791065409198003,1791065409200329,2326,0,14,16882,16882,16882,12681,12600,40472
1,1316,1315,1791065409248003,1791065409250531,2528,0,15,16852,16852,16852,12594,12080,39804
1,1317,1316,1791065409298003,1791065409300112,2109,0,16,16993,16993,16993,12772,12526,41009
1,1318,1317,1791065409348003,1791065409350120,2117,0,17,16754,16754,16754,12616,11999,39770
1,1319,1318,1791065409398003,1791065409400162,2159,0,18,16977,16977,16977,12764,12591,40596
1,1320,1319,1791065409448003,1791065409451085,3082,0,19,16934,16934,16934,12643,11989,39254
1,1321,1320,1791065409498003,1791065409499977,1974,0,0,16732,16732,16732,12666,12233,40026
1,1322,1321,1791065409548003,1791065409549821,1818,0,1,16977,16977,16977,12752,12035,39732
1,1323,1322,1791065409598003,1791065409612238,14235,0,2,16850,16850,16850,12629,12067,39086
1,1324,1323,1791065409648003,1791065409668235,20232,0,3,16954,16954,16954,12770,12317,39624
1,1325,1324,1791065409698003,1791065409714884,16881,0,4,16812,16812,16812,12568,12067,39024
1,1326,1325,1791065409748003,1791065409757236,9233,0,5,16840,16840,16840,12642,12567,39222
1,1327,1326,1791065409798003,1791065409802707,4704,0,6,16741,16741,16741,12642,12015,38823
1,1328,1327,1791065409848003,1791065409850623,2620,0,7,16878,16878,16878,12663,12609,39310
1,1329,1328,1791065409898003,1791065409900451,2448,0,8,16971,16971,16971,12685,12107,39006
1,1330,1329,1791065409948003,1791065409950805,2802,0,9,16802,16802,16802,12586,11741,38510
1,1331,1330,1791065409998003,1791065410000220,2217,0,10,16824,16824,16824,12726,12370,40172
1,1332,1331,1791065410048003,1791065410050456,2453,0,11,16857,16857,16857,12650,12531,39613
1,1333,1332,1791065410098003,1791065410100670,2667,0,12,17012,17012,17012,12658,11915,38829
1,1334,1333,1791065410148003,1791065410150657,2654,0,13,16858,16858,16858,12693,12301,39912
1,1335,1334,1791065410198003,1791065410200446,2443,0,14,16882,16882,16882,12645,12167,39710
1,1336,1335,1791065410248003,1791065410250707,2704,0,15,16852,16852,16852,12656,12020,39542
1,1337,1336,1791065410298003,1791065410300023,2020,0,16,16993,16993,16993,12721,12247,40206
1,1338,1337,1791065410348003,1791065410350740,2737,0,17,16754,16754,16754,12601,12201,39453
1,1339,1338,1791065410398003,1791065410400461,2458,0,18,16977,16977,16977,12712,12547,40065
1,1340,1339,1791065410448003,1791065410450018,2015,0,19,16934,16934,16934,12725,12511,39754
1,1341,1340,1791065410498003,1791065410500488,2485,0,0,16732,16732,16732,12590,12436,39748
1,1342,1341,1791065410548003,1791065410550333,2330,0,1,16977,16977,16977,12770,12380,40411
1,1343,1342,1791065410598003,1791065410599987,1984,0,2,16850,16850,16850,12636,11679,39015
1,1344,1343,1791065410648003,1791065410650855,2852,0,3,16954,16954,16954,12665,12267,39658
1,1345,1344,1791065410698003,1791065410700747,2744,0,4,16812,16812,16812,12653,12344,39755
1,1346,1345,1791065410748003,1791065410750067,2064,0,5,16840,16840,16840,12720,12324,40209
1,1347,1346,1791065410798003,1791065410800096,2093,0,6,16741,16741,16741,12565,12334,40154
1,1348,1347,1791065410848003,1791065410850092,2089,0,7,16878,16878,16878,12634,12408,40161
1,1349,1348,1791065410898003,1791065410900132,2129,0,8,16971,16971,16971,12717,12570,40123
1,1350,1349,1791065410948003,1791065410950661,2658,0,9,16802,16802,16802,12660,11901,39584
1,1351,1350,1791065410998003,1791065411000123,2120,0,10,16824,16824,16824,12734,12643,41231
1,1352,1351,1791065411048003,1791065411050554,2551,0,11,16857,16857,16857,12625,12346,40901
1,1353,1352,1791065411098003,1791065411099938,1935,0,12,17012,17012,17012,12905,12761,42055
1,1354,1353,1791065411148003,1791065411150853,2850,0,13,16858,16858,16858,12618,11879,39885
1,1355,1354,1791065411198003,1791065411200543,2540,0,14,16882,16882,16882,12789,12420,41836
1,1356,1355,1791065411248003,1791065411250729,2726,0,15,16852,16852,16852,12709,12679,41331
1,1357,1356,1791065411298003,1791065411300384,2381,0,16,16993,16993,16993,12754,12062,40829
1,1358,1357,1791065411348003,1791065411350086,2083,0,17,16754,16754,16754,12667,12174,40189
1,1359,1358,1791065411398003,1791065411400182,2179,0,18,16977,16977,16977,12630,12388,39937
1,1360,1359,1791065411448003,1791065411450866,2863,0,19,16934,16934,16934,12870,12607,41003
1,1361,1360,1791065411498003,1791065411499979,1976,0,0,16732,16732,16732,12546,12349,40368
1,1362,1361,1791065411548003,1791065411550848,2845,0,1,16977,16977,16977,12784,12451,40581
1,1363,1362,1791065411598003,1791065411600889,2886,0,2,16850,16850,16850,12728,12504,40674
1,1364,1363,1791065411648003,1791065411650325,2322,0,3,16954,16954,16954,12739,12454,40118
1,1365,1364,1791065411698003,1791065411700672,2669,0,4,16812,16812,16812,12650,11953,39381
1,1366,1365,1791065411748003,1791065411750446,2443,0,5,16840,16840,16840,12685,12347,40196
1,1367,1366,1791065411798003,1791065411800716,2713,0,6,16741,16741,16741,12567,12405,40241
1,1368,1367,1791065411848003,1791065411850317,2314,0,7,16878,16878,16878,12652,12470,40773
1,1369,1368,1791065411898003,1791065411900692,2689,0,8,16971,16971,16971,12766,12631,41018
1,1370,1369,1791065411948003,1791065411950522,2519,0,9,16802,16802,16802,12658,12293,40186
1,1371,1370,1791065411998003,1791065412000890,2887,0,10,16824,16824,16824,12635,12468,41060
1,1372,1371,1791065412048003,1791065412050396,2393,0,11,16857,16857,16857,12619,12465,40747
1,1373,1372,1791065412098003,1791065412100795,2792,0,12,17012,17012,17012,12839,12404,40845
1,1374,1373,1791065412148003,1791065412150427,2424,0,13,16858,16858,16858,12703,12584,41259
1,1375,1374,1791065412198003,1791065412200151,2148,0,14,16882,16882,16882,12785,12754,41569
1,1376,1375,1791065412248003,1791065412250492,2489,0,15,16852,16852,16852,12750,11859,40781
1,1377,1376,1791065412298003,1791065412300556,2553,0,16,16993,16993,16993,12855,12208,42171
1,1378,1377,1791065412348003,1791065412350566,2563,0,17,16754,16754,16754,12638,12373,41156
1,1379,1378,1791065412398003,1791065412400847,2844,0,18,16977,16977,16977,12798,12739,42156
1,1380,1379,1791065412448003,1791065412450727,2724,0,19,16934,16934,16934,12745,12500,41799
1,1381,1380,1791065412498003,1791065412500628,2625,0,0,16732,16732,16732,12631,12163,41977
1,1382,1381,1791065412548003,1791065412550826,2823,0,1,16977,16977,16977,12899,12202,42211
1,1383,1382,1791065412598003,1791065412600083,2080,0,2,16850,16850,16850,12653,12541,41490
1,1384,1383,1791065412648003,1791065412650550,2547,0,3,16954,16954,16954,12703,12374,41310
1,1385,1384,1791065412698003,1791065412699932,1929,0,4,16812,16812,16812,12619,12392,41296
1,1386,1385,1791065412748003,1791065412750843,2840,0,5,16840,16840,16840,12695,12311,40817
1,1387,1386,1791065412798003,1791065412800731,2728,0,6,16741,16741,16741,12630,12470,41462
1,1388,1387,1791065412848003,1791065412849943,1940,0,7,16878,16878,16878,12633,12421,40771
1,1389,1388,1791065412898003,1791065412900405,2402,0,8,16971,16971,16971,12806,12538,41780
1,1390,1389,1791065412948003,1791065412950655,2652,0,9,16802,16802,16802,12762,12708,42112
1,1391,1390,1791065412998003,1791065413000895,2892,0,10,16824,16824,16824,12669,12073,40972
1,1392,1391,1791065413048003,1791065413053312,5309,0,11,16857,16857,16857,12775,12127,41812
1,1393,1392,1791065413098003,1791065413099930,1927,0,12,17012,17012,17012,12862,12528,42242
1,1394,1393,1791065413148003,1791065413150494,2491,0,13,16858,16858,16858,12658,12491,40854
1,1395,1394,1791065413198003,1791065413200129,2126,0,14,16882,16882,16882,12742,12182,40922
1,1396,1395,1791065413248003,1791065413250550,2547,0,15,16852,16852,16852,12814,11974,40869
1,1397,1396,1791065413298003,1791065413300684,2681,0,16,16993,16993,16993,12940,12616,42604
1,1398,1397,1791065413348003,1791065413350245,2242,0,17,16754,16754,16754,12683,12130,40657
1,1399,1398,1791065413398003,1791065413399986,1983,0,18,16977,16977,16977,12816,12771,41431
1,1400,1399,1791065413448003,1791065413450852,2849,0,19,16934,16934,16934,12735,12295,40762
1,1401,1400,1791065413498003,1791065413500766,2763,0,0,16732,16732,16732,12546,11972,40307
1,1402,1401,1791065413548003,1791065413550640,2637,0,1,16977,16977,16977,12826,12308,40852
1,1403,1402,1791065413598003,1791065413600696,2693,0,2,16850,16850,16850,12583,12407,40312
1,1404,1403,1791065413648003,1791065413650188,2185,0,3,16954,16954,16954,12720,12560,39937
1,1405,1404,1791065413698003,1791065413700192,2189,0,4,16812,16812,16812,12626,12621,39925
1,1406,1405,1791065413748003,1791065413750796,2793,0,5,16840,16840,16840,12704,12107,39581
1,1407,1406,1791065413798003,1791065413800502,2499,0,6,16741,16741,16741,12672,12413,40084
1,1408,1407,1791065413848003,1791065413850554,2551,0,7,16878,16878,16878,12716,12354,40405
1,1409,1408,1791065413898003,1791065413900652,2649,0,8,16971,16971,16971,12787,12664,40948
1,1410,1409,1791065413948003,1791065413950017,2014,0,9,16802,16802,16802,12595,12217,39930
1,1411,1410,1791065413998003,1791065414000509,2506,0,10,16824,16824,16824,12647,11827,39894
1,1412,1411,1791065414048003,1791065414050890,2887,0,11,16857,16857,16857,12712,12453,41496
1,1413,1412,1791065414098003,1791065414100403,2400,0,12,17012,17012,17012,12806,12550,41517
1,1414,1413,1791065414148003,1791065414149906,1903,0,13,16858,16858,16858,12663,12318,40926
1,1415,1414,1791065414198003,1791065414200254,2251,0,14,16882,16882,16882,12789,12743,41473
1,1416,1415,1791065414248003,1791065414250452,2449,0,15,16852,16852,16852,12752,12276,40756
1,1417,1416,1791065414298003,1791065414299901,1898,0,16,16993,16993,16993,12926,12195,41427
1,1418,1417,1791065414348003,1791065414349879,1876,0,17,16754,16754,16754,12646,12466,40843
1,1419,1418,1791065414398003,1791065414400366,2363,0,18,16977,16977,16977,12731,12509,40928
1,1420,1419,1791065414448003,1791065414450167,2164,0,19,16934,16934,16934,12762,12416,41111
1,1421,1420,1791065414498003,1791065414500013,2010,0,0,16732,16732,16732,12545,12472,41031
1,1422,1421,1791065414548003,1791065414550545,2542,0,1,16977,16977,16977,12750,12363,41044
1,1423,1422,1791065414598003,1791065414600092,2089,0,2,16850,16850,16850,12690,12299,40461
1,1424,1423,1791065414648003,1791065414650652,2649,0,3,16954,16954,16954,12799,12057,39782
1,1425,1424,1791065414698003,1791065414700902,2899,0,4,16812,16812,16812,12620,11849,39384
1,1426,1425,1791065414748003,1791065414750475,2472,0,5,16840,16840,16840,12688,11860,38892
1,1427,1426,1791065414798003,1791065414800733,2730,0,6,16741,16741,16741,12570,12553,40181
1,1428,1427,1791065414848003,1791065414850285,2282,0,7,16878,16878,16878,12688,11948,39372
1,1429,1428,1791065414898003,1791065414900696,2693,0,8,16971,16971,16971,12672,12452,39599
1,1430,1429,1791065414948003,1791065414949879,1876,0,9,16802,16802,16802,12611,11945,38812
1,1431,1430,1791065414998003,1791065415000719,2716,0,10,16824,16824,16824,12559,11822,38744
1,1432,1431,1791065415048003,1791065415050523,2520,0,11,16857,16857,16857,12646,12310,39762
1,1433,1432,1791065415098003,1791065415100697,2694,0,12,17012,17012,17012,12812,12490,40682
1,1434,1433,1791065415148003,1791065415150111,2108,0,13,16858,16858,16858,12652,12310,39637
1,1435,1434,1791065415198003,1791065415200429,2426,0,14,16882,16882,16882,12733,12096,39913
1,1436,1435,1791065415248003,1791065415250026,2023,0,15,16852,16852,16852,12600,12419,39683
1,1437,1436,1791065415298003,1791065415300541,2538,0,16,16993,16993,16993,12784,12763,40651
1,1438,1437,1791065415348003,1791065415380907,32904,0,17,16754,16754,16754,12571,12164,39894
1,1439,1438,1791065415398003,1791065415425498,27495,0,18,16977,16977,16977,12713,12059,39588
1,1440,1439,1791065415448003,1791065415473991,25988,0,19,16934,16934,16934,12711,12675,40669
1,1441,1440,1791065415498003,1791065415518998,20995,0,0,16732,16732,16732,12659,12490,40598
1,1442,1441,1791065415548003,1791065415562263,14260,0,1,16977,16977,16977,12754,12261,40299
1,1443,1442,1791065415598003,1791065415606825,8822,0,2,16850,16850,16850,12540,12149,39307
1,1444,1443,1791065415648003,1791065415653223,5220,0,3,16954,16954,16954,12754,12563,39992
1,1445,1444,1791065415698003,1791065415700133,2130,0,4,16812,16812,16812,12523,11679,38194
1,1446,1445,1791065415748003,1791065415750438,2435,0,5,16840,16840,16840,12647,11944,38820
1,1447,1446,1791065415798003,1791065415800446,2443,0,6,16741,16741,16741,12534,12140,39242
1,1448,1447,1791065415848003,1791065415850612,2609,0,7,16878,16878,16878,12699,12361,39517
1,1449,1448,1791065415898003,1791065415900848,2845,0,8,16971,16971,16971,12740,12230,39318
1,1450,1449,1791065415948003,1791065415950063,2060,0,9,16802,16802,16802,12610,12169,39701
1,1451,1450,1791065415998003,1791065416000433,2430,0,10,16824,16824,16824,12617,12417,39967
1,1452,1451,1791065416048003,1791065416050613,2610,0,11,16857,16857,16857,12652,12057,39509
1,1453,1452,1791065416098003,1791065416100333,2330,0,12,17012,17012,17012,12812,12403,40021
1,1454,1453,1791065416148003,1791065416150665,2662,0,13,16858,16858,16858,12767,12356,40185
1,1455,1454,1791065416198003,1791065416202390,4387,0,14,16882,16882,16882,12681,12525,40170
1,1456,1455,1791065416248003,1791065416254014,6011,0,15,16852,16852,16852,12645,12056,39482
1,1457,1456,1791065416298003,1791065416302278,4275,0,16,16993,16993,16993,12728,12442,41178
1,1458,1457,1791065416348003,1791065416349998,1995,0,17,16754,16754,16754,12495,11864,40079
1,1459,1458,1791065416398003,1791065416400116,2113,0,18,16977,16977,16977,12816,12632,41482
1,1460,1459,1791065416448003,1791065416450837,2834,0,19,16934,16934,16934,12783,12395,41149
1,1461,1460,1791065416498003,1791065416499949,1946,0,0,16732,16732,16732,12733,12186,40422
1,1462,1461,1791065416548003,1791065416550855,2852,0,1,16977,16977,16977,12833,12756,40783
1,1463,1462,1791065416598003,1791065416600473,2470,0,2,16850,16850,16850,12700,12259,40082
1,1464,1463,1791065416648003,1791065416650628,2625,0,3,16954,16954,16954,12698,12402,39769
1,1465,1464,1791065416698003,1791065416700148,2145,0,4,16812,16812,16812,12595,12524,39425
1,1466,1465,1791065416748003,1791065416750767,2764,0,5,16840,16840,16840,12664,12541,39311
1,1467,1466,1791065416798003,1791065416801276,3273,0,6,16741,16741,16741,12519,12250,38741
1,1468,1467,1791065416848003,1791065416850762,2759,0,7,16878,16878,16878,12659,12471,39130
1,1469,1468,1791065416898003,1791065416900652,2649,0,8,16971,16971,16971,12777,12271,39327
1,1470,1469,1791065416948003,1791065416952619,4616,0,9,16802,16802,16802,12557,11993,38335
1,1471,1470,1791065416998003,1791065417000667,2664,0,10,16824,16824,16824,12650,12433,39071
1,1472,1471,1791065417048003,1791065417050848,2845,0,11,16857,16857,16857,12578,12505,39126
1,1473,1472,1791065417098003,1791065417100703,2700,0,12,17012,17012,17012,12721,11879,38848
1,1474,1473,1791065417148003,1791065417150372,2369,0,13,16858,16858,16858,12684,12535,40464
1,1475,1474,1791065417198003,1791065417200672,2669,0,14,16882,16882,16882,12779,12173,39804
1,1476,1475,1791065417248003,1791065417249827,1824,0,15,16852,16852,16852,12637,12605,40217
1,1477,1476,1791065417298003,1791065417300781,2778,0,16,16993,16993,16993,12747,12567,40104
1,1478,1477,1791065417348003,1791065417350358,2355,0,17,16754,16754,16754,12558,12420,39056
1,1479,1478,1791065417398003,1791065417400278,2275,0,18,16977,16977,16977,12694,12141,38970
1,1480,1479,1791065417448003,1791065417452527,4524,0,19,16934,16934,16934,12716,12192,39588
1,1481,1480,1791065417498003,1791065417500869,2866,0,0,16732,16732,16732,12544,12542,40145
1,1482,1481,1791065417548003,1791065417550220,2217,0,1,16977,16977,16977,12807,12151,40037
1,1483,1482,1791065417598003,1791065417600002,1999,0,2,16850,16850,16850,12574,12557,39935
1,1484,1483,1791065417648003,1791065417650081,2078,0,3,16954,16954,16954,12731,12141,39885
1,1485,1484,1791065417698003,1791065417700100,2097,0,4,16812,16812,16812,12617,12342,39544
1,1486,1485,1791065417748003,1791065417750456,2453,0,5,16840,16840,16840,12640,12187,39041
1,1487,1486,1791065417798003,1791065417800666,2663,0,6,16741,16741,16741,12590,12225,38448
1,1488,1487,1791065417848003,1791065417850298,2295,0,7,16878,16878,16878,12645,12261,39087
1,1489,1488,1791065417898003,1791065417900729,2726,0,8,16971,16971,16971,12780,12192,39638
1,1490,1489,1791065417948003,1791065417950015,2012,0,9,16802,16802,16802,12682,12238,39843
1,1491,1490,1791065417998003,1791065418000774,2771,0,10,16824,16824,16824,12665,12549,40293
1,1492,1491,1791065418048003,1791065418049884,1881,0,11,16857,16857,16857,12667,12488,40125
1,1493,1492,1791065418098003,1791065418100452,2449,0,12,17012,17012,17012,12793,12428,40497
1,1494,1493,1791065418148003,1791065418150452,2449,0,13,16858,16858,16858,12628,12358,40166
1,1495,1494,1791065418198003,1791065418200676,2673,0,14,16882,16882,16882,12658,11990,39838
1,1496,1495,1791065418248003,1791065418250709,2706,0,15,16852,16852,16852,12684,12137,40303
1,1497,1496,1791065418298003,1791065418300393,2390,0,16,16993,16993,16993,12783,12384,40912
1,1498,1497,1791065418348003,1791065418350044,2041,0,17,16754,16754,16754,12639,12547,40337
1,1499,1498,1791065418398003,1791065418400855,2852,0,18,16977,16977,16977,12729,12416,40375
1,1500,1499,1791065418448003,1791065418450668,2665,0,19,16934,16934,16934,12653,11790,39318
1,1501,1500,1791065418498003,1791065418499976,1973,0,0,16732,16732,16732,12692,12177,41212
1,1502,1501,1791065418548003,1791065418549963,1960,0,1,16977,16977,16977,12777,11725,39764
1,1503,1502,1791065418598003,1791065418601783,3780,0,2,16850,16850,16850,12638,12499,40509
1,1504,1503,1791065418648003,1791065418650520,2517,0,3,16954,16954,16954,12710,12536,40382
1,1505,1504,1791065418698003,1791065418700864,2861,0,4,16812,16812,16812,12809,12705,40952
1,1506,1505,1791065418748003,1791065418750112,2109,0,5,16840,16840,16840,12621,12525,40328
1,1507,1506,1791065418798003,1791065418800093,2090,0,6,16741,16741,16741,12601,12486,40286
1,1508,1507,1791065418848003,1791065418850895,2892,0,7,16878,16878,16878,12676,12592,40866
1,1509,1508,1791065418898003,1791065418900539,2536,0,8,16971,16971,16971,12775,12285,41204
1,1510,1509,1791065418948003,1791065418964959,16956,0,9,16802,16802,16802,12678,12592,41573
1,1511,1510,1791065418998003,1791065419012203,14200,0,10,16824,16824,16824,12766,12471,41688
1,1512,1511,1791065419048003,1791065419057400,9397,0,11,16857,16857,16857,12805,12380,41364
1,1513,1512,1791065419098003,1791065419102496,4493,0,12,17012,17012,17012,12878,12423,41473
1,1514,1513,1791065419148003,1791065419150886,2883,0,13,16858,16858,16858,12678,12103,40914
1,1515,1514,1791065419198003,1791065419200775,2772,0,14,16882,16882,16882,12840,12373,42273
1,1516,1515,1791065419248003,1791065419249843,1840,0,15,16852,16852,16852,12721,11900,40779
1,1517,1516,1791065419298003,1791065419300873,2870,0,16,16993,16993,16993,12892,12321,42545
1,1518,1517,1791065419348003,1791065419349931,1928,0,17,16754,16754,16754,12542,12210,40815
1,1519,1518,1791065419398003,1791065419400264,2261,0,18,16977,16977,16977,12918,12759,42393
1,1520,1519,1791065419448003,1791065419450861,2858,0,19,16934,16934,16934,12723,12223,41238
1,1521,1520,1791065419498003,1791065419499966,1963,0,0,16732,16732,16732,12622,12093,41337
1,1522,1521,1791065419548003,1791065419550082,2079,0,1,16977,16977,16977,12929,11846,41253
1,1523,1522,1791065419598003,1791065419600287,2284,0,2,16850,16850,16850,12765,12540,41746
1,1524,1523,1791065419648003,1791065419650617,2614,0,3,16954,16954,16954,12761,12468,40905
1,1525,1524,1791065419698003,1791065419700265,2262,0,4,16812,16812,16812,12649,11797,40037
1,1526,1525,1791065419748003,1791065419750063,2060,0,5,16840,16840,16840,12636,12411,40938
1,1527,1526,1791065419798003,1791065419800867,2864,0,6,16741,16741,16741,12606,12016,40164
1,1528,1527,1791065419848003,1791065419850574,2571,0,7,16878,16878,16878,12735,12165,41165
1,1529,1528,1791065419898003,1791065419899972,1969,0,8,16971,16971,16971,12804,12632,41436
1,1530,1529,1791065419948003,1791065419950257,2254,0,9,16802,16802,16802,12635,11905,39890
1,1531,1530,1791065419998003,1791065420000518,2515,0,10,16824,16824,16824,12742,12416,41434
1,1532,1531,1791065420048003,1791065420050500,2497,0,11,16857,16857,16857,12822,12583,41827
1,1533,1532,1791065420098003,1791065420100033,2030,0,12,17012,17012,17012,12919,12707,42477
1,1534,1533,1791065420148003,1791065420150250,2247,0,13,16858,16858,16858,12764,12494,42027
1,1535,1534,1791065420198003,1791065420200796,2793,0,14,16882,16882,16882,12707,12272,41584
1,1536,1535,1791065420248003,1791065420250504,2501,0,15,16852,16852,16852,12527,12412,40865
1,1537,1536,1791065420298003,1791065420300522,2519,0,16,16993,16993,16993,12768,11960,40909
1,1538,1537,1791065420348003,1791065420350701,2698,0,17,16754,16754,16754,12642,12115,40831
1,1539,1538,1791065420398003,1791065420400695,2692,0,18,16977,16977,16977,12860,12372,41731
1,1540,1539,1791065420448003,1791065420450635,2632,0,19,16934,16934,16934,12931,12194,42038
1,1541,1540,1791065420498003,1791065420500510,2507,0,0,16732,16732,16732,12748,12726,42487
1,1542,1541,1791065420548003,1791065420550207,2204,0,1,16977,16977,16977,12887,12309,42621
1,1543,1542,1791065420598003,1791065420600834,2831,0,2,16850,16850,16850,12755,12072,41417
1,1544,1543,1791065420648003,1791065420650356,2353,0,3,16954,16954,16954,12868,12542,42085
1,1545,1544,1791065420698003,1791065420699896,1893,0,4,16812,16812,16812,12613,11801,39987
1,1546,1545,1791065420748003,1791065420750846,2843,0,5,16840,16840,16840,12566,12471,40633
1,1547,1546,1791065420798003,1791065420800580,2577,0,6,16741,16741,16741,12552,12122,39655
1,1548,1547,1791065420848003,1791065420850401,2398,0,7,16878,16878,16878,12631,11876,39968
1,1549,1548,1791065420898003,1791065420900395,2392,0,8,16971,16971,16971,12838,12642,41872
1,1550,1549,1791065420948003,1791065420950301,2298,0,9,16802,16802,16802,12586,12369,40768
1,1551,1550,1791065420998003,1791065421000324,2321,0,10,16824,16824,16824,12627,12481,41097
1,1552,1551,1791065421048003,1791065421050451,2448,0,11,16857,16857,16857,12689,12496,41583
1,1553,1552,1791065421098003,1791065421099986,1983,0,12,17012,17012,17012,12809,12265,41887
1,1554,1553,1791065421148003,1791065421150627,2624,0,13,16858,16858,16858,12863,12859,42988
1,1555,1554,1791065421198003,1791065421200515,2512,0,14,16882,16882,16882,12753,12559,42256
1,1556,1555,1791065421248003,1791065421250877,2874,0,15,16852,16852,16852,12733,12063,42026
1,1557,1556,1791065421298003,1791065421300345,2342,0,16,16993,16993,16993,13058,12761,44034
1,1558,1557,1791065421348003,1791065421350373,2370,0,17,16754,16754,16754,12758,12418,42459
1,1559,1558,1791065421398003,1791065421400381,2378,0,18,16977,16977,16977,12835,12755,42660
1,1560,1559,1791065421448003,1791065421450274,2271,0,19,16934,16934,16934,12883,12184,42273
1,1561,1560,1791065421498003,1791065421500420,2417,0,0,16732,16732,16732,12803,12313,42677
1,1562,1561,1791065421548003,1791065421550761,2758,0,1,16977,16977,16977,12970,12394,42632
1,1563,1562,1791065421598003,1791065421600732,2729,0,2,16850,16850,16850,12811,12216,42070
1,1564,1563,1791065421648003,1791065421650092,2089,0,3,16954,16954,16954,12837,12683,42251
1,1565,1564,1791065421698003,1791065421700849,2846,0,4,16812,16812,16812,12768,12558,42109
1,1566,1565,1791065421748003,1791065421750301,2298,0,5,16840,16840,16840,12635,12458,41292
1,1567,1566,1791065421798003,1791065421800005,2002,0,6,16741,16741,16741,12728,12162,40948
1,1568,1567,1791065421848003,1791065421850399,2396,0,7,16878,16878,16878,12696,12377,41098
1,1569,1568,1791065421898003,1791065421900718,2715,0,8,16971,16971,16971,12845,12675,42049
1,1570,1569,1791065421948003,1791065421950896,2893,0,9,16802,16802,16802,12625,12286,40873
1,1571,1570,1791065421998003,1791065421999911,1908,0,10,16824,16824,16824,12694,12047,40993
1,1572,1571,1791065422048003,1791065422049829,1826,0,11,16857,16857,16857,12650,12626,41255
1,1573,1572,1791065422098003,1791065422100787,2784,0,12,17012,17012,17012,12751,12601,41383
1,1574,1573,1791065422148003,1791065422150607,2604,0,13,16858,16858,16858,12667,11786,40047
1,1575,1574,1791065422198003,1791065422200258,2255,0,14,16882,16882,16882,12696,12135,41433
1,1576,1575,1791065422248003,1791065422249993,1990,0,15,16852,16852,16852,12808,12795,41575
1,1577,1576,1791065422298003,1791065422300797,2794,0,16,16993,16993,16993,12749,12387,40857
1,1578,1577,1791065422348003,1791065422350069,2066,0,17,16754,16754,16754,12618,12194,40009
1,1579,1578,1791065422398003,1791065422400032,2029,0,18,16977,16977,16977,12613,12244,39856
1,1580,1579,1791065422448003,1791065422450511,2508,0,19,16934,16934,16934,12665,12535,40343
1,1581,1580,1791065422498003,1791065422500373,2370,0,0,16732,16732,16732,12585,11929,39554
1,1582,1581,1791065422548003,1791065422550613,2610,0,1,16977,16977,16977,12655,12004,39478
1,1583,1582,1791065422598003,1791065422600898,2895,0,2,16850,16850,16850,12702,12482,39819
1,1584,1583,1791065422648003,1791065422651686,3683,0,3,16954,16954,16954,12749,12480,39409
1,1585,1584,1791065422698003,1791065422700540,2537,0,4,16812,16812,16812,12666,12278,38886
1,1586,1585,1791065422748003,1791065422750045,2042,0,5,16840,16840,16840,12601,12516,38998
1,1587,1586,1791065422798003,1791065422800725,2722,0,6,16741,16741,16741,12635,12007,38591
1,1588,1587,1791065422848003,1791065422850490,2487,0,7,16878,16878,16878,12579,12257,38360
1,1589,1588,1791065422898003,1791065422900409,2406,0,8,16971,16971,16971,12766,12580,38895
1,1590,1589,1791065422948003,1791065422949975,1972,0,9,16802,16802,16802,12620,12315,38310
1,1591,1590,1791065422998003,1791065423000467,2464,0,10,16824,16824,16824,12633,12603,38542
1,1592,1591,1791065423048003,1791065423050542,2539,0,11,16857,16857,16857,12667,12592,38724
1,1593,1592,1791065423098003,1791065423099953,1950,0,12,17012,17012,17012,12739,12182,38716
1,1594,1593,1791065423148003,1791065423150414,2411,0,13,16858,16858,16858,12672,12183,38971
1,1595,1594,1791065423198003,1791065423200658,2655,0,14,16882,16882,16882,12644,12366,39313
1,1596,1595,1791065423248003,1791065423250717,2714,0,15,16852,16852,16852,12614,12150,38928
1,1597,1596,1791065423298003,1791065423300561,2558,0,16,16993,16993,16993,12660,12073,39346
1,1598,1597,1791065423348003,1791065423349951,1948,0,17,16754,16754,16754,12578,12026,38873
1,1599,1598,1791065423398003,1791065423400512,2509,0,18,16977,16977,16977,12740,11941,38649
1,1600,1599,1791065423448003,1791065423450498,2495,0,19,16934,16934,16934,12768,12412,39634
1,1601,1600,1791065423498003,1791065423500660,2657,0,0,16732,16732,16732,12480,12184,39188
1,1602,1601,1791065423548003,1791065423550372,2369,0,1,16977,16977,16977,12870,12396,39499
1,1603,1602,1791065423598003,1791065423599889,1886,0,2,16850,16850,16850,12683,12258,39057
1,1604,1603,1791065423648003,1791065423650459,2456,0,3,16954,16954,16954,12732,12400,38783
1,1605,1604,1791065423698003,1791065423700745,2742,0,4,16812,16812,16812,12503,12364,38057
1,1606,1605,1791065423748003,1791065423750074,2071,0,5,16840,16840,16840,12647,12200,37888
1,1607,1606,1791065423798003,1791065423800723,2720,0,6,16741,16741,16741,12601,12154,38119
1,1608,1607,1791065423848003,1791065423849857,1854,0,7,16878,16878,16878,12766,12498,38733
1,1609,1608,1791065423898003,1791065423899990,1987,0,8,16971,16971,16971,12743,12095,37870
1,1610,1609,1791065423948003,1791065423950411,2408,0,9,16802,16802,16802,12668,12176,38333
1,1611,1610,1791065423998003,1791065424000457,2454,0,10,16824,16824,16824,12640,12636,38901
1,1612,1611,1791065424048003,1791065424050545,2542,0,11,16857,16857,16857,12573,12011,38101
1,1613,1612,1791065424098003,1791065424099984,1981,0,12,17012,17012,17012,12749,12341,38924
1,1614,1613,1791065424148003,1791065424150020,2017,0,13,16858,16858,16858,12793,12753,38870
1,1615,1614,1791065424198003,1791065424200307,2304,0,14,16882,16882,16882,12590,12352,37996
1,1616,1615,1791065424248003,1791065424250849,2846,0,15,16852,16852,16852,12669,11967,37339
1,1617,1616,1791065424298003,1791065424299979,1976,0,16,16993,16993,16993,12756,12013,38194
1,1618,1617,1791065424348003,1791065424350193,2190,0,17,16754,16754,16754,12585,12076,37962
1,1619,1618,1791065424398003,1791065424400351,2348,0,18,16977,16977,16977,12753,12546,38399
1,1620,1619,1791065424448003,1791065424450099,2096,0,19,16934,16934,16934,12708,12406,38510
1,1621,1620,1791065424498003,1791065424500584,2581,0,0,16732,16732,16732,12468,11688,37210
1,1622,1621,1791065424548003,1791065424549894,1891,0,1,16977,16977,16977,12793,12411,38701
1,1623,1622,1791065424598003,1791065424600313,2310,0,2,16850,16850,16850,12638,12045,37423
1,1624,1623,1791065424648003,1791065424650569,2566,0,3,16954,16954,16954,12709,12475,37763
1,1625,1624,1791065424698003,1791065424699984,1981,0,4,16812,16812,16812,12567,11907,36709
1,1626,1625,1791065424748003,1791065424750466,2463,0,5,16840,16840,16840,12630,12007,36904
1,1627,1626,1791065424798003,1791065424800439,2436,0,6,16741,16741,16741,12571,12227,36827
1,1628,1627,1791065424848003,1791065424850553,2550,0,7,16878,16878,16878,12697,11995,36629
1,1629,1628,1791065424898003,1791065424899943,1940,0,8,16971,16971,16971,12685,12376,37388
1,1630,1629,1791065424948003,1791065424950189,2186,0,9,16802,16802,16802,12616,12608,36812
1,1631,1630,1791065424998003,1791065424999989,1986,0,10,16824,16824,16824,12640,12587,37014
1,1632,1631,1791065425048003,1791065425050487,2484,0,11,16857,16857,16857,12683,12496,37268
1,1633,1632,1791065425098003,1791065425100304,2301,0,12,17012,17012,17012,12725,12519,37084
1,1634,1633,1791065425148003,1791065425150425,2422,0,13,16858,16858,16858,12658,12292,37127
1,1635,1634,1791065425198003,1791065425200372,2369,0,14,16882,16882,16882,12695,12624,37646
1,1636,1635,1791065425248003,1791065425250074,2071,0,15,16852,16852,16852,12649,12030,36750
1,1637,1636,1791065425298003,1791065425300402,2399,0,16,16993,16993,16993,12813,12313,38002
1,1638,1637,1791065425348003,1791065425350801,2798,0,17,16754,16754,16754,12477,12140,36931
1,1639,1638,1791065425398003,1791065425399954,1951,0,18,16977,16977,16977,12721,12254,37232
1,1640,1639,1791065425448003,1791065425449879,1876,0,19,16934,16934,16934,12643,12552,37703
1,1641,1640,1791065425498003,1791065425500779,2776,0,0,16732,16732,16732,12655,12242,37055
1,1642,1641,1791065425548003,1791065425550608,2605,0,1,16977,16977,16977,12771,12084,37203
1,1643,1642,1791065425598003,1791065425600775,2772,0,2,16850,16850,16850,12630,12492,37287
1,1644,1643,1791065425648003,1791065425650759,2756,0,3,16954,16954,16954,12805,12438,37227
1,1645,1644,1791065425698003,1791065425700418,2415,0,4,16812,16812,16812,12572,12336,36956
1,1646,1645,1791065425748003,1791065425750057,2054,0,5,16840,16840,16840,12556,12383,37014
1,1647,1646,1791065425798003,1791065425800751,2748,0,6,16741,16741,16741,12607,11978,36612
1,1648,1647,1791065425848003,1791065425850338,2335,0,7,16878,16878,16878,12644,12240,36967
1,1649,1648,1791065425898003,1791065425900290,2287,0,8,16971,16971,16971,12748,12518,37520
1,1650,1649,1791065425948003,1791065425950467,2464,0,9,16802,16802,16802,12646,11986,36769
1,1651,1650,1791065425998003,1791065426000288,2285,0,10,16824,16824,16824,12557,12129,37504
1,1652,1651,1791065426048003,1791065426050540,2537,0,11,16857,16857,16857,12682,12061,37638
1,1653,1652,1791065426098003,1791065426100396,2393,0,12,17012,17012,17012,12877,12371,38288
1,1654,1653,1791065426148003,1791065426150711,2708,0,13,16858,16858,16858,12723,12207,37884
1,1655,1654,1791065426198003,1791065426200181,2178,0,14,16882,16882,16882,12728,12554,38875
1,1656,1655,1791065426248003,1791065426250532,2529,0,15,16852,16852,16852,12695,12464,38078
1,1657,1656,1791065426298003,1791065426300121,2118,0,16,16993,16993,16993,12752,12338,38341
1,1658,1657,1791065426348003,1791065426350471,2468,0,17,16754,16754,16754,12542,12180,37397
1,1659,1658,1791065426398003,1791065426400293,2290,0,18,16977,16977,16977,12748,12553,38116
1,1660,1659,1791065426448003,1791065426449851,1848,0,19,16934,16934,16934,12662,12623,37983
1,1661,1660,1791065426498003,1791065426499852,1849,0,0,16732,16732,16732,12627,12074,37185
1,1662,1661,1791065426548003,1791065426550010,2007,0,1,16977,16977,16977,12701,11888,36955
1,1663,1662,1791065426598003,1791065426600303,2300,0,2,16850,16850,16850,12741,12405,37936
1,1664,1663,1791065426648003,1791065426649870,1867,0,3,16954,16954,16954,12724,12580,37734
1,1665,1664,1791065426698003,1791065426699868,1865,0,4,16812,16812,16812,12622,12123,37101
1,1666,1665,1791065426748003,1791065426750841,2838,0,5,16840,16840,16840,12663,11917,37250
1,1667,1666,1791065426798003,1791065426800826,2823,0,6,16741,16741,16741,12634,12515,38005
1,1668,1667,1791065426848003,1791065426850536,2533,0,7,16878,16878,16878,12661,12315,37150
1,1669,1668,1791065426898003,1791065426900663,2660,0,8,16971,16971,16971,12815,12512,37842
1,1670,1669,1791065426948003,1791065426950860,2857,0,9,16802,16802,16802,12683,12258,37240
1,1671,1670,1791065426998003,1791065427000223,2220,0,10,16824,16824,16824,12654,12095,37263
1,1672,1671,1791065427048003,1791065427050494,2491,0,11,16857,16857,16857,12702,12526,38190
1,1673,1672,1791065427098003,1791065427100167,2164,0,12,17012,17012,17012,12730,12617,38426
1,1674,1673,1791065427148003,1791065427150730,2727,0,13,16858,16858,16858,12727,12287,37495
1,1675,1674,1791065427198003,1791065427200516,2513,0,14,16882,16882,16882,12667,12202,38031
1,1676,1675,1791065427248003,1791065427250544,2541,0,15,16852,16852,16852,12764,12573,38120
1,1677,1676,1791065427298003,1791065427300566,2563,0,16,16993,16993,16993,12803,12422,38329
1,1678,1677,1791065427348003,1791065427350123,2120,0,17,16754,16754,16754,12570,11959,37007
1,1679,1678,1791065427398003,1791065427422298,24295,0,18,16977,16977,16977,12723,11860,37044
1,1680,1679,1791065427448003,1791065427471129,23126,0,19,16934,16934,16934,12692,12499,38384
1,1681,1680,1791065427498003,1791065427515620,17617,0,0,16732,16732,16732,12628,12375,37916
1,1682,1681,1791065427548003,1791065427560965,12962,0,1,16977,16977,16977,12773,12645,38234
1,1683,1682,1791065427598003,1791065427605857,7854,0,2,16850,16850,16850,12653,11913,37140
1,1684,1683,1791065427648003,1791065427654335,6332,0,3,16954,16954,16954,12687,12523,37678
1,1685,1684,1791065427698003,1791065427704049,6046,0,4,16812,16812,16812,12627,12358,37009
1,1686,1685,1791065427748003,1791065427751134,3131,0,5,16840,16840,16840,12633,12452,37121
1,1687,1686,1791065427798003,1791065427799858,1855,0,6,16741,16741,16741,12654,12333,37321
1,1688,1687,1791065427848003,1791065427850372,2369,0,7,16878,16878,16878,12637,12498,37294
1,1689,1688,1791065427898003,1791065427900417,2414,0,8,16971,16971,16971,12734,12084,36923
1,1690,1689,1791065427948003,1791065427949989,1986,0,9,16802,16802,16802,12518,12469,37601
1,1691,1690,1791065427998003,1791065428000739,2736,0,10,16824,16824,16824,12754,12551,37851
1,1692,1691,1791065428048003,1791065428050580,2577,0,11,16857,16857,16857,12681,12249,37322
1,1693,1692,1791065428098003,1791065428099993,1990,0,12,17012,17012,17012,12759,12489,37852
1,1694,1693,1791065428148003,1791065428149981,1978,0,13,16858,16858,16858,12772,12771,38185
1,1695,1694,1791065428198003,1791065428200022,2019,0,14,16882,16882,16882,12667,12044,37279
1,1696,1695,1791065428248003,1791065428250300,2297,0,15,16852,16852,16852,12639,12191,37831
1,1697,1696,1791065428298003,1791065428300791,2788,0,16,16993,16993,16993,12769,12593,38726
1,1698,1697,1791065428348003,1791065428350344,2341,0,17,16754,16754,16754,12682,12253,38110
1,1699,1698,1791065428398003,1791065428400744,2741,0,18,16977,16977,16977,12746,12700,38367
1,1700,1699,1791065428448003,1791065428450692,2689,0,19,16934,16934,16934,12746,12542,38529
1,1701,1700,1791065428498003,1791065428500341,2338,0,0,16732,16732,16732,12535,12253,37932
1,1702,1701,1791065428548003,1791065428550301,2298,0,1,16977,16977,16977,12807,12554,38354
1,1703,1702,1791065428598003,1791065428600839,2836,0,2,16850,16850,16850,12694,12367,37994
1,1704,1703,1791065428648003,1791065428650395,2392,0,3,16954,16954,16954,12731,12441,38052
1,1705,1704,1791065428698003,1791065428700300,2297,0,4,16812,16812,16812,12567,12399,37350
1,1706,1705,1791065428748003,1791065428750430,2427,0,5,16840,16840,16840,12614,12247,37189
1,1707,1706,1791065428798003,1791065428800868,2865,0,6,16741,16741,16741,12596,12245,36917
1,1708,1707,1791065428848003,1791065428850718,2715,0,7,16878,16878,16878,12618,12443,37118
1,1709,1708,1791065428898003,1791065428900546,2543,0,8,16971,16971,16971,12781,12535,37362
1,1710,1709,1791065428948003,1791065428950246,2243,0,9,16802,16802,16802,12591,12373,36672
1,1711,1710,1791065428998003,1791065429001404,3401,0,10,16824,16824,16824,12674,12364,36917
1,1712,1711,1791065429048003,1791065429050798,2795,0,11,16857,16857,16857,12624,12431,36977
1,1713,1712,1791065429098003,1791065429100713,2710,0,12,17012,17012,17012,12813,12502,37241
1,1714,1713,1791065429148003,1791065429150406,2403,0,13,16858,16858,16858,12687,12576,37196
1,1715,1714,1791065429198003,1791065429202018,4015,0,14,16882,16882,16882,12729,12641,37639
1,1716,1715,1791065429248003,1791065429252049,4046,0,15,16852,16852,16852,12747,12618,37173
1,1717,1716,1791065429298003,1791065429300390,2387,0,16,16993,16993,16993,12802,12473,37142
1,1718,1717,1791065429348003,1791065429350643,2640,0,17,16754,16754,16754,12525,12107,36239
1,1719,1718,1791065429398003,1791065429400570,2567,0,18,16977,16977,16977,12711,12477,36756
1,1720,1719,1791065429448003,1791065429450685,2682,0,19,16934,16934,16934,12744,12657,36685
1,1721,1720,1791065429498003,1791065429500828,2825,0,0,16732,16732,16732,12599,12280,36336
1,1722,1721,1791065429548003,1791065429549965,1962,0,1,16977,16977,16977,12771,12141,36496
1,1723,1722,1791065429598003,1791065429600885,2882,0,2,16850,16850,16850,12587,12437,36584
1,1724,1723,1791065429648003,1791065429649851,1848,0,3,16954,16954,16954,12782,12054,36084
1,1725,1724,1791065429698003,1791065429700687,2684,0,4,16812,16812,16812,12560,12284,36281
1,1726,1725,1791065429748003,1791065429750283,2280,0,5,16840,16840,16840,12652,12143,35829
1,1727,1726,1791065429798003,1791065429800771,2768,0,6,16741,16741,16741,12640,12543,36300
1,1728,1727,1791065429848003,1791065429850565,2562,0,7,16878,16878,16878,12610,12404,36117
1,1729,1728,1791065429898003,1791065429900237,2234,0,8,16971,16971,16971,12702,12237,35904
1,1730,1729,1791065429948003,1791065429949991,1988,0,9,16802,16802,16802,12642,11975,35694
1,1731,1730,1791065429998003,1791065430000618,2615,0,10,16824,16824,16824,12606,12414,36231
1,1732,1731,1791065430048003,1791065430050715,2712,0,11,16857,16857,16857,12575,12204,35657
1,1733,1732,1791065430098003,1791065430100802,2799,0,12,17012,17012,17012,12848,12568,36686
1,1734,1733,1791065430148003,1791065430150630,2627,0,13,16858,16858,16858,12607,12427,36000
1,1735,1734,1791065430198003,1791065430200485,2482,0,14,16882,16882,16882,12703,12533,36333
1,1736,1735,1791065430248003,1791065430250326,2323,0,15,16852,16852,16852,12568,12280,35434
1,1737,1736,1791065430298003,1791065430300800,2797,0,16,16993,16993,16993,12721,12544,36464
1,1738,1737,1791065430348003,1791065430350299,2296,0,17,16754,16754,16754,12496,11854,35023
1,1739,1738,1791065430398003,1791065430400810,2807,0,18,16977,16977,16977,12804,12582,36701
1,1740,1739,1791065430448003,1791065430452849,4846,0,19,16934,16934,16934,12777,12503,36331
1,1741,1740,1791065430498003,1791065430499941,1938,0,0,16732,16732,16732,12552,12383,35973
1,1742,1741,1791065430548003,1791065430550602,2599,0,1,16977,16977,16977,12814,12771,36468
1,1743,1742,1791065430598003,1791065430600047,2044,0,2,16850,16850,16850,12593,12115,35664
1,1744,1743,1791065430648003,1791065430649937,1934,0,3,16954,16954,16954,12827,12681,36711
1,1745,1744,1791065430698003,1791065430700278,2275,0,4,16812,16812,16812,12560,12526,35798
1,1746,1745,1791065430748003,1791065430749877,1874,0,5,16840,16840,16840,12685,12307,35832
1,1747,1746,1791065430798003,1791065430800333,2330,0,6,16741,16741,16741,12561,11999,35616
1,1748,1747,1791065430848003,1791065430850415,2412,0,7,16878,16878,16878,12767,12204,36389
1,1749,1748,1791065430898003,1791065430900897,2894,0,8,16971,16971,16971,12677,12190,36008
1,1750,1749,1791065430948003,1791065430950057,2054,0,9,16802,16802,16802,12693,12483,36314
1,1751,1750,1791065430998003,1791065431000837,2834,0,10,16824,16824,16824,12642,12463,36049
1,1752,1751,1791065431048003,1791065431050179,2176,0,11,16857,16857,16857,12625,12406,35726
1,1753,1752,1791065431098003,1791065431111651,13648,0,12,17012,17012,17012,12717,12282,35919
1,1754,1753,1791065431148003,1791065431161970,13967,0,13,16858,16858,16858,12643,12221,35953
1,1755,1754,1791065431198003,1791065431207105,9102,0,14,16882,16882,16882,12702,11918,35619
1,1756,1755,1791065431248003,1791065431252886,4883,0,15,16852,16852,16852,12601,12347,36140
1,1757,1756,1791065431298003,1791065431300451,2448,0,16,16993,16993,16993,12811,12388,35975
1,1758,1757,1791065431348003,1791065431350503,2500,0,17,16754,16754,16754,12489,12249,35433
1,1759,1758,1791065431398003,1791065431399961,1958,0,18,16977,16977,16977,12695,12186,35898
1,1760,1759,1791065431448003,1791065431450493,2490,0,19,16934,16934,16934,12761,12490,36633
1,1761,1760,1791065431498003,1791065431500306,2303,0,0,16732,16732,16732,12620,12200,35827
1,1762,1761,1791065431548003,1791065431550262,2259,0,1,16977,16977,16977,12773,12508,36423
1,1763,1762,1791065431598003,1791065431599871,1868,0,2,16850,16850,16850,12612,12270,35928
1,1764,1763,1791065431648003,1791065431650334,2331,0,3,16954,16954,16954,12722,12575,36773
1,1765,1764,1791065431698003,1791065431700645,2642,0,4,16812,16812,16812,12533,12160,35835
1,1766,1765,1791065431748003,1791065431750184,2181,0,5,16840,16840,16840,12600,12468,36270
1,1767,1766,1791065431798003,1791065431800069,2066,0,6,16741,16741,16741,12417,11936,35031
1,1768,1767,1791065431848003,1791065431850548,2545,0,7,16878,16878,16878,12740,12729,36863
1,1769,1768,1791065431898003,1791065431900639,2636,0,8,16971,16971,16971,12791,12607,36790
1,1770,1769,1791065431948003,1791065431950252,2249,0,9,16802,16802,16802,12633,12043,35626
1,1771,1770,1791065431998003,1791065432000877,2874,0,10,16824,16824,16824,12704,12355,36435
1,1772,1771,1791065432048003,1791065432050657,2654,0,11,16857,16857,16857,12684,12141,35817
1,1773,1772,1791065432098003,1791065432100882,2879,0,12,17012,17012,17012,12744,12517,36384
1,1774,1773,1791065432148003,1791065432150259,2256,0,13,16858,16858,16858,12695,12089,35906
1,1775,1774,1791065432198003,1791065432199992,1989,0,14,16882,16882,16882,12614,12534,36075
1,1776,1775,1791065432248003,1791065432250606,2603,0,15,16852,16852,16852,12606,12574,35904
1,1777,1776,1791065432298003,1791065432300164,2161,0,16,16993,16993,16993,12774,12550,36648
1,1778,1777,1791065432348003,1791065432349950,1947,0,17,16754,16754,16754,12556,12241,35877
1,1779,1778,1791065432398003,1791065432400132,2129,0,18,16977,16977,16977,12707,12471,36532
1,1780,1779,1791065432448003,1791065432450191,2188,0,19,16934,16934,16934,12667,12135,36031
1,1781,1780,1791065432498003,1791065432500522,2519,0,0,16732,16732,16732,12544,12126,35654
1,1782,1781,1791065432548003,1791065432550340,2337,0,1,16977,16977,16977,12804,12744,36659
1,1783,1782,1791065432598003,1791065432600208,2205,0,2,16850,16850,16850,12638,12369,35983
1,1784,1783,1791065432648003,1791065432650598,2595,0,3,16954,16954,16954,12694,12256,36065
1,1785,1784,1791065432698003,1791065432701685,3682,0,4,16812,16812,16812,12651,12502,36371
1,1786,1785,1791065432748003,1791065432750172,2169,0,5,16840,16840,16840,12696,12473,36458
1,1787,1786,1791065432798003,1791065432800389,2386,0,6,16741,16741,16741,12617,12600,36073
1,1788,1787,1791065432848003,1791065432849886,1883,0,7,16878,16878,16878,12634,12121,35787
1,1789,1788,1791065432898003,1791065432900768,2765,0,8,16971,16971,16971,12740,12117,36172
1,1790,1789,1791065432948003,1791065432950237,2234,0,9,16802,16802,16802,12578,12091,35905
1,1791,1790,1791065432998003,1791065432999954,1951,0,10,16824,16824,16824,12614,12536,36532
1,1792,1791,1791065433048003,1791065433050530,2527,0,11,16857,16857,16857,12649,11900,35575
1,1793,1792,1791065433098003,1791065433100565,2562,0,12,17012,17012,17012,12795,12408,36910
1,1794,1793,1791065433148003,1791065433150547,2544,0,13,16858,16858,16858,12720,12008,35672
1,1795,1794,1791065433198003,1791065433200435,2432,0,14,16882,16882,16882,12690,12450,36644
1,1796,1795,1791065433248003,1791065433250636,2633,0,15,16852,16852,16852,12674,12326,36051
1,1797,1796,1791065433298003,1791065433300801,2798,0,16,16993,16993,16993,12714,12519,36326
1,1798,1797,1791065433348003,1791065433350167,2164,0,17,16754,16754,16754,12504,11773,35111
1,1799,1798,1791065433398003,1791065433400090,2087,0,18,16977,16977,16977,12750,12387,36498
1,1800,1799,1791065433448003,1791065433450708,2705,0,19,16934,16934,16934,12750,12181,36189
1,1801,1800,1791065433498003,1791065433500630,2627,0,0,16732,16732,16732,12604,12342,36072
1,1802,1801,1791065433548003,1791065433550001,1998,0,1,16977,16977,16977,12751,12292,36226
1,1803,1802,1791065433598003,1791065433600577,2574,0,2,16850,16850,16850,12686,12508,36453
1,1804,1803,1791065433648003,1791065433650266,2263,0,3,16954,16954,16954,12778,12531,36577
1,1805,1804,1791065433698003,1791065433700615,2612,0,4,16812,16812,16812,12669,12410,36152
1,1806,1805,1791065433748003,1791065433750876,2873,0,5,16840,16840,16840,12624,12349,35940
1,1807,1806,1791065433798003,1791065433800767,2764,0,6,16741,16741,16741,12572,12375,35848
1,1808,1807,1791065433848003,1791065433850717,2714,0,7,16878,16878,16878,12648,12486,36051
1,1809,1808,1791065433898003,1791065433900233,2230,0,8,16971,16971,16971,12738,12419,36135
1,1810,1809,1791065433948003,1791065433949839,1836,0,9,16802,16802,16802,12675,12629,36533
1,1811,1810,1791065433998003,1791065434000256,2253,0,10,16824,16824,16824,12595,12070,35785
1,1812,1811,1791065434048003,1791065434050419,2416,0,11,16857,16857,16857,12604,12251,35948
1,1813,1812,1791065434098003,1791065434100237,2234,0,12,17012,17012,17012,12716,12205,35887
1,1814,1813,1791065434148003,1791065434150632,2629,0,13,16858,16858,16858,12658,12112,35848
1,1815,1814,1791065434198003,1791065434199910,1907,0,14,16882,16882,16882,12584,11995,35848
1,1816,1815,1791065434248003,1791065434250278,2275,0,15,16852,16852,16852,12657,12364,36300
1,1817,1816,1791065434298003,1791065434300063,2060,0,16,16993,16993,16993,12602,11948,35691
1,1818,1817,1791065434348003,1791065434350420,2417,0,17,16754,16754,16754,12603,12359,36548
1,1819,1818,1791065434398003,1791065434400076,2073,0,18,16977,16977,16977,12709,12038,36219
1,1820,1819,1791065434448003,1791065434450120,2117,0,19,16934,16934,16934,12846,12440,37441
1,1821,1820,1791065434498003,1791065434500523,2520,0,0,16732,16732,16732,12476,11476,35220
1,1822,1821,1791065434548003,1791065434549986,1983,0,1,16977,16977,16977,12692,12486,37481
1,1823,1822,1791065434598003,1791065434600801,2798,0,2,16850,16850,16850,12595,12302,36129
1,1824,1823,1791065434648003,1791065434650647,2644,0,3,16954,16954,16954,12789,12060,36512
1,1825,1824,1791065434698003,1791065434700576,2573,0,4,16812,16812,16812,12672,11985,36852
1,1826,1825,1791065434748003,1791065434750547,2544,0,5,16840,16840,16840,12704,12649,37544
1,1827,1826,1791065434798003,1791065434799984,1981,0,6,16741,16741,16741,12656,12477,37192
1,1828,1827,1791065434848003,1791065434849827,1824,0,7,16878,16878,16878,12694,12173,36676
1,1829,1828,1791065434898003,1791065434900544,2541,0,8,16971,16971,16971,12741,12446,37030
1,1830,1829,1791065434948003,1791065434950430,2427,0,9,16802,16802,16802,12536,12205,36265
1,1831,1830,1791065434998003,1791065435001365,3362,0,10,16824,16824,16824,12679,12442,36934
1,1832,1831,1791065435048003,1791065435050524,2521,0,11,16857,16857,16857,12658,12514,36812
1,1833,1832,1791065435098003,1791065435100311,2308,0,12,17012,17012,17012,12825,12540,37188
1,1834,1833,1791065435148003,1791065435150033,2030,0,13,16858,16858,16858,12553,12377,36402
1,1835,1834,1791065435198003,1791065435200076,2073,0,14,16882,16882,16882,12676,12536,36818
1,1836,1835,1791065435248003,1791065435250725,2722,0,15,16852,16852,16852,12606,12288,36183
1,1837,1836,1791065435298003,1791065435300154,2151,0,16,16993,16993,16993,12666,11978,36306
1,1838,1837,1791065435348003,1791065435350252,2249,0,17,16754,16754,16754,12433,11606,35443
1,1839,1838,1791065435398003,1791065435400651,2648,0,18,16977,16977,16977,12604,12064,36639
1,1840,1839,1791065435448003,1791065435450537,2534,0,19,16934,16934,16934,12747,12043,36363
1,1841,1840,1791065435498003,1791065435500667,2664,0,0,16732,16732,16732,12483,12265,36396
1,1842,1841,1791065435548003,1791065435550054,2051,0,1,16977,16977,16977,12833,12799,37380
1,1843,1842,1791065435598003,1791065435600419,2416,0,2,16850,16850,16850,12652,12611,36820
1,1844,1843,1791065435648003,1791065435650281,2278,0,3,16954,16954,16954,12797,12126,36678
1,1845,1844,1791065435698003,1791065435700009,2006,0,4,16812,16812,16812,12676,12221,36633
1,1846,1845,1791065435748003,1791065435750803,2800,0,5,16840,16840,16840,12616,12423,36577
1,1847,1846,1791065435798003,1791065435800067,2064,0,6,16741,16741,16741,12538,11580,35593
1,1848,1847,1791065435848003,1791065435850531,2528,0,7,16878,16878,16878,12649,12231,37107
1,1849,1848,1791065435898003,1791065435900119,2116,0,8,16971,16971,16971,12798,12329,36952
1,1850,1849,1791065435948003,1791065435950428,2425,0,9,16802,16802,16802,12599,12440,37004
1,1851,1850,1791065435998003,1791065435999971,1968,0,10,16824,16824,16824,12627,12429,36522
1,1852,1851,1791065436048003,1791065436050644,2641,0,11,16857,16857,16857,12592,12366,36662
1,1853,1852,1791065436098003,1791065436100297,2294,0,12,17012,17012,17012,12864,12734,37734
1,1854,1853,1791065436148003,1791065436150827,2824,0,13,16858,16858,16858,12742,12220,36982
1,1855,1854,1791065436198003,1791065436200587,2584,0,14,16882,16882,16882,12575,12137,36936
1,1856,1855,1791065436248003,1791065436250521,2518,0,15,16852,16852,16852,12614,12048,36807
1,1857,1856,1791065436298003,1791065436300574,2571,0,16,16993,16993,16993,12794,12782,38196
1,1858,1857,1791065436348003,1791065436350684,2681,0,17,16754,16754,16754,12526,11886,36196
1,1859,1858,1791065436398003,1791065436400043,2040,0,18,16977,16977,16977,12781,12171,37446
1,1860,1859,1791065436448003,1791065436450518,2515,0,19,16934,16934,16934,12845,12390,37792
1,1861,1860,1791065436498003,1791065436500095,2092,0,0,16732,16732,16732,12593,12148,37218
1,1862,1861,1791065436548003,1791065436550209,2206,0,1,16977,16977,16977,12761,12554,37566
1,1863,1862,1791065436598003,1791065436600096,2093,0,2,16850,16850,16850,12611,12404,36885
1,1864,1863,1791065436648003,1791065436650443,2440,0,3,16954,16954,16954,12680,12190,37077
1,1865,1864,1791065436698003,1791065436700299,2296,0,4,16812,16812,16812,12535,12347,36730
1,1866,1865,1791065436748003,1791065436750188,2185,0,5,16840,16840,16840,12692,12002,36632
1,1867,1866,1791065436798003,1791065436800870,2867,0,6,16741,16741,16741,12709,12248,37184
1,1868,1867,1791065436848003,1791065436850550,2547,0,7,16878,16878,16878,12693,12285,36962
1,1869,1868,1791065436898003,1791065436900854,2851,0,8,16971,16971,16971,12713,12708,37199
1,1870,1869,1791065436948003,1791065436949839,1836,0,9,16802,16802,16802,12616,12100,36542
1,1871,1870,1791065436998003,1791065437000029,2026,0,10,16824,16824,16824,12641,12034,36585
1,1872,1871,1791065437048003,1791065437049851,1848,0,11,16857,16857,16857,12675,12474,37383
1,1873,1872,1791065437098003,1791065437099980,1977,0,12,17012,17012,17012,12774,12699,37792
1,1874,1873,1791065437148003,1791065437150475,2472,0,13,16858,16858,16858,12670,12286,36850
1,1875,1874,1791065437198003,1791065437200901,2898,0,14,16882,16882,16882,12736,12457,37513
1,1876,1875,1791065437248003,1791065437250582,2579,0,15,16852,16852,16852,12656,12274,36795
1,1877,1876,1791065437298003,1791065437300424,2421,0,16,16993,16993,16993,12805,12541,37341
1,1878,1877,1791065437348003,1791065437349937,1934,0,17,16754,16754,16754,12707,12270,36732
1,1879,1878,1791065437398003,1791065437399965,1962,0,18,16977,16977,16977,12778,12279,36769
1,1880,1879,1791065437448003,1791065437450701,2698,0,19,16934,16934,16934,12718,12703,37083
1,1881,1880,1791065437498003,1791065437500304,2301,0,0,16732,16732,16732,12516,12255,36250
1,1882,1881,1791065437548003,1791065437550337,2334,0,1,16977,16977,16977,12675,12286,36722
1,1883,1882,1791065437598003,1791065437600396,2393,0,2,16850,16850,16850,12736,12316,36782
1,1884,1883,1791065437648003,1791065437650724,2721,0,3,16954,16954,16954,12724,12149,36528
1,1885,1884,1791065437698003,1791065437699968,1965,0,4,16812,16812,16812,12623,12374,36851
1,1886,1885,1791065437748003,1791065437750229,2226,0,5,16840,16840,16840,12694,12284,36851
1,1887,1886,1791065437798003,1791065437800049,2046,0,6,16741,16741,16741,12655,12538,36567
1,1888,1887,1791065437848003,1791065437850047,2044,0,7,16878,16878,16878,12619,12309,36361
1,1889,1888,1791065437898003,1791065437899866,1863,0,8,16971,16971,16971,12749,12169,36359
1,1890,1889,1791065437948003,1791065437949972,1969,0,9,16802,16802,16802,12724,12415,36744
1,1891,1890,1791065437998003,1791065438000064,2061,0,10,16824,16824,16824,12632,12216,36376
1,1892,1891,1791065438048003,1791065438050386,2383,0,11,16857,16857,16857,12728,12435,36699
1,1893,1892,1791065438098003,1791065438100683,2680,0,12,17012,17012,17012,12778,12228,36210
1,1894,1893,1791065438148003,1791065438149972,1969,0,13,16858,16858,16858,12673,12392,36405
1,1895,1894,1791065438198003,1791065438200826,2823,0,14,16882,16882,16882,12712,12184,35990
1,1896,1895,1791065438248003,1791065438250609,2606,0,15,16852,16852,16852,12582,12378,36125
1,1897,1896,1791065438298003,1791065438299966,1963,0,16,16993,16993,16993,12787,12450,36532
1,1898,1897,1791065438348003,1791065438350681,2678,0,17,16754,16754,16754,12629,12358,35996
1,1899,1898,1791065438398003,1791065438400692,2689,0,18,16977,16977,16977,12780,12397,36391
1,1900,1899,1791065438448003,1791065438450899,2896,0,19,16934,16934,16934,12735,12365,36304
1,1901,1900,1791065438498003,1791065438500257,2254,0,0,16732,16732,16732,12497,12226,35599
1,1902,1901,1791065438548003,1791065438550590,2587,0,1,16977,16977,16977,12702,12402,36393
1,1903,1902,1791065438598003,1791065438600593,2590,0,2,16850,16850,16850,12602,12187,35791
1,1904,1903,1791065438648003,1791065438650869,2866,0,3,16954,16954,16954,12683,12653,36363
1,1905,1904,1791065438698003,1791065438700633,2630,0,4,16812,16812,16812,12589,12366,35863
1,1906,1905,1791065438748003,1791065438750518,2515,0,5,16840,16840,16840,12668,12205,35890
1,1907,1906,1791065438798003,1791065438800620,2617,0,6,16741,16741,16741,12545,11718,35002
1,1908,1907,1791065438848003,1791065438850570,2567,0,7,16878,16878,16878,12602,12265,36484
1,1909,1908,1791065438898003,1791065438900808,2805,0,8,16971,16971,16971,12705,12483,36533
1,1910,1909,1791065438948003,1791065438949926,1923,0,9,16802,16802,16802,12623,12281,36008
1,1911,1910,1791065438998003,1791065439000586,2583,0,10,16824,16824,16824,12638,12274,35993
1,1912,1911,1791065439048003,1791065439050489,2486,0,11,16857,16857,16857,12663,12004,35819
1,1913,1912,1791065439098003,1791065439100418,2415,0,12,17012,17012,17012,12736,12418,36667
1,1914,1913,1791065439148003,1791065439150269,2266,0,13,16858,16858,16858,12718,12707,36608
1,1915,1914,1791065439198003,1791065439199997,1994,0,14,16882,16882,16882,12690,12385,36053
1,1916,1915,1791065439248003,1791065439250459,2456,0,15,16852,16852,16852,12665,12617,36377
1,1917,1916,1791065439298003,1791065439300264,2261,0,16,16993,16993,16993,12690,12589,36076
1,1918,1917,1791065439348003,1791065439350059,2056,0,17,16754,16754,16754,12578,12188,35728
1,1919,1918,1791065439398003,1791065439427544,29541,0,18,16977,16977,16977,12748,11991,35903
1,1920,1919,1791065439448003,1791065439471214,23211,0,19,16934,16934,16934,12677,12665,36710
1,1921,1920,1791065439498003,1791065439517613,19610,0,0,16732,16732,16732,12616,12343,35830
1,1922,1921,1791065439548003,1791065439561891,13888,0,1,16977,16977,16977,12866,12669,36654
1,1923,1922,1791065439598003,1791065439609139,11136,0,2,16850,16850,16850,12688,12523,36318
1,1924,1923,1791065439648003,1791065439656186,8183,0,3,16954,16954,16954,12774,12666,36446
1,1925,1924,1791065439698003,1791065439704212,6209,0,4,16812,16812,16812,12604,12290,35718
1,1926,1925,1791065439748003,1791065439749948,1945,0,5,16840,16840,16840,12638,12358,36037
1,1927,1926,1791065439798003,1791065439799952,1949,0,6,16741,16741,16741,12698,12644,36288
1,1928,1927,1791065439848003,1791065439850161,2158,0,7,16878,16878,16878,12664,12187,35721
1,1929,1928,1791065439898003,1791065439900195,2192,0,8,16971,16971,16971,12707,12529,36415
1,1930,1929,1791065439948003,1791065439949986,1983,0,9,16802,16802,16802,12661,12357,35973
1,1931,1930,1791065439998003,1791065440000826,2823,0,10,16824,16824,16824,12543,12170,35432
1,1932,1931,1791065440048003,1791065440049937,1934,0,11,16857,16857,16857,12606,12415,35972
1,1933,1932,1791065440098003,1791065440100380,2377,0,12,17012,17012,17012,12893,12704,36612
1,1934,1933,1791065440148003,1791065440150431,2428,0,13,16858,16858,16858,12675,12322,35779
1,1935,1934,1791065440198003,1791065440200122,2119,0,14,16882,16882,16882,12698,12552,36208
1,1936,1935,1791065440248003,1791065440250376,2373,0,15,16852,16852,16852,12548,11903,35233
1,1937,1936,1791065440298003,1791065440300786,2783,0,16,16993,16993,16993,12770,12504,36501
1,1938,1937,1791065440348003,1791065440350174,2171,0,17,16754,16754,16754,12625,12348,35957
1,1939,1938,1791065440398003,1791065440400720,2717,0,18,16977,16977,16977,12706,12420,36070
1,1940,1939,1791065440448003,1791065440450878,2875,0,19,16934,16934,16934,12778,12536,36379
1,1941,1940,1791065440498003,1791065440500847,2844,0,0,16732,16732,16732,12493,11980,35166
1,1942,1941,1791065440548003,1791065440550939,2936,0,1,16977,16977,16977,12853,12647,36782
1,1943,1942,1791065440598003,1791065440600147,2144,0,2,16850,16850,16850,12618,12364,35969
1,1944,1943,1791065440648003,1791065440650746,2743,0,3,16954,16954,16954,12829,12388,36169
1,1945,1944,1791065440698003,1791065440700830,2827,0,4,16812,16812,16812,12532,12260,35955
1,1946,1945,1791065440748003,1791065440750163,2160,0,5,16840,16840,16840,12699,12358,36150
1,1947,1946,1791065440798003,1791065440800618,2615,0,6,16741,16741,16741,12562,12339,35632
1,1948,1947,1791065440848003,1791065440850326,2323,0,7,16878,16878,16878,12830,12578,36614
1,1949,1948,1791065440898003,1791065440900309,2306,0,8,16971,16971,16971,12792,12389,35999
1,1950,1949,1791065440948003,1791065440950063,2060,0,9,16802,16802,16802,12686,12106,35679
1,1951,1950,1791065440998003,1791065440999996,1993,0,10,16824,16824,16824,12598,12239,35942
1,1952,1951,1791065441048003,1791065441049980,1977,0,11,16857,16857,16857,12566,12018,35283
1,1953,1952,1791065441098003,1791065441100677,2674,0,12,17012,17012,17012,12861,12547,36539
1,1954,1953,1791065441148003,1791065441150476,2473,0,13,16858,16858,16858,12591,12251,35659
1,1955,1954,1791065441198003,1791065441200239,2236,0,14,16882,16882,16882,12681,12548,36355
1,1956,1955,1791065441248003,1791065441250217,2214,0,15,16852,16852,16852,12588,12541,35870
1,1957,1956,1791065441298003,1791065441300427,2424,0,16,16993,16993,16993,12703,11808,35336
1,1958,1957,1791065441348003,1791065441350660,2657,0,17,16754,16754,16754,12593,12231,36351
1,1959,1958,1791065441398003,1791065441400196,2193,0,18,16977,16977,16977,12694,12314,35754
1,1960,1959,1791065441448003,1791065441449900,1897,0,19,16934,16934,16934,12717,12638,36316
1,1961,1960,1791065441498003,1791065441500447,2444,0,0,16732,16732,16732,12495,12347,35415
1,1962,1961,1791065441548003,1791065441550196,2193,0,1,16977,16977,16977,12722,12695,36267
1,1963,1962,1791065441598003,1791065441600361,2358,0,2,16850,16850,16850,12680,12078,35563
1,1964,1963,1791065441648003,1791065441650750,2747,0,3,16954,16954,16954,12688,12177,35985
1,1965,1964,1791065441698003,1791065441699972,1969,0,4,16812,16812,16812,12654,12437,35987
1,1966,1965,1791065441748003,1791065441750886,2883,0,5,16840,16840,16840,12564,12365,35847
1,1967,1966,1791065441798003,1791065441800365,2362,0,6,16741,16741,16741,12638,12017,35598
1,1968,1967,1791065441848003,1791065441849902,1899,0,7,16878,16878,16878,12778,12521,36696
1,1969,1968,1791065441898003,1791065441899934,1931,0,8,16971,16971,16971,12743,12166,35749
1,1970,1969,1791065441948003,1791065441950663,2660,0,9,16802,16802,16802,12593,12289,35911
1,1971,1970,1791065441998003,1791065442000512,2509,0,10,16824,16824,16824,12627,12140,35723
1,1972,1971,1791065442048003,1791065442050513,2510,0,11,16857,16857,16857,12672,12226,35997
1,1973,1972,1791065442098003,1791065442100092,2089,0,12,17012,17012,17012,12691,12527,36022
1,1974,1973,1791065442148003,1791065442150149,2146,0,13,16858,16858,16858,12632,12505,36002
1,1975,1974,1791065442198003,1791065442200789,2786,0,14,16882,16882,16882,12674,12367,36011
1,1976,1975,1791065442248003,1791065442249873,1870,0,15,16852,16852,16852,12621,12039,35629
1,1977,1976,1791065442298003,1791065442299943,1940,0,16,16993,16993,16993,12786,12474,36466
1,1978,1977,1791065442348003,1791065442350810,2807,0,17,16754,16754,16754,12654,12606,36080
1,1979,1978,1791065442398003,1791065442400520,2517,0,18,16977,16977,16977,12706,12288,35878
1,1980,1979,1791065442448003,1791065442450718,2715,0,19,16934,16934,16934,12777,12645,36489
1,1981,1980,1791065442498003,1791065442500344,2341,0,0,16732,16732,16732,12552,12380,35748
1,1982,1981,1791065442548003,1791065442550891,2888,0,1,16977,16977,16977,12783,12467,36015
1,1983,1982,1791065442598003,1791065442600856,2853,0,2,16850,16850,16850,12689,12033,35605
1,1984,1983,1791065442648003,1791065442650522,2519,0,3,16954,16954,16954,12670,12617,36453
1,1985,1984,1791065442698003,1791065442699927,1924,0,4,16812,16812,16812,12655,12615,36041
1,1986,1985,1791065442748003,1791065442749957,1954,0,5,16840,16840,16840,12687,12481,35986
1,1987,1986,1791065442798003,1791065442800109,2106,0,6,16741,16741,16741,12568,12487,35659
1,1988,1987,1791065442848003,1791065442850515,2512,0,7,16878,16878,16878,12727,12113,35864
1,1989,1988,1791065442898003,1791065442900345,2342,0,8,16971,16971,16971,12716,12552,36447
1,1990,1989,1791065442948003,1791065442950511,2508,0,9,16802,16802,16802,12429,12191,35300
1,1991,1990,1791065442998003,1791065442999838,1835,0,10,16824,16824,16824,12559,12010,35430
1,1992,1991,1791065443048003,1791065443050338,2335,0,11,16857,16857,16857,12596,12399,36000
1,1993,1992,1791065443098003,1791065443099953,1950,0,12,17012,17012,17012,12679,12270,35817
1,1994,1993,1791065443148003,1791065443150875,2872,0,13,16858,16858,16858,12579,12339,35858
1,1995,1994,1791065443198003,1791065443200288,2285,0,14,16882,16882,16882,12611,12573,35857
1,1996,1995,1791065443248003,1791065443249863,1860,0,15,16852,16852,16852,12662,12393,36040
1,1997,1996,1791065443298003,1791065443300806,2803,0,16,16993,16993,16993,12764,12141,35784
1,1998,1997,1791065443348003,1791065443350137,2134,0,17,16754,16754,16754,12610,12031,35679
1,1999,1998,1791065443398003,1791065443400504,2501,0,18,16977,16977,16977,12660,12445,36061
1,2000,1999,1791065443448003,1791065443450475,2472,0,19,16934,16934,16934,12770,12386,36100
1,2001,2000,1791065443498003,1791065443500038,2035,0,0,16732,16732,16732,12651,12511,36113
1,2002,2001,1791065443548003,1791065443550591,2588,0,1,16977,16977,16977,12787,12161,35881
1,2003,2002,1791065443598003,1791065443600428,2425,0,2,16850,16850,16850,12673,12453,36480
1,2004,2003,1791065443648003,1791065443649870,1867,0,3,16954,16954,16954,12738,12504,36162
1,2005,2004,1791065443698003,1791065443700461,2458,0,4,16812,16812,16812,12522,12436,35988
1,2006,2005,1791065443748003,1791065443750816,2813,0,5,16840,16840,16840,12630,12271,36148
1,2007,2006,1791065443798003,1791065443799944,1941,0,6,16741,16741,16741,12474,12386,35685
1,2008,2007,1791065443848003,1791065443850281,2278,0,7,16878,16878,16878,12581,12315,35789
1,2009,2008,1791065443898003,1791065443900223,2220,0,8,16971,16971,16971,12776,12550,36639
1,2010,2009,1791065443948003,1791065443950313,2310,0,9,16802,16802,16802,12579,12401,36016
1,2011,2010,1791065443998003,1791065443999875,1872,0,10,16824,16824,16824,12582,11505,34900
1,2012,2011,1791065444048003,1791065444050397,2394,0,11,16857,16857,16857,12713,12033,37244
1,2013,2012,1791065444098003,1791065444100722,2719,0,12,17012,17012,17012,12772,12436,36881
1,2014,2013,1791065444148003,1791065444150426,2423,0,13,16858,16858,16858,12649,12486,36424
1,2015,2014,1791065444198003,1791065444199927,1924,0,14,16882,16882,16882,12785,12213,36274
1,2016,2015,1791065444248003,1791065444250105,2102,0,15,16852,16852,16852,12658,12479,36537
1,2017,2016,1791065444298003,1791065444300077,2074,0,16,16993,16993,16993,12791,12429,36193
1,2018,2017,1791065444348003,1791065444350079,2076,0,17,16754,16754,16754,12569,12453,36022
1,2019,2018,1791065444398003,1791065444399908,1905,0,18,16977,16977,16977,12816,12544,36621
1,2020,2019,1791065444448003,1791065444450771,2768,0,19,16934,16934,16934,12701,12597,36243
1,2021,2020,1791065444498003,1791065444500652,2649,0,0,16732,16732,16732,12617,12389,35951
1,2022,2021,1791065444548003,1791065444550004,2001,0,1,16977,16977,16977,12716,12473,36605
1,2023,2022,1791065444598003,1791065444600294,2291,0,2,16850,16850,16850,12581,12469,36030
1,2024,2023,1791065444648003,1791065444649861,1858,0,3,16954,16954,16954,12777,12615,36347
1,2025,2024,1791065444698003,1791065444700177,2174,0,4,16812,16812,16812,12562,12185,35874
1,2026,2025,1791065444748003,1791065444750334,2331,0,5,16840,16840,16840,12650,12415,36103
1,2027,2026,1791065444798003,1791065444799891,1888,0,6,16741,16741,16741,12535,12512,35859
1,2028,2027,1791065444848003,1791065444850535,2532,0,7,16878,16878,16878,12618,12307,36081
1,2029,2028,1791065444898003,1791065444900793,2790,0,8,16971,16971,16971,12755,12216,36258
1,2030,2029,1791065444948003,1791065444950293,2290,0,9,16802,16802,16802,12643,12234,36076
1,2031,2030,1791065444998003,1791065445000619,2616,0,10,16824,16824,16824,12592,12291,36233
1,2032,2031,1791065445048003,1791065445050882,2879,0,11,16857,16857,16857,12665,12498,36539
1,2033,2032,1791065445098003,1791065445101467,3464,0,12,17012,17012,17012,12742,12510,36541
1,2034,2033,1791065445148003,1791065445149991,1988,0,13,16858,16858,16858,12643,12272,36228
1,2035,2034,1791065445198003,1791065445200165,2162,0,14,16882,16882,16882,12690,12552,36214
1,2036,2035,1791065445248003,1791065445250505,2502,0,15,16852,16852,16852,12664,12010,35437
1,2037,2036,1791065445298003,1791065445300112,2109,0,16,16993,16993,16993,12739,12601,36870
1,2038,2037,1791065445348003,1791065445350670,2667,0,17,16754,16754,16754,12567,12351,35974
1,2039,2038,1791065445398003,1791065445400242,2239,0,18,16977,16977,16977,12697,12342,36127
1,2040,2039,1791065445448003,1791065445450334,2331,0,19,16934,16934,16934,12705,12522,36355
1,2041,2040,1791065445498003,1791065445500689,2686,0,0,16732,16732,16732,12639,12067,35837
1,2042,2041,1791065445548003,1791065445550367,2364,0,1,16977,16977,16977,12756,12289,35991
1,2043,2042,1791065445598003,1791065445600764,2761,0,2,16850,16850,16850,12703,11865,35591
1,2044,2043,1791065445648003,1791065445650170,2167,0,3,16954,16954,16954,12728,12373,36522
1,2045,2044,1791065445698003,1791065445700602,2599,0,4,16812,16812,16812,12656,12455,36416
1,2046,2045,1791065445748003,1791065445750408,2405,0,5,16840,16840,16840,12685,12271,35975
1,2047,2046,1791065445798003,1791065445800174,2171,0,6,16741,16741,16741,12473,11934,35442
1,2048,2047,1791065445848003,1791065445850044,2041,0,7,16878,16878,16878,12764,12716,36749
1,2049,2048,1791065445898003,1791065445900581,2578,0,8,16971,16971,16971,12703,12134,35702
1,2050,2049,1791065445948003,1791065445950786,2783,0,9,16802,16802,16802,12760,12630,36770
1,2051,2050,1791065445998003,1791065446000240,2237,0,10,16824,16824,16824,12563,12170,35480
1,2052,2051,1791065446048003,1791065446050648,2645,0,11,16857,16857,16857,12658,12592,36273
1,2053,2052,1791065446098003,1791065446100053,2050,0,12,17012,17012,17012,12734,12727,36365
1,2054,2053,1791065446148003,1791065446150822,2819,0,13,16858,16858,16858,12652,12375,35751
1,2055,2054,1791065446198003,1791065446200195,2192,0,14,16882,16882,16882,12636,12317,35823
1,2056,2055,1791065446248003,1791065446250041,2038,0,15,16852,16852,16852,12601,12248,35939
1,2057,2056,1791065446298003,1791065446300054,2051,0,16,16993,16993,16993,12717,12238,36151
1,2058,2057,1791065446348003,1791065446349899,1896,0,17,16754,16754,16754,12608,12489,36029
1,2059,2058,1791065446398003,1791065446400332,2329,0,18,16977,16977,16977,12705,11918,35454
1,2060,2059,1791065446448003,1791065446450651,2648,0,19,16934,16934,16934,12744,12584,36742
1,2061,2060,1791065446498003,1791065446500442,2439,0,0,16732,16732,16732,12602,12217,35897
1,2062,2061,1791065446548003,1791065446550152,2149,0,1,16977,16977,16977,12714,12279,36197
1,2063,2062,1791065446598003,1791065446600421,2418,0,2,16850,16850,16850,12629,12053,35660
1,2064,2063,1791065446648003,1791065446650570,2567,0,3,16954,16954,16954,12667,12551,36568
1,2065,2064,1791065446698003,1791065446700831,2828,0,4,16812,16812,16812,12637,12378,36030
1,2066,2065,1791065446748003,1791065446750338,2335,0,5,16840,16840,16840,12613,12344,35852
1,2067,2066,1791065446798003,1791065446800525,2522,0,6,16741,16741,16741,12529,12190,35515
1,2068,2067,1791065446848003,1791065446850516,2513,0,7,16878,16878,16878,12617,12206,35762
1,2069,2068,1791065446898003,1791065446900204,2201,0,8,16971,16971,16971,12765,12335,36248
1,2070,2069,1791065446948003,1791065446950867,2864,0,9,16802,16802,16802,12624,12311,35784
1,2071,2070,1791065446998003,1791065447000518,2515,0,10,16824,16824,16824,12570,12388,35817
1,2072,2071,1791065447048003,1791065447049946,1943,0,11,16857,16857,16857,12746,12180,35884
1,2073,2072,1791065447098003,1791065447099946,1943,0,12,17012,17012,17012,12850,12749,36748
1,2074,2073,1791065447148003,1791065447150845,2842,0,13,16858,16858,16858,12644,12305,35843
1,2075,2074,1791065447198003,1791065447200527,2524,0,14,16882,16882,16882,12739,12682,36457
1,2076,2075,1791065447248003,1791065447250235,2232,0,15,16852,16852,16852,12741,12600,36419
1,2077,2076,1791065447298003,1791065447300026,2023,0,16,16993,16993,16993,12758,12048,35664
1,2078,2077,1791065447348003,1791065447350521,2518,0,17,16754,16754,16754,12579,12259,36137
1,2079,2078,1791065447398003,1791065447400493,2490,0,18,16977,16977,16977,12731,12395,36422
1,2080,2079,1791065447448003,1791065447450526,2523,0,19,16934,16934,16934,12721,12596,36326
1,2081,2080,1791065447498003,1791065447500156,2153,0,0,16732,16732,16732,12620,12138,35657
1,2082,2081,1791065447548003,1791065447550171,2168,0,1,16977,16977,16977,12783,12595,36591
1,2083,2082,1791065447598003,1791065447600682,2679,0,2,16850,16850,16850,12643,12327,35856
1,2084,2083,1791065447648003,1791065447649906,1903,0,3,16954,16954,16954,12621,12375,35808
1,2085,2084,1791065447698003,1791065447699936,1933,0,4,16812,16812,16812,12524,12203,35721
1,2086,2085,1791065447748003,1791065447750470,2467,0,5,16840,16840,16840,12595,12452,35871
1,2087,2086,1791065447798003,1791065447801107,3104,0,6,16741,16741,16741,12539,12362,35665
1,2088,2087,1791065447848003,1791065447850542,2539,0,7,16878,16878,16878,12717,12347,35915
1,2089,2088,1791065447898003,1791065447900203,2200,0,8,16971,16971,16971,12722,12594,36280
1,2090,2089,1791065447948003,1791065447950633,2630,0,9,16802,16802,16802,12643,12627,35931
1,2091,2090,1791065447998003,1791065448000576,2573,0,10,16824,16824,16824,12676,11911,35227
1,2092,2091,1791065448048003,1791065448051141,3138,0,11,16857,16857,16857,12624,12112,36164
1,2093,2092,1791065448098003,1791065448100622,2619,0,12,17012,17012,17012,12900,12536,36881
1,2094,2093,1791065448148003,1791065448150185,2182,0,13,16858,16858,16858,12726,12623,36552
1,2095,2094,1791065448198003,1791065448199939,1936,0,14,16882,16882,16882,12629,12403,35804
1,2096,2095,1791065448248003,1791065448249840,1837,0,15,16852,16852,16852,12684,12464,36095
1,2097,2096,1791065448298003,1791065448300747,2744,0,16,16993,16993,16993,12725,12216,35961
1,2098,2097,1791065448348003,1791065448350820,2817,0,17,16754,16754,16754,12611,12463,36038
1,2099,2098,1791065448398003,1791065448400546,2543,0,18,16977,16977,16977,12739,12521,36125
1,2100,2099,1791065448448003,1791065448450528,2525,0,19,16934,16934,16934,12797,12549,36194
1,2101,2100,1791065448498003,1791065448500711,2708,0,0,16732,16732,16732,12552,12268,35603
1,2102,2101,1791065448548003,1791065448550366,2363,0,1,16977,16977,16977,12803,12462,36480
1,2103,2102,1791065448598003,1791065448600504,2501,0,2,16850,16850,16850,12643,12559,36120
1,2104,2103,1791065448648003,1791065448649871,1868,0,3,16954,16954,16954,12728,12691,36115
1,2105,2104,1791065448698003,1791065448700169,2166,0,4,16812,16812,16812,12619,12228,35632
1,2106,2105,1791065448748003,1791065448750105,2102,0,5,16840,16840,16840,12581,11973,35377
1,2107,2106,1791065448798003,1791065448800697,2694,0,6,16741,16741,16741,12564,12385,36122
1,2108,2107,1791065448848003,1791065448850091,2088,0,7,16878,16878,16878,12686,12390,36034
1,2109,2108,1791065448898003,1791065448900325,2322,0,8,16971,16971,16971,12758,12485,36510
1,2110,2109,1791065448948003,1791065448950241,2238,0,9,16802,16802,16802,12641,12286,35863
1,2111,2110,1791065448998003,1791065449000118,2115,0,10,16824,16824,16824,12578,12303,35932
1,2112,2111,1791065449048003,1791065449050482,2479,0,11,16857,16857,16857,12710,12040,36061
1,2113,2112,1791065449098003,1791065449100817,2814,0,12,17012,17012,17012,12777,12766,37072
1,2114,2113,1791065449148003,1791065449151286,3283,0,13,16858,16858,16858,12735,12458,36514
1,2115,2114,1791065449198003,1791065449200178,2175,0,14,16882,16882,16882,12663,12309,36425
1,2116,2115,1791065449248003,1791065449249851,1848,0,15,16852,16852,16852,12637,12513,36515
1,2117,2116,1791065449298003,1791065449300333,2330,0,16,16993,16993,16993,12738,12377,36651
1,2118,2117,1791065449348003,1791065449350144,2141,0,17,16754,16754,16754,12584,12272,36320
1,2119,2118,1791065449398003,1791065449400802,2799,0,18,16977,16977,16977,12792,12127,36423
1,2120,2119,1791065449448003,1791065449450613,2610,0,19,16934,16934,16934,12653,12626,36489
1,2121,2120,1791065449498003,1791065449500244,2241,0,0,16732,16732,16732,12575,12115,35807
1,2122,2121,1791065449548003,1791065449550322,2319,0,1,16977,16977,16977,12771,12188,36358
1,2123,2122,1791065449598003,1791065449600078,2075,0,2,16850,16850,16850,12669,12589,36776
1,2124,2123,1791065449648003,1791065449650541,2538,0,3,16954,16954,16954,12797,12779,36925
1,2125,2124,1791065449698003,1791065449699994,1991,0,4,16812,16812,16812,12604,12147,35962
1,2126,2125,1791065449748003,1791065449750366,2363,0,5,16840,16840,16840,12675,12426,36428
1,2127,2126,1791065449798003,1791065449800111,2108,0,6,16741,16741,16741,12593,12254,35750
1,2128,2127,1791065449848003,1791065449850373,2370,0,7,16878,16878,16878,12718,11796,36014
1,2129,2128,1791065449898003,1791065449899895,1892,0,8,16971,16971,16971,12726,12451,37268
1,2130,2129,1791065449948003,1791065449949990,1987,0,9,16802,16802,16802,12546,12343,35895
1,2131,2130,1791065449998003,1791065450000169,2166,0,10,16824,16824,16824,12586,12222,35897
1,2132,2131,1791065450048003,1791065450050517,2514,0,11,16857,16857,16857,12614,12213,36023
1,2133,2132,1791065450098003,1791065450103641,5638,0,12,17012,17012,17012,12762,12377,36436
1,2134,2133,1791065450148003,1791065450161087,13084,0,13,16858,16858,16858,12565,12125,35944
1,2135,2134,1791065450198003,1791065450215091,17088,0,14,16882,16882,16882,12662,12393,36424
1,2136,2135,1791065450248003,1791065450267969,19966,0,15,16852,16852,16852,12644,12428,36321
1,2137,2136,1791065450298003,1791065450326632,28629,0,16,16993,16993,16993,12769,12527,36532
1,2138,2137,1791065450348003,1791065450385495,37492,0,17,16754,16754,16754,12621,12213,36215
1,2139,2138,1791065450398003,1791065450437300,39297,0,18,16977,16977,16977,12788,12359,36471
1,2140,2139,1791065450448003,1791065450479358,31355,0,19,16934,16934,16934,12745,11905,35660
1,2141,2140,1791065450498003,1791065450523177,25174,0,0,16732,16732,16732,12411,12234,36194
1,2142,2141,1791065450548003,1791065450565268,17265,0,1,16977,16977,16977,12724,12367,36339
1,2143,2142,1791065450598003,1791065450607109,9106,0,2,16850,16850,16850,12568,12266,35899
1,2144,2143,1791065450648003,1791065450650553,2550,0,3,16954,16954,16954,12720,12436,36345
1,2145,2144,1791065450698003,1791065450700292,2289,0,4,16812,16812,16812,12598,12405,36265
1,2146,2145,1791065450748003,1791065450750701,2698,0,5,16840,16840,16840,12813,12175,36135
1,2147,2146,1791065450798003,1791065450800702,2699,0,6,16741,16741,16741,12518,12299,35932
1,2148,2147,1791065450848003,1791065450849986,1983,0,7,16878,16878,16878,12668,12097,35685
1,2149,2148,1791065450898003,1791065450900354,2351,0,8,16971,16971,16971,12708,12133,35969
1,2150,2149,1791065450948003,1791065450950176,2173,0,9,16802,16802,16802,12611,11955,35594
1,2151,2150,1791065450998003,1791065451000029,2026,0,10,16824,16824,16824,12632,11972,35946
1,2152,2151,1791065451048003,1791065451050428,2425,0,11,16857,16857,16857,12587,12164,36233
1,2153,2152,1791065451098003,1791065451100235,2232,0,12,17012,17012,17012,12773,12407,36424
1,2154,2153,1791065451148003,1791065451150816,2813,0,13,16858,16858,16858,12651,12339,36037
1,2155,2154,1791065451198003,1791065451200880,2877,0,14,16882,16882,16882,12666,12386,36093
1,2156,2155,1791065451248003,1791065451250812,2809,0,15,16852,16852,16852,12708,12661,36324
1,2157,2156,1791065451298003,1791065451300038,2035,0,16,16993,16993,16993,12815,12108,36041
1,2158,2157,1791065451348003,1791065451350076,2073,0,17,16754,16754,16754,12516,12330,35731
1,2159,2158,1791065451398003,1791065451400541,2538,0,18,16977,16977,16977,12704,12369,35928
1,2160,2159,1791065451448003,1791065451478107,30104,0,19,16934,16934,16934,12627,12129,35863
1,2161,2160,1791065451498003,1791065451521129,23126,0,0,16732,16732,16732,12553,12154,35636
1,2162,2161,1791065451548003,1791065451564583,16580,0,1,16977,16977,16977,12792,12401,36172
1,2163,2162,1791065451598003,1791065451609111,11108,0,2,16850,16850,16850,12671,12486,36326
1,2164,2163,1791065451648003,1791065451654006,6003,0,3,16954,16954,16954,12771,12481,36341
1,2165,2164,1791065451698003,1791065451702487,4484,0,4,16812,16812,16812,12607,12352,35869
1,2166,2165,1791065451748003,1791065451750812,2809,0,5,16840,16840,16840,12725,12665,36485
1,2167,2166,1791065451798003,1791065451800294,2291,0,6,16741,16741,16741,12578,11966,35238
1,2168,2167,1791065451848003,1791065451850462,2459,0,7,16878,16878,16878,12741,12287,36655
1,2169,2168,1791065451898003,1791065451900145,2142,0,8,16971,16971,16971,12750,12533,36505
1,2170,2169,1791065451948003,1791065451950554,2551,0,9,16802,16802,16802,12526,12307,35945
1,2171,2170,1791065451998003,1791065452000025,2022,0,10,16824,16824,16824,12513,12207,35842
1,2172,2171,1791065452048003,1791065452050292,2289,0,11,16857,16857,16857,12570,11941,35871
1,2173,2172,1791065452098003,1791065452100720,2717,0,12,17012,17012,17012,12707,12232,36465
1,2174,2173,1791065452148003,1791065452150424,2421,0,13,16858,16858,16858,12657,12359,36445
1,2175,2174,1791065452198003,1791065452200513,2510,0,14,16882,16882,16882,12615,12364,36454
1,2176,2175,1791065452248003,1791065452250066,2063,0,15,16852,16852,16852,12665,12270,36019
1,2177,2176,1791065452298003,1791065452300865,2862,0,16,16993,16993,16993,12628,12211,36341
1,2178,2177,1791065452348003,1791065452350499,2496,0,17,16754,16754,16754,12552,12517,36454
1,2179,2178,1791065452398003,1791065452400422,2419,0,18,16977,16977,16977,12817,12577,37055
1,2180,2179,1791065452448003,1791065452450407,2404,0,19,16934,16934,16934,12641,11991,35977
1,2181,2180,1791065452498003,1791065452500332,2329,0,0,16732,16732,16732,12544,11776,35847
1,2182,2181,1791065452548003,1791065452550595,2592,0,1,16977,16977,16977,12801,12248,37230
1,2183,2182,1791065452598003,1791065452600507,2504,0,2,16850,16850,16850,12665,12244,36770
1,2184,2183,1791065452648003,1791065452650951,2948,0,3,16954,16954,16954,12701,12610,36858
1,2185,2184,1791065452698003,1791065452699951,1948,0,4,16812,16812,16812,12661,12121,36186
1,2186,2185,1791065452748003,1791065452750604,2601,0,5,16840,16840,16840,12602,12364,36639
1,2187,2186,1791065452798003,1791065452800965,2962,0,6,16741,16741,16741,12510,11683,35697
1,2188,2187,1791065452848003,1791065452850789,2786,0,7,16878,16878,16878,12679,12345,36942
1,2189,2188,1791065452898003,1791065452902046,4043,0,8,16971,16971,16971,12656,12042,36240
1,2190,2189,1791065452948003,1791065452950713,2710,0,9,16802,16802,16802,12631,12326,36565
1,2191,2190,1791065452998003,1791065453000257,2254,0,10,16824,16824,16824,12589,12214,36112
1,2192,2191,1791065453048003,1791065453050755,2752,0,11,16857,16857,16857,12721,12447,36809
1,2193,2192,1791065453098003,1791065453104310,6307,0,12,17012,17012,17012,12736,12343,36440
1,2194,2193,1791065453148003,1791065453150380,2377,0,13,16858,16858,16858,12616,12181,35972
1,2195,2194,1791065453198003,1791065453200073,2070,0,14,16882,16882,16882,12696,12518,36789
1,2196,2195,1791065453248003,1791065453250535,2532,0,15,16852,16852,16852,12542,12112,35863
1,2197,2196,1791065453298003,1791065453301120,3117,0,16,16993,16993,16993,12780,12237,36490
1,2198,2197,1791065453348003,1791065453350287,2284,0,17,16754,16754,16754,12663,12307,36746
1,2199,2198,1791065453398003,1791065453400819,2816,0,18,16977,16977,16977,12736,12368,36711
1,2200,2199,1791065453448003,1791065453450012,2009,0,19,16934,16934,16934,12823,12371,37031
1,2201,2200,1791065453498003,1791065453500109,2106,0,0,16732,16732,16732,12592,12020,35806
1,2202,2201,1791065453548003,1791065453549845,1842,0,1,16977,16977,16977,12804,12267,36707
1,2203,2202,1791065453598003,1791065453599966,1963,0,2,16850,16850,16850,12596,12112,35853
1,2204,2203,1791065453648003,1791065453650397,2394,0,3,16954,16954,16954,12685,12244,36304
1,2205,2204,1791065453698003,1791065453700409,2406,0,4,16812,16812,16812,12621,12562,36366
1,2206,2205,1791065453748003,1791065453750011,2008,0,5,16840,16840,16840,12691,12178,35892
1,2207,2206,1791065453798003,1791065453800615,2612,0,6,16741,16741,16741,12607,12404,36287
1,2208,2207,1791065453848003,1791065453850125,2122,0,7,16878,16878,16878,12640,12462,36283
1,2209,2208,1791065453898003,1791065453900701,2698,0,8,16971,16971,16971,12779,12744,36688
1,2210,2209,1791065453948003,1791065453950241,2238,0,9,16802,16802,16802,12640,12455,35918
1,2211,2210,1791065453998003,1791065454000184,2181,0,10,16824,16824,16824,12677,12166,35789
1,2212,2211,1791065454048003,1791065454050359,2356,0,11,16857,16857,16857,12695,12311,35948
1,2213,2212,1791065454098003,1791065454099985,1982,0,12,17012,17012,17012,12912,12333,36313
1,2214,2213,1791065454148003,1791065454150545,2542,0,13,16858,16858,16858,12659,12633,36311
1,2215,2214,1791065454198003,1791065454200083,2080,0,14,16882,16882,16882,12676,12487,36240
1,2216,2215,1791065454248003,1791065454250192,2189,0,15,16852,16852,16852,12616,12440,35792
1,2217,2216,1791065454298003,1791065454300362,2359,0,16,16993,16993,16993,12861,12611,36387
1,2218,2217,1791065454348003,1791065454350850,2847,0,17,16754,16754,16754,12598,12263,35667
1,2219,2218,1791065454398003,1791065454399927,1924,0,18,16977,16977,16977,12730,12478,36312
1,2220,2219,1791065454448003,1791065454451276,3273,0,19,16934,16934,16934,12726,12227,35940
1,2221,2220,1791065454498003,1791065454503329,5326,0,0,16732,16732,16732,12597,12508,36342
1,2222,2221,1791065454548003,1791065454550907,2904,0,1,16977,16977,16977,12704,12631,35929
1,2223,2222,1791065454598003,1791065454600533,2530,0,2,16850,16850,16850,12617,12084,35782
1,2224,2223,1791065454648003,1791065454650657,2654,0,3,16954,16954,16954,12756,12481,36231
1,2225,2224,1791065454698003,1791065454702505,4502,0,4,16812,16812,16812,12504,12158,35458
1,2226,2225,1791065454748003,1791065454750635,2632,0,5,16840,16840,16840,12605,12225,35681
1,2227,2226,1791065454798003,1791065454801023,3020,0,6,16741,16741,16741,12583,12162,35572
1,2228,2227,1791065454848003,1791065454850345,2342,0,7,16878,16878,16878,12740,12112,35760
1,2229,2228,1791065454898003,1791065454900086,2083,0,8,16971,16971,16971,12705,12107,36054
1,2230,2229,1791065454948003,1791065454950010,2007,0,9,16802,16802,16802,12600,12126,36110
1,2231,2230,1791065454998003,1791065454999876,1873,0,10,16824,16824,16824,12594,12522,36224
1,2232,2231,1791065455048003,1791065455050729,2726,0,11,16857,16857,16857,12726,12698,36184
1,2233,2232,1791065455098003,1791065455100359,2356,0,12,17012,17012,17012,12717,12700,36340
1,2234,2233,1791065455148003,1791065455169495,21492,0,13,16858,16858,16858,12580,11886,35555
1,2235,2234,1791065455198003,1791065455219537,21534,0,14,16882,16882,16882,12624,12024,36297
1,2236,2235,1791065455248003,1791065455268474,20471,0,15,16852,16852,16852,12693,12341,36431
1,2237,2236,1791065455298003,1791065455311719,13716,0,16,16993,16993,16993,12660,12010,35495
1,2238,2237,1791065455348003,1791065455353879,5876,0,17,16754,16754,16754,12590,12205,36128
1,2239,2238,1791065455398003,1791065455402629,4626,0,18,16977,16977,16977,12761,12585,36549
1,2240,2239,1791065455448003,1791065455450486,2483,0,19,16934,16934,16934,12651,12355,36121
1,2241,2240,1791065455498003,1791065455500358,2355,0,0,16732,16732,16732,12575,12568,35985
1,2242,2241,1791065455548003,1791065455550587,2584,0,1,16977,16977,16977,12713,12302,35759
1,2243,2242,1791065455598003,1791065455600014,2011,0,2,16850,16850,16850,12644,12035,35709
1,2244,2243,1791065455648003,1791065455650565,2562,0,3,16954,16954,16954,12643,12402,36146
1,2245,2244,1791065455698003,1791065455700793,2790,0,4,16812,16812,16812,12645,12217,35787
1,2246,2245,1791065455748003,1791065455750584,2581,0,5,16840,16840,16840,12533,12284,35821
1,2247,2246,1791065455798003,1791065455800039,2036,0,6,16741,16741,16741,12645,12323,36120
1,2248,2247,1791065455848003,1791065455850782,2779,0,7,16878,16878,16878,12576,12394,36206
1,2249,2248,1791065455898003,1791065455900293,2290,0,8,16971,16971,16971,12688,12068,35798
1,2250,2249,1791065455948003,1791065455950356,2353,0,9,16802,16802,16802,12602,12195,36056
1,2251,2250,1791065455998003,1791065456000227,2224,0,10,16824,16824,16824,12590,12332,36205
1,2252,2251,1791065456048003,1791065456050518,2515,0,11,16857,16857,16857,12679,12030,35963
1,2253,2252,1791065456098003,1791065456100855,2852,0,12,17012,17012,17012,12721,12491,36588
1,2254,2253,1791065456148003,1791065456150356,2353,0,13,16858,16858,16858,12690,12128,35988
1,2255,2254,1791065456198003,1791065456200245,2242,0,14,16882,16882,16882,12625,12085,35811
1,2256,2255,1791065456248003,1791065456250559,2556,0,15,16852,16852,16852,12727,12504,36504
1,2257,2256,1791065456298003,1791065456300418,2415,0,16,16993,16993,16993,12729,12130,35908
1,2258,2257,1791065456348003,1791065456350724,2721,0,17,16754,16754,16754,12681,12119,36173
1,2259,2258,1791065456398003,1791065456400292,2289,0,18,16977,16977,16977,12668,12408,36507
1,2260,2259,1791065456448003,1791065456450274,2271,0,19,16934,16934,16934,12837,12817,37248
1,2261,2260,1791065456498003,1791065456500894,2891,0,0,16732,16732,16732,12553,12459,36095
1,2262,2261,1791065456548003,1791065456550028,2025,0,1,16977,16977,16977,12840,12247,36523
1,2263,2262,1791065456598003,1791065456600527,2524,0,2,16850,16850,16850,12582,12042,36183
1,2264,2263,1791065456648003,1791065456650475,2472,0,3,16954,16954,16954,12720,12535,36841
1,2265,2264,1791065456698003,1791065456699985,1982,0,4,16812,16812,16812,12565,12089,35794
1,2266,2265,1791065456748003,1791065456749982,1979,0,5,16840,16840,16840,12725,12387,36617
1,2267,2266,1791065456798003,1791065456800073,2070,0,6,16741,16741,16741,12591,12468,36207
1,2268,2267,1791065456848003,1791065456850411,2408,0,7,16878,16878,16878,12643,12330,36235
1,2269,2268,1791065456898003,1791065456900462,2459,0,8,16971,16971,16971,12773,11976,35789
1,2270,2269,1791065456948003,1791065456950745,2742,0,9,16802,16802,16802,12691,12424,37140
1,2271,2270,1791065456998003,1791065457000250,2247,0,10,16824,16824,16824,12651,12632,36772
1,2272,2271,1791065457048003,1791065457050101,2098,0,11,16857,16857,16857,12672,12471,36514
1,2273,2272,1791065457098003,1791065457100879,2876,0,12,17012,17012,17012,12796,12533,36972
1,2274,2273,1791065457148003,1791065457150557,2554,0,13,16858,16858,16858,12733,12622,37060
1,2275,2274,1791065457198003,1791065457200759,2756,0,14,16882,16882,16882,12723,12098,36498
1,2276,2275,1791065457248003,1791065457250265,2262,0,15,16852,16852,16852,12586,12048,36071
1,2277,2276,1791065457298003,1791065457300116,2113,0,16,16993,16993,16993,12790,12170,36656
1,2278,2277,1791065457348003,1791065457349838,1835,0,17,16754,16754,16754,12516,12098,35959
1,2279,2278,1791065457398003,1791065457400223,2220,0,18,16977,16977,16977,12694,12374,37019
1,2280,2279,1791065457448003,1791065457450717,2714,0,19,16934,16934,16934,12679,12422,36712
1,2281,2280,1791065457498003,1791065457500872,2869,0,0,16732,16732,16732,12680,12466,36566
1,2282,2281,1791065457548003,1791065457550194,2191,0,1,16977,16977,16977,12747,11903,36017
1,2283,2282,1791065457598003,1791065457600581,2578,0,2,16850,16850,16850,12629,12172,36582
1,2284,2283,1791065457648003,1791065457650301,2298,0,3,16954,16954,16954,12772,12436,36588
1,2285,2284,1791065457698003,1791065457700032,2029,0,4,16812,16812,16812,12579,12555,36454
1,2286,2285,1791065457748003,1791065457750700,2697,0,5,16840,16840,16840,12682,12397,36177
1,2287,2286,1791065457798003,1791065457799971,1968,0,6,16741,16741,16741,12682,12394,36539
1,2288,2287,1791065457848003,1791065457850562,2559,0,7,16878,16878,16878,12603,12392,36317
1,2289,2288,1791065457898003,1791065457900389,2386,0,8,16971,16971,16971,12775,12392,36785
1,2290,2289,1791065457948003,1791065457950235,2232,0,9,16802,16802,16802,12607,12344,36357
1,2291,2290,1791065457998003,1791065458000181,2178,0,10,16824,16824,16824,12663,12420,36526
1,2292,2291,1791065458048003,1791065458049827,1824,0,11,16857,16857,16857,12604,12040,36135
1,2293,2292,1791065458098003,1791065458100436,2433,0,12,17012,17012,17012,12647,12202,36573
1,2294,2293,1791065458148003,1791065458150605,2602,0,13,16858,16858,16858,12621,12091,36498
1,2295,2294,1791065458198003,1791065458200641,2638,0,14,16882,16882,16882,12726,11943,36527
1,2296,2295,1791065458248003,1791065458250561,2558,0,15,16852,16852,16852,12737,12480,37620
1,2297,2296,1791065458298003,1791065458300086,2083,0,16,16993,16993,16993,12766,12531,37493
1,2298,2297,1791065458348003,1791065458351720,3717,0,17,16754,16754,16754,12575,12406,36739
1,2299,2298,1791065458398003,1791065458401614,3611,0,18,16977,16977,16977,12782,12480,37279
1,2300,2299,1791065458448003,1791065458449945,1942,0,19,16934,16934,16934,12777,12059,36698
1,2301,2300,1791065458498003,1791065458500869,2866,0,0,16732,16732,16732,12573,12053,36677
1,2302,2301,1791065458548003,1791065458549897,1894,0,1,16977,16977,16977,12804,11923,36229
1,2303,2302,1791065458598003,1791065458600835,2832,0,2,16850,16850,16850,12680,12163,36825
1,2304,2303,1791065458648003,1791065458650529,2526,0,3,16954,16954,16954,12654,12434,36220
1,2305,2304,1791065458698003,1791065458699901,1898,0,4,16812,16812,16812,12582,12079,35594
1,2306,2305,1791065458748003,1791065458750074,2071,0,5,16840,16840,16840,12604,12526,36171
1,2307,2306,1791065458798003,1791065458800005,2002,0,6,16741,16741,16741,12542,12129,35665
1,2308,2307,1791065458848003,1791065458850779,2776,0,7,16878,16878,16878,12757,12546,36197
1,2309,2308,1791065458898003,1791065458900148,2145,0,8,16971,16971,16971,12725,12225,36157
1,2310,2309,1791065458948003,1791065458950847,2844,0,9,16802,16802,16802,12576,12412,36057
1,2311,2310,1791065458998003,1791065459000791,2788,0,10,16824,16824,16824,12604,12268,35956
1,2312,2311,1791065459048003,1791065459050557,2554,0,11,16857,16857,16857,12658,12453,36520
1,2313,2312,1791065459098003,1791065459099906,1903,0,12,17012,17012,17012,12813,12140,36391
1,2314,2313,1791065459148003,1791065459150507,2504,0,13,16858,16858,16858,12701,12602,36569
1,2315,2314,1791065459198003,1791065459200099,2096,0,14,16882,16882,16882,12723,12300,36246
1,2316,2315,1791065459248003,1791065459250457,2454,0,15,16852,16852,16852,12661,12265,36264
1,2317,2316,1791065459298003,1791065459300008,2005,0,16,16993,16993,16993,12800,12489,36596
1,2318,2317,1791065459348003,1791065459350067,2064,0,17,16754,16754,16754,12587,12086,35845
1,2319,2318,1791065459398003,1791065459400195,2192,0,18,16977,16977,16977,12748,12003,36374
1,2320,2319,1791065459448003,1791065459450551,2548,0,19,16934,16934,16934,12731,11926,36189
1,2321,2320,1791065459498003,1791065459500645,2642,0,0,16732,16732,16732,12585,12019,36305
1,2322,2321,1791065459548003,1791065459550775,2772,0,1,16977,16977,16977,12768,11880,36182
1,2323,2322,1791065459598003,1791065459600642,2639,0,2,16850,16850,16850,12585,12409,37103
1,2324,2323,1791065459648003,1791065459650751,2748,0,3,16954,16954,16954,12824,12364,36434
1,2325,2324,1791065459698003,1791065459700397,2394,0,4,16812,16812,16812,12629,12022,35880
1,2326,2325,1791065459748003,1791065459750317,2314,0,5,16840,16840,16840,12601,11963,35799
1,2327,2326,1791065459798003,1791065459800153,2150,0,6,16741,16741,16741,12647,12377,36413
1,2328,2327,1791065459848003,1791065459849945,1942,0,7,16878,16878,16878,12673,12315,36047
1,2329,2328,1791065459898003,1791065459900758,2755,0,8,16971,16971,16971,12747,12642,36526
1,2330,2329,1791065459948003,1791065459950155,2152,0,9,16802,16802,16802,12644,12322,36012
1,2331,2330,1791065459998003,1791065460000405,2402,0,10,16824,16824,16824,12699,12489,36352
1,2332,2331,1791065460048003,1791065460050205,2202,0,11,16857,16857,16857,12687,12351,35884
1,2333,2332,1791065460098003,1791065460100370,2367,0,12,17012,17012,17012,12724,12078,35886
1,2334,2333,1791065460148003,1791065460150734,2731,0,13,16858,16858,16858,12711,12147,35940
1,2335,2334,1791065460198003,1791065460199931,1928,0,14,16882,16882,16882,12647,12493,36129
1,2336,2335,1791065460248003,1791065460250550,2547,0,15,16852,16852,16852,12666,12279,36003
1,2337,2336,1791065460298003,1791065460300036,2033,0,16,16993,16993,16993,12824,12581,36666
1,2338,2337,1791065460348003,1791065460350302,2299,0,17,16754,16754,16754,12519,12262,35476
1,2339,2338,1791065460398003,1791065460400765,2762,0,18,16977,16977,16977,12781,12210,36242
1,2340,2339,1791065460448003,1791065460450670,2667,0,19,16934,16934,16934,12747,12381,36259
1,2341,2340,1791065460498003,1791065460500412,2409,0,0,16732,16732,16732,12632,12162,35866
1,2342,2341,1791065460548003,1791065460550056,2053,0,1,16977,16977,16977,12772,12500,36304
1,2343,2342,1791065460598003,1791065460599974,1971,0,2,16850,16850,16850,12628,12310,35988
1,2344,2343,1791065460648003,1791065460649844,1841,0,3,16954,16954,16954,12793,12135,35841
1,2345,2344,1791065460698003,1791065460700885,2882,0,4,16812,16812,16812,12553,12383,36154
1,2346,2345,1791065460748003,1791065460750772,2769,0,5,16840,16840,16840,12614,12243,35557
1,2347,2346,1791065460798003,1791065460800829,2826,0,6,16741,16741,16741,12572,12547,35801
1,2348,2347,1791065460848003,1791065460850579,2576,0,7,16878,16878,16878,12632,12353,35764
1,2349,2348,1791065460898003,1791065460900414,2411,0,8,16971,16971,16971,12711,12522,36189
1,2350,2349,1791065460948003,1791065460950164,2161,0,9,16802,16802,16802,12697,12534,35912
1,2351,2350,1791065460998003,1791065461000618,2615,0,10,16824,16824,16824,12572,12150,35691
1,2352,2351,1791065461048003,1791065461050571,2568,0,11,16857,16857,16857,12640,12580,36022
1,2353,2352,1791065461098003,1791065461100069,2066,0,12,17012,17012,17012,12812,11948,35687
1,2354,2353,1791065461148003,1791065461150350,2347,0,13,16858,16858,16858,12667,12380,36764
1,2355,2354,1791065461198003,1791065461200029,2026,0,14,16882,16882,16882,12664,12232,35532
1,2356,2355,1791065461248003,1791065461250476,2473,0,15,16852,16852,16852,12705,12144,36098
1,2357,2356,1791065461298003,1791065461300273,2270,0,16,16993,16993,16993,12699,12410,36224
1,2358,2357,1791065461348003,1791065461350655,2652,0,17,16754,16754,16754,12590,12257,35615
1,2359,2358,1791065461398003,1791065461400530,2527,0,18,16977,16977,16977,12782,12512,36345
1,2360,2359,1791065461448003,1791065461450316,2313,0,19,16934,16934,16934,12797,12738,36472
1,2361,2360,1791065461498003,1791065461500055,2052,0,0,16732,16732,16732,12715,11860,35385
1,2362,2361,1791065461548003,1791065461549940,1937,0,1,16977,16977,16977,12724,12329,36724
1,2363,2362,1791065461598003,1791065461600622,2619,0,2,16850,16850,16850,12552,12086,35491
1,2364,2363,1791065461648003,1791065461649891,1888,0,3,16954,16954,16954,12724,12557,36309
1,2365,2364,1791065461698003,1791065461700834,2831,0,4,16812,16812,16812,12673,12105,35558
1,2366,2365,1791065461748003,1791065461750436,2433,0,5,16840,16840,16840,12574,11930,35385
1,2367,2366,1791065461798003,1791065461799934,1931,0,6,16741,16741,16741,12484,11753,35269
1,2368,2367,1791065461848003,1791065461850574,2571,0,7,16878,16878,16878,12685,12510,36782
1,2369,2368,1791065461898003,1791065461900816,2813,0,8,16971,16971,16971,12799,12464,36180
1,2370,2369,1791065461948003,1791065461950429,2426,0,9,16802,16802,16802,12634,12353,35795
1,2371,2370,1791065461998003,1791065461999911,1908,0,10,16824,16824,16824,12720,12225,35989
1,2372,2371,1791065462048003,1791065462050238,2235,0,11,16857,16857,16857,12608,12364,35867
1,2373,2372,1791065462098003,1791065462100327,2324,0,12,17012,17012,17012,12782,12165,36196
1,2374,2373,1791065462148003,1791065462150403,2400,0,13,16858,16858,16858,12649,12518,36339
1,2375,2374,1791065462198003,1791065462200144,2141,0,14,16882,16882,16882,12650,12516,35995
1,2376,2375,1791065462248003,1791065462250544,2541,0,15,16852,16852,16852,12729,12068,35914
1,2377,2376,1791065462298003,1791065462300482,2479,0,16,16993,16993,16993,12710,11859,35699
1,2378,2377,1791065462348003,1791065462349981,1978,0,17,16754,16754,16754,12494,12308,36119
1,2379,2378,1791065462398003,1791065462400536,2533,0,18,16977,16977,16977,12742,12654,36389
1,2380,2379,1791065462448003,1791065462450410,2407,0,19,16934,16934,16934,12704,12387,35843
1,2381,2380,1791065462498003,1791065462499964,1961,0,0,16732,16732,16732,12659,12584,36195
1,2382,2381,1791065462548003,1791065462550427,2424,0,1,16977,16977,16977,12751,12375,36099
1,2383,2382,1791065462598003,1791065462600562,2559,0,2,16850,16850,16850,12628,12519,36215
1,2384,2383,1791065462648003,1791065462650603,2600,0,3,16954,16954,16954,12737,12123,35942
1,2385,2384,1791065462698003,1791065462700516,2513,0,4,16812,16812,16812,12606,12063,35818
1,2386,2385,1791065462748003,1791065462750724,2721,0,5,16840,16840,16840,12657,12578,36449
1,2387,2386,1791065462798003,1791065462800325,2322,0,6,16741,16741,16741,12513,12035,35402
1,2388,2387,1791065462848003,1791065462850766,2763,0,7,16878,16878,16878,12681,11861,35715
1,2389,2388,1791065462898003,1791065462900441,2438,0,8,16971,16971,16971,12729,12526,36923
1,2390,2389,1791065462948003,1791065462950396,2393,0,9,16802,16802,16802,12628,12195,36056
1,2391,2390,1791065462998003,1791065463000367,2364,0,10,16824,16824,16824,12509,12250,35959
1,2392,2391,1791065463048003,1791065463050492,2489,0,11,16857,16857,16857,12574,11953,35272
1,2393,2392,1791065463098003,1791065463100427,2424,0,12,17012,17012,17012,12778,12165,36310
1,2394,2393,1791065463148003,1791065463150168,2165,0,13,16858,16858,16858,12682,12257,36009
1,2395,2394,1791065463198003,1791065463200871,2868,0,14,16882,16882,16882,12706,12301,36097
1,2396,2395,1791065463248003,1791065463250471,2468,0,15,16852,16852,16852,12610,12340,36096
1,2397,2396,1791065463298003,1791065463300359,2356,0,16,16993,16993,16993,12746,12360,36075
1,2398,2397,1791065463348003,1791065463350336,2333,0,17,16754,16754,16754,12553,12527,36003
1,2399,2398,1791065463398003,1791065463401040,3037,0,18,16977,16977,16977,12720,12518,36232
1,2400,2399,1791065463448003,1791065463449997,1994,0,19,16934,16934,16934,12770,12550,36398
1,2401,2400,1791065463498003,1791065463500640,2637,0,0,16732,16732,16732,12479,12168,35478
1,2402,2401,1791065463548003,1791065463576851,28848,0,1,16977,16977,16977,12722,12464,36531
1,2403,2402,1791065463598003,1791065463621342,23339,0,2,16850,16850,16850,12641,12444,36068
1,2404,2403,1791065463648003,1791065463667801,19798,0,3,16954,16954,16954,12726,12054,35698
1,2405,2404,1791065463698003,1791065463713820,15817,0,4,16812,16812,16812,12513,11961,35570
1,2406,2405,1791065463748003,1791065463760253,12250,0,5,16840,16840,16840,12652,12426,36003
1,2407,2406,1791065463798003,1791065463807451,9448,0,6,16741,16741,16741,12560,11904,35456
1,2408,2407,1791065463848003,1791065463853943,5940,0,7,16878,16878,16878,12589,12381,36013
1,2409,2408,1791065463898003,1791065463903253,5250,0,8,16971,16971,16971,12686,11841,35385
1,2410,2409,1791065463948003,1791065463950633,2630,0,9,16802,16802,16802,12621,12429,36799
1,2411,2410,1791065463998003,1791065464000135,2132,0,10,16824,16824,16824,12634,11939,35649
1,2412,2411,1791065464048003,1791065464049939,1936,0,11,16857,16857,16857,12712,12643,36537
1,2413,2412,1791065464098003,1791065464100209,2206,0,12,17012,17012,17012,12867,12519,36595
1,2414,2413,1791065464148003,1791065464151307,3304,0,13,16858,16858,16858,12697,12449,36205
1,2415,2414,1791065464198003,1791065464200113,2110,0,14,16882,16882,16882,12770,12704,36656
1,2416,2415,1791065464248003,1791065464249843,1840,0,15,16852,16852,16852,12726,12559,36387
1,2417,2416,1791065464298003,1791065464300482,2479,0,16,16993,16993,16993,12735,12720,36512
1,2418,2417,1791065464348003,1791065464350514,2511,0,17,16754,16754,16754,12557,12361,35700
1,2419,2418,1791065464398003,1791065464400236,2233,0,18,16977,16977,16977,12713,12002,35690
1,2420,2419,1791065464448003,1791065464450773,2770,0,19,16934,16934,16934,12757,12356,36629
1,2421,2420,1791065464498003,1791065464500685,2682,0,0,16732,16732,16732,12704,12315,36188
1,2422,2421,1791065464548003,1791065464550519,2516,0,1,16977,16977,16977,12839,12447,36731
1,2423,2422,1791065464598003,1791065464600284,2281,0,2,16850,16850,16850,12637,12572,36365
1,2424,2423,1791065464648003,1791065464649933,1930,0,3,16954,16954,16954,12708,12440,36173
1,2425,2424,1791065464698003,1791065464700518,2515,0,4,16812,16812,16812,12634,12528,36451
1,2426,2425,1791065464748003,1791065464750531,2528,0,5,16840,16840,16840,12664,12509,36494
1,2427,2426,1791065464798003,1791065464800274,2271,0,6,16741,16741,16741,12566,11784,35468
1,2428,2427,1791065464848003,1791065464850616,2613,0,7,16878,16878,16878,12603,12542,36804
1,2429,2428,1791065464898003,1791065464899838,1835,0,8,16971,16971,16971,12726,12051,36176
1,2430,2429,1791065464948003,1791065464949977,1974,0,9,16802,16802,16802,12774,12291,36737
1,2431,2430,1791065464998003,1791065465001284,3281,0,10,16824,16824,16824,12517,12070,36015
1,2432,2431,1791065465048003,1791065465050180,2177,0,11,16857,16857,16857,12668,12351,36873
1,2433,2432,1791065465098003,1791065465100255,2252,0,12,17012,17012,17012,12882,12719,37410
1,2434,2433,1791065465148003,1791065465150261,2258,0,13,16858,16858,16858,12672,12446,36777
1,2435,2434,1791065465198003,1791065465200412,2409,0,14,16882,16882,16882,12656,12470,36996
1,2436,2435,1791065465248003,1791065465249842,1839,0,15,16852,16852,16852,12742,12739,37476
1,2437,2436,1791065465298003,1791065465299974,1971,0,16,16993,16993,16993,12718,12646,37389
1,2438,2437,1791065465348003,1791065465350461,2458,0,17,16754,16754,16754,12481,12349,36561
1,2439,2438,1791065465398003,1791065465399953,1950,0,18,16977,16977,16977,12679,12449,37017
1,2440,2439,1791065465448003,1791065465450256,2253,0,19,16934,16934,16934,12707,12196,36835
1,2441,2440,1791065465498003,1791065465500632,2629,0,0,16732,16732,16732,12549,12278,36990
1,2442,2441,1791065465548003,1791065465549902,1899,0,1,16977,16977,16977,12776,12180,37077
1,2443,2442,1791065465598003,1791065465600332,2329,0,2,16850,16850,16850,12607,12011,36748
1,2444,2443,1791065465648003,1791065465650386,2383,0,3,16954,16954,16954,12706,12615,37139
1,2445,2444,1791065465698003,1791065465700274,2271,0,4,16812,16812,16812,12523,12240,36577
1,2446,2445,1791065465748003,1791065465750486,2483,0,5,16840,16840,16840,12680,12475,37124
1,2447,2446,1791065465798003,1791065465800660,2657,0,6,16741,16741,16741,12545,12521,36302
1,2448,2447,1791065465848003,1791065465850528,2525,0,7,16878,16878,16878,12618,12166,36069
1,2449,2448,1791065465898003,1791065465899949,1946,0,8,16971,16971,16971,12743,12671,37118
1,2450,2449,1791065465948003,1791065465950644,2641,0,9,16802,16802,16802,12608,12281,36163
1,2451,2450,1791065465998003,1791065466000003,2000,0,10,16824,16824,16824,12551,12356,36111
1,2452,2451,1791065466048003,1791065466050535,2532,0,11,16857,16857,16857,12640,12253,36556
1,2453,2452,1791065466098003,1791065466103759,5756,0,12,17012,17012,17012,12828,12765,37743
1,2454,2453,1791065466148003,1791065466149973,1970,0,13,16858,16858,16858,12676,12452,36615
1,2455,2454,1791065466198003,1791065466200256,2253,0,14,16882,16882,16882,12686,12468,36733
1,2456,2455,1791065466248003,1791065466250576,2573,0,15,16852,16852,16852,12703,12682,37070
1,2457,2456,1791065466298003,1791065466300369,2366,0,16,16993,16993,16993,12788,12187,36992
1,2458,2457,1791065466348003,1791065466350766,2763,0,17,16754,16754,16754,12612,12214,36583
1,2459,2458,1791065466398003,1791065466400403,2400,0,18,16977,16977,16977,12632,12254,36916
1,2460,2459,1791065466448003,1791065466449986,1983,0,19,16934,16934,16934,12773,12200,37011
1,2461,2460,1791065466498003,1791065466500408,2405,0,0,16732,16732,16732,12586,12070,37051
1,2462,2461,1791065466548003,1791065466550324,2321,0,1,16977,16977,16977,12704,12173,36857
1,2463,2462,1791065466598003,1791065466600638,2635,0,2,16850,16850,16850,12576,12292,36906
1,2464,2463,1791065466648003,1791065466650348,2345,0,3,16954,16954,16954,12749,12355,36967
1,2465,2464,1791065466698003,1791065466700687,2684,0,4,16812,16812,16812,12606,12181,36428
1,2466,2465,1791065466748003,1791065466750840,2837,0,5,16840,16840,16840,12682,12455,36722
1,2467,2466,1791065466798003,1791065466800782,2779,0,6,16741,16741,16741,12564,12531,36529
1,2468,2467,1791065466848003,1791065466850798,2795,0,7,16878,16878,16878,12634,12425,36687
1,2469,2468,1791065466898003,1791065466901132,3129,0,8,16971,16971,16971,12578,12074,36149
1,2470,2469,1791065466948003,1791065466950708,2705,0,9,16802,16802,16802,12528,12417,36355
1,2471,2470,1791065466998003,1791065467000762,2759,0,10,16824,16824,16824,12739,11908,35879
1,2472,2471,1791065467048003,1791065467049835,1832,0,11,16857,16857,16857,12729,11977,36651
1,2473,2472,1791065467098003,1791065467099943,1940,0,12,17012,17012,17012,12735,12546,37360
1,2474,2473,1791065467148003,1791065467150863,2860,0,13,16858,16858,16858,12612,11976,36146
1,2475,2474,1791065467198003,1791065467200552,2549,0,14,16882,16882,16882,12694,12283,36890
1,2476,2475,1791065467248003,1791065467250111,2108,0,15,16852,16852,16852,12647,12130,36379
1,2477,2476,1791065467298003,1791065467313628,15625,0,16,16993,16993,16993,12626,12295,36425
1,2478,2477,1791065467348003,1791065467370647,22644,0,17,16754,16754,16754,12594,12418,36590
1,2479,2478,1791065467398003,1791065467416978,18975,0,18,16977,16977,16977,12727,12192,36269
1,2480,2479,1791065467448003,1791065467464855,16852,0,19,16934,16934,16934,12612,12031,36231
1,2481,2480,1791065467498003,1791065467510805,12802,0,0,16732,16732,16732,12540,12370,36105
1,2482,2481,1791065467548003,1791065467553952,5949,0,1,16977,16977,16977,12760,12331,36336
1,2483,2482,1791065467598003,1791065467600811,2808,0,2,16850,16850,16850,12604,12307,36083
1,2484,2483,1791065467648003,1791065467649839,1836,0,3,16954,16954,16954,12761,12046,36010
1,2485,2484,1791065467698003,1791065467700234,2231,0,4,16812,16812,16812,12641,12005,36015
1,2486,2485,1791065467748003,1791065467750802,2799,0,5,16840,16840,16840,12693,12541,36499
1,2487,2486,1791065467798003,1791065467800005,2002,0,6,16741,16741,16741,12597,12461,35830
1,2488,2487,1791065467848003,1791065467850328,2325,0,7,16878,16878,16878,12660,12415,35926
1,2489,2488,1791065467898003,1791065467900184,2181,0,8,16971,16971,16971,12681,12331,36146
1,2490,2489,1791065467948003,1791065467950787,2784,0,9,16802,16802,16802,12596,12432,36177
1,2491,2490,1791065467998003,1791065468000609,2606,0,10,16824,16824,16824,12634,12323,36038
1,2492,2491,1791065468048003,1791065468050738,2735,0,11,16857,16857,16857,12731,12335,36158
1,2493,2492,1791065468098003,1791065468101874,3871,0,12,17012,17012,17012,12707,12167,35903
1,2494,2493,1791065468148003,1791065468150845,2842,0,13,16858,16858,16858,12679,12511,36533
1,2495,2494,1791065468198003,1791065468200369,2366,0,14,16882,16882,16882,12623,12375,36151
1,2496,2495,1791065468248003,1791065468249857,1854,0,15,16852,16852,16852,12606,12502,36445
1,2497,2496,1791065468298003,1791065468299912,1909,0,16,16993,16993,16993,12695,12145,36602
1,2498,2497,1791065468348003,1791065468350745,2742,0,17,16754,16754,16754,12559,12546,36319
1,2499,2498,1791065468398003,1791065468400074,2071,0,18,16977,16977,16977,12740,11837,35639
1,2500,2499,1791065468448003,1791065468449836,1833,0,19,16934,16934,16934,12715,12198,36967
1,2501,2500,1791065468498003,1791065468500865,2862,0,0,16732,16732,16732,12663,12504,36515
1,2502,2501,1791065468548003,1791065468549876,1873,0,1,16977,16977,16977,12703,12653,36461
1,2503,2502,1791065468598003,1791065468599899,1896,0,2,16850,16850,16850,12576,12130,35853
1,2504,2503,1791065468648003,1791065468650805,2802,0,3,16954,16954,16954,12765,12377,36600
1,2505,2504,1791065468698003,1791065468700076,2073,0,4,16812,16812,16812,12602,12245,36385
1,2506,2505,1791065468748003,1791065468750024,2021,0,5,16840,16840,16840,12589,12241,36419
1,2507,2506,1791065468798003,1791065468800875,2872,0,6,16741,16741,16741,12495,12214,36086
1,2508,2507,1791065468848003,1791065468850622,2619,0,7,16878,16878,16878,12686,12388,36429
1,2509,2508,1791065468898003,1791065468899906,1903,0,8,16971,16971,16971,12740,12712,37068
1,2510,2509,1791065468948003,1791065468950603,2600,0,9,16802,16802,16802,12700,12420,36511
1,2511,2510,1791065468998003,1791065469000554,2551,0,10,16824,16824,16824,12630,12093,35971
1,2512,2511,1791065469048003,1791065469050718,2715,0,11,16857,16857,16857,12765,12417,36534
1,2513,2512,1791065469098003,1791065469100684,2681,0,12,17012,17012,17012,12883,12091,36150
1,2514,2513,1791065469148003,1791065469150285,2282,0,13,16858,16858,16858,12690,12540,36852
1,2515,2514,1791065469198003,1791065469200321,2318,0,14,16882,16882,16882,12690,12472,36255
1,2516,2515,1791065469248003,1791065469249847,1844,0,15,16852,16852,16852,12558,12233,35832
1,2517,2516,1791065469298003,1791065469300386,2383,0,16,16993,16993,16993,12707,12657,36559
1,2518,2517,1791065469348003,1791065469350688,2685,0,17,16754,16754,16754,12476,12148,35442
1,2519,2518,1791065469398003,1791065469400079,2076,0,18,16977,16977,16977,12788,12291,36021
1,2520,2519,1791065469448003,1791065469450054,2051,0,19,16934,16934,16934,12733,12532,36457
1,2521,2520,1791065469498003,1791065469499974,1971,0,0,16732,16732,16732,12524,11843,35169
1,2522,2521,1791065469548003,1791065469550638,2635,0,1,16977,16977,16977,12732,12244,36297
1,2523,2522,1791065469598003,1791065469600375,2372,0,2,16850,16850,16850,12560,12054,35420
1,2524,2523,1791065469648003,1791065469650667,2664,0,3,16954,16954,16954,12818,12176,36213
1,2525,2524,1791065469698003,1791065469700789,2786,0,4,16812,16812,16812,12579,12249,35731
1,2526,2525,1791065469748003,1791065469750481,2478,0,5,16840,16840,16840,12641,12335,35711
1,2527,2526,1791065469798003,1791065469799989,1986,0,6,16741,16741,16741,12572,11955,35267
1,2528,2527,1791065469848003,1791065469850785,2782,0,7,16878,16878,16878,12680,12238,36131
1,2529,2528,1791065469898003,1791065469899915,1912,0,8,16971,16971,16971,12707,11873,35229
1,2530,2529,1791065469948003,1791065469950322,2319,0,9,16802,16802,16802,12613,12367,36307
1,2531,2530,1791065469998003,1791065469999892,1889,0,10,16824,16824,16824,12591,12441,35992
1,2532,2531,1791065470048003,1791065470050221,2218,0,11,16857,16857,16857,12658,12541,36207
1,2533,2532,1791065470098003,1791065470100302,2299,0,12,17012,17012,17012,12809,12626,36713
1,2534,2533,1791065470148003,1791065470155798,7795,0,13,16858,16858,16858,12748,12250,35818
1,2535,2534,1791065470198003,1791065470215347,17344,0,14,16882,16882,16882,12589,12285,35834
1,2536,2535,1791065470248003,1791065470264825,16822,0,15,16852,16852,16852,12601,12166,35787
1,2537,2536,1791065470298003,1791065470310519,12516,0,16,16993,16993,16993,12900,12762,37007
1,2538,2537,1791065470348003,1791065470354959,6956,0,17,16754,16754,16754,12660,12168,35789
1,2539,2538,1791065470398003,1791065470400361,2358,0,18,16977,16977,16977,12717,12695,36514
1,2540,2539,1791065470448003,1791065470450356,2353,0,19,16934,16934,16934,12769,12454,36508
1,2541,2540,1791065470498003,1791065470500667,2664,0,0,16732,16732,16732,12551,12389,36128
1,2542,2541,1791065470548003,1791065470550137,2134,0,1,16977,16977,16977,12729,12041,35732
1,2543,2542,1791065470598003,1791065470599992,1989,0,2,16850,16850,16850,12561,12498,36363
1,2544,2543,1791065470648003,1791065470650691,2688,0,3,16954,16954,16954,12801,12579,36187
1,2545,2544,1791065470698003,1791065470700075,2072,0,4,16812,16812,16812,12649,12178,35880
1,2546,2545,1791065470748003,1791065470750754,2751,0,5,16840,16840,16840,12741,12623,36846
1,2547,2546,1791065470798003,1791065470800184,2181,0,6,16741,16741,16741,12638,12351,36147
1,2548,2547,1791065470848003,1791065470850491,2488,0,7,16878,16878,16878,12709,12207,35846
1,2549,2548,1791065470898003,1791065470900471,2468,0,8,16971,16971,16971,12733,12359,36119
1,2550,2549,1791065470948003,1791065470949901,1898,0,9,16802,16802,16802,12653,12169,35665
1,2551,2550,1791065470998003,1791065471000061,2058,0,10,16824,16824,16824,12574,12150,35804
1,2552,2551,1791065471048003,1791065471050478,2475,0,11,16857,16857,16857,12608,11847,35365
1,2553,2552,1791065471098003,1791065471100696,2693,0,12,17012,17012,17012,12754,12252,36503
1,2554,2553,1791065471148003,1791065471150321,2318,0,13,16858,16858,16858,12659,12561,36295
1,2555,2554,1791065471198003,1791065471200659,2656,0,14,16882,16882,16882,12645,12111,35830
1,2556,2555,1791065471248003,1791065471249878,1875,0,15,16852,16852,16852,12571,12323,35857
1,2557,2556,1791065471298003,1791065471300283,2280,0,16,16993,16993,16993,12668,12431,36061
1,2558,2557,1791065471348003,1791065471350528,2525,0,17,16754,16754,16754,12539,12256,35649
1,2559,2558,1791065471398003,1791065471400402,2399,0,18,16977,16977,16977,12772,12321,36144
1,2560,2559,1791065471448003,1791065471450522,2519,0,19,16934,16934,16934,12700,12502,36031
1,2561,2560,1791065471498003,1791065471500344,2341,0,0,16732,16732,16732,12510,12108,35366
1,2562,2561,1791065471548003,1791065471550110,2107,0,1,16977,16977,16977,12855,12099,35820
1,2563,2562,1791065471598003,1791065471600466,2463,0,2,16850,16850,16850,12481,11867,35464
1,2564,2563,1791065471648003,1791065471650412,2409,0,3,16954,16954,16954,12747,12090,36084
1,2565,2564,1791065471698003,1791065471700656,2653,0,4,16812,16812,16812,12673,12336,36268
1,2566,2565,1791065471748003,1791065471750712,2709,0,5,16840,16840,16840,12655,12607,36352
1,2567,2566,1791065471798003,1791065471800863,2860,0,6,16741,16741,16741,12596,12397,36045
1,2568,2567,1791065471848003,1791065471850549,2546,0,7,16878,16878,16878,12647,12399,35935
1,2569,2568,1791065471898003,1791065471900747,2744,0,8,16971,16971,16971,12842,12792,36702
1,2570,2569,1791065471948003,1791065471950441,2438,0,9,16802,16802,16802,12572,12310,35874
1,2571,2570,1791065471998003,1791065472000543,2540,0,10,16824,16824,16824,12603,12277,36089
1,2572,2571,1791065472048003,1791065472050706,2703,0,11,16857,16857,16857,12677,12375,36121
1,2573,2572,1791065472098003,1791065472100366,2363,0,12,17012,17012,17012,12778,12753,36748
1,2574,2573,1791065472148003,1791065472149940,1937,0,13,16858,16858,16858,12580,12228,35867
1,2575,2574,1791065472198003,1791065472200266,2263,0,14,16882,16882,16882,12696,12161,36085
1,2576,2575,1791065472248003,1791065472250665,2662,0,15,16852,16852,16852,12672,12152,35899
1,2577,2576,1791065472298003,1791065472300718,2715,0,16,16993,16993,16993,12657,12234,36098
1,2578,2577,1791065472348003,1791065472350106,2103,0,17,16754,16754,16754,12637,12360,36371
1,2579,2578,1791065472398003,1791065472400428,2425,0,18,16977,16977,16977,12745,12327,36460
1,2580,2579,1791065472448003,1791065472450499,2496,0,19,16934,16934,16934,12728,12548,36494
1,2581,2580,1791065472498003,1791065472500346,2343,0,0,16732,16732,16732,12472,12278,35763
1,2582,2581,1791065472548003,1791065472550376,2373,0,1,16977,16977,16977,12733,12412,36486
1,2583,2582,1791065472598003,1791065472599988,1985,0,2,16850,16850,16850,12554,12162,36269
1,2584,2583,1791065472648003,1791065472649930,1927,0,3,16954,16954,16954,12797,12724,36895
1,2585,2584,1791065472698003,1791065472700243,2240,0,4,16812,16812,16812,12504,12174,35603
1,2586,2585,1791065472748003,1791065472750139,2136,0,5,16840,16840,16840,12640,12286,36160
1,2587,2586,1791065472798003,1791065472801850,3847,0,6,16741,16741,16741,12498,12092,35511
1,2588,2587,1791065472848003,1791065472850048,2045,0,7,16878,16878,16878,12667,12313,36214
1,2589,2588,1791065472898003,1791065472900425,2422,0,8,16971,16971,16971,12627,12308,35862
1,2590,2589,1791065472948003,1791065472950274,2271,0,9,16802,16802,16802,12599,12303,35759
1,2591,2590,1791065472998003,1791065473000227,2224,0,10,16824,16824,16824,12679,12511,36362
1,2592,2591,1791065473048003,1791065473050530,2527,0,11,16857,16857,16857,12571,11738,35313
1,2593,2592,1791065473098003,1791065473100771,2768,0,12,17012,17012,17012,12794,12412,37155
1,2594,2593,1791065473148003,1791065473150801,2798,0,13,16858,16858,16858,12660,12619,36547
1,2595,2594,1791065473198003,1791065473199931,1928,0,14,16882,16882,16882,12719,12641,36338
1,2596,2595,1791065473248003,1791065473250216,2213,0,15,16852,16852,16852,12719,12166,36002
1,2597,2596,1791065473298003,1791065473300760,2757,0,16,16993,16993,16993,12731,12071,36431
1,2598,2597,1791065473348003,1791065473350484,2481,0,17,16754,16754,16754,12648,12393,36224
1,2599,2598,1791065473398003,1791065473400762,2759,0,18,16977,16977,16977,12680,12222,36005
1,2600,2599,1791065473448003,1791065473450715,2712,0,19,16934,16934,16934,12799,12169,36258
1,2601,2600,1791065473498003,1791065473500883,2880,0,0,16732,16732,16732,12536,12327,36152
1,2602,2601,1791065473548003,1791065473549912,1909,0,1,16977,16977,16977,12818,12371,36351
1,2603,2602,1791065473598003,1791065473600226,2223,0,2,16850,16850,16850,12598,12211,35821
1,2604,2603,1791065473648003,1791065473650576,2573,0,3,16954,16954,16954,12739,12405,36326
1,2605,2604,1791065473698003,1791065473700249,2246,0,4,16812,16812,16812,12531,12332,35781
1,2606,2605,1791065473748003,1791065473750845,2842,0,5,16840,16840,16840,12681,12436,36211
1,2607,2606,1791065473798003,1791065473800142,2139,0,6,16741,16741,16741,12643,12023,35634
1,2608,2607,1791065473848003,1791065473849979,1976,0,7,16878,16878,16878,12628,12405,35959
1,2609,2608,1791065473898003,1791065473899971,1968,0,8,16971,16971,16971,12682,12490,36363
1,2610,2609,1791065473948003,1791065473949986,1983,0,9,16802,16802,16802,12659,12312,36100
1,2611,2610,1791065473998003,1791065474000504,2501,0,10,16824,16824,16824,12685,12598,36112
1,2612,2611,1791065474048003,1791065474050759,2756,0,11,16857,16857,16857,12757,12033,35737
1,2613,2612,1791065474098003,1791065474100546,2543,0,12,17012,17012,17012,12769,12311,36610
1,2614,2613,1791065474148003,1791065474149995,1992,0,13,16858,16858,16858,12596,11625,34862
1,2615,2614,1791065474198003,1791065474199961,1958,0,14,16882,16882,16882,12571,12103,36363
1,2616,2615,1791065474248003,1791065474250499,2496,0,15,16852,16852,16852,12623,12603,36324
1,2617,2616,1791065474298003,1791065474300171,2168,0,16,16993,16993,16993,12729,11967,35880
1,2618,2617,1791065474348003,1791065474349994,1991,0,17,16754,16754,16754,12594,11947,36033
1,2619,2618,1791065474398003,1791065474399950,1947,0,18,16977,16977,16977,12802,12543,36984
1,2620,2619,1791065474448003,1791065474450515,2512,0,19,16934,16934,16934,12665,12391,36346
1,2621,2620,1791065474498003,1791065474500294,2291,0,0,16732,16732,16732,12501,12364,35841
1,2622,2621,1791065474548003,1791065474550588,2585,0,1,16977,16977,16977,12752,12246,36305
1,2623,2622,1791065474598003,1791065474600247,2244,0,2,16850,16850,16850,12653,12134,36279
1,2624,2623,1791065474648003,1791065474650651,2648,0,3,16954,16954,16954,12742,12552,36679
1,2625,2624,1791065474698003,1791065474700584,2581,0,4,16812,16812,16812,12668,12283,36239
1,2626,2625,1791065474748003,1791065474750456,2453,0,5,16840,16840,16840,12602,12250,35962
1,2627,2626,1791065474798003,1791065474800458,2455,0,6,16741,16741,16741,12601,12192,36393
1,2628,2627,1791065474848003,1791065474850588,2585,0,7,16878,16878,16878,12655,12407,36562
1,2629,2628,1791065474898003,1791065474900498,2495,0,8,16971,16971,16971,12699,12197,36669
1,2630,2629,1791065474948003,1791065474950651,2648,0,9,16802,16802,16802,12609,12007,36433
1,2631,2630,1791065474998003,1791065475000292,2289,0,10,16824,16824,16824,12678,12206,36683
1,2632,2631,1791065475048003,1791065475050409,2406,0,11,16857,16857,16857,12654,12066,36411
1,2633,2632,1791065475098003,1791065475099894,1891,0,12,17012,17012,17012,12710,12680,37101
1,2634,2633,1791065475148003,1791065475150384,2381,0,13,16858,16858,16858,12626,12437,36732
1,2635,2634,1791065475198003,1791065475200843,2840,0,14,16882,16882,16882,12672,12194,36969
1,2636,2635,1791065475248003,1791065475250551,2548,0,15,16852,16852,16852,12611,12332,36847
1,2637,2636,1791065475298003,1791065475300899,2896,0,16,16993,16993,16993,12821,12499,37324
1,2638,2637,1791065475348003,1791065475350018,2015,0,17,16754,16754,16754,12617,12013,36079
1,2639,2638,1791065475398003,1791065475400697,2694,0,18,16977,16977,16977,12700,12500,36970
1,2640,2639,1791065475448003,1791065475450366,2363,0,19,16934,16934,16934,12689,12538,36749
1,2641,2640,1791065475498003,1791065475500796,2793,0,0,16732,16732,16732,12616,12329,35978
1,2642,2641,1791065475548003,1791065475550603,2600,0,1,16977,16977,16977,12723,12382,36185
1,2643,2642,1791065475598003,1791065475629933,31930,0,2,16850,16850,16850,12736,12153,36179
1,2644,2643,1791065475648003,1791065475677139,29136,0,3,16954,16954,16954,12792,11919,36057
1,2645,2644,1791065475698003,1791065475726088,28085,0,4,16812,16812,16812,12520,12227,36095
1,2646,2645,1791065475748003,1791065475770660,22657,0,5,16840,16840,16840,12743,12441,36194
1,2647,2646,1791065475798003,1791065475816504,18501,0,6,16741,16741,16741,12582,11950,35161
1,2648,2647,1791065475848003,1791065475862260,14257,0,7,16878,16878,16878,12590,11896,35205
1,2649,2648,1791065475898003,1791065475908798,10795,0,8,16971,16971,16971,12695,12404,36439
1,2650,2649,1791065475948003,1791065475960595,12592,0,9,16802,16802,16802,12710,12669,36401
1,2651,2650,1791065475998003,1791065476006913,8910,0,10,16824,16824,16824,12674,12374,35984
1,2652,2651,1791065476048003,1791065476054285,6282,0,11,16857,16857,16857,12674,12155,35758
1,2653,2652,1791065476098003,1791065476103089,5086,0,12,17012,17012,17012,12781,12662,36368
1,2654,2653,1791065476148003,1791065476149979,1976,0,13,16858,16858,16858,12729,12288,35869
1,2655,2654,1791065476198003,1791065476200460,2457,0,14,16882,16882,16882,12648,12402,35982
1,2656,2655,1791065476248003,1791065476250371,2368,0,15,16852,16852,16852,12693,12425,36162
1,2657,2656,1791065476298003,1791065476299952,1949,0,16,16993,16993,16993,12771,12217,36048
1,2658,2657,1791065476348003,1791065476350388,2385,0,17,16754,16754,16754,12552,12345,35659
1,2659,2658,1791065476398003,1791065476400244,2241,0,18,16977,16977,16977,12784,12759,36462
1,2660,2659,1791065476448003,1791065476450086,2083,0,19,16934,16934,16934,12682,12149,35870
1,2661,2660,1791065476498003,1791065476500225,2222,0,0,16732,16732,16732,12538,12312,35767
1,2662,2661,1791065476548003,1791065476551829,3826,0,1,16977,16977,16977,12762,12615,36062
1,2663,2662,1791065476598003,1791065476600543,2540,0,2,16850,16850,16850,12599,12102,35675
1,2664,2663,1791065476648003,1791065476651209,3206,0,3,16954,16954,16954,12676,12529,36062
1,2665,2664,1791065476698003,1791065476700648,2645,0,4,16812,16812,16812,12555,12190,35376
1,2666,2665,1791065476748003,1791065476750291,2288,0,5,16840,16840,16840,12730,12492,36082
1,2667,2666,1791065476798003,1791065476799996,1993,0,6,16741,16741,16741,12614,12518,36022
1,2668,2667,1791065476848003,1791065476850444,2441,0,7,16878,16878,16878,12608,12004,35447
1,2669,2668,1791065476898003,1791065476900165,2162,0,8,16971,16971,16971,12738,12652,36486
1,2670,2669,1791065476948003,1791065476950804,2801,0,9,16802,16802,16802,12709,12600,36169
1,2671,2670,1791065476998003,1791065477000439,2436,0,10,16824,16824,16824,12625,12386,35626
1,2672,2671,1791065477048003,1791065477050137,2134,0,11,16857,16857,16857,12729,12531,36269
1,2673,2672,1791065477098003,1791065477100694,2691,0,12,17012,17012,17012,12699,12461,36074
1,2674,2673,1791065477148003,1791065477150320,2317,0,13,16858,16858,16858,12697,12428,36125
1,2675,2674,1791065477198003,1791065477200700,2697,0,14,16882,16882,16882,12774,12206,36224
1,2676,2675,1791065477248003,1791065477250873,2870,0,15,16852,16852,16852,12607,12367,36264
1,2677,2676,1791065477298003,1791065477300480,2477,0,16,16993,16993,16993,12828,12479,36293
1,2678,2677,1791065477348003,1791065477350743,2740,0,17,16754,16754,16754,12573,12097,35320
1,2679,2678,1791065477398003,1791065477399990,1987,0,18,16977,16977,16977,12758,12435,36345
1,2680,2679,1791065477448003,1791065477450653,2650,0,19,16934,16934,16934,12633,12564,36191
1,2681,2680,1791065477498003,1791065477500118,2115,0,0,16732,16732,16732,12572,12528,35769
1,2682,2681,1791065477548003,1791065477552179,4176,0,1,16977,16977,16977,12738,12240,35850
1,2683,2682,1791065477598003,1791065477601585,3582,0,2,16850,16850,16850,12637,12330,35928
1,2684,2683,1791065477648003,1791065477649990,1987,0,3,16954,16954,16954,12697,12316,36003
1,2685,2684,1791065477698003,1791065477700577,2574,0,4,16812,16812,16812,12617,12303,35998
1,2686,2685,1791065477748003,1791065477750614,2611,0,5,16840,16840,16840,12598,12508,36016
1,2687,2686,1791065477798003,1791065477800675,2672,0,6,16741,16741,16741,12560,12510,35763
1,2688,2687,1791065477848003,1791065477850799,2796,0,7,16878,16878,16878,12738,12152,35931
1,2689,2688,1791065477898003,1791065477900694,2691,0,8,16971,16971,16971,12777,12579,36455
1,2690,2689,1791065477948003,1791065477950372,2369,0,9,16802,16802,16802,12653,12081,35625
1,2691,2690,1791065477998003,1791065478000164,2161,0,10,16824,16824,16824,12662,12612,36305
1,2692,2691,1791065478048003,1791065478050583,2580,0,11,16857,16857,16857,12724,12077,35641
1,2693,2692,1791065478098003,1791065478100092,2089,0,12,17012,17012,17012,12777,12626,37074
1,2694,2693,1791065478148003,1791065478150457,2454,0,13,16858,16858,16858,12621,12383,35737
1,2695,2694,1791065478198003,1791065478200269,2266,0,14,16882,16882,16882,12657,12565,36049
1,2696,2695,1791065478248003,1791065478250650,2647,0,15,16852,16852,16852,12675,12603,36226
1,2697,2696,1791065478298003,1791065478300012,2009,0,16,16993,16993,16993,12724,12241,35861
1,2698,2697,1791065478348003,1791065478349838,1835,0,17,16754,16754,16754,12536,12339,35863
1,2699,2698,1791065478398003,1791065478400184,2181,0,18,16977,16977,16977,12701,12515,36088
1,2700,2699,1791065478448003,1791065478450565,2562,0,19,16934,16934,16934,12736,12687,36474
1,2701,2700,1791065478498003,1791065478500311,2308,0,0,16732,16732,16732,12624,12422,35788
1,2702,2701,1791065478548003,1791065478550101,2098,0,1,16977,16977,16977,12792,12585,36392
1,2703,2702,1791065478598003,1791065478600046,2043,0,2,16850,16850,16850,12734,12544,36212
1,2704,2703,1791065478648003,1791065478650377,2374,0,3,16954,16954,16954,12815,12645,36421
1,2705,2704,1791065478698003,1791065478699910,1907,0,4,16812,16812,16812,12690,12457,35909
1,2706,2705,1791065478748003,1791065478750510,2507,0,5,16840,16840,16840,12654,11871,35195
1,2707,2706,1791065478798003,1791065478799990,1987,0,6,16741,16741,16741,12541,12495,36311
1,2708,2707,1791065478848003,1791065478849875,1872,0,7,16878,16878,16878,12556,12414,35756
1,2709,2708,1791065478898003,1791065478900617,2614,0,8,16971,16971,16971,12715,12620,36397
1,2710,2709,1791065478948003,1791065478953580,5577,0,9,16802,16802,16802,12635,12313,35815
1,2711,2710,1791065478998003,1791065479000797,2794,0,10,16824,16824,16824,12780,12691,36431
1,2712,2711,1791065479048003,1791065479050588,2585,0,11,16857,16857,16857,12582,12381,35754
1,2713,2712,1791065479098003,1791065479100638,2635,0,12,17012,17012,17012,12655,12138,35585
1,2714,2713,1791065479148003,1791065479150044,2041,0,13,16858,16858,16858,12690,12506,36428
1,2715,2714,1791065479198003,1791065479200547,2544,0,14,16882,16882,16882,12541,12468,35828
1,2716,2715,1791065479248003,1791065479250200,2197,0,15,16852,16852,16852,12656,12579,36227
1,2717,2716,1791065479298003,1791065479300418,2415,0,16,16993,16993,16993,12735,12226,36118
1,2718,2717,1791065479348003,1791065479351531,3528,0,17,16754,16754,16754,12561,12375,35713
1,2719,2718,1791065479398003,1791065479411648,13645,0,18,16977,16977,16977,12617,12576,36091
1,2720,2719,1791065479448003,1791065479460853,12850,0,19,16934,16934,16934,12757,12450,35942
1,2721,2720,1791065479498003,1791065479510455,12452,0,0,16732,16732,16732,12575,12100,35692
1,2722,2721,1791065479548003,1791065479552257,4254,0,1,16977,16977,16977,12704,12389,36215
1,2723,2722,1791065479598003,1791065479599894,1891,0,2,16850,16850,16850,12624,12505,36129
1,2724,2723,1791065479648003,1791065479650574,2571,0,3,16954,16954,16954,12778,12696,36499
1,2725,2724,1791065479698003,1791065479700166,2163,0,4,16812,16812,16812,12609,12093,35601
1,2726,2725,1791065479748003,1791065479750110,2107,0,5,16840,16840,16840,12618,12582,36313
1,2727,2726,1791065479798003,1791065479799942,1939,0,6,16741,16741,16741,12695,12300,36121
1,2728,2727,1791065479848003,1791065479850496,2493,0,7,16878,16878,16878,12619,12287,35959
1,2729,2728,1791065479898003,1791065479899993,1990,0,8,16971,16971,16971,12696,12084,36036
1,2730,2729,1791065479948003,1791065479950362,2359,0,9,16802,16802,16802,12520,11915,35414
1,2731,2730,1791065479998003,1791065479999942,1939,0,10,16824,16824,16824,12598,12468,36287
1,2732,2731,1791065480048003,1791065480050529,2526,0,11,16857,16857,16857,12713,12144,36168
1,2733,2732,1791065480098003,1791065480101608,3605,0,12,17012,17012,17012,12773,12342,36540
1,2734,2733,1791065480148003,1791065480150645,2642,0,13,16858,16858,16858,12695,12671,36663
1,2735,2734,1791065480198003,1791065480200181,2178,0,14,16882,16882,16882,12726,12243,36084
1,2736,2735,1791065480248003,1791065480250524,2521,0,15,16852,16852,16852,12571,12199,35958
1,2737,2736,1791065480298003,1791065480300043,2040,0,16,16993,16993,16993,12746,12113,36399
1,2738,2737,1791065480348003,1791065480350275,2272,0,17,16754,16754,16754,12509,12131,35990
1,2739,2738,1791065480398003,1791065480400618,2615,0,18,16977,16977,16977,12843,12525,37082
1,2740,2739,1791065480448003,1791065480450567,2564,0,19,16934,16934,16934,12708,12104,36090
1,2741,2740,1791065480498003,1791065480500435,2432,0,0,16732,16732,16732,12451,12293,35814
1,2742,2741,1791065480548003,1791065480550363,2360,0,1,16977,16977,16977,12716,12320,35952
1,2743,2742,1791065480598003,1791065480600717,2714,0,2,16850,16850,16850,12688,12572,36253
1,2744,2743,1791065480648003,1791065480650769,2766,0,3,16954,16954,16954,12705,12361,35814
1,2745,2744,1791065480698003,1791065480700873,2870,0,4,16812,16812,16812,12679,12191,36001
1,2746,2745,1791065480748003,1791065480750299,2296,0,5,16840,16840,16840,12667,12429,36178
1,2747,2746,1791065480798003,1791065480800261,2258,0,6,16741,16741,16741,12614,12496,35824
1,2748,2747,1791065480848003,1791065480850547,2544,0,7,16878,16878,16878,12684,12548,36155
1,2749,2748,1791065480898003,1791065480900628,2625,0,8,16971,16971,16971,12765,12302,35901
1,2750,2749,1791065480948003,1791065480950300,2297,0,9,16802,16802,16802,12653,12222,36113
1,2751,2750,1791065480998003,1791065481000891,2888,0,10,16824,16824,16824,12609,12255,35865
1,2752,2751,1791065481048003,1791065481050808,2805,0,11,16857,16857,16857,12553,11582,34999
1,2753,2752,1791065481098003,1791065481100362,2359,0,12,17012,17012,17012,12691,12521,37065
1,2754,2753,1791065481148003,1791065481150281,2278,0,13,16858,16858,16858,12674,12588,36172
1,2755,2754,1791065481198003,1791065481199990,1987,0,14,16882,16882,16882,12735,12448,36551
1,2756,2755,1791065481248003,1791065481250561,2558,0,15,16852,16852,16852,12657,12330,36046
1,2757,2756,1791065481298003,1791065481300138,2135,0,16,16993,16993,16993,12769,12224,36112
1,2758,2757,1791065481348003,1791065481350095,2092,0,17,16754,16754,16754,12625,12133,35807
1,2759,2758,1791065481398003,1791065481400567,2564,0,18,16977,16977,16977,12871,12533,36576
1,2760,2759,1791065481448003,1791065481450634,2631,0,19,16934,16934,16934,12717,12209,36373
1,2761,2760,1791065481498003,1791065481499939,1936,0,0,16732,16732,16732,12527,12356,36020
1,2762,2761,1791065481548003,1791065481550893,2890,0,1,16977,16977,16977,12725,12541,36560
1,2763,2762,1791065481598003,1791065481600120,2117,0,2,16850,16850,16850,12529,12295,35895
1,2764,2763,1791065481648003,1791065481649849,1846,0,3,16954,16954,16954,12685,12391,36370
1,2765,2764,1791065481698003,1791065481702571,4568,0,4,16812,16812,16812,12650,12503,36182
1,2766,2765,1791065481748003,1791065481750209,2206,0,5,16840,16840,16840,12606,12050,35655
1,2767,2766,1791065481798003,1791065481800014,2011,0,6,16741,16741,16741,12598,12356,36009
1,2768,2767,1791065481848003,1791065481850799,2796,0,7,16878,16878,16878,12744,12333,36416
1,2769,2768,1791065481898003,1791065481899856,1853,0,8,16971,16971,16971,12666,12592,36295
1,2770,2769,1791065481948003,1791065481950082,2079,0,9,16802,16802,16802,12618,12261,36113
1,2771,2770,1791065481998003,1791065482000422,2419,0,10,16824,16824,16824,12661,12340,36104
1,2772,2771,1791065482048003,1791065482050873,2870,0,11,16857,16857,16857,12598,12195,36026
1,2773,2772,1791065482098003,1791065482099997,1994,0,12,17012,17012,17012,12843,12471,36689
1,2774,2773,1791065482148003,1791065482150580,2577,0,13,16858,16858,16858,12646,12413,35962
1,2775,2774,1791065482198003,1791065482199988,1985,0,14,16882,16882,16882,12607,12218,35792
1,2776,2775,1791065482248003,1791065482250555,2552,0,15,16852,16852,16852,12662,12313,36198
1,2777,2776,1791065482298003,1791065482300509,2506,0,16,16993,16993,16993,12639,11911,35380
1,2778,2777,1791065482348003,1791065482350543,2540,0,17,16754,16754,16754,12602,12412,36332
1,2779,2778,1791065482398003,1791065482399956,1953,0,18,16977,16977,16977,12753,12607,36289
1,2780,2779,1791065482448003,1791065482450592,2589,0,19,16934,16934,16934,12667,12446,36064
1,2781,2780,1791065482498003,1791065482500776,2773,0,0,16732,16732,16732,12542,12481,35899
1,2782,2781,1791065482548003,1791065482550448,2445,0,1,16977,16977,16977,12770,12422,36055
1,2783,2782,1791065482598003,1791065482600895,2892,0,2,16850,16850,16850,12504,12158,35368
1,2784,2783,1791065482648003,1791065482649814,1811,0,3,16954,16954,16954,12630,12369,35568
1,2785,2784,1791065482698003,1791065482700864,2861,0,4,16812,16812,16812,12677,12256,35812
1,2786,2785,1791065482748003,1791065482750533,2530,0,5,16840,16840,16840,12679,12193,35817
1,2787,2786,1791065482798003,1791065482800764,2761,0,6,16741,16741,16741,12571,12192,35663
1,2788,2787,1791065482848003,1791065482849993,1990,0,7,16878,16878,16878,12780,11974,35893
1,2789,2788,1791065482898003,1791065482900019,2016,0,8,16971,16971,16971,12693,12442,36853
1,2790,2789,1791065482948003,1791065482950032,2029,0,9,16802,16802,16802,12583,12505,36035
1,2791,2790,1791065482998003,1791065483000716,2713,0,10,16824,16824,16824,12589,11863,35297
1,2792,2791,1791065483048003,1791065483050420,2417,0,11,16857,16857,16857,12697,12387,36634
1,2793,2792,1791065483098003,1791065483100392,2389,0,12,17012,17012,17012,12799,12466,36671
1,2794,2793,1791065483148003,1791065483150400,2397,0,13,16858,16858,16858,12784,12502,36691
1,2795,2794,1791065483198003,1791065483199912,1909,0,14,16882,16882,16882,12778,12572,36999
1,2796,2795,1791065483248003,1791065483250710,2707,0,15,16852,16852,16852,12678,12220,36092
1,2797,2796,1791065483298003,1791065483300077,2074,0,16,16993,16993,16993,12862,12110,36982
1,2798,2797,1791065483348003,1791065483349967,1964,0,17,16754,16754,16754,12605,12579,36928
1,2799,2798,1791065483398003,1791065483400100,2097,0,18,16977,16977,16977,12600,12494,36497
1,2800,2799,1791065483448003,1791065483449852,1849,0,19,16934,16934,16934,12758,12312,36634
1,2801,2800,1791065483498003,1791065483499849,1846,0,0,16732,16732,16732,12534,12040,36092
1,2802,2801,1791065483548003,1791065483550186,2183,0,1,16977,16977,16977,12690,11903,36101
1,2803,2802,1791065483598003,1791065483599885,1882,0,2,16850,16850,16850,12593,12097,36477
1,2804,2803,1791065483648003,1791065483650365,2362,0,3,16954,16954,16954,12742,12022,36023
1,2805,2804,1791065483698003,1791065483700069,2066,0,4,16812,16812,16812,12659,12181,36617
1,2806,2805,1791065483748003,1791065483750029,2026,0,5,16840,16840,16840,12644,12080,36090
1,2807,2806,1791065483798003,1791065483800214,2211,0,6,16741,16741,16741,12500,12019,35895
1,2808,2807,1791065483848003,1791065483850610,2607,0,7,16878,16878,16878,12590,12016,36119
1,2809,2808,1791065483898003,1791065483900193,2190,0,8,16971,16971,16971,12689,12404,36251
1,2810,2809,1791065483948003,1791065483949930,1927,0,9,16802,16802,16802,12706,12517,36334
1,2811,2810,1791065483998003,1791065484000510,2507,0,10,16824,16824,16824,12697,12514,36425
1,2812,2811,1791065484048003,1791065484050255,2252,0,11,16857,16857,16857,12579,12007,35830
1,2813,2812,1791065484098003,1791065484100223,2220,0,12,17012,17012,17012,12791,12688,36963
1,2814,2813,1791065484148003,1791065484149898,1895,0,13,16858,16858,16858,12550,12549,36189
1,2815,2814,1791065484198003,1791065484200808,2805,0,14,16882,16882,16882,12759,12283,36398
1,2816,2815,1791065484248003,1791065484250538,2535,0,15,16852,16852,16852,12702,12563,37055
1,2817,2816,1791065484298003,1791065484300694,2691,0,16,16993,16993,16993,12809,12438,36962
1,2818,2817,1791065484348003,1791065484350631,2628,0,17,16754,16754,16754,12587,12480,36465
1,2819,2818,1791065484398003,1791065484400865,2862,0,18,16977,16977,16977,12839,12113,36627
1,2820,2819,1791065484448003,1791065484449915,1912,0,19,16934,16934,16934,12711,12412,37383
1,2821,2820,1791065484498003,1791065484500625,2622,0,0,16732,16732,16732,12587,12202,36415
1,2822,2821,1791065484548003,1791065484549989,1986,0,1,16977,16977,16977,12750,12541,36882
1,2823,2822,1791065484598003,1791065484600742,2739,0,2,16850,16850,16850,12731,12285,36433
1,2824,2823,1791065484648003,1791065484650600,2597,0,3,16954,16954,16954,12810,12198,36473
1,2825,2824,1791065484698003,1791065484699982,1979,0,4,16812,16812,16812,12606,12172,36298
1,2826,2825,1791065484748003,1791065484750847,2844,0,5,16840,16840,16840,12536,12372,36176
1,2827,2826,1791065484798003,1791065484800005,2002,0,6,16741,16741,16741,12564,11951,35734
1,2828,2827,1791065484848003,1791065484850877,2874,0,7,16878,16878,16878,12633,12425,36857
1,2829,2828,1791065484898003,1791065484900805,2802,0,8,16971,16971,16971,12715,12606,36829
1,2830,2829,1791065484948003,1791065484950539,2536,0,9,16802,16802,16802,12585,12350,36497
1,2831,2830,1791065484998003,1791065485000028,2025,0,10,16824,16824,16824,12713,12602,37121
1,2832,2831,1791065485048003,1791065485050626,2623,0,11,16857,16857,16857,12625,12242,36507
1,2833,2832,1791065485098003,1791065485102578,4575,0,12,17012,17012,17012,12771,12479,37132
1,2834,2833,1791065485148003,1791065485151288,3285,0,13,16858,16858,16858,12627,12357,37059
1,2835,2834,1791065485198003,1791065485199833,1830,0,14,16882,16882,16882,12685,12383,37130
1,2836,2835,1791065485248003,1791065485250579,2576,0,15,16852,16852,16852,12558,12294,37232
1,2837,2836,1791065485298003,1791065485300214,2211,0,16,16993,16993,16993,12741,12596,37519
1,2838,2837,1791065485348003,1791065485350152,2149,0,17,16754,16754,16754,12460,11677,35985
1,2839,2838,1791065485398003,1791065485400593,2590,0,18,16977,16977,16977,12802,12449,37639
1,2840,2839,1791065485448003,1791065485450679,2676,0,19,16934,16934,16934,12690,12641,37164
1,2841,2840,1791065485498003,1791065485500031,2028,0,0,16732,16732,16732,12615,12202,36922
1,2842,2841,1791065485548003,1791065485550613,2610,0,1,16977,16977,16977,12728,12210,36839
1,2843,2842,1791065485598003,1791065485600113,2110,0,2,16850,16850,16850,12675,12461,36963
1,2844,2843,1791065485648003,1791065485650530,2527,0,3,16954,16954,16954,12715,12376,36909
1,2845,2844,1791065485698003,1791065485700088,2085,0,4,16812,16812,16812,12576,11895,35858
1,2846,2845,1791065485748003,1791065485750346,2343,0,5,16840,16840,16840,12643,12643,37118
1,2847,2846,1791065485798003,1791065485800597,2594,0,6,16741,16741,16741,12577,12149,36516
1,2848,2847,1791065485848003,1791065485850379,2376,0,7,16878,16878,16878,12622,12417,36828
1,2849,2848,1791065485898003,1791065485899885,1882,0,8,16971,16971,16971,12716,12453,37092
1,2850,2849,1791065485948003,1791065485949833,1830,0,9,16802,16802,16802,12631,12326,36862
1,2851,2850,1791065485998003,1791065486000619,2616,0,10,16824,16824,16824,12687,12610,37476
1,2852,2851,1791065486048003,1791065486050511,2508,0,11,16857,16857,16857,12686,12015,36814
1,2853,2852,1791065486098003,1791065486100582,2579,0,12,17012,17012,17012,12730,12274,37675
1,2854,2853,1791065486148003,1791065486150498,2495,0,13,16858,16858,16858,12669,11867,36557
1,2855,2854,1791065486198003,1791065486200732,2729,0,14,16882,16882,16882,12530,12388,37434
1,2856,2855,1791065486248003,1791065486250523,2520,0,15,16852,16852,16852,12593,12211,37211
1,2857,2856,1791065486298003,1791065486299969,1966,0,16,16993,16993,16993,12692,12209,37260
1,2858,2857,1791065486348003,1791065486350502,2499,0,17,16754,16754,16754,12733,12416,37603
1,2859,2858,1791065486398003,1791065486400710,2707,0,18,16977,16977,16977,12739,12450,37315
1,2860,2859,1791065486448003,1791065486450512,2509,0,19,16934,16934,16934,12698,12248,36936
1,2861,2860,1791065486498003,1791065486500640,2637,0,0,16732,16732,16732,12706,12410,37365
1,2862,2861,1791065486548003,1791065486550341,2338,0,1,16977,16977,16977,12776,12343,37356
1,2863,2862,1791065486598003,1791065486600695,2692,0,2,16850,16850,16850,12625,12417,37467
1,2864,2863,1791065486648003,1791065486650492,2489,0,3,16954,16954,16954,12665,12627,37465
1,2865,2864,1791065486698003,1791065486700519,2516,0,4,16812,16812,16812,12505,12341,36624
1,2866,2865,1791065486748003,1791065486750448,2445,0,5,16840,16840,16840,12681,12417,37419
1,2867,2866,1791065486798003,1791065486800284,2281,0,6,16741,16741,16741,12553,12170,36789
1,2868,2867,1791065486848003,1791065486850855,2852,0,7,16878,16878,16878,12662,12246,37176
1,2869,2868,1791065486898003,1791065486900592,2589,0,8,16971,16971,16971,12667,12629,37444
1,2870,2869,1791065486948003,1791065486950712,2709,0,9,16802,16802,16802,12554,12306,36652
1,2871,2870,1791065486998003,1791065487000119,2116,0,10,16824,16824,16824,12665,12348,36907
1,2872,2871,1791065487048003,1791065487050507,2504,0,11,16857,16857,16857,12656,12515,37411
1,2873,2872,1791065487098003,1791065487100505,2502,0,12,17012,17012,17012,12826,12606,37560
1,2874,2873,1791065487148003,1791065487149990,1987,0,13,16858,16858,16858,12581,12004,36721
1,2875,2874,1791065487198003,1791065487200510,2507,0,14,16882,16882,16882,12604,12524,37069
1,2876,2875,1791065487248003,1791065487249895,1892,0,15,16852,16852,16852,12649,12108,36330
1,2877,2876,1791065487298003,1791065487300249,2246,0,16,16993,16993,16993,12764,12357,37379
1,2878,2877,1791065487348003,1791065487350139,2136,0,17,16754,16754,16754,12552,12201,36867
1,2879,2878,1791065487398003,1791065487400362,2359,0,18,16977,16977,16977,12707,12617,37210
1,2880,2879,1791065487448003,1791065487450360,2357,0,19,16934,16934,16934,12667,12337,37135
1,2881,2880,1791065487498003,1791065487499985,1982,0,0,16732,16732,16732,12517,11870,36357
1,2882,2881,1791065487548003,1791065487549985,1982,0,1,16977,16977,16977,12706,12553,37381
1,2883,2882,1791065487598003,1791065487627768,29765,0,2,16850,16850,16850,12700,12392,37551
1,2884,2883,1791065487648003,1791065487676783,28780,0,3,16954,16954,16954,12673,12354,37105
1,2885,2884,1791065487698003,1791065487724289,26286,0,4,16812,16812,16812,12571,12322,36996
1,2886,2885,1791065487748003,1791065487767829,19826,0,5,16840,16840,16840,12594,12431,36809
1,2887,2886,1791065487798003,1791065487817891,19888,0,6,16741,16741,16741,12535,12413,36649
1,2888,2887,1791065487848003,1791065487864864,16861,0,7,16878,16878,16878,12672,12512,37580
1,2889,2888,1791065487898003,1791065487914888,16885,0,8,16971,16971,16971,12795,12127,37144
1,2890,2889,1791065487948003,1791065487961275,13272,0,9,16802,16802,16802,12629,12396,37320
1,2891,2890,1791065487998003,1791065488007085,9082,0,10,16824,16824,16824,12661,12419,37177
1,2892,2891,1791065488048003,1791065488052873,4870,0,11,16857,16857,16857,12641,12379,37137
1,2893,2892,1791065488098003,1791065488099956,1953,0,12,17012,17012,17012,12824,12407,37113
1,2894,2893,1791065488148003,1791065488149964,1961,0,13,16858,16858,16858,12643,12339,37035
1,2895,2894,1791065488198003,1791065488201637,3634,0,14,16882,16882,16882,12608,12014,36514
1,2896,2895,1791065488248003,1791065488252769,4766,0,15,16852,16852,16852,12555,12128,36330
1,2897,2896,1791065488298003,1791065488300591,2588,0,16,16993,16993,16993,12835,12609,37828
1,2898,2897,1791065488348003,1791065488350017,2014,0,17,16754,16754,16754,12617,12205,36582
1,2899,2898,1791065488398003,1791065488400712,2709,0,18,16977,16977,16977,12698,12362,36901
1,2900,2899,1791065488448003,1791065488451856,3853,0,19,16934,16934,16934,12675,12002,36393
1,2901,2900,1791065488498003,1791065488500210,2207,0,0,16732,16732,16732,12615,11826,36693
1,2902,2901,1791065488548003,1791065488549893,1890,0,1,16977,16977,16977,12834,12651,37607
1,2903,2902,1791065488598003,1791065488600687,2684,0,2,16850,16850,16850,12656,11812,36355
1,2904,2903,1791065488648003,1791065488650651,2648,0,3,16954,16954,16954,12818,12409,37762
1,2905,2904,1791065488698003,1791065488700590,2587,0,4,16812,16812,16812,12591,12145,36483
1,2906,2905,1791065488748003,1791065488750304,2301,0,5,16840,16840,16840,12647,12523,37269
1,2907,2906,1791065488798003,1791065488800278,2275,0,6,16741,16741,16741,12556,12288,37005
1,2908,2907,1791065488848003,1791065488850602,2599,0,7,16878,16878,16878,12763,12709,37819
1,2909,2908,1791065488898003,1791065488900358,2355,0,8,16971,16971,16971,12666,12126,36922
1,2910,2909,1791065488948003,1791065488950709,2706,0,9,16802,16802,16802,12606,12128,37082
1,2911,2910,1791065488998003,1791065489000381,2378,0,10,16824,16824,16824,12667,11788,36807
1,2912,2911,1791065489048003,1791065489050545,2542,0,11,16857,16857,16857,12653,11966,37551
1,2913,2912,1791065489098003,1791065489100751,2748,0,12,17012,17012,17012,12656,12388,37660
1,2914,2913,1791065489148003,1791065489150537,2534,0,13,16858,16858,16858,12687,12686,37582
1,2915,2914,1791065489198003,1791065489200142,2139,0,14,16882,16882,16882,12745,12462,37667
1,2916,2915,1791065489248003,1791065489249857,1854,0,15,16852,16852,16852,12702,12500,37361
1,2917,2916,1791065489298003,1791065489300556,2553,0,16,16993,16993,16993,12752,12605,37684
1,2918,2917,1791065489348003,1791065489350216,2213,0,17,16754,16754,16754,12647,12052,37094
1,2919,2918,1791065489398003,1791065489400175,2172,0,18,16977,16977,16977,12809,12294,37457
1,2920,2919,1791065489448003,1791065489450546,2543,0,19,16934,16934,16934,12776,12421,37535
1,2921,2920,1791065489498003,1791065489500487,2484,0,0,16732,16732,16732,12531,12307,37221
1,2922,2921,1791065489548003,1791065489550135,2132,0,1,16977,16977,16977,12759,12427,37469
1,2923,2922,1791065489598003,1791065489600664,2661,0,2,16850,16850,16850,12741,12581,37715
1,2924,2923,1791065489648003,1791065489650528,2525,0,3,16954,16954,16954,12639,12128,37033
1,2925,2924,1791065489698003,1791065489700202,2199,0,4,16812,16812,16812,12619,11846,36565
1,2926,2925,1791065489748003,1791065489750283,2280,0,5,16840,16840,16840,12580,12262,36768
1,2927,2926,1791065489798003,1791065489800627,2624,0,6,16741,16741,16741,12554,12162,36526
1,2928,2927,1791065489848003,1791065489850570,2567,0,7,16878,16878,16878,12699,12162,36873
1,2929,2928,1791065489898003,1791065489900450,2447,0,8,16971,16971,16971,12706,12574,37206
1,2930,2929,1791065489948003,1791065489949901,1898,0,9,16802,16802,16802,12626,11966,36140
1,2931,2930,1791065489998003,1791065490000436,2433,0,10,16824,16824,16824,12680,12368,37012
1,2932,2931,1791065490048003,1791065490050536,2533,0,11,16857,16857,16857,12741,12691,36802
1,2933,2932,1791065490098003,1791065490100634,2631,0,12,17012,17012,17012,12733,12357,36369
1,2934,2933,1791065490148003,1791065490149851,1848,0,13,16858,16858,16858,12673,12125,36585
1,2935,2934,1791065490198003,1791065490200632,2629,0,14,16882,16882,16882,12687,12457,36795
1,2936,2935,1791065490248003,1791065490250195,2192,0,15,16852,16852,16852,12577,11844,35519
1,2937,2936,1791065490298003,1791065490300301,2298,0,16,16993,16993,16993,12759,12554,37202
1,2938,2937,1791065490348003,1791065490350281,2278,0,17,16754,16754,16754,12603,12450,36290
1,2939,2938,1791065490398003,1791065490400137,2134,0,18,16977,16977,16977,12717,12692,36714
1,2940,2939,1791065490448003,1791065490449978,1975,0,19,16934,16934,16934,12643,12411,36344
1,2941,2940,1791065490498003,1791065490499952,1949,0,0,16732,16732,16732,12574,12387,36440
1,2942,2941,1791065490548003,1791065490550410,2407,0,1,16977,16977,16977,12795,12536,36703
1,2943,2942,1791065490598003,1791065490599884,1881,0,2,16850,16850,16850,12665,12198,35951
1,2944,2943,1791065490648003,1791065490650687,2684,0,3,16954,16954,16954,12682,11999,35470
1,2945,2944,1791065490698003,1791065490700633,2630,0,4,16812,16812,16812,12715,12430,36526
1,2946,2945,1791065490748003,1791065490750085,2082,0,5,16840,16840,16840,12605,12254,35814
1,2947,2946,1791065490798003,1791065490800104,2101,0,6,16741,16741,16741,12584,11981,35439
1,2948,2947,1791065490848003,1791065490850513,2510,0,7,16878,16878,16878,12624,12512,36168
1,2949,2948,1791065490898003,1791065490899909,1906,0,8,16971,16971,16971,12794,12373,36203
1,2950,2949,1791065490948003,1791065490950282,2279,0,9,16802,16802,16802,12629,12327,36176
1,2951,2950,1791065490998003,1791065490999977,1974,0,10,16824,16824,16824,12592,12283,35730
1,2952,2951,1791065491048003,1791065491050524,2521,0,11,16857,16857,16857,12730,12671,36331
1,2953,2952,1791065491098003,1791065491100464,2461,0,12,17012,17012,17012,12753,11951,35505
1,2954,2953,1791065491148003,1791065491150863,2860,0,13,16858,16858,16858,12677,12067,36260
1,2955,2954,1791065491198003,1791065491200751,2748,0,14,16882,16882,16882,12715,12498,36456
1,2956,2955,1791065491248003,1791065491250772,2769,0,15,16852,16852,16852,12776,12614,36366
1,2957,2956,1791065491298003,1791065491300718,2715,0,16,16993,16993,16993,12802,12553,36500
1,2958,2957,1791065491348003,1791065491350655,2652,0,17,16754,16754,16754,12619,11642,34835
1,2959,2958,1791065491398003,1791065491400405,2402,0,18,16977,16977,16977,12758,12556,36927
1,2960,2959,1791065491448003,1791065491450494,2491,0,19,16934,16934,16934,12583,12071,35309
1,2961,2960,1791065491498003,1791065491500469,2466,0,0,16732,16732,16732,12609,12194,36043
1,2962,2961,1791065491548003,1791065491550855,2852,0,1,16977,16977,16977,12828,12637,36753
1,2963,2962,1791065491598003,1791065491600466,2463,0,2,16850,16850,16850,12637,12436,36101
1,2964,2963,1791065491648003,1791065491649871,1868,0,3,16954,16954,16954,12828,12589,36559
1,2965,2964,1791065491698003,1791065491700314,2311,0,4,16812,16812,16812,12681,12494,36315
1,2966,2965,1791065491748003,1791065491750734,2731,0,5,16840,16840,16840,12702,12535,36232
1,2967,2966,1791065491798003,1791065491801039,3036,0,6,16741,16741,16741,12631,12060,35719
1,2968,2967,1791065491848003,1791065491850584,2581,0,7,16878,16878,16878,12837,12577,36784
1,2969,2968,1791065491898003,1791065491900271,2268,0,8,16971,16971,16971,12694,12299,35856
1,2970,2969,1791065491948003,1791065491950059,2056,0,9,16802,16802,16802,12619,12221,35841
1,2971,2970,1791065491998003,1791065492000380,2377,0,10,16824,16824,16824,12679,12619,36360
1,2972,2971,1791065492048003,1791065492050629,2626,0,11,16857,16857,16857,12570,12267,35893
1,2973,2972,1791065492098003,1791065492100328,2325,0,12,17012,17012,17012,12707,12371,36335
1,2974,2973,1791065492148003,1791065492150861,2858,0,13,16858,16858,16858,12757,12435,36286
1,2975,2974,1791065492198003,1791065492200152,2149,0,14,16882,16882,16882,12575,12517,35978
1,2976,2975,1791065492248003,1791065492250025,2022,0,15,16852,16852,16852,12637,12394,35887
1,2977,2976,1791065492298003,1791065492300035,2032,0,16,16993,16993,16993,12660,12248,36192
1,2978,2977,1791065492348003,1791065492350570,2567,0,17,16754,16754,16754,12679,12074,36093
1,2979,2978,1791065492398003,1791065492400856,2853,0,18,16977,16977,16977,12716,12424,36369
1,2980,2979,1791065492448003,1791065492450176,2173,0,19,16934,16934,16934,12678,12206,35960
1,2981,2980,1791065492498003,1791065492500772,2769,0,0,16732,16732,16732,12516,12200,35818
1,2982,2981,1791065492548003,1791065492550474,2471,0,1,16977,16977,16977,12836,12639,36768
1,2983,2982,1791065492598003,1791065492600822,2819,0,2,16850,16850,16850,12621,12084,35696
1,2984,2983,1791065492648003,1791065492649818,1815,0,3,16954,16954,16954,12695,12061,35874
1,2985,2984,1791065492698003,1791065492700875,2872,0,4,16812,16812,16812,12679,12440,36795
1,2986,2985,1791065492748003,1791065492749858,1855,0,5,16840,16840,16840,12636,12206,35828
1,2987,2986,1791065492798003,1791065492800540,2537,0,6,16741,16741,16741,12543,12216,35894
1,2988,2987,1791065492848003,1791065492849823,1820,0,7,16878,16878,16878,12739,12595,36709
1,2989,2988,1791065492898003,1791065492899989,1986,0,8,16971,16971,16971,12725,12307,35776
1,2990,2989,1791065492948003,1791065492949970,1967,0,9,16802,16802,16802,12558,12182,35740
1,2991,2990,1791065492998003,1791065493000341,2338,0,10,16824,16824,16824,12649,12528,36330
1,2992,2991,1791065493048003,1791065493050550,2547,0,11,16857,16857,16857,12576,12080,35709
1,2993,2992,1791065493098003,1791065493100598,2595,0,12,17012,17012,17012,12729,12452,36388
1,2994,2993,1791065493148003,1791065493149833,1830,0,13,16858,16858,16858,12741,11928,36019
1,2995,2994,1791065493198003,1791065493200320,2317,0,14,16882,16882,16882,12754,12298,36906
1,2996,2995,1791065493248003,1791065493249811,1808,0,15,16852,16852,16852,12711,12489,36629
1,2997,2996,1791065493298003,1791065493300880,2877,0,16,16993,16993,16993,12855,12517,37199
1,2998,2997,1791065493348003,1791065493349846,1843,0,17,16754,16754,16754,12600,12290,36164
1,2999,2998,1791065493398003,1791065493400212,2209,0,18,16977,16977,16977,12767,12576,36763
1,3000,2999,1791065493448003,1791065493450439,2436,0,19,16934,16934,16934,12798,12395,36447
1,3001,3000,1791065493498003,1791065493500158,2155,0,0,16732,16732,16732,12594,12338,36276
1,3002,3001,1791065493548003,1791065493549883,1880,0,1,16977,16977,16977,12794,12619,36988
1,3003,3002,1791065493598003,1791065493600085,2082,0,2,16850,16850,16850,12621,12435,36398
1,3004,3003,1791065493648003,1791065493650597,2594,0,3,16954,16954,16954,12732,12707,36532
1,3005,3004,1791065493698003,1791065493700082,2079,0,4,16812,16812,16812,12668,12524,36368
1,3006,3005,1791065493748003,1791065493750342,2339,0,5,16840,16840,16840,12645,12232,35992
1,3007,3006,1791065493798003,1791065493800480,2477,0,6,16741,16741,16741,12577,11987,35770
1,3008,3007,1791065493848003,1791065493850875,2872,0,7,16878,16878,16878,12571,12312,36061
1,3009,3008,1791065493898003,1791065493900840,2837,0,8,16971,16971,16971,12829,12218,36209
1,3010,3009,1791065493948003,1791065493950179,2176,0,9,16802,16802,16802,12592,12373,35998
1,3011,3010,1791065493998003,1791065494000202,2199,0,10,16824,16824,16824,12731,12226,35834
1,3012,3011,1791065494048003,1791065494050524,2521,0,11,16857,16857,16857,12566,12363,35906
1,3013,3012,1791065494098003,1791065494100571,2568,0,12,17012,17012,17012,12817,12662,36557
1,3014,3013,1791065494148003,1791065494149904,1901,0,13,16858,16858,16858,12650,12625,36141
1,3015,3014,1791065494198003,1791065494200620,2617,0,14,16882,16882,16882,12518,12391,35598
1,3016,3015,1791065494248003,1791065494250732,2729,0,15,16852,16852,16852,12714,12323,35836
1,3017,3016,1791065494298003,1791065494300244,2241,0,16,16993,16993,16993,12630,12566,36202
1,3018,3017,1791065494348003,1791065494349954,1951,0,17,16754,16754,16754,12610,11823,35012
1,3019,3018,1791065494398003,1791065494400349,2346,0,18,16977,16977,16977,12809,12563,36914
1,3020,3019,1791065494448003,1791065494450319,2316,0,19,16934,16934,16934,12792,12000,35651
1,3021,3020,1791065494498003,1791065494499947,1944,0,0,16732,16732,16732,12556,12116,36172
1,3022,3021,1791065494548003,1791065494550612,2609,0,1,16977,16977,16977,12699,12632,36305
1,3023,3022,1791065494598003,1791065494600120,2117,0,2,16850,16850,16850,12587,12140,35731
1,3024,3023,1791065494648003,1791065494650635,2632,0,3,16954,16954,16954,12642,12430,36241
1,3025,3024,1791065494698003,1791065494699986,1983,0,4,16812,16812,16812,12600,12257,35700
1,3026,3025,1791065494748003,1791065494750096,2093,0,5,16840,16840,16840,12560,12354,35676
1,3027,3026,1791065494798003,1791065494800204,2201,0,6,16741,16741,16741,12565,12248,35487
1,3028,3027,1791065494848003,1791065494850666,2663,0,7,16878,16878,16878,12675,12593,36245
1,3029,3028,1791065494898003,1791065494900196,2193,0,8,16971,16971,16971,12683,12393,36289
1,3030,3029,1791065494948003,1791065494950458,2455,0,9,16802,16802,16802,12697,12266,35841
1,3031,3030,1791065494998003,1791065495000081,2078,0,10,16824,16824,16824,12674,12558,36030
1,3032,3031,1791065495048003,1791065495050506,2503,0,11,16857,16857,16857,12694,12656,36148
1,3033,3032,1791065495098003,1791065495100643,2640,0,12,17012,17012,17012,12623,12098,35568
1,3034,3033,1791065495148003,1791065495149948,1945,0,13,16858,16858,16858,12637,12225,35979
1,3035,3034,1791065495198003,1791065495199958,1955,0,14,16882,16882,16882,12731,12157,36018
1,3036,3035,1791065495248003,1791065495250617,2614,0,15,16852,16852,16852,12636,12578,36399
1,3037,3036,1791065495298003,1791065495300348,2345,0,16,16993,16993,16993,12788,12455,36412
1,3038,3037,1791065495348003,1791065495350326,2323,0,17,16754,16754,16754,12612,12297,35967
1,3039,3038,1791065495398003,1791065495400543,2540,0,18,16977,16977,16977,12751,12750,36666
1,3040,3039,1791065495448003,1791065495450883,2880,0,19,16934,16934,16934,12725,12360,36162
1,3041,3040,1791065495498003,1791065495500320,2317,0,0,16732,16732,16732,12422,12315,35702
1,3042,3041,1791065495548003,1791065495550436,2433,0,1,16977,16977,16977,12795,12533,36444
1,3043,3042,1791065495598003,1791065495600350,2347,0,2,16850,16850,16850,12646,11906,35730
1,3044,3043,1791065495648003,1791065495650390,2387,0,3,16954,16954,16954,12634,12431,36284
1,3045,3044,1791065495698003,1791065495700602,2599,0,4,16812,16812,16812,12618,11957,35610
1,3046,3045,1791065495748003,1791065495750889,2886,0,5,16840,16840,16840,12646,12180,36013
1,3047,3046,1791065495798003,1791065495800588,2585,0,6,16741,16741,16741,12539,11886,35493
1,3048,3047,1791065495848003,1791065495850518,2515,0,7,16878,16878,16878,12728,12395,36584
1,3049,3048,1791065495898003,1791065495900886,2883,0,8,16971,16971,16971,12719,12403,36214
1,3050,3049,1791065495948003,1791065495950886,2883,0,9,16802,16802,16802,12702,12242,36132
1,3051,3050,1791065495998003,1791065496000492,2489,0,10,16824,16824,16824,12698,11967,35892
1,3052,3051,1791065496048003,1791065496050728,2725,0,11,16857,16857,16857,12682,12301,36240
1,3053,3052,1791065496098003,1791065496100422,2419,0,12,17012,17012,17012,12686,12569,36439
1,3054,3053,1791065496148003,1791065496150611,2608,0,13,16858,16858,16858,12652,12371,36004
1,3055,3054,1791065496198003,1791065496200661,2658,0,14,16882,16882,16882,12612,12527,36062
1,3056,3055,1791065496248003,1791065496250534,2531,0,15,16852,16852,16852,12607,12059,35385
1,3057,3056,1791065496298003,1791065496301946,3943,0,16,16993,16993,16993,12663,12636,36549
1,3058,3057,1791065496348003,1791065496350396,2393,0,17,16754,16754,16754,12506,11950,35230
1,3059,3058,1791065496398003,1791065496400807,2804,0,18,16977,16977,16977,12771,12295,36084
1,3060,3059,1791065496448003,1791065496450546,2543,0,19,16934,16934,16934,12675,12527,36367
1,3061,3060,1791065496498003,1791065496500053,2050,0,0,16732,16732,16732,12566,11827,35223
1,3062,3061,1791065496548003,1791065496550631,2628,0,1,16977,16977,16977,12643,11976,35831
1,3063,3062,1791065496598003,1791065496600469,2466,0,2,16850,16850,16850,12636,12266,36141
1,3064,3063,1791065496648003,1791065496650518,2515,0,3,16954,16954,16954,12744,12431,36281
1,3065,3064,1791065496698003,1791065496699999,1996,0,4,16812,16812,16812,12721,12634,36374
1,3066,3065,1791065496748003,1791065496749948,1945,0,5,16840,16840,16840,12642,12136,35876
1,3067,3066,1791065496798003,1791065496800842,2839,0,6,16741,16741,16741,12595,12319,35837
1,3068,3067,1791065496848003,1791065496849849,1846,0,7,16878,16878,16878,12632,12276,36022
1,3069,3068,1791065496898003,1791065496900293,2290,0,8,16971,16971,16971,12803,12553,36273
1,3070,3069,1791065496948003,1791065496950409,2406,0,9,16802,16802,16802,12620,12346,36004
1,3071,3070,1791065496998003,1791065497000561,2558,0,10,16824,16824,16824,12662,12102,36012
1,3072,3071,1791065497048003,1791065497050262,2259,0,11,16857,16857,16857,12561,11946,35573
1,3073,3072,1791065497098003,1791065497099967,1964,0,12,17012,17012,17012,12820,12722,36886
1,3074,3073,1791065497148003,1791065497149953,1950,0,13,16858,16858,16858,12757,12502,36414
1,3075,3074,1791065497198003,1791065497200052,2049,0,14,16882,16882,16882,12630,12447,36161
1,3076,3075,1791065497248003,1791065497250557,2554,0,15,16852,16852,16852,12684,12073,35895
1,3077,3076,1791065497298003,1791065497300275,2272,0,16,16993,16993,16993,12744,12734,36970
1,3078,3077,1791065497348003,1791065497350723,2720,0,17,16754,16754,16754,12519,11914,35615
1,3079,3078,1791065497398003,1791065497400168,2165,0,18,16977,16977,16977,12794,12372,36786
1,3080,3079,1791065497448003,1791065497450469,2466,0,19,16934,16934,16934,12709,12252,36514
1,3081,3080,1791065497498003,1791065497500306,2303,0,0,16732,16732,16732,12547,11778,35526
1,3082,3081,1791065497548003,1791065497550878,2875,0,1,16977,16977,16977,12727,12078,36322
1,3083,3082,1791065497598003,1791065497599949,1946,0,2,16850,16850,16850,12666,12431,36634
1,3084,3083,1791065497648003,1791065497650507,2504,0,3,16954,16954,16954,12676,11933,35957
1,3085,3084,1791065497698003,1791065497699933,1930,0,4,16812,16812,16812,12617,12060,36133
1,3086,3085,1791065497748003,1791065497750865,2862,0,5,16840,16840,16840,12694,12214,36337
1,3087,3086,1791065497798003,1791065497799858,1855,0,6,16741,16741,16741,12551,12547,35982
1,3088,3087,1791065497848003,1791065497849843,1840,0,7,16878,16878,16878,12704,12285,36322
1,3089,3088,1791065497898003,1791065497900042,2039,0,8,16971,16971,16971,12746,12320,36557
1,3090,3089,1791065497948003,1791065497952558,4555,0,9,16802,16802,16802,12660,12437,36365
1,3091,3090,1791065497998003,1791065498001757,3754,0,10,16824,16824,16824,12663,12437,36664
1,3092,3091,1791065498048003,1791065498050857,2854,0,11,16857,16857,16857,12717,12545,36607
1,3093,3092,1791065498098003,1791065498100344,2341,0,12,17012,17012,17012,12860,12358,36766
1,3094,3093,1791065498148003,1791065498150777,2774,0,13,16858,16858,16858,12565,12354,36649
1,3095,3094,1791065498198003,1791065498200381,2378,0,14,16882,16882,16882,12702,12552,37172
1,3096,3095,1791065498248003,1791065498250506,2503,0,15,16852,16852,16852,12632,12163,36440
1,3097,3096,1791065498298003,1791065498300593,2590,0,16,16993,16993,16993,12762,12409,37050
1,3098,3097,1791065498348003,1791065498349846,1843,0,17,16754,16754,16754,12610,12370,36290
1,3099,3098,1791065498398003,1791065498400615,2612,0,18,16977,16977,16977,12686,12158,36157
1,3100,3099,1791065498448003,1791065498450008,2005,0,19,16934,16934,16934,12662,12521,36523
1,3101,3100,1791065498498003,1791065498500684,2681,0,0,16732,16732,16732,12537,11773,35500
1,3102,3101,1791065498548003,1791065498550429,2426,0,1,16977,16977,16977,12840,12596,37001
1,3103,3102,1791065498598003,1791065498600206,2203,0,2,16850,16850,16850,12633,12437,35947
1,3104,3103,1791065498648003,1791065498650551,2548,0,3,16954,16954,16954,12797,12094,35821
1,3105,3104,1791065498698003,1791065498700606,2603,0,4,16812,16812,16812,12604,12311,36300
1,3106,3105,1791065498748003,1791065498749993,1990,0,5,16840,16840,16840,12595,12137,35723
1,3107,3106,1791065498798003,1791065498799982,1979,0,6,16741,16741,16741,12540,12236,35862
1,3108,3107,1791065498848003,1791065498850083,2080,0,7,16878,16878,16878,12671,12257,35985
1,3109,3108,1791065498898003,1791065498900241,2238,0,8,16971,16971,16971,12624,12339,35952
1,3110,3109,1791065498948003,1791065498949941,1938,0,9,16802,16802,16802,12542,12393,35787
1,3111,3110,1791065498998003,1791065498999832,1829,0,10,16824,16824,16824,12595,12390,36027
1,3112,3111,1791065499048003,1791065499050529,2526,0,11,16857,16857,16857,12702,12522,36103
1,3113,3112,1791065499098003,1791065499100585,2582,0,12,17012,17012,17012,12709,12151,35790
1,3114,3113,1791065499148003,1791065499150495,2492,0,13,16858,16858,16858,12705,12527,36474
1,3115,3114,1791065499198003,1791065499200735,2732,0,14,16882,16882,16882,12636,12572,36164
1,3116,3115,1791065499248003,1791065499249998,1995,0,15,16852,16852,16852,12619,12082,35863
1,3117,3116,1791065499298003,1791065499300290,2287,0,16,16993,16993,16993,12708,12175,35891
1,3118,3117,1791065499348003,1791065499350495,2492,0,17,16754,16754,16754,12579,12185,35741
1,3119,3118,1791065499398003,1791065499400127,2124,0,18,16977,16977,16977,12830,11893,35686
1,3120,3119,1791065499448003,1791065499450596,2593,0,19,16934,16934,16934,12690,12225,36521
1,3121,3120,1791065499498003,1791065499500279,2276,0,0,16732,16732,16732,12593,12587,36159
1,3122,3121,1791065499548003,1791065499550196,2193,0,1,16977,16977,16977,12720,11942,35416
1,3123,3122,1791065499598003,1791065499600332,2329,0,2,16850,16850,16850,12661,12175,36347
1,3124,3123,1791065499648003,1791065499650620,2617,0,3,16954,16954,16954,12671,12439,36154
1,3125,3124,1791065499698003,1791065499722902,24899,0,4,16812,16812,16812,12541,12373,35632
1,3126,3125,1791065499748003,1791065499766419,18416,0,5,16840,16840,16840,12597,12410,35966
1,3127,3126,1791065499798003,1791065499810603,12600,0,6,16741,16741,16741,12583,12342,35842
1,3128,3127,1791065499848003,1791065499855955,7952,0,7,16878,16878,16878,12652,12450,36070
1,3129,3128,1791065499898003,1791065499905527,7524,0,8,16971,16971,16971,12731,12382,35888
1,3130,3129,1791065499948003,1791065499952868,4865,0,9,16802,16802,16802,12609,12467,35999
1,3131,3130,1791065499998003,1791065500000526,2523,0,10,16824,16824,16824,12662,12201,35757
1,3132,3131,1791065500048003,1791065500050222,2219,0,11,16857,16857,16857,12650,12115,35692
1,3133,3132,1791065500098003,1791065500100894,2891,0,12,17012,17012,17012,12804,12382,36424
1,3134,3133,1791065500148003,1791065500150723,2720,0,13,16858,16858,16858,12733,12388,36072
1,3135,3134,1791065500198003,1791065500200836,2833,0,14,16882,16882,16882,12760,12170,35811
1,3136,3135,1791065500248003,1791065500251007,3004,0,15,16852,16852,16852,12704,12054,36121
1,3137,3136,1791065500298003,1791065500300411,2408,0,16,16993,16993,16993,12810,12416,36562
1,3138,3137,1791065500348003,1791065500350437,2434,0,17,16754,16754,16754,12602,11898,35437
1,3139,3138,1791065500398003,1791065500400568,2565,0,18,16977,16977,16977,12865,12716,37041
1,3140,3139,1791065500448003,1791065500450810,2807,0,19,16934,16934,16934,12825,12783,36575
1,3141,3140,1791065500498003,1791065500500231,2228,0,0,16732,16732,16732,12584,12161,35646
1,3142,3141,1791065500548003,1791065500550306,2303,0,1,16977,16977,16977,12810,12543,36572
1,3143,3142,1791065500598003,1791065500599891,1888,0,2,16850,16850,16850,12682,12418,36187
1,3144,3143,1791065500648003,1791065500649840,1837,0,3,16954,16954,16954,12681,12664,36254
1,3145,3144,1791065500698003,1791065500699881,1878,0,4,16812,16812,16812,12600,11998,35236
1,3146,3145,1791065500748003,1791065500749887,1884,0,5,16840,16840,16840,12729,12591,36610
1,3147,3146,1791065500798003,1791065500800906,2903,0,6,16741,16741,16741,12525,12320,35719
1,3148,3147,1791065500848003,1791065500850031,2028,0,7,16878,16878,16878,12593,12174,35597
1,3149,3148,1791065500898003,1791065500900094,2091,0,8,16971,16971,16971,12746,12194,35923
1,3150,3149,1791065500948003,1791065500950846,2843,0,9,16802,16802,16802,12768,12584,36560
1,3151,3150,1791065500998003,1791065501001955,3952,0,10,16824,16824,16824,12599,12135,36020
1,3152,3151,1791065501048003,1791065501050349,2346,0,11,16857,16857,16857,12688,12684,36116
1,3153,3152,1791065501098003,1791065501100672,2669,0,12,17012,17012,17012,12857,12754,36628
1,3154,3153,1791065501148003,1791065501150724,2721,0,13,16858,16858,16858,12600,12307,35760
1,3155,3154,1791065501198003,1791065501200403,2400,0,14,16882,16882,16882,12664,12013,35790
1,3156,3155,1791065501248003,1791065501250442,2439,0,15,16852,16852,16852,12624,12432,36289
1,3157,3156,1791065501298003,1791065501299957,1954,0,16,16993,16993,16993,12843,12491,36357
1,3158,3157,1791065501348003,1791065501350334,2331,0,17,16754,16754,16754,12559,12328,35708
1,3159,3158,1791065501398003,1791065501400082,2079,0,18,16977,16977,16977,12835,12517,36261
1,3160,3159,1791065501448003,1791065501449871,1868,0,19,16934,16934,16934,12768,12518,36216
1,3161,3160,1791065501498003,1791065501500850,2847,0,0,16732,16732,16732,12410,12162,35284
1,3162,3161,1791065501548003,1791065501550287,2284,0,1,16977,16977,16977,12766,12325,35996
1,3163,3162,1791065501598003,1791065501600309,2306,0,2,16850,16850,16850,12648,12197,35794
1,3164,3163,1791065501648003,1791065501651132,3129,0,3,16954,16954,16954,12639,12322,36010
1,3165,3164,1791065501698003,1791065501700648,2645,0,4,16812,16812,16812,12604,12542,36007
1,3166,3165,1791065501748003,1791065501750559,2556,0,5,16840,16840,16840,12766,12317,36047
1,3167,3166,1791065501798003,1791065501800207,2204,0,6,16741,16741,16741,12548,11950,35065
1,3168,3167,1791065501848003,1791065501850671,2668,0,7,16878,16878,16878,12661,12275,36211
1,3169,3168,1791065501898003,1791065501900754,2751,0,8,16971,16971,16971,12771,12211,35872
1,3170,3169,1791065501948003,1791065501951036,3033,0,9,16802,16802,16802,12640,12498,36357
1,3171,3170,1791065501998003,1791065502000041,2038,0,10,16824,16824,16824,12629,12286,35613
1,3172,3171,1791065502048003,1791065502049845,1842,0,11,16857,16857,16857,12649,12615,36302
1,3173,3172,1791065502098003,1791065502100066,2063,0,12,17012,17012,17012,12632,12371,35851
1,3174,3173,1791065502148003,1791065502149970,1967,0,13,16858,16858,16858,12589,12025,35490
1,3175,3174,1791065502198003,1791065502199929,1926,0,14,16882,16882,16882,12600,12344,35817
1,3176,3175,1791065502248003,1791065502250706,2703,0,15,16852,16852,16852,12730,12430,36185
1,3177,3176,1791065502298003,1791065502299899,1896,0,16,16993,16993,16993,12692,12252,36273
1,3178,3177,1791065502348003,1791065502350747,2744,0,17,16754,16754,16754,12632,12142,35971
1,3179,3178,1791065502398003,1791065502400322,2319,0,18,16977,16977,16977,12803,12725,36819
1,3180,3179,1791065502448003,1791065502450788,2785,0,19,16934,16934,16934,12731,12313,35987
1,3181,3180,1791065502498003,1791065502500366,2363,0,0,16732,16732,16732,12493,12398,35743
1,3182,3181,1791065502548003,1791065502550192,2189,0,1,16977,16977,16977,12790,12318,35959
1,3183,3182,1791065502598003,1791065502600432,2429,0,2,16850,16850,16850,12689,12576,36369
1,3184,3183,1791065502648003,1791065502650648,2645,0,3,16954,16954,16954,12731,12420,36098
1,3185,3184,1791065502698003,1791065502700844,2841,0,4,16812,16812,16812,12662,12461,36193
1,3186,3185,1791065502748003,1791065502750283,2280,0,5,16840,16840,16840,12622,12575,35868
1,3187,3186,1791065502798003,1791065502799887,1884,0,6,16741,16741,16741,12531,11959,35128
1,3188,3187,1791065502848003,1791065502850877,2874,0,7,16878,16878,16878,12646,12624,36385
1,3189,3188,1791065502898003,1791065502900011,2008,0,8,16971,16971,16971,12664,12012,35354
1,3190,3189,1791065502948003,1791065502950232,2229,0,9,16802,16802,16802,12666,12068,36061
1,3191,3190,1791065502998003,1791065503000078,2075,0,10,16824,16824,16824,12632,12176,36003
1,3192,3191,1791065503048003,1791065503050555,2552,0,11,16857,16857,16857,12592,12575,36203
1,3193,3192,1791065503098003,1791065503100806,2803,0,12,17012,17012,17012,12725,12478,36191
1,3194,3193,1791065503148003,1791065503150405,2402,0,13,16858,16858,16858,12750,12604,36377
1,3195,3194,1791065503198003,1791065503200872,2869,0,14,16882,16882,16882,12683,12108,35938
1,3196,3195,1791065503248003,1791065503250598,2595,0,15,16852,16852,16852,12688,12181,36115
1,3197,3196,1791065503298003,1791065503299951,1948,0,16,16993,16993,16993,12735,12632,36554
1,3198,3197,1791065503348003,1791065503350654,2651,0,17,16754,16754,16754,12658,12395,36077
1,3199,3198,1791065503398003,1791065503399962,1959,0,18,16977,16977,16977,12703,12661,36343
1,3200,3199,1791065503448003,1791065503458070,10067,0,19,16934,16934,16934,12660,12331,35707
1,3201,3200,1791065503498003,1791065503515427,17424,0,0,16732,16732,16732,12534,12147,35552
1,3202,3201,1791065503548003,1791065503571128,23125,0,1,16977,16977,16977,12759,12473,36271
1,3203,3202,1791065503598003,1791065503631089,33086,0,2,16850,16850,16850,12685,12462,35970
1,3204,3203,1791065503648003,1791065503690027,42024,0,3,16954,16954,16954,12689,12588,36242
1,3205,3204,1791065503698003,1791065503736361,38358,0,4,16812,16812,16812,12702,12502,35910
1,3206,3205,1791065503748003,1791065503781635,33632,0,5,16840,16840,16840,12622,12284,36057
1,3207,3206,1791065503798003,1791065503826258,28255,0,6,16741,16741,16741,12581,11848,35120
1,3208,3207,1791065503848003,1791065503871212,23209,0,7,16878,16878,16878,12490,12423,36105
1,3209,3208,1791065503898003,1791065503915486,17483,0,8,16971,16971,16971,12692,12513,35899
1,3210,3209,1791065503948003,1791065503964718,16715,0,9,16802,16802,16802,12605,12064,35661
1,3211,3210,1791065503998003,1791065504011419,13416,0,10,16824,16824,16824,12719,12014,35958
1,3212,3211,1791065504048003,1791065504056464,8461,0,11,16857,16857,16857,12675,12086,35839
1,3213,3212,1791065504098003,1791065504106903,8900,0,12,17012,17012,17012,12717,12393,36294
1,3214,3213,1791065504148003,1791065504157556,9553,0,13,16858,16858,16858,12637,12478,36055
1,3215,3214,1791065504198003,1791065504201641,3638,0,14,16882,16882,16882,12731,12471,36109
1,3216,3215,1791065504248003,1791065504249957,1954,0,15,16852,16852,16852,12762,12263,36095
1,3217,3216,1791065504298003,1791065504300148,2145,0,16,16993,16993,16993,12757,12622,36482
1,3218,3217,1791065504348003,1791065504350248,2245,0,17,16754,16754,16754,12607,12067,35161
1,3219,3218,1791065504398003,1791065504400553,2550,0,18,16977,16977,16977,12726,12510,36457
1,3220,3219,1791065504448003,1791065504450248,2245,0,19,16934,16934,16934,12681,12421,36098
1,3221,3220,1791065504498003,1791065504499989,1986,0,0,16732,16732,16732,12489,12130,35575
1,3222,3221,1791065504548003,1791065504549978,1975,0,1,16977,16977,16977,12803,12216,36160
1,3223,3222,1791065504598003,1791065504600761,2758,0,2,16850,16850,16850,12739,12507,36619
1,3224,3223,1791065504648003,1791065504650125,2122,0,3,16954,16954,16954,12824,12704,36510
1,3225,3224,1791065504698003,1791065504700317,2314,0,4,16812,16812,16812,12523,12168,35660
1,3226,3225,1791065504748003,1791065504749990,1987,0,5,16840,16840,16840,12755,12284,36300
1,3227,3226,1791065504798003,1791065504800534,2531,0,6,16741,16741,16741,12556,12364,35954
1,3228,3227,1791065504848003,1791065504850010,2007,0,7,16878,16878,16878,12569,12243,35667
1,3229,3228,1791065504898003,1791065504900381,2378,0,8,16971,16971,16971,12747,12472,36423
1,3230,3229,1791065504948003,1791065504950608,2605,0,9,16802,16802,16802,12585,12506,36074
1,3231,3230,1791065504998003,1791065505000772,2769,0,10,16824,16824,16824,12652,12270,36074
1,3232,3231,1791065505048003,1791065505049839,1836,0,11,16857,16857,16857,12702,11736,35460
1,3233,3232,1791065505098003,1791065505100100,2097,0,12,17012,17012,17012,12838,12381,37039
1,3234,3233,1791065505148003,1791065505150703,2700,0,13,16858,16858,16858,12680,12043,35704
1,3235,3234,1791065505198003,1791065505200167,2164,0,14,16882,16882,16882,12792,12524,36716
1,3236,3235,1791065505248003,1791065505250648,2645,0,15,16852,16852,16852,12621,11877,35571
1,3237,3236,1791065505298003,1791065505300447,2444,0,16,16993,16993,16993,12743,12491,37035
1,3238,3237,1791065505348003,1791065505350389,2386,0,17,16754,16754,16754,12632,12283,36179
1,3239,3238,1791065505398003,1791065505400384,2381,0,18,16977,16977,16977,12796,12504,36538
1,3240,3239,1791065505448003,1791065505450397,2394,0,19,16934,16934,16934,12697,12350,36248
1,3241,3240,1791065505498003,1791065505500236,2233,0,0,16732,16732,16732,12668,12313,35945
1,3242,3241,1791065505548003,1791065505550521,2518,0,1,16977,16977,16977,12731,12279,35982
1,3243,3242,1791065505598003,1791065505600293,2290,0,2,16850,16850,16850,12626,12046,35836
1,3244,3243,1791065505648003,1791065505650559,2556,0,3,16954,16954,16954,12706,12340,36182
1,3245,3244,1791065505698003,1791065505700801,2798,0,4,16812,16812,16812,12567,12472,35917
1,3246,3245,1791065505748003,1791065505750853,2850,0,5,16840,16840,16840,12590,12179,35716
1,3247,3246,1791065505798003,1791065505800429,2426,0,6,16741,16741,16741,12582,12273,35654
1,3248,3247,1791065505848003,1791065505850680,2677,0,7,16878,16878,16878,12611,12102,35737
1,3249,3248,1791065505898003,1791065505900660,2657,0,8,16971,16971,16971,12628,11804,35544
1,3250,3249,1791065505948003,1791065505950837,2834,0,9,16802,16802,16802,12571,12293,36338
1,3251,3250,1791065505998003,1791065506000655,2652,0,10,16824,16824,16824,12676,12471,36401
1,3252,3251,1791065506048003,1791065506050716,2713,0,11,16857,16857,16857,12667,12122,36349
1,3253,3252,1791065506098003,1791065506100132,2129,0,12,17012,17012,17012,12784,12472,36659
1,3254,3253,1791065506148003,1791065506150990,2987,0,13,16858,16858,16858,12691,12292,36436
1,3255,3254,1791065506198003,1791065506200897,2894,0,14,16882,16882,16882,12631,12389,36532
1,3256,3255,1791065506248003,1791065506250512,2509,0,15,16852,16852,16852,12626,12101,35855
1,3257,3256,1791065506298003,1791065506300021,2018,0,16,16993,16993,16993,12790,12174,36279
1,3258,3257,1791065506348003,1791065506350016,2013,0,17,16754,16754,16754,12586,12127,36175
1,3259,3258,1791065506398003,1791065506400792,2789,0,18,16977,16977,16977,12738,11897,36024
1,3260,3259,1791065506448003,1791065506449864,1861,0,19,16934,16934,16934,12772,12369,37067
1,3261,3260,1791065506498003,1791065506517450,19447,0,0,16732,16732,16732,12515,12276,36314
1,3262,3261,1791065506548003,1791065506570640,22637,0,1,16977,16977,16977,12803,12656,36931
1,3263,3262,1791065506598003,1791065506618409,20406,0,2,16850,16850,16850,12626,12448,36316
1,3264,3263,1791065506648003,1791065506662200,14197,0,3,16954,16954,16954,12810,12502,36595
1,3265,3264,1791065506698003,1791065506705932,7929,0,4,16812,16812,16812,12561,12083,36067
1,3266,3265,1791065506748003,1791065506749837,1834,0,5,16840,16840,16840,12664,12099,36215
1,3267,3266,1791065506798003,1791065506800743,2740,0,6,16741,16741,16741,12565,12485,36714
1,3268,3267,1791065506848003,1791065506850256,2253,0,7,16878,16878,16878,12707,12346,36357
1,3269,3268,1791065506898003,1791065506900315,2312,0,8,16971,16971,16971,12781,12775,36673
1,3270,3269,1791065506948003,1791065506950425,2422,0,9,16802,16802,16802,12648,12068,36393
1,3271,3270,1791065506998003,1791065507000440,2437,0,10,16824,16824,16824,12564,12367,36456
1,3272,3271,1791065507048003,1791065507050624,2621,0,11,16857,16857,16857,12692,12449,36676
1,3273,3272,1791065507098003,1791065507100364,2361,0,12,17012,17012,17012,12717,12687,37057
1,3274,3273,1791065507148003,1791065507150737,2734,0,13,16858,16858,16858,12654,12622,36889
1,3275,3274,1791065507198003,1791065507200614,2611,0,14,16882,16882,16882,12665,12107,36470
1,3276,3275,1791065507248003,1791065507250211,2208,0,15,16852,16852,16852,12648,12494,37235
1,3277,3276,1791065507298003,1791065507300061,2058,0,16,16993,16993,16993,12675,12299,37081
1,3278,3277,1791065507348003,1791065507350337,2334,0,17,16754,16754,16754,12641,12404,37045
1,3279,3278,1791065507398003,1791065507399823,1820,0,18,16977,16977,16977,12816,12702,37163
1,3280,3279,1791065507448003,1791065507450008,2005,0,19,16934,16934,16934,12731,12677,37002
1,3281,3280,1791065507498003,1791065507500819,2816,0,0,16732,16732,16732,12546,12522,36823
1,3282,3281,1791065507548003,1791065507550682,2679,0,1,16977,16977,16977,12822,12468,37158
1,3283,3282,1791065507598003,1791065507600476,2473,0,2,16850,16850,16850,12590,12533,36727
1,3284,3283,1791065507648003,1791065507650759,2756,0,3,16954,16954,16954,12821,11919,36593
1,3285,3284,1791065507698003,1791065507700579,2576,0,4,16812,16812,16812,12512,11857,36187
1,3286,3285,1791065507748003,1791065507749834,1831,0,5,16840,16840,16840,12650,12521,36956
1,3287,3286,1791065507798003,1791065507800831,2828,0,6,16741,16741,16741,12655,12011,35754
1,3288,3287,1791065507848003,1791065507850508,2505,0,7,16878,16878,16878,12740,12419,36842
1,3289,3288,1791065507898003,1791065507900197,2194,0,8,16971,16971,16971,12705,12026,35971
1,3290,3289,1791065507948003,1791065507949998,1995,0,9,16802,16802,16802,12679,12549,36845
1,3291,3290,1791065507998003,1791065508000739,2736,0,10,16824,16824,16824,12632,12143,36096
1,3292,3291,1791065508048003,1791065508050434,2431,0,11,16857,16857,16857,12591,12156,35959
1,3293,3292,1791065508098003,1791065508100384,2381,0,12,17012,17012,17012,12788,12543,36891
1,3294,3293,1791065508148003,1791065508150309,2306,0,13,16858,16858,16858,12629,12174,36284
1,3295,3294,1791065508198003,1791065508199987,1984,0,14,16882,16882,16882,12679,12191,36667
1,3296,3295,1791065508248003,1791065508250837,2834,0,15,16852,16852,16852,12586,11992,36227
1,3297,3296,1791065508298003,1791065508300562,2559,0,16,16993,16993,16993,12720,12075,36841
1,3298,3297,1791065508348003,1791065508350709,2706,0,17,16754,16754,16754,12648,12405,36781
1,3299,3298,1791065508398003,1791065508400728,2725,0,18,16977,16977,16977,12678,12330,36684
1,3300,3299,1791065508448003,1791065508450888,2885,0,19,16934,16934,16934,12703,12331,36990
1,3301,3300,1791065508498003,1791065508500579,2576,0,0,16732,16732,16732,12536,12113,36026
1,3302,3301,1791065508548003,1791065508550387,2384,0,1,16977,16977,16977,12823,12138,37174
1,3303,3302,1791065508598003,1791065508601255,3252,0,2,16850,16850,16850,12646,12615,37248
1,3304,3303,1791065508648003,1791065508650074,2071,0,3,16954,16954,16954,12674,12238,36479
1,3305,3304,1791065508698003,1791065508699929,1926,0,4,16812,16812,16812,12686,12485,36946
1,3306,3305,1791065508748003,1791065508750457,2454,0,5,16840,16840,16840,12686,12466,36371
1,3307,3306,1791065508798003,1791065508800099,2096,0,6,16741,16741,16741,12618,12286,36274
1,3308,3307,1791065508848003,1791065508850533,2530,0,7,16878,16878,16878,12562,12389,36512
1,3309,3308,1791065508898003,1791065508900652,2649,0,8,16971,16971,16971,12752,12521,36628
1,3310,3309,1791065508948003,1791065508950507,2504,0,9,16802,16802,16802,12612,12287,36002
1,3311,3310,1791065508998003,1791065509000348,2345,0,10,16824,16824,16824,12650,12485,36382
1,3312,3311,1791065509048003,1791065509049972,1969,0,11,16857,16857,16857,12638,12199,36284
1,3313,3312,1791065509098003,1791065509100322,2319,0,12,17012,17012,17012,12658,12457,36513
1,3314,3313,1791065509148003,1791065509150689,2686,0,13,16858,16858,16858,12693,12260,36119
1,3315,3314,1791065509198003,1791065509200029,2026,0,14,16882,16882,16882,12681,12240,36378
1,3316,3315,1791065509248003,1791065509250575,2572,0,15,16852,16852,16852,12608,12076,35912
1,3317,3316,1791065509298003,1791065509301224,3221,0,16,16993,16993,16993,12669,12348,36314
1,3318,3317,1791065509348003,1791065509350595,2592,0,17,16754,16754,16754,12494,12475,35905
1,3319,3318,1791065509398003,1791065509400244,2241,0,18,16977,16977,16977,12756,12135,35760
1,3320,3319,1791065509448003,1791065509450519,2516,0,19,16934,16934,16934,12648,12498,36388
1,3321,3320,1791065509498003,1791065509500848,2845,0,0,16732,16732,16732,12552,12188,35687
1,3322,3321,1791065509548003,1791065509550564,2561,0,1,16977,16977,16977,12691,12507,36217
1,3323,3322,1791065509598003,1791065509599996,1993,0,2,16850,16850,16850,12595,12365,35992
1,3324,3323,1791065509648003,1791065509650529,2526,0,3,16954,16954,16954,12789,12633,36559
1,3325,3324,1791065509698003,1791065509700241,2238,0,4,16812,16812,16812,12613,12560,36258
1,3326,3325,1791065509748003,1791065509750339,2336,0,5,16840,16840,16840,12633,11875,35618
1,3327,3326,1791065509798003,1791065509799823,1820,0,6,16741,16741,16741,12491,12098,35831
1,3328,3327,1791065509848003,1791065509850642,2639,0,7,16878,16878,16878,12641,12201,36022
1,3329,3328,1791065509898003,1791065509901287,3284,0,8,16971,16971,16971,12723,12274,36409
1,3330,3329,1791065509948003,1791065509950571,2568,0,9,16802,16802,16802,12709,11848,35444
1,3331,3330,1791065509998003,1791065510000553,2550,0,10,16824,16824,16824,12549,12484,36675
1,3332,3331,1791065510048003,1791065510050745,2742,0,11,16857,16857,16857,12675,12222,36033
1,3333,3332,1791065510098003,1791065510100336,2333,0,12,17012,17012,17012,12727,12097,36114
1,3334,3333,1791065510148003,1791065510150414,2411,0,13,16858,16858,16858,12713,12519,36417
1,3335,3334,1791065510198003,1791065510200598,2595,0,14,16882,16882,16882,12649,12423,35956
1,3336,3335,1791065510248003,1791065510250580,2577,0,15,16852,16852,16852,12526,12477,35507
1,3337,3336,1791065510298003,1791065510299880,1877,0,16,16993,16993,16993,12835,12178,36061
1,3338,3337,1791065510348003,1791065510350153,2150,0,17,16754,16754,16754,12535,12187,35617
1,3339,3338,1791065510398003,1791065510400283,2280,0,18,16977,16977,16977,12688,12469,35996
1,3340,3339,1791065510448003,1791065510450688,2685,0,19,16934,16934,16934,12728,12174,35828
1,3341,3340,1791065510498003,1791065510499977,1974,0,0,16732,16732,16732,12568,12262,36206
1,3342,3341,1791065510548003,1791065510550427,2424,0,1,16977,16977,16977,12756,12720,36422
1,3343,3342,1791065510598003,1791065510600190,2187,0,2,16850,16850,16850,12615,12138,35701
1,3344,3343,1791065510648003,1791065510650188,2185,0,3,16954,16954,16954,12675,12443,36182
1,3345,3344,1791065510698003,1791065510700354,2351,0,4,16812,16812,16812,12626,12335,35887
1,3346,3345,1791065510748003,1791065510750684,2681,0,5,16840,16840,16840,12643,12358,36005
1,3347,3346,1791065510798003,1791065510800191,2188,0,6,16741,16741,16741,12638,12314,35812
1,3348,3347,1791065510848003,1791065510850531,2528,0,7,16878,16878,16878,12700,12554,36249
1,3349,3348,1791065510898003,1791065510900634,2631,0,8,16971,16971,16971,12644,12523,36008
1,3350,3349,1791065510948003,1791065510950546,2543,0,9,16802,16802,16802,12670,12200,35770
1,3351,3350,1791065510998003,1791065511000208,2205,0,10,16824,16824,16824,12702,12093,35753
1,3352,3351,1791065511048003,1791065511049807,1804,0,11,16857,16857,16857,12627,12001,35730
1,3353,3352,1791065511098003,1791065511100370,2367,0,12,17012,17012,17012,12779,12515,36622
1,3354,3353,1791065511148003,1791065511150864,2861,0,13,16858,16858,16858,12590,12262,35985
1,3355,3354,1791065511198003,1791065511200583,2580,0,14,16882,16882,16882,12606,11765,35272
1,3356,3355,1791065511248003,1791065511250573,2570,0,15,16852,16852,16852,12653,11907,36003
1,3357,3356,1791065511298003,1791065511299951,1948,0,16,16993,16993,16993,12770,12597,36879
1,3358,3357,1791065511348003,1791065511350152,2149,0,17,16754,16754,16754,12410,12385,35444
1,3359,3358,1791065511398003,1791065511400256,2253,0,18,16977,16977,16977,12751,12643,36566
1,3360,3359,1791065511448003,1791065511449840,1837,0,19,16934,16934,16934,12719,12621,36472
1,3361,3360,1791065511498003,1791065511500344,2341,0,0,16732,16732,16732,12506,12291,35825
1,3362,3361,1791065511548003,1791065511550196,2193,0,1,16977,16977,16977,12748,12362,36181
1,3363,3362,1791065511598003,1791065511600886,2883,0,2,16850,16850,16850,12612,12308,36069
1,3364,3363,1791065511648003,1791065511650701,2698,0,3,16954,16954,16954,12781,12393,36136
1,3365,3364,1791065511698003,1791065511700372,2369,0,4,16812,16812,16812,12618,12404,36042
1,3366,3365,1791065511748003,1791065511773420,25417,0,5,16840,16840,16840,12614,12529,36202
1,3367,3366,1791065511798003,1791065511820621,22618,0,6,16741,16741,16741,12568,12153,35870
1,3368,3367,1791065511848003,1791065511866877,18874,0,7,16878,16878,16878,12650,12237,36305
1,3369,3368,1791065511898003,1791065511916537,18534,0,8,16971,16971,16971,12750,12324,36275
1,3370,3369,1791065511948003,1791065511966044,18041,0,9,16802,16802,16802,12681,12360,36212
1,3371,3370,1791065511998003,1791065512011542,13539,0,10,16824,16824,16824,12568,12243,35855
1,3372,3371,1791065512048003,1791065512059822,11819,0,11,16857,16857,16857,12692,12564,36516
1,3373,3372,1791065512098003,1791065512106949,8946,0,12,17012,17012,17012,12864,12367,36291
1,3374,3373,1791065512148003,1791065512151008,3005,0,13,16858,16858,16858,12630,12323,36258
1,3375,3374,1791065512198003,1791065512200382,2379,0,14,16882,16882,16882,12748,12615,36749
1,3376,3375,1791065512248003,1791065512250763,2760,0,15,16852,16852,16852,12517,12306,35698
1,3377,3376,1791065512298003,1791065512300876,2873,0,16,16993,16993,16993,12681,12515,36163
1,3378,3377,1791065512348003,1791065512350260,2257,0,17,16754,16754,16754,12586,12516,35970
1,3379,3378,1791065512398003,1791065512400168,2165,0,18,16977,16977,16977,12725,12287,36146
1,3380,3379,1791065512448003,1791065512450771,2768,0,19,16934,16934,16934,12681,12263,36290
1,3381,3380,1791065512498003,1791065512500063,2060,0,0,16732,16732,16732,12542,11971,35696
1,3382,3381,1791065512548003,1791065512550621,2618,0,1,16977,16977,16977,12789,12467,36717
1,3383,3382,1791065512598003,1791065512600230,2227,0,2,16850,16850,16850,12670,12637,36491
1,3384,3383,1791065512648003,1791065512649910,1907,0,3,16954,16954,16954,12687,12544,36525
1,3385,3384,1791065512698003,1791065512701706,3703,0,4,16812,16812,16812,12643,12174,36035
1,3386,3385,1791065512748003,1791065512751307,3304,0,5,16840,16840,16840,12647,12335,36221
1,3387,3386,1791065512798003,1791065512800747,2744,0,6,16741,16741,16741,12622,12577,36212
1,3388,3387,1791065512848003,1791065512850843,2840,0,7,16878,16878,16878,12588,12142,35795
1,3389,3388,1791065512898003,1791065512900395,2392,0,8,16971,16971,16971,12795,12633,37040
1,3390,3389,1791065512948003,1791065512950011,2008,0,9,16802,16802,16802,12605,12318,35906
1,3391,3390,1791065512998003,1791065513000471,2468,0,10,16824,16824,16824,12701,12586,36652
1,3392,3391,1791065513048003,1791065513049950,1947,0,11,16857,16857,16857,12589,12292,36301
1,3393,3392,1791065513098003,1791065513100777,2774,0,12,17012,17012,17012,12761,12112,36468
1,3394,3393,1791065513148003,1791065513150131,2128,0,13,16858,16858,16858,12640,12281,36475
1,3395,3394,1791065513198003,1791065513200535,2532,0,14,16882,16882,16882,12657,12495,36852
1,3396,3395,1791065513248003,1791065513250263,2260,0,15,16852,16852,16852,12550,11921,35938
1,3397,3396,1791065513298003,1791065513300303,2300,0,16,16993,16993,16993,12727,11917,36484
1,3398,3397,1791065513348003,1791065513349928,1925,0,17,16754,16754,16754,12684,12513,37137
1,3399,3398,1791065513398003,1791065513400295,2292,0,18,16977,16977,16977,12736,11988,36191
1,3400,3399,1791065513448003,1791065513450680,2677,0,19,16934,16934,16934,12643,12295,36720
1,3401,3400,1791065513498003,1791065513500542,2539,0,0,16732,16732,16732,12507,12319,36453
1,3402,3401,1791065513548003,1791065513550093,2090,0,1,16977,16977,16977,12797,12647,37580
1,3403,3402,1791065513598003,1791065513600844,2841,0,2,16850,16850,16850,12578,12357,36642
1,3404,3403,1791065513648003,1791065513650652,2649,0,3,16954,16954,16954,12681,12629,37033
1,3405,3404,1791065513698003,1791065513700737,2734,0,4,16812,16812,16812,12578,12319,36635
1,3406,3405,1791065513748003,1791065513750820,2817,0,5,16840,16840,16840,12653,12572,37302
1,3407,3406,1791065513798003,1791065513800929,2926,0,6,16741,16741,16741,12568,12428,36877
1,3408,3407,1791065513848003,1791065513850871,2868,0,7,16878,16878,16878,12802,12472,37218
1,3409,3408,1791065513898003,1791065513900305,2302,0,8,16971,16971,16971,12707,12506,37003
1,3410,3409,1791065513948003,1791065513950795,2792,0,9,16802,16802,16802,12662,12402,36994
1,3411,3410,1791065513998003,1791065514001110,3107,0,10,16824,16824,16824,12582,12179,36643
1,3412,3411,1791065514048003,1791065514050247,2244,0,11,16857,16857,16857,12650,12320,36760
1,3413,3412,1791065514098003,1791065514099971,1968,0,12,17012,17012,17012,12803,12352,37013
1,3414,3413,1791065514148003,1791065514150247,2244,0,13,16858,16858,16858,12641,12499,37163
1,3415,3414,1791065514198003,1791065514200741,2738,0,14,16882,16882,16882,12697,12542,37139
1,3416,3415,1791065514248003,1791065514250749,2746,0,15,16852,16852,16852,12676,12490,37229
1,3417,3416,1791065514298003,1791065514300431,2428,0,16,16993,16993,16993,12825,12546,37446
1,3418,3417,1791065514348003,1791065514350323,2320,0,17,16754,16754,16754,12619,12068,36580
1,3419,3418,1791065514398003,1791065514400625,2622,0,18,16977,16977,16977,12737,12078,36869
1,3420,3419,1791065514448003,1791065514450651,2648,0,19,16934,16934,16934,12753,12353,37494
1,3421,3420,1791065514498003,1791065514500061,2058,0,0,16732,16732,16732,12561,12248,36701
1,3422,3421,1791065514548003,1791065514550562,2559,0,1,16977,16977,16977,12656,11808,35905
1,3423,3422,1791065514598003,1791065514599903,1900,0,2,16850,16850,16850,12662,12063,37067
1,3424,3423,1791065514648003,1791065514650106,2103,0,3,16954,16954,16954,12775,11965,36887
1,3425,3424,1791065514698003,1791065514700242,2239,0,4,16812,16812,16812,12654,12441,37049
1,3426,3425,1791065514748003,1791065514750471,2468,0,5,16840,16840,16840,12532,12142,36233
1,3427,3426,1791065514798003,1791065514800316,2313,0,6,16741,16741,16741,12612,12224,36677
1,3428,3427,1791065514848003,1791065514850808,2805,0,7,16878,16878,16878,12655,12432,36609
1,3429,3428,1791065514898003,1791065514900762,2759,0,8,16971,16971,16971,12709,12526,36869
1,3430,3429,1791065514948003,1791065514950129,2126,0,9,16802,16802,16802,12545,12177,36096
1,3431,3430,1791065514998003,1791065515000556,2553,0,10,16824,16824,16824,12502,12245,35961
1,3432,3431,1791065515048003,1791065515050418,2415,0,11,16857,16857,16857,12608,12136,36577
1,3433,3432,1791065515098003,1791065515099970,1967,0,12,17012,17012,17012,12798,12475,37409
1,3434,3433,1791065515148003,1791065515150741,2738,0,13,16858,16858,16858,12718,12532,36988
1,3435,3434,1791065515198003,1791065515200011,2008,0,14,16882,16882,16882,12674,12271,36548
1,3436,3435,1791065515248003,1791065515250231,2228,0,15,16852,16852,16852,12680,12488,37115
1,3437,3436,1791065515298003,1791065515300756,2753,0,16,16993,16993,16993,12739,12404,37214
1,3438,3437,1791065515348003,1791065515350786,2783,0,17,16754,16754,16754,12654,12209,36670
1,3439,3438,1791065515398003,1791065515400442,2439,0,18,16977,16977,16977,12683,12527,37148
1,3440,3439,1791065515448003,1791065515450863,2860,0,19,16934,16934,16934,12753,12605,37375
1,3441,3440,1791065515498003,1791065515516955,18952,0,0,16732,16732,16732,12582,12568,37107
1,3442,3441,1791065515548003,1791065515569656,21653,0,1,16977,16977,16977,12819,12584,37018
1,3443,3442,1791065515598003,1791065515610934,12931,0,2,16850,16850,16850,12617,12018,36512
1,3444,3443,1791065515648003,1791065515659873,11870,0,3,16954,16954,16954,12686,12384,37084
1,3445,3444,1791065515698003,1791065515703319,5316,0,4,16812,16812,16812,12502,11783,35916
1,3446,3445,1791065515748003,1791065515750160,2157,0,5,16840,16840,16840,12615,12309,36536
1,3447,3446,1791065515798003,1791065515799826,1823,0,6,16741,16741,16741,12624,11991,35979
1,3448,3447,1791065515848003,1791065515850403,2400,0,7,16878,16878,16878,12651,11990,36258
1,3449,3448,1791065515898003,1791065515900113,2110,0,8,16971,16971,16971,12732,12548,36583
1,3450,3449,1791065515948003,1791065515950770,2767,0,9,16802,16802,16802,12676,12431,36165
1,3451,3450,1791065515998003,1791065516000575,2572,0,10,16824,16824,16824,12701,12288,36300
1,3452,3451,1791065516048003,1791065516050220,2217,0,11,16857,16857,16857,12617,12078,35568
1,3453,3452,1791065516098003,1791065516100793,2790,0,12,17012,17012,17012,12732,12135,35918
1,3454,3453,1791065516148003,1791065516150656,2653,0,13,16858,16858,16858,12612,11981,35436
1,3455,3454,1791065516198003,1791065516199849,1846,0,14,16882,16882,16882,12688,12494,36346
1,3456,3455,1791065516248003,1791065516250618,2615,0,15,16852,16852,16852,12598,12453,35819
1,3457,3456,1791065516298003,1791065516300341,2338,0,16,16993,16993,16993,12767,12569,36364
1,3458,3457,1791065516348003,1791065516350590,2587,0,17,16754,16754,16754,12648,12215,35693
1,3459,3458,1791065516398003,1791065516400137,2134,0,18,16977,16977,16977,12707,12706,36551
1,3460,3459,1791065516448003,1791065516450511,2508,0,19,16934,16934,16934,12655,12646,35910
1,3461,3460,1791065516498003,1791065516499946,1943,0,0,16732,16732,16732,12513,12059,35393
1,3462,3461,1791065516548003,1791065516549953,1950,0,1,16977,16977,16977,12763,12529,36203
1,3463,3462,1791065516598003,1791065516600790,2787,0,2,16850,16850,16850,12824,12587,36470
1,3464,3463,1791065516648003,1791065516650880,2877,0,3,16954,16954,16954,12664,11918,35532
1,3465,3464,1791065516698003,1791065516700680,2677,0,4,16812,16812,16812,12681,12519,36569
1,3466,3465,1791065516748003,1791065516750577,2574,0,5,16840,16840,16840,12533,12306,35676
1,3467,3466,1791065516798003,1791065516800595,2592,0,6,16741,16741,16741,12577,11893,35186
1,3468,3467,1791065516848003,1791065516850042,2039,0,7,16878,16878,16878,12610,12151,36058
1,3469,3468,1791065516898003,1791065516900408,2405,0,8,16971,16971,16971,12790,12463,36538
1,3470,3469,1791065516948003,1791065516950404,2401,0,9,16802,16802,16802,12544,12189,35430
1,3471,3470,1791065516998003,1791065517000171,2168,0,10,16824,16824,16824,12538,12235,35561
1,3472,3471,1791065517048003,1791065517050822,2819,0,11,16857,16857,16857,12685,12503,35921
1,3473,3472,1791065517098003,1791065517100433,2430,0,12,17012,17012,17012,12857,12617,36401
1,3474,3473,1791065517148003,1791065517150549,2546,0,13,16858,16858,16858,12723,12327,36074
1,3475,3474,1791065517198003,1791065517200808,2805,0,14,16882,16882,16882,12690,12625,36032
1,3476,3475,1791065517248003,1791065517250657,2654,0,15,16852,16852,16852,12649,12636,36164
1,3477,3476,1791065517298003,1791065517300305,2302,0,16,16993,16993,16993,12746,12237,36256
1,3478,3477,1791065517348003,1791065517350662,2659,0,17,16754,16754,16754,12579,12545,36011
1,3479,3478,1791065517398003,1791065517400616,2613,0,18,16977,16977,16977,12742,12589,36287
1,3480,3479,1791065517448003,1791065517450706,2703,0,19,16934,16934,16934,12663,12398,36029
1,3481,3480,1791065517498003,1791065517500251,2248,0,0,16732,16732,16732,12445,12302,35476
1,3482,3481,1791065517548003,1791065517550154,2151,0,1,16977,16977,16977,12831,12348,36193
1,3483,3482,1791065517598003,1791065517600355,2352,0,2,16850,16850,16850,12681,12327,35934
1,3484,3483,1791065517648003,1791065517650547,2544,0,3,16954,16954,16954,12681,12519,36098
1,3485,3484,1791065517698003,1791065517700683,2680,0,4,16812,16812,16812,12620,12259,35684
1,3486,3485,1791065517748003,1791065517750661,2658,0,5,16840,16840,16840,12585,12370,36019
1,3487,3486,1791065517798003,1791065517800629,2626,0,6,16741,16741,16741,12597,12207,35482
1,3488,3487,1791065517848003,1791065517850533,2530,0,7,16878,16878,16878,12727,12582,36255
1,3489,3488,1791065517898003,1791065517899903,1900,0,8,16971,16971,16971,12686,12551,35934
1,3490,3489,1791065517948003,1791065517950300,2297,0,9,16802,16802,16802,12528,12272,35816
1,3491,3490,1791065517998003,1791065518000515,2512,0,10,16824,16824,16824,12642,12429,35932
1,3492,3491,1791065518048003,1791065518050437,2434,0,11,16857,16857,16857,12664,11922,35524
1,3493,3492,1791065518098003,1791065518099987,1984,0,12,17012,17012,17012,12818,12050,36402
1,3494,3493,1791065518148003,1791065518150174,2171,0,13,16858,16858,16858,12719,12519,36941
1,3495,3494,1791065518198003,1791065518200839,2836,0,14,16882,16882,16882,12706,12048,35722
1,3496,3495,1791065518248003,1791065518250852,2849,0,15,16852,16852,16852,12691,12570,36859
1,3497,3496,1791065518298003,1791065518300826,2823,0,16,16993,16993,16993,12758,12635,36506
1,3498,3497,1791065518348003,1791065518350837,2834,0,17,16754,16754,16754,12486,12304,35361
1,3499,3498,1791065518398003,1791065518399957,1954,0,18,16977,16977,16977,12721,12561,36657
1,3500,3499,1791065518448003,1791065518450762,2759,0,19,16934,16934,16934,12734,12214,36054
1,3501,3500,1791065518498003,1791065518500457,2454,0,0,16732,16732,16732,12546,12109,35958
1,3502,3501,1791065518548003,1791065518550282,2279,0,1,16977,16977,16977,12667,12370,36278
1,3503,3502,1791065518598003,1791065518599999,1996,0,2,16850,16850,16850,12622,12234,35893
1,3504,3503,1791065518648003,1791065518650059,2056,0,3,16954,16954,16954,12691,12368,36358
1,3505,3504,1791065518698003,1791065518700431,2428,0,4,16812,16812,16812,12598,11906,35610
1,3506,3505,1791065518748003,1791065518750802,2799,0,5,16840,16840,16840,12607,12542,36559
1,3507,3506,1791065518798003,1791065518799909,1906,0,6,16741,16741,16741,12626,12126,35857
1,3508,3507,1791065518848003,1791065518850634,2631,0,7,16878,16878,16878,12718,12650,36801
1,3509,3508,1791065518898003,1791065518900199,2196,0,8,16971,16971,16971,12767,12189,36425
1,3510,3509,1791065518948003,1791065518950575,2572,0,9,16802,16802,16802,12570,12491,36533
1,3511,3510,1791065518998003,1791065519000373,2370,0,10,16824,16824,16824,12590,12252,36363
1,3512,3511,1791065519048003,1791065519050562,2559,0,11,16857,16857,16857,12603,12383,36509
1,3513,3512,1791065519098003,1791065519100183,2180,0,12,17012,17012,17012,12790,12197,36629
1,3514,3513,1791065519148003,1791065519150127,2124,0,13,16858,16858,16858,12623,12192,36452
1,3515,3514,1791065519198003,1791065519200683,2680,0,14,16882,16882,16882,12670,12132,36763
1,3516,3515,1791065519248003,1791065519250368,2365,0,15,16852,16852,16852,12583,12070,36733
1,3517,3516,1791065519298003,1791065519300834,2831,0,16,16993,16993,16993,12676,12505,37128
1,3518,3517,1791065519348003,1791065519350298,2295,0,17,16754,16754,16754,12618,12374,36274
1,3519,3518,1791065519398003,1791065519400496,2493,0,18,16977,16977,16977,12744,12319,36639
1,3520,3519,1791065519448003,1791065519450460,2457,0,19,16934,16934,16934,12765,12510,37025
1,3521,3520,1791065519498003,1791065519500034,2031,0,0,16732,16732,16732,12552,12263,36268
1,3522,3521,1791065519548003,1791065519550504,2501,0,1,16977,16977,16977,12730,12206,36583
1,3523,3522,1791065519598003,1791065519600063,2060,0,2,16850,16850,16850,12548,11971,35963
1,3524,3523,1791065519648003,1791065519650666,2663,0,3,16954,16954,16954,12735,12601,36845
1,3525,3524,1791065519698003,1791065519700350,2347,0,4,16812,16812,16812,12568,12407,36466
1,3526,3525,1791065519748003,1791065519750739,2736,0,5,16840,16840,16840,12621,12336,36208
1,3527,3526,1791065519798003,1791065519800505,2502,0,6,16741,16741,16741,12616,12569,36429
1,3528,3527,1791065519848003,1791065519850868,2865,0,7,16878,16878,16878,12575,11972,35528
1,3529,3528,1791065519898003,1791065519900062,2059,0,8,16971,16971,16971,12791,12522,37051
1,3530,3529,1791065519948003,1791065519950153,2150,0,9,16802,16802,16802,12650,12523,36410
1,3531,3530,1791065519998003,1791065520000706,2703,0,10,16824,16824,16824,12604,12189,35990
1,3532,3531,1791065520048003,1791065520050321,2318,0,11,16857,16857,16857,12557,12196,36256
1,3533,3532,1791065520098003,1791065520100727,2724,0,12,17012,17012,17012,12850,12274,36780
1,3534,3533,1791065520148003,1791065520150129,2126,0,13,16858,16858,16858,12644,12528,36548
1,3535,3534,1791065520198003,1791065520200338,2335,0,14,16882,16882,16882,12697,12212,36102
1,3536,3535,1791065520248003,1791065520250366,2363,0,15,16852,16852,16852,12628,12505,36041
1,3537,3536,1791065520298003,1791065520300146,2143,0,16,16993,16993,16993,12796,12593,36936
1,3538,3537,1791065520348003,1791065520350216,2213,0,17,16754,16754,16754,12628,12619,36426
1,3539,3538,1791065520398003,1791065520400657,2654,0,18,16977,16977,16977,12725,12488,36186
1,3540,3539,1791065520448003,1791065520450757,2754,0,19,16934,16934,16934,12736,12552,36348
1,3541,3540,1791065520498003,1791065520500063,2060,0,0,16732,16732,16732,12648,12194,35719
1,3542,3541,1791065520548003,1791065520550668,2665,0,1,16977,16977,16977,12808,12458,36610
1,3543,3542,1791065520598003,1791065520600397,2394,0,2,16850,16850,16850,12510,12326,35917
1,3544,3543,1791065520648003,1791065520650500,2497,0,3,16954,16954,16954,12789,12619,36652
1,3545,3544,1791065520698003,1791065520700696,2693,0,4,16812,16812,16812,12619,12017,35681
1,3546,3545,1791065520748003,1791065520750896,2893,0,5,16840,16840,16840,12681,12215,36137
1,3547,3546,1791065520798003,1791065520800151,2148,0,6,16741,16741,16741,12550,12387,35886
1,3548,3547,1791065520848003,1791065520850571,2568,0,7,16878,16878,16878,12662,12188,35622
1,3549,3548,1791065520898003,1791065520899918,1915,0,8,16971,16971,16971,12761,12320,36332
1,3550,3549,1791065520948003,1791065520950068,2065,0,9,16802,16802,16802,12566,12384,35964
1,3551,3550,1791065520998003,1791065521000135,2132,0,10,16824,16824,16824,12596,12281,35662
1,3552,3551,1791065521048003,1791065521050520,2517,0,11,16857,16857,16857,12579,12257,35744
1,3553,3552,1791065521098003,1791065521100556,2553,0,12,17012,17012,17012,12800,12511,36453
1,3554,3553,1791065521148003,1791065521150606,2603,0,13,16858,16858,16858,12744,12392,36248
1,3555,3554,1791065521198003,1791065521199999,1996,0,14,16882,16882,16882,12657,12303,35984
1,3556,3555,1791065521248003,1791065521250560,2557,0,15,16852,16852,16852,12597,12317,36104
1,3557,3556,1791065521298003,1791065521300273,2270,0,16,16993,16993,16993,12817,12623,36424
1,3558,3557,1791065521348003,1791065521350675,2672,0,17,16754,16754,16754,12593,11956,35117
1,3559,3558,1791065521398003,1791065521400830,2827,0,18,16977,16977,16977,12647,12485,36321
1,3560,3559,1791065521448003,1791065521450710,2707,0,19,16934,16934,16934,12669,12139,35888
1,3561,3560,1791065521498003,1791065521500805,2802,0,0,16732,16732,16732,12587,12307,35820
1,3562,3561,1791065521548003,1791065521549913,1910,0,1,16977,16977,16977,12779,12709,36567
1,3563,3562,1791065521598003,1791065521600863,2860,0,2,16850,16850,16850,12745,12229,36009
1,3564,3563,1791065521648003,1791065521650563,2560,0,3,16954,16954,16954,12704,12411,36170
1,3565,3564,1791065521698003,1791065521700617,2614,0,4,16812,16812,16812,12536,12064,35350
1,3566,3565,1791065521748003,1791065521750249,2246,0,5,16840,16840,16840,12645,12118,35742
1,3567,3566,1791065521798003,1791065521800404,2401,0,6,16741,16741,16741,12578,12302,36038
1,3568,3567,1791065521848003,1791065521850676,2673,0,7,16878,16878,16878,12647,12382,36036
1,3569,3568,1791065521898003,1791065521900715,2712,0,8,16971,16971,16971,12792,12451,36271
1,3570,3569,1791065521948003,1791065521949953,1950,0,9,16802,16802,16802,12742,12658,36528
1,3571,3570,1791065521998003,1791065521999936,1933,0,10,16824,16824,16824,12621,12157,35652
1,3572,3571,1791065522048003,1791065522050565,2562,0,11,16857,16857,16857,12682,12339,36197
1,3573,3572,1791065522098003,1791065522099981,1978,0,12,17012,17012,17012,12822,12530,36341
1,3574,3573,1791065522148003,1791065522150117,2114,0,13,16858,16858,16858,12596,12430,35705
1,3575,3574,1791065522198003,1791065522200544,2541,0,14,16882,16882,16882,12622,12617,35794
1,3576,3575,1791065522248003,1791065522250777,2774,0,15,16852,16852,16852,12672,12415,35940
1,3577,3576,1791065522298003,1791065522300406,2403,0,16,16993,16993,16993,12786,12404,36041
1,3578,3577,1791065522348003,1791065522350834,2831,0,17,16754,16754,16754,12569,12155,35623
1,3579,3578,1791065522398003,1791065522399866,1863,0,18,16977,16977,16977,12803,12267,36245
1,3580,3579,1791065522448003,1791065522452711,4708,0,19,16934,16934,16934,12680,12592,36407
1,3581,3580,1791065522498003,1791065522499989,1986,0,0,16732,16732,16732,12508,11894,35438
1,3582,3581,1791065522548003,1791065522550346,2343,0,1,16977,16977,16977,12790,12474,36485
1,3583,3582,1791065522598003,1791065522599881,1878,0,2,16850,16850,16850,12711,11954,35722
1,3584,3583,1791065522648003,1791065522650749,2746,0,3,16954,16954,16954,12819,12670,37180
1,3585,3584,1791065522698003,1791065522702624,4621,0,4,16812,16812,16812,12593,12120,35933
1,3586,3585,1791065522748003,1791065522750050,2047,0,5,16840,16840,16840,12668,12496,36319
1,3587,3586,1791065522798003,1791065522800164,2161,0,6,16741,16741,16741,12559,12370,35769
1,3588,3587,1791065522848003,1791065522850129,2126,0,7,16878,16878,16878,12600,12512,36052
1,3589,3588,1791065522898003,1791065522900308,2305,0,8,16971,16971,16971,12790,12136,35978
1,3590,3589,1791065522948003,1791065522950242,2239,0,9,16802,16802,16802,12628,12217,36302
1,3591,3590,1791065522998003,1791065523000684,2681,0,10,16824,16824,16824,12533,12327,36284
1,3592,3591,1791065523048003,1791065523051459,3456,0,11,16857,16857,16857,12616,12419,36411
1,3593,3592,1791065523098003,1791065523100075,2072,0,12,17012,17012,17012,12717,11906,36180
1,3594,3593,1791065523148003,1791065523150550,2547,0,13,16858,16858,16858,12736,12574,37107
1,3595,3594,1791065523198003,1791065523200504,2501,0,14,16882,16882,16882,12694,12580,36934
1,3596,3595,1791065523248003,1791065523250524,2521,0,15,16852,16852,16852,12579,12568,36637
1,3597,3596,1791065523298003,1791065523299916,1913,0,16,16993,16993,16993,12688,12542,36658
1,3598,3597,1791065523348003,1791065523350056,2053,0,17,16754,16754,16754,12530,12073,36029
1,3599,3598,1791065523398003,1791065523400262,2259,0,18,16977,16977,16977,12829,12170,37108
1,3600,3599,1791065523448003,1791065523449856,1853,0,19,16934,16934,16934,12717,12271,37198
1,3601,3600,1791065523498003,1791065523500598,2595,0,0,16732,16732,16732,12484,11667,36081
1,3602,3601,1791065523548003,1791065523550317,2314,0,1,16977,16977,16977,12772,12260,37412
1,3603,3602,1791065523598003,1791065523600202,2199,0,2,16850,16850,16850,12699,12331,36973
1,3604,3603,1791065523648003,1791065523650618,2615,0,3,16954,16954,16954,12675,12413,36851
1,3605,3604,1791065523698003,1791065523700409,2406,0,4,16812,16812,16812,12592,12560,36450
1,3606,3605,1791065523748003,1791065523776753,28750,0,5,16840,16840,16840,12610,12523,36686
1,3607,3606,1791065523798003,1791065523818255,20252,0,6,16741,16741,16741,12506,12192,36179
1,3608,3607,1791065523848003,1791065523861416,13413,0,7,16878,16878,16878,12644,12495,36817
1,3609,3608,1791065523898003,1791065523909340,11337,0,8,16971,16971,16971,12788,12755,37380
1,3610,3609,1791065523948003,1791065523960725,12722,0,9,16802,16802,16802,12662,12002,36417
1,3611,3610,1791065523998003,1791065524007173,9170,0,10,16824,16824,16824,12670,12047,36684
1,3612,3611,1791065524048003,1791065524052722,4719,0,11,16857,16857,16857,12704,12096,36460
1,3613,3612,1791065524098003,1791065524100006,2003,0,12,17012,17012,17012,12897,12249,37450
1,3614,3613,1791065524148003,1791065524150477,2474,0,13,16858,16858,16858,12703,11909,36535
1,3615,3614,1791065524198003,1791065524200509,2506,0,14,16882,16882,16882,12650,12041,36327
1,3616,3615,1791065524248003,1791065524250389,2386,0,15,16852,16852,16852,12624,12557,36598
1,3617,3616,1791065524298003,1791065524300136,2133,0,16,16993,16993,16993,12763,12253,36503
1,3618,3617,1791065524348003,1791065524350866,2863,0,17,16754,16754,16754,12495,11870,35424
1,3619,3618,1791065524398003,1791065524400614,2611,0,18,16977,16977,16977,12862,12096,36452
1,3620,3619,1791065524448003,1791065524449905,1902,0,19,16934,16934,16934,12710,12384,36881
1,3621,3620,1791065524498003,1791065524500239,2236,0,0,16732,16732,16732,12490,12348,35938
1,3622,3621,1791065524548003,1791065524550775,2772,0,1,16977,16977,16977,12788,12384,36927
1,3623,3622,1791065524598003,1791065524600761,2758,0,2,16850,16850,16850,12648,12496,36540
1,3624,3623,1791065524648003,1791065524649850,1847,0,3,16954,16954,16954,12860,12730,37315
1,3625,3624,1791065524698003,1791065524700237,2234,0,4,16812,16812,16812,12645,12458,36462
1,3626,3625,1791065524748003,1791065524750548,2545,0,5,16840,16840,16840,12647,12110,36294
1,3627,3626,1791065524798003,1791065524800627,2624,0,6,16741,16741,16741,12547,11987,35787
1,3628,3627,1791065524848003,1791065524850742,2739,0,7,16878,16878,16878,12636,12077,36158
1,3629,3628,1791065524898003,1791065524899987,1984,0,8,16971,16971,16971,12757,12425,36722
1,3630,3629,1791065524948003,1791065524952474,4471,0,9,16802,16802,16802,12632,12347,36571
1,3631,3630,1791065524998003,1791065525000755,2752,0,10,16824,16824,16824,12684,12530,36979
1,3632,3631,1791065525048003,1791065525050570,2567,0,11,16857,16857,16857,12700,12543,36678
1,3633,3632,1791065525098003,1791065525100506,2503,0,12,17012,17012,17012,12813,12786,37088
1,3634,3633,1791065525148003,1791065525150755,2752,0,13,16858,16858,16858,12515,11930,35851
1,3635,3634,1791065525198003,1791065525199905,1902,0,14,16882,16882,16882,12724,12533,36677
1,3636,3635,1791065525248003,1791065525250091,2088,0,15,16852,16852,16852,12590,12191,36220
1,3637,3636,1791065525298003,1791065525300465,2462,0,16,16993,16993,16993,12800,12549,37035
1,3638,3637,1791065525348003,1791065525350417,2414,0,17,16754,16754,16754,12599,12333,36551
1,3639,3638,1791065525398003,1791065525400876,2873,0,18,16977,16977,16977,12758,12610,36788
1,3640,3639,1791065525448003,1791065525450694,2691,0,19,16934,16934,16934,12820,12491,36899
1,3641,3640,1791065525498003,1791065525500029,2026,0,0,16732,16732,16732,12500,12247,36454
1,3642,3641,1791065525548003,1791065525550382,2379,0,1,16977,16977,16977,12791,12457,37000
1,3643,3642,1791065525598003,1791065525600363,2360,0,2,16850,16850,16850,12582,12346,36492
1,3644,3643,1791065525648003,1791065525650077,2074,0,3,16954,16954,16954,12746,12640,37049
1,3645,3644,1791065525698003,1791065525700457,2454,0,4,16812,16812,16812,12557,12416,36746
1,3646,3645,1791065525748003,1791065525750229,2226,0,5,16840,16840,16840,12650,12565,36794
1,3647,3646,1791065525798003,1791065525800567,2564,0,6,16741,16741,16741,12572,12111,36094
1,3648,3647,1791065525848003,1791065525850503,2500,0,7,16878,16878,16878,12607,12537,36572
1,3649,3648,1791065525898003,1791065525900402,2399,0,8,16971,16971,16971,12738,12077,36304
1,3650,3649,1791065525948003,1791065525950361,2358,0,9,16802,16802,16802,12665,12357,36828
1,3651,3650,1791065525998003,1791065526000432,2429,0,10,16824,16824,16824,12618,12604,36791
1,3652,3651,1791065526048003,1791065526050441,2438,0,11,16857,16857,16857,12689,12520,37075
1,3653,3652,1791065526098003,1791065526100354,2351,0,12,17012,17012,17012,12805,12384,36896
1,3654,3653,1791065526148003,1791065526149975,1972,0,13,16858,16858,16858,12678,12315,36949
1,3655,3654,1791065526198003,1791065526200304,2301,0,14,16882,16882,16882,12602,12516,37293
1,3656,3655,1791065526248003,1791065526250310,2307,0,15,16852,16852,16852,12637,12303,36718
1,3657,3656,1791065526298003,1791065526300163,2160,0,16,16993,16993,16993,12827,12581,37619
1,3658,3657,1791065526348003,1791065526350298,2295,0,17,16754,16754,16754,12595,12513,37167
1,3659,3658,1791065526398003,1791065526400324,2321,0,18,16977,16977,16977,12765,12381,37058
1,3660,3659,1791065526448003,1791065526450527,2524,0,19,16934,16934,16934,12715,12514,37576
1,3661,3660,1791065526498003,1791065526500849,2846,0,0,16732,16732,16732,12567,12138,37060
1,3662,3661,1791065526548003,1791065526550424,2421,0,1,16977,16977,16977,12797,12128,36875
1,3663,3662,1791065526598003,1791065526600598,2595,0,2,16850,16850,16850,12659,12436,37685
1,3664,3663,1791065526648003,1791065526650765,2762,0,3,16954,16954,16954,12670,12305,36847
1,3665,3664,1791065526698003,1791065526700657,2654,0,4,16812,16812,16812,12646,12538,37328
1,3666,3665,1791065526748003,1791065526750073,2070,0,5,16840,16840,16840,12610,12058,36493
1,3667,3666,1791065526798003,1791065526800306,2303,0,6,16741,16741,16741,12559,12476,37189
1,3668,3667,1791065526848003,1791065526850570,2567,0,7,16878,16878,16878,12613,12360,37039
1,3669,3668,1791065526898003,1791065526900639,2636,0,8,16971,16971,16971,12695,12413,37105
1,3670,3669,1791065526948003,1791065526950504,2501,0,9,16802,16802,16802,12625,12428,37358
1,3671,3670,1791065526998003,1791065527000570,2567,0,10,16824,16824,16824,12646,12378,37141
1,3672,3671,1791065527048003,1791065527050774,2771,0,11,16857,16857,16857,12570,12267,37279
1,3673,3672,1791065527098003,1791065527100246,2243,0,12,17012,17012,17012,12802,12565,38381
1,3674,3673,1791065527148003,1791065527150448,2445,0,13,16858,16858,16858,12561,12457,37501
1,3675,3674,1791065527198003,1791065527200770,2767,0,14,16882,16882,16882,12627,12196,37543
1,3676,3675,1791065527248003,1791065527250580,2577,0,15,16852,16852,16852,12656,12596,38119
1,3677,3676,1791065527298003,1791065527300405,2402,0,16,16993,16993,16993,12613,12037,37070
1,3678,3677,1791065527348003,1791065527350517,2514,0,17,16754,16754,16754,12590,12329,37706
1,3679,3678,1791065527398003,1791065527400887,2884,0,18,16977,16977,16977,12680,12482,37555
1,3680,3679,1791065527448003,1791065527450504,2501,0,19,16934,16934,16934,12634,12578,37323
1,3681,3680,1791065527498003,1791065527500032,2029,0,0,16732,16732,16732,12617,12488,37069
1,3682,3681,1791065527548003,1791065527550887,2884,0,1,16977,16977,16977,12683,12033,36570
1,3683,3682,1791065527598003,1791065527600083,2080,0,2,16850,16850,16850,12680,12401,37058
1,3684,3683,1791065527648003,1791065527650739,2736,0,3,16954,16954,16954,12716,12702,37054
1,3685,3684,1791065527698003,1791065527700119,2116,0,4,16812,16812,16812,12588,12401,36876
1,3686,3685,1791065527748003,1791065527749992,1989,0,5,16840,16840,16840,12574,11980,36192
1,3687,3686,1791065527798003,1791065527800400,2397,0,6,16741,16741,16741,12503,12090,36243
1,3688,3687,1791065527848003,1791065527850270,2267,0,7,16878,16878,16878,12587,12141,36807
1,3689,3688,1791065527898003,1791065527900781,2778,0,8,16971,16971,16971,12750,12120,36900
1,3690,3689,1791065527948003,1791065527950757,2754,0,9,16802,16802,16802,12617,12396,37100
1,3691,3690,1791065527998003,1791065528000567,2564,0,10,16824,16824,16824,12667,12434,37390
1,3692,3691,1791065528048003,1791065528050551,2548,0,11,16857,16857,16857,12564,12484,36811
1,3693,3692,1791065528098003,1791065528100698,2695,0,12,17012,17012,17012,12771,12648,37543
1,3694,3693,1791065528148003,1791065528149958,1955,0,13,16858,16858,16858,12623,12018,36725
1,3695,3694,1791065528198003,1791065528200509,2506,0,14,16882,16882,16882,12661,11848,37212
1,3696,3695,1791065528248003,1791065528250487,2484,0,15,16852,16852,16852,12661,12566,37583
1,3697,3696,1791065528298003,1791065528300556,2553,0,16,16993,16993,16993,12667,11896,36703
1,3698,3697,1791065528348003,1791065528350741,2738,0,17,16754,16754,16754,12442,11783,36102
1,3699,3698,1791065528398003,1791065528400204,2201,0,18,16977,16977,16977,12749,12090,36902
1,3700,3699,1791065528448003,1791065528450344,2341,0,19,16934,16934,16934,12761,11934,36908
1,3701,3700,1791065528498003,1791065528500448,2445,0,0,16732,16732,16732,12602,12462,37502
1,3702,3701,1791065528548003,1791065528550740,2737,0,1,16977,16977,16977,12647,12499,37107
1,3703,3702,1791065528598003,1791065528599946,1943,0,2,16850,16850,16850,12593,11996,36301
1,3704,3703,1791065528648003,1791065528650428,2425,0,3,16954,16954,16954,12746,12158,36893
1,3705,3704,1791065528698003,1791065528700275,2272,0,4,16812,16812,16812,12622,12229,36401
1,3706,3705,1791065528748003,1791065528750449,2446,0,5,16840,16840,16840,12558,12045,36307
1,3707,3706,1791065528798003,1791065528800563,2560,0,6,16741,16741,16741,12527,11700,35997
1,3708,3707,1791065528848003,1791065528850739,2736,0,7,16878,16878,16878,12662,11815,36521
1,3709,3708,1791065528898003,1791065528901135,3132,0,8,16971,16971,16971,12831,12602,37559
1,3710,3709,1791065528948003,1791065528950074,2071,0,9,16802,16802,16802,12522,12358,36279
1,3711,3710,1791065528998003,1791065529000783,2780,0,10,16824,16824,16824,12579,12258,36241
1,3712,3711,1791065529048003,1791065529050618,2615,0,11,16857,16857,16857,12627,12270,36519
1,3713,3712,1791065529098003,1791065529100528,2525,0,12,17012,17012,17012,12758,12298,36901
1,3714,3713,1791065529148003,1791065529150034,2031,0,13,16858,16858,16858,12565,11946,35981
1,3715,3714,1791065529198003,1791065529200589,2586,0,14,16882,16882,16882,12600,11776,36243
1,3716,3715,1791065529248003,1791065529249914,1911,0,15,16852,16852,16852,12612,11995,36592
1,3717,3716,1791065529298003,1791065529300098,2095,0,16,16993,16993,16993,12723,12352,37122
1,3718,3717,1791065529348003,1791065529350553,2550,0,17,16754,16754,16754,12512,12346,36388
1,3719,3718,1791065529398003,1791065529400361,2358,0,18,16977,16977,16977,12701,12347,36565
1,3720,3719,1791065529448003,1791065529450577,2574,0,19,16934,16934,16934,12651,12197,36246
1,3721,3720,1791065529498003,1791065529500890,2887,0,0,16732,16732,16732,12496,12071,35707
1,3722,3721,1791065529548003,1791065529550858,2855,0,1,16977,16977,16977,12705,12486,36621
1,3723,3722,1791065529598003,1791065529600135,2132,0,2,16850,16850,16850,12520,12038,35824
1,3724,3723,1791065529648003,1791065529649961,1958,0,3,16954,16954,16954,12683,12494,36758
1,3725,3724,1791065529698003,1791065529700724,2721,0,4,16812,16812,16812,12663,12373,36411
1,3726,3725,1791065529748003,1791065529751420,3417,0,5,16840,16840,16840,12644,11911,35769
1,3727,3726,1791065529798003,1791065529800843,2840,0,6,16741,16741,16741,12553,11795,35562
1,3728,3727,1791065529848003,1791065529850540,2537,0,7,16878,16878,16878,12696,12480,36681
1,3729,3728,1791065529898003,1791065529900822,2819,0,8,16971,16971,16971,12754,12574,36534
1,3730,3729,1791065529948003,1791065529949913,1910,0,9,16802,16802,16802,12611,12377,35917
1,3731,3730,1791065529998003,1791065530000060,2057,0,10,16824,16824,16824,12681,12612,36048
1,3732,3731,1791065530048003,1791065530050766,2763,0,11,16857,16857,16857,12671,12659,36108
1,3733,3732,1791065530098003,1791065530100109,2106,0,12,17012,17012,17012,12758,12592,36424
1,3734,3733,1791065530148003,1791065530149938,1935,0,13,16858,16858,16858,12581,12425,35849
1,3735,3734,1791065530198003,1791065530200035,2032,0,14,16882,16882,16882,12723,12241,36008
1,3736,3735,1791065530248003,1791065530250562,2559,0,15,16852,16852,16852,12607,12251,35977
1,3737,3736,1791065530298003,1791065530300176,2173,0,16,16993,16993,16993,12748,12573,36444
1,3738,3737,1791065530348003,1791065530350524,2521,0,17,16754,16754,16754,12544,12006,35366
1,3739,3738,1791065530398003,1791065530400447,2444,0,18,16977,16977,16977,12722,12594,36476
1,3740,3739,1791065530448003,1791065530450362,2359,0,19,16934,16934,16934,12715,12614,36339
1,3741,3740,1791065530498003,1791065530500624,2621,0,0,16732,16732,16732,12545,12254,35741
1,3742,3741,1791065530548003,1791065530550229,2226,0,1,16977,16977,16977,12666,12082,35659
1,3743,3742,1791065530598003,1791065530600313,2310,0,2,16850,16850,16850,12636,11921,35541
1,3744,3743,1791065530648003,1791065530650000,1997,0,3,16954,16954,16954,12816,12397,36591
1,3745,3744,1791065530698003,1791065530700444,2441,0,4,16812,16812,16812,12569,12119,35695
1,3746,3745,1791065530748003,1791065530749989,1986,0,5,16840,16840,16840,12552,11983,35499
1,3747,3746,1791065530798003,1791065530800637,2634,0,6,16741,16741,16741,12541,11791,35098
1,3748,3747,1791065530848003,1791065530850645,2642,0,7,16878,16878,16878,12719,12223,36315
1,3749,3748,1791065530898003,1791065530900062,2059,0,8,16971,16971,16971,12742,12400,36445
1,3750,3749,1791065530948003,1791065530950879,2876,0,9,16802,16802,16802,12662,12096,36028
1,3751,3750,1791065530998003,1791065531000459,2456,0,10,16824,16824,16824,12533,12402,35972
1,3752,3751,1791065531048003,1791065531049977,1974,0,11,16857,16857,16857,12627,12593,36240
1,3753,3752,1791065531098003,1791065531100301,2298,0,12,17012,17012,17012,12732,12347,36072
1,3754,3753,1791065531148003,1791065531150351,2348,0,13,16858,16858,16858,12669,12029,35602
1,3755,3754,1791065531198003,1791065531200827,2824,0,14,16882,16882,16882,12772,12586,36836
1,3756,3755,1791065531248003,1791065531250725,2722,0,15,16852,16852,16852,12621,12164,35679
1,3757,3756,1791065531298003,1791065531300566,2563,0,16,16993,16993,16993,12717,12234,35812
1,3758,3757,1791065531348003,1791065531350154,2151,0,17,16754,16754,16754,12633,12566,35889
1,3759,3758,1791065531398003,1791065531400686,2683,0,18,16977,16977,16977,12869,12423,36324
1,3760,3759,1791065531448003,1791065531450237,2234,0,19,16934,16934,16934,12760,12625,36432
1,3761,3760,1791065531498003,1791065531500137,2134,0,0,16732,16732,16732,12535,11820,35224
1,3762,3761,1791065531548003,1791065531550722,2719,0,1,16977,16977,16977,12690,12305,36298
1,3763,3762,1791065531598003,1791065531600270,2267,0,2,16850,16850,16850,12629,12581,36252
1,3764,3763,1791065531648003,1791065531650449,2446,0,3,16954,16954,16954,12701,12409,35760
1,3765,3764,1791065531698003,1791065531700000,1997,0,4,16812,16812,16812,12568,12310,35350
1,3766,3765,1791065531748003,1791065531750004,2001,0,5,16840,16840,16840,12730,12274,36090
1,3767,3766,1791065531798003,1791065531800181,2178,0,6,16741,16741,16741,12598,12555,35963
1,3768,3767,1791065531848003,1791065531850487,2484,0,7,16878,16878,16878,12589,12562,35948
1,3769,3768,1791065531898003,1791065531899931,1928,0,8,16971,16971,16971,12719,12335,35840
1,3770,3769,1791065531948003,1791065531950010,2007,0,9,16802,16802,16802,12580,12531,36115
1,3771,3770,1791065531998003,1791065532000797,2794,0,10,16824,16824,16824,12584,12342,35646
1,3772,3771,1791065532048003,1791065532050452,2449,0,11,16857,16857,16857,12654,12031,35589
1,3773,3772,1791065532098003,1791065532100103,2100,0,12,17012,17012,17012,12810,12112,35955
1,3774,3773,1791065532148003,1791065532150495,2492,0,13,16858,16858,16858,12620,12392,36317
1,3775,3774,1791065532198003,1791065532200327,2324,0,14,16882,16882,16882,12654,12271,35925
1,3776,3775,1791065532248003,1791065532250523,2520,0,15,16852,16852,16852,12611,12361,35939
1,3777,3776,1791065532298003,1791065532299984,1981,0,16,16993,16993,16993,12650,12255,35570
1,3778,3777,1791065532348003,1791065532350323,2320,0,17,16754,16754,16754,12564,12491,35728
1,3779,3778,1791065532398003,1791065532400284,2281,0,18,16977,16977,16977,12710,12520,36108
1,3780,3779,1791065532448003,1791065532450516,2513,0,19,16934,16934,16934,12628,12307,35986
1,3781,3780,1791065532498003,1791065532499953,1950,0,0,16732,16732,16732,12550,12520,35698
1,3782,3781,1791065532548003,1791065532550750,2747,0,1,16977,16977,16977,12864,12830,36572
1,3783,3782,1791065532598003,1791065532600875,2872,0,2,16850,16850,16850,12662,12314,35690
1,3784,3783,1791065532648003,1791065532650390,2387,0,3,16954,16954,16954,12684,12113,35535
1,3785,3784,1791065532698003,1791065532699902,1899,0,4,16812,16812,16812,12624,12605,36341
1,3786,3785,1791065532748003,1791065532752173,4170,0,5,16840,16840,16840,12583,12408,35981
1,3787,3786,1791065532798003,1791065532800574,2571,0,6,16741,16741,16741,12614,12438,35973
1,3788,3787,1791065532848003,1791065532850534,2531,0,7,16878,16878,16878,12722,12514,36111
1,3789,3788,1791065532898003,1791065532900087,2084,0,8,16971,16971,16971,12805,12580,36435
1,3790,3789,1791065532948003,1791065532950224,2221,0,9,16802,16802,16802,12604,12253,36170
1,3791,3790,1791065532998003,1791065533000476,2473,0,10,16824,16824,16824,12592,12337,35730
1,3792,3791,1791065533048003,1791065533050196,2193,0,11,16857,16857,16857,12715,12425,36153
1,3793,3792,1791065533098003,1791065533100373,2370,0,12,17012,17012,17012,12822,12461,36165
1,3794,3793,1791065533148003,1791065533150060,2057,0,13,16858,16858,16858,12743,12374,36126
1,3795,3794,1791065533198003,1791065533199988,1985,0,14,16882,16882,16882,12564,12248,35565
1,3796,3795,1791065533248003,1791065533250662,2659,0,15,16852,16852,16852,12699,12542,36267
1,3797,3796,1791065533298003,1791065533300051,2048,0,16,16993,16993,16993,12737,12421,36166
1,3798,3797,1791065533348003,1791065533350885,2882,0,17,16754,16754,16754,12608,12403,36091
1,3799,3798,1791065533398003,1791065533400447,2444,0,18,16977,16977,16977,12723,12539,36239
1,3800,3799,1791065533448003,1791065533450750,2747,0,19,16934,16934,16934,12629,12227,35685
1,3801,3800,1791065533498003,1791065533500768,2765,0,0,16732,16732,16732,12550,12216,35614
1,3802,3801,1791065533548003,1791065533550362,2359,0,1,16977,16977,16977,12761,12114,35896
1,3803,3802,1791065533598003,1791065533600038,2035,0,2,16850,16850,16850,12524,12111,35650
1,3804,3803,1791065533648003,1791065533650465,2462,0,3,16954,16954,16954,12709,12377,36124
1,3805,3804,1791065533698003,1791065533700555,2552,0,4,16812,16812,16812,12542,12206,35721
1,3806,3805,1791065533748003,1791065533750730,2727,0,5,16840,16840,16840,12586,12582,35953
1,3807,3806,1791065533798003,1791065533800394,2391,0,6,16741,16741,16741,12659,12045,35758
1,3808,3807,1791065533848003,1791065533850517,2514,0,7,16878,16878,16878,12718,12387,36648
1,3809,3808,1791065533898003,1791065533900510,2507,0,8,16971,16971,16971,12728,12471,36444
1,3810,3809,1791065533948003,1791065533950012,2009,0,9,16802,16802,16802,12616,12253,35652
1,3811,3810,1791065533998003,1791065534000835,2832,0,10,16824,16824,16824,12560,12080,35773
1,3812,3811,1791065534048003,1791065534050469,2466,0,11,16857,16857,16857,12722,12078,35987
1,3813,3812,1791065534098003,1791065534099892,1889,0,12,17012,17012,17012,12855,12854,37074
1,3814,3813,1791065534148003,1791065534150770,2767,0,13,16858,16858,16858,12577,12203,35434
1,3815,3814,1791065534198003,1791065534199930,1927,0,14,16882,16882,16882,12557,12182,35536
1,3816,3815,1791065534248003,1791065534250077,2074,0,15,16852,16852,16852,12652,12567,36013
1,3817,3816,1791065534298003,1791065534299952,1949,0,16,16993,16993,16993,12933,12503,36427
1,3818,3817,1791065534348003,1791065534350632,2629,0,17,16754,16754,16754,12644,12056,35705
1,3819,3818,1791065534398003,1791065534400057,2054,0,18,16977,16977,16977,12646,12391,35906
1,3820,3819,1791065534448003,1791065534450577,2574,0,19,16934,16934,16934,12623,12423,35900
1,3821,3820,1791065534498003,1791065534500800,2797,0,0,16732,16732,16732,12622,11941,35446
1,3822,3821,1791065534548003,1791065534550526,2523,0,1,16977,16977,16977,12723,12093,35902
1,3823,3822,1791065534598003,1791065534601216,3213,0,2,16850,16850,16850,12570,12332,36267
1,3824,3823,1791065534648003,1791065534649939,1936,0,3,16954,16954,16954,12724,12361,36129
1,3825,3824,1791065534698003,1791065534700334,2331,0,4,16812,16812,16812,12630,12487,35956
1,3826,3825,1791065534748003,1791065534749940,1937,0,5,16840,16840,16840,12637,11896,35304
1,3827,3826,1791065534798003,1791065534800179,2176,0,6,16741,16741,16741,12532,12348,36022
1,3828,3827,1791065534848003,1791065534850217,2214,0,7,16878,16878,16878,12601,12385,35661
1,3829,3828,1791065534898003,1791065534900551,2548,0,8,16971,16971,16971,12653,12258,35919
1,3830,3829,1791065534948003,1791065534950218,2215,0,9,16802,16802,16802,12562,12303,35778
1,3831,3830,1791065534998003,1791065535000438,2435,0,10,16824,16824,16824,12575,12465,35922
1,3832,3831,1791065535048003,1791065535050537,2534,0,11,16857,16857,16857,12724,12494,36365
1,3833,3832,1791065535098003,1791065535100883,2880,0,12,17012,17012,17012,12706,12684,36496
1,3834,3833,1791065535148003,1791065535150751,2748,0,13,16858,16858,16858,12703,12174,35968
1,3835,3834,1791065535198003,1791065535200058,2055,0,14,16882,16882,16882,12645,11795,35452
1,3836,3835,1791065535248003,1791065535250562,2559,0,15,16852,16852,16852,12599,12489,36716
1,3837,3836,1791065535298003,1791065535300347,2344,0,16,16993,16993,16993,12657,12072,35737
1,3838,3837,1791065535348003,1791065535350591,2588,0,17,16754,16754,16754,12567,12279,35915
1,3839,3838,1791065535398003,1791065535400501,2498,0,18,16977,16977,16977,12680,12236,36074
1,3840,3839,1791065535448003,1791065535449873,1870,0,19,16934,16934,16934,12740,12445,36460
1,3841,3840,1791065535498003,1791065535500344,2341,0,0,16732,16732,16732,12585,12205,35853
1,3842,3841,1791065535548003,1791065535549945,1942,0,1,16977,16977,16977,12695,12553,36386
1,3843,3842,1791065535598003,1791065535600478,2475,0,2,16850,16850,16850,12699,12536,36250
1,3844,3843,1791065535648003,1791065535650533,2530,0,3,16954,16954,16954,12756,12660,36435
1,3845,3844,1791065535698003,1791065535699852,1849,0,4,16812,16812,16812,12593,12025,36086
1,3846,3845,1791065535748003,1791065535749915,1912,0,5,16840,16840,16840,12667,12495,36429
1,3847,3846,1791065535798003,1791065535800145,2142,0,6,16741,16741,16741,12467,12317,35672
1,3848,3847,1791065535848003,1791065535875387,27384,0,7,16878,16878,16878,12573,12291,35993
1,3849,3848,1791065535898003,1791065535918429,20426,0,8,16971,16971,16971,12764,12078,35911
1,3850,3849,1791065535948003,1791065535963388,15385,0,9,16802,16802,16802,12625,11931,36030
1,3851,3850,1791065535998003,1791065536007610,9607,0,10,16824,16824,16824,12715,12692,37105
1,3852,3851,1791065536048003,1791065536050953,2950,0,11,16857,16857,16857,12584,12270,36147
1,3853,3852,1791065536098003,1791065536100030,2027,0,12,17012,17012,17012,12738,12131,36524
1,3854,3853,1791065536148003,1791065536149938,1935,0,13,16858,16858,16858,12692,12063,36572
1,3855,3854,1791065536198003,1791065536199978,1975,0,14,16882,16882,16882,12639,12507,37092
1,3856,3855,1791065536248003,1791065536250740,2737,0,15,16852,16852,16852,12676,12090,36519
1,3857,3856,1791065536298003,1791065536300377,2374,0,16,16993,16993,16993,12684,12328,37030
1,3858,3857,1791065536348003,1791065536350284,2281,0,17,16754,16754,16754,12533,12424,36519
1,3859,3858,1791065536398003,1791065536400687,2684,0,18,16977,16977,16977,12826,12745,37299
1,3860,3859,1791065536448003,1791065536450887,2884,0,19,16934,16934,16934,12611,11742,35699
1,3861,3860,1791065536498003,1791065536500677,2674,0,0,16732,16732,16732,12543,12315,36801
1,3862,3861,1791065536548003,1791065536550985,2982,0,1,16977,16977,16977,12778,12766,36907
1,3863,3862,1791065536598003,1791065536600030,2027,0,2,16850,16850,16850,12541,12314,35787
1,3864,3863,1791065536648003,1791065536650621,2618,0,3,16954,16954,16954,12613,12444,36184
1,3865,3864,1791065536698003,1791065536700752,2749,0,4,16812,16812,16812,12592,12223,36005
1,3866,3865,1791065536748003,1791065536754296,6293,0,5,16840,16840,16840,12637,11590,35137
1,3867,3866,1791065536798003,1791065536800692,2689,0,6,16741,16741,16741,12604,12316,36834
1,3868,3867,1791065536848003,1791065536849876,1873,0,7,16878,16878,16878,12666,12431,36064
1,3869,3868,1791065536898003,1791065536900214,2211,0,8,16971,16971,16971,12643,12032,35565
1,3870,3869,1791065536948003,1791065536950375,2372,0,9,16802,16802,16802,12573,12316,35967
1,3871,3870,1791065536998003,1791065537000703,2700,0,10,16824,16824,16824,12649,12532,36156
1,3872,3871,1791065537048003,1791065537050373,2370,0,11,16857,16857,16857,12651,12397,36079
1,3873,3872,1791065537098003,1791065537100676,2673,0,12,17012,17012,17012,12716,12521,36091
1,3874,3873,1791065537148003,1791065537150270,2267,0,13,16858,16858,16858,12602,12078,35517
1,3875,3874,1791065537198003,1791065537200607,2604,0,14,16882,16882,16882,12662,12278,36046
1,3876,3875,1791065537248003,1791065537250486,2483,0,15,16852,16852,16852,12597,12259,35918
1,3877,3876,1791065537298003,1791065537300572,2569,0,16,16993,16993,16993,12770,12519,36786
1,3878,3877,1791065537348003,1791065537349942,1939,0,17,16754,16754,16754,12560,12204,36029
1,3879,3878,1791065537398003,1791065537400539,2536,0,18,16977,16977,16977,12725,12069,35980
1,3880,3879,1791065537448003,1791065537449970,1967,0,19,16934,16934,16934,12745,12008,36311
1,3881,3880,1791065537498003,1791065537499969,1966,0,0,16732,16732,16732,12571,12198,36240
1,3882,3881,1791065537548003,1791065537550877,2874,0,1,16977,16977,16977,12742,12118,36342
1,3883,3882,1791065537598003,1791065537600618,2615,0,2,16850,16850,16850,12684,12387,36469
1,3884,3883,1791065537648003,1791065537650561,2558,0,3,16954,16954,16954,12728,12445,36711
1,3885,3884,1791065537698003,1791065537700862,2859,0,4,16812,16812,16812,12697,12630,36766
1,3886,3885,1791065537748003,1791065537750081,2078,0,5,16840,16840,16840,12612,11908,35744
1,3887,3886,1791065537798003,1791065537799916,1913,0,6,16741,16741,16741,12590,12313,36162
1,3888,3887,1791065537848003,1791065537850647,2644,0,7,16878,16878,16878,12648,12362,36214
1,3889,3888,1791065537898003,1791065537900624,2621,0,8,16971,16971,16971,12678,12491,36160
1,3890,3889,1791065537948003,1791065537950427,2424,0,9,16802,16802,16802,12519,12190,35534
1,3891,3890,1791065537998003,1791065538000258,2255,0,10,16824,16824,16824,12664,12286,35794
1,3892,3891,1791065538048003,1791065538050517,2514,0,11,16857,16857,16857,12685,12391,35939
1,3893,3892,1791065538098003,1791065538100198,2195,0,12,17012,17012,17012,12728,12487,36337
1,3894,3893,1791065538148003,1791065538149897,1894,0,13,16858,16858,16858,12628,12287,35686
1,3895,3894,1791065538198003,1791065538200352,2349,0,14,16882,16882,16882,12677,12501,35982
1,3896,3895,1791065538248003,1791065538250283,2280,0,15,16852,16852,16852,12591,12419,35831
1,3897,3896,1791065538298003,1791065538299974,1971,0,16,16993,16993,16993,12770,12619,36561
1,3898,3897,1791065538348003,1791065538350830,2827,0,17,16754,16754,16754,12575,12225,35591
1,3899,3898,1791065538398003,1791065538399938,1935,0,18,16977,16977,16977,12758,12523,36249
1,3900,3899,1791065538448003,1791065538450822,2819,0,19,16934,16934,16934,12758,12339,35824
1,3901,3900,1791065538498003,1791065538500092,2089,0,0,16732,16732,16732,12502,12330,35488
1,3902,3901,1791065538548003,1791065538549931,1928,0,1,16977,16977,16977,12731,12662,36176
1,3903,3902,1791065538598003,1791065538600894,2891,0,2,16850,16850,16850,12632,12616,35834
1,3904,3903,1791065538648003,1791065538650754,2751,0,3,16954,16954,16954,12705,12046,35660
1,3905,3904,1791065538698003,1791065538700626,2623,0,4,16812,16812,16812,12607,12459,36068
1,3906,3905,1791065538748003,1791065538750792,2789,0,5,16840,16840,16840,12700,12511,35798
1,3907,3906,1791065538798003,1791065538800318,2315,0,6,16741,16741,16741,12536,12191,35567
1,3908,3907,1791065538848003,1791065538850620,2617,0,7,16878,16878,16878,12631,12541,36078
1,3909,3908,1791065538898003,1791065538900869,2866,0,8,16971,16971,16971,12673,12170,35544
1,3910,3909,1791065538948003,1791065538950137,2134,0,9,16802,16802,16802,12581,12199,35578
1,3911,3910,1791065538998003,1791065539000435,2432,0,10,16824,16824,16824,12706,12027,35707
1,3912,3911,1791065539048003,1791065539050862,2859,0,11,16857,16857,16857,12626,12397,36307
1,3913,3912,1791065539098003,1791065539100720,2717,0,12,17012,17012,17012,12680,12250,35688
1,3914,3913,1791065539148003,1791065539150258,2255,0,13,16858,16858,16858,12640,12234,35874
1,3915,3914,1791065539198003,1791065539200425,2422,0,14,16882,16882,16882,12686,12366,36082
1,3916,3915,1791065539248003,1791065539250462,2459,0,15,16852,16852,16852,12680,11767,35209
1,3917,3916,1791065539298003,1791065539302318,4315,0,16,16993,16993,16993,12726,12474,37218
1,3918,3917,1791065539348003,1791065539349953,1950,0,17,16754,16754,16754,12612,12381,35872
1,3919,3918,1791065539398003,1791065539400407,2404,0,18,16977,16977,16977,12757,12625,36416
1,3920,3919,1791065539448003,1791065539450022,2019,0,19,16934,16934,16934,12818,12443,36440
1,3921,3920,1791065539498003,1791065539501976,3973,0,0,16732,16732,16732,12554,12520,35916
1,3922,3921,1791065539548003,1791065539550670,2667,0,1,16977,16977,16977,12858,12677,36512
1,3923,3922,1791065539598003,1791065539603434,5431,0,2,16850,16850,16850,12567,12465,35951
1,3924,3923,1791065539648003,1791065539663794,15791,0,3,16954,16954,16954,12767,12764,36240
1,3925,3924,1791065539698003,1791065539712248,14245,0,4,16812,16812,16812,12612,12217,35554
1,3926,3925,1791065539748003,1791065539753191,5188,0,5,16840,16840,16840,12669,12014,35810
1,3927,3926,1791065539798003,1791065539801767,3764,0,6,16741,16741,16741,12591,12290,35892
1,3928,3927,1791065539848003,1791065539850552,2549,0,7,16878,16878,16878,12576,12103,35579
1,3929,3928,1791065539898003,1791065539900819,2816,0,8,16971,16971,16971,12817,12155,36120
1,3930,3929,1791065539948003,1791065539950259,2256,0,9,16802,16802,16802,12601,11801,35491
1,3931,3930,1791065539998003,1791065539999870,1867,0,10,16824,16824,16824,12582,12131,36462
1,3932,3931,1791065540048003,1791065540050558,2555,0,11,16857,16857,16857,12579,12155,36103
1,3933,3932,1791065540098003,1791065540100829,2826,0,12,17012,17012,17012,12666,12408,36580
1,3934,3933,1791065540148003,1791065540150693,2690,0,13,16858,16858,16858,12695,12095,35888
1,3935,3934,1791065540198003,1791065540200569,2566,0,14,16882,16882,16882,12583,12199,35998
1,3936,3935,1791065540248003,1791065540250816,2813,0,15,16852,16852,16852,12572,12526,36064
1,3937,3936,1791065540298003,1791065540300562,2559,0,16,16993,16993,16993,12796,12356,36410
1,3938,3937,1791065540348003,1791065540350331,2328,0,17,16754,16754,16754,12656,12038,35935
1,3939,3938,1791065540398003,1791065540400262,2259,0,18,16977,16977,16977,12888,12725,37386
1,3940,3939,1791065540448003,1791065540450518,2515,0,19,16934,16934,16934,12685,12664,36452
1,3941,3940,1791065540498003,1791065540500277,2274,0,0,16732,16732,16732,12593,12078,35641
1,3942,3941,1791065540548003,1791065540550835,2832,0,1,16977,16977,16977,12753,12130,36103
1,3943,3942,1791065540598003,1791065540600342,2339,0,2,16850,16850,16850,12490,11942,35367
1,3944,3943,1791065540648003,1791065540650606,2603,0,3,16954,16954,16954,12782,12570,36563
1,3945,3944,1791065540698003,1791065540700239,2236,0,4,16812,16812,16812,12656,12215,35716
1,3946,3945,1791065540748003,1791065540750732,2729,0,5,16840,16840,16840,12667,12100,35735
1,3947,3946,1791065540798003,1791065540800687,2684,0,6,16741,16741,16741,12588,12321,35794
1,3948,3947,1791065540848003,1791065540850778,2775,0,7,16878,16878,16878,12669,12080,35527
1,3949,3948,1791065540898003,1791065540900094,2091,0,8,16971,16971,16971,12720,12239,36381
1,3950,3949,1791065540948003,1791065540950265,2262,0,9,16802,16802,16802,12632,12285,35881
1,3951,3950,1791065540998003,1791065541000624,2621,0,10,16824,16824,16824,12615,12282,35855
1,3952,3951,1791065541048003,1791065541050496,2493,0,11,16857,16857,16857,12681,12624,36179
1,3953,3952,1791065541098003,1791065541100673,2670,0,12,17012,17012,17012,12803,12697,36508
1,3954,3953,1791065541148003,1791065541149946,1943,0,13,16858,16858,16858,12657,12430,36030
1,3955,3954,1791065541198003,1791065541199840,1837,0,14,16882,16882,16882,12600,12359,35890
1,3956,3955,1791065541248003,1791065541249848,1845,0,15,16852,16852,16852,12653,12393,35794
1,3957,3956,1791065541298003,1791065541300665,2662,0,16,16993,16993,16993,12732,12429,36094
1,3958,3957,1791065541348003,1791065541350420,2417,0,17,16754,16754,16754,12563,12384,35752
1,3959,3958,1791065541398003,1791065541399983,1980,0,18,16977,16977,16977,12691,12549,36149
1,3960,3959,1791065541448003,1791065541450080,2077,0,19,16934,16934,16934,12692,11957,35250
1,3961,3960,1791065541498003,1791065541500544,2541,0,0,16732,16732,16732,12582,12508,36188
1,3962,3961,1791065541548003,1791065541550583,2580,0,1,16977,16977,16977,12706,12503,36047
1,3963,3962,1791065541598003,1791065541600140,2137,0,2,16850,16850,16850,12756,12637,36112
1,3964,3963,1791065541648003,1791065541650612,2609,0,3,16954,16954,16954,12794,12574,36196
1,3965,3964,1791065541698003,1791065541700163,2160,0,4,16812,16812,16812,12557,12054,35436
1,3966,3965,1791065541748003,1791065541750854,2851,0,5,16840,16840,16840,12718,12422,36341
1,3967,3966,1791065541798003,1791065541800199,2196,0,6,16741,16741,16741,12598,12174,35554
1,3968,3967,1791065541848003,1791065541850534,2531,0,7,16878,16878,16878,12702,12416,36115
1,3969,3968,1791065541898003,1791065541900442,2439,0,8,16971,16971,16971,12777,12745,36493
1,3970,3969,1791065541948003,1791065541949900,1897,0,9,16802,16802,16802,12590,12566,36064
1,3971,3970,1791065541998003,1791065542000365,2362,0,10,16824,16824,16824,12545,12375,35688
1,3972,3971,1791065542048003,1791065542050746,2743,0,11,16857,16857,16857,12639,12147,35712
1,3973,3972,1791065542098003,1791065542100415,2412,0,12,17012,17012,17012,12729,12294,36322
1,3974,3973,1791065542148003,1791065542150562,2559,0,13,16858,16858,16858,12585,12403,35903
1,3975,3974,1791065542198003,1791065542201763,3760,0,14,16882,16882,16882,12651,12092,35752
1,3976,3975,1791065542248003,1791065542250417,2414,0,15,16852,16852,16852,12594,12371,35827
1,3977,3976,1791065542298003,1791065542300067,2064,0,16,16993,16993,16993,12809,12715,36745
1,3978,3977,1791065542348003,1791065542350033,2030,0,17,16754,16754,16754,12599,11886,35136
1,3979,3978,1791065542398003,1791065542400570,2567,0,18,16977,16977,16977,12801,12355,36582
1,3980,3979,1791065542448003,1791065542450709,2706,0,19,16934,16934,16934,12760,12422,36226
1,3981,3980,1791065542498003,1791065542499854,1851,0,0,16732,16732,16732,12558,12552,35990
1,3982,3981,1791065542548003,1791065542550342,2339,0,1,16977,16977,16977,12704,12476,35917
1,3983,3982,1791065542598003,1791065542611744,13741,0,2,16850,16850,16850,12621,12154,35811
1,3984,3983,1791065542648003,1791065542663738,15735,0,3,16954,16954,16954,12662,12298,36010
1,3985,3984,1791065542698003,1791065542714610,16607,0,4,16812,16812,16812,12458,12220,35699
1,3986,3985,1791065542748003,1791065542770454,22451,0,5,16840,16840,16840,12555,12206,35600
1,3987,3986,1791065542798003,1791065542831971,33968,0,6,16741,16741,16741,12537,12365,35718
1,3988,3987,1791065542848003,1791065542878727,30724,0,7,16878,16878,16878,12680,12408,36163
1,3989,3988,1791065542898003,1791065542922313,24310,0,8,16971,16971,16971,12630,12340,35917
1,3990,3989,1791065542948003,1791065542968775,20772,0,9,16802,16802,16802,12510,12118,35296
1,3991,3990,1791065542998003,1791065543013992,15989,0,10,16824,16824,16824,12547,11958,35507
1,3992,3991,1791065543048003,1791065543058355,10352,0,11,16857,16857,16857,12563,12400,36103
1,3993,3992,1791065543098003,1791065543100750,2747,0,12,17012,17012,17012,12737,12728,36324
1,3994,3993,1791065543148003,1791065543149987,1984,0,13,16858,16858,16858,12583,12556,35964
1,3995,3994,1791065543198003,1791065543199996,1993,0,14,16882,16882,16882,12648,12455,35912
1,3996,3995,1791065543248003,1791065543250894,2891,0,15,16852,16852,16852,12700,11927,35416
1,3997,3996,1791065543298003,1791065543300275,2272,0,16,16993,16993,16993,12728,11815,35999
1,3998,3997,1791065543348003,1791065543349828,1825,0,17,16754,16754,16754,12589,12420,36603
1,3999,3998,1791065543398003,1791065543400158,2155,0,18,16977,16977,16977,12655,12118,35793
1,4000,3999,1791065543448003,1791065543450412,2409,0,19,16934,16934,16934,12658,12512,36296
1,4001,4000,1791065543498003,1791065543500275,2272,0,0,16732,16732,16732,12522,11934,35201
1,4002,4001,1791065543548003,1791065543550104,2101,0,1,16977,16977,16977,12793,12423,36211
1,4003,4002,1791065543598003,1791065543600347,2344,0,2,16850,16850,16850,12577,11841,35115
1,4004,4003,1791065543648003,1791065543650403,2400,0,3,16954,16954,16954,12710,12480,36689
1,4005,4004,1791065543698003,1791065543700248,2245,0,4,16812,16812,16812,12520,11966,35342
1,4006,4005,1791065543748003,1791065543750410,2407,0,5,16840,16840,16840,12588,12036,35719
1,4007,4006,1791065543798003,1791065543800352,2349,0,6,16741,16741,16741,12635,12604,36207
1,4008,4007,1791065543848003,1791065543850644,2641,0,7,16878,16878,16878,12664,12283,35889
1,4009,4008,1791065543898003,1791065543900868,2865,0,8,16971,16971,16971,12735,12213,35990
1,4010,4009,1791065543948003,1791065543950086,2083,0,9,16802,16802,16802,12623,12398,35921
1,4011,4010,1791065543998003,1791065543999965,1962,0,10,16824,16824,16824,12567,12079,35304
1,4012,4011,1791065544048003,1791065544050440,2437,0,11,16857,16857,16857,12683,12378,36036
1,4013,4012,1791065544098003,1791065544100893,2890,0,12,17012,17012,17012,12774,12304,36287
1,4014,4013,1791065544148003,1791065544150872,2869,0,13,16858,16858,16858,12665,12315,36116
1,4015,4014,1791065544198003,1791065544200594,2591,0,14,16882,16882,16882,12702,12550,36179
1,4016,4015,1791065544248003,1791065544250842,2839,0,15,16852,16852,16852,12789,12730,36480
1,4017,4016,1791065544298003,1791065544300223,2220,0,16,16993,16993,16993,12734,12708,36484
1,4018,4017,1791065544348003,1791065544350052,2049,0,17,16754,16754,16754,12602,12372,36000
1,4019,4018,1791065544398003,1791065544400529,2526,0,18,16977,16977,16977,12720,12286,36109
1,4020,4019,1791065544448003,1791065544450642,2639,0,19,16934,16934,16934,12667,12194,35925
1,4021,4020,1791065544498003,1791065544500649,2646,0,0,16732,16732,16732,12568,12460,36051
1,4022,4021,1791065544548003,1791065544550705,2702,0,1,16977,16977,16977,12789,12784,36438
1,4023,4022,1791065544598003,1791065544600353,2350,0,2,16850,16850,16850,12507,12124,35573
1,4024,4023,1791065544648003,1791065544650643,2640,0,3,16954,16954,16954,12766,12763,36834
1,4025,4024,1791065544698003,1791065544700849,2846,0,4,16812,16812,16812,12692,12202,35950
1,4026,4025,1791065544748003,1791065544750421,2418,0,5,16840,16840,16840,12567,12468,36096
1,4027,4026,1791065544798003,1791065544799951,1948,0,6,16741,16741,16741,12538,12265,35673
1,4028,4027,1791065544848003,1791065544850279,2276,0,7,16878,16878,16878,12698,12398,36118
1,4029,4028,1791065544898003,1791065544901139,3136,0,8,16971,16971,16971,12651,11980,35720
1,4030,4029,1791065544948003,1791065544949984,1981,0,9,16802,16802,16802,12588,12193,35954
1,4031,4030,1791065544998003,1791065545000117,2114,0,10,16824,16824,16824,12630,12313,36060
1,4032,4031,1791065545048003,1791065545050523,2520,0,11,16857,16857,16857,12566,12201,35559
1,4033,4032,1791065545098003,1791065545100773,2770,0,12,17012,17012,17012,12837,12548,36507
1,4034,4033,1791065545148003,1791065545150762,2759,0,13,16858,16858,16858,12643,12405,36046
1,4035,4034,1791065545198003,1791065545199841,1838,0,14,16882,16882,16882,12654,12272,35877
1,4036,4035,1791065545248003,1791065545250486,2483,0,15,16852,16852,16852,12530,12474,35581
1,4037,4036,1791065545298003,1791065545301318,3315,0,16,16993,16993,16993,12646,11946,35212
1,4038,4037,1791065545348003,1791065545350884,2881,0,17,16754,16754,16754,12547,12059,35809
1,4039,4038,1791065545398003,1791065545400536,2533,0,18,16977,16977,16977,12795,12483,36509
1,4040,4039,1791065545448003,1791065545450830,2827,0,19,16934,16934,16934,12721,11865,35564
1,4041,4040,1791065545498003,1791065545500320,2317,0,0,16732,16732,16732,12512,12103,36113
1,4042,4041,1791065545548003,1791065545549975,1972,0,1,16977,16977,16977,12682,11949,35384
1,4043,4042,1791065545598003,1791065545600380,2377,0,2,16850,16850,16850,12648,12287,36337
1,4044,4043,1791065545648003,1791065545650746,2743,0,3,16954,16954,16954,12706,12340,36256
1,4045,4044,1791065545698003,1791065545700212,2209,0,4,16812,16812,16812,12606,12405,36106
1,4046,4045,1791065545748003,1791065545750664,2661,0,5,16840,16840,16840,12730,12555,36433
1,4047,4046,1791065545798003,1791065545800185,2182,0,6,16741,16741,16741,12549,12116,35791
1,4048,4047,1791065545848003,1791065545849939,1936,0,7,16878,16878,16878,12654,12541,36171
1,4049,4048,1791065545898003,1791065545901252,3249,0,8,16971,16971,16971,12701,12234,35801
1,4050,4049,1791065545948003,1791065545950763,2760,0,9,16802,16802,16802,12568,12353,36002
1,4051,4050,1791065545998003,1791065546000897,2894,0,10,16824,16824,16824,12565,12280,35584
1,4052,4051,1791065546048003,1791065546050880,2877,0,11,16857,16857,16857,12569,12379,35888
1,4053,4052,1791065546098003,1791065546099944,1941,0,12,17012,17012,17012,12713,12259,35800
1,4054,4053,1791065546148003,1791065546150095,2092,0,13,16858,16858,16858,12644,12153,35997
1,4055,4054,1791065546198003,1791065546202511,4508,0,14,16882,16882,16882,12717,12216,36138
1,4056,4055,1791065546248003,1791065546249956,1953,0,15,16852,16852,16852,12535,12157,35767
1,4057,4056,1791065546298003,1791065546299995,1992,0,16,16993,16993,16993,12634,12390,36086
1,4058,4057,1791065546348003,1791065546350114,2111,0,17,16754,16754,16754,12598,12179,35840
1,4059,4058,1791065546398003,1791065546400215,2212,0,18,16977,16977,16977,12742,12449,36410
1,4060,4059,1791065546448003,1791065546450878,2875,0,19,16934,16934,16934,12766,12593,36767
1,4061,4060,1791065546498003,1791065546500152,2149,0,0,16732,16732,16732,12478,12239,35552
1,4062,4061,1791065546548003,1791065546549980,1977,0,1,16977,16977,16977,12756,12140,35910
1,4063,4062,1791065546598003,1791065546600618,2615,0,2,16850,16850,16850,12626,12516,36375
1,4064,4063,1791065546648003,1791065546650069,2066,0,3,16954,16954,16954,12686,12214,36035
1,4065,4064,1791065546698003,1791065546699967,1964,0,4,16812,16812,16812,12563,11976,35621
1,4066,4065,1791065546748003,1791065546750305,2302,0,5,16840,16840,16840,12672,12311,36252
1,4067,4066,1791065546798003,1791065546800104,2101,0,6,16741,16741,16741,12513,12232,35731
1,4068,4067,1791065546848003,1791065546850500,2497,0,7,16878,16878,16878,12652,11911,35648
1,4069,4068,1791065546898003,1791065546901155,3152,0,8,16971,16971,16971,12766,12553,36803
1,4070,4069,1791065546948003,1791065546950690,2687,0,9,16802,16802,16802,12654,12051,35403
1,4071,4070,1791065546998003,1791065547000275,2272,0,10,16824,16824,16824,12541,12087,35559
1,4072,4071,1791065547048003,1791065547050265,2262,0,11,16857,16857,16857,12549,12055,35671
1,4073,4072,1791065547098003,1791065547100181,2178,0,12,17012,17012,17012,12728,12528,36382
1,4074,4073,1791065547148003,1791065547149986,1983,0,13,16858,16858,16858,12700,12262,36191
1,4075,4074,1791065547198003,1791065547200888,2885,0,14,16882,16882,16882,12620,12377,36153
1,4076,4075,1791065547248003,1791065547250630,2627,0,15,16852,16852,16852,12569,12270,35978
1,4077,4076,1791065547298003,1791065547300356,2353,0,16,16993,16993,16993,12698,12458,36519
1,4078,4077,1791065547348003,1791065547349938,1935,0,17,16754,16754,16754,12559,12394,35787
1,4079,4078,1791065547398003,1791065547400103,2100,0,18,16977,16977,16977,12709,12507,36201
1,4080,4079,1791065547448003,1791065547450738,2735,0,19,16934,16934,16934,12688,12680,36428
1,4081,4080,1791065547498003,1791065547500011,2008,0,0,16732,16732,16732,12542,11873,35338
1,4082,4081,1791065547548003,1791065547550019,2016,0,1,16977,16977,16977,12729,12352,36293
1,4083,4082,1791065547598003,1791065547600673,2670,0,2,16850,16850,16850,12692,12506,36162
1,4084,4083,1791065547648003,1791065547650470,2467,0,3,16954,16954,16954,12673,12283,36073
1,4085,4084,1791065547698003,1791065547700654,2651,0,4,16812,16812,16812,12549,12466,35841
1,4086,4085,1791065547748003,1791065547750148,2145,0,5,16840,16840,16840,12613,11777,35105
1,4087,4086,1791065547798003,1791065547800383,2380,0,6,16741,16741,16741,12536,12319,36172
1,4088,4087,1791065547848003,1791065547851482,3479,0,7,16878,16878,16878,12614,12212,35700
1,4089,4088,1791065547898003,1791065547925623,27620,0,8,16971,16971,16971,12788,12637,36508
1,4090,4089,1791065547948003,1791065547970432,22429,0,9,16802,16802,16802,12593,12408,35976
1,4091,4090,1791065547998003,1791065548020656,22653,0,10,16824,16824,16824,12590,12075,35480
1,4092,4091,1791065548048003,1791065548066618,18615,0,11,16857,16857,16857,12697,12409,36276
1,4093,4092,1791065548098003,1791065548113198,15195,0,12,17012,17012,17012,12766,12364,36161
1,4094,4093,1791065548148003,1791065548157698,9695,0,13,16858,16858,16858,12758,12460,36180
1,4095,4094,1791065548198003,1791065548201185,3182,0,14,16882,16882,16882,12624,12394,35653
1,4096,4095,1791065548248003,1791065548250777,2774,0,15,16852,16852,16852,12576,12320,35745
1,4097,4096,1791065548298003,1791065548299982,1979,0,16,16993,16993,16993,12752,12415,36068
1,4098,4097,1791065548348003,1791065548349852,1849,0,17,16754,16754,16754,12539,12538,35689
1,4099,4098,1791065548398003,1791065548399829,1826,0,18,16977,16977,16977,12700,12522,36082
1,4100,4099,1791065548448003,1791065548450037,2034,0,19,16934,16934,16934,12672,12049,35642
1,4101,4100,1791065548498003,1791065548500326,2323,0,0,16732,16732,16732,12566,12153,35729
1,4102,4101,1791065548548003,1791065548550362,2359,0,1,16977,16977,16977,12762,12198,35930
1,4103,4102,1791065548598003,1791065548600602,2599,0,2,16850,16850,16850,12582,11738,35146
1,4104,4103,1791065548648003,1791065548650869,2866,0,3,16954,16954,16954,12724,12398,36549
1,4105,4104,1791065548698003,1791065548700148,2145,0,4,16812,16812,16812,12677,12526,36298
1,4106,4105,1791065548748003,1791065548750065,2062,0,5,16840,16840,16840,12671,12659,36130
1,4107,4106,1791065548798003,1791065548800825,2822,0,6,16741,16741,16741,12594,12519,35863
1,4108,4107,1791065548848003,1791065548850856,2853,0,7,16878,16878,16878,12730,12170,36030
1,4109,4108,1791065548898003,1791065548904194,6191,0,8,16971,16971,16971,12635,12369,35873
1,4110,4109,1791065548948003,1791065548951725,3722,0,9,16802,16802,16802,12610,12190,35653
1,4111,4110,1791065548998003,1791065548999898,1895,0,10,16824,16824,16824,12550,12501,35806
1,4112,4111,1791065549048003,1791065549050859,2856,0,11,16857,16857,16857,12554,12455,35566
1,4113,4112,1791065549098003,1791065549100094,2091,0,12,17012,17012,17012,12714,12320,35902
1,4114,4113,1791065549148003,1791065549149907,1904,0,13,16858,16858,16858,12624,12100,35453
1,4115,4114,1791065549198003,1791065549200796,2793,0,14,16882,16882,16882,12685,12409,36232
1,4116,4115,1791065549248003,1791065549249904,1901,0,15,16852,16852,16852,12708,12672,36277
1,4117,4116,1791065549298003,1791065549300845,2842,0,16,16993,16993,16993,12695,12312,35985
1,4118,4117,1791065549348003,1791065549350099,2096,0,17,16754,16754,16754,12514,11453,34364
1,4119,4118,1791065549398003,1791065549399855,1852,0,18,16977,16977,16977,12748,11626,36337
1,4120,4119,1791065549448003,1791065549450342,2339,0,19,16934,16934,16934,12698,12301,37209
1,4121,4120,1791065549498003,1791065549500002,1999,0,0,16732,16732,16732,12481,12126,35545
1,4122,4121,1791065549548003,1791065549549988,1985,0,1,16977,16977,16977,12672,12362,35961
1,4123,4122,1791065549598003,1791065549600436,2433,0,2,16850,16850,16850,12678,12533,36331
1,4124,4123,1791065549648003,1791065549650393,2390,0,3,16954,16954,16954,12634,12353,35755
1,4125,4124,1791065549698003,1791065549700060,2057,0,4,16812,16812,16812,12609,12095,35726
1,4126,4125,1791065549748003,1791065549750683,2680,0,5,16840,16840,16840,12604,12217,36092
1,4127,4126,1791065549798003,1791065549800413,2410,0,6,16741,16741,16741,12594,12211,35822
1,4128,4127,1791065549848003,1791065549850682,2679,0,7,16878,16878,16878,12706,12384,36014
1,4129,4128,1791065549898003,1791065549899847,1844,0,8,16971,16971,16971,12853,12124,36142
1,4130,4129,1791065549948003,1791065549949928,1925,0,9,16802,16802,16802,12629,12495,36258
1,4131,4130,1791065549998003,1791065550000220,2217,0,10,16824,16824,16824,12697,12164,35967
1,4132,4131,1791065550048003,1791065550050482,2479,0,11,16857,16857,16857,12627,12068,36030
1,4133,4132,1791065550098003,1791065550100592,2589,0,12,17012,17012,17012,12805,12579,36949
1,4134,4133,1791065550148003,1791065550150283,2280,0,13,16858,16858,16858,12604,12201,35949
1,4135,4134,1791065550198003,1791065550200100,2097,0,14,16882,16882,16882,12675,12462,36357
1,4136,4135,1791065550248003,1791065550250838,2835,0,15,16852,16852,16852,12578,11884,35364
1,4137,4136,1791065550298003,1791065550300009,2006,0,16,16993,16993,16993,12677,12316,36571
1,4138,4137,1791065550348003,1791065550350478,2475,0,17,16754,16754,16754,12578,12408,36139
1,4139,4138,1791065550398003,1791065550399986,1983,0,18,16977,16977,16977,12703,12488,36453
1,4140,4139,1791065550448003,1791065550450549,2546,0,19,16934,16934,16934,12735,12109,36255
1,4141,4140,1791065550498003,1791065550500482,2479,0,0,16732,16732,16732,12543,12206,36155
1,4142,4141,1791065550548003,1791065550549897,1894,0,1,16977,16977,16977,12783,12543,36827
1,4143,4142,1791065550598003,1791065550600598,2595,0,2,16850,16850,16850,12762,11942,35910
1,4144,4143,1791065550648003,1791065550650633,2630,0,3,16954,16954,16954,12815,12491,37107
1,4145,4144,1791065550698003,1791065550700816,2813,0,4,16812,16812,16812,12666,12423,36147
1,4146,4145,1791065550748003,1791065550749887,1884,0,5,16840,16840,16840,12564,11689,35416
1,4147,4146,1791065550798003,1791065550800345,2342,0,6,16741,16741,16741,12571,12325,36694
1,4148,4147,1791065550848003,1791065550850529,2526,0,7,16878,16878,16878,12659,12041,35861
1,4149,4148,1791065550898003,1791065550900554,2551,0,8,16971,16971,16971,12736,12595,36681
1,4150,4149,1791065550948003,1791065550954273,6270,0,9,16802,16802,16802,12682,12281,35803
1,4151,4150,1791065550998003,1791065551000459,2456,0,10,16824,16824,16824,12650,12570,36298
1,4152,4151,1791065551048003,1791065551050437,2434,0,11,16857,16857,16857,12585,12542,35896
1,4153,4152,1791065551098003,1791065551102314,4311,0,12,17012,17012,17012,12798,12613,36810
1,4154,4153,1791065551148003,1791065551150006,2003,0,13,16858,16858,16858,12668,12461,35972
1,4155,4154,1791065551198003,1791065551200509,2506,0,14,16882,16882,16882,12647,12023,35551
1,4156,4155,1791065551248003,1791065551249842,1839,0,15,16852,16852,16852,12610,12250,36127
1,4157,4156,1791065551298003,1791065551300461,2458,0,16,16993,16993,16993,12699,12165,36534
1,4158,4157,1791065551348003,1791065551350289,2286,0,17,16754,16754,16754,12536,12257,36244
1,4159,4158,1791065551398003,1791065551399947,1944,0,18,16977,16977,16977,12809,12472,36837
1,4160,4159,1791065551448003,1791065551450096,2093,0,19,16934,16934,16934,12649,12305,36209
1,4161,4160,1791065551498003,1791065551500723,2720,0,0,16732,16732,16732,12562,11985,35620
1,4162,4161,1791065551548003,1791065551550401,2398,0,1,16977,16977,16977,12826,12066,36174
1,4163,4162,1791065551598003,1791065551600243,2240,0,2,16850,16850,16850,12692,12242,36553
1,4164,4163,1791065551648003,1791065551650665,2662,0,3,16954,16954,16954,12740,12085,35949
1,4165,4164,1791065551698003,1791065551699987,1984,0,4,16812,16812,16812,12530,12292,36020
1,4166,4165,1791065551748003,1791065551750149,2146,0,5,16840,16840,16840,12560,12246,35643
1,4167,4166,1791065551798003,1791065551815484,17481,0,6,16741,16741,16741,12603,12594,36027
1,4168,4167,1791065551848003,1791065551864901,16898,0,7,16878,16878,16878,12667,12259,35849
1,4169,4168,1791065551898003,1791065551915243,17240,0,8,16971,16971,16971,12700,12382,35953
1,4170,4169,1791065551948003,1791065551960812,12809,0,9,16802,16802,16802,12605,12510,36272
1,4171,4170,1791065551998003,1791065552005374,7371,0,10,16824,16824,16824,12631,12513,36118
1,4172,4171,1791065552048003,1791065552050116,2113,0,11,16857,16857,16857,12732,12325,36237
1,4173,4172,1791065552098003,1791065552099862,1859,0,12,17012,17012,17012,12815,12227,36710
1,4174,4173,1791065552148003,1791065552150541,2538,0,13,16858,16858,16858,12556,12415,36629
1,4175,4174,1791065552198003,1791065552200366,2363,0,14,16882,16882,16882,12799,12277,36978
1,4176,4175,1791065552248003,1791065552250261,2258,0,15,16852,16852,16852,12668,12460,36910
1,4177,4176,1791065552298003,1791065552300614,2611,0,16,16993,16993,16993,12835,12606,37200
1,4178,4177,1791065552348003,1791065552350881,2878,0,17,16754,16754,16754,12597,12180,36087
1,4179,4178,1791065552398003,1791065552400060,2057,0,18,16977,16977,16977,12717,12265,36859
1,4180,4179,1791065552448003,1791065552450014,2011,0,19,16934,16934,16934,12726,12315,36624
1,4181,4180,1791065552498003,1791065552500106,2103,0,0,16732,16732,16732,12496,12266,36280
1,4182,4181,1791065552548003,1791065552551655,3652,0,1,16977,16977,16977,12765,12188,36378
1,4183,4182,1791065552598003,1791065552600321,2318,0,2,16850,16850,16850,12682,12401,36687
1,4184,4183,1791065552648003,1791065552650236,2233,0,3,16954,16954,16954,12746,12362,36431
1,4185,4184,1791065552698003,1791065552700322,2319,0,4,16812,16812,16812,12596,12308,36461
1,4186,4185,1791065552748003,1791065552749953,1950,0,5,16840,16840,16840,12755,12494,36792
1,4187,4186,1791065552798003,1791065552800400,2397,0,6,16741,16741,16741,12660,12539,36456
1,4188,4187,1791065552848003,1791065552850837,2834,0,7,16878,16878,16878,12751,12277,36478
1,4189,4188,1791065552898003,1791065552900297,2294,0,8,16971,16971,16971,12693,12327,36345
1,4190,4189,1791065552948003,1791065552950801,2798,0,9,16802,16802,16802,12574,12170,35878
1,4191,4190,1791065552998003,1791065553000449,2446,0,10,16824,16824,16824,12667,12501,36596
1,4192,4191,1791065553048003,1791065553050209,2206,0,11,16857,16857,16857,12665,12505,36784
1,4193,4192,1791065553098003,1791065553100889,2886,0,12,17012,17012,17012,12746,12401,36768
1,4194,4193,1791065553148003,1791065553149907,1904,0,13,16858,16858,16858,12587,12562,36347
1,4195,4194,1791065553198003,1791065553199957,1954,0,14,16882,16882,16882,12641,12562,36342
1,4196,4195,1791065553248003,1791065553250211,2208,0,15,16852,16852,16852,12644,12307,36366
1,4197,4196,1791065553298003,1791065553300089,2086,0,16,16993,16993,16993,12724,12470,36910
1,4198,4197,1791065553348003,1791065553350944,2941,0,17,16754,16754,16754,12641,12354,36511
1,4199,4198,1791065553398003,1791065553400896,2893,0,18,16977,16977,16977,12696,11987,36384
1,4200,4199,1791065553448003,1791065553450133,2130,0,19,16934,16934,16934,12710,12509,37195
