run_id,slot,tick,intended_us,invoked_us,lateness_us,skipped,bucket,actor_steps,actor_updates,policy_evaluations,orders_submitted,orders_filled,matched_shares
3,1,0,1791068011031031,1791068011033499,2468,0,0,16101,16101,16101,12017,11681,33878
3,2,1,1791068011081031,1791068011083752,2721,0,1,16356,16356,16356,12308,11813,34786
3,3,2,1791068011131031,1791068011133890,2859,0,2,16230,16230,16230,12180,12151,34850
3,4,3,1791068011181031,1791068011183394,2363,0,3,16336,16336,16336,12269,11647,34401
3,5,4,1791068011231031,1791068011233554,2523,0,4,16218,16218,16218,12188,12003,35207
3,6,5,1791068011281031,1791068011284785,3754,0,5,16254,16254,16254,12097,11959,34530
3,7,6,1791068011331031,1791068011333337,2306,0,6,16134,16134,16134,12103,11649,34105
3,8,7,1791068011381031,1791068011383571,2540,0,7,16267,16267,16267,12302,12181,35387
3,9,8,1791068011431031,1791068011433782,2751,0,8,16351,16351,16351,12264,11861,34807
3,10,9,1791068011481031,1791068011483806,2775,0,9,16169,16169,16169,12100,12069,34658
3,11,10,1791068011531031,1791068011533593,2562,0,10,16190,16190,16190,12290,12169,35065
3,12,11,1791068011581031,1791068011583778,2747,0,11,16241,16241,16241,12204,11673,34388
3,13,12,1791068011631031,1791068011633059,2028,0,12,16355,16355,16355,12322,12126,35324
3,14,13,1791068011681031,1791068011683384,2353,0,13,16206,16206,16206,12179,11791,34334
3,15,14,1791068011731031,1791068011733182,2151,0,14,16266,16266,16266,12138,11885,34822
3,16,15,1791068011781031,1791068011783163,2132,0,15,16226,16226,16226,12222,11818,34625
3,17,16,1791068011831031,1791068011833897,2866,0,16,16332,16332,16332,12220,11909,34834
3,18,17,1791068011881031,1791068011883851,2820,0,17,16104,16104,16104,12158,11764,34459
3,19,18,1791068011931031,1791068011933186,2155,0,18,16358,16358,16358,12202,11769,34814
3,20,19,1791068011981031,1791068011983463,2432,0,19,16306,16306,16306,12211,11564,34424
3,21,20,1791068012031031,1791068012033267,2236,0,0,16101,16101,16101,12010,11858,34689
3,22,21,1791068012081031,1791068012083508,2477,0,1,16356,16356,16356,12283,12270,34902
3,23,22,1791068012131031,1791068012133812,2781,0,2,16230,16230,16230,12182,11851,34530
3,24,23,1791068012181031,1791068012183651,2620,0,3,16336,16336,16336,12203,12014,34739
3,25,24,1791068012231031,1791068012233060,2029,0,4,16218,16218,16218,12085,11602,34354
3,26,25,1791068012281031,1791068012283700,2669,0,5,16254,16254,16254,12158,11654,34361
3,27,26,1791068012331031,1791068012333391,2360,0,6,16134,16134,16134,12192,11671,34460
3,28,27,1791068012381031,1791068012383817,2786,0,7,16267,16267,16267,12246,12066,35248
3,29,28,1791068012431031,1791068012433004,1973,0,8,16351,16351,16351,12315,11763,34813
3,30,29,1791068012481031,1791068012483464,2433,0,9,16169,16169,16169,12181,12168,35103
3,31,30,1791068012531031,1791068012533777,2746,0,10,16190,16190,16190,12160,12015,34686
3,32,31,1791068012581031,1791068012583516,2485,0,11,16241,16241,16241,12192,11795,34243
3,33,32,1791068012631031,1791068012633842,2811,0,12,16355,16355,16355,12280,11591,34357
3,34,33,1791068012681031,1791068012683492,2461,0,13,16206,16206,16206,12131,11882,34926
3,35,34,1791068012731031,1791068012733887,2856,0,14,16266,16266,16266,12153,11836,34782
3,36,35,1791068012781031,1791068012783581,2550,0,15,16226,16226,16226,12150,11907,34538
3,37,36,1791068012831031,1791068012832878,1847,0,16,16332,16332,16332,12243,11664,34589
3,38,37,1791068012881031,1791068012883687,2656,0,17,16104,16104,16104,12090,11614,34167
3,39,38,1791068012931031,1791068012932955,1924,0,18,16358,16358,16358,12240,11784,34524
3,40,39,1791068012981031,1791068012983511,2480,0,19,16306,16306,16306,12272,12044,35014
3,41,40,1791068013031031,1791068013033771,2740,0,0,16101,16101,16101,12039,11622,34037
3,42,41,1791068013081031,1791068013083003,1972,0,1,16356,16356,16356,12362,12112,35023
3,43,42,1791068013131031,1791068013133155,2124,0,2,16230,16230,16230,12270,11825,34894
3,44,43,1791068013181031,1791068013183357,2326,0,3,16336,16336,16336,12247,12030,35086
3,45,44,1791068013231031,1791068013233448,2417,0,4,16218,16218,16218,12247,12063,34835
3,46,45,1791068013281031,1791068013283179,2148,0,5,16254,16254,16254,12252,12113,35030
3,47,46,1791068013331031,1791068013333440,2409,0,6,16134,16134,16134,12118,11829,34240
3,48,47,1791068013381031,1791068013383441,2410,0,7,16267,16267,16267,12266,11855,34736
3,49,48,1791068013431031,1791068013433799,2768,0,8,16351,16351,16351,12235,11774,34882
3,50,49,1791068013481031,1791068013483434,2403,0,9,16169,16169,16169,12133,11657,34410
3,51,50,1791068013531031,1791068013533138,2107,0,10,16190,16190,16190,12208,12170,35060
3,52,51,1791068013581031,1791068013583769,2738,0,11,16241,16241,16241,12244,11864,34917
3,53,52,1791068013631031,1791068013632841,1810,0,12,16355,16355,16355,12267,11645,34525
3,54,53,1791068013681031,1791068013683565,2534,0,13,16206,16206,16206,12136,11533,34809
3,55,54,1791068013731031,1791068013733381,2350,0,14,16266,16266,16266,12297,11681,35080
3,56,55,1791068013781031,1791068013783230,2199,0,15,16226,16226,16226,12340,12059,35618
3,57,56,1791068013831031,1791068013832996,1965,0,16,16332,16332,16332,12214,11769,35379
3,58,57,1791068013881031,1791068013883171,2140,0,17,16104,16104,16104,12075,11521,34721
3,59,58,1791068013931031,1791068013933602,2571,0,18,16358,16358,16358,12212,12046,35787
3,60,59,1791068013981031,1791068013983688,2657,0,19,16306,16306,16306,12199,11336,34598
3,61,60,1791068014031031,1791068014032978,1947,0,0,16101,16101,16101,11964,11672,35539
3,62,61,1791068014081031,1791068014083200,2169,0,1,16356,16356,16356,12266,11707,35699
3,63,62,1791068014131031,1791068014133584,2553,0,2,16230,16230,16230,12060,12016,35552
3,64,63,1791068014181031,1791068014183774,2743,0,3,16336,16336,16336,12221,12035,35894
3,65,64,1791068014231031,1791068014233393,2362,0,4,16218,16218,16218,12147,11885,35521
3,66,65,1791068014281031,1791068014283449,2418,0,5,16254,16254,16254,12180,11959,35926
3,67,66,1791068014331031,1791068014333261,2230,0,6,16134,16134,16134,12193,11604,35461
3,68,67,1791068014381031,1791068014383571,2540,0,7,16267,16267,16267,12288,11868,35918
3,69,68,1791068014431031,1791068014433419,2388,0,8,16351,16351,16351,12287,11990,35859
3,70,69,1791068014481031,1791068014483392,2361,0,9,16169,16169,16169,11991,11867,35293
3,71,70,1791068014531031,1791068014533175,2144,0,10,16190,16190,16190,12147,11539,35270
3,72,71,1791068014581031,1791068014582987,1956,0,11,16241,16241,16241,12162,11949,36055
3,73,72,1791068014631031,1791068014633711,2680,0,12,16355,16355,16355,12344,12071,36268
3,74,73,1791068014681031,1791068014683203,2172,0,13,16206,16206,16206,12173,11940,35874
3,75,74,1791068014731031,1791068014733299,2268,0,14,16266,16266,16266,12214,11764,35936
3,76,75,1791068014781031,1791068014783868,2837,0,15,16226,16226,16226,12283,11971,36146
3,77,76,1791068014831031,1791068014833488,2457,0,16,16332,16332,16332,12198,11811,36160
3,78,77,1791068014881031,1791068014883144,2113,0,17,16104,16104,16104,12139,11887,35992
3,79,78,1791068014931031,1791068014933016,1985,0,18,16358,16358,16358,12230,11862,36444
3,80,79,1791068014981031,1791068014983699,2668,0,19,16306,16306,16306,12226,11936,36262
3,81,80,1791068015031031,1791068015033207,2176,0,0,16101,16101,16101,12017,11899,35929
3,82,81,1791068015081031,1791068015083540,2509,0,1,16356,16356,16356,12347,12013,36827
3,83,82,1791068015131031,1791068015152815,21784,0,2,16230,16230,16230,12147,11654,35815
3,84,83,1791068015181031,1791068015193301,12270,0,3,16336,16336,16336,12212,11658,36185
3,85,84,1791068015231031,1791068015234058,3027,0,4,16218,16218,16218,12213,12098,36865
3,86,85,1791068015281031,1791068015282823,1792,0,5,16254,16254,16254,12141,11864,35885
3,87,86,1791068015331031,1791068015333773,2742,0,6,16134,16134,16134,12096,11746,36074
3,88,87,1791068015381031,1791068015383063,2032,0,7,16267,16267,16267,12230,12034,36545
3,89,88,1791068015431031,1791068015433030,1999,0,8,16351,16351,16351,12194,11729,36097
3,90,89,1791068015481031,1791068015482882,1851,0,9,16169,16169,16169,12168,11698,36262
3,91,90,1791068015531031,1791068015533517,2486,0,10,16190,16190,16190,12249,11652,36800
3,92,91,1791068015581031,1791068015583216,2185,0,11,16241,16241,16241,12246,11751,36849
3,93,92,1791068015631031,1791068015633144,2113,0,12,16355,16355,16355,12289,12024,37196
3,94,93,1791068015681031,1791068015683703,2672,0,13,16206,16206,16206,12140,11396,36186
3,95,94,1791068015731031,1791068015733273,2242,0,14,16266,16266,16266,12217,11824,37445
3,96,95,1791068015781031,1791068015783819,2788,0,15,16226,16226,16226,12220,11668,37100
3,97,96,1791068015831031,1791068015833705,2674,0,16,16332,16332,16332,12310,12169,38175
3,98,97,1791068015881031,1791068015883314,2283,0,17,16104,16104,16104,12100,11376,36939
3,99,98,1791068015931031,1791068015933680,2649,0,18,16358,16358,16358,12241,11834,37784
3,100,99,1791068015981031,1791068015983276,2245,0,19,16306,16306,16306,12275,12167,37660
3,101,100,1791068016031031,1791068016033019,1988,0,0,16101,16101,16101,12057,11375,36201
3,102,101,1791068016081031,1791068016084029,2998,0,1,16356,16356,16356,12228,11949,37421
3,103,102,1791068016131031,1791068016133575,2544,0,2,16230,16230,16230,12169,11857,36798
3,104,103,1791068016181031,1791068016183856,2825,0,3,16336,16336,16336,12284,12084,37278
3,105,104,1791068016231031,1791068016233870,2839,0,4,16218,16218,16218,12089,11632,36479
3,106,105,1791068016281031,1791068016283548,2517,0,5,16254,16254,16254,12105,12026,36685
3,107,106,1791068016331031,1791068016333555,2524,0,6,16134,16134,16134,12134,12080,36458
3,108,107,1791068016381031,1791068016383768,2737,0,7,16267,16267,16267,12112,11229,35528
3,109,108,1791068016431031,1791068016435403,4372,0,8,16351,16351,16351,12235,11903,36972
3,110,109,1791068016481031,1791068016483374,2343,0,9,16169,16169,16169,12102,11493,35889
3,111,110,1791068016531031,1791068016533115,2084,0,10,16190,16190,16190,12224,12033,37511
3,112,111,1791068016581031,1791068016582904,1873,0,11,16241,16241,16241,12158,12152,37396
3,113,112,1791068016631031,1791068016633849,2818,0,12,16355,16355,16355,12292,12115,37457
3,114,113,1791068016681031,1791068016683406,2375,0,13,16206,16206,16206,12171,12016,37281
3,115,114,1791068016731031,1791068016733592,2561,0,14,16266,16266,16266,12179,11766,36950
3,116,115,1791068016781031,1791068016783772,2741,0,15,16226,16226,16226,12292,11835,37265
3,117,116,1791068016831031,1791068016833789,2758,0,16,16332,16332,16332,12137,11831,37499
3,118,117,1791068016881031,1791068016883861,2830,0,17,16104,16104,16104,12063,11373,36537
3,119,118,1791068016931031,1791068016933737,2706,0,18,16358,16358,16358,12271,11767,37420
3,120,119,1791068016981031,1791068016983692,2661,0,19,16306,16306,16306,12209,11511,36916
3,121,120,1791068017031031,1791068017033472,2441,0,0,16101,16101,16101,12215,11800,38061
3,122,121,1791068017081031,1791068017083388,2357,0,1,16356,16356,16356,12413,11633,37534
3,123,122,1791068017131031,1791068017133396,2365,0,2,16230,16230,16230,12182,11895,37367
3,124,123,1791068017181031,1791068017183017,1986,0,3,16336,16336,16336,12214,11815,36940
3,125,124,1791068017231031,1791068017232935,1904,0,4,16218,16218,16218,12024,11796,37206
3,126,125,1791068017281031,1791068017283853,2822,0,5,16254,16254,16254,12200,11620,37073
3,127,126,1791068017331031,1791068017333468,2437,0,6,16134,16134,16134,12068,11892,37583
3,128,127,1791068017381031,1791068017383649,2618,0,7,16267,16267,16267,12175,11468,37233
3,129,128,1791068017431031,1791068017433191,2160,0,8,16351,16351,16351,12168,11928,37853
3,130,129,1791068017481031,1791068017482945,1914,0,9,16169,16169,16169,12135,11879,37868
3,131,130,1791068017531031,1791068017532941,1910,0,10,16190,16190,16190,11993,11674,37346
3,132,131,1791068017581031,1791068017582978,1947,0,11,16241,16241,16241,12233,12201,38806
3,133,132,1791068017631031,1791068017633400,2369,0,12,16355,16355,16355,12389,12350,39623
3,134,133,1791068017681031,1791068017683398,2367,0,13,16206,16206,16206,12288,12124,39332
3,135,134,1791068017731031,1791068017733855,2824,0,14,16266,16266,16266,12142,11622,38794
3,136,135,1791068017781031,1791068017783195,2164,0,15,16226,16226,16226,12211,12041,39850
3,137,136,1791068017831031,1791068017833461,2430,0,16,16332,16332,16332,12224,11919,39179
3,138,137,1791068017881031,1791068017883173,2142,0,17,16104,16104,16104,12158,11816,38628
3,139,138,1791068017931031,1791068017933885,2854,0,18,16358,16358,16358,12441,12199,39507
3,140,139,1791068017981031,1791068017983384,2353,0,19,16306,16306,16306,12182,11871,38717
3,141,140,1791068018031031,1791068018033071,2040,0,0,16101,16101,16101,12105,11496,38426
3,142,141,1791068018081031,1791068018083050,2019,0,1,16356,16356,16356,12357,11765,39041
3,143,142,1791068018131031,1791068018133735,2704,0,2,16230,16230,16230,12144,11786,38066
3,144,143,1791068018181031,1791068018183812,2781,0,3,16336,16336,16336,12307,11880,38306
3,145,144,1791068018231031,1791068018233095,2064,0,4,16218,16218,16218,12117,11853,37704
3,146,145,1791068018281031,1791068018283675,2644,0,5,16254,16254,16254,12221,11993,37809
3,147,146,1791068018331031,1791068018333327,2296,0,6,16134,16134,16134,12182,11604,37557
3,148,147,1791068018381031,1791068018383353,2322,0,7,16267,16267,16267,12198,11635,37461
3,149,148,1791068018431031,1791068018433764,2733,0,8,16351,16351,16351,12395,12333,38912
3,150,149,1791068018481031,1791068018483550,2519,0,9,16169,16169,16169,12179,11658,37539
3,151,150,1791068018531031,1791068018533005,1974,0,10,16190,16190,16190,12128,11582,37477
3,152,151,1791068018581031,1791068018583201,2170,0,11,16241,16241,16241,12207,11932,37985
3,153,152,1791068018631031,1791068018635119,4088,0,12,16355,16355,16355,12238,12058,37860
3,154,153,1791068018681031,1791068018682976,1945,0,13,16206,16206,16206,12118,11952,37499
3,155,154,1791068018731031,1791068018747837,16806,0,14,16266,16266,16266,12180,11920,37512
3,156,155,1791068018781031,1791068018793316,12285,0,15,16226,16226,16226,12064,11475,36708
3,157,156,1791068018831031,1791068018832879,1848,0,16,16332,16332,16332,12165,11977,37775
3,158,157,1791068018881031,1791068018882983,1952,0,17,16104,16104,16104,12046,11357,36723
3,159,158,1791068018931031,1791068018933580,2549,0,18,16358,16358,16358,12187,11670,37369
3,160,159,1791068018981031,1791068018983617,2586,0,19,16306,16306,16306,12268,11708,38317
3,161,160,1791068019031031,1791068019033983,2952,0,0,16101,16101,16101,12057,11636,37904
3,162,161,1791068019081031,1791068019083966,2935,0,1,16356,16356,16356,12290,11482,38163
3,163,162,1791068019131031,1791068019132950,1919,0,2,16230,16230,16230,12280,11883,38555
3,164,163,1791068019181031,1791068019183499,2468,0,3,16336,16336,16336,12257,11661,37946
3,165,164,1791068019231031,1791068019233243,2212,0,4,16218,16218,16218,12126,11585,37167
3,166,165,1791068019281031,1791068019283784,2753,0,5,16254,16254,16254,12185,11602,37058
3,167,166,1791068019331031,1791068019333848,2817,0,6,16134,16134,16134,12082,11848,37446
3,168,167,1791068019381031,1791068019382913,1882,0,7,16267,16267,16267,12211,11792,37697
3,169,168,1791068019431031,1791068019434000,2969,0,8,16351,16351,16351,12305,11671,38080
3,170,169,1791068019481031,1791068019482914,1883,0,9,16169,16169,16169,12210,12075,37827
3,171,170,1791068019531031,1791068019533503,2472,0,10,16190,16190,16190,12069,11595,36858
3,172,171,1791068019581031,1791068019583485,2454,0,11,16241,16241,16241,12229,12226,37667
3,173,172,1791068019631031,1791068019633177,2146,0,12,16355,16355,16355,12288,11932,37591
3,174,173,1791068019681031,1791068019683362,2331,0,13,16206,16206,16206,12176,11761,36895
3,175,174,1791068019731031,1791068019733286,2255,0,14,16266,16266,16266,12269,12010,37691
3,176,175,1791068019781031,1791068019783618,2587,0,15,16226,16226,16226,12177,11872,36927
3,177,176,1791068019831031,1791068019832847,1816,0,16,16332,16332,16332,12254,11925,37480
3,178,177,1791068019881031,1791068019883144,2113,0,17,16104,16104,16104,12121,11815,37668
3,179,178,1791068019931031,1791068019933019,1988,0,18,16358,16358,16358,12343,11752,37875
3,180,179,1791068019981031,1791068019983273,2242,0,19,16306,16306,16306,12207,12030,38498
3,181,180,1791068020031031,1791068020033679,2648,0,0,16101,16101,16101,12195,12009,38567
3,182,181,1791068020081031,1791068020083285,2254,0,1,16356,16356,16356,12327,11664,38801
3,183,182,1791068020131031,1791068020133748,2717,0,2,16230,16230,16230,12160,11392,37909
3,184,183,1791068020181031,1791068020183739,2708,0,3,16336,16336,16336,12288,11573,38308
3,185,184,1791068020231031,1791068020233677,2646,0,4,16218,16218,16218,12185,12174,38841
3,186,185,1791068020281031,1791068020283838,2807,0,5,16254,16254,16254,12222,12047,38645
3,187,186,1791068020331031,1791068020333860,2829,0,6,16134,16134,16134,12200,11847,38510
3,188,187,1791068020381031,1791068020383831,2800,0,7,16267,16267,16267,12235,11594,38045
3,189,188,1791068020431031,1791068020433784,2753,0,8,16351,16351,16351,12196,12053,38744
3,190,189,1791068020481031,1791068020483822,2791,0,9,16169,16169,16169,12182,12072,38750
3,191,190,1791068020531031,1791068020533104,2073,0,10,16190,16190,16190,12088,11729,38427
3,192,191,1791068020581031,1791068020583090,2059,0,11,16241,16241,16241,12225,12207,39172
3,193,192,1791068020631031,1791068020633600,2569,0,12,16355,16355,16355,12295,11849,39034
3,194,193,1791068020681031,1791068020683001,1970,0,13,16206,16206,16206,12208,12051,39378
3,195,194,1791068020731031,1791068020733291,2260,0,14,16266,16266,16266,12240,12052,39234
3,196,195,1791068020781031,1791068020783804,2773,0,15,16226,16226,16226,12200,11579,38550
3,197,196,1791068020831031,1791068020833004,1973,0,16,16332,16332,16332,12311,11815,39426
3,198,197,1791068020881031,1791068020882971,1940,0,17,16104,16104,16104,12046,11551,38445
3,199,198,1791068020931031,1791068020933118,2087,0,18,16358,16358,16358,12327,11535,38409
3,200,199,1791068020981031,1791068020983685,2654,0,19,16306,16306,16306,12346,12003,39604
3,201,200,1791068021031031,1791068021033486,2455,0,0,16101,16101,16101,12147,11385,38261
3,202,201,1791068021081031,1791068021083197,2166,0,1,16356,16356,16356,12312,12033,39462
3,203,202,1791068021131031,1791068021133126,2095,0,2,16230,16230,16230,12217,12215,38854
3,204,203,1791068021181031,1791068021182844,1813,0,3,16336,16336,16336,12247,11921,38924
3,205,204,1791068021231031,1791068021233489,2458,0,4,16218,16218,16218,12145,12119,38430
3,206,205,1791068021281031,1791068021283610,2579,0,5,16254,16254,16254,12144,11662,37998
3,207,206,1791068021331031,1791068021333057,2026,0,6,16134,16134,16134,12119,11634,37892
3,208,207,1791068021381031,1791068021383256,2225,0,7,16267,16267,16267,12332,12285,39805
3,209,208,1791068021431031,1791068021432859,1828,0,8,16351,16351,16351,12194,11585,38702
3,210,209,1791068021481031,1791068021483165,2134,0,9,16169,16169,16169,12296,11896,39918
3,211,210,1791068021531031,1791068021533257,2226,0,10,16190,16190,16190,12149,11925,38868
3,212,211,1791068021581031,1791068021583690,2659,0,11,16241,16241,16241,12303,12068,39306
3,213,212,1791068021631031,1791068021633340,2309,0,12,16355,16355,16355,12346,12140,39725
3,214,213,1791068021681031,1791068021683731,2700,0,13,16206,16206,16206,12071,11748,38147
3,215,214,1791068021731031,1791068021732913,1882,0,14,16266,16266,16266,12244,11514,38749
3,216,215,1791068021781031,1791068021782833,1802,0,15,16226,16226,16226,12188,11653,38811
3,217,216,1791068021831031,1791068021833071,2040,0,16,16332,16332,16332,12277,12091,39570
3,218,217,1791068021881031,1791068021883721,2690,0,17,16104,16104,16104,12166,11706,38929
3,219,218,1791068021931031,1791068021935435,4404,0,18,16358,16358,16358,12280,11985,39433
3,220,219,1791068021981031,1791068021983705,2674,0,19,16306,16306,16306,12306,11492,38896
3,221,220,1791068022031031,1791068022033417,2386,0,0,16101,16101,16101,12189,11748,39924
3,222,221,1791068022081031,1791068022082948,1917,0,1,16356,16356,16356,12336,12142,39855
3,223,222,1791068022131031,1791068022133845,2814,0,2,16230,16230,16230,12241,12127,39577
3,224,223,1791068022181031,1791068022183799,2768,0,3,16336,16336,16336,12344,11410,38680
3,225,224,1791068022231031,1791068022232909,1878,0,4,16218,16218,16218,12243,12099,39584
3,226,225,1791068022281031,1791068022282936,1905,0,5,16254,16254,16254,12196,11662,38279
3,227,226,1791068022331031,1791068022333013,1982,0,6,16134,16134,16134,12100,11623,38250
3,228,227,1791068022381031,1791068022383376,2345,0,7,16267,16267,16267,12220,11770,39117
3,229,228,1791068022431031,1791068022433220,2189,0,8,16351,16351,16351,12311,12114,39011
3,230,229,1791068022481031,1791068022482912,1881,0,9,16169,16169,16169,12131,11629,38430
3,231,230,1791068022531031,1791068022533162,2131,0,10,16190,16190,16190,12129,11976,39224
3,232,231,1791068022581031,1791068022583581,2550,0,11,16241,16241,16241,12282,12190,40160
3,233,232,1791068022631031,1791068022633111,2080,0,12,16355,16355,16355,12302,11998,40162
3,234,233,1791068022681031,1791068022683030,1999,0,13,16206,16206,16206,12337,11869,40115
3,235,234,1791068022731031,1791068022733444,2413,0,14,16266,16266,16266,12357,11671,40343
3,236,235,1791068022781031,1791068022783722,2691,0,15,16226,16226,16226,12265,11525,39691
3,237,236,1791068022831031,1791068022833194,2163,0,16,16332,16332,16332,12426,12205,41445
3,238,237,1791068022881031,1791068022883808,2777,0,17,16104,16104,16104,12239,11459,39952
3,239,238,1791068022931031,1791068022933027,1996,0,18,16358,16358,16358,12428,12222,41409
3,240,239,1791068022981031,1791068022983529,2498,0,19,16306,16306,16306,12320,12017,40380
3,241,240,1791068023031031,1791068023033757,2726,0,0,16101,16101,16101,12284,11321,39591
3,242,241,1791068023081031,1791068023082984,1953,0,1,16356,16356,16356,12394,11596,40207
3,243,242,1791068023131031,1791068023133119,2088,0,2,16230,16230,16230,12157,11658,39404
3,244,243,1791068023181031,1791068023182859,1828,0,3,16336,16336,16336,12227,11839,39151
3,245,244,1791068023231031,1791068023233499,2468,0,4,16218,16218,16218,12142,11976,38834
3,246,245,1791068023281031,1791068023283652,2621,0,5,16254,16254,16254,12251,12103,39602
3,247,246,1791068023331031,1791068023333784,2753,0,6,16134,16134,16134,11984,11586,38473
3,248,247,1791068023381031,1791068023383665,2634,0,7,16267,16267,16267,12246,12173,39502
3,249,248,1791068023431031,1791068023433533,2502,0,8,16351,16351,16351,12285,12049,39414
3,250,249,1791068023481031,1791068023483817,2786,0,9,16169,16169,16169,12193,11936,38987
3,251,250,1791068023531031,1791068023533240,2209,0,10,16190,16190,16190,12176,11981,39278
3,252,251,1791068023581031,1791068023583465,2434,0,11,16241,16241,16241,12226,12079,39255
3,253,252,1791068023631031,1791068023633118,2087,0,12,16355,16355,16355,12220,11759,39438
3,254,253,1791068023681031,1791068023682910,1879,0,13,16206,16206,16206,12173,11934,39433
3,255,254,1791068023731031,1791068023732973,1942,0,14,16266,16266,16266,12259,12010,39563
3,256,255,1791068023781031,1791068023783596,2565,0,15,16226,16226,16226,12232,12106,39465
3,257,256,1791068023831031,1791068023833799,2768,0,16,16332,16332,16332,12179,11587,38873
3,258,257,1791068023881031,1791068023883635,2604,0,17,16104,16104,16104,12190,11903,39363
3,259,258,1791068023931031,1791068023933292,2261,0,18,16358,16358,16358,12325,12320,40037
3,260,259,1791068023981031,1791068023983856,2825,0,19,16306,16306,16306,12266,11936,39315
3,261,260,1791068024031031,1791068024032952,1921,0,0,16101,16101,16101,12165,11351,39241
3,262,261,1791068024081031,1791068024083261,2230,0,1,16356,16356,16356,12483,11907,40167
3,263,262,1791068024131031,1791068024133200,2169,0,2,16230,16230,16230,12141,11671,38780
3,264,263,1791068024181031,1791068024183854,2823,0,3,16336,16336,16336,12253,11801,38676
3,265,264,1791068024231031,1791068024233399,2368,0,4,16218,16218,16218,12141,11428,37621
3,266,265,1791068024281031,1791068024283048,2017,0,5,16254,16254,16254,12268,12151,38919
3,267,266,1791068024331031,1791068024333796,2765,0,6,16134,16134,16134,12098,12071,37429
3,268,267,1791068024381031,1791068024383678,2647,0,7,16267,16267,16267,12333,11952,37866
3,269,268,1791068024431031,1791068024432912,1881,0,8,16351,16351,16351,12346,11720,37737
3,270,269,1791068024481031,1791068024482864,1833,0,9,16169,16169,16169,12124,11877,38187
3,271,270,1791068024531031,1791068024533819,2788,0,10,16190,16190,16190,12154,11925,38382
3,272,271,1791068024581031,1791068024583624,2593,0,11,16241,16241,16241,12128,11883,38360
3,273,272,1791068024631031,1791068024633643,2612,0,12,16355,16355,16355,12325,12147,38822
3,274,273,1791068024681031,1791068024683226,2195,0,13,16206,16206,16206,12257,11577,38063
3,275,274,1791068024731031,1791068024732905,1874,0,14,16266,16266,16266,12284,12104,38886
3,276,275,1791068024781031,1791068024783539,2508,0,15,16226,16226,16226,12157,11586,37988
3,277,276,1791068024831031,1791068024833653,2622,0,16,16332,16332,16332,12296,11714,39015
3,278,277,1791068024881031,1791068024882880,1849,0,17,16104,16104,16104,12187,11596,38578
3,279,278,1791068024931031,1791068024932906,1875,0,18,16358,16358,16358,12217,11801,38367
3,280,279,1791068024981031,1791068024983453,2422,0,19,16306,16306,16306,12264,11599,38507
3,281,280,1791068025031031,1791068025032997,1966,0,0,16101,16101,16101,12122,11693,38880
3,282,281,1791068025081031,1791068025083856,2825,0,1,16356,16356,16356,12286,11716,38787
3,283,282,1791068025131031,1791068025133158,2127,0,2,16230,16230,16230,12186,11797,38611
3,284,283,1791068025181031,1791068025183817,2786,0,3,16336,16336,16336,12330,12114,38572
3,285,284,1791068025231031,1791068025233340,2309,0,4,16218,16218,16218,12209,11759,38086
3,286,285,1791068025281031,1791068025283411,2380,0,5,16254,16254,16254,12196,12182,37863
3,287,286,1791068025331031,1791068025333716,2685,0,6,16134,16134,16134,12089,11433,36844
3,288,287,1791068025381031,1791068025383652,2621,0,7,16267,16267,16267,12255,12025,37794
3,289,288,1791068025431031,1791068025433442,2411,0,8,16351,16351,16351,12247,12242,37709
3,290,289,1791068025481031,1791068025483238,2207,0,9,16169,16169,16169,12211,11544,36660
3,291,290,1791068025531031,1791068025533431,2400,0,10,16190,16190,16190,12221,12031,37785
3,292,291,1791068025581031,1791068025583846,2815,0,11,16241,16241,16241,12195,11737,37218
3,293,292,1791068025631031,1791068025633270,2239,0,12,16355,16355,16355,12321,12297,37543
3,294,293,1791068025681031,1791068025682941,1910,0,13,16206,16206,16206,12236,11403,36764
3,295,294,1791068025731031,1791068025732927,1896,0,14,16266,16266,16266,12222,11401,37398
3,296,295,1791068025781031,1791068025783551,2520,0,15,16226,16226,16226,12273,11984,37766
3,297,296,1791068025831031,1791068025833199,2168,0,16,16332,16332,16332,12276,11875,37708
3,298,297,1791068025881031,1791068025882882,1851,0,17,16104,16104,16104,12092,11282,36599
3,299,298,1791068025931031,1791068025932975,1944,0,18,16358,16358,16358,12320,12102,38136
3,300,299,1791068025981031,1791068025983087,2056,0,19,16306,16306,16306,12269,11831,37555
3,301,300,1791068026031031,1791068026033858,2827,0,0,16101,16101,16101,12159,11447,37031
3,302,301,1791068026081031,1791068026082905,1874,0,1,16356,16356,16356,12288,12072,37907
3,303,302,1791068026131031,1791068026132944,1913,0,2,16230,16230,16230,12100,11759,37122
3,304,303,1791068026181031,1791068026183057,2026,0,3,16336,16336,16336,12287,12051,37908
3,305,304,1791068026231031,1791068026233629,2598,0,4,16218,16218,16218,12180,11714,37616
3,306,305,1791068026281031,1791068026283333,2302,0,5,16254,16254,16254,12071,11236,36212
3,307,306,1791068026331031,1791068026333087,2056,0,6,16134,16134,16134,12125,11721,37989
3,308,307,1791068026381031,1791068026383740,2709,0,7,16267,16267,16267,12091,12070,37509
3,309,308,1791068026431031,1791068026433780,2749,0,8,16351,16351,16351,12382,12115,38345
3,310,309,1791068026481031,1791068026483348,2317,0,9,16169,16169,16169,12136,11449,37378
3,311,310,1791068026531031,1791068026533104,2073,0,10,16190,16190,16190,12161,11846,38585
3,312,311,1791068026581031,1791068026583691,2660,0,11,16241,16241,16241,12144,11837,37975
3,313,312,1791068026631031,1791068026633661,2630,0,12,16355,16355,16355,12240,11976,38648
3,314,313,1791068026681031,1791068026683507,2476,0,13,16206,16206,16206,12272,12113,39181
3,315,314,1791068026731031,1791068026732977,1946,0,14,16266,16266,16266,12093,11929,38182
3,316,315,1791068026781031,1791068026783730,2699,0,15,16226,16226,16226,12185,11798,37854
3,317,316,1791068026831031,1791068026832881,1850,0,16,16332,16332,16332,12289,12156,39134
3,318,317,1791068026881031,1791068026883373,2342,0,17,16104,16104,16104,12162,11828,38844
3,319,318,1791068026931031,1791068026933790,2759,0,18,16358,16358,16358,12201,11692,38122
3,320,319,1791068026981031,1791068026983555,2524,0,19,16306,16306,16306,12255,11859,38816
3,321,320,1791068027031031,1791068027032886,1855,0,0,16101,16101,16101,12108,11970,38981
3,322,321,1791068027081031,1791068027083272,2241,0,1,16356,16356,16356,12280,11770,38819
3,323,322,1791068027131031,1791068027133422,2391,0,2,16230,16230,16230,12193,11451,37962
3,324,323,1791068027181031,1791068027182839,1808,0,3,16336,16336,16336,12339,11859,38579
3,325,324,1791068027231031,1791068027232938,1907,0,4,16218,16218,16218,12086,11897,37724
3,326,325,1791068027281031,1791068027283268,2237,0,5,16254,16254,16254,12285,11678,37554
3,327,326,1791068027331031,1791068027333840,2809,0,6,16134,16134,16134,12146,11947,37954
3,328,327,1791068027381031,1791068027383632,2601,0,7,16267,16267,16267,12189,12022,37822
3,329,328,1791068027431031,1791068027433640,2609,0,8,16351,16351,16351,12336,11823,37586
3,330,329,1791068027481031,1791068027483216,2185,0,9,16169,16169,16169,12074,11879,37508
3,331,330,1791068027531031,1791068027532915,1884,0,10,16190,16190,16190,12155,11889,38375
3,332,331,1791068027581031,1791068027583771,2740,0,11,16241,16241,16241,12226,12085,38311
3,333,332,1791068027631031,1791068027633320,2289,0,12,16355,16355,16355,12141,11890,37843
3,334,333,1791068027681031,1791068027706238,25207,0,13,16206,16206,16206,12171,11794,37576
3,335,334,1791068027731031,1791068027747903,16872,0,14,16266,16266,16266,12240,11824,37819
3,336,335,1791068027781031,1791068027792492,11461,0,15,16226,16226,16226,12268,11674,37483
3,337,336,1791068027831031,1791068027838371,7340,0,16,16332,16332,16332,12240,11801,38137
3,338,337,1791068027881031,1791068027889496,8465,0,17,16104,16104,16104,12180,11538,37246
3,339,338,1791068027931031,1791068027934997,3966,0,18,16358,16358,16358,12380,11987,37933
3,340,339,1791068027981031,1791068027982894,1863,0,19,16306,16306,16306,12216,11807,37395
3,341,340,1791068028031031,1791068028033805,2774,0,0,16101,16101,16101,12058,11888,36928
3,342,341,1791068028081031,1791068028085458,4427,0,1,16356,16356,16356,12319,11482,36715
3,343,342,1791068028131031,1791068028132903,1872,0,2,16230,16230,16230,12165,12049,37262
3,344,343,1791068028181031,1791068028182835,1804,0,3,16336,16336,16336,12329,11806,36708
3,345,344,1791068028231031,1791068028233674,2643,0,4,16218,16218,16218,12166,11782,36426
3,346,345,1791068028281031,1791068028283770,2739,0,5,16254,16254,16254,12193,11541,35885
3,347,346,1791068028331031,1791068028333731,2700,0,6,16134,16134,16134,12206,11618,36065
3,348,347,1791068028381031,1791068028383088,2057,0,7,16267,16267,16267,12170,11643,36128
3,349,348,1791068028431031,1791068028433054,2023,0,8,16351,16351,16351,12271,12142,37072
3,350,349,1791068028481031,1791068028483021,1990,0,9,16169,16169,16169,12216,12100,36975
3,351,350,1791068028531031,1791068028533761,2730,0,10,16190,16190,16190,12104,11770,36314
3,352,351,1791068028581031,1791068028583863,2832,0,11,16241,16241,16241,12151,11722,36485
3,353,352,1791068028631031,1791068028633508,2477,0,12,16355,16355,16355,12346,11725,36739
3,354,353,1791068028681031,1791068028683401,2370,0,13,16206,16206,16206,12167,11521,36206
3,355,354,1791068028731031,1791068028733765,2734,0,14,16266,16266,16266,12241,11873,37323
3,356,355,1791068028781031,1791068028782909,1878,0,15,16226,16226,16226,12136,11709,36481
3,357,356,1791068028831031,1791068028833683,2652,0,16,16332,16332,16332,12396,11947,37752
3,358,357,1791068028881031,1791068028883507,2476,0,17,16104,16104,16104,12144,11841,36355
3,359,358,1791068028931031,1791068028933775,2744,0,18,16358,16358,16358,12275,11997,36983
3,360,359,1791068028981031,1791068028982908,1877,0,19,16306,16306,16306,12315,11684,36544
3,361,360,1791068029031031,1791068029033603,2572,0,0,16101,16101,16101,12148,11632,37014
3,362,361,1791068029081031,1791068029082938,1907,0,1,16356,16356,16356,12323,11798,36995
3,363,362,1791068029131031,1791068029133129,2098,0,2,16230,16230,16230,12159,11955,36562
3,364,363,1791068029181031,1791068029183829,2798,0,3,16336,16336,16336,12212,12068,36856
3,365,364,1791068029231031,1791068029233195,2164,0,4,16218,16218,16218,12189,11890,36534
3,366,365,1791068029281031,1791068029283637,2606,0,5,16254,16254,16254,12159,11770,36131
3,367,366,1791068029331031,1791068029332964,1933,0,6,16134,16134,16134,12054,11625,35850
3,368,367,1791068029381031,1791068029383681,2650,0,7,16267,16267,16267,12205,12041,36793
3,369,368,1791068029431031,1791068029433555,2524,0,8,16351,16351,16351,12370,11850,37203
3,370,369,1791068029481031,1791068029483322,2291,0,9,16169,16169,16169,12116,12067,37029
3,371,370,1791068029531031,1791068029533181,2150,0,10,16190,16190,16190,12219,12052,36623
3,372,371,1791068029581031,1791068029583840,2809,0,11,16241,16241,16241,12159,12028,36370
3,373,372,1791068029631031,1791068029632816,1785,0,12,16355,16355,16355,12311,11868,36787
3,374,373,1791068029681031,1791068029683880,2849,0,13,16206,16206,16206,12196,11992,37386
3,375,374,1791068029731031,1791068029733754,2723,0,14,16266,16266,16266,12252,12137,37677
3,376,375,1791068029781031,1791068029783627,2596,0,15,16226,16226,16226,12200,11588,36991
3,377,376,1791068029831031,1791068029833424,2393,0,16,16332,16332,16332,12270,12070,37865
3,378,377,1791068029881031,1791068029883258,2227,0,17,16104,16104,16104,12167,11439,36823
3,379,378,1791068029931031,1791068029932992,1961,0,18,16358,16358,16358,12262,11813,37890
3,380,379,1791068029981031,1791068029983486,2455,0,19,16306,16306,16306,12310,12182,38205
3,381,380,1791068030031031,1791068030033426,2395,0,0,16101,16101,16101,12126,11552,37279
3,382,381,1791068030081031,1791068030082997,1966,0,1,16356,16356,16356,12283,11869,37973
3,383,382,1791068030131031,1791068030132951,1920,0,2,16230,16230,16230,12241,12024,37955
3,384,383,1791068030181031,1791068030183434,2403,0,3,16336,16336,16336,12352,12199,38095
3,385,384,1791068030231031,1791068030233043,2012,0,4,16218,16218,16218,12142,11960,37712
3,386,385,1791068030281031,1791068030283636,2605,0,5,16254,16254,16254,12119,11629,37422
3,387,386,1791068030331031,1791068030333160,2129,0,6,16134,16134,16134,12070,11896,37311
3,388,387,1791068030381031,1791068030383557,2526,0,7,16267,16267,16267,12302,12295,37789
3,389,388,1791068030431031,1791068030433801,2770,0,8,16351,16351,16351,12211,11662,36999
3,390,389,1791068030481031,1791068030483638,2607,0,9,16169,16169,16169,12144,11532,37138
3,391,390,1791068030531031,1791068030533553,2522,0,10,16190,16190,16190,12148,12051,38114
3,392,391,1791068030581031,1791068030583732,2701,0,11,16241,16241,16241,12264,12185,38243
3,393,392,1791068030631031,1791068030632866,1835,0,12,16355,16355,16355,12285,12172,37962
3,394,393,1791068030681031,1791068030682954,1923,0,13,16206,16206,16206,12272,12005,37904
3,395,394,1791068030731031,1791068030733123,2092,0,14,16266,16266,16266,12359,12019,38578
3,396,395,1791068030781031,1791068030783078,2047,0,15,16226,16226,16226,12244,12006,38472
3,397,396,1791068030831031,1791068030833269,2238,0,16,16332,16332,16332,12262,11665,38424
3,398,397,1791068030881031,1791068030883693,2662,0,17,16104,16104,16104,12113,11819,37820
3,399,398,1791068030931031,1791068030932909,1878,0,18,16358,16358,16358,12324,12132,38913
3,400,399,1791068030981031,1791068030983567,2536,0,19,16306,16306,16306,12244,12145,38812
3,401,400,1791068031031031,1791068031033791,2760,0,0,16101,16101,16101,12084,11624,38444
3,402,401,1791068031081031,1791068031082963,1932,0,1,16356,16356,16356,12284,11184,37573
3,403,402,1791068031131031,1791068031133446,2415,0,2,16230,16230,16230,12242,11982,39033
3,404,403,1791068031181031,1791068031182860,1829,0,3,16336,16336,16336,12305,12140,39026
3,405,404,1791068031231031,1791068031233057,2026,0,4,16218,16218,16218,12169,12019,38282
3,406,405,1791068031281031,1791068031283332,2301,0,5,16254,16254,16254,12173,11618,37967
3,407,406,1791068031331031,1791068031332912,1881,0,6,16134,16134,16134,12184,11928,38199
3,408,407,1791068031381031,1791068031388894,7863,0,7,16267,16267,16267,12163,11587,38111
3,409,408,1791068031431031,1791068031446629,15598,0,8,16351,16351,16351,12304,12025,39186
3,410,409,1791068031481031,1791068031493573,12542,0,9,16169,16169,16169,12122,11731,38475
3,411,410,1791068031531031,1791068031544553,13522,0,10,16190,16190,16190,12165,11693,38918
3,412,411,1791068031581031,1791068031589050,8019,0,11,16241,16241,16241,12257,11999,39035
3,413,412,1791068031631031,1791068031633331,2300,0,12,16355,16355,16355,12317,12231,39427
3,414,413,1791068031681031,1791068031683780,2749,0,13,16206,16206,16206,12259,12031,38789
3,415,414,1791068031731031,1791068031733608,2577,0,14,16266,16266,16266,12148,11699,38007
3,416,415,1791068031781031,1791068031783659,2628,0,15,16226,16226,16226,12152,11773,37909
3,417,416,1791068031831031,1791068031832829,1798,0,16,16332,16332,16332,12153,11670,38278
3,418,417,1791068031881031,1791068031883896,2865,0,17,16104,16104,16104,12099,11488,37340
3,419,418,1791068031931031,1791068031933762,2731,0,18,16358,16358,16358,12263,11985,38143
3,420,419,1791068031981031,1791068031983525,2494,0,19,16306,16306,16306,12261,11543,37364
3,421,420,1791068032031031,1791068032033435,2404,0,0,16101,16101,16101,12080,11628,37679
3,422,421,1791068032081031,1791068032083437,2406,0,1,16356,16356,16356,12273,11674,37504
3,423,422,1791068032131031,1791068032133060,2029,0,2,16230,16230,16230,12098,11808,37276
3,424,423,1791068032181031,1791068032183212,2181,0,3,16336,16336,16336,12307,11622,37069
3,425,424,1791068032231031,1791068032233144,2113,0,4,16218,16218,16218,12155,11742,36704
3,426,425,1791068032281031,1791068032283250,2219,0,5,16254,16254,16254,12146,11762,36158
3,427,426,1791068032331031,1791068032333776,2745,0,6,16134,16134,16134,12066,11460,35692
3,428,427,1791068032381031,1791068032383228,2197,0,7,16267,16267,16267,12268,12213,36795
3,429,428,1791068032431031,1791068032432865,1834,0,8,16351,16351,16351,12303,12204,37054
3,430,429,1791068032481031,1791068032483332,2301,0,9,16169,16169,16169,12177,11346,35730
3,431,430,1791068032531031,1791068032533808,2777,0,10,16190,16190,16190,12210,12041,37308
3,432,431,1791068032581031,1791068032583728,2697,0,11,16241,16241,16241,12080,11819,36120
3,433,432,1791068032631031,1791068032633104,2073,0,12,16355,16355,16355,12359,11636,36356
3,434,433,1791068032681031,1791068032682835,1804,0,13,16206,16206,16206,12236,11942,36972
3,435,434,1791068032731031,1791068032733782,2751,0,14,16266,16266,16266,12196,11811,36444
3,436,435,1791068032781031,1791068032783220,2189,0,15,16226,16226,16226,12257,12249,36847
3,437,436,1791068032831031,1791068032833155,2124,0,16,16332,16332,16332,12328,12061,36820
3,438,437,1791068032881031,1791068032883258,2227,0,17,16104,16104,16104,12084,12064,35972
3,439,438,1791068032931031,1791068032933834,2803,0,18,16358,16358,16358,12139,11980,36224
3,440,439,1791068032981031,1791068032983242,2211,0,19,16306,16306,16306,12260,12038,36955
3,441,440,1791068033031031,1791068033033377,2346,0,0,16101,16101,16101,12085,11457,35713
3,442,441,1791068033081031,1791068033083241,2210,0,1,16356,16356,16356,12239,12079,36805
3,443,442,1791068033131031,1791068033133347,2316,0,2,16230,16230,16230,12162,11789,35898
3,444,443,1791068033181031,1791068033183472,2441,0,3,16336,16336,16336,12252,11839,35810
3,445,444,1791068033231031,1791068033233308,2277,0,4,16218,16218,16218,12175,11672,35532
3,446,445,1791068033281031,1791068033282982,1951,0,5,16254,16254,16254,12253,11613,35503
3,447,446,1791068033331031,1791068033333068,2037,0,6,16134,16134,16134,12073,11878,35779
3,448,447,1791068033381031,1791068033383564,2533,0,7,16267,16267,16267,12325,12270,36223
3,449,448,1791068033431031,1791068033433117,2086,0,8,16351,16351,16351,12295,11974,35708
3,450,449,1791068033481031,1791068033483389,2358,0,9,16169,16169,16169,12114,11657,35297
3,451,450,1791068033531031,1791068033533175,2144,0,10,16190,16190,16190,12205,11975,35841
3,452,451,1791068033581031,1791068033583367,2336,0,11,16241,16241,16241,12086,11942,35838
3,453,452,1791068033631031,1791068033633769,2738,0,12,16355,16355,16355,12281,12055,36104
3,454,453,1791068033681031,1791068033683541,2510,0,13,16206,16206,16206,12068,11905,35474
3,455,454,1791068033731031,1791068033733747,2716,0,14,16266,16266,16266,12116,11949,35622
3,456,455,1791068033781031,1791068033783024,1993,0,15,16226,16226,16226,12221,11312,34943
3,457,456,1791068033831031,1791068033833565,2534,0,16,16332,16332,16332,12326,11951,36876
3,458,457,1791068033881031,1791068033882884,1853,0,17,16104,16104,16104,12213,11925,35900
3,459,458,1791068033931031,1791068033932897,1866,0,18,16358,16358,16358,12186,12002,35668
3,460,459,1791068033981031,1791068033983237,2206,0,19,16306,16306,16306,12183,11822,35419
3,461,460,1791068034031031,1791068034033280,2249,0,0,16101,16101,16101,12178,11945,35927
3,462,461,1791068034081031,1791068034083154,2123,0,1,16356,16356,16356,12233,11848,35827
3,463,462,1791068034131031,1791068034133288,2257,0,2,16230,16230,16230,12240,12224,35756
3,464,463,1791068034181031,1791068034182992,1961,0,3,16336,16336,16336,12285,11767,35564
3,465,464,1791068034231031,1791068034233134,2103,0,4,16218,16218,16218,12215,11755,35451
3,466,465,1791068034281031,1791068034283825,2794,0,5,16254,16254,16254,12213,12097,35531
3,467,466,1791068034331031,1791068034333193,2162,0,6,16134,16134,16134,12174,11508,34616
3,468,467,1791068034381031,1791068034382938,1907,0,7,16267,16267,16267,12225,11609,35341
3,469,468,1791068034431031,1791068034433836,2805,0,8,16351,16351,16351,12306,11886,35586
3,470,469,1791068034481031,1791068034483188,2157,0,9,16169,16169,16169,12154,11911,35755
3,471,470,1791068034531031,1791068034532995,1964,0,10,16190,16190,16190,12211,11638,35463
3,472,471,1791068034581031,1791068034583726,2695,0,11,16241,16241,16241,12277,11935,36366
3,473,472,1791068034631031,1791068034633212,2181,0,12,16355,16355,16355,12231,11953,35895
3,474,473,1791068034681031,1791068034683247,2216,0,13,16206,16206,16206,12152,12018,35616
3,475,474,1791068034731031,1791068034733804,2773,0,14,16266,16266,16266,12150,12012,35905
3,476,475,1791068034781031,1791068034782980,1949,0,15,16226,16226,16226,12228,11700,35759
3,477,476,1791068034831031,1791068034833755,2724,0,16,16332,16332,16332,12330,11877,36233
3,478,477,1791068034881031,1791068034883012,1981,0,17,16104,16104,16104,12101,12025,35722
3,479,478,1791068034931031,1791068034933716,2685,0,18,16358,16358,16358,12311,11790,35683
3,480,479,1791068034981031,1791068034983509,2478,0,19,16306,16306,16306,12308,11767,36198
3,481,480,1791068035031031,1791068035032842,1811,0,0,16101,16101,16101,12019,11778,35737
3,482,481,1791068035081031,1791068035083633,2602,0,1,16356,16356,16356,12278,11421,35585
3,483,482,1791068035131031,1791068035132978,1947,0,2,16230,16230,16230,12217,11758,36355
3,484,483,1791068035181031,1791068035183647,2616,0,3,16336,16336,16336,12359,11832,36019
3,485,484,1791068035231031,1791068035232997,1966,0,4,16218,16218,16218,12063,11817,35296
3,486,485,1791068035281031,1791068035283318,2287,0,5,16254,16254,16254,12240,12020,35730
3,487,486,1791068035331031,1791068035333020,1989,0,6,16134,16134,16134,12129,11841,35666
3,488,487,1791068035381031,1791068035383598,2567,0,7,16267,16267,16267,12137,12085,36154
3,489,488,1791068035431031,1791068035433261,2230,0,8,16351,16351,16351,12322,11860,35835
3,490,489,1791068035481031,1791068035483739,2708,0,9,16169,16169,16169,12157,11850,35748
3,491,490,1791068035531031,1791068035533189,2158,0,10,16190,16190,16190,12198,12140,36072
3,492,491,1791068035581031,1791068035582851,1820,0,11,16241,16241,16241,12159,11625,35484
3,493,492,1791068035631031,1791068035633661,2630,0,12,16355,16355,16355,12228,11964,36315
3,494,493,1791068035681031,1791068035683287,2256,0,13,16206,16206,16206,12125,11699,35671
3,495,494,1791068035731031,1791068035733543,2512,0,14,16266,16266,16266,12251,11690,36249
3,496,495,1791068035781031,1791068035783057,2026,0,15,16226,16226,16226,12154,11852,36068
3,497,496,1791068035831031,1791068035833554,2523,0,16,16332,16332,16332,12258,12069,36943
3,498,497,1791068035881031,1791068035882970,1939,0,17,16104,16104,16104,12044,11702,35796
3,499,498,1791068035931031,1791068035933681,2650,0,18,16358,16358,16358,12350,11771,36215
3,500,499,1791068035981031,1791068035982955,1924,0,19,16306,16306,16306,12263,12203,36520
3,501,500,1791068036031031,1791068036033233,2202,0,0,16101,16101,16101,12070,11893,35874
3,502,501,1791068036081031,1791068036082990,1959,0,1,16356,16356,16356,12344,11440,36138
3,503,502,1791068036131031,1791068036133719,2688,0,2,16230,16230,16230,12086,11813,35990
3,504,503,1791068036181031,1791068036183443,2412,0,3,16336,16336,16336,12229,12206,36533
3,505,504,1791068036231031,1791068036233740,2709,0,4,16218,16218,16218,12280,11851,36063
3,506,505,1791068036281031,1791068036283055,2024,0,5,16254,16254,16254,12254,12070,36212
3,507,506,1791068036331031,1791068036333392,2361,0,6,16134,16134,16134,12147,11938,35907
3,508,507,1791068036381031,1791068036383690,2659,0,7,16267,16267,16267,12189,12009,35944
3,509,508,1791068036431031,1791068036433193,2162,0,8,16351,16351,16351,12274,11859,36063
3,510,509,1791068036481031,1791068036482903,1872,0,9,16169,16169,16169,12101,11598,35573
3,511,510,1791068036531031,1791068036533237,2206,0,10,16190,16190,16190,12170,11951,36489
3,512,511,1791068036581031,1791068036583858,2827,0,11,16241,16241,16241,12288,11990,36618
3,513,512,1791068036631031,1791068036633084,2053,0,12,16355,16355,16355,12296,11921,36292
3,514,513,1791068036681031,1791068036682902,1871,0,13,16206,16206,16206,12171,11601,35960
3,515,514,1791068036731031,1791068036733481,2450,0,14,16266,16266,16266,12255,11962,36345
3,516,515,1791068036781031,1791068036783434,2403,0,15,16226,16226,16226,12105,11502,35365
3,517,516,1791068036831031,1791068036833002,1971,0,16,16332,16332,16332,12231,12073,36699
3,518,517,1791068036881031,1791068036883341,2310,0,17,16104,16104,16104,12119,12005,35941
3,519,518,1791068036931031,1791068036933563,2532,0,18,16358,16358,16358,12301,11651,36026
3,520,519,1791068036981031,1791068036982829,1798,0,19,16306,16306,16306,12293,11723,36399
3,521,520,1791068037031031,1791068037033781,2750,0,0,16101,16101,16101,12118,11742,36172
3,522,521,1791068037081031,1791068037083359,2328,0,1,16356,16356,16356,12202,11880,36438
3,523,522,1791068037131031,1791068037133578,2547,0,2,16230,16230,16230,12164,12037,36015
3,524,523,1791068037181031,1791068037183560,2529,0,3,16336,16336,16336,12308,11823,36436
3,525,524,1791068037231031,1791068037232912,1881,0,4,16218,16218,16218,12222,11902,36372
3,526,525,1791068037281031,1791068037283795,2764,0,5,16254,16254,16254,12083,11936,35987
3,527,526,1791068037331031,1791068037333759,2728,0,6,16134,16134,16134,12062,11692,35785
3,528,527,1791068037381031,1791068037383814,2783,0,7,16267,16267,16267,12217,11918,36335
3,529,528,1791068037431031,1791068037433315,2284,0,8,16351,16351,16351,12343,11487,35868
3,530,529,1791068037481031,1791068037483556,2525,0,9,16169,16169,16169,12098,11842,36817
3,531,530,1791068037531031,1791068037533388,2357,0,10,16190,16190,16190,12075,12038,36269
3,532,531,1791068037581031,1791068037582857,1826,0,11,16241,16241,16241,12244,12218,37000
3,533,532,1791068037631031,1791068037633354,2323,0,12,16355,16355,16355,12286,12056,37006
3,534,533,1791068037681031,1791068037682941,1910,0,13,16206,16206,16206,12143,11970,36809
3,535,534,1791068037731031,1791068037733714,2683,0,14,16266,16266,16266,12149,11970,36363
3,536,535,1791068037781031,1791068037783593,2562,0,15,16226,16226,16226,12137,11603,35838
3,537,536,1791068037831031,1791068037833142,2111,0,16,16332,16332,16332,12239,11831,36735
3,538,537,1791068037881031,1791068037883966,2935,0,17,16104,16104,16104,12141,11393,35420
3,539,538,1791068037931031,1791068037933444,2413,0,18,16358,16358,16358,12187,11813,36135
3,540,539,1791068037981031,1791068037983473,2442,0,19,16306,16306,16306,12182,11959,35891
3,541,540,1791068038031031,1791068038033262,2231,0,0,16101,16101,16101,12063,11263,34849
3,542,541,1791068038081031,1791068038083348,2317,0,1,16356,16356,16356,12359,11892,36424
3,543,542,1791068038131031,1791068038133245,2214,0,2,16230,16230,16230,12184,11786,35436
3,544,543,1791068038181031,1791068038183557,2526,0,3,16336,16336,16336,12226,11794,35614
3,545,544,1791068038231031,1791068038232979,1948,0,4,16218,16218,16218,12159,11951,35564
3,546,545,1791068038281031,1791068038283379,2348,0,5,16254,16254,16254,12165,11661,35237
3,547,546,1791068038331031,1791068038333206,2175,0,6,16134,16134,16134,12044,11600,34869
3,548,547,1791068038381031,1791068038382866,1835,0,7,16267,16267,16267,12175,11472,35101
3,549,548,1791068038431031,1791068038432900,1869,0,8,16351,16351,16351,12271,11794,36534
3,550,549,1791068038481031,1791068038483131,2100,0,9,16169,16169,16169,12184,11563,35698
3,551,550,1791068038531031,1791068038533895,2864,0,10,16190,16190,16190,12174,11444,35825
3,552,551,1791068038581031,1791068038583426,2395,0,11,16241,16241,16241,12328,11931,36486
3,553,552,1791068038631031,1791068038633800,2769,0,12,16355,16355,16355,12338,12150,36390
3,554,553,1791068038681031,1791068038683696,2665,0,13,16206,16206,16206,12206,11651,35711
3,555,554,1791068038731031,1791068038733748,2717,0,14,16266,16266,16266,12173,12065,35961
3,556,555,1791068038781031,1791068038783004,1973,0,15,16226,16226,16226,12142,11920,35842
3,557,556,1791068038831031,1791068038833288,2257,0,16,16332,16332,16332,12260,11989,35789
3,558,557,1791068038881031,1791068038882999,1968,0,17,16104,16104,16104,12154,11849,35638
3,559,558,1791068038931031,1791068038933514,2483,0,18,16358,16358,16358,12253,11860,35519
3,560,559,1791068038981031,1791068038983523,2492,0,19,16306,16306,16306,12202,11907,35414
3,561,560,1791068039031031,1791068039033236,2205,0,0,16101,16101,16101,12072,11395,34181
3,562,561,1791068039081031,1791068039083287,2256,0,1,16356,16356,16356,12302,11914,35761
3,563,562,1791068039131031,1791068039133354,2323,0,2,16230,16230,16230,12041,11298,34303
3,564,563,1791068039181031,1791068039183802,2771,0,3,16336,16336,16336,12300,12083,35971
3,565,564,1791068039231031,1791068039234001,2970,0,4,16218,16218,16218,12179,11788,34952
3,566,565,1791068039281031,1791068039282940,1909,0,5,16254,16254,16254,12195,11820,34868
3,567,566,1791068039331031,1791068039333563,2532,0,6,16134,16134,16134,12120,11575,34727
3,568,567,1791068039381031,1791068039383513,2482,0,7,16267,16267,16267,12269,12023,35681
3,569,568,1791068039431031,1791068039433788,2757,0,8,16351,16351,16351,12233,11917,35090
3,570,569,1791068039481031,1791068039483173,2142,0,9,16169,16169,16169,12118,11539,34496
3,571,570,1791068039531031,1791068039532954,1923,0,10,16190,16190,16190,12248,11773,35538
3,572,571,1791068039581031,1791068039583536,2505,0,11,16241,16241,16241,12134,12070,35224
3,573,572,1791068039631031,1791068039634699,3668,0,12,16355,16355,16355,12180,11774,34857
3,574,573,1791068039681031,1791068039683128,2097,0,13,16206,16206,16206,12134,11823,34937
3,575,574,1791068039731031,1791068039733248,2217,0,14,16266,16266,16266,12256,11970,35290
3,576,575,1791068039781031,1791068039783555,2524,0,15,16226,16226,16226,12117,11675,34911
3,577,576,1791068039831031,1791068039833252,2221,0,16,16332,16332,16332,12314,11902,35498
3,578,577,1791068039881031,1791068039883554,2523,0,17,16104,16104,16104,12108,11445,34425
3,579,578,1791068039931031,1791068039932884,1853,0,18,16358,16358,16358,12283,12032,35498
3,580,579,1791068039981031,1791068039983134,2103,0,19,16306,16306,16306,12245,12024,35364
3,581,580,1791068040031031,1791068040033197,2166,0,0,16101,16101,16101,12140,12001,35180
3,582,581,1791068040081031,1791068040083199,2168,0,1,16356,16356,16356,12255,12077,35380
3,583,582,1791068040131031,1791068040133180,2149,0,2,16230,16230,16230,12176,11682,35051
3,584,583,1791068040181031,1791068040183659,2628,0,3,16336,16336,16336,12167,12113,35212
3,585,584,1791068040231031,1791068040257242,26211,0,4,16218,16218,16218,12107,11509,34506
3,586,585,1791068040281031,1791068040297671,16640,0,5,16254,16254,16254,12178,12160,35637
3,587,586,1791068040331031,1791068040342158,11127,0,6,16134,16134,16134,12156,12139,35404
3,588,587,1791068040381031,1791068040385437,4406,0,7,16267,16267,16267,12217,11916,35336
3,589,588,1791068040431031,1791068040434407,3376,0,8,16351,16351,16351,12279,11676,35212
3,590,589,1791068040481031,1791068040483219,2188,0,9,16169,16169,16169,12239,11944,35470
3,591,590,1791068040531031,1791068040533764,2733,0,10,16190,16190,16190,12130,12050,35480
3,592,591,1791068040581031,1791068040583471,2440,0,11,16241,16241,16241,12175,11797,35109
3,593,592,1791068040631031,1791068040633581,2550,0,12,16355,16355,16355,12261,11693,35385
3,594,593,1791068040681031,1791068040684065,3034,0,13,16206,16206,16206,12128,11568,35321
3,595,594,1791068040731031,1791068040732952,1921,0,14,16266,16266,16266,12174,12116,35876
3,596,595,1791068040781031,1791068040783639,2608,0,15,16226,16226,16226,12271,12042,36115
3,597,596,1791068040831031,1791068040835559,4528,0,16,16332,16332,16332,12252,11723,35545
3,598,597,1791068040881031,1791068040883828,2797,0,17,16104,16104,16104,12047,11569,34826
3,599,598,1791068040931031,1791068040933358,2327,0,18,16358,16358,16358,12330,11780,35672
3,600,599,1791068040981031,1791068040982943,1912,0,19,16306,16306,16306,12243,11871,35605
3,601,600,1791068041031031,1791068041032989,1958,0,0,16101,16101,16101,12085,11901,35445
3,602,601,1791068041081031,1791068041082946,1915,0,1,16356,16356,16356,12283,12202,35776
3,603,602,1791068041131031,1791068041132965,1934,0,2,16230,16230,16230,12110,11745,35578
3,604,603,1791068041181031,1791068041184024,2993,0,3,16336,16336,16336,12311,12204,35891
3,605,604,1791068041231031,1791068041233537,2506,0,4,16218,16218,16218,12072,11465,34582
3,606,605,1791068041281031,1791068041283582,2551,0,5,16254,16254,16254,12217,11744,35193
3,607,606,1791068041331031,1791068041332860,1829,0,6,16134,16134,16134,12242,12058,35722
3,608,607,1791068041381031,1791068041383396,2365,0,7,16267,16267,16267,12243,12019,35305
3,609,608,1791068041431031,1791068041433319,2288,0,8,16351,16351,16351,12197,11568,34864
3,610,609,1791068041481031,1791068041483584,2553,0,9,16169,16169,16169,12170,11806,35188
3,611,610,1791068041531031,1791068041533263,2232,0,10,16190,16190,16190,12235,12208,35850
3,612,611,1791068041581031,1791068041583310,2279,0,11,16241,16241,16241,12252,12150,35761
3,613,612,1791068041631031,1791068041633906,2875,0,12,16355,16355,16355,12243,11937,35515
3,614,613,1791068041681031,1791068041683410,2379,0,13,16206,16206,16206,12200,11878,35220
3,615,614,1791068041731031,1791068041732956,1925,0,14,16266,16266,16266,12198,11718,35428
3,616,615,1791068041781031,1791068041783513,2482,0,15,16226,16226,16226,12136,11693,35031
3,617,616,1791068041831031,1791068041833561,2530,0,16,16332,16332,16332,12319,12144,35863
3,618,617,1791068041881031,1791068041883055,2024,0,17,16104,16104,16104,12132,11419,34634
3,619,618,1791068041931031,1791068041933768,2737,0,18,16358,16358,16358,12254,11970,36019
3,620,619,1791068041981031,1791068041985816,4785,0,19,16306,16306,16306,12289,11970,35667
3,621,620,1791068042031031,1791068042033934,2903,0,0,16101,16101,16101,12164,11897,35289
3,622,621,1791068042081031,1791068042083370,2339,0,1,16356,16356,16356,12318,12002,35770
3,623,622,1791068042131031,1791068042133268,2237,0,2,16230,16230,16230,12167,11464,35199
3,624,623,1791068042181031,1791068042183211,2180,0,3,16336,16336,16336,12362,11979,35793
3,625,624,1791068042231031,1791068042232913,1882,0,4,16218,16218,16218,12210,11784,35356
3,626,625,1791068042281031,1791068042283076,2045,0,5,16254,16254,16254,12166,11562,35080
3,627,626,1791068042331031,1791068042333844,2813,0,6,16134,16134,16134,12116,11495,35248
3,628,627,1791068042381031,1791068042383736,2705,0,7,16267,16267,16267,12288,11967,36354
3,629,628,1791068042431031,1791068042433548,2517,0,8,16351,16351,16351,12377,11798,36226
3,630,629,1791068042481031,1791068042483653,2622,0,9,16169,16169,16169,12238,12007,36434
3,631,630,1791068042531031,1791068042533776,2745,0,10,16190,16190,16190,12135,11803,35884
3,632,631,1791068042581031,1791068042583713,2682,0,11,16241,16241,16241,12280,11949,36103
3,633,632,1791068042631031,1791068042633708,2677,0,12,16355,16355,16355,12287,12047,36666
3,634,633,1791068042681031,1791068042683085,2054,0,13,16206,16206,16206,12179,11919,36264
3,635,634,1791068042731031,1791068042732876,1845,0,14,16266,16266,16266,12161,11803,36201
3,636,635,1791068042781031,1791068042783472,2441,0,15,16226,16226,16226,12325,12084,37038
3,637,636,1791068042831031,1791068042833743,2712,0,16,16332,16332,16332,12328,12123,36875
3,638,637,1791068042881031,1791068042883680,2649,0,17,16104,16104,16104,12203,11832,36065
3,639,638,1791068042931031,1791068042932943,1912,0,18,16358,16358,16358,12258,12097,36219
3,640,639,1791068042981031,1791068042983836,2805,0,19,16306,16306,16306,12231,11829,36393
3,641,640,1791068043031031,1791068043033353,2322,0,0,16101,16101,16101,12086,11249,35168
3,642,641,1791068043081031,1791068043083487,2456,0,1,16356,16356,16356,12382,12154,37318
3,643,642,1791068043131031,1791068043133484,2453,0,2,16230,16230,16230,12203,12031,36301
3,644,643,1791068043181031,1791068043183550,2519,0,3,16336,16336,16336,12294,11838,35996
3,645,644,1791068043231031,1791068043233809,2778,0,4,16218,16218,16218,12031,11521,35127
3,646,645,1791068043281031,1791068043283373,2342,0,5,16254,16254,16254,12174,11575,35082
3,647,646,1791068043331031,1791068043333044,2013,0,6,16134,16134,16134,12167,11503,35289
3,648,647,1791068043381031,1791068043383768,2737,0,7,16267,16267,16267,12242,11553,35695
3,649,648,1791068043431031,1791068043432956,1925,0,8,16351,16351,16351,12260,11560,35369
3,650,649,1791068043481031,1791068043483120,2089,0,9,16169,16169,16169,12143,11855,35574
3,651,650,1791068043531031,1791068043533078,2047,0,10,16190,16190,16190,12214,11730,34999
3,652,651,1791068043581031,1791068043583595,2564,0,11,16241,16241,16241,12225,11665,34864
3,653,652,1791068043631031,1791068043633501,2470,0,12,16355,16355,16355,12250,11856,35199
3,654,653,1791068043681031,1791068043683394,2363,0,13,16206,16206,16206,12083,11724,34973
3,655,654,1791068043731031,1791068043733367,2336,0,14,16266,16266,16266,12316,11836,35671
3,656,655,1791068043781031,1791068043792655,11624,0,15,16226,16226,16226,12218,11823,35161
3,657,656,1791068043831031,1791068043838043,7012,0,16,16332,16332,16332,12270,11529,35247
3,658,657,1791068043881031,1791068043885584,4553,0,17,16104,16104,16104,12118,11652,34898
3,659,658,1791068043931031,1791068043933868,2837,0,18,16358,16358,16358,12376,12137,35834
3,660,659,1791068043981031,1791068043982945,1914,0,19,16306,16306,16306,12277,11757,35151
3,661,660,1791068044031031,1791068044033002,1971,0,0,16101,16101,16101,12035,11428,34586
3,662,661,1791068044081031,1791068044083578,2547,0,1,16356,16356,16356,12173,11909,35258
3,663,662,1791068044131031,1791068044133822,2791,0,2,16230,16230,16230,12146,11924,34905
3,664,663,1791068044181031,1791068044183468,2437,0,3,16336,16336,16336,12227,11438,34426
3,665,664,1791068044231031,1791068044233885,2854,0,4,16218,16218,16218,12113,11841,35351
3,666,665,1791068044281031,1791068044282895,1864,0,5,16254,16254,16254,12155,11938,34882
3,667,666,1791068044331031,1791068044333355,2324,0,6,16134,16134,16134,12155,11754,34767
3,668,667,1791068044381031,1791068044383235,2204,0,7,16267,16267,16267,12253,11982,35149
3,669,668,1791068044431031,1791068044433489,2458,0,8,16351,16351,16351,12223,12057,35200
3,670,669,1791068044481031,1791068044483777,2746,0,9,16169,16169,16169,12202,11988,35024
3,671,670,1791068044531031,1791068044533578,2547,0,10,16190,16190,16190,12171,12006,34683
3,672,671,1791068044581031,1791068044583853,2822,0,11,16241,16241,16241,12166,11711,34555
3,673,672,1791068044631031,1791068044632999,1968,0,12,16355,16355,16355,12255,11897,34931
3,674,673,1791068044681031,1791068044683535,2504,0,13,16206,16206,16206,12235,12191,34953
3,675,674,1791068044731031,1791068044733469,2438,0,14,16266,16266,16266,12191,11814,34440
3,676,675,1791068044781031,1791068044783680,2649,0,15,16226,16226,16226,12222,11633,34655
3,677,676,1791068044831031,1791068044833244,2213,0,16,16332,16332,16332,12271,11991,34996
3,678,677,1791068044881031,1791068044884846,3815,0,17,16104,16104,16104,12107,11562,34122
3,679,678,1791068044931031,1791068044933162,2131,0,18,16358,16358,16358,12220,11852,34988
3,680,679,1791068044981031,1791068044983777,2746,0,19,16306,16306,16306,12179,11976,34643
3,681,680,1791068045031031,1791068045033089,2058,0,0,16101,16101,16101,12022,11616,33797
3,682,681,1791068045081031,1791068045083542,2511,0,1,16356,16356,16356,12363,12057,34965
3,683,682,1791068045131031,1791068045133093,2062,0,2,16230,16230,16230,12167,11762,34616
3,684,683,1791068045181031,1791068045183515,2484,0,3,16336,16336,16336,12307,11956,34960
3,685,684,1791068045231031,1791068045233170,2139,0,4,16218,16218,16218,12075,11700,34194
3,686,685,1791068045281031,1791068045282977,1946,0,5,16254,16254,16254,12148,11713,34348
3,687,686,1791068045331031,1791068045333877,2846,0,6,16134,16134,16134,12116,11662,34271
3,688,687,1791068045381031,1791068045383676,2645,0,7,16267,16267,16267,12273,11941,35293
3,689,688,1791068045431031,1791068045433888,2857,0,8,16351,16351,16351,12177,12100,34927
3,690,689,1791068045481031,1791068045483187,2156,0,9,16169,16169,16169,12140,11680,34276
3,691,690,1791068045531031,1791068045533839,2808,0,10,16190,16190,16190,12164,11962,34777
3,692,691,1791068045581031,1791068045583484,2453,0,11,16241,16241,16241,12226,12050,34790
3,693,692,1791068045631031,1791068045633133,2102,0,12,16355,16355,16355,12203,11267,33672
3,694,693,1791068045681031,1791068045683060,2029,0,13,16206,16206,16206,12212,11687,35337
3,695,694,1791068045731031,1791068045733455,2424,0,14,16266,16266,16266,12177,11581,34307
3,696,695,1791068045781031,1791068045783454,2423,0,15,16226,16226,16226,12141,11836,34999
3,697,696,1791068045831031,1791068045833669,2638,0,16,16332,16332,16332,12227,11652,34503
3,698,697,1791068045881031,1791068045882855,1824,0,17,16104,16104,16104,12166,11843,34865
3,699,698,1791068045931031,1791068045933374,2343,0,18,16358,16358,16358,12282,11624,34486
3,700,699,1791068045981031,1791068045983604,2573,0,19,16306,16306,16306,12256,11902,35124
3,701,700,1791068046031031,1791068046033013,1982,0,0,16101,16101,16101,12120,11932,34743
3,702,701,1791068046081031,1791068046083729,2698,0,1,16356,16356,16356,12286,11630,34785
3,703,702,1791068046131031,1791068046133878,2847,0,2,16230,16230,16230,12219,11495,34513
3,704,703,1791068046181031,1791068046183499,2468,0,3,16336,16336,16336,12388,12013,35641
3,705,704,1791068046231031,1791068046233562,2531,0,4,16218,16218,16218,12189,12126,35004
3,706,705,1791068046281031,1791068046282995,1964,0,5,16254,16254,16254,12241,12154,35159
3,707,706,1791068046331031,1791068046333494,2463,0,6,16134,16134,16134,12126,11762,34569
3,708,707,1791068046381031,1791068046383837,2806,0,7,16267,16267,16267,12156,12021,34906
3,709,708,1791068046431031,1791068046433453,2422,0,8,16351,16351,16351,12414,12090,35418
3,710,709,1791068046481031,1791068046482944,1913,0,9,16169,16169,16169,12191,11882,35049
3,711,710,1791068046531031,1791068046533504,2473,0,10,16190,16190,16190,12172,12064,35322
3,712,711,1791068046581031,1791068046583393,2362,0,11,16241,16241,16241,12186,12051,35228
3,713,712,1791068046631031,1791068046632937,1906,0,12,16355,16355,16355,12202,11735,34768
3,714,713,1791068046681031,1791068046683094,2063,0,13,16206,16206,16206,12211,12068,35457
3,715,714,1791068046731031,1791068046733834,2803,0,14,16266,16266,16266,12248,12032,35314
3,716,715,1791068046781031,1791068046783527,2496,0,15,16226,16226,16226,12252,11987,35155
3,717,716,1791068046831031,1791068046833329,2298,0,16,16332,16332,16332,12316,11827,35341
3,718,717,1791068046881031,1791068046883155,2124,0,17,16104,16104,16104,12128,11875,35339
3,719,718,1791068046931031,1791068046933638,2607,0,18,16358,16358,16358,12315,12053,35775
3,720,719,1791068046981031,1791068046983560,2529,0,19,16306,16306,16306,12234,11565,35262
3,721,720,1791068047031031,1791068047033676,2645,0,0,16101,16101,16101,12179,11577,35518
3,722,721,1791068047081031,1791068047083195,2164,0,1,16356,16356,16356,12280,12076,36180
3,723,722,1791068047131031,1791068047132976,1945,0,2,16230,16230,16230,12126,11834,35360
3,724,723,1791068047181031,1791068047182858,1827,0,3,16336,16336,16336,12193,11996,35727
3,725,724,1791068047231031,1791068047233505,2474,0,4,16218,16218,16218,12206,12023,36451
3,726,725,1791068047281031,1791068047283677,2646,0,5,16254,16254,16254,12133,12125,35696
3,727,726,1791068047331031,1791068047333040,2009,0,6,16134,16134,16134,12151,11760,35500
3,728,727,1791068047381031,1791068047383547,2516,0,7,16267,16267,16267,12205,11820,36136
3,729,728,1791068047431031,1791068047433198,2167,0,8,16351,16351,16351,12397,12243,36595
3,730,729,1791068047481031,1791068047482982,1951,0,9,16169,16169,16169,12128,11987,35859
3,731,730,1791068047531031,1791068047533371,2340,0,10,16190,16190,16190,12161,11930,35650
3,732,731,1791068047581031,1791068047583602,2571,0,11,16241,16241,16241,12149,11936,35645
3,733,732,1791068047631031,1791068047632961,1930,0,12,16355,16355,16355,12318,12064,35920
3,734,733,1791068047681031,1791068047683214,2183,0,13,16206,16206,16206,12184,11556,35271
3,735,734,1791068047731031,1791068047732935,1904,0,14,16266,16266,16266,12143,11749,35350
3,736,735,1791068047781031,1791068047783121,2090,0,15,16226,16226,16226,12263,12130,35780
3,737,736,1791068047831031,1791068047833068,2037,0,16,16332,16332,16332,12268,12224,36133
3,738,737,1791068047881031,1791068047883791,2760,0,17,16104,16104,16104,12124,11942,35857
3,739,738,1791068047931031,1791068047933138,2107,0,18,16358,16358,16358,12260,11668,35937
3,740,739,1791068047981031,1791068047983424,2393,0,19,16306,16306,16306,12233,11585,35656
3,741,740,1791068048031031,1791068048033666,2635,0,0,16101,16101,16101,12006,11526,35465
3,742,741,1791068048081031,1791068048083261,2230,0,1,16356,16356,16356,12292,11871,35837
3,743,742,1791068048131031,1791068048132972,1941,0,2,16230,16230,16230,12175,11818,35866
3,744,743,1791068048181031,1791068048182910,1879,0,3,16336,16336,16336,12281,12076,36371
3,745,744,1791068048231031,1791068048233478,2447,0,4,16218,16218,16218,12255,11988,36334
3,746,745,1791068048281031,1791068048283376,2345,0,5,16254,16254,16254,12231,11901,36068
3,747,746,1791068048331031,1791068048332973,1942,0,6,16134,16134,16134,12141,11964,35884
3,748,747,1791068048381031,1791068048383585,2554,0,7,16267,16267,16267,12187,12063,36438
3,749,748,1791068048431031,1791068048433451,2420,0,8,16351,16351,16351,12331,12008,36811
3,750,749,1791068048481031,1791068048483733,2702,0,9,16169,16169,16169,12128,11801,36296
3,751,750,1791068048531031,1791068048533022,1991,0,10,16190,16190,16190,12172,11958,36661
3,752,751,1791068048581031,1791068048583742,2711,0,11,16241,16241,16241,12137,11902,36402
3,753,752,1791068048631031,1791068048633723,2692,0,12,16355,16355,16355,12248,11897,36753
3,754,753,1791068048681031,1791068048683010,1979,0,13,16206,16206,16206,12135,11853,35923
3,755,754,1791068048731031,1791068048733792,2761,0,14,16266,16266,16266,12240,11269,35983
3,756,755,1791068048781031,1791068048783655,2624,0,15,16226,16226,16226,12156,11686,36767
3,757,756,1791068048831031,1791068048832981,1950,0,16,16332,16332,16332,12238,12149,37113
3,758,757,1791068048881031,1791068048883436,2405,0,17,16104,16104,16104,12097,11547,35974
3,759,758,1791068048931031,1791068048933394,2363,0,18,16358,16358,16358,12252,11878,37258
3,760,759,1791068048981031,1791068048983366,2335,0,19,16306,16306,16306,12315,11838,37380
3,761,760,1791068049031031,1791068049033836,2805,0,0,16101,16101,16101,12135,11977,37712
3,762,761,1791068049081031,1791068049083733,2702,0,1,16356,16356,16356,12348,12288,38667
3,763,762,1791068049131031,1791068049133679,2648,0,2,16230,16230,16230,12149,12112,37834
3,764,763,1791068049181031,1791068049182906,1875,0,3,16336,16336,16336,12316,11895,38065
3,765,764,1791068049231031,1791068049232950,1919,0,4,16218,16218,16218,12184,11826,37726
3,766,765,1791068049281031,1791068049283479,2448,0,5,16254,16254,16254,12166,11645,37022
3,767,766,1791068049331031,1791068049333611,2580,0,6,16134,16134,16134,12181,11832,37321
3,768,767,1791068049381031,1791068049383810,2779,0,7,16267,16267,16267,12213,11750,37146
3,769,768,1791068049431031,1791068049433005,1974,0,8,16351,16351,16351,12253,11884,37335
3,770,769,1791068049481031,1791068049483457,2426,0,9,16169,16169,16169,12125,11801,36989
3,771,770,1791068049531031,1791068049533205,2174,0,10,16190,16190,16190,12211,11805,37238
3,772,771,1791068049581031,1791068049583630,2599,0,11,16241,16241,16241,12209,12016,37415
3,773,772,1791068049631031,1791068049633252,2221,0,12,16355,16355,16355,12276,12087,37140
3,774,773,1791068049681031,1791068049683940,2909,0,13,16206,16206,16206,12217,11512,36967
3,775,774,1791068049731031,1791068049732980,1949,0,14,16266,16266,16266,12211,11743,37837
3,776,775,1791068049781031,1791068049783536,2505,0,15,16226,16226,16226,12194,11308,37277
3,777,776,1791068049831031,1791068049833378,2347,0,16,16332,16332,16332,12346,11904,38917
3,778,777,1791068049881031,1791068049883019,1988,0,17,16104,16104,16104,12139,11865,38094
3,779,778,1791068049931031,1791068049933743,2712,0,18,16358,16358,16358,12316,11753,37798
3,780,779,1791068049981031,1791068049983533,2502,0,19,16306,16306,16306,12288,11889,38449
3,781,780,1791068050031031,1791068050033858,2827,0,0,16101,16101,16101,12151,12092,38321
3,782,781,1791068050081031,1791068050083774,2743,0,1,16356,16356,16356,12257,11489,38044
3,783,782,1791068050131031,1791068050133107,2076,0,2,16230,16230,16230,12221,11925,38394
3,784,783,1791068050181031,1791068050183418,2387,0,3,16336,16336,16336,12356,11955,38140
3,785,784,1791068050231031,1791068050233176,2145,0,4,16218,16218,16218,12229,12185,37860
3,786,785,1791068050281031,1791068050283315,2284,0,5,16254,16254,16254,12282,11786,37515
3,787,786,1791068050331031,1791068050332839,1808,0,6,16134,16134,16134,12115,11767,37455
3,788,787,1791068050381031,1791068050383534,2503,0,7,16267,16267,16267,12074,11715,37689
3,789,788,1791068050431031,1791068050433308,2277,0,8,16351,16351,16351,12320,11676,37790
3,790,789,1791068050481031,1791068050483518,2487,0,9,16169,16169,16169,12090,11801,37144
3,791,790,1791068050531031,1791068050533060,2029,0,10,16190,16190,16190,12133,12065,37575
3,792,791,1791068050581031,1791068050583799,2768,0,11,16241,16241,16241,12158,12076,37807
3,793,792,1791068050631031,1791068050632935,1904,0,12,16355,16355,16355,12235,11927,37402
3,794,793,1791068050681031,1791068050683117,2086,0,13,16206,16206,16206,12134,11841,36765
3,795,794,1791068050731031,1791068050733564,2533,0,14,16266,16266,16266,12224,11898,37372
3,796,795,1791068050781031,1791068050783562,2531,0,15,16226,16226,16226,12174,11694,37466
3,797,796,1791068050831031,1791068050832982,1951,0,16,16332,16332,16332,12312,11636,38039
3,798,797,1791068050881031,1791068050883840,2809,0,17,16104,16104,16104,12098,11496,37160
3,799,798,1791068050931031,1791068050933302,2271,0,18,16358,16358,16358,12141,11963,37365
3,800,799,1791068050981031,1791068050983443,2412,0,19,16306,16306,16306,12261,12073,37549
3,801,800,1791068051031031,1791068051032952,1921,0,0,16101,16101,16101,12043,11615,36371
3,802,801,1791068051081031,1791068051083187,2156,0,1,16356,16356,16356,12247,11786,36704
3,803,802,1791068051131031,1791068051133625,2594,0,2,16230,16230,16230,12074,11798,36236
3,804,803,1791068051181031,1791068051183101,2070,0,3,16336,16336,16336,12272,11876,36404
3,805,804,1791068051231031,1791068051233239,2208,0,4,16218,16218,16218,12164,11895,35972
3,806,805,1791068051281031,1791068051283778,2747,0,5,16254,16254,16254,12186,12019,36319
3,807,806,1791068051331031,1791068051333432,2401,0,6,16134,16134,16134,12080,11872,35741
3,808,807,1791068051381031,1791068051383548,2517,0,7,16267,16267,16267,12174,12099,36288
3,809,808,1791068051431031,1791068051433296,2265,0,8,16351,16351,16351,12280,11868,36623
3,810,809,1791068051481031,1791068051483453,2422,0,9,16169,16169,16169,12136,11566,36366
3,811,810,1791068051531031,1791068051533432,2401,0,10,16190,16190,16190,12108,11703,36723
3,812,811,1791068051581031,1791068051583750,2719,0,11,16241,16241,16241,12149,12077,36786
3,813,812,1791068051631031,1791068051633495,2464,0,12,16355,16355,16355,12292,11828,36817
3,814,813,1791068051681031,1791068051682939,1908,0,13,16206,16206,16206,12206,11986,36876
3,815,814,1791068051731031,1791068051733728,2697,0,14,16266,16266,16266,12215,11575,36632
3,816,815,1791068051781031,1791068051783540,2509,0,15,16226,16226,16226,12227,11298,36084
3,817,816,1791068051831031,1791068051833416,2385,0,16,16332,16332,16332,12141,11574,36954
3,818,817,1791068051881031,1791068051883446,2415,0,17,16104,16104,16104,12072,11701,36222
3,819,818,1791068051931031,1791068051932991,1960,0,18,16358,16358,16358,12319,11826,36804
3,820,819,1791068051981031,1791068051983705,2674,0,19,16306,16306,16306,12266,12110,37301
3,821,820,1791068052031031,1791068052033514,2483,0,0,16101,16101,16101,12106,12077,36338
3,822,821,1791068052081031,1791068052083865,2834,0,1,16356,16356,16356,12317,11608,36180
3,823,822,1791068052131031,1791068052133210,2179,0,2,16230,16230,16230,12262,12066,36542
3,824,823,1791068052181031,1791068052183799,2768,0,3,16336,16336,16336,12253,12224,36327
3,825,824,1791068052231031,1791068052233191,2160,0,4,16218,16218,16218,12179,11706,35672
3,826,825,1791068052281031,1791068052283757,2726,0,5,16254,16254,16254,12169,11822,35774
3,827,826,1791068052331031,1791068052333358,2327,0,6,16134,16134,16134,12102,11893,35385
3,828,827,1791068052381031,1791068052383701,2670,0,7,16267,16267,16267,12248,12074,35642
3,829,828,1791068052431031,1791068052433403,2372,0,8,16351,16351,16351,12249,11667,35516
3,830,829,1791068052481031,1791068052483472,2441,0,9,16169,16169,16169,12140,11482,35351
3,831,830,1791068052531031,1791068052533735,2704,0,10,16190,16190,16190,12146,11844,35720
3,832,831,1791068052581031,1791068052583560,2529,0,11,16241,16241,16241,12214,11822,35431
3,833,832,1791068052631031,1791068052633283,2252,0,12,16355,16355,16355,12270,12231,35689
3,834,833,1791068052681031,1791068052683123,2092,0,13,16206,16206,16206,12156,11391,34717
3,835,834,1791068052731031,1791068052733873,2842,0,14,16266,16266,16266,12177,11995,35968
3,836,835,1791068052781031,1791068052817244,36213,0,15,16226,16226,16226,12168,11714,34888
3,837,836,1791068052831031,1791068052863979,32948,0,16,16332,16332,16332,12247,11906,35521
3,838,837,1791068052881031,1791068052909593,28562,0,17,16104,16104,16104,12115,11728,34967
3,839,838,1791068052931031,1791068052954206,23175,0,18,16358,16358,16358,12256,11951,35388
3,840,839,1791068052981031,1791068052998082,17051,0,19,16306,16306,16306,12322,12298,35986
3,841,840,1791068053031031,1791068053041127,10096,0,0,16101,16101,16101,12079,11374,34593
3,842,841,1791068053081031,1791068053085181,4150,0,1,16356,16356,16356,12297,11987,36165
3,843,842,1791068053131031,1791068053132944,1913,0,2,16230,16230,16230,12111,11950,34961
3,844,843,1791068053181031,1791068053183435,2404,0,3,16336,16336,16336,12245,11911,35301
3,845,844,1791068053231031,1791068053233302,2271,0,4,16218,16218,16218,12173,12003,35247
3,846,845,1791068053281031,1791068053283826,2795,0,5,16254,16254,16254,12366,11716,35461
3,847,846,1791068053331031,1791068053333021,1990,0,6,16134,16134,16134,12082,11819,35421
3,848,847,1791068053381031,1791068053383560,2529,0,7,16267,16267,16267,12215,12051,35658
3,849,848,1791068053431031,1791068053433610,2579,0,8,16351,16351,16351,12327,12117,35824
3,850,849,1791068053481031,1791068053483389,2358,0,9,16169,16169,16169,12099,11902,35458
3,851,850,1791068053531031,1791068053533166,2135,0,10,16190,16190,16190,12082,12080,35525
3,852,851,1791068053581031,1791068053583439,2408,0,11,16241,16241,16241,12162,11829,35593
3,853,852,1791068053631031,1791068053633615,2584,0,12,16355,16355,16355,12330,12120,36113
3,854,853,1791068053681031,1791068053683467,2436,0,13,16206,16206,16206,12188,11860,36060
3,855,854,1791068053731031,1791068053733191,2160,0,14,16266,16266,16266,12259,12009,36297
3,856,855,1791068053781031,1791068053783704,2673,0,15,16226,16226,16226,12128,11851,35547
3,857,856,1791068053831031,1791068053832954,1923,0,16,16332,16332,16332,12320,12235,36188
3,858,857,1791068053881031,1791068053883819,2788,0,17,16104,16104,16104,12156,11529,35264
3,859,858,1791068053931031,1791068053932996,1965,0,18,16358,16358,16358,12283,12195,35956
3,860,859,1791068053981031,1791068053983510,2479,0,19,16306,16306,16306,12284,11941,35508
3,861,860,1791068054031031,1791068054033530,2499,0,0,16101,16101,16101,12112,11889,35287
3,862,861,1791068054081031,1791068054083526,2495,0,1,16356,16356,16356,12220,11521,34936
3,863,862,1791068054131031,1791068054132974,1943,0,2,16230,16230,16230,12228,11625,34999
3,864,863,1791068054181031,1791068054183589,2558,0,3,16336,16336,16336,12299,11692,35065
3,865,864,1791068054231031,1791068054233773,2742,0,4,16218,16218,16218,12167,11548,35030
3,866,865,1791068054281031,1791068054283750,2719,0,5,16254,16254,16254,12192,12103,35333
3,867,866,1791068054331031,1791068054333625,2594,0,6,16134,16134,16134,12064,11518,34469
3,868,867,1791068054381031,1791068054383458,2427,0,7,16267,16267,16267,12212,12067,35291
3,869,868,1791068054431031,1791068054433329,2298,0,8,16351,16351,16351,12329,12068,35299
3,870,869,1791068054481031,1791068054483125,2094,0,9,16169,16169,16169,12137,12127,34976
3,871,870,1791068054531031,1791068054533832,2801,0,10,16190,16190,16190,12098,11457,34508
3,872,871,1791068054581031,1791068054583830,2799,0,11,16241,16241,16241,12233,12110,35435
3,873,872,1791068054631031,1791068054633514,2483,0,12,16355,16355,16355,12247,11767,35030
3,874,873,1791068054681031,1791068054683731,2700,0,13,16206,16206,16206,12172,11853,35033
3,875,874,1791068054731031,1791068054733754,2723,0,14,16266,16266,16266,12234,11885,34985
3,876,875,1791068054781031,1791068054783137,2106,0,15,16226,16226,16226,12210,12149,35054
3,877,876,1791068054831031,1791068054833025,1994,0,16,16332,16332,16332,12160,12124,34964
3,878,877,1791068054881031,1791068054882996,1965,0,17,16104,16104,16104,12191,12013,34995
3,879,878,1791068054931031,1791068054933171,2140,0,18,16358,16358,16358,12244,12174,34979
3,880,879,1791068054981031,1791068054983518,2487,0,19,16306,16306,16306,12218,12029,34994
3,881,880,1791068055031031,1791068055033329,2298,0,0,16101,16101,16101,12079,11780,34445
3,882,881,1791068055081031,1791068055083686,2655,0,1,16356,16356,16356,12289,12108,35088
3,883,882,1791068055131031,1791068055133359,2328,0,2,16230,16230,16230,12241,12095,34885
3,884,883,1791068055181031,1791068055183156,2125,0,3,16336,16336,16336,12309,12091,34799
3,885,884,1791068055231031,1791068055233560,2529,0,4,16218,16218,16218,12257,12232,34884
3,886,885,1791068055281031,1791068055282946,1915,0,5,16254,16254,16254,12191,11961,34373
3,887,886,1791068055331031,1791068055333022,1991,0,6,16134,16134,16134,12154,11660,34392
3,888,887,1791068055381031,1791068055383041,2010,0,7,16267,16267,16267,12235,11781,34694
3,889,888,1791068055431031,1791068055433435,2404,0,8,16351,16351,16351,12296,12099,35229
3,890,889,1791068055481031,1791068055483213,2182,0,9,16169,16169,16169,12185,12134,34999
3,891,890,1791068055531031,1791068055533662,2631,0,10,16190,16190,16190,12107,11827,34808
3,892,891,1791068055581031,1791068055583698,2667,0,11,16241,16241,16241,12116,11952,34806
3,893,892,1791068055631031,1791068055633331,2300,0,12,16355,16355,16355,12294,11852,34927
3,894,893,1791068055681031,1791068055683530,2499,0,13,16206,16206,16206,12115,12059,34655
3,895,894,1791068055731031,1791068055733584,2553,0,14,16266,16266,16266,12186,11886,35009
3,896,895,1791068055781031,1791068055783315,2284,0,15,16226,16226,16226,12115,11534,34030
3,897,896,1791068055831031,1791068055833821,2790,0,16,16332,16332,16332,12260,11971,34974
3,898,897,1791068055881031,1791068055883440,2409,0,17,16104,16104,16104,12164,12057,34810
3,899,898,1791068055931031,1791068055933070,2039,0,18,16358,16358,16358,12258,11808,34762
3,900,899,1791068055981031,1791068055983097,2066,0,19,16306,16306,16306,12299,11826,35027
3,901,900,1791068056031031,1791068056033524,2493,0,0,16101,16101,16101,12154,11555,34258
3,902,901,1791068056081031,1791068056083729,2698,0,1,16356,16356,16356,12311,12162,35476
3,903,902,1791068056131031,1791068056133742,2711,0,2,16230,16230,16230,12124,12093,34709
3,904,903,1791068056181031,1791068056183901,2870,0,3,16336,16336,16336,12329,11939,35057
3,905,904,1791068056231031,1791068056233388,2357,0,4,16218,16218,16218,12170,11716,34603
3,906,905,1791068056281031,1791068056285182,4151,0,5,16254,16254,16254,12218,12025,34933
3,907,906,1791068056331031,1791068056333448,2417,0,6,16134,16134,16134,12200,12076,34639
3,908,907,1791068056381031,1791068056395748,14717,0,7,16267,16267,16267,12152,11907,34540
3,909,908,1791068056431031,1791068056450876,19845,0,8,16351,16351,16351,12257,11972,34753
3,910,909,1791068056481031,1791068056497869,16838,0,9,16169,16169,16169,12187,11836,34634
3,911,910,1791068056531031,1791068056546775,15744,0,10,16190,16190,16190,12200,12068,34736
3,912,911,1791068056581031,1791068056589672,8641,0,11,16241,16241,16241,12204,12002,34572
3,913,912,1791068056631031,1791068056633291,2260,0,12,16355,16355,16355,12320,12208,35250
3,914,913,1791068056681031,1791068056684635,3604,0,13,16206,16206,16206,12193,11561,33994
3,915,914,1791068056731031,1791068056733732,2701,0,14,16266,16266,16266,12171,11562,34621
3,916,915,1791068056781031,1791068056783165,2134,0,15,16226,16226,16226,12280,11458,34407
3,917,916,1791068056831031,1791068056833005,1974,0,16,16332,16332,16332,12193,11776,35107
3,918,917,1791068056881031,1791068056882974,1943,0,17,16104,16104,16104,12086,11753,34562
3,919,918,1791068056931031,1791068056932955,1924,0,18,16358,16358,16358,12269,11956,35135
3,920,919,1791068056981031,1791068056982991,1960,0,19,16306,16306,16306,12284,12067,35333
3,921,920,1791068057031031,1791068057033456,2425,0,0,16101,16101,16101,12154,12001,35015
3,922,921,1791068057081031,1791068057082899,1868,0,1,16356,16356,16356,12397,12223,35500
3,923,922,1791068057131031,1791068057133786,2755,0,2,16230,16230,16230,12066,11724,34607
3,924,923,1791068057181031,1791068057183433,2402,0,3,16336,16336,16336,12254,12216,35649
3,925,924,1791068057231031,1791068057233153,2122,0,4,16218,16218,16218,12224,11925,35259
3,926,925,1791068057281031,1791068057283517,2486,0,5,16254,16254,16254,12249,11641,35008
3,927,926,1791068057331031,1791068057333447,2416,0,6,16134,16134,16134,12202,11624,34935
3,928,927,1791068057381031,1791068057383618,2587,0,7,16267,16267,16267,12188,11920,35734
3,929,928,1791068057431031,1791068057433603,2572,0,8,16351,16351,16351,12258,12096,35981
3,930,929,1791068057481031,1791068057483221,2190,0,9,16169,16169,16169,12195,11861,35622
3,931,930,1791068057531031,1791068057533491,2460,0,10,16190,16190,16190,12178,11236,35136
3,932,931,1791068057581031,1791068057583490,2459,0,11,16241,16241,16241,12168,12151,36985
3,933,932,1791068057631031,1791068057632899,1868,0,12,16355,16355,16355,12173,11968,36532
3,934,933,1791068057681031,1791068057683760,2729,0,13,16206,16206,16206,12224,11599,35879
3,935,934,1791068057731031,1791068057733403,2372,0,14,16266,16266,16266,12226,11986,37032
3,936,935,1791068057781031,1791068057783408,2377,0,15,16226,16226,16226,12198,11635,36743
3,937,936,1791068057831031,1791068057833436,2405,0,16,16332,16332,16332,12332,12220,37800
3,938,937,1791068057881031,1791068057883772,2741,0,17,16104,16104,16104,12079,11937,36458
3,939,938,1791068057931031,1791068057933605,2574,0,18,16358,16358,16358,12281,11941,37016
3,940,939,1791068057981031,1791068057983730,2699,0,19,16306,16306,16306,12252,12065,37158
3,941,940,1791068058031031,1791068058033832,2801,0,0,16101,16101,16101,12082,11832,36438
3,942,941,1791068058081031,1791068058083198,2167,0,1,16356,16356,16356,12280,11804,36629
3,943,942,1791068058131031,1791068058132901,1870,0,2,16230,16230,16230,12097,11859,36327
3,944,943,1791068058181031,1791068058183508,2477,0,3,16336,16336,16336,12274,12020,36747
3,945,944,1791068058231031,1791068058233784,2753,0,4,16218,16218,16218,12107,11934,35997
3,946,945,1791068058281031,1791068058283459,2428,0,5,16254,16254,16254,12077,11780,35903
3,947,946,1791068058331031,1791068058333707,2676,0,6,16134,16134,16134,12152,11947,36250
3,948,947,1791068058381031,1791068058383590,2559,0,7,16267,16267,16267,12230,12222,37159
3,949,948,1791068058431031,1791068058433549,2518,0,8,16351,16351,16351,12245,11861,36829
3,950,949,1791068058481031,1791068058483110,2079,0,9,16169,16169,16169,12163,11795,36887
3,951,950,1791068058531031,1791068058533825,2794,0,10,16190,16190,16190,12096,11863,36953
3,952,951,1791068058581031,1791068058583578,2547,0,11,16241,16241,16241,12192,12051,36857
3,953,952,1791068058631031,1791068058633712,2681,0,12,16355,16355,16355,12276,11999,37304
3,954,953,1791068058681031,1791068058683501,2470,0,13,16206,16206,16206,12148,11493,36434
3,955,954,1791068058731031,1791068058733681,2650,0,14,16266,16266,16266,12233,11961,37834
3,956,955,1791068058781031,1791068058783273,2242,0,15,16226,16226,16226,12235,11906,37162
3,957,956,1791068058831031,1791068058833640,2609,0,16,16332,16332,16332,12314,12170,37904
3,958,957,1791068058881031,1791068058883444,2413,0,17,16104,16104,16104,12148,11600,36896
3,959,958,1791068058931031,1791068058934502,3471,0,18,16358,16358,16358,12321,11791,37307
3,960,959,1791068058981031,1791068058983826,2795,0,19,16306,16306,16306,12280,12132,37531
3,961,960,1791068059031031,1791068059032861,1830,0,0,16101,16101,16101,12167,12006,37568
3,962,961,1791068059081031,1791068059083399,2368,0,1,16356,16356,16356,12227,11786,37477
3,963,962,1791068059131031,1791068059133891,2860,0,2,16230,16230,16230,12204,11591,36922
3,964,963,1791068059181031,1791068059183864,2833,0,3,16336,16336,16336,12319,12014,37459
3,965,964,1791068059231031,1791068059232939,1908,0,4,16218,16218,16218,12185,11612,36633
3,966,965,1791068059281031,1791068059283064,2033,0,5,16254,16254,16254,12250,11990,36708
3,967,966,1791068059331031,1791068059333426,2395,0,6,16134,16134,16134,12184,11778,36618
3,968,967,1791068059381031,1791068059383556,2525,0,7,16267,16267,16267,12268,12026,37365
3,969,968,1791068059431031,1791068059433654,2623,0,8,16351,16351,16351,12302,12127,37031
3,970,969,1791068059481031,1791068059483772,2741,0,9,16169,16169,16169,12128,11972,36752
3,971,970,1791068059531031,1791068059533736,2705,0,10,16190,16190,16190,12214,11768,37148
3,972,971,1791068059581031,1791068059583325,2294,0,11,16241,16241,16241,12185,12057,37258
3,973,972,1791068059631031,1791068059633397,2366,0,12,16355,16355,16355,12207,11928,37662
3,974,973,1791068059681031,1791068059682911,1880,0,13,16206,16206,16206,12041,12036,36867
3,975,974,1791068059731031,1791068059733861,2830,0,14,16266,16266,16266,12143,11862,37260
3,976,975,1791068059781031,1791068059783310,2279,0,15,16226,16226,16226,12252,12219,37707
3,977,976,1791068059831031,1791068059833348,2317,0,16,16332,16332,16332,12302,12179,38031
3,978,977,1791068059881031,1791068059882994,1963,0,17,16104,16104,16104,12074,11532,36371
3,979,978,1791068059931031,1791068059933175,2144,0,18,16358,16358,16358,12233,11703,37080
3,980,979,1791068059981031,1791068059983578,2547,0,19,16306,16306,16306,12222,11770,36321
3,981,980,1791068060031031,1791068060033863,2832,0,0,16101,16101,16101,12034,11601,36195
3,982,981,1791068060081031,1791068060082962,1931,0,1,16356,16356,16356,12317,11705,36722
3,983,982,1791068060131031,1791068060133507,2476,0,2,16230,16230,16230,12234,12068,36632
3,984,983,1791068060181031,1791068060182905,1874,0,3,16336,16336,16336,12247,11722,36599
3,985,984,1791068060231031,1791068060233650,2619,0,4,16218,16218,16218,12230,11904,36830
3,986,985,1791068060281031,1791068060283348,2317,0,5,16254,16254,16254,12209,11581,36081
3,987,986,1791068060331031,1791068060334723,3692,0,6,16134,16134,16134,12092,11854,36685
3,988,987,1791068060381031,1791068060383570,2539,0,7,16267,16267,16267,12155,11683,36841
3,989,988,1791068060431031,1791068060433879,2848,0,8,16351,16351,16351,12331,12003,37920
3,990,989,1791068060481031,1791068060482849,1818,0,9,16169,16169,16169,12204,11888,37534
3,991,990,1791068060531031,1791068060533071,2040,0,10,16190,16190,16190,12106,11932,37043
3,992,991,1791068060581031,1791068060583746,2715,0,11,16241,16241,16241,12210,12134,37586
3,993,992,1791068060631031,1791068060632948,1917,0,12,16355,16355,16355,12266,11754,37738
3,994,993,1791068060681031,1791068060683250,2219,0,13,16206,16206,16206,12269,11942,38384
3,995,994,1791068060731031,1791068060733385,2354,0,14,16266,16266,16266,12127,11892,38075
3,996,995,1791068060781031,1791068060783662,2631,0,15,16226,16226,16226,12177,11672,37847
3,997,996,1791068060831031,1791068060832934,1903,0,16,16332,16332,16332,12183,11671,38533
3,998,997,1791068060881031,1791068060883382,2351,0,17,16104,16104,16104,12093,11793,37591
3,999,998,1791068060931031,1791068060933589,2558,0,18,16358,16358,16358,12204,11922,38020
3,1000,999,1791068060981031,1791068060983612,2581,0,19,16306,16306,16306,12317,11605,37744
3,1001,1000,1791068061031031,1791068061033274,2243,0,0,16101,16101,16101,12123,11626,38145
3,1002,1001,1791068061081031,1791068061082980,1949,0,1,16356,16356,16356,12202,11841,38146
3,1003,1002,1791068061131031,1791068061133350,2319,0,2,16230,16230,16230,12229,11987,38094
3,1004,1003,1791068061181031,1791068061183655,2624,0,3,16336,16336,16336,12311,12069,37948
3,1005,1004,1791068061231031,1791068061233052,2021,0,4,16218,16218,16218,12146,11579,37060
3,1006,1005,1791068061281031,1791068061283309,2278,0,5,16254,16254,16254,12168,11488,36920
3,1007,1006,1791068061331031,1791068061333369,2338,0,6,16134,16134,16134,12163,11872,37541
3,1008,1007,1791068061381031,1791068061383680,2649,0,7,16267,16267,16267,12156,11725,36930
3,1009,1008,1791068061431031,1791068061432976,1945,0,8,16351,16351,16351,12272,11940,37393
3,1010,1009,1791068061481031,1791068061483803,2772,0,9,16169,16169,16169,12072,11672,37298
3,1011,1010,1791068061531031,1791068061533606,2575,0,10,16190,16190,16190,12061,11495,37300
3,1012,1011,1791068061581031,1791068061583487,2456,0,11,16241,16241,16241,12239,11899,38538
3,1013,1012,1791068061631031,1791068061633133,2102,0,12,16355,16355,16355,12420,11844,39111
3,1014,1013,1791068061681031,1791068061683537,2506,0,13,16206,16206,16206,12211,11471,37804
3,1015,1014,1791068061731031,1791068061733109,2078,0,14,16266,16266,16266,12229,11463,38629
3,1016,1015,1791068061781031,1791068061783868,2837,0,15,16226,16226,16226,12171,11621,38092
3,1017,1016,1791068061831031,1791068061833026,1995,0,16,16332,16332,16332,12276,11969,39018
3,1018,1017,1791068061881031,1791068061882845,1814,0,17,16104,16104,16104,12033,11120,37388
3,1019,1018,1791068061931031,1791068061933636,2605,0,18,16358,16358,16358,12324,11767,39342
3,1020,1019,1791068061981031,1791068061983460,2429,0,19,16306,16306,16306,12257,11547,38668
3,1021,1020,1791068062031031,1791068062032992,1961,0,0,16101,16101,16101,12143,11550,38951
3,1022,1021,1791068062081031,1791068062083162,2131,0,1,16356,16356,16356,12396,11798,39299
3,1023,1022,1791068062131031,1791068062133198,2167,0,2,16230,16230,16230,12272,12016,38853
3,1024,1023,1791068062181031,1791068062183548,2517,0,3,16336,16336,16336,12241,11694,38828
3,1025,1024,1791068062231031,1791068062235874,4843,0,4,16218,16218,16218,12254,11562,38440
3,1026,1025,1791068062281031,1791068062283152,2121,0,5,16254,16254,16254,12206,11543,37961
3,1027,1026,1791068062331031,1791068062333387,2356,0,6,16134,16134,16134,12076,11684,37892
3,1028,1027,1791068062381031,1791068062383910,2879,0,7,16267,16267,16267,12153,11712,38131
3,1029,1028,1791068062431031,1791068062433216,2185,0,8,16351,16351,16351,12312,12031,38844
3,1030,1029,1791068062481031,1791068062483557,2526,0,9,16169,16169,16169,12072,11730,37721
3,1031,1030,1791068062531031,1791068062532825,1794,0,10,16190,16190,16190,12125,11845,37836
3,1032,1031,1791068062581031,1791068062583514,2483,0,11,16241,16241,16241,12210,12040,38443
3,1033,1032,1791068062631031,1791068062633760,2729,0,12,16355,16355,16355,12384,12316,39000
3,1034,1033,1791068062681031,1791068062683508,2477,0,13,16206,16206,16206,12167,11772,38118
3,1035,1034,1791068062731031,1791068062733460,2429,0,14,16266,16266,16266,12284,12259,39111
3,1036,1035,1791068062781031,1791068062783462,2431,0,15,16226,16226,16226,12213,11628,38354
3,1037,1036,1791068062831031,1791068062833627,2596,0,16,16332,16332,16332,12252,12155,39601
3,1038,1037,1791068062881031,1791068062883464,2433,0,17,16104,16104,16104,12182,11483,38728
3,1039,1038,1791068062931031,1791068062933338,2307,0,18,16358,16358,16358,12338,12106,39829
3,1040,1039,1791068062981031,1791068062983712,2681,0,19,16306,16306,16306,12264,12190,39568
3,1041,1040,1791068063031031,1791068063032884,1853,0,0,16101,16101,16101,12161,12073,39707
3,1042,1041,1791068063081031,1791068063083410,2379,0,1,16356,16356,16356,12315,11703,39046
3,1043,1042,1791068063131031,1791068063133024,1993,0,2,16230,16230,16230,12133,11943,39080
3,1044,1043,1791068063181031,1791068063183118,2087,0,3,16336,16336,16336,12358,11932,39488
3,1045,1044,1791068063231031,1791068063232843,1812,0,4,16218,16218,16218,12186,11473,38278
3,1046,1045,1791068063281031,1791068063283010,1979,0,5,16254,16254,16254,12188,11958,38794
3,1047,1046,1791068063331031,1791068063333291,2260,0,6,16134,16134,16134,12028,11504,37465
3,1048,1047,1791068063381031,1791068063383543,2512,0,7,16267,16267,16267,12395,11899,39064
3,1049,1048,1791068063431031,1791068063433808,2777,0,8,16351,16351,16351,12337,11854,38559
3,1050,1049,1791068063481031,1791068063483593,2562,0,9,16169,16169,16169,12142,11489,38200
3,1051,1050,1791068063531031,1791068063533809,2778,0,10,16190,16190,16190,12125,11890,38839
3,1052,1051,1791068063581031,1791068063583547,2516,0,11,16241,16241,16241,12301,11919,38774
3,1053,1052,1791068063631031,1791068063633472,2441,0,12,16355,16355,16355,12340,12047,39596
3,1054,1053,1791068063681031,1791068063683291,2260,0,13,16206,16206,16206,12273,11961,39455
3,1055,1054,1791068063731031,1791068063733428,2397,0,14,16266,16266,16266,12297,11832,39363
3,1056,1055,1791068063781031,1791068063783664,2633,0,15,16226,16226,16226,12246,11593,39033
3,1057,1056,1791068063831031,1791068063833447,2416,0,16,16332,16332,16332,12378,11427,39707
3,1058,1057,1791068063881031,1791068063883114,2083,0,17,16104,16104,16104,12086,11531,38904
3,1059,1058,1791068063931031,1791068063933486,2455,0,18,16358,16358,16358,12234,11986,38927
3,1060,1059,1791068063981031,1791068063983799,2768,0,19,16306,16306,16306,12254,11755,39325
3,1061,1060,1791068064031031,1791068064033362,2331,0,0,16101,16101,16101,12176,11483,39073
3,1062,1061,1791068064081031,1791068064083312,2281,0,1,16356,16356,16356,12377,12153,39813
3,1063,1062,1791068064131031,1791068064133774,2743,0,2,16230,16230,16230,12207,11526,38913
3,1064,1063,1791068064181031,1791068064183380,2349,0,3,16336,16336,16336,12310,12245,39583
3,1065,1064,1791068064231031,1791068064233562,2531,0,4,16218,16218,16218,12163,11705,38655
3,1066,1065,1791068064281031,1791068064283627,2596,0,5,16254,16254,16254,12302,12178,39673
3,1067,1066,1791068064331031,1791068064333059,2028,0,6,16134,16134,16134,12091,12044,38942
3,1068,1067,1791068064381031,1791068064383501,2470,0,7,16267,16267,16267,12264,11854,39031
3,1069,1068,1791068064431031,1791068064433527,2496,0,8,16351,16351,16351,12255,11980,39213
3,1070,1069,1791068064481031,1791068064483818,2787,0,9,16169,16169,16169,12113,11762,38602
3,1071,1070,1791068064531031,1791068064533444,2413,0,10,16190,16190,16190,12229,11974,39104
3,1072,1071,1791068064581031,1791068064583800,2769,0,11,16241,16241,16241,12307,12059,39565
3,1073,1072,1791068064631031,1791068064633498,2467,0,12,16355,16355,16355,12271,11932,39908
3,1074,1073,1791068064681031,1791068064683442,2411,0,13,16206,16206,16206,12250,11862,39258
3,1075,1074,1791068064731031,1791068064732878,1847,0,14,16266,16266,16266,12191,11676,39187
3,1076,1075,1791068064781031,1791068064783401,2370,0,15,16226,16226,16226,12308,11557,38894
3,1077,1076,1791068064831031,1791068064833428,2397,0,16,16332,16332,16332,12421,12249,40489
3,1078,1077,1791068064881031,1791068064883785,2754,0,17,16104,16104,16104,12157,11561,39221
3,1079,1078,1791068064931031,1791068064933596,2565,0,18,16358,16358,16358,12293,12085,40012
3,1080,1079,1791068064981031,1791068064983522,2491,0,19,16306,16306,16306,12314,11601,39366
3,1081,1080,1791068065031031,1791068065033648,2617,0,0,16101,16101,16101,12263,11770,40207
3,1082,1081,1791068065081031,1791068065083306,2275,0,1,16356,16356,16356,12358,11738,39883
3,1083,1082,1791068065131031,1791068065132969,1938,0,2,16230,16230,16230,12177,11536,38896
3,1084,1083,1791068065181031,1791068065183386,2355,0,3,16336,16336,16336,12212,12202,39328
3,1085,1084,1791068065231031,1791068065233867,2836,0,4,16218,16218,16218,12197,11645,39077
3,1086,1085,1791068065281031,1791068065283765,2734,0,5,16254,16254,16254,12211,11812,38990
3,1087,1086,1791068065331031,1791068065356310,25279,0,6,16134,16134,16134,12142,11985,39148
3,1088,1087,1791068065381031,1791068065404092,23061,0,7,16267,16267,16267,12245,12175,39820
3,1089,1088,1791068065431031,1791068065450259,19228,0,8,16351,16351,16351,12375,12162,39736
3,1090,1089,1791068065481031,1791068065496653,15622,0,9,16169,16169,16169,12220,11643,39213
3,1091,1090,1791068065531031,1791068065541173,10142,0,10,16190,16190,16190,12197,11733,39004
3,1092,1091,1791068065581031,1791068065586001,4970,0,11,16241,16241,16241,12199,12090,38958
3,1093,1092,1791068065631031,1791068065633636,2605,0,12,16355,16355,16355,12281,12059,39253
3,1094,1093,1791068065681031,1791068065683716,2685,0,13,16206,16206,16206,12147,12094,37953
3,1095,1094,1791068065731031,1791068065733132,2101,0,14,16266,16266,16266,12163,11798,38093
3,1096,1095,1791068065781031,1791068065782914,1883,0,15,16226,16226,16226,12222,11898,38075
3,1097,1096,1791068065831031,1791068065833424,2393,0,16,16332,16332,16332,12316,12170,38504
3,1098,1097,1791068065881031,1791068065883307,2276,0,17,16104,16104,16104,12184,11922,37616
3,1099,1098,1791068065931031,1791068065932839,1808,0,18,16358,16358,16358,12262,11695,37740
3,1100,1099,1791068065981031,1791068065983219,2188,0,19,16306,16306,16306,12180,11647,38040
3,1101,1100,1791068066031031,1791068066033295,2264,0,0,16101,16101,16101,12135,11470,37878
3,1102,1101,1791068066081031,1791068066083592,2561,0,1,16356,16356,16356,12307,12157,38462
3,1103,1102,1791068066131031,1791068066133264,2233,0,2,16230,16230,16230,12134,11456,37308
3,1104,1103,1791068066181031,1791068066183894,2863,0,3,16336,16336,16336,12281,11941,37907
3,1105,1104,1791068066231031,1791068066233282,2251,0,4,16218,16218,16218,12254,12017,37775
3,1106,1105,1791068066281031,1791068066283945,2914,0,5,16254,16254,16254,12183,11670,36738
3,1107,1106,1791068066331031,1791068066333300,2269,0,6,16134,16134,16134,12109,11766,37384
3,1108,1107,1791068066381031,1791068066382877,1846,0,7,16267,16267,16267,12209,11973,37766
3,1109,1108,1791068066431031,1791068066433157,2126,0,8,16351,16351,16351,12272,11933,37870
3,1110,1109,1791068066481031,1791068066482981,1950,0,9,16169,16169,16169,12227,11612,37002
3,1111,1110,1791068066531031,1791068066533248,2217,0,10,16190,16190,16190,12174,11925,37650
3,1112,1111,1791068066581031,1791068066582899,1868,0,11,16241,16241,16241,12210,11839,36988
3,1113,1112,1791068066631031,1791068066632955,1924,0,12,16355,16355,16355,12361,12042,37476
3,1114,1113,1791068066681031,1791068066683010,1979,0,13,16206,16206,16206,12146,11999,37405
3,1115,1114,1791068066731031,1791068066733219,2188,0,14,16266,16266,16266,12234,12110,37570
3,1116,1115,1791068066781031,1791068066783678,2647,0,15,16226,16226,16226,12247,11782,36932
3,1117,1116,1791068066831031,1791068066833228,2197,0,16,16332,16332,16332,12300,12116,37778
3,1118,1117,1791068066881031,1791068066883308,2277,0,17,16104,16104,16104,11997,11234,35951
3,1119,1118,1791068066931031,1791068066933125,2094,0,18,16358,16358,16358,12300,11884,37106
3,1120,1119,1791068066981031,1791068066983261,2230,0,19,16306,16306,16306,12186,11692,36762
3,1121,1120,1791068067031031,1791068067032818,1787,0,0,16101,16101,16101,12057,12027,36457
3,1122,1121,1791068067081031,1791068067083757,2726,0,1,16356,16356,16356,12395,11824,37013
3,1123,1122,1791068067131031,1791068067133804,2773,0,2,16230,16230,16230,12222,11960,36997
3,1124,1123,1791068067181031,1791068067183542,2511,0,3,16336,16336,16336,12357,12088,36964
3,1125,1124,1791068067231031,1791068067233265,2234,0,4,16218,16218,16218,12135,11441,35780
3,1126,1125,1791068067281031,1791068067283202,2171,0,5,16254,16254,16254,12225,12066,36998
3,1127,1126,1791068067331031,1791068067333102,2071,0,6,16134,16134,16134,12059,11672,36182
3,1128,1127,1791068067381031,1791068067383276,2245,0,7,16267,16267,16267,12143,11692,36582
3,1129,1128,1791068067431031,1791068067433832,2801,0,8,16351,16351,16351,12204,11755,36531
3,1130,1129,1791068067481031,1791068067483013,1982,0,9,16169,16169,16169,12144,11481,35869
3,1131,1130,1791068067531031,1791068067533570,2539,0,10,16190,16190,16190,12047,11662,36021
3,1132,1131,1791068067581031,1791068067583737,2706,0,11,16241,16241,16241,12236,11451,36431
3,1133,1132,1791068067631031,1791068067633072,2041,0,12,16355,16355,16355,12331,11885,36905
3,1134,1133,1791068067681031,1791068067683363,2332,0,13,16206,16206,16206,12208,11721,36395
3,1135,1134,1791068067731031,1791068067733755,2724,0,14,16266,16266,16266,12253,11987,37378
3,1136,1135,1791068067781031,1791068067783588,2557,0,15,16226,16226,16226,12210,11268,36095
3,1137,1136,1791068067831031,1791068067833366,2335,0,16,16332,16332,16332,12231,11605,37361
3,1138,1137,1791068067881031,1791068067883160,2129,0,17,16104,16104,16104,11942,11726,36479
3,1139,1138,1791068067931031,1791068067932965,1934,0,18,16358,16358,16358,12360,12130,37182
3,1140,1139,1791068067981031,1791068067982907,1876,0,19,16306,16306,16306,12262,12009,37294
3,1141,1140,1791068068031031,1791068068032893,1862,0,0,16101,16101,16101,12158,11263,36209
3,1142,1141,1791068068081031,1791068068082996,1965,0,1,16356,16356,16356,12329,11630,37054
3,1143,1142,1791068068131031,1791068068133669,2638,0,2,16230,16230,16230,12074,12021,36689
3,1144,1143,1791068068181031,1791068068183385,2354,0,3,16336,16336,16336,12318,11883,36577
3,1145,1144,1791068068231031,1791068068233838,2807,0,4,16218,16218,16218,12278,12104,36829
3,1146,1145,1791068068281031,1791068068283535,2504,0,5,16254,16254,16254,12162,11593,36057
3,1147,1146,1791068068331031,1791068068333070,2039,0,6,16134,16134,16134,12207,11877,36792
3,1148,1147,1791068068381031,1791068068383120,2089,0,7,16267,16267,16267,12151,11600,36058
3,1149,1148,1791068068431031,1791068068433559,2528,0,8,16351,16351,16351,12243,12067,36865
3,1150,1149,1791068068481031,1791068068483113,2082,0,9,16169,16169,16169,12166,11974,36086
3,1151,1150,1791068068531031,1791068068533640,2609,0,10,16190,16190,16190,12194,12062,35928
3,1152,1151,1791068068581031,1791068068582914,1883,0,11,16241,16241,16241,12223,12056,35975
3,1153,1152,1791068068631031,1791068068633886,2855,0,12,16355,16355,16355,12286,12002,36396
3,1154,1153,1791068068681031,1791068068683727,2696,0,13,16206,16206,16206,12124,11823,36090
3,1155,1154,1791068068731031,1791068068733087,2056,0,14,16266,16266,16266,12228,11916,36617
3,1156,1155,1791068068781031,1791068068783484,2453,0,15,16226,16226,16226,12139,11895,36691
3,1157,1156,1791068068831031,1791068068833462,2431,0,16,16332,16332,16332,12312,12049,37039
3,1158,1157,1791068068881031,1791068068883870,2839,0,17,16104,16104,16104,12084,11883,36141
3,1159,1158,1791068068931031,1791068068933451,2420,0,18,16358,16358,16358,12376,12016,36981
3,1160,1159,1791068068981031,1791068068987261,6230,0,19,16306,16306,16306,12293,11723,36653
3,1161,1160,1791068069031031,1791068069042015,10984,0,0,16101,16101,16101,12038,11336,35996
3,1162,1161,1791068069081031,1791068069088281,7250,0,1,16356,16356,16356,12302,12016,37314
3,1163,1162,1791068069131031,1791068069133874,2843,0,2,16230,16230,16230,12165,11577,36142
3,1164,1163,1791068069181031,1791068069183508,2477,0,3,16336,16336,16336,12282,12067,37418
3,1165,1164,1791068069231031,1791068069232946,1915,0,4,16218,16218,16218,12197,12034,37336
3,1166,1165,1791068069281031,1791068069283338,2307,0,5,16254,16254,16254,12183,11964,37459
3,1167,1166,1791068069331031,1791068069332991,1960,0,6,16134,16134,16134,12060,11575,36290
3,1168,1167,1791068069381031,1791068069383539,2508,0,7,16267,16267,16267,12113,11870,36714
3,1169,1168,1791068069431031,1791068069433115,2084,0,8,16351,16351,16351,12356,11814,37034
3,1170,1169,1791068069481031,1791068069483134,2103,0,9,16169,16169,16169,12076,11685,36642
3,1171,1170,1791068069531031,1791068069533069,2038,0,10,16190,16190,16190,12117,12032,37005
3,1172,1171,1791068069581031,1791068069583513,2482,0,11,16241,16241,16241,12265,12093,37562
3,1173,1172,1791068069631031,1791068069633184,2153,0,12,16355,16355,16355,12319,11911,37818
3,1174,1173,1791068069681031,1791068069683182,2151,0,13,16206,16206,16206,12162,11450,36865
3,1175,1174,1791068069731031,1791068069733806,2775,0,14,16266,16266,16266,12159,11474,36885
3,1176,1175,1791068069781031,1791068069783614,2583,0,15,16226,16226,16226,12165,11448,36837
3,1177,1176,1791068069831031,1791068069833494,2463,0,16,16332,16332,16332,12293,12146,38522
3,1178,1177,1791068069881031,1791068069883605,2574,0,17,16104,16104,16104,12080,11720,36980
3,1179,1178,1791068069931031,1791068069933064,2033,0,18,16358,16358,16358,12195,11668,37292
3,1180,1179,1791068069981031,1791068069982977,1946,0,19,16306,16306,16306,12328,11785,38268
3,1181,1180,1791068070031031,1791068070033302,2271,0,0,16101,16101,16101,12055,11451,37303
3,1182,1181,1791068070081031,1791068070082983,1952,0,1,16356,16356,16356,12370,11522,37898
3,1183,1182,1791068070131031,1791068070133762,2731,0,2,16230,16230,16230,12208,11651,37728
3,1184,1183,1791068070181031,1791068070183854,2823,0,3,16336,16336,16336,12331,11707,37494
3,1185,1184,1791068070231031,1791068070233440,2409,0,4,16218,16218,16218,12193,12168,37361
3,1186,1185,1791068070281031,1791068070283794,2763,0,5,16254,16254,16254,12149,11940,37387
3,1187,1186,1791068070331031,1791068070333235,2204,0,6,16134,16134,16134,12016,11829,36860
3,1188,1187,1791068070381031,1791068070383814,2783,0,7,16267,16267,16267,12199,11679,37345
3,1189,1188,1791068070431031,1791068070433823,2792,0,8,16351,16351,16351,12265,11677,37878
3,1190,1189,1791068070481031,1791068070483796,2765,0,9,16169,16169,16169,12111,11870,37937
3,1191,1190,1791068070531031,1791068070533181,2150,0,10,16190,16190,16190,12206,11729,38446
3,1192,1191,1791068070581031,1791068070583544,2513,0,11,16241,16241,16241,12203,12133,38982
3,1193,1192,1791068070631031,1791068070633635,2604,0,12,16355,16355,16355,12406,12245,39355
3,1194,1193,1791068070681031,1791068070683332,2301,0,13,16206,16206,16206,12231,11754,38858
3,1195,1194,1791068070731031,1791068070733363,2332,0,14,16266,16266,16266,12342,12132,39972
3,1196,1195,1791068070781031,1791068070783809,2778,0,15,16226,16226,16226,12314,12108,39470
3,1197,1196,1791068070831031,1791068070833351,2320,0,16,16332,16332,16332,12360,12087,39872
3,1198,1197,1791068070881031,1791068070883428,2397,0,17,16104,16104,16104,12043,11531,38256
3,1199,1198,1791068070931031,1791068070933114,2083,0,18,16358,16358,16358,12271,12025,38856
3,1200,1199,1791068070981031,1791068070983863,2832,0,19,16306,16306,16306,12169,11728,38155
3,1201,1200,1791068071031031,1791068071033752,2721,0,0,16101,16101,16101,12022,11717,38390
3,1202,1201,1791068071081031,1791068071083025,1994,0,1,16356,16356,16356,12370,11960,38909
3,1203,1202,1791068071131031,1791068071133483,2452,0,2,16230,16230,16230,12156,11604,37710
3,1204,1203,1791068071181031,1791068071183536,2505,0,3,16336,16336,16336,12441,12094,38488
3,1205,1204,1791068071231031,1791068071232898,1867,0,4,16218,16218,16218,12088,12080,37548
3,1206,1205,1791068071281031,1791068071283766,2735,0,5,16254,16254,16254,12154,12055,38253
3,1207,1206,1791068071331031,1791068071333182,2151,0,6,16134,16134,16134,12062,11268,36519
3,1208,1207,1791068071381031,1791068071383823,2792,0,7,16267,16267,16267,12175,11794,37420
3,1209,1208,1791068071431031,1791068071433070,2039,0,8,16351,16351,16351,12230,12078,37171
3,1210,1209,1791068071481031,1791068071483173,2142,0,9,16169,16169,16169,12063,11871,37372
3,1211,1210,1791068071531031,1791068071533863,2832,0,10,16190,16190,16190,12206,11942,37332
3,1212,1211,1791068071581031,1791068071583853,2822,0,11,16241,16241,16241,12193,12031,37765
3,1213,1212,1791068071631031,1791068071633251,2220,0,12,16355,16355,16355,12309,11988,37990
3,1214,1213,1791068071681031,1791068071683364,2333,0,13,16206,16206,16206,12072,11780,37242
3,1215,1214,1791068071731031,1791068071733215,2184,0,14,16266,16266,16266,12227,11889,37565
3,1216,1215,1791068071781031,1791068071783575,2544,0,15,16226,16226,16226,12171,11879,37233
3,1217,1216,1791068071831031,1791068071833383,2352,0,16,16332,16332,16332,12294,11772,37360
3,1218,1217,1791068071881031,1791068071883006,1975,0,17,16104,16104,16104,12079,11841,36710
3,1219,1218,1791068071931031,1791068071933438,2407,0,18,16358,16358,16358,12211,12115,37182
3,1220,1219,1791068071981031,1791068071983545,2514,0,19,16306,16306,16306,12221,11318,35951
3,1221,1220,1791068072031031,1791068072032996,1965,0,0,16101,16101,16101,12106,11991,37640
3,1222,1221,1791068072081031,1791068072083790,2759,0,1,16356,16356,16356,12305,11638,37435
3,1223,1222,1791068072131031,1791068072133106,2075,0,2,16230,16230,16230,12200,11630,37183
3,1224,1223,1791068072181031,1791068072183717,2686,0,3,16336,16336,16336,12223,12073,36920
3,1225,1224,1791068072231031,1791068072232897,1866,0,4,16218,16218,16218,12201,11989,37073
3,1226,1225,1791068072281031,1791068072282847,1816,0,5,16254,16254,16254,12123,11640,36598
3,1227,1226,1791068072331031,1791068072333815,2784,0,6,16134,16134,16134,12142,11969,37275
3,1228,1227,1791068072381031,1791068072383734,2703,0,7,16267,16267,16267,12246,12093,37784
3,1229,1228,1791068072431031,1791068072433550,2519,0,8,16351,16351,16351,12217,11676,37028
3,1230,1229,1791068072481031,1791068072483216,2185,0,9,16169,16169,16169,12190,11839,37246
3,1231,1230,1791068072531031,1791068072533264,2233,0,10,16190,16190,16190,12229,12184,37553
3,1232,1231,1791068072581031,1791068072583545,2514,0,11,16241,16241,16241,12079,11897,37142
3,1233,1232,1791068072631031,1791068072633261,2230,0,12,16355,16355,16355,12342,11853,37700
3,1234,1233,1791068072681031,1791068072683364,2333,0,13,16206,16206,16206,12162,11824,37242
3,1235,1234,1791068072731031,1791068072733835,2804,0,14,16266,16266,16266,12198,11577,37193
3,1236,1235,1791068072781031,1791068072783779,2748,0,15,16226,16226,16226,12162,11777,37063
3,1237,1236,1791068072831031,1791068072833083,2052,0,16,16332,16332,16332,12239,11878,37564
3,1238,1237,1791068072881031,1791068072883869,2838,0,17,16104,16104,16104,12068,11885,37254
3,1239,1238,1791068072931031,1791068072933548,2517,0,18,16358,16358,16358,12243,11936,37399
3,1240,1239,1791068072981031,1791068072983374,2343,0,19,16306,16306,16306,12205,11936,37114
3,1241,1240,1791068073031031,1791068073033759,2728,0,0,16101,16101,16101,12109,11908,37307
3,1242,1241,1791068073081031,1791068073083715,2684,0,1,16356,16356,16356,12241,11550,37033
3,1243,1242,1791068073131031,1791068073133646,2615,0,2,16230,16230,16230,12251,11975,37578
3,1244,1243,1791068073181031,1791068073183473,2442,0,3,16336,16336,16336,12230,11872,36932
3,1245,1244,1791068073231031,1791068073232965,1934,0,4,16218,16218,16218,12262,11833,36592
3,1246,1245,1791068073281031,1791068073283553,2522,0,5,16254,16254,16254,12171,11956,36480
3,1247,1246,1791068073331031,1791068073333533,2502,0,6,16134,16134,16134,12082,11502,35398
3,1248,1247,1791068073381031,1791068073383527,2496,0,7,16267,16267,16267,12151,11817,36421
3,1249,1248,1791068073431031,1791068073433460,2429,0,8,16351,16351,16351,12325,12120,37469
3,1250,1249,1791068073481031,1791068073483821,2790,0,9,16169,16169,16169,12075,11788,36430
3,1251,1250,1791068073531031,1791068073533275,2244,0,10,16190,16190,16190,12119,11339,36150
3,1252,1251,1791068073581031,1791068073583405,2374,0,11,16241,16241,16241,12189,11895,37113
3,1253,1252,1791068073631031,1791068073632968,1937,0,12,16355,16355,16355,12325,12213,37467
3,1254,1253,1791068073681031,1791068073683036,2005,0,13,16206,16206,16206,12145,11952,36510
3,1255,1254,1791068073731031,1791068073733510,2479,0,14,16266,16266,16266,12355,11859,37307
3,1256,1255,1791068073781031,1791068073783198,2167,0,15,16226,16226,16226,12158,12142,36842
3,1257,1256,1791068073831031,1791068073833364,2333,0,16,16332,16332,16332,12201,11803,36335
3,1258,1257,1791068073881031,1791068073883013,1982,0,17,16104,16104,16104,12077,11967,36243
3,1259,1258,1791068073931031,1791068073933396,2365,0,18,16358,16358,16358,12379,11793,36917
3,1260,1259,1791068073981031,1791068073983450,2419,0,19,16306,16306,16306,12203,11834,36663
3,1261,1260,1791068074031031,1791068074033604,2573,0,0,16101,16101,16101,12088,11681,36796
3,1262,1261,1791068074081031,1791068074083417,2386,0,1,16356,16356,16356,12266,11558,36587
3,1263,1262,1791068074131031,1791068074133062,2031,0,2,16230,16230,16230,11969,11690,36260
3,1264,1263,1791068074181031,1791068074183677,2646,0,3,16336,16336,16336,12194,11820,36440
3,1265,1264,1791068074231031,1791068074233094,2063,0,4,16218,16218,16218,12186,11977,36656
3,1266,1265,1791068074281031,1791068074282949,1918,0,5,16254,16254,16254,12191,11990,36682
3,1267,1266,1791068074331031,1791068074333763,2732,0,6,16134,16134,16134,12095,11673,36603
3,1268,1267,1791068074381031,1791068074383591,2560,0,7,16267,16267,16267,12197,11800,36713
3,1269,1268,1791068074431031,1791068074433188,2157,0,8,16351,16351,16351,12236,11696,36850
3,1270,1269,1791068074481031,1791068074483379,2348,0,9,16169,16169,16169,12250,12012,37736
3,1271,1270,1791068074531031,1791068074533206,2175,0,10,16190,16190,16190,12132,11982,37401
3,1272,1271,1791068074581031,1791068074583576,2545,0,11,16241,16241,16241,12115,12109,37258
3,1273,1272,1791068074631031,1791068074632954,1923,0,12,16355,16355,16355,12261,11983,37546
3,1274,1273,1791068074681031,1791068074683139,2108,0,13,16206,16206,16206,12195,12001,37456
3,1275,1274,1791068074731031,1791068074733089,2058,0,14,16266,16266,16266,12247,11972,37423
3,1276,1275,1791068074781031,1791068074783446,2415,0,15,16226,16226,16226,12180,11941,36704
3,1277,1276,1791068074831031,1791068074832972,1941,0,16,16332,16332,16332,12231,11749,36874
3,1278,1277,1791068074881031,1791068074883076,2045,0,17,16104,16104,16104,12091,11788,36225
3,1279,1278,1791068074931031,1791068074932877,1846,0,18,16358,16358,16358,12319,12068,37745
3,1280,1279,1791068074981031,1791068074983631,2600,0,19,16306,16306,16306,12291,12240,37832
3,1281,1280,1791068075031031,1791068075033792,2761,0,0,16101,16101,16101,12209,12031,36990
3,1282,1281,1791068075081031,1791068075082948,1917,0,1,16356,16356,16356,12325,12064,37175
3,1283,1282,1791068075131031,1791068075133742,2711,0,2,16230,16230,16230,12213,11916,37302
3,1284,1283,1791068075181031,1791068075183806,2775,0,3,16336,16336,16336,12199,12085,37263
3,1285,1284,1791068075231031,1791068075233126,2095,0,4,16218,16218,16218,12229,12152,37123
3,1286,1285,1791068075281031,1791068075283061,2030,0,5,16254,16254,16254,12211,11821,37057
3,1287,1286,1791068075331031,1791068075333851,2820,0,6,16134,16134,16134,12168,11497,36846
3,1288,1287,1791068075381031,1791068075383556,2525,0,7,16267,16267,16267,12306,12161,37719
3,1289,1288,1791068075431031,1791068075432909,1878,0,8,16351,16351,16351,12281,11752,36619
3,1290,1289,1791068075481031,1791068075483822,2791,0,9,16169,16169,16169,12250,11700,37057
3,1291,1290,1791068075531031,1791068075533285,2254,0,10,16190,16190,16190,12160,11817,37084
3,1292,1291,1791068075581031,1791068075583452,2421,0,11,16241,16241,16241,12111,11431,36813
3,1293,1292,1791068075631031,1791068075633057,2026,0,12,16355,16355,16355,12307,12037,37781
3,1294,1293,1791068075681031,1791068075683121,2090,0,13,16206,16206,16206,12216,11776,37416
3,1295,1294,1791068075731031,1791068075732832,1801,0,14,16266,16266,16266,12212,11954,37740
3,1296,1295,1791068075781031,1791068075783478,2447,0,15,16226,16226,16226,12216,11761,37259
3,1297,1296,1791068075831031,1791068075833343,2312,0,16,16332,16332,16332,12366,11822,37314
3,1298,1297,1791068075881031,1791068075882870,1839,0,17,16104,16104,16104,12033,11552,36237
3,1299,1298,1791068075931031,1791068075933723,2692,0,18,16358,16358,16358,12205,12019,36894
3,1300,1299,1791068075981031,1791068075982851,1820,0,19,16306,16306,16306,12305,12286,37402
3,1301,1300,1791068076031031,1791068076032917,1886,0,0,16101,16101,16101,12053,11592,36388
3,1302,1301,1791068076081031,1791068076083772,2741,0,1,16356,16356,16356,12368,11564,36495
3,1303,1302,1791068076131031,1791068076133287,2256,0,2,16230,16230,16230,12113,11638,36392
3,1304,1303,1791068076181031,1791068076183554,2523,0,3,16336,16336,16336,12303,12059,36810
3,1305,1304,1791068076231031,1791068076233887,2856,0,4,16218,16218,16218,12138,11231,35232
3,1306,1305,1791068076281031,1791068076283318,2287,0,5,16254,16254,16254,12154,11517,35805
3,1307,1306,1791068076331031,1791068076332862,1831,0,6,16134,16134,16134,12141,11620,35957
3,1308,1307,1791068076381031,1791068076382830,1799,0,7,16267,16267,16267,12154,11635,36110
3,1309,1308,1791068076431031,1791068076433868,2837,0,8,16351,16351,16351,12300,11543,35977
3,1310,1309,1791068076481031,1791068076483141,2110,0,9,16169,16169,16169,12063,11779,36292
3,1311,1310,1791068076531031,1791068076532993,1962,0,10,16190,16190,16190,12199,11782,36677
3,1312,1311,1791068076581031,1791068076583502,2471,0,11,16241,16241,16241,12215,11768,36509
3,1313,1312,1791068076631031,1791068076633818,2787,0,12,16355,16355,16355,12242,11744,36615
3,1314,1313,1791068076681031,1791068076683526,2495,0,13,16206,16206,16206,12162,11649,36998
3,1315,1314,1791068076731031,1791068076733668,2637,0,14,16266,16266,16266,12198,12119,37922
3,1316,1315,1791068076781031,1791068076784963,3932,0,15,16226,16226,16226,12115,11566,37341
3,1317,1316,1791068076831031,1791068076833428,2397,0,16,16332,16332,16332,12279,12125,38478
3,1318,1317,1791068076881031,1791068076883140,2109,0,17,16104,16104,16104,12117,11509,37249
3,1319,1318,1791068076931031,1791068076933313,2282,0,18,16358,16358,16358,12267,12026,38110
3,1320,1319,1791068076981031,1791068076983413,2382,0,19,16306,16306,16306,12138,11510,36751
3,1321,1320,1791068077031031,1791068077033376,2345,0,0,16101,16101,16101,12138,11805,37566
3,1322,1321,1791068077081031,1791068077083511,2480,0,1,16356,16356,16356,12246,11607,37269
3,1323,1322,1791068077131031,1791068077133017,1986,0,2,16230,16230,16230,12142,11602,36669
3,1324,1323,1791068077181031,1791068077183587,2556,0,3,16336,16336,16336,12266,11792,37216
3,1325,1324,1791068077231031,1791068077233822,2791,0,4,16218,16218,16218,12169,11598,36733
3,1326,1325,1791068077281031,1791068077283666,2635,0,5,16254,16254,16254,12131,12115,36969
3,1327,1326,1791068077331031,1791068077333168,2137,0,6,16134,16134,16134,12167,11502,36140
3,1328,1327,1791068077381031,1791068077383018,1987,0,7,16267,16267,16267,12224,12201,36832
3,1329,1328,1791068077431031,1791068077433394,2363,0,8,16351,16351,16351,12184,11538,36021
3,1330,1329,1791068077481031,1791068077483576,2545,0,9,16169,16169,16169,12153,11420,35844
3,1331,1330,1791068077531031,1791068077533495,2464,0,10,16190,16190,16190,12183,11758,36934
3,1332,1331,1791068077581031,1791068077583495,2464,0,11,16241,16241,16241,12182,12024,36706
3,1333,1332,1791068077631031,1791068077632954,1923,0,12,16355,16355,16355,12187,11557,36098
3,1334,1333,1791068077681031,1791068077683082,2051,0,13,16206,16206,16206,12175,12028,37031
3,1335,1334,1791068077731031,1791068077733113,2082,0,14,16266,16266,16266,12189,11843,36679
3,1336,1335,1791068077781031,1791068077783425,2394,0,15,16226,16226,16226,12197,11620,36572
3,1337,1336,1791068077831031,1791068077833495,2464,0,16,16332,16332,16332,12194,11775,37027
3,1338,1337,1791068077881031,1791068077905255,24224,0,17,16104,16104,16104,12122,11790,36536
3,1339,1338,1791068077931031,1791068077947679,16648,0,18,16358,16358,16358,12271,11995,36988
3,1340,1339,1791068077981031,1791068077991977,10946,0,19,16306,16306,16306,12209,12036,36416
3,1341,1340,1791068078031031,1791068078038750,7719,0,0,16101,16101,16101,12101,11944,36364
3,1342,1341,1791068078081031,1791068078084334,3303,0,1,16356,16356,16356,12298,12059,36911
3,1343,1342,1791068078131031,1791068078133051,2020,0,2,16230,16230,16230,12151,11276,35672
3,1344,1343,1791068078181031,1791068078183533,2502,0,3,16336,16336,16336,12131,11754,36428
3,1345,1344,1791068078231031,1791068078233516,2485,0,4,16218,16218,16218,12148,11759,36231
3,1346,1345,1791068078281031,1791068078282947,1916,0,5,16254,16254,16254,12242,11852,36856
3,1347,1346,1791068078331031,1791068078333797,2766,0,6,16134,16134,16134,12057,11696,36483
3,1348,1347,1791068078381031,1791068078383871,2840,0,7,16267,16267,16267,12137,12047,36778
3,1349,1348,1791068078431031,1791068078432829,1798,0,8,16351,16351,16351,12215,12040,36795
3,1350,1349,1791068078481031,1791068078483606,2575,0,9,16169,16169,16169,12169,11492,36202
3,1351,1350,1791068078531031,1791068078533534,2503,0,10,16190,16190,16190,12219,12217,37594
3,1352,1351,1791068078581031,1791068078583512,2481,0,11,16241,16241,16241,12209,11999,37345
3,1353,1352,1791068078631031,1791068078633122,2091,0,12,16355,16355,16355,12345,12343,38160
3,1354,1353,1791068078681031,1791068078683644,2613,0,13,16206,16206,16206,12090,11395,36379
3,1355,1354,1791068078731031,1791068078733207,2176,0,14,16266,16266,16266,12182,11909,38318
3,1356,1355,1791068078781031,1791068078785754,4723,0,15,16226,16226,16226,12231,12098,37874
3,1357,1356,1791068078831031,1791068078833605,2574,0,16,16332,16332,16332,12309,11664,37830
3,1358,1357,1791068078881031,1791068078882826,1795,0,17,16104,16104,16104,12174,11716,37155
3,1359,1358,1791068078931031,1791068078933230,2199,0,18,16358,16358,16358,12194,12042,37227
3,1360,1359,1791068078981031,1791068078983446,2415,0,19,16306,16306,16306,12381,12161,37988
3,1361,1360,1791068079031031,1791068079032888,1857,0,0,16101,16101,16101,12057,11952,37327
3,1362,1361,1791068079081031,1791068079082896,1865,0,1,16356,16356,16356,12269,12106,37715
3,1363,1362,1791068079131031,1791068079133061,2030,0,2,16230,16230,16230,12257,12028,37673
3,1364,1363,1791068079181031,1791068079183852,2821,0,3,16336,16336,16336,12287,12099,37360
3,1365,1364,1791068079231031,1791068079233798,2767,0,4,16218,16218,16218,12248,11635,36900
3,1366,1365,1791068079281031,1791068079283809,2778,0,5,16254,16254,16254,12199,11912,37474
3,1367,1366,1791068079331031,1791068079333610,2579,0,6,16134,16134,16134,12039,11828,37179
3,1368,1367,1791068079381031,1791068079383598,2567,0,7,16267,16267,16267,12237,12165,38006
3,1369,1368,1791068079431031,1791068079433203,2172,0,8,16351,16351,16351,12288,12285,38175
3,1370,1369,1791068079481031,1791068079483471,2440,0,9,16169,16169,16169,12175,11759,37169
3,1371,1370,1791068079531031,1791068079533055,2024,0,10,16190,16190,16190,12115,11977,37917
3,1372,1371,1791068079581031,1791068079583807,2776,0,11,16241,16241,16241,12141,11985,37756
3,1373,1372,1791068079631031,1791068079633442,2411,0,12,16355,16355,16355,12368,11865,37879
3,1374,1373,1791068079681031,1791068079683868,2837,0,13,16206,16206,16206,12193,12159,38405
3,1375,1374,1791068079731031,1791068079733243,2212,0,14,16266,16266,16266,12216,11855,37660
3,1376,1375,1791068079781031,1791068079783771,2740,0,15,16226,16226,16226,12280,11358,37458
3,1377,1376,1791068079831031,1791068079832999,1968,0,16,16332,16332,16332,12333,11849,39093
3,1378,1377,1791068079881031,1791068079883853,2822,0,17,16104,16104,16104,12084,11689,37591
3,1379,1378,1791068079931031,1791068079935344,4313,0,18,16358,16358,16358,12325,12159,38878
3,1380,1379,1791068079981031,1791068079983434,2403,0,19,16306,16306,16306,12205,12025,38626
3,1381,1380,1791068080031031,1791068080033335,2304,0,0,16101,16101,16101,12047,11619,38424
3,1382,1381,1791068080081031,1791068080083527,2496,0,1,16356,16356,16356,12428,11760,38930
3,1383,1382,1791068080131031,1791068080133528,2497,0,2,16230,16230,16230,12161,12077,38291
3,1384,1383,1791068080181031,1791068080182821,1790,0,3,16336,16336,16336,12176,12019,37838
3,1385,1384,1791068080231031,1791068080233977,2946,0,4,16218,16218,16218,12159,12012,37971
3,1386,1385,1791068080281031,1791068080283429,2398,0,5,16254,16254,16254,12208,11905,37617
3,1387,1386,1791068080331031,1791068080333110,2079,0,6,16134,16134,16134,12194,12174,38099
3,1388,1387,1791068080381031,1791068080383235,2204,0,7,16267,16267,16267,12120,11828,37549
3,1389,1388,1791068080431031,1791068080433240,2209,0,8,16351,16351,16351,12294,12091,38712
3,1390,1389,1791068080481031,1791068080483263,2232,0,9,16169,16169,16169,12198,12099,38721
3,1391,1390,1791068080531031,1791068080533410,2379,0,10,16190,16190,16190,12164,11639,37866
3,1392,1391,1791068080581031,1791068080582960,1929,0,11,16241,16241,16241,12214,11505,38341
3,1393,1392,1791068080631031,1791068080632867,1836,0,12,16355,16355,16355,12260,11894,38934
3,1394,1393,1791068080681031,1791068080683295,2264,0,13,16206,16206,16206,12096,11999,37714
3,1395,1394,1791068080731031,1791068080733679,2648,0,14,16266,16266,16266,12178,11783,37631
3,1396,1395,1791068080781031,1791068080783868,2837,0,15,16226,16226,16226,12250,11358,37171
3,1397,1396,1791068080831031,1791068080833130,2099,0,16,16332,16332,16332,12303,12019,38958
3,1398,1397,1791068080881031,1791068080882947,1916,0,17,16104,16104,16104,12127,11599,37119
3,1399,1398,1791068080931031,1791068080933227,2196,0,18,16358,16358,16358,12397,12248,38174
3,1400,1399,1791068080981031,1791068080983611,2580,0,19,16306,16306,16306,12269,11807,37732
3,1401,1400,1791068081031031,1791068081033313,2282,0,0,16101,16101,16101,12088,11598,37426
3,1402,1401,1791068081081031,1791068081083068,2037,0,1,16356,16356,16356,12321,11833,37902
3,1403,1402,1791068081131031,1791068081135567,4536,0,2,16230,16230,16230,12093,11830,37361
3,1404,1403,1791068081181031,1791068081182850,1819,0,3,16336,16336,16336,12218,12005,37123
3,1405,1404,1791068081231031,1791068081232834,1803,0,4,16218,16218,16218,12200,12164,37213
3,1406,1405,1791068081281031,1791068081283624,2593,0,5,16254,16254,16254,12245,11614,37062
3,1407,1406,1791068081331031,1791068081333735,2704,0,6,16134,16134,16134,12277,12115,37733
3,1408,1407,1791068081381031,1791068081383793,2762,0,7,16267,16267,16267,12268,11899,37811
3,1409,1408,1791068081431031,1791068081433125,2094,0,8,16351,16351,16351,12261,12209,38124
3,1410,1409,1791068081481031,1791068081482976,1945,0,9,16169,16169,16169,12053,11697,37136
3,1411,1410,1791068081531031,1791068081545460,14429,0,10,16190,16190,16190,12176,11426,37247
3,1412,1411,1791068081581031,1791068081593318,12287,0,11,16241,16241,16241,12200,11908,38559
3,1413,1412,1791068081631031,1791068081638677,7646,0,12,16355,16355,16355,12281,12119,38784
3,1414,1413,1791068081681031,1791068081686865,5834,0,13,16206,16206,16206,12158,11785,37986
3,1415,1414,1791068081731031,1791068081734796,3765,0,14,16266,16266,16266,12265,11943,38295
3,1416,1415,1791068081781031,1791068081783624,2593,0,15,16226,16226,16226,12247,11728,38332
3,1417,1416,1791068081831031,1791068081833045,2014,0,16,16332,16332,16332,12369,11745,39018
3,1418,1417,1791068081881031,1791068081882954,1923,0,17,16104,16104,16104,12149,12038,38561
3,1419,1418,1791068081931031,1791068081933047,2016,0,18,16358,16358,16358,12255,11954,38440
3,1420,1419,1791068081981031,1791068081983337,2306,0,19,16306,16306,16306,12292,11995,38845
3,1421,1420,1791068082031031,1791068082033127,2096,0,0,16101,16101,16101,12027,12001,38567
3,1422,1421,1791068082081031,1791068082082909,1878,0,1,16356,16356,16356,12296,11996,38787
3,1423,1422,1791068082131031,1791068082132952,1921,0,2,16230,16230,16230,12171,11851,38171
3,1424,1423,1791068082181031,1791068082183842,2811,0,3,16336,16336,16336,12344,11655,37645
3,1425,1424,1791068082231031,1791068082233024,1993,0,4,16218,16218,16218,12135,11364,37127
3,1426,1425,1791068082281031,1791068082283081,2050,0,5,16254,16254,16254,12255,11432,36894
3,1427,1426,1791068082331031,1791068082333125,2094,0,6,16134,16134,16134,12095,11849,37873
3,1428,1427,1791068082381031,1791068082383206,2175,0,7,16267,16267,16267,12205,11461,37545
3,1429,1428,1791068082431031,1791068082433397,2366,0,8,16351,16351,16351,12199,12028,37805
3,1430,1429,1791068082481031,1791068082483150,2119,0,9,16169,16169,16169,12129,11444,37008
3,1431,1430,1791068082531031,1791068082533191,2160,0,10,16190,16190,16190,12131,11471,37150
3,1432,1431,1791068082581031,1791068082583593,2562,0,11,16241,16241,16241,12186,11922,37970
3,1433,1432,1791068082631031,1791068082633000,1969,0,12,16355,16355,16355,12351,12023,38658
3,1434,1433,1791068082681031,1791068082683061,2030,0,13,16206,16206,16206,12139,11876,37733
3,1435,1434,1791068082731031,1791068082733854,2823,0,14,16266,16266,16266,12250,11634,37935
3,1436,1435,1791068082781031,1791068082782962,1931,0,15,16226,16226,16226,12130,11949,37771
3,1437,1436,1791068082831031,1791068082833493,2462,0,16,16332,16332,16332,12268,12187,38632
3,1438,1437,1791068082881031,1791068082883204,2173,0,17,16104,16104,16104,12090,11843,37744
3,1439,1438,1791068082931031,1791068082933739,2708,0,18,16358,16358,16358,12275,11583,37384
3,1440,1439,1791068082981031,1791068082983539,2508,0,19,16306,16306,16306,12229,12088,38466
3,1441,1440,1791068083031031,1791068083033115,2084,0,0,16101,16101,16101,12214,12028,37989
3,1442,1441,1791068083081031,1791068083083377,2346,0,1,16356,16356,16356,12286,11940,38027
3,1443,1442,1791068083131031,1791068083133581,2550,0,2,16230,16230,16230,12092,11732,36910
3,1444,1443,1791068083181031,1791068083183592,2561,0,3,16336,16336,16336,12307,12272,37807
3,1445,1444,1791068083231031,1791068083232978,1947,0,4,16218,16218,16218,12092,11268,36263
3,1446,1445,1791068083281031,1791068083283513,2482,0,5,16254,16254,16254,12185,11574,36991
3,1447,1446,1791068083331031,1791068083333176,2145,0,6,16134,16134,16134,12094,11787,37181
3,1448,1447,1791068083381031,1791068083383563,2532,0,7,16267,16267,16267,12225,11848,37383
3,1449,1448,1791068083431031,1791068083433533,2502,0,8,16351,16351,16351,12256,11825,37352
3,1450,1449,1791068083481031,1791068083482961,1930,0,9,16169,16169,16169,12133,11771,37539
3,1451,1450,1791068083531031,1791068083533305,2274,0,10,16190,16190,16190,12123,11853,37631
3,1452,1451,1791068083581031,1791068083583383,2352,0,11,16241,16241,16241,12190,11676,37409
3,1453,1452,1791068083631031,1791068083632950,1919,0,12,16355,16355,16355,12345,12030,37871
3,1454,1453,1791068083681031,1791068083683702,2671,0,13,16206,16206,16206,12271,11818,37681
3,1455,1454,1791068083731031,1791068083733136,2105,0,14,16266,16266,16266,12204,11996,37876
3,1456,1455,1791068083781031,1791068083783196,2165,0,15,16226,16226,16226,12211,11710,37455
3,1457,1456,1791068083831031,1791068083833497,2466,0,16,16332,16332,16332,12232,12001,38809
3,1458,1457,1791068083881031,1791068083883543,2512,0,17,16104,16104,16104,11995,11339,37635
3,1459,1458,1791068083931031,1791068083932947,1916,0,18,16358,16358,16358,12305,12073,39103
3,1460,1459,1791068083981031,1791068083983559,2528,0,19,16306,16306,16306,12294,11952,38859
3,1461,1460,1791068084031031,1791068084033728,2697,0,0,16101,16101,16101,12249,11799,38262
3,1462,1461,1791068084081031,1791068084082936,1905,0,1,16356,16356,16356,12367,12225,38561
3,1463,1462,1791068084131031,1791068084133340,2309,0,2,16230,16230,16230,12228,11842,37954
3,1464,1463,1791068084181031,1791068084183110,2079,0,3,16336,16336,16336,12263,12037,37737
3,1465,1464,1791068084231031,1791068084233188,2157,0,4,16218,16218,16218,12139,12059,37381
3,1466,1465,1791068084281031,1791068084283834,2803,0,5,16254,16254,16254,12246,12215,37722
3,1467,1466,1791068084331031,1791068084333416,2385,0,6,16134,16134,16134,12083,11858,36720
3,1468,1467,1791068084381031,1791068084383420,2389,0,7,16267,16267,16267,12167,12003,37148
3,1469,1468,1791068084431031,1791068084433860,2829,0,8,16351,16351,16351,12288,12016,37442
3,1470,1469,1791068084481031,1791068084483373,2342,0,9,16169,16169,16169,12077,11518,36252
3,1471,1470,1791068084531031,1791068084533398,2367,0,10,16190,16190,16190,12197,12044,37187
3,1472,1471,1791068084581031,1791068084583564,2533,0,11,16241,16241,16241,12105,12056,37157
3,1473,1472,1791068084631031,1791068084633149,2118,0,12,16355,16355,16355,12214,11409,36802
3,1474,1473,1791068084681031,1791068084683737,2706,0,13,16206,16206,16206,12126,11887,38132
3,1475,1474,1791068084731031,1791068084733421,2390,0,14,16266,16266,16266,12320,11696,37709
3,1476,1475,1791068084781031,1791068084783553,2522,0,15,16226,16226,16226,12152,11913,37961
3,1477,1476,1791068084831031,1791068084833726,2695,0,16,16332,16332,16332,12271,12020,38246
3,1478,1477,1791068084881031,1791068084883412,2381,0,17,16104,16104,16104,12094,11911,37317
3,1479,1478,1791068084931031,1791068084933609,2578,0,18,16358,16358,16358,12218,11695,37224
3,1480,1479,1791068084981031,1791068084983747,2716,0,19,16306,16306,16306,12237,11712,37774
3,1481,1480,1791068085031031,1791068085033766,2735,0,0,16101,16101,16101,12067,11918,38257
3,1482,1481,1791068085081031,1791068085083044,2013,0,1,16356,16356,16356,12349,11707,38449
3,1483,1482,1791068085131031,1791068085133246,2215,0,2,16230,16230,16230,12097,12096,38352
3,1484,1483,1791068085181031,1791068085183657,2626,0,3,16336,16336,16336,12273,11699,38389
3,1485,1484,1791068085231031,1791068085233253,2222,0,4,16218,16218,16218,12171,11860,38057
3,1486,1485,1791068085281031,1791068085283305,2274,0,5,16254,16254,16254,12176,11721,37559
3,1487,1486,1791068085331031,1791068085333839,2808,0,6,16134,16134,16134,12136,11727,36906
3,1488,1487,1791068085381031,1791068085383532,2501,0,7,16267,16267,16267,12159,11860,37637
3,1489,1488,1791068085431031,1791068085433522,2491,0,8,16351,16351,16351,12326,11790,38145
3,1490,1489,1791068085481031,1791068085483482,2451,0,9,16169,16169,16169,12190,11752,38207
3,1491,1490,1791068085531031,1791068085533312,2281,0,10,16190,16190,16190,12182,12072,38615
3,1492,1491,1791068085581031,1791068085583359,2328,0,11,16241,16241,16241,12176,11940,38090
3,1493,1492,1791068085631031,1791068085633646,2615,0,12,16355,16355,16355,12251,11968,38458
3,1494,1493,1791068085681031,1791068085683045,2014,0,13,16206,16206,16206,12139,11963,38220
3,1495,1494,1791068085731031,1791068085733728,2697,0,14,16266,16266,16266,12180,11694,37944
3,1496,1495,1791068085781031,1791068085783337,2306,0,15,16226,16226,16226,12223,11668,38248
3,1497,1496,1791068085831031,1791068085833404,2373,0,16,16332,16332,16332,12249,11827,38795
3,1498,1497,1791068085881031,1791068085883698,2667,0,17,16104,16104,16104,12135,12100,38235
3,1499,1498,1791068085931031,1791068085932957,1926,0,18,16358,16358,16358,12233,11968,38712
3,1500,1499,1791068085981031,1791068085983522,2491,0,19,16306,16306,16306,12186,11323,37602
3,1501,1500,1791068086031031,1791068086033063,2032,0,0,16101,16101,16101,12205,11671,39421
3,1502,1501,1791068086081031,1791068086083536,2505,0,1,16356,16356,16356,12318,11284,38161
3,1503,1502,1791068086131031,1791068086133197,2166,0,2,16230,16230,16230,12144,12107,38867
3,1504,1503,1791068086181031,1791068086183794,2763,0,3,16336,16336,16336,12220,12093,38610
3,1505,1504,1791068086231031,1791068086233861,2830,0,4,16218,16218,16218,12319,12118,39098
3,1506,1505,1791068086281031,1791068086283207,2176,0,5,16254,16254,16254,12158,12094,38687
3,1507,1506,1791068086331031,1791068086333246,2215,0,6,16134,16134,16134,12120,11965,38455
3,1508,1507,1791068086381031,1791068086383568,2537,0,7,16267,16267,16267,12192,12128,39085
3,1509,1508,1791068086431031,1791068086433475,2444,0,8,16351,16351,16351,12289,11714,39231
3,1510,1509,1791068086481031,1791068086483747,2716,0,9,16169,16169,16169,12188,12113,39738
3,1511,1510,1791068086531031,1791068086533094,2063,0,10,16190,16190,16190,12284,11964,39769
3,1512,1511,1791068086581031,1791068086583817,2786,0,11,16241,16241,16241,12321,11882,39511
3,1513,1512,1791068086631031,1791068086633707,2676,0,12,16355,16355,16355,12347,11884,39476
3,1514,1513,1791068086681031,1791068086683349,2318,0,13,16206,16206,16206,12204,11570,38948
3,1515,1514,1791068086731031,1791068086733316,2285,0,14,16266,16266,16266,12382,11966,40612
3,1516,1515,1791068086781031,1791068086783589,2558,0,15,16226,16226,16226,12231,11417,38909
3,1517,1516,1791068086831031,1791068086833361,2330,0,16,16332,16332,16332,12373,11816,40664
3,1518,1517,1791068086881031,1791068086883580,2549,0,17,16104,16104,16104,12024,11569,38751
3,1519,1518,1791068086931031,1791068086933687,2656,0,18,16358,16358,16358,12411,12191,40442
3,1520,1519,1791068086981031,1791068086983531,2500,0,19,16306,16306,16306,12236,11887,39567
3,1521,1520,1791068087031031,1791068087033065,2034,0,0,16101,16101,16101,12121,11663,39424
3,1522,1521,1791068087081031,1791068087083064,2033,0,1,16356,16356,16356,12440,11315,39246
3,1523,1522,1791068087131031,1791068087133752,2721,0,2,16230,16230,16230,12239,12000,39911
3,1524,1523,1791068087181031,1791068087183610,2579,0,3,16336,16336,16336,12302,12004,39092
3,1525,1524,1791068087231031,1791068087233390,2359,0,4,16218,16218,16218,12186,11331,38264
3,1526,1525,1791068087281031,1791068087283401,2370,0,5,16254,16254,16254,12168,11880,39152
3,1527,1526,1791068087331031,1791068087333807,2776,0,6,16134,16134,16134,12139,11515,38247
3,1528,1527,1791068087381031,1791068087383476,2445,0,7,16267,16267,16267,12246,11689,39418
3,1529,1528,1791068087431031,1791068087433171,2140,0,8,16351,16351,16351,12334,12295,39673
3,1530,1529,1791068087481031,1791068087483793,2762,0,9,16169,16169,16169,12155,11438,38083
3,1531,1530,1791068087531031,1791068087533724,2693,0,10,16190,16190,16190,12249,11920,39633
3,1532,1531,1791068087581031,1791068087583404,2373,0,11,16241,16241,16241,12321,12092,40037
3,1533,1532,1791068087631031,1791068087633382,2351,0,12,16355,16355,16355,12392,12133,40453
3,1534,1533,1791068087681031,1791068087682986,1955,0,13,16206,16206,16206,12243,11892,39994
3,1535,1534,1791068087731031,1791068087733698,2667,0,14,16266,16266,16266,12214,11783,39830
3,1536,1535,1791068087781031,1791068087783553,2522,0,15,16226,16226,16226,12046,11841,39011
3,1537,1536,1791068087831031,1791068087832950,1919,0,16,16332,16332,16332,12228,11469,39147
3,1538,1537,1791068087881031,1791068087883067,2036,0,17,16104,16104,16104,12157,11695,39224
3,1539,1538,1791068087931031,1791068087933184,2153,0,18,16358,16358,16358,12376,12009,40092
3,1540,1539,1791068087981031,1791068087983127,2096,0,19,16306,16306,16306,12451,11834,40403
3,1541,1540,1791068088031031,1791068088032871,1840,0,0,16101,16101,16101,12231,12212,40510
3,1542,1541,1791068088081031,1791068088083412,2381,0,1,16356,16356,16356,12445,11835,41162
3,1543,1542,1791068088131031,1791068088133327,2296,0,2,16230,16230,16230,12314,11600,40045
3,1544,1543,1791068088181031,1791068088183373,2342,0,3,16336,16336,16336,12400,12091,40687
3,1545,1544,1791068088231031,1791068088233806,2775,0,4,16218,16218,16218,12177,11445,38831
3,1546,1545,1791068088281031,1791068088282973,1942,0,5,16254,16254,16254,12135,12122,39270
3,1547,1546,1791068088331031,1791068088333193,2162,0,6,16134,16134,16134,12098,11676,38607
3,1548,1547,1791068088381031,1791068088383380,2349,0,7,16267,16267,16267,12193,11513,39064
3,1549,1548,1791068088431031,1791068088433138,2107,0,8,16351,16351,16351,12365,12062,40659
3,1550,1549,1791068088481031,1791068088483038,2007,0,9,16169,16169,16169,12178,11920,39696
3,1551,1550,1791068088531031,1791068088533276,2245,0,10,16190,16190,16190,12223,12131,40134
3,1552,1551,1791068088581031,1791068088582831,1800,0,11,16241,16241,16241,12228,11950,40341
3,1553,1552,1791068088631031,1791068088632896,1865,0,12,16355,16355,16355,12353,11892,40780
3,1554,1553,1791068088681031,1791068088683643,2612,0,13,16206,16206,16206,12410,12296,41683
3,1555,1554,1791068088731031,1791068088733754,2723,0,14,16266,16266,16266,12319,12137,41047
3,1556,1555,1791068088781031,1791068088783722,2691,0,15,16226,16226,16226,12298,11597,40838
3,1557,1556,1791068088831031,1791068088832995,1964,0,16,16332,16332,16332,12600,12305,42746
3,1558,1557,1791068088881031,1791068088882905,1874,0,17,16104,16104,16104,12293,11870,41129
3,1559,1558,1791068088931031,1791068088932992,1961,0,18,16358,16358,16358,12436,12357,41542
3,1560,1559,1791068088981031,1791068088983684,2653,0,19,16306,16306,16306,12434,11693,40903
3,1561,1560,1791068089031031,1791068089033710,2679,0,0,16101,16101,16101,12360,11889,41507
3,1562,1561,1791068089081031,1791068089083769,2738,0,1,16356,16356,16356,12540,11965,41460
3,1563,1562,1791068089131031,1791068089133685,2654,0,2,16230,16230,16230,12382,11741,40806
3,1564,1563,1791068089181031,1791068089183384,2353,0,3,16336,16336,16336,12386,12373,41220
3,1565,1564,1791068089231031,1791068089233124,2093,0,4,16218,16218,16218,12309,12032,40389
3,1566,1565,1791068089281031,1791068089283748,2717,0,5,16254,16254,16254,12214,12056,39722
3,1567,1566,1791068089331031,1791068089333282,2251,0,6,16134,16134,16134,12245,11662,39210
3,1568,1567,1791068089381031,1791068089382840,1809,0,7,16267,16267,16267,12250,11972,39496
3,1569,1568,1791068089431031,1791068089432993,1962,0,8,16351,16351,16351,12366,12198,40332
3,1570,1569,1791068089481031,1791068089483228,2197,0,9,16169,16169,16169,12147,11834,39147
3,1571,1570,1791068089531031,1791068089533297,2266,0,10,16190,16190,16190,12217,11579,39255
3,1572,1571,1791068089581031,1791068089583553,2522,0,11,16241,16241,16241,12172,12152,39522
3,1573,1572,1791068089631031,1791068089633058,2027,0,12,16355,16355,16355,12240,12148,39296
3,1574,1573,1791068089681031,1791068089683834,2803,0,13,16206,16206,16206,12173,11353,38147
3,1575,1574,1791068089731031,1791068089733140,2109,0,14,16266,16266,16266,12232,11668,39356
3,1576,1575,1791068089781031,1791068089783844,2813,0,15,16226,16226,16226,12288,12236,39484
3,1577,1576,1791068089831031,1791068089832936,1905,0,16,16332,16332,16332,12252,11880,39052
3,1578,1577,1791068089881031,1791068089883306,2275,0,17,16104,16104,16104,12142,11821,38485
3,1579,1578,1791068089931031,1791068089933557,2526,0,18,16358,16358,16358,12124,11647,38113
3,1580,1579,1791068089981031,1791068089983519,2488,0,19,16306,16306,16306,12149,12119,38749
3,1581,1580,1791068090031031,1791068090033635,2604,0,0,16101,16101,16101,12101,11422,38285
3,1582,1581,1791068090081031,1791068090083091,2060,0,1,16356,16356,16356,12224,11600,38384
3,1583,1582,1791068090131031,1791068090133053,2022,0,2,16230,16230,16230,12254,12003,38666
3,1584,1583,1791068090181031,1791068090183681,2650,0,3,16336,16336,16336,12306,12112,38326
3,1585,1584,1791068090231031,1791068090233678,2647,0,4,16218,16218,16218,12212,11672,37630
3,1586,1585,1791068090281031,1791068090282883,1852,0,5,16254,16254,16254,12166,11976,37869
3,1587,1586,1791068090331031,1791068090333407,2376,0,6,16134,16134,16134,12175,11621,37500
3,1588,1587,1791068090381031,1791068090383791,2760,0,7,16267,16267,16267,12099,11804,37105
3,1589,1588,1791068090431031,1791068090453718,22687,0,8,16351,16351,16351,12261,12114,37661
3,1590,1589,1791068090481031,1791068090494713,13682,0,9,16169,16169,16169,12171,11777,37113
3,1591,1590,1791068090531031,1791068090538730,7699,0,10,16190,16190,16190,12167,12079,37383
3,1592,1591,1791068090581031,1791068090584278,3247,0,11,16241,16241,16241,12217,12122,37334
3,1593,1592,1791068090631031,1791068090633885,2854,0,12,16355,16355,16355,12252,11747,37265
3,1594,1593,1791068090681031,1791068090683455,2424,0,13,16206,16206,16206,12163,11722,37408
3,1595,1594,1791068090731031,1791068090733090,2059,0,14,16266,16266,16266,12186,12003,37959
3,1596,1595,1791068090781031,1791068090782866,1835,0,15,16226,16226,16226,12158,11675,37530
3,1597,1596,1791068090831031,1791068090832855,1824,0,16,16332,16332,16332,12161,11545,37721
3,1598,1597,1791068090881031,1791068090883344,2313,0,17,16104,16104,16104,12088,11562,37470
3,1599,1598,1791068090931031,1791068090932947,1916,0,18,16358,16358,16358,12274,11521,37248
3,1600,1599,1791068090981031,1791068090983043,2012,0,19,16306,16306,16306,12273,11978,38138
3,1601,1600,1791068091031031,1791068091034041,3010,0,0,16101,16101,16101,11995,11752,37714
3,1602,1601,1791068091081031,1791068091083283,2252,0,1,16356,16356,16356,12395,11858,37993
3,1603,1602,1791068091131031,1791068091133065,2034,0,2,16230,16230,16230,12210,11774,37642
3,1604,1603,1791068091181031,1791068091183637,2606,0,3,16336,16336,16336,12255,11785,37213
3,1605,1604,1791068091231031,1791068091235439,4408,0,4,16218,16218,16218,12060,12053,36821
3,1606,1605,1791068091281031,1791068091283066,2035,0,5,16254,16254,16254,12172,11728,36530
3,1607,1606,1791068091331031,1791068091333263,2232,0,6,16134,16134,16134,12128,11700,36757
3,1608,1607,1791068091381031,1791068091383226,2195,0,7,16267,16267,16267,12312,11996,37367
3,1609,1608,1791068091431031,1791068091433701,2670,0,8,16351,16351,16351,12275,11655,36496
3,1610,1609,1791068091481031,1791068091482881,1850,0,9,16169,16169,16169,12198,11794,36926
3,1611,1610,1791068091531031,1791068091533681,2650,0,10,16190,16190,16190,12201,12080,37363
3,1612,1611,1791068091581031,1791068091583578,2547,0,11,16241,16241,16241,12088,11509,36368
3,1613,1612,1791068091631031,1791068091633885,2854,0,12,16355,16355,16355,12246,11794,37045
3,1614,1613,1791068091681031,1791068091683152,2121,0,13,16206,16206,16206,12259,12128,37058
3,1615,1614,1791068091731031,1791068091733231,2200,0,14,16266,16266,16266,12129,11844,36557
3,1616,1615,1791068091781031,1791068091783591,2560,0,15,16226,16226,16226,12193,11471,35872
3,1617,1616,1791068091831031,1791068091833542,2511,0,16,16332,16332,16332,12280,11584,36798
3,1618,1617,1791068091881031,1791068091883489,2458,0,17,16104,16104,16104,12095,11599,36511
3,1619,1618,1791068091931031,1791068091933583,2552,0,18,16358,16358,16358,12316,12055,37088
3,1620,1619,1791068091981031,1791068091983462,2431,0,19,16306,16306,16306,12237,11964,37088
3,1621,1620,1791068092031031,1791068092033055,2024,0,0,16101,16101,16101,11988,11282,35913
3,1622,1621,1791068092081031,1791068092083093,2062,0,1,16356,16356,16356,12347,11846,37218
3,1623,1622,1791068092131031,1791068092133859,2828,0,2,16230,16230,16230,12156,11509,35952
3,1624,1623,1791068092181031,1791068092183558,2527,0,3,16336,16336,16336,12243,12024,36493
3,1625,1624,1791068092231031,1791068092233458,2427,0,4,16218,16218,16218,12122,11510,35488
3,1626,1625,1791068092281031,1791068092283321,2290,0,5,16254,16254,16254,12186,11606,35632
3,1627,1626,1791068092331031,1791068092333128,2097,0,6,16134,16134,16134,12113,11830,35535
3,1628,1627,1791068092381031,1791068092383638,2607,0,7,16267,16267,16267,12258,11548,35314
3,1629,1628,1791068092431031,1791068092433313,2282,0,8,16351,16351,16351,12239,11925,36135
3,1630,1629,1791068092481031,1791068092483260,2229,0,9,16169,16169,16169,12134,11998,35382
3,1631,1630,1791068092531031,1791068092533453,2422,0,10,16190,16190,16190,12177,12163,35803
3,1632,1631,1791068092581031,1791068092582954,1923,0,11,16241,16241,16241,12214,12019,36004
3,1633,1632,1791068092631031,1791068092633777,2746,0,12,16355,16355,16355,12231,12177,35924
3,1634,1633,1791068092681031,1791068092682982,1951,0,13,16206,16206,16206,12184,11806,35792
3,1635,1634,1791068092731031,1791068092733594,2563,0,14,16266,16266,16266,12228,12118,36408
3,1636,1635,1791068092781031,1791068092783615,2584,0,15,16226,16226,16226,12207,11646,35645
3,1637,1636,1791068092831031,1791068092833860,2829,0,16,16332,16332,16332,12297,11758,36705
3,1638,1637,1791068092881031,1791068092883580,2549,0,17,16104,16104,16104,12011,11596,35631
3,1639,1638,1791068092931031,1791068092933290,2259,0,18,16358,16358,16358,12238,11795,36032
3,1640,1639,1791068092981031,1791068092983534,2503,0,19,16306,16306,16306,12165,12133,36353
3,1641,1640,1791068093031031,1791068093033982,2951,0,0,16101,16101,16101,12189,11865,35941
3,1642,1641,1791068093081031,1791068093083405,2374,0,1,16356,16356,16356,12312,11687,35995
3,1643,1642,1791068093131031,1791068093132864,1833,0,2,16230,16230,16230,12175,12073,36092
3,1644,1643,1791068093181031,1791068093183422,2391,0,3,16336,16336,16336,12334,11942,35994
3,1645,1644,1791068093231031,1791068093233455,2424,0,4,16218,16218,16218,12147,12057,36040
3,1646,1645,1791068093281031,1791068093285267,4236,0,5,16254,16254,16254,12157,11945,35836
3,1647,1646,1791068093331031,1791068093332974,1943,0,6,16134,16134,16134,12110,11538,35396
3,1648,1647,1791068093381031,1791068093383185,2154,0,7,16267,16267,16267,12162,11811,35751
3,1649,1648,1791068093431031,1791068093433312,2281,0,8,16351,16351,16351,12278,12031,36249
3,1650,1649,1791068093481031,1791068093483741,2710,0,9,16169,16169,16169,12180,11570,35557
3,1651,1650,1791068093531031,1791068093533236,2205,0,10,16190,16190,16190,12110,11811,36394
3,1652,1651,1791068093581031,1791068093583600,2569,0,11,16241,16241,16241,12250,11626,36417
3,1653,1652,1791068093631031,1791068093633721,2690,0,12,16355,16355,16355,12388,11898,37022
3,1654,1653,1791068093681031,1791068093683739,2708,0,13,16206,16206,16206,12228,11670,36468
3,1655,1654,1791068093731031,1791068093733088,2057,0,14,16266,16266,16266,12280,12250,37800
3,1656,1655,1791068093781031,1791068093782828,1797,0,15,16226,16226,16226,12218,12150,37044
3,1657,1656,1791068093831031,1791068093833145,2114,0,16,16332,16332,16332,12269,11858,37079
3,1658,1657,1791068093881031,1791068093883694,2663,0,17,16104,16104,16104,12041,11763,36179
3,1659,1658,1791068093931031,1791068093933521,2490,0,18,16358,16358,16358,12335,12185,37054
3,1660,1659,1791068093981031,1791068093983601,2570,0,19,16306,16306,16306,12179,12045,36632
3,1661,1660,1791068094031031,1791068094032988,1957,0,0,16101,16101,16101,12146,11637,36086
3,1662,1661,1791068094081031,1791068094083152,2121,0,1,16356,16356,16356,12234,11376,35685
3,1663,1662,1791068094131031,1791068094133801,2770,0,2,16230,16230,16230,12245,11869,36661
3,1664,1663,1791068094181031,1791068094190873,9842,0,3,16336,16336,16336,12264,12114,36575
3,1665,1664,1791068094231031,1791068094241552,10521,0,4,16218,16218,16218,12177,11672,35982
3,1666,1665,1791068094281031,1791068094286118,5087,0,5,16254,16254,16254,12246,11528,36211
3,1667,1666,1791068094331031,1791068094336593,5562,0,6,16134,16134,16134,12185,12116,36860
3,1668,1667,1791068094381031,1791068094385615,4584,0,7,16267,16267,16267,12202,11873,36328
3,1669,1668,1791068094431031,1791068094432877,1846,0,8,16351,16351,16351,12289,11947,36902
3,1670,1669,1791068094481031,1791068094483025,1994,0,9,16169,16169,16169,12207,11702,36201
3,1671,1670,1791068094531031,1791068094533188,2157,0,10,16190,16190,16190,12154,11719,36512
3,1672,1671,1791068094581031,1791068094582830,1799,0,11,16241,16241,16241,12267,12043,37332
3,1673,1672,1791068094631031,1791068094633320,2289,0,12,16355,16355,16355,12247,12157,37613
3,1674,1673,1791068094681031,1791068094683719,2688,0,13,16206,16206,16206,12223,11819,36635
3,1675,1674,1791068094731031,1791068094733037,2006,0,14,16266,16266,16266,12214,11812,37295
3,1676,1675,1791068094781031,1791068094783609,2578,0,15,16226,16226,16226,12296,12060,37241
3,1677,1676,1791068094831031,1791068094833759,2728,0,16,16332,16332,16332,12311,11913,37455
3,1678,1677,1791068094881031,1791068094883644,2613,0,17,16104,16104,16104,12061,11432,36023
3,1679,1678,1791068094931031,1791068094933333,2302,0,18,16358,16358,16358,12248,11404,36222
3,1680,1679,1791068094981031,1791068094983404,2373,0,19,16306,16306,16306,12272,12009,37518
3,1681,1680,1791068095031031,1791068095032897,1866,0,0,16101,16101,16101,12130,11796,37009
3,1682,1681,1791068095081031,1791068095085349,4318,0,1,16356,16356,16356,12309,12142,37450
3,1683,1682,1791068095131031,1791068095133204,2173,0,2,16230,16230,16230,12188,11451,36280
3,1684,1683,1791068095181031,1791068095183608,2577,0,3,16336,16336,16336,12242,12216,36858
3,1685,1684,1791068095231031,1791068095233440,2409,0,4,16218,16218,16218,12155,11724,36031
3,1686,1685,1791068095281031,1791068095283302,2271,0,5,16254,16254,16254,12166,11941,36302
3,1687,1686,1791068095331031,1791068095333404,2373,0,6,16134,16134,16134,12163,11802,36342
3,1688,1687,1791068095381031,1791068095383789,2758,0,7,16267,16267,16267,12209,12160,36548
3,1689,1688,1791068095431031,1791068095434166,3135,0,8,16351,16351,16351,12303,11713,35909
3,1690,1689,1791068095481031,1791068095482882,1851,0,9,16169,16169,16169,12065,11936,36405
3,1691,1690,1791068095531031,1791068095533191,2160,0,10,16190,16190,16190,12284,11980,36400
3,1692,1691,1791068095581031,1791068095583573,2542,0,11,16241,16241,16241,12218,11826,36015
3,1693,1692,1791068095631031,1791068095633055,2024,0,12,16355,16355,16355,12270,11967,36317
3,1694,1693,1791068095681031,1791068095683279,2248,0,13,16206,16206,16206,12253,12123,36555
3,1695,1694,1791068095731031,1791068095733388,2357,0,14,16266,16266,16266,12232,11687,36205
3,1696,1695,1791068095781031,1791068095783197,2166,0,15,16226,16226,16226,12189,11729,36514
3,1697,1696,1791068095831031,1791068095833757,2726,0,16,16332,16332,16332,12287,12111,37429
3,1698,1697,1791068095881031,1791068095883007,1976,0,17,16104,16104,16104,12192,11831,36823
3,1699,1698,1791068095931031,1791068095933204,2173,0,18,16358,16358,16358,12278,12261,37082
3,1700,1699,1791068095981031,1791068095982847,1816,0,19,16306,16306,16306,12295,12114,37260
3,1701,1700,1791068096031031,1791068096033521,2490,0,0,16101,16101,16101,12078,11848,36699
3,1702,1701,1791068096081031,1791068096083848,2817,0,1,16356,16356,16356,12335,12018,37026
3,1703,1702,1791068096131031,1791068096133092,2061,0,2,16230,16230,16230,12235,11997,36778
3,1704,1703,1791068096181031,1791068096183091,2060,0,3,16336,16336,16336,12290,11997,36877
3,1705,1704,1791068096231031,1791068096233211,2180,0,4,16218,16218,16218,12101,11855,36038
3,1706,1705,1791068096281031,1791068096283870,2839,0,5,16254,16254,16254,12172,11725,35886
3,1707,1706,1791068096331031,1791068096332954,1923,0,6,16134,16134,16134,12135,11712,35555
3,1708,1707,1791068096381031,1791068096383596,2565,0,7,16267,16267,16267,12146,12122,35908
3,1709,1708,1791068096431031,1791068096432902,1871,0,8,16351,16351,16351,12295,11944,35939
3,1710,1709,1791068096481031,1791068096483474,2443,0,9,16169,16169,16169,12106,11841,35365
3,1711,1710,1791068096531031,1791068096533325,2294,0,10,16190,16190,16190,12193,11893,35632
3,1712,1711,1791068096581031,1791068096583545,2514,0,11,16241,16241,16241,12183,12022,35820
3,1713,1712,1791068096631031,1791068096633397,2366,0,12,16355,16355,16355,12320,12093,35985
3,1714,1713,1791068096681031,1791068096683824,2793,0,13,16206,16206,16206,12173,11986,35746
3,1715,1714,1791068096731031,1791068096733255,2224,0,14,16266,16266,16266,12234,12168,36410
3,1716,1715,1791068096781031,1791068096783619,2588,0,15,16226,16226,16226,12254,12146,35902
3,1717,1716,1791068096831031,1791068096833083,2052,0,16,16332,16332,16332,12316,12108,35949
3,1718,1717,1791068096881031,1791068096883532,2501,0,17,16104,16104,16104,12038,11686,34979
3,1719,1718,1791068096931031,1791068096933206,2175,0,18,16358,16358,16358,12254,12042,35578
3,1720,1719,1791068096981031,1791068096983506,2475,0,19,16306,16306,16306,12270,12028,35345
3,1721,1720,1791068097031031,1791068097033688,2657,0,0,16101,16101,16101,12142,11828,35215
3,1722,1721,1791068097081031,1791068097082954,1923,0,1,16356,16356,16356,12334,11681,35273
3,1723,1722,1791068097131031,1791068097133680,2649,0,2,16230,16230,16230,12089,11890,35329
3,1724,1723,1791068097181031,1791068097183393,2362,0,3,16336,16336,16336,12324,11630,34947
3,1725,1724,1791068097231031,1791068097233082,2051,0,4,16218,16218,16218,12123,11797,34971
3,1726,1725,1791068097281031,1791068097283624,2593,0,5,16254,16254,16254,12228,11723,34729
3,1727,1726,1791068097331031,1791068097332953,1922,0,6,16134,16134,16134,12191,12015,35024
3,1728,1727,1791068097381031,1791068097383626,2595,0,7,16267,16267,16267,12105,11907,34758
3,1729,1728,1791068097431031,1791068097433723,2692,0,8,16351,16351,16351,12223,11788,34645
3,1730,1729,1791068097481031,1791068097483847,2816,0,9,16169,16169,16169,12164,11505,34361
3,1731,1730,1791068097531031,1791068097533767,2736,0,10,16190,16190,16190,12154,11855,34797
3,1732,1731,1791068097581031,1791068097583574,2543,0,11,16241,16241,16241,12102,11913,34626
3,1733,1732,1791068097631031,1791068097633264,2233,0,12,16355,16355,16355,12366,12041,35181
3,1734,1733,1791068097681031,1791068097683826,2795,0,13,16206,16206,16206,12105,12012,34746
3,1735,1734,1791068097731031,1791068097733395,2364,0,14,16266,16266,16266,12263,12089,35139
3,1736,1735,1791068097781031,1791068097782834,1803,0,15,16226,16226,16226,12088,11881,34197
3,1737,1736,1791068097831031,1791068097832973,1942,0,16,16332,16332,16332,12239,12172,35177
3,1738,1737,1791068097881031,1791068097882972,1941,0,17,16104,16104,16104,11998,11397,33771
3,1739,1738,1791068097931031,1791068097932947,1916,0,18,16358,16358,16358,12335,12054,35302
3,1740,1739,1791068097981031,1791068097982872,1841,0,19,16306,16306,16306,12282,11952,34971
3,1741,1740,1791068098031031,1791068098033408,2377,0,0,16101,16101,16101,12090,11977,34812
3,1742,1741,1791068098081031,1791068098083373,2342,0,1,16356,16356,16356,12337,12090,35026
3,1743,1742,1791068098131031,1791068098133793,2762,0,2,16230,16230,16230,12142,11770,34520
3,1744,1743,1791068098181031,1791068098183639,2608,0,3,16336,16336,16336,12345,12345,35362
3,1745,1744,1791068098231031,1791068098233619,2588,0,4,16218,16218,16218,12158,12097,34652
3,1746,1745,1791068098281031,1791068098283078,2047,0,5,16254,16254,16254,12226,11778,34516
3,1747,1746,1791068098331031,1791068098333727,2696,0,6,16134,16134,16134,12094,11548,34367
3,1748,1747,1791068098381031,1791068098383774,2743,0,7,16267,16267,16267,12309,11646,34948
3,1749,1748,1791068098431031,1791068098433652,2621,0,8,16351,16351,16351,12227,11710,34891
3,1750,1749,1791068098481031,1791068098482991,1960,0,9,16169,16169,16169,12211,12036,35053
3,1751,1750,1791068098531031,1791068098533082,2051,0,10,16190,16190,16190,12179,12170,34863
3,1752,1751,1791068098581031,1791068098583515,2484,0,11,16241,16241,16241,12118,11942,34388
3,1753,1752,1791068098631031,1791068098633784,2753,0,12,16355,16355,16355,12199,11685,34456
3,1754,1753,1791068098681031,1791068098683432,2401,0,13,16206,16206,16206,12179,11840,34745
3,1755,1754,1791068098731031,1791068098733888,2857,0,14,16266,16266,16266,12260,11463,34204
3,1756,1755,1791068098781031,1791068098783668,2637,0,15,16226,16226,16226,12118,11895,34851
3,1757,1756,1791068098831031,1791068098833558,2527,0,16,16332,16332,16332,12304,11815,34515
3,1758,1757,1791068098881031,1791068098883843,2812,0,17,16104,16104,16104,12000,11939,34234
3,1759,1758,1791068098931031,1791068098933790,2759,0,18,16358,16358,16358,12256,11668,34561
3,1760,1759,1791068098981031,1791068098983552,2521,0,19,16306,16306,16306,12316,12011,35452
3,1761,1760,1791068099031031,1791068099033570,2539,0,0,16101,16101,16101,12154,11717,34562
3,1762,1761,1791068099081031,1791068099083460,2429,0,1,16356,16356,16356,12309,12135,35210
3,1763,1762,1791068099131031,1791068099133436,2405,0,2,16230,16230,16230,12162,11853,34687
3,1764,1763,1791068099181031,1791068099183836,2805,0,3,16336,16336,16336,12267,12102,35441
3,1765,1764,1791068099231031,1791068099233879,2848,0,4,16218,16218,16218,12103,11818,34682
3,1766,1765,1791068099281031,1791068099283601,2570,0,5,16254,16254,16254,12175,12006,35027
3,1767,1766,1791068099331031,1791068099333830,2799,0,6,16134,16134,16134,11985,11463,33837
3,1768,1767,1791068099381031,1791068099383189,2158,0,7,16267,16267,16267,12260,12250,35608
3,1769,1768,1791068099431031,1791068099433214,2183,0,8,16351,16351,16351,12332,12117,35628
3,1770,1769,1791068099481031,1791068099483807,2776,0,9,16169,16169,16169,12132,11553,34421
3,1771,1770,1791068099531031,1791068099533141,2110,0,10,16190,16190,16190,12198,11804,35058
3,1772,1771,1791068099581031,1791068099583501,2470,0,11,16241,16241,16241,12208,11646,34544
3,1773,1772,1791068099631031,1791068099633724,2693,0,12,16355,16355,16355,12257,11980,35033
3,1774,1773,1791068099681031,1791068099683199,2168,0,13,16206,16206,16206,12181,11617,34658
3,1775,1774,1791068099731031,1791068099733241,2210,0,14,16266,16266,16266,12128,11981,34759
3,1776,1775,1791068099781031,1791068099783518,2487,0,15,16226,16226,16226,12128,11960,34659
3,1777,1776,1791068099831031,1791068099833691,2660,0,16,16332,16332,16332,12269,11996,35273
3,1778,1777,1791068099881031,1791068099883364,2333,0,17,16104,16104,16104,12052,11792,34689
3,1779,1778,1791068099931031,1791068099933798,2767,0,18,16358,16358,16358,12235,11967,35330
3,1780,1779,1791068099981031,1791068099983880,2849,0,19,16306,16306,16306,12203,11662,34838
3,1781,1780,1791068100031031,1791068100033114,2083,0,0,16101,16101,16101,12103,11627,34417
3,1782,1781,1791068100081031,1791068100083716,2685,0,1,16356,16356,16356,12340,12320,35492
3,1783,1782,1791068100131031,1791068100133558,2527,0,2,16230,16230,16230,12204,11904,34904
3,1784,1783,1791068100181031,1791068100184360,3329,0,3,16336,16336,16336,12282,11860,35048
3,1785,1784,1791068100231031,1791068100233181,2150,0,4,16218,16218,16218,12166,12117,35198
3,1786,1785,1791068100281031,1791068100283734,2703,0,5,16254,16254,16254,12268,12130,35417
3,1787,1786,1791068100331031,1791068100333346,2315,0,6,16134,16134,16134,12161,11994,34837
3,1788,1787,1791068100381031,1791068100383700,2669,0,7,16267,16267,16267,12145,11660,34809
3,1789,1788,1791068100431031,1791068100433500,2469,0,8,16351,16351,16351,12291,11592,35045
3,1790,1789,1791068100481031,1791068100483394,2363,0,9,16169,16169,16169,12142,11674,35076
3,1791,1790,1791068100531031,1791068100533655,2624,0,10,16190,16190,16190,12169,11986,35520
3,1792,1791,1791068100581031,1791068100583744,2713,0,11,16241,16241,16241,12159,11387,34731
3,1793,1792,1791068100631031,1791068100633644,2613,0,12,16355,16355,16355,12345,11939,36043
3,1794,1793,1791068100681031,1791068100683265,2234,0,13,16206,16206,16206,12194,11610,34865
3,1795,1794,1791068100731031,1791068100733066,2035,0,14,16266,16266,16266,12253,12133,35661
3,1796,1795,1791068100781031,1791068100783454,2423,0,15,16226,16226,16226,12160,11857,35048
3,1797,1796,1791068100831031,1791068100833168,2137,0,16,16332,16332,16332,12198,12036,35437
3,1798,1797,1791068100881031,1791068100883083,2052,0,17,16104,16104,16104,11966,11239,34014
3,1799,1798,1791068100931031,1791068100933250,2219,0,18,16358,16358,16358,12242,11797,35535
3,1800,1799,1791068100981031,1791068100983345,2314,0,19,16306,16306,16306,12304,11910,35578
3,1801,1800,1791068101031031,1791068101033778,2747,0,0,16101,16101,16101,12175,11878,35132
3,1802,1801,1791068101081031,1791068101082938,1907,0,1,16356,16356,16356,12318,11905,35322
3,1803,1802,1791068101131031,1791068101133652,2621,0,2,16230,16230,16230,12176,12088,35557
3,1804,1803,1791068101181031,1791068101183696,2665,0,3,16336,16336,16336,12282,12273,35703
3,1805,1804,1791068101231031,1791068101232973,1942,0,4,16218,16218,16218,12208,12059,35426
3,1806,1805,1791068101281031,1791068101282979,1948,0,5,16254,16254,16254,12182,11909,35188
3,1807,1806,1791068101331031,1791068101333336,2305,0,6,16134,16134,16134,12091,11875,34906
3,1808,1807,1791068101381031,1791068101383231,2200,0,7,16267,16267,16267,12182,12022,35358
3,1809,1808,1791068101431031,1791068101433103,2072,0,8,16351,16351,16351,12265,12022,35528
3,1810,1809,1791068101481031,1791068101483338,2307,0,9,16169,16169,16169,12166,12085,35734
3,1811,1810,1791068101531031,1791068101533745,2714,0,10,16190,16190,16190,12121,11664,34925
3,1812,1811,1791068101581031,1791068101583550,2519,0,11,16241,16241,16241,12089,11788,35120
3,1813,1812,1791068101631031,1791068101633231,2200,0,12,16355,16355,16355,12215,11663,34919
3,1814,1813,1791068101681031,1791068101683748,2717,0,13,16206,16206,16206,12127,11713,35039
3,1815,1814,1791068101731031,1791068101733311,2280,0,14,16266,16266,16266,12167,11673,35213
3,1816,1815,1791068101781031,1791068101783528,2497,0,15,16226,16226,16226,12122,11726,35221
3,1817,1816,1791068101831031,1791068101833245,2214,0,16,16332,16332,16332,12131,11620,35110
3,1818,1817,1791068101881031,1791068101882990,1959,0,17,16104,16104,16104,12129,11926,35707
3,1819,1818,1791068101931031,1791068101933507,2476,0,18,16358,16358,16358,12242,11543,35568
3,1820,1819,1791068101981031,1791068101983487,2456,0,19,16306,16306,16306,12314,11787,36674
3,1821,1820,1791068102031031,1791068102033358,2327,0,0,16101,16101,16101,12030,10997,34765
3,1822,1821,1791068102081031,1791068102083815,2784,0,1,16356,16356,16356,12235,11852,36814
3,1823,1822,1791068102131031,1791068102133263,2232,0,2,16230,16230,16230,12087,11833,35679
3,1824,1823,1791068102181031,1791068102183733,2702,0,3,16336,16336,16336,12240,11592,35991
3,1825,1824,1791068102231031,1791068102232908,1877,0,4,16218,16218,16218,12227,11581,36395
3,1826,1825,1791068102281031,1791068102283077,2046,0,5,16254,16254,16254,12217,12125,36997
3,1827,1826,1791068102331031,1791068102333606,2575,0,6,16134,16134,16134,12217,11951,36359
3,1828,1827,1791068102381031,1791068102383671,2640,0,7,16267,16267,16267,12210,11663,35955
3,1829,1828,1791068102431031,1791068102433090,2059,0,8,16351,16351,16351,12261,12087,36351
3,1830,1829,1791068102481031,1791068102483090,2059,0,9,16169,16169,16169,12100,11706,35459
3,1831,1830,1791068102531031,1791068102533593,2562,0,10,16190,16190,16190,12209,11932,36229
3,1832,1831,1791068102581031,1791068102583510,2479,0,11,16241,16241,16241,12172,12077,36057
3,1833,1832,1791068102631031,1791068102633060,2029,0,12,16355,16355,16355,12362,12056,36124
3,1834,1833,1791068102681031,1791068102683717,2686,0,13,16206,16206,16206,12084,11920,35335
3,1835,1834,1791068102731031,1791068102733637,2606,0,14,16266,16266,16266,12239,12131,35921
3,1836,1835,1791068102781031,1791068102782883,1852,0,15,16226,16226,16226,12095,11681,35047
3,1837,1836,1791068102831031,1791068102833859,2828,0,16,16332,16332,16332,12196,11508,35342
3,1838,1837,1791068102881031,1791068102883699,2668,0,17,16104,16104,16104,11947,11153,34539
3,1839,1838,1791068102931031,1791068102954757,23726,0,18,16358,16358,16358,12196,11682,35706
3,1840,1839,1791068102981031,1791068102996975,15944,0,19,16306,16306,16306,12285,11589,35438
3,1841,1840,1791068103031031,1791068103044602,13571,0,0,16101,16101,16101,12079,11950,35608
3,1842,1841,1791068103081031,1791068103087674,6643,0,1,16356,16356,16356,12337,12275,36379
3,1843,1842,1791068103131031,1791068103133629,2598,0,2,16230,16230,16230,12155,12050,35652
3,1844,1843,1791068103181031,1791068103183709,2678,0,3,16336,16336,16336,12332,11726,35871
3,1845,1844,1791068103231031,1791068103236671,5640,0,4,16218,16218,16218,12201,11724,35600
3,1846,1845,1791068103281031,1791068103284870,3839,0,5,16254,16254,16254,12159,12027,35747
3,1847,1846,1791068103331031,1791068103333441,2410,0,6,16134,16134,16134,12121,11232,34859
3,1848,1847,1791068103381031,1791068103383583,2552,0,7,16267,16267,16267,12224,11987,36257
3,1849,1848,1791068103431031,1791068103433244,2213,0,8,16351,16351,16351,12294,11758,35853
3,1850,1849,1791068103481031,1791068103482841,1810,0,9,16169,16169,16169,12206,12163,36314
3,1851,1850,1791068103531031,1791068103533145,2114,0,10,16190,16190,16190,12208,12117,35899
3,1852,1851,1791068103581031,1791068103583754,2723,0,11,16241,16241,16241,12107,12015,35784
3,1853,1852,1791068103631031,1791068103633692,2661,0,12,16355,16355,16355,12355,12174,36680
3,1854,1853,1791068103681031,1791068103683618,2587,0,13,16206,16206,16206,12266,11724,36042
3,1855,1854,1791068103731031,1791068103732833,1802,0,14,16266,16266,16266,12051,11561,35970
3,1856,1855,1791068103781031,1791068103782910,1879,0,15,16226,16226,16226,12158,11577,35949
3,1857,1856,1791068103831031,1791068103833332,2301,0,16,16332,16332,16332,12291,12233,37247
3,1858,1857,1791068103881031,1791068103882991,1960,0,17,16104,16104,16104,12028,11491,35393
3,1859,1858,1791068103931031,1791068103933866,2835,0,18,16358,16358,16358,12318,11653,36430
3,1860,1859,1791068103981031,1791068103983705,2674,0,19,16306,16306,16306,12367,11820,36943
3,1861,1860,1791068104031031,1791068104033431,2400,0,0,16101,16101,16101,12124,11582,36330
3,1862,1861,1791068104081031,1791068104083799,2768,0,1,16356,16356,16356,12300,11999,36661
3,1863,1862,1791068104131031,1791068104132904,1873,0,2,16230,16230,16230,12143,11818,35858
3,1864,1863,1791068104181031,1791068104183563,2532,0,3,16336,16336,16336,12210,11762,36354
3,1865,1864,1791068104231031,1791068104233437,2406,0,4,16218,16218,16218,12092,11851,35861
3,1866,1865,1791068104281031,1791068104283217,2186,0,5,16254,16254,16254,12247,11612,35867
3,1867,1866,1791068104331031,1791068104333326,2295,0,6,16134,16134,16134,12197,11783,36251
3,1868,1867,1791068104381031,1791068104383377,2346,0,7,16267,16267,16267,12222,11879,36083
3,1869,1868,1791068104431031,1791068104433526,2495,0,8,16351,16351,16351,12237,12227,36223
3,1870,1869,1791068104481031,1791068104483794,2763,0,9,16169,16169,16169,12117,11483,35420
3,1871,1870,1791068104531031,1791068104533769,2738,0,10,16190,16190,16190,12167,11673,35873
3,1872,1871,1791068104581031,1791068104583544,2513,0,11,16241,16241,16241,12238,12165,36542
3,1873,1872,1791068104631031,1791068104633144,2113,0,12,16355,16355,16355,12266,12018,36647
3,1874,1873,1791068104681031,1791068104683471,2440,0,13,16206,16206,16206,12201,11961,36070
3,1875,1874,1791068104731031,1791068104733645,2614,0,14,16266,16266,16266,12272,11971,36567
3,1876,1875,1791068104781031,1791068104783534,2503,0,15,16226,16226,16226,12231,11968,35989
3,1877,1876,1791068104831031,1791068104833876,2845,0,16,16332,16332,16332,12322,12047,36239
3,1878,1877,1791068104881031,1791068104883454,2423,0,17,16104,16104,16104,12164,11656,35472
3,1879,1878,1791068104931031,1791068104933324,2293,0,18,16358,16358,16358,12312,11870,35839
3,1880,1879,1791068104981031,1791068104983457,2426,0,19,16306,16306,16306,12240,12176,35958
3,1881,1880,1791068105031031,1791068105033280,2249,0,0,16101,16101,16101,12038,11906,35110
3,1882,1881,1791068105081031,1791068105083122,2091,0,1,16356,16356,16356,12206,11859,35580
3,1883,1882,1791068105131031,1791068105133599,2568,0,2,16230,16230,16230,12264,11786,35527
3,1884,1883,1791068105181031,1791068105182934,1903,0,3,16336,16336,16336,12266,11700,35421
3,1885,1884,1791068105231031,1791068105233507,2476,0,4,16218,16218,16218,12176,11932,35725
3,1886,1885,1791068105281031,1791068105283269,2238,0,5,16254,16254,16254,12267,11906,35756
3,1887,1886,1791068105331031,1791068105332884,1853,0,6,16134,16134,16134,12180,12142,35328
3,1888,1887,1791068105381031,1791068105383566,2535,0,7,16267,16267,16267,12166,11885,35376
3,1889,1888,1791068105431031,1791068105433295,2264,0,8,16351,16351,16351,12257,11592,35124
3,1890,1889,1791068105481031,1791068105483045,2014,0,9,16169,16169,16169,12197,11976,35825
3,1891,1890,1791068105531031,1791068105533543,2512,0,10,16190,16190,16190,12162,11804,35317
3,1892,1891,1791068105581031,1791068105583745,2714,0,11,16241,16241,16241,12243,11983,35617
3,1893,1892,1791068105631031,1791068105633683,2652,0,12,16355,16355,16355,12278,11640,34911
3,1894,1893,1791068105681031,1791068105683120,2089,0,13,16206,16206,16206,12181,12005,35512
3,1895,1894,1791068105731031,1791068105733551,2520,0,14,16266,16266,16266,12219,11827,35004
3,1896,1895,1791068105781031,1791068105783569,2538,0,15,16226,16226,16226,12108,11790,34826
3,1897,1896,1791068105831031,1791068105833713,2682,0,16,16332,16332,16332,12262,12197,35659
3,1898,1897,1791068105881031,1791068105883856,2825,0,17,16104,16104,16104,12123,11769,34653
3,1899,1898,1791068105931031,1791068105933509,2478,0,18,16358,16358,16358,12283,11956,35398
3,1900,1899,1791068105981031,1791068105983166,2135,0,19,16306,16306,16306,12307,12037,35257
3,1901,1900,1791068106031031,1791068106033474,2443,0,0,16101,16101,16101,12064,11961,34598
3,1902,1901,1791068106081031,1791068106083736,2705,0,1,16356,16356,16356,12228,11822,35105
3,1903,1902,1791068106131031,1791068106132997,1966,0,2,16230,16230,16230,12150,11693,34670
3,1904,1903,1791068106181031,1791068106183526,2495,0,3,16336,16336,16336,12246,12152,35204
3,1905,1904,1791068106231031,1791068106233377,2346,0,4,16218,16218,16218,12152,12126,34869
3,1906,1905,1791068106281031,1791068106283115,2084,0,5,16254,16254,16254,12182,11752,34695
3,1907,1906,1791068106331031,1791068106333333,2302,0,6,16134,16134,16134,12064,11234,33779
3,1908,1907,1791068106381031,1791068106383255,2224,0,7,16267,16267,16267,12134,11867,35354
3,1909,1908,1791068106431031,1791068106433432,2401,0,8,16351,16351,16351,12260,12059,35408
3,1910,1909,1791068106481031,1791068106483675,2644,0,9,16169,16169,16169,12119,11951,34970
3,1911,1910,1791068106531031,1791068106533855,2824,0,10,16190,16190,16190,12158,11827,34710
3,1912,1911,1791068106581031,1791068106583750,2719,0,11,16241,16241,16241,12198,11702,34805
3,1913,1912,1791068106631031,1791068106633477,2446,0,12,16355,16355,16355,12234,11859,35351
3,1914,1913,1791068106681031,1791068106683573,2542,0,13,16206,16206,16206,12234,12220,35278
3,1915,1914,1791068106731031,1791068106732935,1904,0,14,16266,16266,16266,12220,11847,34812
3,1916,1915,1791068106781031,1791068106783733,2702,0,15,16226,16226,16226,12195,12095,35139
3,1917,1916,1791068106831031,1791068106832908,1877,0,16,16332,16332,16332,12230,12040,34842
3,1918,1917,1791068106881031,1791068106883075,2044,0,17,16104,16104,16104,12113,11663,34385
3,1919,1918,1791068106931031,1791068106933485,2454,0,18,16358,16358,16358,12322,11584,34777
3,1920,1919,1791068106981031,1791068106983505,2474,0,19,16306,16306,16306,12219,12097,35332
3,1921,1920,1791068107031031,1791068107033206,2175,0,0,16101,16101,16101,12132,11920,34618
3,1922,1921,1791068107081031,1791068107083752,2721,0,1,16356,16356,16356,12391,12088,35212
3,1923,1922,1791068107131031,1791068107133550,2519,0,2,16230,16230,16230,12238,12058,35077
3,1924,1923,1791068107181031,1791068107183772,2741,0,3,16336,16336,16336,12287,12250,35211
3,1925,1924,1791068107231031,1791068107233428,2397,0,4,16218,16218,16218,12181,11790,34424
3,1926,1925,1791068107281031,1791068107283695,2664,0,5,16254,16254,16254,12202,12011,34995
3,1927,1926,1791068107331031,1791068107332914,1883,0,6,16134,16134,16134,12217,12063,34871
3,1928,1927,1791068107381031,1791068107382972,1941,0,7,16267,16267,16267,12200,11746,34412
3,1929,1928,1791068107431031,1791068107433052,2021,0,8,16351,16351,16351,12230,12073,35037
3,1930,1929,1791068107481031,1791068107483118,2087,0,9,16169,16169,16169,12178,11840,34513
3,1931,1930,1791068107531031,1791068107532963,1932,0,10,16190,16190,16190,12089,11798,34234
3,1932,1931,1791068107581031,1791068107583641,2610,0,11,16241,16241,16241,12163,11898,34598
3,1933,1932,1791068107631031,1791068107635235,4204,0,12,16355,16355,16355,12394,12149,35195
3,1934,1933,1791068107681031,1791068107683318,2287,0,13,16206,16206,16206,12166,11809,34392
3,1935,1934,1791068107731031,1791068107733559,2528,0,14,16266,16266,16266,12232,12151,34938
3,1936,1935,1791068107781031,1791068107783846,2815,0,15,16226,16226,16226,12082,11469,33935
3,1937,1936,1791068107831031,1791068107833527,2496,0,16,16332,16332,16332,12287,12099,35222
3,1938,1937,1791068107881031,1791068107883777,2746,0,17,16104,16104,16104,12141,11888,34587
3,1939,1938,1791068107931031,1791068107932868,1837,0,18,16358,16358,16358,12282,12099,34957
3,1940,1939,1791068107981031,1791068107983564,2533,0,19,16306,16306,16306,12285,12023,34957
3,1941,1940,1791068108031031,1791068108032985,1954,0,0,16101,16101,16101,12008,11504,33834
3,1942,1941,1791068108081031,1791068108083544,2513,0,1,16356,16356,16356,12377,12287,35519
3,1943,1942,1791068108131031,1791068108133098,2067,0,2,16230,16230,16230,12163,12043,34802
3,1944,1943,1791068108181031,1791068108183630,2599,0,3,16336,16336,16336,12340,12051,34909
3,1945,1944,1791068108231031,1791068108233880,2849,0,4,16218,16218,16218,12064,11733,34510
3,1946,1945,1791068108281031,1791068108283706,2675,0,5,16254,16254,16254,12298,11891,34886
3,1947,1946,1791068108331031,1791068108332996,1965,0,6,16134,16134,16134,12116,11849,34413
3,1948,1947,1791068108381031,1791068108383349,2318,0,7,16267,16267,16267,12360,12182,35394
3,1949,1948,1791068108431031,1791068108433692,2661,0,8,16351,16351,16351,12331,11881,34667
3,1950,1949,1791068108481031,1791068108483681,2650,0,9,16169,16169,16169,12208,11611,34329
3,1951,1950,1791068108531031,1791068108533537,2506,0,10,16190,16190,16190,12137,11816,34694
3,1952,1951,1791068108581031,1791068108583072,2041,0,11,16241,16241,16241,12106,11637,34035
3,1953,1952,1791068108631031,1791068108633467,2436,0,12,16355,16355,16355,12356,12079,35104
3,1954,1953,1791068108681031,1791068108683644,2613,0,13,16206,16206,16206,12097,11797,34208
3,1955,1954,1791068108731031,1791068108733880,2849,0,14,16266,16266,16266,12212,11990,34928
3,1956,1955,1791068108781031,1791068108783642,2611,0,15,16226,16226,16226,12100,11976,34485
3,1957,1956,1791068108831031,1791068108833539,2508,0,16,16332,16332,16332,12231,11323,33939
3,1958,1957,1791068108881031,1791068108883013,1982,0,17,16104,16104,16104,12100,11755,34958
3,1959,1958,1791068108931031,1791068108933854,2823,0,18,16358,16358,16358,12212,11739,34333
3,1960,1959,1791068108981031,1791068108983599,2568,0,19,16306,16306,16306,12234,12051,34962
3,1961,1960,1791068109031031,1791068109033099,2068,0,0,16101,16101,16101,12015,11880,34029
3,1962,1961,1791068109081031,1791068109082952,1921,0,1,16356,16356,16356,12251,12173,34847
3,1963,1962,1791068109131031,1791068109133711,2680,0,2,16230,16230,16230,12177,11759,34296
3,1964,1963,1791068109181031,1791068109183602,2571,0,3,16336,16336,16336,12189,11673,34356
3,1965,1964,1791068109231031,1791068109233107,2076,0,4,16218,16218,16218,12186,12085,34801
3,1966,1965,1791068109281031,1791068109283850,2819,0,5,16254,16254,16254,12142,11949,34567
3,1967,1966,1791068109331031,1791068109333772,2741,0,6,16134,16134,16134,12174,11664,34338
3,1968,1967,1791068109381031,1791068109383416,2385,0,7,16267,16267,16267,12326,12158,35367
3,1969,1968,1791068109431031,1791068109433045,2014,0,8,16351,16351,16351,12278,11710,34440
3,1970,1969,1791068109481031,1791068109484151,3120,0,9,16169,16169,16169,12132,11866,34639
3,1971,1970,1791068109531031,1791068109533834,2803,0,10,16190,16190,16190,12151,11691,34369
3,1972,1971,1791068109581031,1791068109583610,2579,0,11,16241,16241,16241,12222,11799,34771
3,1973,1972,1791068109631031,1791068109633422,2391,0,12,16355,16355,16355,12188,12187,34690
3,1974,1973,1791068109681031,1791068109683816,2785,0,13,16206,16206,16206,12161,12132,34617
3,1975,1974,1791068109731031,1791068109733456,2425,0,14,16266,16266,16266,12213,11954,34721
3,1976,1975,1791068109781031,1791068109783352,2321,0,15,16226,16226,16226,12161,11591,34319
3,1977,1976,1791068109831031,1791068109833734,2703,0,16,16332,16332,16332,12279,11960,35094
3,1978,1977,1791068109881031,1791068109883505,2474,0,17,16104,16104,16104,12161,12016,34674
3,1979,1978,1791068109931031,1791068109932862,1831,0,18,16358,16358,16358,12244,11897,34734
3,1980,1979,1791068109981031,1791068109983710,2679,0,19,16306,16306,16306,12290,12093,35125
3,1981,1980,1791068110031031,1791068110032891,1860,0,0,16101,16101,16101,12072,11734,34314
3,1982,1981,1791068110081031,1791068110083518,2487,0,1,16356,16356,16356,12307,12021,34865
3,1983,1982,1791068110131031,1791068110133417,2386,0,2,16230,16230,16230,12225,11581,34330
3,1984,1983,1791068110181031,1791068110183190,2159,0,3,16336,16336,16336,12232,12144,35239
3,1985,1984,1791068110231031,1791068110233239,2208,0,4,16218,16218,16218,12235,12210,34844
3,1986,1985,1791068110281031,1791068110283132,2101,0,5,16254,16254,16254,12231,12078,34722
3,1987,1986,1791068110331031,1791068110333461,2430,0,6,16134,16134,16134,12130,12004,34302
3,1988,1987,1791068110381031,1791068110383019,1988,0,7,16267,16267,16267,12258,11653,34518
3,1989,1988,1791068110431031,1791068110433419,2388,0,8,16351,16351,16351,12240,12020,35095
3,1990,1989,1791068110481031,1791068110482944,1913,0,9,16169,16169,16169,11968,11809,34213
3,1991,1990,1791068110531031,1791068110533283,2252,0,10,16190,16190,16190,12091,11534,34044
3,1992,1991,1791068110581031,1791068110583528,2497,0,11,16241,16241,16241,12149,11907,34707
3,1993,1992,1791068110631031,1791068110633313,2282,0,12,16355,16355,16355,12216,11843,34530
3,1994,1993,1791068110681031,1791068110683706,2675,0,13,16206,16206,16206,12091,11867,34483
3,1995,1994,1791068110731031,1791068110733046,2015,0,14,16266,16266,16266,12152,12134,34605
3,1996,1995,1791068110781031,1791068110783641,2610,0,15,16226,16226,16226,12195,11950,34753
3,1997,1996,1791068110831031,1791068110833349,2318,0,16,16332,16332,16332,12252,11682,34337
3,1998,1997,1791068110881031,1791068110883605,2574,0,17,16104,16104,16104,12104,11643,34309
3,1999,1998,1791068110931031,1791068110933156,2125,0,18,16358,16358,16358,12203,11934,34652
3,2000,1999,1791068110981031,1791068110983571,2540,0,19,16306,16306,16306,12293,12028,34875
3,2001,2000,1791068111031031,1791068111033176,2145,0,0,16101,16101,16101,12180,12034,34676
3,2002,2001,1791068111081031,1791068111083417,2386,0,1,16356,16356,16356,12326,11696,34530
3,2003,2002,1791068111131031,1791068111133846,2815,0,2,16230,16230,16230,12210,12031,35203
3,2004,2003,1791068111181031,1791068111183566,2535,0,3,16336,16336,16336,12255,12039,34742
3,2005,2004,1791068111231031,1791068111233189,2158,0,4,16218,16218,16218,12089,11984,34688
3,2006,2005,1791068111281031,1791068111283300,2269,0,5,16254,16254,16254,12189,11852,34710
3,2007,2006,1791068111331031,1791068111333520,2489,0,6,16134,16134,16134,12022,11992,34344
3,2008,2007,1791068111381031,1791068111383266,2235,0,7,16267,16267,16267,12136,11762,34336
3,2009,2008,1791068111431031,1791068111433543,2512,0,8,16351,16351,16351,12302,12168,35345
3,2010,2009,1791068111481031,1791068111483733,2702,0,9,16169,16169,16169,12155,11946,34541
3,2011,2010,1791068111531031,1791068111533788,2757,0,10,16190,16190,16190,12105,11136,33522
3,2012,2011,1791068111581031,1791068111583547,2516,0,11,16241,16241,16241,12235,11449,35375
3,2013,2012,1791068111631031,1791068111633260,2229,0,12,16355,16355,16355,12281,11901,35490
3,2014,2013,1791068111681031,1791068111683544,2513,0,13,16206,16206,16206,12182,12004,34903
3,2015,2014,1791068111731031,1791068111733754,2723,0,14,16266,16266,16266,12300,11720,34734
3,2016,2015,1791068111781031,1791068111783827,2796,0,15,16226,16226,16226,12234,12146,35248
3,2017,2016,1791068111831031,1791068111833283,2252,0,16,16332,16332,16332,12242,11949,34637
3,2018,2017,1791068111881031,1791068111883193,2162,0,17,16104,16104,16104,12063,12052,34435
3,2019,2018,1791068111931031,1791068111933669,2638,0,18,16358,16358,16358,12317,12122,35122
3,2020,2019,1791068111981031,1791068111983569,2538,0,19,16306,16306,16306,12242,12222,34895
3,2021,2020,1791068112031031,1791068112033581,2550,0,0,16101,16101,16101,12140,11883,34506
3,2022,2021,1791068112081031,1791068112083530,2499,0,1,16356,16356,16356,12237,12061,35149
3,2023,2022,1791068112131031,1791068112133463,2432,0,2,16230,16230,16230,12154,12059,34607
3,2024,2023,1791068112181031,1791068112183727,2696,0,3,16336,16336,16336,12302,12093,34884
3,2025,2024,1791068112231031,1791068112233306,2275,0,4,16218,16218,16218,12125,11702,34579
3,2026,2025,1791068112281031,1791068112282977,1946,0,5,16254,16254,16254,12193,11978,34852
3,2027,2026,1791068112331031,1791068112333060,2029,0,6,16134,16134,16134,12089,11999,34497
3,2028,2027,1791068112381031,1791068112383596,2565,0,7,16267,16267,16267,12185,11840,34722
3,2029,2028,1791068112431031,1791068112433361,2330,0,8,16351,16351,16351,12294,11727,34919
3,2030,2029,1791068112481031,1791068112483245,2214,0,9,16169,16169,16169,12163,11897,34875
3,2031,2030,1791068112531031,1791068112533373,2342,0,10,16190,16190,16190,12116,11765,34708
3,2032,2031,1791068112581031,1791068112582941,1910,0,11,16241,16241,16241,12230,12100,35270
3,2033,2032,1791068112631031,1791068112633727,2696,0,12,16355,16355,16355,12245,12083,35112
3,2034,2033,1791068112681031,1791068112683854,2823,0,13,16206,16206,16206,12146,11821,34773
3,2035,2034,1791068112731031,1791068112732972,1941,0,14,16266,16266,16266,12215,12065,34799
3,2036,2035,1791068112781031,1791068112783430,2399,0,15,16226,16226,16226,12178,11577,34073
3,2037,2036,1791068112831031,1791068112832900,1869,0,16,16332,16332,16332,12260,12081,35330
3,2038,2037,1791068112881031,1791068112882816,1785,0,17,16104,16104,16104,12099,11772,34465
3,2039,2038,1791068112931031,1791068112933650,2619,0,18,16358,16358,16358,12223,11895,34771
3,2040,2039,1791068112981031,1791068112983317,2286,0,19,16306,16306,16306,12213,12211,35065
3,2041,2040,1791068113031031,1791068113033869,2838,0,0,16101,16101,16101,12143,11624,34496
3,2042,2041,1791068113081031,1791068113082839,1808,0,1,16356,16356,16356,12306,11822,34668
3,2043,2042,1791068113131031,1791068113133567,2536,0,2,16230,16230,16230,12239,11438,34317
3,2044,2043,1791068113181031,1791068113182874,1843,0,3,16336,16336,16336,12253,11804,35032
3,2045,2044,1791068113231031,1791068113233090,2059,0,4,16218,16218,16218,12194,11964,35183
3,2046,2045,1791068113281031,1791068113283701,2670,0,5,16254,16254,16254,12240,11871,34742
3,2047,2046,1791068113331031,1791068113332909,1878,0,6,16134,16134,16134,12033,11472,34147
3,2048,2047,1791068113381031,1791068113383587,2556,0,7,16267,16267,16267,12327,12221,35522
3,2049,2048,1791068113431031,1791068113433430,2399,0,8,16351,16351,16351,12240,11645,34329
3,2050,2049,1791068113481031,1791068113482946,1915,0,9,16169,16169,16169,12258,12100,35309
3,2051,2050,1791068113531031,1791068113533466,2435,0,10,16190,16190,16190,12079,11703,34111
3,2052,2051,1791068113581031,1791068113583165,2134,0,11,16241,16241,16241,12200,12160,34969
3,2053,2052,1791068113631031,1791068113632916,1885,0,12,16355,16355,16355,12234,12057,34848
3,2054,2053,1791068113681031,1791068113683172,2141,0,13,16206,16206,16206,12158,11913,34355
3,2055,2054,1791068113731031,1791068113733504,2473,0,14,16266,16266,16266,12182,11852,34468
3,2056,2055,1791068113781031,1791068113783557,2526,0,15,16226,16226,16226,12140,11836,34644
3,2057,2056,1791068113831031,1791068113833125,2094,0,16,16332,16332,16332,12210,11789,34717
3,2058,2057,1791068113881031,1791068113883070,2039,0,17,16104,16104,16104,12124,11912,34506
3,2059,2058,1791068113931031,1791068113933294,2263,0,18,16358,16358,16358,12234,11538,34228
3,2060,2059,1791068113981031,1791068113983637,2606,0,19,16306,16306,16306,12270,12173,35297
3,2061,2060,1791068114031031,1791068114033249,2218,0,0,16101,16101,16101,12136,11744,34521
3,2062,2061,1791068114081031,1791068114083613,2582,0,1,16356,16356,16356,12259,11787,34851
3,2063,2062,1791068114131031,1791068114133596,2565,0,2,16230,16230,16230,12152,11727,34538
3,2064,2063,1791068114181031,1791068114183559,2528,0,3,16336,16336,16336,12204,12198,35150
3,2065,2064,1791068114231031,1791068114232907,1876,0,4,16218,16218,16218,12177,11935,34748
3,2066,2065,1791068114281031,1791068114283330,2299,0,5,16254,16254,16254,12178,11855,34572
3,2067,2066,1791068114331031,1791068114333251,2220,0,6,16134,16134,16134,12040,11674,34140
3,2068,2067,1791068114381031,1791068114383799,2768,0,7,16267,16267,16267,12156,11780,34528
3,2069,2068,1791068114431031,1791068114433421,2390,0,8,16351,16351,16351,12325,11938,35051
3,2070,2069,1791068114481031,1791068114483005,1974,0,9,16169,16169,16169,12136,11951,34497
3,2071,2070,1791068114531031,1791068114533285,2254,0,10,16190,16190,16190,12129,11953,34474
3,2072,2071,1791068114581031,1791068114583393,2362,0,11,16241,16241,16241,12272,11772,34676
3,2073,2072,1791068114631031,1791068114633907,2876,0,12,16355,16355,16355,12341,12272,35313
3,2074,2073,1791068114681031,1791068114682958,1927,0,13,16206,16206,16206,12143,11722,34365
3,2075,2074,1791068114731031,1791068114733741,2710,0,14,16266,16266,16266,12265,12197,35206
3,2076,2075,1791068114781031,1791068114782848,1817,0,15,16226,16226,16226,12254,12067,34987
3,2077,2076,1791068114831031,1791068114833119,2088,0,16,16332,16332,16332,12260,11502,34179
3,2078,2077,1791068114881031,1791068114883434,2403,0,17,16104,16104,16104,12062,11804,34842
3,2079,2078,1791068114931031,1791068114932929,1898,0,18,16358,16358,16358,12273,11812,34963
3,2080,2079,1791068114981031,1791068114983646,2615,0,19,16306,16306,16306,12243,12125,35003
3,2081,2080,1791068115031031,1791068115033335,2304,0,0,16101,16101,16101,12127,11689,34229
3,2082,2081,1791068115081031,1791068115083455,2424,0,1,16356,16356,16356,12287,12234,35217
3,2083,2082,1791068115131031,1791068115133013,1982,0,2,16230,16230,16230,12156,11940,34537
3,2084,2083,1791068115181031,1791068115183410,2379,0,3,16336,16336,16336,12151,12016,34491
3,2085,2084,1791068115231031,1791068115233466,2435,0,4,16218,16218,16218,12074,11802,34402
3,2086,2085,1791068115281031,1791068115283048,2017,0,5,16254,16254,16254,12157,12007,34607
3,2087,2086,1791068115331031,1791068115333096,2065,0,6,16134,16134,16134,12086,11852,34329
3,2088,2087,1791068115381031,1791068115383785,2754,0,7,16267,16267,16267,12255,11875,34689
3,2089,2088,1791068115431031,1791068115433077,2046,0,8,16351,16351,16351,12254,12112,34933
3,2090,2089,1791068115481031,1791068115483688,2657,0,9,16169,16169,16169,12116,12010,34482
3,2091,2090,1791068115531031,1791068115553006,21975,0,10,16190,16190,16190,12180,11464,33944
3,2092,2091,1791068115581031,1791068115598936,17905,0,11,16241,16241,16241,12137,11642,34715
3,2093,2092,1791068115631031,1791068115643382,12351,0,12,16355,16355,16355,12424,11943,35374
3,2094,2093,1791068115681031,1791068115689397,8366,0,13,16206,16206,16206,12258,12224,35356
3,2095,2094,1791068115731031,1791068115733795,2764,0,14,16266,16266,16266,12178,11828,34392
3,2096,2095,1791068115781031,1791068115783425,2394,0,15,16226,16226,16226,12258,12082,34918
3,2097,2096,1791068115831031,1791068115833442,2411,0,16,16332,16332,16332,12216,11693,34517
3,2098,2097,1791068115881031,1791068115883049,2018,0,17,16104,16104,16104,12129,11959,34693
3,2099,2098,1791068115931031,1791068115933450,2419,0,18,16358,16358,16358,12279,12040,34773
3,2100,2099,1791068115981031,1791068115983859,2828,0,19,16306,16306,16306,12298,12038,34804
3,2101,2100,1791068116031031,1791068116033322,2291,0,0,16101,16101,16101,12060,11765,34160
3,2102,2101,1791068116081031,1791068116083539,2508,0,1,16356,16356,16356,12308,12016,35138
3,2103,2102,1791068116131031,1791068116134272,3241,0,2,16230,16230,16230,12169,11955,34631
3,2104,2103,1791068116181031,1791068116183293,2262,0,3,16336,16336,16336,12263,12090,34776
3,2105,2104,1791068116231031,1791068116233194,2163,0,4,16218,16218,16218,12182,11788,34366
3,2106,2105,1791068116281031,1791068116283577,2546,0,5,16254,16254,16254,12198,11616,34231
3,2107,2106,1791068116331031,1791068116333170,2139,0,6,16134,16134,16134,12098,11850,34667
3,2108,2107,1791068116381031,1791068116383749,2718,0,7,16267,16267,16267,12238,11948,34714
3,2109,2108,1791068116431031,1791068116432958,1927,0,8,16351,16351,16351,12245,12042,35060
3,2110,2109,1791068116481031,1791068116485342,4311,0,9,16169,16169,16169,12129,11854,34353
3,2111,2110,1791068116531031,1791068116533541,2510,0,10,16190,16190,16190,12083,11951,34560
3,2112,2111,1791068116581031,1791068116583591,2560,0,11,16241,16241,16241,12235,11521,34430
3,2113,2112,1791068116631031,1791068116633701,2670,0,12,16355,16355,16355,12302,12290,35587
3,2114,2113,1791068116681031,1791068116683305,2274,0,13,16206,16206,16206,12265,11944,34828
3,2115,2114,1791068116731031,1791068116733138,2107,0,14,16266,16266,16266,12198,11886,34812
3,2116,2115,1791068116781031,1791068116782955,1924,0,15,16226,16226,16226,12138,12069,34803
3,2117,2116,1791068116831031,1791068116833872,2841,0,16,16332,16332,16332,12252,11828,34884
3,2118,2117,1791068116881031,1791068116885569,4538,0,17,16104,16104,16104,12094,11867,34717
3,2119,2118,1791068116931031,1791068116933883,2852,0,18,16358,16358,16358,12362,11721,34873
3,2120,2119,1791068116981031,1791068116983801,2770,0,19,16306,16306,16306,12215,12197,35025
3,2121,2120,1791068117031031,1791068117033070,2039,0,0,16101,16101,16101,12093,11666,34137
3,2122,2121,1791068117081031,1791068117082915,1884,0,1,16356,16356,16356,12256,11630,34666
3,2123,2122,1791068117131031,1791068117133069,2038,0,2,16230,16230,16230,12216,12041,35160
3,2124,2123,1791068117181031,1791068117183543,2512,0,3,16336,16336,16336,12310,12233,35257
3,2125,2124,1791068117231031,1791068117233317,2286,0,4,16218,16218,16218,12195,11717,34424
3,2126,2125,1791068117281031,1791068117283751,2720,0,5,16254,16254,16254,12283,12126,35029
3,2127,2126,1791068117331031,1791068117333720,2689,0,6,16134,16134,16134,12141,11716,34042
3,2128,2127,1791068117381031,1791068117383932,2901,0,7,16267,16267,16267,12267,11416,34481
3,2129,2128,1791068117431031,1791068117433021,1990,0,8,16351,16351,16351,12247,12037,35708
3,2130,2129,1791068117481031,1791068117483070,2039,0,9,16169,16169,16169,12073,11764,34200
3,2131,2130,1791068117531031,1791068117533460,2429,0,10,16190,16190,16190,12090,11598,34123
3,2132,2131,1791068117581031,1791068117583849,2818,0,11,16241,16241,16241,12126,11687,34494
3,2133,2132,1791068117631031,1791068117633164,2133,0,12,16355,16355,16355,12229,11908,34847
3,2134,2133,1791068117681031,1791068117683392,2361,0,13,16206,16206,16206,12120,11746,34447
3,2135,2134,1791068117731031,1791068117733674,2643,0,14,16266,16266,16266,12165,11901,34851
3,2136,2135,1791068117781031,1791068117783523,2492,0,15,16226,16226,16226,12243,11927,34712
3,2137,2136,1791068117831031,1791068117832973,1942,0,16,16332,16332,16332,12300,11921,34795
3,2138,2137,1791068117881031,1791068117883259,2228,0,17,16104,16104,16104,12169,11874,34814
3,2139,2138,1791068117931031,1791068117933806,2775,0,18,16358,16358,16358,12277,11802,34845
3,2140,2139,1791068117981031,1791068117983753,2722,0,19,16306,16306,16306,12294,11537,34338
3,2141,2140,1791068118031031,1791068118032932,1901,0,0,16101,16101,16101,11999,11947,34749
3,2142,2141,1791068118081031,1791068118083428,2397,0,1,16356,16356,16356,12274,11888,34784
3,2143,2142,1791068118131031,1791068118133484,2453,0,2,16230,16230,16230,12113,11828,34555
3,2144,2143,1791068118181031,1791068118183773,2742,0,3,16336,16336,16336,12247,11958,34868
3,2145,2144,1791068118231031,1791068118233775,2744,0,4,16218,16218,16218,12166,12135,35094
3,2146,2145,1791068118281031,1791068118283696,2665,0,5,16254,16254,16254,12350,11751,34775
3,2147,2146,1791068118331031,1791068118333250,2219,0,6,16134,16134,16134,12042,11860,34535
3,2148,2147,1791068118381031,1791068118382947,1916,0,7,16267,16267,16267,12189,11623,34270
3,2149,2148,1791068118431031,1791068118433087,2056,0,8,16351,16351,16351,12265,11819,34751
3,2150,2149,1791068118481031,1791068118483250,2219,0,9,16169,16169,16169,12143,11436,34128
3,2151,2150,1791068118531031,1791068118533805,2774,0,10,16190,16190,16190,12142,11570,34771
3,2152,2151,1791068118581031,1791068118583655,2624,0,11,16241,16241,16241,12166,11822,34866
3,2153,2152,1791068118631031,1791068118633704,2673,0,12,16355,16355,16355,12305,11948,34988
3,2154,2153,1791068118681031,1791068118683864,2833,0,13,16206,16206,16206,12149,11765,34408
3,2155,2154,1791068118731031,1791068118733609,2578,0,14,16266,16266,16266,12188,12123,34822
3,2156,2155,1791068118781031,1791068118783356,2325,0,15,16226,16226,16226,12260,12216,34875
3,2157,2156,1791068118831031,1791068118833678,2647,0,16,16332,16332,16332,12299,11694,34560
3,2158,2157,1791068118881031,1791068118882928,1897,0,17,16104,16104,16104,12058,11739,34175
3,2159,2158,1791068118931031,1791068118933807,2776,0,18,16358,16358,16358,12246,11910,34579
3,2160,2159,1791068118981031,1791068118983008,1977,0,19,16306,16306,16306,12168,11875,34630
3,2161,2160,1791068119031031,1791068119033138,2107,0,0,16101,16101,16101,12024,11599,33971
3,2162,2161,1791068119081031,1791068119082994,1963,0,1,16356,16356,16356,12342,11837,34804
3,2163,2162,1791068119131031,1791068119132886,1855,0,2,16230,16230,16230,12218,12200,35115
3,2164,2163,1791068119181031,1791068119183796,2765,0,3,16336,16336,16336,12267,12212,35063
3,2165,2164,1791068119231031,1791068119233302,2271,0,4,16218,16218,16218,12099,11646,34109
3,2166,2165,1791068119281031,1791068119292550,11519,0,5,16254,16254,16254,12317,12192,35227
3,2167,2166,1791068119331031,1791068119344223,13192,0,6,16134,16134,16134,12102,11460,33773
3,2168,2167,1791068119381031,1791068119400946,19915,0,7,16267,16267,16267,12270,11872,35254
3,2169,2168,1791068119431031,1791068119446740,15709,0,8,16351,16351,16351,12308,12090,35030
3,2170,2169,1791068119481031,1791068119498916,17885,0,9,16169,16169,16169,12035,11877,34365
3,2171,2170,1791068119531031,1791068119545231,14200,0,10,16190,16190,16190,12086,11952,34435
3,2172,2171,1791068119581031,1791068119592753,11722,0,11,16241,16241,16241,12171,11592,34372
3,2173,2172,1791068119631031,1791068119637998,6967,0,12,16355,16355,16355,12192,11619,34454
3,2174,2173,1791068119681031,1791068119683730,2699,0,13,16206,16206,16206,12181,11819,34785
3,2175,2174,1791068119731031,1791068119733089,2058,0,14,16266,16266,16266,12135,11998,34842
3,2176,2175,1791068119781031,1791068119782841,1810,0,15,16226,16226,16226,12207,11882,34572
3,2177,2176,1791068119831031,1791068119833519,2488,0,16,16332,16332,16332,12185,11738,34710
3,2178,2177,1791068119881031,1791068119883065,2034,0,17,16104,16104,16104,12078,12022,34868
3,2179,2178,1791068119931031,1791068119932882,1851,0,18,16358,16358,16358,12348,12178,35520
3,2180,2179,1791068119981031,1791068119983652,2621,0,19,16306,16306,16306,12205,11588,34529
3,2181,2180,1791068120031031,1791068120033826,2795,0,0,16101,16101,16101,12103,11396,34381
3,2182,2181,1791068120081031,1791068120083494,2463,0,1,16356,16356,16356,12322,11936,35661
3,2183,2182,1791068120131031,1791068120133234,2203,0,2,16230,16230,16230,12148,11682,34960
3,2184,2183,1791068120181031,1791068120183752,2721,0,3,16336,16336,16336,12248,12131,35307
3,2185,2184,1791068120231031,1791068120232968,1937,0,4,16218,16218,16218,12168,11648,34703
3,2186,2185,1791068120281031,1791068120283567,2536,0,5,16254,16254,16254,12164,12083,35260
3,2187,2186,1791068120331031,1791068120332834,1803,0,6,16134,16134,16134,12085,11281,34114
3,2188,2187,1791068120381031,1791068120383213,2182,0,7,16267,16267,16267,12264,11887,35383
3,2189,2188,1791068120431031,1791068120433767,2736,0,8,16351,16351,16351,12171,11618,34669
3,2190,2189,1791068120481031,1791068120482996,1965,0,9,16169,16169,16169,12134,11846,34876
3,2191,2190,1791068120531031,1791068120533062,2031,0,10,16190,16190,16190,12141,11712,34488
3,2192,2191,1791068120581031,1791068120583757,2726,0,11,16241,16241,16241,12224,11954,35243
3,2193,2192,1791068120631031,1791068120633139,2108,0,12,16355,16355,16355,12227,11896,34865
3,2194,2193,1791068120681031,1791068120683036,2005,0,13,16206,16206,16206,12099,11644,34310
3,2195,2194,1791068120731031,1791068120733853,2822,0,14,16266,16266,16266,12208,11936,35080
3,2196,2195,1791068120781031,1791068120783087,2056,0,15,16226,16226,16226,12103,11642,34331
3,2197,2196,1791068120831031,1791068120833541,2510,0,16,16332,16332,16332,12275,11760,34865
3,2198,2197,1791068120881031,1791068120883567,2536,0,17,16104,16104,16104,12202,11830,35148
3,2199,2198,1791068120931031,1791068120933422,2391,0,18,16358,16358,16358,12310,11913,35218
3,2200,2199,1791068120981031,1791068120983348,2317,0,19,16306,16306,16306,12321,11748,35248
3,2201,2200,1791068121031031,1791068121033387,2356,0,0,16101,16101,16101,12100,11497,34262
3,2202,2201,1791068121081031,1791068121083542,2511,0,1,16356,16356,16356,12345,11981,35372
3,2203,2202,1791068121131031,1791068121133651,2620,0,2,16230,16230,16230,12121,11654,34351
3,2204,2203,1791068121181031,1791068121183822,2791,0,3,16336,16336,16336,12223,11736,34802
3,2205,2204,1791068121231031,1791068121233655,2624,0,4,16218,16218,16218,12195,12082,35007
3,2206,2205,1791068121281031,1791068121283692,2661,0,5,16254,16254,16254,12239,11747,34550
3,2207,2206,1791068121331031,1791068121333363,2332,0,6,16134,16134,16134,12172,11992,34844
3,2208,2207,1791068121381031,1791068121382876,1845,0,7,16267,16267,16267,12180,12062,34864
3,2209,2208,1791068121431031,1791068121433157,2126,0,8,16351,16351,16351,12293,12188,35271
3,2210,2209,1791068121481031,1791068121483120,2089,0,9,16169,16169,16169,12141,12114,34514
3,2211,2210,1791068121531031,1791068121533187,2156,0,10,16190,16190,16190,12176,11745,34465
3,2212,2211,1791068121581031,1791068121583075,2044,0,11,16241,16241,16241,12227,11809,34539
3,2213,2212,1791068121631031,1791068121633226,2195,0,12,16355,16355,16355,12408,11855,34884
3,2214,2213,1791068121681031,1791068121683776,2745,0,13,16206,16206,16206,12182,12080,34904
3,2215,2214,1791068121731031,1791068121733856,2825,0,14,16266,16266,16266,12204,12022,34920
3,2216,2215,1791068121781031,1791068121783756,2725,0,15,16226,16226,16226,12169,11971,34537
3,2217,2216,1791068121831031,1791068121833636,2605,0,16,16332,16332,16332,12369,12016,34880
3,2218,2217,1791068121881031,1791068121883244,2213,0,17,16104,16104,16104,12115,11741,34295
3,2219,2218,1791068121931031,1791068121933659,2628,0,18,16358,16358,16358,12233,12068,35104
3,2220,2219,1791068121981031,1791068121983608,2577,0,19,16306,16306,16306,12265,11728,34439
3,2221,2220,1791068122031031,1791068122033864,2833,0,0,16101,16101,16101,12144,12135,35050
3,2222,2221,1791068122081031,1791068122083584,2553,0,1,16356,16356,16356,12273,12125,34633
3,2223,2222,1791068122131031,1791068122133316,2285,0,2,16230,16230,16230,12157,11602,34452
3,2224,2223,1791068122181031,1791068122183619,2588,0,3,16336,16336,16336,12290,12032,34961
3,2225,2224,1791068122231031,1791068122233228,2197,0,4,16218,16218,16218,12053,11551,33986
3,2226,2225,1791068122281031,1791068122289834,8803,0,5,16254,16254,16254,12183,11781,34510
3,2227,2226,1791068122331031,1791068122346489,15458,0,6,16134,16134,16134,12117,11891,34435
3,2228,2227,1791068122381031,1791068122399513,18482,0,7,16267,16267,16267,12285,11704,34354
3,2229,2228,1791068122431031,1791068122450239,19208,0,8,16351,16351,16351,12234,11661,34657
3,2230,2229,1791068122481031,1791068122496167,15136,0,9,16169,16169,16169,12121,11591,34606
3,2231,2230,1791068122531031,1791068122546947,15916,0,10,16190,16190,16190,12120,12080,34891
3,2232,2231,1791068122581031,1791068122591073,10042,0,11,16241,16241,16241,12245,12203,34856
3,2233,2232,1791068122631031,1791068122634205,3174,0,12,16355,16355,16355,12214,12138,34914
3,2234,2233,1791068122681031,1791068122683820,2789,0,13,16206,16206,16206,12085,11421,34257
3,2235,2234,1791068122731031,1791068122733604,2573,0,14,16266,16266,16266,12170,11600,35041
3,2236,2235,1791068122781031,1791068122784709,3678,0,15,16226,16226,16226,12219,11979,35223
3,2237,2236,1791068122831031,1791068122833700,2669,0,16,16332,16332,16332,12149,11559,34097
3,2238,2237,1791068122881031,1791068122883543,2512,0,17,16104,16104,16104,12095,11626,34658
3,2239,2238,1791068122931031,1791068122933233,2202,0,18,16358,16358,16358,12317,12130,35352
3,2240,2239,1791068122981031,1791068122983650,2619,0,19,16306,16306,16306,12167,11793,34752
3,2241,2240,1791068123031031,1791068123033729,2698,0,0,16101,16101,16101,12112,12041,34726
3,2242,2241,1791068123081031,1791068123083076,2045,0,1,16356,16356,16356,12273,11851,34579
3,2243,2242,1791068123131031,1791068123132857,1826,0,2,16230,16230,16230,12194,11682,34605
3,2244,2243,1791068123181031,1791068123182866,1835,0,3,16336,16336,16336,12174,12031,34882
3,2245,2244,1791068123231031,1791068123233872,2841,0,4,16218,16218,16218,12193,11836,34575
3,2246,2245,1791068123281031,1791068123283692,2661,0,5,16254,16254,16254,12063,11929,34612
3,2247,2246,1791068123331031,1791068123333299,2268,0,6,16134,16134,16134,12197,11913,34836
3,2248,2247,1791068123381031,1791068123383762,2731,0,7,16267,16267,16267,12124,11925,34876
3,2249,2248,1791068123431031,1791068123432940,1909,0,8,16351,16351,16351,12247,11627,34532
3,2250,2249,1791068123481031,1791068123483683,2652,0,9,16169,16169,16169,12129,11675,34634
3,2251,2250,1791068123531031,1791068123533879,2848,0,10,16190,16190,16190,12104,11894,34951
3,2252,2251,1791068123581031,1791068123583619,2588,0,11,16241,16241,16241,12226,11585,34619
3,2253,2252,1791068123631031,1791068123632831,1800,0,12,16355,16355,16355,12234,12055,35322
3,2254,2253,1791068123681031,1791068123683219,2188,0,13,16206,16206,16206,12215,11634,34611
3,2255,2254,1791068123731031,1791068123733736,2705,0,14,16266,16266,16266,12188,11624,34573
3,2256,2255,1791068123781031,1791068123783777,2746,0,15,16226,16226,16226,12236,12067,35265
3,2257,2256,1791068123831031,1791068123832892,1861,0,16,16332,16332,16332,12243,11764,34673
3,2258,2257,1791068123881031,1791068123883238,2207,0,17,16104,16104,16104,12226,11704,34900
3,2259,2258,1791068123931031,1791068123932852,1821,0,18,16358,16358,16358,12225,11968,35269
3,2260,2259,1791068123981031,1791068123983557,2526,0,19,16306,16306,16306,12407,12393,36023
3,2261,2260,1791068124031031,1791068124033604,2573,0,0,16101,16101,16101,12070,11968,34912
3,2262,2261,1791068124081031,1791068124083665,2634,0,1,16356,16356,16356,12389,11846,35501
3,2263,2262,1791068124131031,1791068124133575,2544,0,2,16230,16230,16230,12149,11790,35269
3,2264,2263,1791068124181031,1791068124183265,2234,0,3,16336,16336,16336,12291,12100,35639
3,2265,2264,1791068124231031,1791068124233120,2089,0,4,16218,16218,16218,12120,11695,34731
3,2266,2265,1791068124281031,1791068124283162,2131,0,5,16254,16254,16254,12228,11965,35468
3,2267,2266,1791068124331031,1791068124333656,2625,0,6,16134,16134,16134,12102,11924,34920
3,2268,2267,1791068124381031,1791068124383163,2132,0,7,16267,16267,16267,12177,11914,35116
3,2269,2268,1791068124431031,1791068124433754,2723,0,8,16351,16351,16351,12310,11519,34610
3,2270,2269,1791068124481031,1791068124483474,2443,0,9,16169,16169,16169,12240,12043,36025
3,2271,2270,1791068124531031,1791068124533046,2015,0,10,16190,16190,16190,12149,11987,35505
3,2272,2271,1791068124581031,1791068124583678,2647,0,11,16241,16241,16241,12181,12027,35579
3,2273,2272,1791068124631031,1791068124633715,2684,0,12,16355,16355,16355,12323,12013,35884
3,2274,2273,1791068124681031,1791068124683655,2624,0,13,16206,16206,16206,12253,12073,36024
3,2275,2274,1791068124731031,1791068124732901,1870,0,14,16266,16266,16266,12243,11619,35623
3,2276,2275,1791068124781031,1791068124783878,2847,0,15,16226,16226,16226,12109,11566,35103
3,2277,2276,1791068124831031,1791068124833206,2175,0,16,16332,16332,16332,12265,11672,35708
3,2278,2277,1791068124881031,1791068124884774,3743,0,17,16104,16104,16104,12041,11533,34840
3,2279,2278,1791068124931031,1791068124933334,2303,0,18,16358,16358,16358,12280,12041,36237
3,2280,2279,1791068124981031,1791068124983555,2524,0,19,16306,16306,16306,12236,11991,35889
3,2281,2280,1791068125031031,1791068125032815,1784,0,0,16101,16101,16101,12173,12056,35708
3,2282,2281,1791068125081031,1791068125083480,2449,0,1,16356,16356,16356,12320,11440,35033
3,2283,2282,1791068125131031,1791068125133265,2234,0,2,16230,16230,16230,12146,11602,35443
3,2284,2283,1791068125181031,1791068125183739,2708,0,3,16336,16336,16336,12304,12009,35628
3,2285,2284,1791068125231031,1791068125233296,2265,0,4,16218,16218,16218,12131,12106,35514
3,2286,2285,1791068125281031,1791068125282951,1920,0,5,16254,16254,16254,12218,11890,34990
3,2287,2286,1791068125331031,1791068125333684,2653,0,6,16134,16134,16134,12192,11942,35488
3,2288,2287,1791068125381031,1791068125382842,1811,0,7,16267,16267,16267,12112,11972,35238
3,2289,2288,1791068125431031,1791068125432987,1956,0,8,16351,16351,16351,12303,12147,35907
3,2290,2289,1791068125481031,1791068125483604,2573,0,9,16169,16169,16169,12157,11707,35039
3,2291,2290,1791068125531031,1791068125533253,2222,0,10,16190,16190,16190,12224,11922,35542
3,2292,2291,1791068125581031,1791068125583623,2592,0,11,16241,16241,16241,12186,11618,35212
3,2293,2292,1791068125631031,1791068125633167,2136,0,12,16355,16355,16355,12164,11580,35352
3,2294,2293,1791068125681031,1791068125683586,2555,0,13,16206,16206,16206,12147,11629,35667
3,2295,2294,1791068125731031,1791068125733019,1988,0,14,16266,16266,16266,12242,11461,35644
3,2296,2295,1791068125781031,1791068125783750,2719,0,15,16226,16226,16226,12312,11997,36857
3,2297,2296,1791068125831031,1791068125833115,2084,0,16,16332,16332,16332,12254,11959,36496
3,2298,2297,1791068125881031,1791068125882964,1933,0,17,16104,16104,16104,12103,11865,35786
3,2299,2298,1791068125931031,1791068125933092,2061,0,18,16358,16358,16358,12323,11934,36371
3,2300,2299,1791068125981031,1791068125983864,2833,0,19,16306,16306,16306,12305,11630,35877
3,2301,2300,1791068126031031,1791068126032899,1868,0,0,16101,16101,16101,12124,11526,35534
3,2302,2301,1791068126081031,1791068126083190,2159,0,1,16356,16356,16356,12312,11407,35195
3,2303,2302,1791068126131031,1791068126133085,2054,0,2,16230,16230,16230,12213,11635,35770
3,2304,2303,1791068126181031,1791068126183606,2575,0,3,16336,16336,16336,12221,12067,35314
3,2305,2304,1791068126231031,1791068126233122,2091,0,4,16218,16218,16218,12137,11604,34529
3,2306,2305,1791068126281031,1791068126283852,2821,0,5,16254,16254,16254,12130,11977,35100
3,2307,2306,1791068126331031,1791068126333764,2733,0,6,16134,16134,16134,12091,11769,34858
3,2308,2307,1791068126381031,1791068126383518,2487,0,7,16267,16267,16267,12263,12068,35154
3,2309,2308,1791068126431031,1791068126433887,2856,0,8,16351,16351,16351,12266,11742,35181
3,2310,2309,1791068126481031,1791068126483542,2511,0,9,16169,16169,16169,12116,12015,35148
3,2311,2310,1791068126531031,1791068126533165,2134,0,10,16190,16190,16190,12086,11790,35078
3,2312,2311,1791068126581031,1791068126583741,2710,0,11,16241,16241,16241,12159,11829,35580
3,2313,2312,1791068126631031,1791068126632909,1878,0,12,16355,16355,16355,12280,11644,35620
3,2314,2313,1791068126681031,1791068126682863,1832,0,13,16206,16206,16206,12179,12172,35596
3,2315,2314,1791068126731031,1791068126733625,2594,0,14,16266,16266,16266,12242,11629,35317
3,2316,2315,1791068126781031,1791068126783689,2658,0,15,16226,16226,16226,12232,11736,35543
3,2317,2316,1791068126831031,1791068126833796,2765,0,16,16332,16332,16332,12317,12155,35906
3,2318,2317,1791068126881031,1791068126883124,2093,0,17,16104,16104,16104,12114,11744,35221
3,2319,2318,1791068126931031,1791068126933521,2490,0,18,16358,16358,16358,12276,11558,35664
3,2320,2319,1791068126981031,1791068126983430,2399,0,19,16306,16306,16306,12198,11384,35450
3,2321,2320,1791068127031031,1791068127033008,1977,0,0,16101,16101,16101,12053,11363,35527
3,2322,2321,1791068127081031,1791068127082890,1859,0,1,16356,16356,16356,12291,11339,35614
3,2323,2322,1791068127131031,1791068127133117,2086,0,2,16230,16230,16230,12120,11925,36266
3,2324,2323,1791068127181031,1791068127183709,2678,0,3,16336,16336,16336,12270,11796,35675
3,2325,2324,1791068127231031,1791068127233471,2440,0,4,16218,16218,16218,12191,11624,35276
3,2326,2325,1791068127281031,1791068127282982,1951,0,5,16254,16254,16254,12147,11600,35228
3,2327,2326,1791068127331031,1791068127333212,2181,0,6,16134,16134,16134,12167,11918,35475
3,2328,2327,1791068127381031,1791068127383537,2506,0,7,16267,16267,16267,12166,11785,35221
3,2329,2328,1791068127431031,1791068127432943,1912,0,8,16351,16351,16351,12294,12162,35643
3,2330,2329,1791068127481031,1791068127483237,2206,0,9,16169,16169,16169,12114,11915,35173
3,2331,2330,1791068127531031,1791068127533185,2154,0,10,16190,16190,16190,12215,11967,35454
3,2332,2331,1791068127581031,1791068127583648,2617,0,11,16241,16241,16241,12189,11837,34968
3,2333,2332,1791068127631031,1791068127633690,2659,0,12,16355,16355,16355,12270,11604,34851
3,2334,2333,1791068127681031,1791068127683541,2510,0,13,16206,16206,16206,12163,11607,34864
3,2335,2334,1791068127731031,1791068127733161,2130,0,14,16266,16266,16266,12196,12089,35154
3,2336,2335,1791068127781031,1791068127783818,2787,0,15,16226,16226,16226,12202,11701,34942
3,2337,2336,1791068127831031,1791068127833074,2043,0,16,16332,16332,16332,12324,12028,35780
3,2338,2337,1791068127881031,1791068127883521,2490,0,17,16104,16104,16104,12005,11835,34537
3,2339,2338,1791068127931031,1791068127933791,2760,0,18,16358,16358,16358,12300,11827,35451
3,2340,2339,1791068127981031,1791068127982879,1848,0,19,16306,16306,16306,12211,11842,35151
3,2341,2340,1791068128031031,1791068128033117,2086,0,0,16101,16101,16101,12155,11647,34788
3,2342,2341,1791068128081031,1791068128104415,23384,0,1,16356,16356,16356,12322,12136,35409
3,2343,2342,1791068128131031,1791068128152845,21814,0,2,16230,16230,16230,12195,11987,35240
3,2344,2343,1791068128181031,1791068128194416,13385,0,3,16336,16336,16336,12288,11664,34853
3,2345,2344,1791068128231031,1791068128240718,9687,0,4,16218,16218,16218,12085,11860,34990
3,2346,2345,1791068128281031,1791068128284328,3297,0,5,16254,16254,16254,12155,11813,34533
3,2347,2346,1791068128331031,1791068128335864,4833,0,6,16134,16134,16134,12083,11934,34602
3,2348,2347,1791068128381031,1791068128383595,2564,0,7,16267,16267,16267,12150,11874,34736
3,2349,2348,1791068128431031,1791068128433305,2274,0,8,16351,16351,16351,12274,12082,35194
3,2350,2349,1791068128481031,1791068128483022,1991,0,9,16169,16169,16169,12226,12104,34784
3,2351,2350,1791068128531031,1791068128533188,2157,0,10,16190,16190,16190,12119,11687,34587
3,2352,2351,1791068128581031,1791068128583786,2755,0,11,16241,16241,16241,12158,11838,34771
3,2353,2352,1791068128631031,1791068128632977,1946,0,12,16355,16355,16355,12269,11494,34710
3,2354,2353,1791068128681031,1791068128683719,2688,0,13,16206,16206,16206,12217,11924,35438
3,2355,2354,1791068128731031,1791068128732840,1809,0,14,16266,16266,16266,12174,11715,34522
3,2356,2355,1791068128781031,1791068128782854,1823,0,15,16226,16226,16226,12238,11614,34988
3,2357,2356,1791068128831031,1791068128833110,2079,0,16,16332,16332,16332,12252,11936,35299
3,2358,2357,1791068128881031,1791068128883301,2270,0,17,16104,16104,16104,12056,11724,34370
3,2359,2358,1791068128931031,1791068128933358,2327,0,18,16358,16358,16358,12352,12126,35369
3,2360,2359,1791068128981031,1791068128983628,2597,0,19,16306,16306,16306,12340,12183,35276
3,2361,2360,1791068129031031,1791068129036375,5344,0,0,16101,16101,16101,12201,11474,34425
3,2362,2361,1791068129081031,1791068129083040,2009,0,1,16356,16356,16356,12250,12175,35572
3,2363,2362,1791068129131031,1791068129133557,2526,0,2,16230,16230,16230,12077,11556,34150
3,2364,2363,1791068129181031,1791068129183884,2853,0,3,16336,16336,16336,12287,12163,35219
3,2365,2364,1791068129231031,1791068129232867,1836,0,4,16218,16218,16218,12222,11686,34599
3,2366,2365,1791068129281031,1791068129282953,1922,0,5,16254,16254,16254,12140,11398,34146
3,2367,2366,1791068129331031,1791068129333796,2765,0,6,16134,16134,16134,12054,11309,34451
3,2368,2367,1791068129381031,1791068129383588,2557,0,7,16267,16267,16267,12202,11972,35491
3,2369,2368,1791068129431031,1791068129433128,2097,0,8,16351,16351,16351,12339,11984,35002
3,2370,2369,1791068129481031,1791068129483201,2170,0,9,16169,16169,16169,12143,11847,34694
3,2371,2370,1791068129531031,1791068129535227,4196,0,10,16190,16190,16190,12242,11894,35119
3,2372,2371,1791068129581031,1791068129582908,1877,0,11,16241,16241,16241,12134,11899,34784
3,2373,2372,1791068129631031,1791068129633073,2042,0,12,16355,16355,16355,12244,11582,35120
3,2374,2373,1791068129681031,1791068129683576,2545,0,13,16206,16206,16206,12170,12100,35445
3,2375,2374,1791068129731031,1791068129733680,2649,0,14,16266,16266,16266,12229,12100,35063
3,2376,2375,1791068129781031,1791068129783483,2452,0,15,16226,16226,16226,12240,11563,34822
3,2377,2376,1791068129831031,1791068129835060,4029,0,16,16332,16332,16332,12233,11332,34600
3,2378,2377,1791068129881031,1791068129883727,2696,0,17,16104,16104,16104,11965,11670,34882
3,2379,2378,1791068129931031,1791068129933772,2741,0,18,16358,16358,16358,12274,12096,35239
3,2380,2379,1791068129981031,1791068129983228,2197,0,19,16306,16306,16306,12183,11902,34814
3,2381,2380,1791068130031031,1791068130033145,2114,0,0,16101,16101,16101,12158,12146,35107
3,2382,2381,1791068130081031,1791068130083332,2301,0,1,16356,16356,16356,12296,11767,35021
3,2383,2382,1791068130131031,1791068130132859,1828,0,2,16230,16230,16230,12134,11982,35100
3,2384,2383,1791068130181031,1791068130183544,2513,0,3,16336,16336,16336,12364,11909,35251
3,2385,2384,1791068130231031,1791068130233486,2455,0,4,16218,16218,16218,12186,11901,34997
3,2386,2385,1791068130281031,1791068130283063,2032,0,5,16254,16254,16254,12196,12111,35456
3,2387,2386,1791068130331031,1791068130333836,2805,0,6,16134,16134,16134,12169,11732,34705
3,2388,2387,1791068130381031,1791068130383392,2361,0,7,16267,16267,16267,12265,11399,34642
3,2389,2388,1791068130431031,1791068130433746,2715,0,8,16351,16351,16351,12253,12208,36107
3,2390,2389,1791068130481031,1791068130483363,2332,0,9,16169,16169,16169,12215,11968,35469
3,2391,2390,1791068130531031,1791068130533013,1982,0,10,16190,16190,16190,12068,11930,35037
3,2392,2391,1791068130581031,1791068130583149,2118,0,11,16241,16241,16241,12105,11520,34347
3,2393,2392,1791068130631031,1791068130633720,2689,0,12,16355,16355,16355,12265,11637,35171
3,2394,2393,1791068130681031,1791068130683044,2013,0,13,16206,16206,16206,12180,11788,35007
3,2395,2394,1791068130731031,1791068130733536,2505,0,14,16266,16266,16266,12210,11815,34963
3,2396,2395,1791068130781031,1791068130783703,2672,0,15,16226,16226,16226,12201,11908,35155
3,2397,2396,1791068130831031,1791068130833264,2233,0,16,16332,16332,16332,12240,12065,35186
3,2398,2397,1791068130881031,1791068130883838,2807,0,17,16104,16104,16104,12075,11953,34956
3,2399,2398,1791068130931031,1791068130933751,2720,0,18,16358,16358,16358,12282,12050,35247
3,2400,2399,1791068130981031,1791068130983710,2679,0,19,16306,16306,16306,12286,12160,35569
3,2401,2400,1791068131031031,1791068131033414,2383,0,0,16101,16101,16101,12032,11773,34578
3,2402,2401,1791068131081031,1791068131083407,2376,0,1,16356,16356,16356,12331,11881,35570
3,2403,2402,1791068131131031,1791068131133647,2616,0,2,16230,16230,16230,12120,11734,35004
3,2404,2403,1791068131181031,1791068131182889,1858,0,3,16336,16336,16336,12245,11613,34753
3,2405,2404,1791068131231031,1791068131233811,2780,0,4,16218,16218,16218,12142,11506,34533
3,2406,2405,1791068131281031,1791068131283928,2897,0,5,16254,16254,16254,12240,11962,35110
3,2407,2406,1791068131331031,1791068131333470,2439,0,6,16134,16134,16134,12095,11480,34432
3,2408,2407,1791068131381031,1791068131383545,2514,0,7,16267,16267,16267,12123,12034,35106
3,2409,2408,1791068131431031,1791068131433317,2286,0,8,16351,16351,16351,12223,11425,34403
3,2410,2409,1791068131481031,1791068131483548,2517,0,9,16169,16169,16169,12136,11980,35628
3,2411,2410,1791068131531031,1791068131533762,2731,0,10,16190,16190,16190,12177,11534,34649
3,2412,2411,1791068131581031,1791068131583757,2726,0,11,16241,16241,16241,12246,12047,35411
3,2413,2412,1791068131631031,1791068131633707,2676,0,12,16355,16355,16355,12271,11958,35338
3,2414,2413,1791068131681031,1791068131682909,1878,0,13,16206,16206,16206,12195,11945,35086
3,2415,2414,1791068131731031,1791068131733677,2646,0,14,16266,16266,16266,12271,12222,35544
3,2416,2415,1791068131781031,1791068131783825,2794,0,15,16226,16226,16226,12252,12052,35250
3,2417,2416,1791068131831031,1791068131833481,2450,0,16,16332,16332,16332,12247,12055,35379
3,2418,2417,1791068131881031,1791068131883838,2807,0,17,16104,16104,16104,12036,12016,34637
3,2419,2418,1791068131931031,1791068131933202,2171,0,18,16358,16358,16358,12228,11636,34686
3,2420,2419,1791068131981031,1791068131983085,2054,0,19,16306,16306,16306,12297,11937,35461
3,2421,2420,1791068132031031,1791068132033653,2622,0,0,16101,16101,16101,12218,11987,35132
3,2422,2421,1791068132081031,1791068132093739,12708,0,1,16356,16356,16356,12364,12026,35595
3,2423,2422,1791068132131031,1791068132137618,6587,0,2,16230,16230,16230,12154,11940,35126
3,2424,2423,1791068132181031,1791068132190169,9138,0,3,16336,16336,16336,12235,11897,35029
3,2425,2424,1791068132231031,1791068132244041,13010,0,4,16218,16218,16218,12172,12110,35444
3,2426,2425,1791068132281031,1791068132294996,13965,0,5,16254,16254,16254,12189,12035,35333
3,2427,2426,1791068132331031,1791068132336753,5722,0,6,16134,16134,16134,12093,11268,34194
3,2428,2427,1791068132381031,1791068132383612,2581,0,7,16267,16267,16267,12179,12065,35729
3,2429,2428,1791068132431031,1791068132436603,5572,0,8,16351,16351,16351,12260,11583,34723
3,2430,2429,1791068132481031,1791068132492691,11660,0,9,16169,16169,16169,12275,11740,35240
3,2431,2430,1791068132531031,1791068132536565,5534,0,10,16190,16190,16190,12062,11683,34721
3,2432,2431,1791068132581031,1791068132583136,2105,0,11,16241,16241,16241,12201,11774,35395
3,2433,2432,1791068132631031,1791068132633216,2185,0,12,16355,16355,16355,12328,12052,35708
3,2434,2433,1791068132681031,1791068132683249,2218,0,13,16206,16206,16206,12188,11921,35347
3,2435,2434,1791068132731031,1791068132733378,2347,0,14,16266,16266,16266,12196,11989,35512
3,2436,2435,1791068132781031,1791068132783562,2531,0,15,16226,16226,16226,12245,12205,35988
3,2437,2436,1791068132831031,1791068132832952,1921,0,16,16332,16332,16332,12222,12099,35896
3,2438,2437,1791068132881031,1791068132883488,2457,0,17,16104,16104,16104,11991,11809,35086
3,2439,2438,1791068132931031,1791068132933043,2012,0,18,16358,16358,16358,12222,11900,35576
3,2440,2439,1791068132981031,1791068132983489,2458,0,19,16306,16306,16306,12241,11794,35487
3,2441,2440,1791068133031031,1791068133032947,1916,0,0,16101,16101,16101,12079,11777,35504
3,2442,2441,1791068133081031,1791068133082836,1805,0,1,16356,16356,16356,12315,11793,35774
3,2443,2442,1791068133131031,1791068133132860,1829,0,2,16230,16230,16230,12114,11560,35287
3,2444,2443,1791068133181031,1791068133183747,2716,0,3,16336,16336,16336,12240,12105,35732
3,2445,2444,1791068133231031,1791068133233600,2569,0,4,16218,16218,16218,12082,11700,35138
3,2446,2445,1791068133281031,1791068133283246,2215,0,5,16254,16254,16254,12254,12042,35873
3,2447,2446,1791068133331031,1791068133333062,2031,0,6,16134,16134,16134,12076,11935,34851
3,2448,2447,1791068133381031,1791068133383494,2463,0,7,16267,16267,16267,12193,11690,34633
3,2449,2448,1791068133431031,1791068133433799,2768,0,8,16351,16351,16351,12241,12216,35722
3,2450,2449,1791068133481031,1791068133483177,2146,0,9,16169,16169,16169,12098,11813,34648
3,2451,2450,1791068133531031,1791068133532888,1857,0,10,16190,16190,16190,12053,11891,34524
3,2452,2451,1791068133581031,1791068133583669,2638,0,11,16241,16241,16241,12164,11830,35048
3,2453,2452,1791068133631031,1791068133633113,2082,0,12,16355,16355,16355,12307,12122,35845
3,2454,2453,1791068133681031,1791068133683844,2813,0,13,16206,16206,16206,12179,11927,35003
3,2455,2454,1791068133731031,1791068133733158,2127,0,14,16266,16266,16266,12188,11914,35025
3,2456,2455,1791068133781031,1791068133783901,2870,0,15,16226,16226,16226,12218,12078,35376
3,2457,2456,1791068133831031,1791068133833530,2499,0,16,16332,16332,16332,12241,11591,35134
3,2458,2457,1791068133881031,1791068133882837,1806,0,17,16104,16104,16104,12125,11799,35052
3,2459,2458,1791068133931031,1791068133933213,2182,0,18,16358,16358,16358,12177,11865,35425
3,2460,2459,1791068133981031,1791068133983800,2769,0,19,16306,16306,16306,12294,11694,35357
3,2461,2460,1791068134031031,1791068134033897,2866,0,0,16101,16101,16101,12108,11538,35291
3,2462,2461,1791068134081031,1791068134083071,2040,0,1,16356,16356,16356,12235,11701,35281
3,2463,2462,1791068134131031,1791068134132990,1959,0,2,16230,16230,16230,12077,11685,35156
3,2464,2463,1791068134181031,1791068134183361,2330,0,3,16336,16336,16336,12298,11972,35429
3,2465,2464,1791068134231031,1791068134233189,2158,0,4,16218,16218,16218,12198,11788,34992
3,2466,2465,1791068134281031,1791068134283394,2363,0,5,16254,16254,16254,12248,12133,35351
3,2467,2466,1791068134331031,1791068134333600,2569,0,6,16134,16134,16134,12099,12013,34908
3,2468,2467,1791068134381031,1791068134383697,2666,0,7,16267,16267,16267,12154,11829,34830
3,2469,2468,1791068134431031,1791068134433871,2840,0,8,16351,16351,16351,12137,11684,34625
3,2470,2469,1791068134481031,1791068134482896,1865,0,9,16169,16169,16169,12073,11893,34625
3,2471,2470,1791068134531031,1791068134533857,2826,0,10,16190,16190,16190,12236,11370,34080
3,2472,2471,1791068134581031,1791068134583757,2726,0,11,16241,16241,16241,12300,11535,35127
3,2473,2472,1791068134631031,1791068134633485,2454,0,12,16355,16355,16355,12263,12035,35536
3,2474,2473,1791068134681031,1791068134683160,2129,0,13,16206,16206,16206,12133,11605,34526
3,2475,2474,1791068134731031,1791068134733872,2841,0,14,16266,16266,16266,12231,11943,35231
3,2476,2475,1791068134781031,1791068134783905,2874,0,15,16226,16226,16226,12207,11670,34618
3,2477,2476,1791068134831031,1791068134833393,2362,0,16,16332,16332,16332,12120,11849,34686
3,2478,2477,1791068134881031,1791068134883370,2339,0,17,16104,16104,16104,12142,11894,34718
3,2479,2478,1791068134931031,1791068134933741,2710,0,18,16358,16358,16358,12260,11769,34654
3,2480,2479,1791068134981031,1791068134983672,2641,0,19,16306,16306,16306,12162,11582,34600
3,2481,2480,1791068135031031,1791068135033680,2649,0,0,16101,16101,16101,12056,12041,34597
3,2482,2481,1791068135081031,1791068135082957,1926,0,1,16356,16356,16356,12270,11806,34654
3,2483,2482,1791068135131031,1791068135132956,1925,0,2,16230,16230,16230,12150,11949,34584
3,2484,2483,1791068135181031,1791068135183449,2418,0,3,16336,16336,16336,12282,11652,34550
3,2485,2484,1791068135231031,1791068135233748,2717,0,4,16218,16218,16218,12185,11633,34615
3,2486,2485,1791068135281031,1791068135283971,2940,0,5,16254,16254,16254,12247,12126,35071
3,2487,2486,1791068135331031,1791068135333260,2229,0,6,16134,16134,16134,12076,11996,34234
3,2488,2487,1791068135381031,1791068135382813,1782,0,7,16267,16267,16267,12200,12015,34567
3,2489,2488,1791068135431031,1791068135433180,2149,0,8,16351,16351,16351,12209,11916,34663
3,2490,2489,1791068135481031,1791068135482991,1960,0,9,16169,16169,16169,12107,11905,34486
3,2491,2490,1791068135531031,1791068135533345,2314,0,10,16190,16190,16190,12122,11792,34468
3,2492,2491,1791068135581031,1791068135583666,2635,0,11,16241,16241,16241,12221,11962,34771
3,2493,2492,1791068135631031,1791068135633607,2576,0,12,16355,16355,16355,12225,11665,34337
3,2494,2493,1791068135681031,1791068135683229,2198,0,13,16206,16206,16206,12206,12139,35053
3,2495,2494,1791068135731031,1791068135733174,2143,0,14,16266,16266,16266,12127,11873,34478
3,2496,2495,1791068135781031,1791068135783297,2266,0,15,16226,16226,16226,12170,12143,34834
3,2497,2496,1791068135831031,1791068135833254,2223,0,16,16332,16332,16332,12251,11910,35116
3,2498,2497,1791068135881031,1791068135883002,1971,0,17,16104,16104,16104,12026,11965,34356
3,2499,2498,1791068135931031,1791068135933055,2024,0,18,16358,16358,16358,12254,11373,34092
3,2500,2499,1791068135981031,1791068135983142,2111,0,19,16306,16306,16306,12224,11488,34955
3,2501,2500,1791068136031031,1791068136032957,1926,0,0,16101,16101,16101,12153,11883,34901
3,2502,2501,1791068136081031,1791068136083102,2071,0,1,16356,16356,16356,12240,12096,34879
3,2503,2502,1791068136131031,1791068136133507,2476,0,2,16230,16230,16230,12136,11701,34275
3,2504,2503,1791068136181031,1791068136183255,2224,0,3,16336,16336,16336,12323,11791,34893
3,2505,2504,1791068136231031,1791068136233787,2756,0,4,16218,16218,16218,12148,11895,34904
3,2506,2505,1791068136281031,1791068136283351,2320,0,5,16254,16254,16254,12154,11885,34677
3,2507,2506,1791068136331031,1791068136333453,2422,0,6,16134,16134,16134,12055,11784,34339
3,2508,2507,1791068136381031,1791068136383575,2544,0,7,16267,16267,16267,12225,11949,34700
3,2509,2508,1791068136431031,1791068136433647,2616,0,8,16351,16351,16351,12287,12146,35390
3,2510,2509,1791068136481031,1791068136483899,2868,0,9,16169,16169,16169,12181,11995,34765
3,2511,2510,1791068136531031,1791068136533110,2079,0,10,16190,16190,16190,12158,11580,34174
3,2512,2511,1791068136581031,1791068136583536,2505,0,11,16241,16241,16241,12264,11898,34858
3,2513,2512,1791068136631031,1791068136633392,2361,0,12,16355,16355,16355,12339,11575,34551
3,2514,2513,1791068136681031,1791068136682984,1953,0,13,16206,16206,16206,12288,12257,35503
3,2515,2514,1791068136731031,1791068136733284,2253,0,14,16266,16266,16266,12208,12198,34865
3,2516,2515,1791068136781031,1791068136783855,2824,0,15,16226,16226,16226,12136,11825,34331
3,2517,2516,1791068136831031,1791068136833065,2034,0,16,16332,16332,16332,12218,12016,34903
3,2518,2517,1791068136881031,1791068136883699,2668,0,17,16104,16104,16104,12040,11769,34089
3,2519,2518,1791068136931031,1791068136933662,2631,0,18,16358,16358,16358,12312,11746,34594
3,2520,2519,1791068136981031,1791068136983493,2462,0,19,16306,16306,16306,12280,12123,35240
3,2521,2520,1791068137031031,1791068137033806,2775,0,0,16101,16101,16101,12034,11551,34019
3,2522,2521,1791068137081031,1791068137083640,2609,0,1,16356,16356,16356,12240,11753,34753
3,2523,2522,1791068137131031,1791068137133321,2290,0,2,16230,16230,16230,12087,11597,34071
3,2524,2523,1791068137181031,1791068137183522,2491,0,3,16336,16336,16336,12350,11771,34911
3,2525,2524,1791068137231031,1791068137233291,2260,0,4,16218,16218,16218,12129,11817,34400
3,2526,2525,1791068137281031,1791068137283585,2554,0,5,16254,16254,16254,12183,11920,34562
3,2527,2526,1791068137331031,1791068137333708,2677,0,6,16134,16134,16134,12168,11525,34057
3,2528,2527,1791068137381031,1791068137383517,2486,0,7,16267,16267,16267,12198,11781,34856
3,2529,2528,1791068137431031,1791068137433021,1990,0,8,16351,16351,16351,12255,11505,34006
3,2530,2529,1791068137481031,1791068137483826,2795,0,9,16169,16169,16169,12128,11931,34875
3,2531,2530,1791068137531031,1791068137532946,1915,0,10,16190,16190,16190,12109,12091,34590
3,2532,2531,1791068137581031,1791068137583231,2200,0,11,16241,16241,16241,12203,12159,34786
3,2533,2532,1791068137631031,1791068137633432,2401,0,12,16355,16355,16355,12303,11999,35039
3,2534,2533,1791068137681031,1791068137682891,1860,0,13,16206,16206,16206,12298,11925,34526
3,2535,2534,1791068137731031,1791068137733677,2646,0,14,16266,16266,16266,12157,11805,34408
3,2536,2535,1791068137781031,1791068137783356,2325,0,15,16226,16226,16226,12095,11652,34282
3,2537,2536,1791068137831031,1791068137833276,2245,0,16,16332,16332,16332,12405,12260,35484
3,2538,2537,1791068137881031,1791068137883366,2335,0,17,16104,16104,16104,12213,11726,34367
3,2539,2538,1791068137931031,1791068137933843,2812,0,18,16358,16358,16358,12231,12159,35109
3,2540,2539,1791068137981031,1791068137982939,1908,0,19,16306,16306,16306,12288,12031,35172
3,2541,2540,1791068138031031,1791068138033538,2507,0,0,16101,16101,16101,12108,12072,34895
3,2542,2541,1791068138081031,1791068138083652,2621,0,1,16356,16356,16356,12290,11578,34580
3,2543,2542,1791068138131031,1791068138133114,2083,0,2,16230,16230,16230,12123,12043,35197
3,2544,2543,1791068138181031,1791068138183846,2815,0,3,16336,16336,16336,12320,12155,35084
3,2545,2544,1791068138231031,1791068138233356,2325,0,4,16218,16218,16218,12176,11845,34995
3,2546,2545,1791068138281031,1791068138283087,2056,0,5,16254,16254,16254,12260,12091,35738
3,2547,2546,1791068138331031,1791068138333401,2370,0,6,16134,16134,16134,12223,11880,35297
3,2548,2547,1791068138381031,1791068138383661,2630,0,7,16267,16267,16267,12238,11892,34970
3,2549,2548,1791068138431031,1791068138433003,1972,0,8,16351,16351,16351,12311,11758,34914
3,2550,2549,1791068138481031,1791068138483003,1972,0,9,16169,16169,16169,12153,11740,34845
3,2551,2550,1791068138531031,1791068138533629,2598,0,10,16190,16190,16190,12105,11564,34598
3,2552,2551,1791068138581031,1791068138583383,2352,0,11,16241,16241,16241,12114,11373,34336
3,2553,2552,1791068138631031,1791068138633878,2847,0,12,16355,16355,16355,12232,11715,35329
3,2554,2553,1791068138681031,1791068138683165,2134,0,13,16206,16206,16206,12193,12175,35365
3,2555,2554,1791068138731031,1791068138733790,2759,0,14,16266,16266,16266,12170,11622,34836
3,2556,2555,1791068138781031,1791068138783743,2712,0,15,16226,16226,16226,12098,11929,34926
3,2557,2556,1791068138831031,1791068138832977,1946,0,16,16332,16332,16332,12190,11913,34912
3,2558,2557,1791068138881031,1791068138883489,2458,0,17,16104,16104,16104,12049,11715,34418
3,2559,2558,1791068138931031,1791068138933073,2042,0,18,16358,16358,16358,12300,11899,35159
3,2560,2559,1791068138981031,1791068138983868,2837,0,19,16306,16306,16306,12273,12086,34980
3,2561,2560,1791068139031031,1791068139033127,2096,0,0,16101,16101,16101,12036,11766,34483
3,2562,2561,1791068139081031,1791068139083392,2361,0,1,16356,16356,16356,12303,11553,34693
3,2563,2562,1791068139131031,1791068139133281,2250,0,2,16230,16230,16230,12074,11588,34669
3,2564,2563,1791068139181031,1791068139183562,2531,0,3,16336,16336,16336,12258,11550,34788
3,2565,2564,1791068139231031,1791068139232996,1965,0,4,16218,16218,16218,12221,11824,35157
3,2566,2565,1791068139281031,1791068139283667,2636,0,5,16254,16254,16254,12249,12086,35187
3,2567,2566,1791068139331031,1791068139333410,2379,0,6,16134,16134,16134,12178,11834,34789
3,2568,2567,1791068139381031,1791068139383506,2475,0,7,16267,16267,16267,12153,11761,34471
3,2569,2568,1791068139431031,1791068139432990,1959,0,8,16351,16351,16351,12331,12232,35326
3,2570,2569,1791068139481031,1791068139483308,2277,0,9,16169,16169,16169,12063,11906,34499
3,2571,2570,1791068139531031,1791068139532976,1945,0,10,16190,16190,16190,12162,11746,34500
3,2572,2571,1791068139581031,1791068139582979,1948,0,11,16241,16241,16241,12191,11952,34866
3,2573,2572,1791068139631031,1791068139633095,2064,0,12,16355,16355,16355,12265,12223,35182
3,2574,2573,1791068139681031,1791068139683504,2473,0,13,16206,16206,16206,12167,11803,34443
3,2575,2574,1791068139731031,1791068139733570,2539,0,14,16266,16266,16266,12253,11796,34794
3,2576,2575,1791068139781031,1791068139783497,2466,0,15,16226,16226,16226,12143,11721,34446
3,2577,2576,1791068139831031,1791068139833708,2677,0,16,16332,16332,16332,12156,11611,34247
3,2578,2577,1791068139881031,1791068139883796,2765,0,17,16104,16104,16104,12183,11992,34884
3,2579,2578,1791068139931031,1791068139932937,1906,0,18,16358,16358,16358,12336,12040,34890
3,2580,2579,1791068139981031,1791068139983580,2549,0,19,16306,16306,16306,12235,12163,34933
3,2581,2580,1791068140031031,1791068140033071,2040,0,0,16101,16101,16101,12006,11747,33934
3,2582,2581,1791068140081031,1791068140083513,2482,0,1,16356,16356,16356,12277,11849,34723
3,2583,2582,1791068140131031,1791068140133356,2325,0,2,16230,16230,16230,12159,11802,34762
3,2584,2583,1791068140181031,1791068140183848,2817,0,3,16336,16336,16336,12290,12032,35026
3,2585,2584,1791068140231031,1791068140233583,2552,0,4,16218,16218,16218,12091,11661,34142
3,2586,2585,1791068140281031,1791068140283847,2816,0,5,16254,16254,16254,12206,11721,34564
3,2587,2586,1791068140331031,1791068140333161,2130,0,6,16134,16134,16134,12058,11699,34074
3,2588,2587,1791068140381031,1791068140383494,2463,0,7,16267,16267,16267,12110,11761,34627
3,2589,2588,1791068140431031,1791068140432908,1877,0,8,16351,16351,16351,12186,11900,34517
3,2590,2589,1791068140481031,1791068140483185,2154,0,9,16169,16169,16169,12117,11858,34472
3,2591,2590,1791068140531031,1791068140533325,2294,0,10,16190,16190,16190,12243,12002,34909
3,2592,2591,1791068140581031,1791068140607427,26396,0,11,16241,16241,16241,12154,11359,34028
3,2593,2592,1791068140631031,1791068140650982,19951,0,12,16355,16355,16355,12339,12009,35644
3,2594,2593,1791068140681031,1791068140696673,15642,0,13,16206,16206,16206,12166,12054,34831
3,2595,2594,1791068140731031,1791068140742457,11426,0,14,16266,16266,16266,12162,12103,34687
3,2596,2595,1791068140781031,1791068140787625,6594,0,15,16226,16226,16226,12253,11621,34338
3,2597,2596,1791068140831031,1791068140833741,2710,0,16,16332,16332,16332,12280,11643,35002
3,2598,2597,1791068140881031,1791068140883757,2726,0,17,16104,16104,16104,12119,11882,34588
3,2599,2598,1791068140931031,1791068140933539,2508,0,18,16358,16358,16358,12215,11879,34545
3,2600,2599,1791068140981031,1791068140982960,1929,0,19,16306,16306,16306,12282,11688,34601
3,2601,2600,1791068141031031,1791068141033564,2533,0,0,16101,16101,16101,12042,11773,34429
3,2602,2601,1791068141081031,1791068141083141,2110,0,1,16356,16356,16356,12316,11998,34795
3,2603,2602,1791068141131031,1791068141133572,2541,0,2,16230,16230,16230,12125,11948,34539
3,2604,2603,1791068141181031,1791068141183071,2040,0,3,16336,16336,16336,12247,12110,34886
3,2605,2604,1791068141231031,1791068141233396,2365,0,4,16218,16218,16218,12088,11876,34304
3,2606,2605,1791068141281031,1791068141283053,2022,0,5,16254,16254,16254,12277,12010,34904
3,2607,2606,1791068141331031,1791068141333412,2381,0,6,16134,16134,16134,12159,11518,34129
3,2608,2607,1791068141381031,1791068141383861,2830,0,7,16267,16267,16267,12149,11900,34600
3,2609,2608,1791068141431031,1791068141433632,2601,0,8,16351,16351,16351,12260,12078,34906
3,2610,2609,1791068141481031,1791068141483343,2312,0,9,16169,16169,16169,12111,11785,34391
3,2611,2610,1791068141531031,1791068141533687,2656,0,10,16190,16190,16190,12166,12120,34551
3,2612,2611,1791068141581031,1791068141583393,2362,0,11,16241,16241,16241,12252,11636,34366
3,2613,2612,1791068141631031,1791068141633649,2618,0,12,16355,16355,16355,12335,11907,35029
3,2614,2613,1791068141681031,1791068141683054,2023,0,13,16206,16206,16206,12096,11246,33443
3,2615,2614,1791068141731031,1791068141733844,2813,0,14,16266,16266,16266,12101,11662,34745
3,2616,2615,1791068141781031,1791068141783762,2731,0,15,16226,16226,16226,12151,12078,34780
3,2617,2616,1791068141831031,1791068141833489,2458,0,16,16332,16332,16332,12255,11487,34187
3,2618,2617,1791068141881031,1791068141883326,2295,0,17,16104,16104,16104,12055,11416,34383
3,2619,2618,1791068141931031,1791068141933437,2406,0,18,16358,16358,16358,12317,12077,35449
3,2620,2619,1791068141981031,1791068141983116,2085,0,19,16306,16306,16306,12199,11830,34492
3,2621,2620,1791068142031031,1791068142033109,2078,0,0,16101,16101,16101,12037,11814,34063
3,2622,2621,1791068142081031,1791068142083273,2242,0,1,16356,16356,16356,12229,11654,34474
3,2623,2622,1791068142131031,1791068142133296,2265,0,2,16230,16230,16230,12159,11821,34854
3,2624,2623,1791068142181031,1791068142183538,2507,0,3,16336,16336,16336,12240,11980,34925
3,2625,2624,1791068142231031,1791068142233883,2852,0,4,16218,16218,16218,12171,11682,34543
3,2626,2625,1791068142281031,1791068142283734,2703,0,5,16254,16254,16254,12135,11851,34543
3,2627,2626,1791068142331031,1791068142333790,2759,0,6,16134,16134,16134,12075,11706,34628
3,2628,2627,1791068142381031,1791068142383422,2391,0,7,16267,16267,16267,12226,11832,34895
3,2629,2628,1791068142431031,1791068142433866,2835,0,8,16351,16351,16351,12241,11769,35128
3,2630,2629,1791068142481031,1791068142483451,2420,0,9,16169,16169,16169,12139,11573,34792
3,2631,2630,1791068142531031,1791068142533838,2807,0,10,16190,16190,16190,12162,11776,34943
3,2632,2631,1791068142581031,1791068142583498,2467,0,11,16241,16241,16241,12119,11529,34535
3,2633,2632,1791068142631031,1791068142633013,1982,0,12,16355,16355,16355,12223,12091,35350
3,2634,2633,1791068142681031,1791068142683533,2502,0,13,16206,16206,16206,12151,11830,34787
3,2635,2634,1791068142731031,1791068142733491,2460,0,14,16266,16266,16266,12233,11906,35431
3,2636,2635,1791068142781031,1791068142783461,2430,0,15,16226,16226,16226,12160,11968,35164
3,2637,2636,1791068142831031,1791068142833732,2701,0,16,16332,16332,16332,12306,11919,35389
3,2638,2637,1791068142881031,1791068142883198,2167,0,17,16104,16104,16104,12084,11539,34420
3,2639,2638,1791068142931031,1791068142933485,2454,0,18,16358,16358,16358,12251,12041,35304
3,2640,2639,1791068142981031,1791068142983382,2351,0,19,16306,16306,16306,12230,12052,35006
3,2641,2640,1791068143031031,1791068143033556,2525,0,0,16101,16101,16101,12091,11870,34349
3,2642,2641,1791068143081031,1791068143083325,2294,0,1,16356,16356,16356,12185,11964,34595
3,2643,2642,1791068143131031,1791068143133509,2478,0,2,16230,16230,16230,12226,11704,34622
3,2644,2643,1791068143181031,1791068143183735,2704,0,3,16336,16336,16336,12368,11554,34611
3,2645,2644,1791068143231031,1791068143233791,2760,0,4,16218,16218,16218,12143,11779,34710
3,2646,2645,1791068143281031,1791068143283187,2156,0,5,16254,16254,16254,12315,11890,34823
3,2647,2646,1791068143331031,1791068143333189,2158,0,6,16134,16134,16134,12114,11545,34096
3,2648,2647,1791068143381031,1791068143383115,2084,0,7,16267,16267,16267,12139,11541,34086
3,2649,2648,1791068143431031,1791068143433906,2875,0,8,16351,16351,16351,12252,11955,35137
3,2650,2649,1791068143481031,1791068143482896,1865,0,9,16169,16169,16169,12235,12029,35150
3,2651,2650,1791068143531031,1791068143533901,2870,0,10,16190,16190,16190,12175,11953,34862
3,2652,2651,1791068143581031,1791068143583381,2350,0,11,16241,16241,16241,12180,11681,34610
3,2653,2652,1791068143631031,1791068143633572,2541,0,12,16355,16355,16355,12291,12240,35112
3,2654,2653,1791068143681031,1791068143682936,1905,0,13,16206,16206,16206,12302,12015,34995
3,2655,2654,1791068143731031,1791068143732972,1941,0,14,16266,16266,16266,12153,12035,34926
3,2656,2655,1791068143781031,1791068143783538,2507,0,15,16226,16226,16226,12227,12105,35202
3,2657,2656,1791068143831031,1791068143833606,2575,0,16,16332,16332,16332,12254,11942,35030
3,2658,2657,1791068143881031,1791068143883046,2015,0,17,16104,16104,16104,12096,11855,34366
3,2659,2658,1791068143931031,1791068143933454,2423,0,18,16358,16358,16358,12308,12161,35310
3,2660,2659,1791068143981031,1791068143983376,2345,0,19,16306,16306,16306,12171,11897,34889
3,2661,2660,1791068144031031,1791068144033672,2641,0,0,16101,16101,16101,12047,11848,34269
3,2662,2661,1791068144081031,1791068144082931,1900,0,1,16356,16356,16356,12231,11948,34651
3,2663,2662,1791068144131031,1791068144133475,2444,0,2,16230,16230,16230,12111,11844,34665
3,2664,2663,1791068144181031,1791068144183361,2330,0,3,16336,16336,16336,12197,12034,34791
3,2665,2664,1791068144231031,1791068144233438,2407,0,4,16218,16218,16218,12134,11769,34327
3,2666,2665,1791068144281031,1791068144283006,1975,0,5,16254,16254,16254,12329,12122,35056
3,2667,2666,1791068144331031,1791068144333354,2323,0,6,16134,16134,16134,12218,11926,34816
3,2668,2667,1791068144381031,1791068144383523,2492,0,7,16267,16267,16267,12164,11526,34345
3,2669,2668,1791068144431031,1791068144433525,2494,0,8,16351,16351,16351,12260,11976,35084
3,2670,2669,1791068144481031,1791068144483164,2133,0,9,16169,16169,16169,12211,12053,34859
3,2671,2670,1791068144531031,1791068144533850,2819,0,10,16190,16190,16190,12123,12008,34556
3,2672,2671,1791068144581031,1791068144583375,2344,0,11,16241,16241,16241,12285,12042,34989
3,2673,2672,1791068144631031,1791068144632944,1913,0,12,16355,16355,16355,12187,11999,34807
3,2674,2673,1791068144681031,1791068144683588,2557,0,13,16206,16206,16206,12230,11881,34868
3,2675,2674,1791068144731031,1791068144732950,1919,0,14,16266,16266,16266,12265,11733,34994
3,2676,2675,1791068144781031,1791068144783560,2529,0,15,16226,16226,16226,12156,12064,35080
3,2677,2676,1791068144831031,1791068144833086,2055,0,16,16332,16332,16332,12291,11735,34663
3,2678,2677,1791068144881031,1791068144882824,1793,0,17,16104,16104,16104,12069,11734,34260
3,2679,2678,1791068144931031,1791068144933118,2087,0,18,16358,16358,16358,12334,11994,34970
3,2680,2679,1791068144981031,1791068144983634,2603,0,19,16306,16306,16306,12199,12129,34874
3,2681,2680,1791068145031031,1791068145032912,1881,0,0,16101,16101,16101,12098,11904,34281
3,2682,2681,1791068145081031,1791068145083120,2089,0,1,16356,16356,16356,12251,11711,34528
3,2683,2682,1791068145131031,1791068145132839,1808,0,2,16230,16230,16230,12137,11957,34649
3,2684,2683,1791068145181031,1791068145183405,2374,0,3,16336,16336,16336,12243,11826,34556
3,2685,2684,1791068145231031,1791068145233072,2041,0,4,16218,16218,16218,12116,11765,34549
3,2686,2685,1791068145281031,1791068145283439,2408,0,5,16254,16254,16254,12086,12004,34565
3,2687,2686,1791068145331031,1791068145332955,1924,0,6,16134,16134,16134,12093,11933,34311
3,2688,2687,1791068145381031,1791068145383378,2347,0,7,16267,16267,16267,12249,11695,34547
3,2689,2688,1791068145431031,1791068145432829,1798,0,8,16351,16351,16351,12290,12180,35209
3,2690,2689,1791068145481031,1791068145482957,1926,0,9,16169,16169,16169,12178,11635,34349
3,2691,2690,1791068145531031,1791068145532993,1962,0,10,16190,16190,16190,12169,12080,34920
3,2692,2691,1791068145581031,1791068145583441,2410,0,11,16241,16241,16241,12273,11827,34530
3,2693,2692,1791068145631031,1791068145633670,2639,0,12,16355,16355,16355,12282,12044,35344
3,2694,2693,1791068145681031,1791068145683849,2818,0,13,16206,16206,16206,12144,11794,34346
3,2695,2694,1791068145731031,1791068145733237,2206,0,14,16266,16266,16266,12202,12077,34740
3,2696,2695,1791068145781031,1791068145783445,2414,0,15,16226,16226,16226,12177,11970,34754
3,2697,2696,1791068145831031,1791068145833184,2153,0,16,16332,16332,16332,12196,11680,34343
3,2698,2697,1791068145881031,1791068145883530,2499,0,17,16104,16104,16104,12038,11721,34331
3,2699,2698,1791068145931031,1791068145933740,2709,0,18,16358,16358,16358,12236,12145,34782
3,2700,2699,1791068145981031,1791068145983604,2573,0,19,16306,16306,16306,12285,12130,34847
3,2701,2700,1791068146031031,1791068146033352,2321,0,0,16101,16101,16101,12157,11934,34351
3,2702,2701,1791068146081031,1791068146082949,1918,0,1,16356,16356,16356,12292,12161,34910
3,2703,2702,1791068146131031,1791068146132894,1863,0,2,16230,16230,16230,12202,11963,34663
3,2704,2703,1791068146181031,1791068146183846,2815,0,3,16336,16336,16336,12360,12111,34997
3,2705,2704,1791068146231031,1791068146233218,2187,0,4,16218,16218,16218,12238,12124,34727
3,2706,2705,1791068146281031,1791068146282932,1901,0,5,16254,16254,16254,12229,11464,33825
3,2707,2706,1791068146331031,1791068146333212,2181,0,6,16134,16134,16134,12065,11937,34847
3,2708,2707,1791068146381031,1791068146383867,2836,0,7,16267,16267,16267,12069,11946,34420
3,2709,2708,1791068146431031,1791068146433490,2459,0,8,16351,16351,16351,12251,12034,34909
3,2710,2709,1791068146481031,1791068146483220,2189,0,9,16169,16169,16169,12165,11798,34345
3,2711,2710,1791068146531031,1791068146533318,2287,0,10,16190,16190,16190,12298,12206,35021
3,2712,2711,1791068146581031,1791068146583525,2494,0,11,16241,16241,16241,12066,11965,34327
3,2713,2712,1791068146631031,1791068146632962,1931,0,12,16355,16355,16355,12198,11855,34243
3,2714,2713,1791068146681031,1791068146683513,2482,0,13,16206,16206,16206,12168,11807,34690
3,2715,2714,1791068146731031,1791068146733244,2213,0,14,16266,16266,16266,12073,11754,34329
3,2716,2715,1791068146781031,1791068146783646,2615,0,15,16226,16226,16226,12175,11998,34867
3,2717,2716,1791068146831031,1791068146833199,2168,0,16,16332,16332,16332,12225,11708,34507
3,2718,2717,1791068146881031,1791068146882832,1801,0,17,16104,16104,16104,12055,11860,34206
3,2719,2718,1791068146931031,1791068146933744,2713,0,18,16358,16358,16358,12178,12003,34735
3,2720,2719,1791068146981031,1791068146982833,1802,0,19,16306,16306,16306,12284,12000,34590
3,2721,2720,1791068147031031,1791068147033195,2164,0,0,16101,16101,16101,12141,11782,34489
3,2722,2721,1791068147081031,1791068147083542,2511,0,1,16356,16356,16356,12221,11768,34617
3,2723,2722,1791068147131031,1791068147133307,2276,0,2,16230,16230,16230,12171,12041,34781
3,2724,2723,1791068147181031,1791068147182985,1954,0,3,16336,16336,16336,12310,12129,35027
3,2725,2724,1791068147231031,1791068147232950,1919,0,4,16218,16218,16218,12183,11796,34403
3,2726,2725,1791068147281031,1791068147283393,2362,0,5,16254,16254,16254,12173,12054,34878
3,2727,2726,1791068147331031,1791068147333295,2264,0,6,16134,16134,16134,12212,11711,34561
3,2728,2727,1791068147381031,1791068147382852,1821,0,7,16267,16267,16267,12148,11884,34691
3,2729,2728,1791068147431031,1791068147433677,2646,0,8,16351,16351,16351,12201,11563,34399
3,2730,2729,1791068147481031,1791068147483448,2417,0,9,16169,16169,16169,12028,11408,34009
3,2731,2730,1791068147531031,1791068147533700,2669,0,10,16190,16190,16190,12110,12012,34796
3,2732,2731,1791068147581031,1791068147583626,2595,0,11,16241,16241,16241,12242,11621,34434
3,2733,2732,1791068147631031,1791068147633644,2613,0,12,16355,16355,16355,12275,11901,35116
3,2734,2733,1791068147681031,1791068147683809,2778,0,13,16206,16206,16206,12225,12186,34949
3,2735,2734,1791068147731031,1791068147733430,2399,0,14,16266,16266,16266,12186,11569,34194
3,2736,2735,1791068147781031,1791068147783877,2846,0,15,16226,16226,16226,12114,11939,34708
3,2737,2736,1791068147831031,1791068147832998,1967,0,16,16332,16332,16332,12254,11693,34670
3,2738,2737,1791068147881031,1791068147883306,2275,0,17,16104,16104,16104,12017,11561,34129
3,2739,2738,1791068147931031,1791068147933782,2751,0,18,16358,16358,16358,12349,11948,35372
3,2740,2739,1791068147981031,1791068147982983,1952,0,19,16306,16306,16306,12259,11608,34501
3,2741,2740,1791068148031031,1791068148033835,2804,0,0,16101,16101,16101,12009,11901,34434
3,2742,2741,1791068148081031,1791068148083686,2655,0,1,16356,16356,16356,12234,11927,34557
3,2743,2742,1791068148131031,1791068148133149,2118,0,2,16230,16230,16230,12234,11872,34569
3,2744,2743,1791068148181031,1791068148182974,1943,0,3,16336,16336,16336,12220,11922,34358
3,2745,2744,1791068148231031,1791068148233507,2476,0,4,16218,16218,16218,12228,11726,34548
3,2746,2745,1791068148281031,1791068148283764,2733,0,5,16254,16254,16254,12221,12024,34947
3,2747,2746,1791068148331031,1791068148333457,2426,0,6,16134,16134,16134,12192,11982,34419
3,2748,2747,1791068148381031,1791068148383550,2519,0,7,16267,16267,16267,12261,12246,34767
3,2749,2748,1791068148431031,1791068148433620,2589,0,8,16351,16351,16351,12289,11948,34504
3,2750,2749,1791068148481031,1791068148483119,2088,0,9,16169,16169,16169,12220,11813,34632
3,2751,2750,1791068148531031,1791068148533173,2142,0,10,16190,16190,16190,12149,11735,34338
3,2752,2751,1791068148581031,1791068148583520,2489,0,11,16241,16241,16241,12095,11123,33587
3,2753,2752,1791068148631031,1791068148633101,2070,0,12,16355,16355,16355,12229,12039,35669
3,2754,2753,1791068148681031,1791068148683011,1980,0,13,16206,16206,16206,12188,12030,34607
3,2755,2754,1791068148731031,1791068148733623,2592,0,14,16266,16266,16266,12266,12023,35117
3,2756,2755,1791068148781031,1791068148783680,2649,0,15,16226,16226,16226,12194,11905,34649
3,2757,2756,1791068148831031,1791068148833400,2369,0,16,16332,16332,16332,12262,11744,34525
3,2758,2757,1791068148881031,1791068148883418,2387,0,17,16104,16104,16104,12118,11561,34105
3,2759,2758,1791068148931031,1791068148932970,1939,0,18,16358,16358,16358,12402,12157,35319
3,2760,2759,1791068148981031,1791068148983535,2504,0,19,16306,16306,16306,12258,11727,34807
3,2761,2760,1791068149031031,1791068149033112,2081,0,0,16101,16101,16101,12090,11983,34620
3,2762,2761,1791068149081031,1791068149082853,1822,0,1,16356,16356,16356,12256,12119,35007
3,2763,2762,1791068149131031,1791068149132998,1967,0,2,16230,16230,16230,12060,11858,34346
3,2764,2763,1791068149181031,1791068149183567,2536,0,3,16336,16336,16336,12213,11953,34831
3,2765,2764,1791068149231031,1791068149233305,2274,0,4,16218,16218,16218,12204,12028,34666
3,2766,2765,1791068149281031,1791068149283331,2300,0,5,16254,16254,16254,12161,11549,34258
3,2767,2766,1791068149331031,1791068149333502,2471,0,6,16134,16134,16134,12091,11889,34617
3,2768,2767,1791068149381031,1791068149383498,2467,0,7,16267,16267,16267,12289,11899,34904
3,2769,2768,1791068149431031,1791068149432858,1827,0,8,16351,16351,16351,12229,12066,34848
3,2770,2769,1791068149481031,1791068149482980,1949,0,9,16169,16169,16169,12133,11665,34417
3,2771,2770,1791068149531031,1791068149533660,2629,0,10,16190,16190,16190,12159,11993,34813
3,2772,2771,1791068149581031,1791068149582972,1941,0,11,16241,16241,16241,12100,11674,34424
3,2773,2772,1791068149631031,1791068149633388,2357,0,12,16355,16355,16355,12360,12075,35208
3,2774,2773,1791068149681031,1791068149683375,2344,0,13,16206,16206,16206,12093,11848,34308
3,2775,2774,1791068149731031,1791068149733833,2802,0,14,16266,16266,16266,12150,11799,34425
3,2776,2775,1791068149781031,1791068149783375,2344,0,15,16226,16226,16226,12204,11802,34702
3,2777,2776,1791068149831031,1791068149833188,2157,0,16,16332,16332,16332,12141,11454,33988
3,2778,2777,1791068149881031,1791068149883754,2723,0,17,16104,16104,16104,12094,11861,34855
3,2779,2778,1791068149931031,1791068149933673,2642,0,18,16358,16358,16358,12257,12176,35065
3,2780,2779,1791068149981031,1791068149983483,2452,0,19,16306,16306,16306,12231,12015,34706
3,2781,2780,1791068150031031,1791068150033430,2399,0,0,16101,16101,16101,12067,12012,34535
3,2782,2781,1791068150081031,1791068150084011,2980,0,1,16356,16356,16356,12273,11857,34552
3,2783,2782,1791068150131031,1791068150133600,2569,0,2,16230,16230,16230,12052,11875,34243
3,2784,2783,1791068150181031,1791068150183400,2369,0,3,16336,16336,16336,12168,11908,34173
3,2785,2784,1791068150231031,1791068150232944,1913,0,4,16218,16218,16218,12201,11725,34403
3,2786,2785,1791068150281031,1791068150283628,2597,0,5,16254,16254,16254,12266,11754,34616
3,2787,2786,1791068150331031,1791068150333865,2834,0,6,16134,16134,16134,12109,11838,34414
3,2788,2787,1791068150381031,1791068150383622,2591,0,7,16267,16267,16267,12306,11519,34457
3,2789,2788,1791068150431031,1791068150433789,2758,0,8,16351,16351,16351,12211,11942,35399
3,2790,2789,1791068150481031,1791068150483851,2820,0,9,16169,16169,16169,12110,12026,34593
3,2791,2790,1791068150531031,1791068150533754,2723,0,10,16190,16190,16190,12112,11439,33905
3,2792,2791,1791068150581031,1791068150583544,2513,0,11,16241,16241,16241,12225,11951,35234
3,2793,2792,1791068150631031,1791068150633886,2855,0,12,16355,16355,16355,12309,11992,35261
3,2794,2793,1791068150681031,1791068150683702,2671,0,13,16206,16206,16206,12282,12026,35223
3,2795,2794,1791068150731031,1791068150733578,2547,0,14,16266,16266,16266,12307,12053,35503
3,2796,2795,1791068150781031,1791068150782991,1960,0,15,16226,16226,16226,12222,11756,34652
3,2797,2796,1791068150831031,1791068150833053,2022,0,16,16332,16332,16332,12337,11596,35413
3,2798,2797,1791068150881031,1791068150883154,2123,0,17,16104,16104,16104,12115,12082,35411
3,2799,2798,1791068150931031,1791068150933834,2803,0,18,16358,16358,16358,12126,12098,35175
3,2800,2799,1791068150981031,1791068150983445,2414,0,19,16306,16306,16306,12253,11759,35423
3,2801,2800,1791068151031031,1791068151033196,2165,0,0,16101,16101,16101,12024,11445,34841
3,2802,2801,1791068151081031,1791068151083722,2691,0,1,16356,16356,16356,12215,11421,34928
3,2803,2802,1791068151131031,1791068151132909,1878,0,2,16230,16230,16230,12149,11652,35351
3,2804,2803,1791068151181031,1791068151183717,2686,0,3,16336,16336,16336,12287,11660,35006
3,2805,2804,1791068151231031,1791068151233184,2153,0,4,16218,16218,16218,12187,11620,35168
3,2806,2805,1791068151281031,1791068151283170,2139,0,5,16254,16254,16254,12199,11671,35023
3,2807,2806,1791068151331031,1791068151333874,2843,0,6,16134,16134,16134,12071,11510,34680
3,2808,2807,1791068151381031,1791068151383554,2523,0,7,16267,16267,16267,12160,11575,35006
3,2809,2808,1791068151431031,1791068151432983,1952,0,8,16351,16351,16351,12262,11940,35076
3,2810,2809,1791068151481031,1791068151483716,2685,0,9,16169,16169,16169,12213,12029,35102
3,2811,2810,1791068151531031,1791068151533357,2326,0,10,16190,16190,16190,12215,12202,35270
3,2812,2811,1791068151581031,1791068151583535,2504,0,11,16241,16241,16241,12124,11657,34663
3,2813,2812,1791068151631031,1791068151632978,1947,0,12,16355,16355,16355,12281,12064,35448
3,2814,2813,1791068151681031,1791068151683675,2644,0,13,16206,16206,16206,12069,12016,34893
3,2815,2814,1791068151731031,1791068151733731,2700,0,14,16266,16266,16266,12296,11891,35266
3,2816,2815,1791068151781031,1791068151783009,1978,0,15,16226,16226,16226,12224,11931,35615
3,2817,2816,1791068151831031,1791068151833438,2407,0,16,16332,16332,16332,12311,12092,35925
3,2818,2817,1791068151881031,1791068151883455,2424,0,17,16104,16104,16104,12097,11977,35186
3,2819,2818,1791068151931031,1791068151932960,1929,0,18,16358,16358,16358,12384,11706,35354
3,2820,2819,1791068151981031,1791068151983559,2528,0,19,16306,16306,16306,12271,11950,35996
3,2821,2820,1791068152031031,1791068152033731,2700,0,0,16101,16101,16101,12108,11757,35023
3,2822,2821,1791068152081031,1791068152084155,3124,0,1,16356,16356,16356,12273,12072,35479
3,2823,2822,1791068152131031,1791068152133884,2853,0,2,16230,16230,16230,12250,11790,35073
3,2824,2823,1791068152181031,1791068152183630,2599,0,3,16336,16336,16336,12347,11711,35125
3,2825,2824,1791068152231031,1791068152233597,2566,0,4,16218,16218,16218,12153,11670,35043
3,2826,2825,1791068152281031,1791068152283571,2540,0,5,16254,16254,16254,12086,12012,35012
3,2827,2826,1791068152331031,1791068152333771,2740,0,6,16134,16134,16134,12103,11490,34401
3,2828,2827,1791068152381031,1791068152383539,2508,0,7,16267,16267,16267,12157,11979,35575
3,2829,2828,1791068152431031,1791068152433678,2647,0,8,16351,16351,16351,12266,12079,35443
3,2830,2829,1791068152481031,1791068152483295,2264,0,9,16169,16169,16169,12106,11987,35187
3,2831,2830,1791068152531031,1791068152533221,2190,0,10,16190,16190,16190,12211,12075,35683
3,2832,2831,1791068152581031,1791068152583752,2721,0,11,16241,16241,16241,12166,11728,35113
3,2833,2832,1791068152631031,1791068152633004,1973,0,12,16355,16355,16355,12277,12057,35748
3,2834,2833,1791068152681031,1791068152683428,2397,0,13,16206,16206,16206,12136,11805,35529
3,2835,2834,1791068152731031,1791068152733408,2377,0,14,16266,16266,16266,12214,11862,35694
3,2836,2835,1791068152781031,1791068152783580,2549,0,15,16226,16226,16226,12081,11720,35828
3,2837,2836,1791068152831031,1791068152833118,2087,0,16,16332,16332,16332,12227,11980,35950
3,2838,2837,1791068152881031,1791068152883540,2509,0,17,16104,16104,16104,11968,11165,34540
3,2839,2838,1791068152931031,1791068152933732,2701,0,18,16358,16358,16358,12326,11997,36313
3,2840,2839,1791068152981031,1791068152983540,2509,0,19,16306,16306,16306,12213,11980,35569
3,2841,2840,1791068153031031,1791068153033246,2215,0,0,16101,16101,16101,12133,11715,35547
3,2842,2841,1791068153081031,1791068153083052,2021,0,1,16356,16356,16356,12263,11796,35587
3,2843,2842,1791068153131031,1791068153161257,30226,0,2,16230,16230,16230,12208,11943,35590
3,2844,2843,1791068153181031,1791068153203811,22780,0,3,16336,16336,16336,12264,11907,35625
3,2845,2844,1791068153231031,1791068153247874,16843,0,4,16218,16218,16218,12141,11536,34758
3,2846,2845,1791068153281031,1791068153297553,16522,0,5,16254,16254,16254,12215,12065,35722
3,2847,2846,1791068153331031,1791068153341465,10434,0,6,16134,16134,16134,12148,11653,35251
3,2848,2847,1791068153381031,1791068153386476,5445,0,7,16267,16267,16267,12175,11975,35695
3,2849,2848,1791068153431031,1791068153432822,1791,0,8,16351,16351,16351,12239,11952,35813
3,2850,2849,1791068153481031,1791068153483603,2572,0,9,16169,16169,16169,12153,11832,35565
3,2851,2850,1791068153531031,1791068153532887,1856,0,10,16190,16190,16190,12223,12178,36263
3,2852,2851,1791068153581031,1791068153583797,2766,0,11,16241,16241,16241,12253,11694,35641
3,2853,2852,1791068153631031,1791068153632998,1967,0,12,16355,16355,16355,12214,11792,36043
3,2854,2853,1791068153681031,1791068153683885,2854,0,13,16206,16206,16206,12185,11427,35107
3,2855,2854,1791068153731031,1791068153733569,2538,0,14,16266,16266,16266,12051,11827,35901
3,2856,2855,1791068153781031,1791068153783648,2617,0,15,16226,16226,16226,12163,11762,35841
3,2857,2856,1791068153831031,1791068153833414,2383,0,16,16332,16332,16332,12229,11794,35915
3,2858,2857,1791068153881031,1791068153883098,2067,0,17,16104,16104,16104,12257,11982,36142
3,2859,2858,1791068153931031,1791068153933653,2622,0,18,16358,16358,16358,12293,11943,35883
3,2860,2859,1791068153981031,1791068153983637,2606,0,19,16306,16306,16306,12211,11809,35569
3,2861,2860,1791068154031031,1791068154034090,3059,0,0,16101,16101,16101,12215,11881,35884
3,2862,2861,1791068154081031,1791068154083785,2754,0,1,16356,16356,16356,12291,11999,36051
3,2863,2862,1791068154131031,1791068154133808,2777,0,2,16230,16230,16230,12145,11962,35971
3,2864,2863,1791068154181031,1791068154183465,2434,0,3,16336,16336,16336,12190,12185,36031
3,2865,2864,1791068154231031,1791068154233531,2500,0,4,16218,16218,16218,12081,11875,35147
3,2866,2865,1791068154281031,1791068154283406,2375,0,5,16254,16254,16254,12244,11867,35863
3,2867,2866,1791068154331031,1791068154333718,2687,0,6,16134,16134,16134,12053,11613,35145
3,2868,2867,1791068154381031,1791068154383270,2239,0,7,16267,16267,16267,12198,11907,35802
3,2869,2868,1791068154431031,1791068154432973,1942,0,8,16351,16351,16351,12262,12168,35923
3,2870,2869,1791068154481031,1791068154483660,2629,0,9,16169,16169,16169,12042,11784,35226
3,2871,2870,1791068154531031,1791068154536224,5193,0,10,16190,16190,16190,12193,11910,35587
3,2872,2871,1791068154581031,1791068154589127,8096,0,11,16241,16241,16241,12204,12002,36023
3,2873,2872,1791068154631031,1791068154647203,16172,0,12,16355,16355,16355,12325,12006,35975
3,2874,2873,1791068154681031,1791068154700775,19744,0,13,16206,16206,16206,12121,11562,35371
3,2875,2874,1791068154731031,1791068154753666,22635,0,14,16266,16266,16266,12132,12027,35718
3,2876,2875,1791068154781031,1791068154802365,21334,0,15,16226,16226,16226,12166,11654,34960
3,2877,2876,1791068154831031,1791068154847511,16480,0,16,16332,16332,16332,12273,11824,35944
3,2878,2877,1791068154881031,1791068154893733,12702,0,17,16104,16104,16104,12048,11749,35509
3,2879,2878,1791068154931031,1791068154938836,7805,0,18,16358,16358,16358,12245,12029,35661
3,2880,2879,1791068154981031,1791068154983783,2752,0,19,16306,16306,16306,12215,11915,35829
3,2881,2880,1791068155031031,1791068155033696,2665,0,0,16101,16101,16101,12032,11385,34948
3,2882,2881,1791068155081031,1791068155083232,2201,0,1,16356,16356,16356,12243,12175,36140
3,2883,2882,1791068155131031,1791068155133508,2477,0,2,16230,16230,16230,12225,12001,36274
3,2884,2883,1791068155181031,1791068155183831,2800,0,3,16336,16336,16336,12216,11877,35735
3,2885,2884,1791068155231031,1791068155233005,1974,0,4,16218,16218,16218,12128,11781,35583
3,2886,2885,1791068155281031,1791068155283733,2702,0,5,16254,16254,16254,12120,12027,35650
3,2887,2886,1791068155331031,1791068155332951,1920,0,6,16134,16134,16134,12090,11926,35323
3,2888,2887,1791068155381031,1791068155382876,1845,0,7,16267,16267,16267,12222,11977,36118
3,2889,2888,1791068155431031,1791068155433729,2698,0,8,16351,16351,16351,12317,11737,35884
3,2890,2889,1791068155481031,1791068155484395,3364,0,9,16169,16169,16169,12159,11793,35797
3,2891,2890,1791068155531031,1791068155533852,2821,0,10,16190,16190,16190,12145,11966,35722
3,2892,2891,1791068155581031,1791068155583505,2474,0,11,16241,16241,16241,12168,11776,35626
3,2893,2892,1791068155631031,1791068155633162,2131,0,12,16355,16355,16355,12331,11882,35633
3,2894,2893,1791068155681031,1791068155683230,2199,0,13,16206,16206,16206,12167,11804,35582
3,2895,2894,1791068155731031,1791068155732915,1884,0,14,16266,16266,16266,12159,11554,35160
3,2896,2895,1791068155781031,1791068155783175,2144,0,15,16226,16226,16226,12111,11485,34784
3,2897,2896,1791068155831031,1791068155833198,2167,0,16,16332,16332,16332,12346,12177,36554
3,2898,2897,1791068155881031,1791068155883683,2652,0,17,16104,16104,16104,12127,11687,35059
3,2899,2898,1791068155931031,1791068155933826,2795,0,18,16358,16358,16358,12246,11898,35604
3,2900,2899,1791068155981031,1791068155983728,2697,0,19,16306,16306,16306,12183,11463,34906
3,2901,2900,1791068156031031,1791068156033165,2134,0,0,16101,16101,16101,12159,11357,35409
3,2902,2901,1791068156081031,1791068156083374,2343,0,1,16356,16356,16356,12366,12333,36350
3,2903,2902,1791068156131031,1791068156133296,2265,0,2,16230,16230,16230,12184,11442,34950
3,2904,2903,1791068156181031,1791068156183099,2068,0,3,16336,16336,16336,12341,11927,36201
3,2905,2904,1791068156231031,1791068156232944,1913,0,4,16218,16218,16218,12133,11674,35115
3,2906,2905,1791068156281031,1791068156283115,2084,0,5,16254,16254,16254,12197,11975,35819
3,2907,2906,1791068156331031,1791068156333698,2667,0,6,16134,16134,16134,12108,11881,35803
3,2908,2907,1791068156381031,1791068156383352,2321,0,7,16267,16267,16267,12300,12269,36425
3,2909,2908,1791068156431031,1791068156433595,2564,0,8,16351,16351,16351,12197,11599,35474
3,2910,2909,1791068156481031,1791068156483211,2180,0,9,16169,16169,16169,12122,11580,35679
3,2911,2910,1791068156531031,1791068156532950,1919,0,10,16190,16190,16190,12170,11334,35434
3,2912,2911,1791068156581031,1791068156583230,2199,0,11,16241,16241,16241,12181,11548,36221
3,2913,2912,1791068156631031,1791068156633186,2155,0,12,16355,16355,16355,12191,11949,36195
3,2914,2913,1791068156681031,1791068156683813,2782,0,13,16206,16206,16206,12196,12125,36179
3,2915,2914,1791068156731031,1791068156732987,1956,0,14,16266,16266,16266,12247,12001,36090
3,2916,2915,1791068156781031,1791068156783661,2630,0,15,16226,16226,16226,12234,12050,35942
3,2917,2916,1791068156831031,1791068156832841,1810,0,16,16332,16332,16332,12263,12064,36040
3,2918,2917,1791068156881031,1791068156883182,2151,0,17,16104,16104,16104,12155,11566,35528
3,2919,2918,1791068156931031,1791068156933305,2274,0,18,16358,16358,16358,12341,11825,36049
3,2920,2919,1791068156981031,1791068156992015,10984,0,19,16306,16306,16306,12308,11920,36105
3,2921,2920,1791068157031031,1791068157045513,14482,0,0,16101,16101,16101,12072,12017,35895
3,2922,2921,1791068157081031,1791068157099208,18177,0,1,16356,16356,16356,12300,11907,35959
3,2923,2922,1791068157131031,1791068157144181,13150,0,2,16230,16230,16230,12280,12061,36348
3,2924,2923,1791068157181031,1791068157193193,12162,0,3,16336,16336,16336,12189,11637,35626
3,2925,2924,1791068157231031,1791068157236392,5361,0,4,16218,16218,16218,12194,11446,35354
3,2926,2925,1791068157281031,1791068157283031,2000,0,5,16254,16254,16254,12154,11857,35540
3,2927,2926,1791068157331031,1791068157333729,2698,0,6,16134,16134,16134,12109,11810,35275
3,2928,2927,1791068157381031,1791068157383422,2391,0,7,16267,16267,16267,12264,11740,35526
3,2929,2928,1791068157431031,1791068157433189,2158,0,8,16351,16351,16351,12239,12162,35845
3,2930,2929,1791068157481031,1791068157483045,2014,0,9,16169,16169,16169,12160,11473,34732
3,2931,2930,1791068157531031,1791068157533575,2544,0,10,16190,16190,16190,12197,11949,35672
3,2932,2931,1791068157581031,1791068157583000,1969,0,11,16241,16241,16241,12235,12125,35348
3,2933,2932,1791068157631031,1791068157633775,2744,0,12,16355,16355,16355,12239,11929,35006
3,2934,2933,1791068157681031,1791068157683410,2379,0,13,16206,16206,16206,12206,11705,35166
3,2935,2934,1791068157731031,1791068157732995,1964,0,14,16266,16266,16266,12231,12038,35483
3,2936,2935,1791068157781031,1791068157782864,1833,0,15,16226,16226,16226,12122,11418,34200
3,2937,2936,1791068157831031,1791068157833167,2136,0,16,16332,16332,16332,12261,12085,35732
3,2938,2937,1791068157881031,1791068157883185,2154,0,17,16104,16104,16104,12103,11903,34759
3,2939,2938,1791068157931031,1791068157933636,2605,0,18,16358,16358,16358,12247,12155,35367
3,2940,2939,1791068157981031,1791068157983781,2750,0,19,16306,16306,16306,12173,11948,35125
3,2941,2940,1791068158031031,1791068158033834,2803,0,0,16101,16101,16101,12103,11993,35203
3,2942,2941,1791068158081031,1791068158083681,2650,0,1,16356,16356,16356,12371,12114,35523
3,2943,2942,1791068158131031,1791068158133340,2309,0,2,16230,16230,16230,12206,11754,34743
3,2944,2943,1791068158181031,1791068158184181,3150,0,3,16336,16336,16336,12204,11492,34099
3,2945,2944,1791068158231031,1791068158234330,3299,0,4,16218,16218,16218,12271,12031,35462
3,2946,2945,1791068158281031,1791068158283781,2750,0,5,16254,16254,16254,12126,11892,34689
3,2947,2946,1791068158331031,1791068158333711,2680,0,6,16134,16134,16134,12127,11547,34101
3,2948,2947,1791068158381031,1791068158383367,2336,0,7,16267,16267,16267,12201,12200,34984
3,2949,2948,1791068158431031,1791068158433841,2810,0,8,16351,16351,16351,12359,11972,34996
3,2950,2949,1791068158481031,1791068158483889,2858,0,9,16169,16169,16169,12136,11825,34719
3,2951,2950,1791068158531031,1791068158532842,1811,0,10,16190,16190,16190,12110,11715,34235
3,2952,2951,1791068158581031,1791068158583553,2522,0,11,16241,16241,16241,12239,12044,34961
3,2953,2952,1791068158631031,1791068158633370,2339,0,12,16355,16355,16355,12287,11539,34324
3,2954,2953,1791068158681031,1791068158683851,2820,0,13,16206,16206,16206,12180,11530,34752
3,2955,2954,1791068158731031,1791068158733847,2816,0,14,16266,16266,16266,12238,12072,35166
3,2956,2955,1791068158781031,1791068158783527,2496,0,15,16226,16226,16226,12313,12190,34986
3,2957,2956,1791068158831031,1791068158832912,1881,0,16,16332,16332,16332,12291,12058,35046
3,2958,2957,1791068158881031,1791068158883599,2568,0,17,16104,16104,16104,12149,11276,33641
3,2959,2958,1791068158931031,1791068158933705,2674,0,18,16358,16358,16358,12308,12182,35537
3,2960,2959,1791068158981031,1791068158983525,2494,0,19,16306,16306,16306,12099,11606,33946
3,2961,2960,1791068159031031,1791068159033120,2089,0,0,16101,16101,16101,12126,11823,34771
3,2962,2961,1791068159081031,1791068159083254,2223,0,1,16356,16356,16356,12370,12010,35220
3,2963,2962,1791068159131031,1791068159132910,1879,0,2,16230,16230,16230,12205,12052,34973
3,2964,2963,1791068159181031,1791068159183718,2687,0,3,16336,16336,16336,12340,12150,35284
3,2965,2964,1791068159231031,1791068159233403,2372,0,4,16218,16218,16218,12236,12013,34973
3,2966,2965,1791068159281031,1791068159283119,2088,0,5,16254,16254,16254,12284,12106,35056
3,2967,2966,1791068159331031,1791068159333666,2635,0,6,16134,16134,16134,12166,11697,34429
3,2968,2967,1791068159381031,1791068159383556,2525,0,7,16267,16267,16267,12402,12218,35507
3,2969,2968,1791068159431031,1791068159433653,2622,0,8,16351,16351,16351,12218,11832,34565
3,2970,2969,1791068159481031,1791068159483256,2225,0,9,16169,16169,16169,12161,11828,34601
3,2971,2970,1791068159531031,1791068159532899,1868,0,10,16190,16190,16190,12192,12134,34954
3,2972,2971,1791068159581031,1791068159583464,2433,0,11,16241,16241,16241,12133,11912,34712
3,2973,2972,1791068159631031,1791068159632997,1966,0,12,16355,16355,16355,12228,11948,34838
3,2974,2973,1791068159681031,1791068159682994,1963,0,13,16206,16206,16206,12249,12014,34890
3,2975,2974,1791068159731031,1791068159733122,2091,0,14,16266,16266,16266,12083,11790,34336
3,2976,2975,1791068159781031,1791068159782830,1799,0,15,16226,16226,16226,12159,11805,34470
3,2977,2976,1791068159831031,1791068159833680,2649,0,16,16332,16332,16332,12150,11721,34728
3,2978,2977,1791068159881031,1791068159883268,2237,0,17,16104,16104,16104,12185,11517,34588
3,2979,2978,1791068159931031,1791068159933157,2126,0,18,16358,16358,16358,12214,12001,35072
3,2980,2979,1791068159981031,1791068159983225,2194,0,19,16306,16306,16306,12232,11747,34594
3,2981,2980,1791068160031031,1791068160033278,2247,0,0,16101,16101,16101,12064,11835,34506
3,2982,2981,1791068160081031,1791068160083283,2252,0,1,16356,16356,16356,12385,12103,35350
3,2983,2982,1791068160131031,1791068160133217,2186,0,2,16230,16230,16230,12176,11580,34274
3,2984,2983,1791068160181031,1791068160183279,2248,0,3,16336,16336,16336,12196,11574,34567
3,2985,2984,1791068160231031,1791068160233861,2830,0,4,16218,16218,16218,12222,11997,35451
3,2986,2985,1791068160281031,1791068160282938,1907,0,5,16254,16254,16254,12186,11765,34507
3,2987,2986,1791068160331031,1791068160333074,2043,0,6,16134,16134,16134,12081,11774,34547
3,2988,2987,1791068160381031,1791068160383217,2186,0,7,16267,16267,16267,12308,12130,35326
3,2989,2988,1791068160431031,1791068160433332,2301,0,8,16351,16351,16351,12282,11854,34485
3,2990,2989,1791068160481031,1791068160483853,2822,0,9,16169,16169,16169,12098,11765,34433
3,2991,2990,1791068160531031,1791068160534186,3155,0,10,16190,16190,16190,12161,11982,34840
3,2992,2991,1791068160581031,1791068160583608,2577,0,11,16241,16241,16241,12105,11627,34345
3,2993,2992,1791068160631031,1791068160633211,2180,0,12,16355,16355,16355,12227,11968,34944
3,2994,2993,1791068160681031,1791068160683489,2458,0,13,16206,16206,16206,12259,11446,34568
3,2995,2994,1791068160731031,1791068160733465,2434,0,14,16266,16266,16266,12311,11918,35671
3,2996,2995,1791068160781031,1791068160782814,1783,0,15,16226,16226,16226,12224,12167,35304
3,2997,2996,1791068160831031,1791068160833796,2765,0,16,16332,16332,16332,12355,12046,35686
3,2998,2997,1791068160881031,1791068160883547,2516,0,17,16104,16104,16104,12127,11781,34643
3,2999,2998,1791068160931031,1791068160933380,2349,0,18,16358,16358,16358,12298,12072,35317
3,3000,2999,1791068160981031,1791068160983527,2496,0,19,16306,16306,16306,12320,11854,34963
3,3001,3000,1791068161031031,1791068161033182,2151,0,0,16101,16101,16101,12154,11729,34732
3,3002,3001,1791068161081031,1791068161083460,2429,0,1,16356,16356,16356,12341,12157,35675
3,3003,3002,1791068161131031,1791068161133316,2285,0,2,16230,16230,16230,12178,12034,35083
3,3004,3003,1791068161181031,1791068161183095,2064,0,3,16336,16336,16336,12268,12213,35163
3,3005,3004,1791068161231031,1791068161233747,2716,0,4,16218,16218,16218,12228,12097,35041
3,3006,3005,1791068161281031,1791068161283246,2215,0,5,16254,16254,16254,12161,11777,34596
3,3007,3006,1791068161331031,1791068161333208,2177,0,6,16134,16134,16134,12139,11599,34474
3,3008,3007,1791068161381031,1791068161383524,2493,0,7,16267,16267,16267,12118,11952,34762
3,3009,3008,1791068161431031,1791068161432823,1792,0,8,16351,16351,16351,12354,11870,34929
3,3010,3009,1791068161481031,1791068161483477,2446,0,9,16169,16169,16169,12111,11903,34546
3,3011,3010,1791068161531031,1791068161533411,2380,0,10,16190,16190,16190,12224,11722,34401
3,3012,3011,1791068161581031,1791068161583501,2470,0,11,16241,16241,16241,12111,11910,34633
3,3013,3012,1791068161631031,1791068161633724,2693,0,12,16355,16355,16355,12322,12182,35128
3,3014,3013,1791068161681031,1791068161682835,1804,0,13,16206,16206,16206,12154,12067,34653
3,3015,3014,1791068161731031,1791068161733497,2466,0,14,16266,16266,16266,12029,11952,34283
3,3016,3015,1791068161781031,1791068161783536,2505,0,15,16226,16226,16226,12260,11817,34454
3,3017,3016,1791068161831031,1791068161833879,2848,0,16,16332,16332,16332,12175,12168,34935
3,3018,3017,1791068161881031,1791068161883089,2058,0,17,16104,16104,16104,12104,11307,33573
3,3019,3018,1791068161931031,1791068161933726,2695,0,18,16358,16358,16358,12341,12154,35655
3,3020,3019,1791068161981031,1791068161982848,1817,0,19,16306,16306,16306,12318,11596,34417
3,3021,3020,1791068162031031,1791068162033548,2517,0,0,16101,16101,16101,12090,11603,34755
3,3022,3021,1791068162081031,1791068162083214,2183,0,1,16356,16356,16356,12224,12175,35032
3,3023,3022,1791068162131031,1791068162133314,2283,0,2,16230,16230,16230,12108,11722,34368
3,3024,3023,1791068162181031,1791068162182880,1849,0,3,16336,16336,16336,12172,11852,34664
3,3025,3024,1791068162231031,1791068162233310,2279,0,4,16218,16218,16218,12146,11949,34460
3,3026,3025,1791068162281031,1791068162283190,2159,0,5,16254,16254,16254,12177,12105,34526
3,3027,3026,1791068162331031,1791068162332931,1900,0,6,16134,16134,16134,12109,11806,34145
3,3028,3027,1791068162381031,1791068162383581,2550,0,7,16267,16267,16267,12207,12205,34923
3,3029,3028,1791068162431031,1791068162433300,2269,0,8,16351,16351,16351,12195,11844,34858
3,3030,3029,1791068162481031,1791068162483608,2577,0,9,16169,16169,16169,12190,11810,34555
3,3031,3030,1791068162531031,1791068162533852,2821,0,10,16190,16190,16190,12190,12085,34662
3,3032,3031,1791068162581031,1791068162583587,2556,0,11,16241,16241,16241,12233,12124,34801
3,3033,3032,1791068162631031,1791068162633857,2826,0,12,16355,16355,16355,12140,11682,34270
3,3034,3033,1791068162681031,1791068162683522,2491,0,13,16206,16206,16206,12129,11648,34398
3,3035,3034,1791068162731031,1791068162733301,2270,0,14,16266,16266,16266,12264,11748,34835
3,3036,3035,1791068162781031,1791068162783523,2492,0,15,16226,16226,16226,12142,12142,35015
3,3037,3036,1791068162831031,1791068162833129,2098,0,16,16332,16332,16332,12302,11957,34948
3,3038,3037,1791068162881031,1791068162883478,2447,0,17,16104,16104,16104,12124,11831,34529
3,3039,3038,1791068162931031,1791068162933178,2147,0,18,16358,16358,16358,12288,12175,35262
3,3040,3039,1791068162981031,1791068162983516,2485,0,19,16306,16306,16306,12258,11990,34920
3,3041,3040,1791068163031031,1791068163033463,2432,0,0,16101,16101,16101,11973,11933,34316
3,3042,3041,1791068163081031,1791068163083672,2641,0,1,16356,16356,16356,12323,12084,35079
3,3043,3042,1791068163131031,1791068163133768,2737,0,2,16230,16230,16230,12175,11486,34378
3,3044,3043,1791068163181031,1791068163183484,2453,0,3,16336,16336,16336,12192,12112,35058
3,3045,3044,1791068163231031,1791068163233655,2624,0,4,16218,16218,16218,12183,11525,34293
3,3046,3045,1791068163281031,1791068163283663,2632,0,5,16254,16254,16254,12206,11741,34792
3,3047,3046,1791068163331031,1791068163333401,2370,0,6,16134,16134,16134,12055,11434,34115
3,3048,3047,1791068163381031,1791068163383402,2371,0,7,16267,16267,16267,12267,11904,35185
3,3049,3048,1791068163431031,1791068163432980,1949,0,8,16351,16351,16351,12232,11985,34934
3,3050,3049,1791068163481031,1791068163482945,1914,0,9,16169,16169,16169,12213,11788,34721
3,3051,3050,1791068163531031,1791068163533207,2176,0,10,16190,16190,16190,12225,11468,34455
3,3052,3051,1791068163581031,1791068163582837,1806,0,11,16241,16241,16241,12180,11872,34994
3,3053,3052,1791068163631031,1791068163633590,2559,0,12,16355,16355,16355,12231,12158,34985
3,3054,3053,1791068163681031,1791068163683523,2492,0,13,16206,16206,16206,12153,11789,34443
3,3055,3054,1791068163731031,1791068163733450,2419,0,14,16266,16266,16266,12143,12020,34724
3,3056,3055,1791068163781031,1791068163783557,2526,0,15,16226,16226,16226,12116,11569,34029
3,3057,3056,1791068163831031,1791068163833109,2078,0,16,16332,16332,16332,12204,12191,35189
3,3058,3057,1791068163881031,1791068163882906,1875,0,17,16104,16104,16104,12014,11461,33843
3,3059,3058,1791068163931031,1791068163933060,2029,0,18,16358,16358,16358,12278,11845,34814
3,3060,3059,1791068163981031,1791068163983366,2335,0,19,16306,16306,16306,12224,12086,35091
3,3061,3060,1791068164031031,1791068164033387,2356,0,0,16101,16101,16101,12094,11363,33811
3,3062,3061,1791068164081031,1791068164083151,2120,0,1,16356,16356,16356,12184,11593,34618
3,3063,3062,1791068164131031,1791068164133206,2175,0,2,16230,16230,16230,12217,11860,34716
3,3064,3063,1791068164181031,1791068164183507,2476,0,3,16336,16336,16336,12275,12018,35026
3,3065,3064,1791068164231031,1791068164233542,2511,0,4,16218,16218,16218,12272,12220,35076
3,3066,3065,1791068164281031,1791068164283296,2265,0,5,16254,16254,16254,12204,11784,34554
3,3067,3066,1791068164331031,1791068164333097,2066,0,6,16134,16134,16134,12133,11835,34447
3,3068,3067,1791068164381031,1791068164383076,2045,0,7,16267,16267,16267,12174,11805,34628
3,3069,3068,1791068164431031,1791068164433124,2093,0,8,16351,16351,16351,12367,12169,34979
3,3070,3069,1791068164481031,1791068164483600,2569,0,9,16169,16169,16169,12105,11813,34405
3,3071,3070,1791068164531031,1791068164533526,2495,0,10,16190,16190,16190,12158,11696,34600
3,3072,3071,1791068164581031,1791068164583793,2762,0,11,16241,16241,16241,12110,11526,34057
3,3073,3072,1791068164631031,1791068164633416,2385,0,12,16355,16355,16355,12316,12196,35315
3,3074,3073,1791068164681031,1791068164683589,2558,0,13,16206,16206,16206,12227,12019,34801
3,3075,3074,1791068164731031,1791068164733443,2412,0,14,16266,16266,16266,12139,11951,34670
3,3076,3075,1791068164781031,1791068164783365,2334,0,15,16226,16226,16226,12167,11620,34357
3,3077,3076,1791068164831031,1791068164832938,1907,0,16,16332,16332,16332,12204,12111,35116
3,3078,3077,1791068164881031,1791068164883870,2839,0,17,16104,16104,16104,12051,11474,33987
3,3079,3078,1791068164931031,1791068164933654,2623,0,18,16358,16358,16358,12359,12093,35448
3,3080,3079,1791068164981031,1791068164983870,2839,0,19,16306,16306,16306,12260,11789,34830
3,3081,3080,1791068165031031,1791068165033284,2253,0,0,16101,16101,16101,12094,11370,34041
3,3082,3081,1791068165081031,1791068165082963,1932,0,1,16356,16356,16356,12311,11660,34856
3,3083,3082,1791068165131031,1791068165132948,1917,0,2,16230,16230,16230,12144,11813,34908
3,3084,3083,1791068165181031,1791068165183542,2511,0,3,16336,16336,16336,12212,11557,34537
3,3085,3084,1791068165231031,1791068165233247,2216,0,4,16218,16218,16218,12150,11681,34657
3,3086,3085,1791068165281031,1791068165283545,2514,0,5,16254,16254,16254,12282,11827,34909
3,3087,3086,1791068165331031,1791068165333100,2069,0,6,16134,16134,16134,12164,12033,34496
3,3088,3087,1791068165381031,1791068165382951,1920,0,7,16267,16267,16267,12243,11944,34848
3,3089,3088,1791068165431031,1791068165433411,2380,0,8,16351,16351,16351,12276,11884,34950
3,3090,3089,1791068165481031,1791068165483085,2054,0,9,16169,16169,16169,12170,12008,34742
3,3091,3090,1791068165531031,1791068165533745,2714,0,10,16190,16190,16190,12198,11959,35004
3,3092,3091,1791068165581031,1791068165583654,2623,0,11,16241,16241,16241,12287,12204,34934
3,3093,3092,1791068165631031,1791068165633449,2418,0,12,16355,16355,16355,12307,11894,34837
3,3094,3093,1791068165681031,1791068165683008,1977,0,13,16206,16206,16206,12164,12111,34872
3,3095,3094,1791068165731031,1791068165757807,26776,0,14,16266,16266,16266,12195,12062,35001
3,3096,3095,1791068165781031,1791068165798835,17804,0,15,16226,16226,16226,12196,11651,34387
3,3097,3096,1791068165831031,1791068165841831,10800,0,16,16332,16332,16332,12284,11915,35125
3,3098,3097,1791068165881031,1791068165885603,4572,0,17,16104,16104,16104,12088,11913,34579
3,3099,3098,1791068165931031,1791068165933078,2047,0,18,16358,16358,16358,12328,11736,34434
3,3100,3099,1791068165981031,1791068165983562,2531,0,19,16306,16306,16306,12231,12068,35004
3,3101,3100,1791068166031031,1791068166033574,2543,0,0,16101,16101,16101,12049,11422,33888
3,3102,3101,1791068166081031,1791068166083153,2122,0,1,16356,16356,16356,12346,12166,35276
3,3103,3102,1791068166131031,1791068166132906,1875,0,2,16230,16230,16230,12160,12156,34555
3,3104,3103,1791068166181031,1791068166183793,2762,0,3,16336,16336,16336,12298,11663,34236
3,3105,3104,1791068166231031,1791068166233811,2780,0,4,16218,16218,16218,12171,11832,34841
3,3106,3105,1791068166281031,1791068166283389,2358,0,5,16254,16254,16254,12177,11774,34434
3,3107,3106,1791068166331031,1791068166333733,2702,0,6,16134,16134,16134,12098,11821,34447
3,3108,3107,1791068166381031,1791068166383754,2723,0,7,16267,16267,16267,12172,11841,34508
3,3109,3108,1791068166431031,1791068166433378,2347,0,8,16351,16351,16351,12197,12054,34681
3,3110,3109,1791068166481031,1791068166483890,2859,0,9,16169,16169,16169,12108,11864,34266
3,3111,3110,1791068166531031,1791068166533761,2730,0,10,16190,16190,16190,12153,11839,34801
3,3112,3111,1791068166581031,1791068166583844,2813,0,11,16241,16241,16241,12203,12034,34732
3,3113,3112,1791068166631031,1791068166633621,2590,0,12,16355,16355,16355,12228,11762,34544
3,3114,3113,1791068166681031,1791068166683390,2359,0,13,16206,16206,16206,12245,12085,34984
3,3115,3114,1791068166731031,1791068166733445,2414,0,14,16266,16266,16266,12134,11979,34557
3,3116,3115,1791068166781031,1791068166783698,2667,0,15,16226,16226,16226,12201,11631,34268
3,3117,3116,1791068166831031,1791068166833683,2652,0,16,16332,16332,16332,12210,11834,34628
3,3118,3117,1791068166881031,1791068166883597,2566,0,17,16104,16104,16104,12076,11751,34322
3,3119,3118,1791068166931031,1791068166933492,2461,0,18,16358,16358,16358,12325,11379,34273
3,3120,3119,1791068166981031,1791068166983530,2499,0,19,16306,16306,16306,12236,11795,35419
3,3121,3120,1791068167031031,1791068167033462,2431,0,0,16101,16101,16101,12092,11957,34733
3,3122,3121,1791068167081031,1791068167083812,2781,0,1,16356,16356,16356,12174,11310,33993
3,3123,3122,1791068167131031,1791068167133365,2334,0,2,16230,16230,16230,12219,11641,35221
3,3124,3123,1791068167181031,1791068167183712,2681,0,3,16336,16336,16336,12222,11841,34654
3,3125,3124,1791068167231031,1791068167233527,2496,0,4,16218,16218,16218,12184,11990,34505
3,3126,3125,1791068167281031,1791068167283329,2298,0,5,16254,16254,16254,12160,11982,34610
3,3127,3126,1791068167331031,1791068167333136,2105,0,6,16134,16134,16134,12168,11948,34533
3,3128,3127,1791068167381031,1791068167383001,1970,0,7,16267,16267,16267,12190,12121,34792
3,3129,3128,1791068167431031,1791068167433687,2656,0,8,16351,16351,16351,12194,11934,34566
3,3130,3129,1791068167481031,1791068167483519,2488,0,9,16169,16169,16169,12128,11976,34609
3,3131,3130,1791068167531031,1791068167533716,2685,0,10,16190,16190,16190,12205,11727,34364
3,3132,3131,1791068167581031,1791068167583611,2580,0,11,16241,16241,16241,12196,11722,34455
3,3133,3132,1791068167631031,1791068167633877,2846,0,12,16355,16355,16355,12261,11830,34931
3,3134,3133,1791068167681031,1791068167683765,2734,0,13,16206,16206,16206,12262,11896,34541
3,3135,3134,1791068167731031,1791068167733576,2545,0,14,16266,16266,16266,12297,11685,34505
3,3136,3135,1791068167781031,1791068167783155,2124,0,15,16226,16226,16226,12247,11701,34937
3,3137,3136,1791068167831031,1791068167833093,2062,0,16,16332,16332,16332,12293,11910,34833
3,3138,3137,1791068167881031,1791068167883477,2446,0,17,16104,16104,16104,12156,11484,33934
3,3139,3138,1791068167931031,1791068167932871,1840,0,18,16358,16358,16358,12407,12176,35526
3,3140,3139,1791068167981031,1791068167983669,2638,0,19,16306,16306,16306,12310,12237,34953
3,3141,3140,1791068168031031,1791068168032984,1953,0,0,16101,16101,16101,12128,11708,34128
3,3142,3141,1791068168081031,1791068168083360,2329,0,1,16356,16356,16356,12310,12066,35146
3,3143,3142,1791068168131031,1791068168133485,2454,0,2,16230,16230,16230,12195,11968,34852
3,3144,3143,1791068168181031,1791068168183779,2748,0,3,16336,16336,16336,12206,12121,34788
3,3145,3144,1791068168231031,1791068168233601,2570,0,4,16218,16218,16218,12163,11497,33926
3,3146,3145,1791068168281031,1791068168283455,2424,0,5,16254,16254,16254,12283,12006,35180
3,3147,3146,1791068168331031,1791068168333058,2027,0,6,16134,16134,16134,12077,11811,34384
3,3148,3147,1791068168381031,1791068168383806,2775,0,7,16267,16267,16267,12157,11730,34313
3,3149,3148,1791068168431031,1791068168433055,2024,0,8,16351,16351,16351,12260,11746,34683
3,3150,3149,1791068168481031,1791068168482932,1901,0,9,16169,16169,16169,12242,12060,35125
3,3151,3150,1791068168531031,1791068168533653,2622,0,10,16190,16190,16190,12158,11783,34917
3,3152,3151,1791068168581031,1791068168583705,2674,0,11,16241,16241,16241,12185,12053,34879
3,3153,3152,1791068168631031,1791068168633389,2358,0,12,16355,16355,16355,12331,12109,35178
3,3154,3153,1791068168681031,1791068168683421,2390,0,13,16206,16206,16206,12216,11982,34771
3,3155,3154,1791068168731031,1791068168733150,2119,0,14,16266,16266,16266,12200,11592,34408
3,3156,3155,1791068168781031,1791068168783796,2765,0,15,16226,16226,16226,12140,11821,34705
3,3157,3156,1791068168831031,1791068168833660,2629,0,16,16332,16332,16332,12284,11969,35130
3,3158,3157,1791068168881031,1791068168882972,1941,0,17,16104,16104,16104,12121,11900,34451
3,3159,3158,1791068168931031,1791068168933546,2515,0,18,16358,16358,16358,12298,12003,34901
3,3160,3159,1791068168981031,1791068168983939,2908,0,19,16306,16306,16306,12344,12082,34914
3,3161,3160,1791068169031031,1791068169033750,2719,0,0,16101,16101,16101,11946,11701,34064
3,3162,3161,1791068169081031,1791068169083065,2034,0,1,16356,16356,16356,12261,12006,34966
3,3163,3162,1791068169131031,1791068169133115,2084,0,2,16230,16230,16230,12200,11733,34746
3,3164,3163,1791068169181031,1791068169183641,2610,0,3,16336,16336,16336,12193,11970,34936
3,3165,3164,1791068169231031,1791068169232930,1899,0,4,16218,16218,16218,12154,11991,34825
3,3166,3165,1791068169281031,1791068169283450,2419,0,5,16254,16254,16254,12291,11836,35020
3,3167,3166,1791068169331031,1791068169333462,2431,0,6,16134,16134,16134,12061,11488,33870
3,3168,3167,1791068169381031,1791068169382901,1870,0,7,16267,16267,16267,12257,11798,34955
3,3169,3168,1791068169431031,1791068169446812,15781,0,8,16351,16351,16351,12316,11902,34862
3,3170,3169,1791068169481031,1791068169501196,20165,0,9,16169,16169,16169,12220,12105,35015
3,3171,3170,1791068169531031,1791068169544046,13015,0,10,16190,16190,16190,12164,11733,34239
3,3172,3171,1791068169581031,1791068169585886,4855,0,11,16241,16241,16241,12228,12116,35022
3,3173,3172,1791068169631031,1791068169635778,4747,0,12,16355,16355,16355,12200,12091,34680
3,3174,3173,1791068169681031,1791068169683152,2121,0,13,16206,16206,16206,12149,11568,34110
3,3175,3174,1791068169731031,1791068169733284,2253,0,14,16266,16266,16266,12219,12058,34687
3,3176,3175,1791068169781031,1791068169783095,2064,0,15,16226,16226,16226,12230,12044,34729
3,3177,3176,1791068169831031,1791068169833735,2704,0,16,16332,16332,16332,12192,11706,34487
3,3178,3177,1791068169881031,1791068169883490,2459,0,17,16104,16104,16104,12122,11711,34458
3,3179,3178,1791068169931031,1791068169932993,1962,0,18,16358,16358,16358,12329,12158,35278
3,3180,3179,1791068169981031,1791068169983672,2641,0,19,16306,16306,16306,12195,11760,34548
3,3181,3180,1791068170031031,1791068170033848,2817,0,0,16101,16101,16101,12044,12003,34530
3,3182,3181,1791068170081031,1791068170083028,1997,0,1,16356,16356,16356,12265,11923,34889
3,3183,3182,1791068170131031,1791068170133202,2171,0,2,16230,16230,16230,12237,12067,35252
3,3184,3183,1791068170181031,1791068170183598,2567,0,3,16336,16336,16336,12275,11991,35059
3,3185,3184,1791068170231031,1791068170233485,2454,0,4,16218,16218,16218,12184,12027,35159
3,3186,3185,1791068170281031,1791068170283329,2298,0,5,16254,16254,16254,12121,11885,34633
3,3187,3186,1791068170331031,1791068170333858,2827,0,6,16134,16134,16134,12083,11532,34255
3,3188,3187,1791068170381031,1791068170383902,2871,0,7,16267,16267,16267,12163,11944,34971
3,3189,3188,1791068170431031,1791068170433370,2339,0,8,16351,16351,16351,12254,11752,34537
3,3190,3189,1791068170481031,1791068170483431,2400,0,9,16169,16169,16169,12132,11637,34483
3,3191,3190,1791068170531031,1791068170533015,1984,0,10,16190,16190,16190,12099,11528,34210
3,3192,3191,1791068170581031,1791068170583544,2513,0,11,16241,16241,16241,12133,12049,34880
3,3193,3192,1791068170631031,1791068170633868,2837,0,12,16355,16355,16355,12167,11919,34662
3,3194,3193,1791068170681031,1791068170683336,2305,0,13,16206,16206,16206,12199,12031,35038
3,3195,3194,1791068170731031,1791068170733304,2273,0,14,16266,16266,16266,12256,11835,34880
3,3196,3195,1791068170781031,1791068170782940,1909,0,15,16226,16226,16226,12300,11730,34743
3,3197,3196,1791068170831031,1791068170833567,2536,0,16,16332,16332,16332,12236,12190,35403
3,3198,3197,1791068170881031,1791068170883301,2270,0,17,16104,16104,16104,12213,12108,35077
3,3199,3198,1791068170931031,1791068170933345,2314,0,18,16358,16358,16358,12256,12124,35266
3,3200,3199,1791068170981031,1791068170983642,2611,0,19,16306,16306,16306,12178,11772,34542
3,3201,3200,1791068171031031,1791068171033157,2126,0,0,16101,16101,16101,12079,11824,34736
3,3202,3201,1791068171081031,1791068171083068,2037,0,1,16356,16356,16356,12270,11922,35218
3,3203,3202,1791068171131031,1791068171133284,2253,0,2,16230,16230,16230,12207,11886,34825
3,3204,3203,1791068171181031,1791068171183106,2075,0,3,16336,16336,16336,12240,12104,35167
3,3205,3204,1791068171231031,1791068171233262,2231,0,4,16218,16218,16218,12234,12082,35071
3,3206,3205,1791068171281031,1791068171283653,2622,0,5,16254,16254,16254,12233,11923,35023
3,3207,3206,1791068171331031,1791068171333011,1980,0,6,16134,16134,16134,12137,11388,34125
3,3208,3207,1791068171381031,1791068171383090,2059,0,7,16267,16267,16267,12030,11870,35034
3,3209,3208,1791068171431031,1791068171433052,2021,0,8,16351,16351,16351,12183,12043,34896
3,3210,3209,1791068171481031,1791068171483213,2182,0,9,16169,16169,16169,12152,11571,34605
3,3211,3210,1791068171531031,1791068171533304,2273,0,10,16190,16190,16190,12259,11634,34844
3,3212,3211,1791068171581031,1791068171583308,2277,0,11,16241,16241,16241,12202,11648,34551
3,3213,3212,1791068171631031,1791068171633162,2131,0,12,16355,16355,16355,12211,11937,34882
3,3214,3213,1791068171681031,1791068171683079,2048,0,13,16206,16206,16206,12136,12123,34836
3,3215,3214,1791068171731031,1791068171733139,2108,0,14,16266,16266,16266,12266,11874,34800
3,3216,3215,1791068171781031,1791068171783821,2790,0,15,16226,16226,16226,12280,11688,34726
3,3217,3216,1791068171831031,1791068171833856,2825,0,16,16332,16332,16332,12293,12120,35304
3,3218,3217,1791068171881031,1791068171883423,2392,0,17,16104,16104,16104,12076,11543,33954
3,3219,3218,1791068171931031,1791068171933712,2681,0,18,16358,16358,16358,12244,12134,35255
3,3220,3219,1791068171981031,1791068171983689,2658,0,19,16306,16306,16306,12207,12064,34694
3,3221,3220,1791068172031031,1791068172032889,1858,0,0,16101,16101,16101,11977,11526,33879
3,3222,3221,1791068172081031,1791068172082932,1901,0,1,16356,16356,16356,12299,11834,34768
3,3223,3222,1791068172131031,1791068172133793,2762,0,2,16230,16230,16230,12203,12171,35109
3,3224,3223,1791068172181031,1791068172183635,2604,0,3,16336,16336,16336,12356,12118,35000
3,3225,3224,1791068172231031,1791068172233883,2852,0,4,16218,16218,16218,12078,11657,34155
3,3226,3225,1791068172281031,1791068172283650,2619,0,5,16254,16254,16254,12314,11751,34766
3,3227,3226,1791068172331031,1791068172333648,2617,0,6,16134,16134,16134,12161,11963,34705
3,3228,3227,1791068172381031,1791068172397174,16143,0,7,16267,16267,16267,12178,11794,34372
3,3229,3228,1791068172431031,1791068172452969,21938,0,8,16351,16351,16351,12293,11997,35050
3,3230,3229,1791068172481031,1791068172500032,19001,0,9,16169,16169,16169,12139,12088,34623
3,3231,3230,1791068172531031,1791068172547622,16591,0,10,16190,16190,16190,12149,11785,34511
3,3232,3231,1791068172581031,1791068172595726,14695,0,11,16241,16241,16241,12230,11264,34093
3,3233,3232,1791068172631031,1791068172642136,11105,0,12,16355,16355,16355,12325,11788,35540
3,3234,3233,1791068172681031,1791068172683817,2786,0,13,16206,16206,16206,12152,11453,34034
3,3235,3234,1791068172731031,1791068172732907,1876,0,14,16266,16266,16266,12289,11802,35059
3,3236,3235,1791068172781031,1791068172783469,2438,0,15,16226,16226,16226,12211,11586,34471
3,3237,3236,1791068172831031,1791068172832908,1877,0,16,16332,16332,16332,12252,12093,35383
3,3238,3237,1791068172881031,1791068172883031,2000,0,17,16104,16104,16104,12115,11670,34301
3,3239,3238,1791068172931031,1791068172932898,1867,0,18,16358,16358,16358,12303,11981,34911
3,3240,3239,1791068172981031,1791068172983537,2506,0,19,16306,16306,16306,12251,11715,34628
3,3241,3240,1791068173031031,1791068173033140,2109,0,0,16101,16101,16101,12189,11958,34855
3,3242,3241,1791068173081031,1791068173083644,2613,0,1,16356,16356,16356,12260,11737,34597
3,3243,3242,1791068173131031,1791068173133201,2170,0,2,16230,16230,16230,12148,11623,34579
3,3244,3243,1791068173181031,1791068173182826,1795,0,3,16336,16336,16336,12247,11981,34882
3,3245,3244,1791068173231031,1791068173233700,2669,0,4,16218,16218,16218,12144,11966,34408
3,3246,3245,1791068173281031,1791068173283651,2620,0,5,16254,16254,16254,12186,11880,34510
3,3247,3246,1791068173331031,1791068173333410,2379,0,6,16134,16134,16134,12114,11822,34296
3,3248,3247,1791068173381031,1791068173383560,2529,0,7,16267,16267,16267,12096,11589,34202
3,3249,3248,1791068173431031,1791068173433239,2208,0,8,16351,16351,16351,12166,11388,34084
3,3250,3249,1791068173481031,1791068173482852,1821,0,9,16169,16169,16169,12080,11953,34965
3,3251,3250,1791068173531031,1791068173533208,2177,0,10,16190,16190,16190,12162,11934,34569
3,3252,3251,1791068173581031,1791068173583511,2480,0,11,16241,16241,16241,12205,11645,34695
3,3253,3252,1791068173631031,1791068173633005,1974,0,12,16355,16355,16355,12254,11850,34801
3,3254,3253,1791068173681031,1791068173683144,2113,0,13,16206,16206,16206,12231,11758,34667
3,3255,3254,1791068173731031,1791068173733084,2053,0,14,16266,16266,16266,12153,11990,34974
3,3256,3255,1791068173781031,1791068173783551,2520,0,15,16226,16226,16226,12134,11628,34224
3,3257,3256,1791068173831031,1791068173833482,2451,0,16,16332,16332,16332,12286,11635,34518
3,3258,3257,1791068173881031,1791068173883083,2052,0,17,16104,16104,16104,12129,11614,34644
3,3259,3258,1791068173931031,1791068173933714,2683,0,18,16358,16358,16358,12330,11479,34487
3,3260,3259,1791068173981031,1791068173983735,2704,0,19,16306,16306,16306,12289,11801,35369
3,3261,3260,1791068174031031,1791068174032848,1817,0,0,16101,16101,16101,12074,11913,34798
3,3262,3261,1791068174081031,1791068174083785,2754,0,1,16356,16356,16356,12369,12157,35242
3,3263,3262,1791068174131031,1791068174133785,2754,0,2,16230,16230,16230,12176,11965,34877
3,3264,3263,1791068174181031,1791068174183549,2518,0,3,16336,16336,16336,12316,11975,35111
3,3265,3264,1791068174231031,1791068174233114,2083,0,4,16218,16218,16218,12152,11733,34747
3,3266,3265,1791068174281031,1791068174282928,1897,0,5,16254,16254,16254,12217,11732,34860
3,3267,3266,1791068174331031,1791068174334992,3961,0,6,16134,16134,16134,12114,12061,35095
3,3268,3267,1791068174381031,1791068174383743,2712,0,7,16267,16267,16267,12213,11798,34832
3,3269,3268,1791068174431031,1791068174432902,1871,0,8,16351,16351,16351,12315,12234,35259
3,3270,3269,1791068174481031,1791068174483698,2667,0,9,16169,16169,16169,12156,11570,34913
3,3271,3270,1791068174531031,1791068174533464,2433,0,10,16190,16190,16190,12070,11917,35060
3,3272,3271,1791068174581031,1791068174583512,2481,0,11,16241,16241,16241,12193,11956,35150
3,3273,3272,1791068174631031,1791068174633578,2547,0,12,16355,16355,16355,12219,12153,35482
3,3274,3273,1791068174681031,1791068174683443,2412,0,13,16206,16206,16206,12195,12002,35318
3,3275,3274,1791068174731031,1791068174733716,2685,0,14,16266,16266,16266,12170,11596,34947
3,3276,3275,1791068174781031,1791068174783399,2368,0,15,16226,16226,16226,12198,11973,35785
3,3277,3276,1791068174831031,1791068174832959,1928,0,16,16332,16332,16332,12169,11749,35536
3,3278,3277,1791068174881031,1791068174883531,2500,0,17,16104,16104,16104,12199,11944,35671
3,3279,3278,1791068174931031,1791068174933315,2284,0,18,16358,16358,16358,12354,12188,35755
3,3280,3279,1791068174981031,1791068174982902,1871,0,19,16306,16306,16306,12278,12125,35507
3,3281,3280,1791068175031031,1791068175033826,2795,0,0,16101,16101,16101,12103,11965,35173
3,3282,3281,1791068175081031,1791068175083174,2143,0,1,16356,16356,16356,12385,12034,35617
3,3283,3282,1791068175131031,1791068175133265,2234,0,2,16230,16230,16230,12142,12058,35171
3,3284,3283,1791068175181031,1791068175182832,1801,0,3,16336,16336,16336,12342,11413,34971
3,3285,3284,1791068175231031,1791068175233670,2639,0,4,16218,16218,16218,12052,11392,34832
3,3286,3285,1791068175281031,1791068175283465,2434,0,5,16254,16254,16254,12229,12168,35568
3,3287,3286,1791068175331031,1791068175333630,2599,0,6,16134,16134,16134,12164,11590,34333
3,3288,3287,1791068175381031,1791068175383788,2757,0,7,16267,16267,16267,12281,11904,35354
3,3289,3288,1791068175431031,1791068175433139,2108,0,8,16351,16351,16351,12257,11574,34537
3,3290,3289,1791068175481031,1791068175483701,2670,0,9,16169,16169,16169,12165,12088,35248
3,3291,3290,1791068175531031,1791068175533318,2287,0,10,16190,16190,16190,12166,11620,34599
3,3292,3291,1791068175581031,1791068175583557,2526,0,11,16241,16241,16241,12172,11817,34749
3,3293,3292,1791068175631031,1791068175633136,2105,0,12,16355,16355,16355,12310,12081,35330
3,3294,3293,1791068175681031,1791068175683446,2415,0,13,16206,16206,16206,12121,11628,34590
3,3295,3294,1791068175731031,1791068175733404,2373,0,14,16266,16266,16266,12204,11838,35336
3,3296,3295,1791068175781031,1791068175783509,2478,0,15,16226,16226,16226,12099,11500,34657
3,3297,3296,1791068175831031,1791068175833538,2507,0,16,16332,16332,16332,12232,11571,35143
3,3298,3297,1791068175881031,1791068175883768,2737,0,17,16104,16104,16104,12144,11967,35206
3,3299,3298,1791068175931031,1791068175933187,2156,0,18,16358,16358,16358,12248,11855,35182
3,3300,3299,1791068175981031,1791068175983843,2812,0,19,16306,16306,16306,12276,11862,35413
3,3301,3300,1791068176031031,1791068176033280,2249,0,0,16101,16101,16101,12091,11662,34522
3,3302,3301,1791068176081031,1791068176082940,1909,0,1,16356,16356,16356,12361,11702,35639
3,3303,3302,1791068176131031,1791068176133554,2523,0,2,16230,16230,16230,12183,12176,35749
3,3304,3303,1791068176181031,1791068176182955,1924,0,3,16336,16336,16336,12219,11753,34934
3,3305,3304,1791068176231031,1791068176232905,1874,0,4,16218,16218,16218,12231,12073,35569
3,3306,3305,1791068176281031,1791068176283085,2054,0,5,16254,16254,16254,12237,11996,34908
3,3307,3306,1791068176331031,1791068176333074,2043,0,6,16134,16134,16134,12156,11874,34830
3,3308,3307,1791068176381031,1791068176382889,1858,0,7,16267,16267,16267,12110,11954,35034
3,3309,3308,1791068176431031,1791068176433476,2445,0,8,16351,16351,16351,12258,12167,35198
3,3310,3309,1791068176481031,1791068176482949,1918,0,9,16169,16169,16169,12112,11751,34519
3,3311,3310,1791068176531031,1791068176532847,1816,0,10,16190,16190,16190,12170,12048,35060
3,3312,3311,1791068176581031,1791068176583344,2313,0,11,16241,16241,16241,12174,11738,34965
3,3313,3312,1791068176631031,1791068176633043,2012,0,12,16355,16355,16355,12166,11988,35158
3,3314,3313,1791068176681031,1791068176683831,2800,0,13,16206,16206,16206,12199,11794,34684
3,3315,3314,1791068176731031,1791068176733567,2536,0,14,16266,16266,16266,12217,11902,35147
3,3316,3315,1791068176781031,1791068176783445,2414,0,15,16226,16226,16226,12137,11707,34620
3,3317,3316,1791068176831031,1791068176833088,2057,0,16,16332,16332,16332,12194,11853,34927
3,3318,3317,1791068176881031,1791068176883635,2604,0,17,16104,16104,16104,12020,11894,34526
3,3319,3318,1791068176931031,1791068176933798,2767,0,18,16358,16358,16358,12314,11748,34568
3,3320,3319,1791068176981031,1791068176983517,2486,0,19,16306,16306,16306,12199,12006,34982
3,3321,3320,1791068177031031,1791068177033118,2087,0,0,16101,16101,16101,12075,11727,34427
3,3322,3321,1791068177081031,1791068177083587,2556,0,1,16356,16356,16356,12217,12082,34918
3,3323,3322,1791068177131031,1791068177133416,2385,0,2,16230,16230,16230,12137,11945,34721
3,3324,3323,1791068177181031,1791068177183795,2764,0,3,16336,16336,16336,12308,12300,35261
3,3325,3324,1791068177231031,1791068177233452,2421,0,4,16218,16218,16218,12168,12004,34861
3,3326,3325,1791068177281031,1791068177283376,2345,0,5,16254,16254,16254,12213,11398,34171
3,3327,3326,1791068177331031,1791068177333286,2255,0,6,16134,16134,16134,12033,11613,34548
3,3328,3327,1791068177381031,1791068177383592,2561,0,7,16267,16267,16267,12186,11757,34658
3,3329,3328,1791068177431031,1791068177433827,2796,0,8,16351,16351,16351,12229,11791,34939
3,3330,3329,1791068177481031,1791068177483685,2654,0,9,16169,16169,16169,12228,11396,34072
3,3331,3330,1791068177531031,1791068177533282,2251,0,10,16190,16190,16190,12072,11885,35165
3,3332,3331,1791068177581031,1791068177583188,2157,0,11,16241,16241,16241,12189,11870,34727
3,3333,3332,1791068177631031,1791068177634426,3395,0,12,16355,16355,16355,12236,11603,34576
3,3334,3333,1791068177681031,1791068177683099,2068,0,13,16206,16206,16206,12241,12018,35022
3,3335,3334,1791068177731031,1791068177733048,2017,0,14,16266,16266,16266,12205,11906,34569
3,3336,3335,1791068177781031,1791068177783556,2525,0,15,16226,16226,16226,12086,12078,34309
3,3337,3336,1791068177831031,1791068177833521,2490,0,16,16332,16332,16332,12333,11663,34573
3,3338,3337,1791068177881031,1791068177883160,2129,0,17,16104,16104,16104,12050,11584,34157
3,3339,3338,1791068177931031,1791068177933080,2049,0,18,16358,16358,16358,12205,12032,34782
3,3340,3339,1791068177981031,1791068177983423,2392,0,19,16306,16306,16306,12257,11767,34574
3,3341,3340,1791068178031031,1791068178033787,2756,0,0,16101,16101,16101,12107,11807,34929
3,3342,3341,1791068178081031,1791068178083549,2518,0,1,16356,16356,16356,12286,12210,35161
3,3343,3342,1791068178131031,1791068178133564,2533,0,2,16230,16230,16230,12155,11709,34498
3,3344,3343,1791068178181031,1791068178183528,2497,0,3,16336,16336,16336,12207,11944,34864
3,3345,3344,1791068178231031,1791068178233284,2253,0,4,16218,16218,16218,12188,11940,34722
3,3346,3345,1791068178281031,1791068178303110,22079,0,5,16254,16254,16254,12204,11887,34674
3,3347,3346,1791068178331031,1791068178344776,13745,0,6,16134,16134,16134,12157,12097,34653
3,3348,3347,1791068178381031,1791068178392053,11022,0,7,16267,16267,16267,12243,11955,34719
3,3349,3348,1791068178431031,1791068178440111,9080,0,8,16351,16351,16351,12190,11977,34748
3,3350,3349,1791068178481031,1791068178484247,3216,0,9,16169,16169,16169,12152,11807,34470
3,3351,3350,1791068178531031,1791068178533806,2775,0,10,16190,16190,16190,12244,11774,34468
3,3352,3351,1791068178581031,1791068178584365,3334,0,11,16241,16241,16241,12172,11652,34407
3,3353,3352,1791068178631031,1791068178633538,2507,0,12,16355,16355,16355,12320,12111,35164
3,3354,3353,1791068178681031,1791068178683177,2146,0,13,16206,16206,16206,12120,11739,34487
3,3355,3354,1791068178731031,1791068178733088,2057,0,14,16266,16266,16266,12163,11316,33904
3,3356,3355,1791068178781031,1791068178783503,2472,0,15,16226,16226,16226,12186,11484,34694
3,3357,3356,1791068178831031,1791068178833822,2791,0,16,16332,16332,16332,12254,12175,35424
3,3358,3357,1791068178881031,1791068178882904,1873,0,17,16104,16104,16104,11918,11746,33956
3,3359,3358,1791068178931031,1791068178932952,1921,0,18,16358,16358,16358,12270,12229,35215
3,3360,3359,1791068178981031,1791068178982887,1856,0,19,16306,16306,16306,12237,12190,35110
3,3361,3360,1791068179031031,1791068179033734,2703,0,0,16101,16101,16101,12041,11879,34428
3,3362,3361,1791068179081031,1791068179083420,2389,0,1,16356,16356,16356,12286,11944,34833
3,3363,3362,1791068179131031,1791068179133506,2475,0,2,16230,16230,16230,12176,11888,34727
3,3364,3363,1791068179181031,1791068179183432,2401,0,3,16336,16336,16336,12323,11959,34824
3,3365,3364,1791068179231031,1791068179234215,3184,0,4,16218,16218,16218,12140,11897,34668
3,3366,3365,1791068179281031,1791068179283387,2356,0,5,16254,16254,16254,12165,12095,34883
3,3367,3366,1791068179331031,1791068179336077,5046,0,6,16134,16134,16134,12132,11740,34468
3,3368,3367,1791068179381031,1791068179383081,2050,0,7,16267,16267,16267,12200,11867,34954
3,3369,3368,1791068179431031,1791068179435140,4109,0,8,16351,16351,16351,12296,11899,34758
3,3370,3369,1791068179481031,1791068179482947,1916,0,9,16169,16169,16169,12178,11971,34792
3,3371,3370,1791068179531031,1791068179533267,2236,0,10,16190,16190,16190,12137,11771,34349
3,3372,3371,1791068179581031,1791068179583469,2438,0,11,16241,16241,16241,12211,12177,35135
3,3373,3372,1791068179631031,1791068179633658,2627,0,12,16355,16355,16355,12358,11868,34754
3,3374,3373,1791068179681031,1791068179683750,2719,0,13,16206,16206,16206,12138,11873,34765
3,3375,3374,1791068179731031,1791068179733871,2840,0,14,16266,16266,16266,12291,12070,35200
3,3376,3375,1791068179781031,1791068179782990,1959,0,15,16226,16226,16226,12050,11860,34304
3,3377,3376,1791068179831031,1791068179833139,2108,0,16,16332,16332,16332,12188,12093,34616
3,3378,3377,1791068179881031,1791068179883242,2211,0,17,16104,16104,16104,12097,12071,34479
3,3379,3378,1791068179931031,1791068179933602,2571,0,18,16358,16358,16358,12274,11727,34644
3,3380,3379,1791068179981031,1791068179983359,2328,0,19,16306,16306,16306,12222,11681,34883
3,3381,3380,1791068180031031,1791068180033148,2117,0,0,16101,16101,16101,12048,11498,34368
3,3382,3381,1791068180081031,1791068180083428,2397,0,1,16356,16356,16356,12321,12043,35332
3,3383,3382,1791068180131031,1791068180133477,2446,0,2,16230,16230,16230,12200,11954,34946
3,3384,3383,1791068180181031,1791068180183414,2383,0,3,16336,16336,16336,12210,12009,35047
3,3385,3384,1791068180231031,1791068180233876,2845,0,4,16218,16218,16218,12218,11768,34754
3,3386,3385,1791068180281031,1791068180283283,2252,0,5,16254,16254,16254,12188,11875,34863
3,3387,3386,1791068180331031,1791068180333337,2306,0,6,16134,16134,16134,12166,11977,34768
3,3388,3387,1791068180381031,1791068180383361,2330,0,7,16267,16267,16267,12137,11609,34320
3,3389,3388,1791068180431031,1791068180433177,2146,0,8,16351,16351,16351,12271,12252,35570
3,3390,3389,1791068180481031,1791068180483003,1972,0,9,16169,16169,16169,12136,11778,34436
3,3391,3390,1791068180531031,1791068180533114,2083,0,10,16190,16190,16190,12202,12152,35264
3,3392,3391,1791068180581031,1791068180583830,2799,0,11,16241,16241,16241,12117,11905,34975
3,3393,3392,1791068180631031,1791068180632823,1792,0,12,16355,16355,16355,12294,11640,34961
3,3394,3393,1791068180681031,1791068180683346,2315,0,13,16206,16206,16206,12141,11858,35066
3,3395,3394,1791068180731031,1791068180733458,2427,0,14,16266,16266,16266,12211,12054,35442
3,3396,3395,1791068180781031,1791068180783271,2240,0,15,16226,16226,16226,12083,11447,34506
3,3397,3396,1791068180831031,1791068180833878,2847,0,16,16332,16332,16332,12227,11474,35074
3,3398,3397,1791068180881031,1791068180883428,2397,0,17,16104,16104,16104,12208,11941,35496
3,3399,3398,1791068180931031,1791068180932966,1935,0,18,16358,16358,16358,12272,11577,34853
3,3400,3399,1791068180981031,1791068180983523,2492,0,19,16306,16306,16306,12188,11821,35259
3,3401,3400,1791068181031031,1791068181032991,1960,0,0,16101,16101,16101,12018,11826,34965
3,3402,3401,1791068181081031,1791068181082951,1920,0,1,16356,16356,16356,12316,12249,36119
3,3403,3402,1791068181131031,1791068181133058,2027,0,2,16230,16230,16230,12105,11921,35225
3,3404,3403,1791068181181031,1791068181183762,2731,0,3,16336,16336,16336,12226,12167,35627
3,3405,3404,1791068181231031,1791068181233675,2644,0,4,16218,16218,16218,12112,11795,35352
3,3406,3405,1791068181281031,1791068181283679,2648,0,5,16254,16254,16254,12197,12068,36107
3,3407,3406,1791068181331031,1791068181333674,2643,0,6,16134,16134,16134,12096,11933,35431
3,3408,3407,1791068181381031,1791068181383527,2496,0,7,16267,16267,16267,12346,12045,36103
3,3409,3408,1791068181431031,1791068181433836,2805,0,8,16351,16351,16351,12232,11993,35705
3,3410,3409,1791068181481031,1791068181482903,1872,0,9,16169,16169,16169,12178,11907,35721
3,3411,3410,1791068181531031,1791068181532944,1913,0,10,16190,16190,16190,12115,11645,35286
3,3412,3411,1791068181581031,1791068181583581,2550,0,11,16241,16241,16241,12204,11923,35610
3,3413,3412,1791068181631031,1791068181633531,2500,0,12,16355,16355,16355,12280,11839,35673
3,3414,3413,1791068181681031,1791068181683396,2365,0,13,16206,16206,16206,12172,12009,35787
3,3415,3414,1791068181731031,1791068181733455,2424,0,14,16266,16266,16266,12234,12059,35972
3,3416,3415,1791068181781031,1791068181783654,2623,0,15,16226,16226,16226,12197,12039,35987
3,3417,3416,1791068181831031,1791068181833094,2063,0,16,16332,16332,16332,12313,11968,36302
3,3418,3417,1791068181881031,1791068181883522,2491,0,17,16104,16104,16104,12151,11746,35573
3,3419,3418,1791068181931031,1791068181933065,2034,0,18,16358,16358,16358,12254,11618,35733
3,3420,3419,1791068181981031,1791068181983583,2552,0,19,16306,16306,16306,12273,11915,36444
3,3421,3420,1791068182031031,1791068182033453,2422,0,0,16101,16101,16101,12072,11755,35579
3,3422,3421,1791068182081031,1791068182093844,12813,0,1,16356,16356,16356,12186,11219,34667
3,3423,3422,1791068182131031,1791068182145799,14768,0,2,16230,16230,16230,12150,11568,36194
3,3424,3423,1791068182181031,1791068182192249,11218,0,3,16336,16336,16336,12343,11551,35918
3,3425,3424,1791068182231031,1791068182243520,12489,0,4,16218,16218,16218,12189,11935,35910
3,3426,3425,1791068182281031,1791068182287468,6437,0,5,16254,16254,16254,12117,11657,35237
3,3427,3426,1791068182331031,1791068182338407,7376,0,6,16134,16134,16134,12172,11887,35809
3,3428,3427,1791068182381031,1791068182395859,14828,0,7,16267,16267,16267,12230,12057,35650
3,3429,3428,1791068182431031,1791068182442736,11705,0,8,16351,16351,16351,12226,11969,35616
3,3430,3429,1791068182481031,1791068182489894,8863,0,9,16169,16169,16169,12081,11717,35042
3,3431,3430,1791068182531031,1791068182537486,6455,0,10,16190,16190,16190,12048,11861,35052
3,3432,3431,1791068182581031,1791068182584424,3393,0,11,16241,16241,16241,12183,11769,35624
3,3433,3432,1791068182631031,1791068182636726,5695,0,12,16355,16355,16355,12304,12071,36339
3,3434,3433,1791068182681031,1791068182682899,1868,0,13,16206,16206,16206,12246,12026,35858
3,3435,3434,1791068182731031,1791068182733240,2209,0,14,16266,16266,16266,12279,11832,35632
3,3436,3435,1791068182781031,1791068182783542,2511,0,15,16226,16226,16226,12196,11984,36051
3,3437,3436,1791068182831031,1791068182833867,2836,0,16,16332,16332,16332,12212,11824,35992
3,3438,3437,1791068182881031,1791068182883555,2524,0,17,16104,16104,16104,12156,11565,35468
3,3439,3438,1791068182931031,1791068182933480,2449,0,18,16358,16358,16358,12235,12154,36260
3,3440,3439,1791068182981031,1791068182983555,2524,0,19,16306,16306,16306,12317,12003,36197
3,3441,3440,1791068183031031,1791068183033745,2714,0,0,16101,16101,16101,12172,11943,35987
3,3442,3441,1791068183081031,1791068183083649,2618,0,1,16356,16356,16356,12315,12037,35797
3,3443,3442,1791068183131031,1791068183133479,2448,0,2,16230,16230,16230,12162,11575,35325
3,3444,3443,1791068183181031,1791068183183640,2609,0,3,16336,16336,16336,12224,11918,35849
3,3445,3444,1791068183231031,1791068183233149,2118,0,4,16218,16218,16218,12060,11414,34866
3,3446,3445,1791068183281031,1791068183283063,2032,0,5,16254,16254,16254,12176,11819,35358
3,3447,3446,1791068183331031,1791068183333796,2765,0,6,16134,16134,16134,12185,11575,34776
3,3448,3447,1791068183381031,1791068183383064,2033,0,7,16267,16267,16267,12185,11498,34933
3,3449,3448,1791068183431031,1791068183432895,1864,0,8,16351,16351,16351,12272,12194,35516
3,3450,3449,1791068183481031,1791068183483234,2203,0,9,16169,16169,16169,12120,11887,34902
3,3451,3450,1791068183531031,1791068183533431,2400,0,10,16190,16190,16190,12216,11825,35148
3,3452,3451,1791068183581031,1791068183583570,2539,0,11,16241,16241,16241,12155,11606,34390
3,3453,3452,1791068183631031,1791068183633081,2050,0,12,16355,16355,16355,12258,11643,34657
3,3454,3453,1791068183681031,1791068183683594,2563,0,13,16206,16206,16206,12121,11449,34095
3,3455,3454,1791068183731031,1791068183733706,2675,0,14,16266,16266,16266,12236,11966,35148
3,3456,3455,1791068183781031,1791068183783558,2527,0,15,16226,16226,16226,12129,12022,34679
3,3457,3456,1791068183831031,1791068183833494,2463,0,16,16332,16332,16332,12280,12044,35026
3,3458,3457,1791068183881031,1791068183882952,1921,0,17,16104,16104,16104,12148,11750,34436
3,3459,3458,1791068183931031,1791068183932968,1937,0,18,16358,16358,16358,12239,12100,35241
3,3460,3459,1791068183981031,1791068183983533,2502,0,19,16306,16306,16306,12147,12007,34671
3,3461,3460,1791068184031031,1791068184032987,1956,0,0,16101,16101,16101,12040,11457,34183
3,3462,3461,1791068184081031,1791068184083744,2713,0,1,16356,16356,16356,12270,12051,35151
3,3463,3462,1791068184131031,1791068184133319,2288,0,2,16230,16230,16230,12375,12341,35531
3,3464,3463,1791068184181031,1791068184183537,2506,0,3,16336,16336,16336,12153,11339,34043
3,3465,3464,1791068184231031,1791068184233033,2002,0,4,16218,16218,16218,12246,12082,35534
3,3466,3465,1791068184281031,1791068184283078,2047,0,5,16254,16254,16254,12105,11944,34502
3,3467,3466,1791068184331031,1791068184333048,2017,0,6,16134,16134,16134,12121,11494,34018
3,3468,3467,1791068184381031,1791068184383749,2718,0,7,16267,16267,16267,12161,11795,34848
3,3469,3468,1791068184431031,1791068184433509,2478,0,8,16351,16351,16351,12332,11968,35126
3,3470,3469,1791068184481031,1791068184483216,2185,0,9,16169,16169,16169,12053,11622,34071
3,3471,3470,1791068184531031,1791068184533528,2497,0,10,16190,16190,16190,12055,11758,34316
3,3472,3471,1791068184581031,1791068184583525,2494,0,11,16241,16241,16241,12197,12104,34813
3,3473,3472,1791068184631031,1791068184632941,1910,0,12,16355,16355,16355,12349,12133,35083
3,3474,3473,1791068184681031,1791068184682964,1933,0,13,16206,16206,16206,12230,11775,34647
3,3475,3474,1791068184731031,1791068184733011,1980,0,14,16266,16266,16266,12217,12073,34856
3,3476,3475,1791068184781031,1791068184783385,2354,0,15,16226,16226,16226,12186,12178,34899
3,3477,3476,1791068184831031,1791068184832975,1944,0,16,16332,16332,16332,12269,11740,34929
3,3478,3477,1791068184881031,1791068184883837,2806,0,17,16104,16104,16104,12129,12070,34735
3,3479,3478,1791068184931031,1791068184933135,2104,0,18,16358,16358,16358,12289,12154,35003
3,3480,3479,1791068184981031,1791068184983368,2337,0,19,16306,16306,16306,12212,12051,34854
3,3481,3480,1791068185031031,1791068185033776,2745,0,0,16101,16101,16101,11987,11834,34244
3,3482,3481,1791068185081031,1791068185083314,2283,0,1,16356,16356,16356,12385,11864,34939
3,3483,3482,1791068185131031,1791068185132945,1914,0,2,16230,16230,16230,12220,12106,34992
3,3484,3483,1791068185181031,1791068185183458,2427,0,3,16336,16336,16336,12241,12004,34806
3,3485,3484,1791068185231031,1791068185233603,2572,0,4,16218,16218,16218,12181,11796,34605
3,3486,3485,1791068185281031,1791068185283171,2140,0,5,16254,16254,16254,12172,11963,34878
3,3487,3486,1791068185331031,1791068185332981,1950,0,6,16134,16134,16134,12168,11607,34128
3,3488,3487,1791068185381031,1791068185383547,2516,0,7,16267,16267,16267,12267,12230,35082
3,3489,3488,1791068185431031,1791068185433643,2612,0,8,16351,16351,16351,12229,11953,34614
3,3490,3489,1791068185481031,1791068185482906,1875,0,9,16169,16169,16169,12033,11902,34665
3,3491,3490,1791068185531031,1791068185533229,2198,0,10,16190,16190,16190,12202,12003,34789
3,3492,3491,1791068185581031,1791068185583509,2478,0,11,16241,16241,16241,12169,11411,34250
3,3493,3492,1791068185631031,1791068185633486,2455,0,12,16355,16355,16355,12304,11620,35168
3,3494,3493,1791068185681031,1791068185682981,1950,0,13,16206,16206,16206,12192,11980,35460
3,3495,3494,1791068185731031,1791068185733325,2294,0,14,16266,16266,16266,12237,11573,34654
3,3496,3495,1791068185781031,1791068185783630,2599,0,15,16226,16226,16226,12235,12106,35779
3,3497,3496,1791068185831031,1791068185833685,2654,0,16,16332,16332,16332,12256,12195,35400
3,3498,3497,1791068185881031,1791068185882845,1814,0,17,16104,16104,16104,11995,11935,34263
3,3499,3498,1791068185931031,1791068185933573,2542,0,18,16358,16358,16358,12290,12071,35511
3,3500,3499,1791068185981031,1791068185983564,2533,0,19,16306,16306,16306,12239,11705,34928
3,3501,3500,1791068186031031,1791068186033138,2107,0,0,16101,16101,16101,12072,11761,34990
3,3502,3501,1791068186081031,1791068186083352,2321,0,1,16356,16356,16356,12228,11836,35053
3,3503,3502,1791068186131031,1791068186133334,2303,0,2,16230,16230,16230,12175,11616,34720
3,3504,3503,1791068186181031,1791068186183514,2483,0,3,16336,16336,16336,12241,11894,35319
3,3505,3504,1791068186231031,1791068186233558,2527,0,4,16218,16218,16218,12145,11486,34517
3,3506,3505,1791068186281031,1791068186282954,1923,0,5,16254,16254,16254,12158,12128,35513
3,3507,3506,1791068186331031,1791068186333555,2524,0,6,16134,16134,16134,12164,11717,34795
3,3508,3507,1791068186381031,1791068186383774,2743,0,7,16267,16267,16267,12254,12198,35685
3,3509,3508,1791068186431031,1791068186433527,2496,0,8,16351,16351,16351,12288,11777,35423
3,3510,3509,1791068186481031,1791068186483554,2523,0,9,16169,16169,16169,12052,11905,35283
3,3511,3510,1791068186531031,1791068186533067,2036,0,10,16190,16190,16190,12168,11918,35371
3,3512,3511,1791068186581031,1791068186583641,2610,0,11,16241,16241,16241,12155,11908,35441
3,3513,3512,1791068186631031,1791068186632957,1926,0,12,16355,16355,16355,12298,11684,35390
3,3514,3513,1791068186681031,1791068186683697,2666,0,13,16206,16206,16206,12149,11769,35373
3,3515,3514,1791068186731031,1791068186733516,2485,0,14,16266,16266,16266,12186,11645,35654
3,3516,3515,1791068186781031,1791068186782956,1925,0,15,16226,16226,16226,12136,11697,35771
3,3517,3516,1791068186831031,1791068186833428,2397,0,16,16332,16332,16332,12203,11924,35857
3,3518,3517,1791068186881031,1791068186883726,2695,0,17,16104,16104,16104,12059,11799,35058
3,3519,3518,1791068186931031,1791068186933330,2299,0,18,16358,16358,16358,12284,11770,35488
3,3520,3519,1791068186981031,1791068186983201,2170,0,19,16306,16306,16306,12292,12070,35924
3,3521,3520,1791068187031031,1791068187033262,2231,0,0,16101,16101,16101,12074,11751,35166
3,3522,3521,1791068187081031,1791068187083867,2836,0,1,16356,16356,16356,12284,11752,35507
3,3523,3522,1791068187131031,1791068187133529,2498,0,2,16230,16230,16230,12106,11452,34728
3,3524,3523,1791068187181031,1791068187183576,2545,0,3,16336,16336,16336,12296,12127,35804
3,3525,3524,1791068187231031,1791068187233352,2321,0,4,16218,16218,16218,12126,11967,35322
3,3526,3525,1791068187281031,1791068187283405,2374,0,5,16254,16254,16254,12197,11826,35139
3,3527,3526,1791068187331031,1791068187333354,2323,0,6,16134,16134,16134,12131,12001,35361
3,3528,3527,1791068187381031,1791068187383732,2701,0,7,16267,16267,16267,12127,11595,34452
3,3529,3528,1791068187431031,1791068187433211,2180,0,8,16351,16351,16351,12339,12060,35803
3,3530,3529,1791068187481031,1791068187483347,2316,0,9,16169,16169,16169,12152,12115,35129
3,3531,3530,1791068187531031,1791068187533480,2449,0,10,16190,16190,16190,12140,11762,34661
3,3532,3531,1791068187581031,1791068187583664,2633,0,11,16241,16241,16241,12078,11661,34759
3,3533,3532,1791068187631031,1791068187633739,2708,0,12,16355,16355,16355,12365,11862,35389
3,3534,3533,1791068187681031,1791068187682940,1909,0,13,16206,16206,16206,12129,11967,34957
3,3535,3534,1791068187731031,1791068187733726,2695,0,14,16266,16266,16266,12242,11798,34774
3,3536,3535,1791068187781031,1791068187783584,2553,0,15,16226,16226,16226,12159,11906,34521
3,3537,3536,1791068187831031,1791068187833615,2584,0,16,16332,16332,16332,12322,12117,35603
3,3538,3537,1791068187881031,1791068187883085,2054,0,17,16104,16104,16104,12137,11974,34875
3,3539,3538,1791068187931031,1791068187933192,2161,0,18,16358,16358,16358,12248,11921,34775
3,3540,3539,1791068187981031,1791068187983529,2498,0,19,16306,16306,16306,12261,12064,35051
3,3541,3540,1791068188031031,1791068188033788,2757,0,0,16101,16101,16101,12184,11691,34413
3,3542,3541,1791068188081031,1791068188082944,1913,0,1,16356,16356,16356,12348,12085,35366
3,3543,3542,1791068188131031,1791068188133036,2005,0,2,16230,16230,16230,12087,11946,34696
3,3544,3543,1791068188181031,1791068188182896,1865,0,3,16336,16336,16336,12316,12155,35343
3,3545,3544,1791068188231031,1791068188232990,1959,0,4,16218,16218,16218,12150,11619,34440
3,3546,3545,1791068188281031,1791068188283063,2032,0,5,16254,16254,16254,12226,11886,34969
3,3547,3546,1791068188331031,1791068188333316,2285,0,6,16134,16134,16134,12118,11890,34465
3,3548,3547,1791068188381031,1791068188383533,2502,0,7,16267,16267,16267,12207,11667,34304
3,3549,3548,1791068188431031,1791068188433177,2146,0,8,16351,16351,16351,12297,11867,35039
3,3550,3549,1791068188481031,1791068188485507,4476,0,9,16169,16169,16169,12089,11910,34598
3,3551,3550,1791068188531031,1791068188533245,2214,0,10,16190,16190,16190,12112,11872,34340
3,3552,3551,1791068188581031,1791068188583722,2691,0,11,16241,16241,16241,12124,11805,34405
3,3553,3552,1791068188631031,1791068188633716,2685,0,12,16355,16355,16355,12289,12106,35099
3,3554,3553,1791068188681031,1791068188683858,2827,0,13,16206,16206,16206,12273,11897,34846
3,3555,3554,1791068188731031,1791068188733390,2359,0,14,16266,16266,16266,12190,11736,34573
3,3556,3555,1791068188781031,1791068188783481,2450,0,15,16226,16226,16226,12145,11706,34740
3,3557,3556,1791068188831031,1791068188833497,2466,0,16,16332,16332,16332,12284,12232,35162
3,3558,3557,1791068188881031,1791068188883723,2692,0,17,16104,16104,16104,12096,11471,33720
3,3559,3558,1791068188931031,1791068188933255,2224,0,18,16358,16358,16358,12167,11902,34840
3,3560,3559,1791068188981031,1791068188983288,2257,0,19,16306,16306,16306,12219,11801,34665
3,3561,3560,1791068189031031,1791068189033244,2213,0,0,16101,16101,16101,12103,11930,34539
3,3562,3561,1791068189081031,1791068189083240,2209,0,1,16356,16356,16356,12276,12268,35175
3,3563,3562,1791068189131031,1791068189133802,2771,0,2,16230,16230,16230,12286,11802,34742
3,3564,3563,1791068189181031,1791068189183621,2590,0,3,16336,16336,16336,12233,12182,35092
3,3565,3564,1791068189231031,1791068189233697,2666,0,4,16218,16218,16218,12062,11747,34186
3,3566,3565,1791068189281031,1791068189285501,4470,0,5,16254,16254,16254,12201,11835,34567
3,3567,3566,1791068189331031,1791068189333598,2567,0,6,16134,16134,16134,12132,11880,34680
3,3568,3567,1791068189381031,1791068189383862,2831,0,7,16267,16267,16267,12183,11844,34688
3,3569,3568,1791068189431031,1791068189433549,2518,0,8,16351,16351,16351,12321,12000,35068
3,3570,3569,1791068189481031,1791068189483489,2458,0,9,16169,16169,16169,12266,12224,35214
3,3571,3570,1791068189531031,1791068189533270,2239,0,10,16190,16190,16190,12168,11699,34454
3,3572,3571,1791068189581031,1791068189582949,1918,0,11,16241,16241,16241,12211,11792,34804
3,3573,3572,1791068189631031,1791068189633063,2032,0,12,16355,16355,16355,12345,12109,34955
3,3574,3573,1791068189681031,1791068189683347,2316,0,13,16206,16206,16206,12091,11958,34277
3,3575,3574,1791068189731031,1791068189733300,2269,0,14,16266,16266,16266,12190,12112,34559
3,3576,3575,1791068189781031,1791068189783438,2407,0,15,16226,16226,16226,12193,11964,34602
3,3577,3576,1791068189831031,1791068189833788,2757,0,16,16332,16332,16332,12297,12011,34776
3,3578,3577,1791068189881031,1791068189883521,2490,0,17,16104,16104,16104,12091,11719,34205
3,3579,3578,1791068189931031,1791068189932978,1947,0,18,16358,16358,16358,12360,11787,34920
3,3580,3579,1791068189981031,1791068189984062,3031,0,19,16306,16306,16306,12201,12038,35036
3,3581,3580,1791068190031031,1791068190032887,1856,0,0,16101,16101,16101,12041,11491,34206
3,3582,3581,1791068190081031,1791068190083373,2342,0,1,16356,16356,16356,12338,12094,35206
3,3583,3582,1791068190131031,1791068190133715,2684,0,2,16230,16230,16230,12244,11618,34541
3,3584,3583,1791068190181031,1791068190183687,2656,0,3,16336,16336,16336,12319,12059,35538
3,3585,3584,1791068190231031,1791068190232995,1964,0,4,16218,16218,16218,12167,11709,34726
3,3586,3585,1791068190281031,1791068190283440,2409,0,5,16254,16254,16254,12239,12152,35159
3,3587,3586,1791068190331031,1791068190333371,2340,0,6,16134,16134,16134,12114,11916,34515
3,3588,3587,1791068190381031,1791068190383844,2813,0,7,16267,16267,16267,12129,11969,34714
3,3589,3588,1791068190431031,1791068190433223,2192,0,8,16351,16351,16351,12276,11707,34555
3,3590,3589,1791068190481031,1791068190482832,1801,0,9,16169,16169,16169,12147,11760,34839
3,3591,3590,1791068190531031,1791068190533795,2764,0,10,16190,16190,16190,12070,11902,34843
3,3592,3591,1791068190581031,1791068190582973,1942,0,11,16241,16241,16241,12167,11912,34869
3,3593,3592,1791068190631031,1791068190633733,2702,0,12,16355,16355,16355,12233,11460,34620
3,3594,3593,1791068190681031,1791068190682881,1850,0,13,16206,16206,16206,12247,12137,35590
3,3595,3594,1791068190731031,1791068190733204,2173,0,14,16266,16266,16266,12209,11972,35099
3,3596,3595,1791068190781031,1791068190782820,1789,0,15,16226,16226,16226,12122,12065,34991
3,3597,3596,1791068190831031,1791068190857128,26097,0,16,16332,16332,16332,12216,11934,34833
3,3598,3597,1791068190881031,1791068190900188,19157,0,17,16104,16104,16104,11985,11657,34419
3,3599,3598,1791068190931031,1791068190944981,13950,0,18,16358,16358,16358,12377,11767,35393
3,3600,3599,1791068190981031,1791068190989271,8240,0,19,16306,16306,16306,12276,11862,35562
3,3601,3600,1791068191031031,1791068191033820,2789,0,0,16101,16101,16101,12019,11196,34245
3,3602,3601,1791068191081031,1791068191083180,2149,0,1,16356,16356,16356,12321,11782,35714
3,3603,3602,1791068191131031,1791068191133668,2637,0,2,16230,16230,16230,12191,11836,35178
3,3604,3603,1791068191181031,1791068191183790,2759,0,3,16336,16336,16336,12245,11995,35210
3,3605,3604,1791068191231031,1791068191233632,2601,0,4,16218,16218,16218,12123,11975,34825
3,3606,3605,1791068191281031,1791068191283823,2792,0,5,16254,16254,16254,12167,12071,35256
3,3607,3606,1791068191331031,1791068191333515,2484,0,6,16134,16134,16134,12053,11640,34666
3,3608,3607,1791068191381031,1791068191383398,2367,0,7,16267,16267,16267,12181,11997,35305
3,3609,3608,1791068191431031,1791068191433176,2145,0,8,16351,16351,16351,12319,12235,35808
3,3610,3609,1791068191481031,1791068191483151,2120,0,9,16169,16169,16169,12165,11483,34657
3,3611,3610,1791068191531031,1791068191533814,2783,0,10,16190,16190,16190,12191,11564,35060
3,3612,3611,1791068191581031,1791068191582957,1926,0,11,16241,16241,16241,12229,11637,34855
3,3613,3612,1791068191631031,1791068191634666,3635,0,12,16355,16355,16355,12387,11714,35554
3,3614,3613,1791068191681031,1791068191683884,2853,0,13,16206,16206,16206,12224,11446,34929
3,3615,3614,1791068191731031,1791068191733272,2241,0,14,16266,16266,16266,12197,11757,34983
3,3616,3615,1791068191781031,1791068191783776,2745,0,15,16226,16226,16226,12128,12100,34888
3,3617,3616,1791068191831031,1791068191833013,1982,0,16,16332,16332,16332,12284,11821,34914
3,3618,3617,1791068191881031,1791068191883012,1981,0,17,16104,16104,16104,11937,11425,33767
3,3619,3618,1791068191931031,1791068191933620,2589,0,18,16358,16358,16358,12423,11658,34866
3,3620,3619,1791068191981031,1791068191983901,2870,0,19,16306,16306,16306,12282,11847,35265
3,3621,3620,1791068192031031,1791068192033592,2561,0,0,16101,16101,16101,12011,11812,34312
3,3622,3621,1791068192081031,1791068192083117,2086,0,1,16356,16356,16356,12320,11913,35289
3,3623,3622,1791068192131031,1791068192132907,1876,0,2,16230,16230,16230,12202,12078,35067
3,3624,3623,1791068192181031,1791068192183185,2154,0,3,16336,16336,16336,12388,12139,35559
3,3625,3624,1791068192231031,1791068192233136,2105,0,4,16218,16218,16218,12194,12043,34940
3,3626,3625,1791068192281031,1791068192283209,2178,0,5,16254,16254,16254,12191,11653,34672
3,3627,3626,1791068192331031,1791068192333013,1982,0,6,16134,16134,16134,12107,11508,34113
3,3628,3627,1791068192381031,1791068192383397,2366,0,7,16267,16267,16267,12192,11632,34601
3,3629,3628,1791068192431031,1791068192433389,2358,0,8,16351,16351,16351,12266,11912,35047
3,3630,3629,1791068192481031,1791068192483126,2095,0,9,16169,16169,16169,12152,12105,35067
3,3631,3630,1791068192531031,1791068192533891,2860,0,10,16190,16190,16190,12174,11962,35035
3,3632,3631,1791068192581031,1791068192583517,2486,0,11,16241,16241,16241,12228,12128,35003
3,3633,3632,1791068192631031,1791068192633636,2605,0,12,16355,16355,16355,12329,12248,35249
3,3634,3633,1791068192681031,1791068192683346,2315,0,13,16206,16206,16206,12056,11459,34089
3,3635,3634,1791068192731031,1791068192733147,2116,0,14,16266,16266,16266,12258,12063,35105
3,3636,3635,1791068192781031,1791068192783310,2279,0,15,16226,16226,16226,12123,11662,34386
3,3637,3636,1791068192831031,1791068192835775,4744,0,16,16332,16332,16332,12322,12074,35331
3,3638,3637,1791068192881031,1791068192884859,3828,0,17,16104,16104,16104,12141,11724,34744
3,3639,3638,1791068192931031,1791068192933495,2464,0,18,16358,16358,16358,12268,11951,34958
3,3640,3639,1791068192981031,1791068192982853,1822,0,19,16306,16306,16306,12391,12114,35363
3,3641,3640,1791068193031031,1791068193033379,2348,0,0,16101,16101,16101,12078,11925,34807
3,3642,3641,1791068193081031,1791068193083497,2466,0,1,16356,16356,16356,12283,11810,35181
3,3643,3642,1791068193131031,1791068193133593,2562,0,2,16230,16230,16230,12116,11850,34792
3,3644,3643,1791068193181031,1791068193183439,2408,0,3,16336,16336,16336,12256,12033,35177
3,3645,3644,1791068193231031,1791068193232980,1949,0,4,16218,16218,16218,12136,11958,35104
3,3646,3645,1791068193281031,1791068193283800,2769,0,5,16254,16254,16254,12182,12097,35012
3,3647,3646,1791068193331031,1791068193333179,2148,0,6,16134,16134,16134,12097,11752,34475
3,3648,3647,1791068193381031,1791068193383507,2476,0,7,16267,16267,16267,12154,11964,34848
3,3649,3648,1791068193431031,1791068193432985,1954,0,8,16351,16351,16351,12251,11590,34550
3,3650,3649,1791068193481031,1791068193483582,2551,0,9,16169,16169,16169,12131,11837,35016
3,3651,3650,1791068193531031,1791068193533886,2855,0,10,16190,16190,16190,12114,12070,35023
3,3652,3651,1791068193581031,1791068193583500,2469,0,11,16241,16241,16241,12212,12017,35249
3,3653,3652,1791068193631031,1791068193633110,2079,0,12,16355,16355,16355,12296,11884,35229
3,3654,3653,1791068193681031,1791068193683764,2733,0,13,16206,16206,16206,12162,11873,35335
3,3655,3654,1791068193731031,1791068193733816,2785,0,14,16266,16266,16266,12114,11973,35604
3,3656,3655,1791068193781031,1791068193783528,2497,0,15,16226,16226,16226,12181,11626,35176
3,3657,3656,1791068193831031,1791068193834096,3065,0,16,16332,16332,16332,12301,12002,36142
3,3658,3657,1791068193881031,1791068193883880,2849,0,17,16104,16104,16104,12078,12056,35700
3,3659,3658,1791068193931031,1791068193933640,2609,0,18,16358,16358,16358,12289,11901,35692
3,3660,3659,1791068193981031,1791068193983496,2465,0,19,16306,16306,16306,12256,12074,36233
3,3661,3660,1791068194031031,1791068194033807,2776,0,0,16101,16101,16101,12086,11719,35668
3,3662,3661,1791068194081031,1791068194083838,2807,0,1,16356,16356,16356,12318,11621,35429
3,3663,3662,1791068194131031,1791068194133253,2222,0,2,16230,16230,16230,12223,11962,36281
3,3664,3663,1791068194181031,1791068194183499,2468,0,3,16336,16336,16336,12217,11959,35652
3,3665,3664,1791068194231031,1791068194233090,2059,0,4,16218,16218,16218,12191,12186,36057
3,3666,3665,1791068194281031,1791068194283760,2729,0,5,16254,16254,16254,12158,11610,35180
3,3667,3666,1791068194331031,1791068194333742,2711,0,6,16134,16134,16134,12126,11991,35948
3,3668,3667,1791068194381031,1791068194383030,1999,0,7,16267,16267,16267,12132,11892,35755
3,3669,3668,1791068194431031,1791068194433850,2819,0,8,16351,16351,16351,12225,11949,35822
3,3670,3669,1791068194481031,1791068194483839,2808,0,9,16169,16169,16169,12148,11887,35949
3,3671,3670,1791068194531031,1791068194533888,2857,0,10,16190,16190,16190,12180,11992,35926
3,3672,3671,1791068194581031,1791068194583652,2621,0,11,16241,16241,16241,12139,11893,36063
3,3673,3672,1791068194631031,1791068194642275,11244,0,12,16355,16355,16355,12307,12114,36984
3,3674,3673,1791068194681031,1791068194694738,13707,0,13,16206,16206,16206,12093,11932,36167
3,3675,3674,1791068194731031,1791068194740738,9707,0,14,16266,16266,16266,12171,11732,36286
3,3676,3675,1791068194781031,1791068194790688,9657,0,15,16226,16226,16226,12187,12073,36772
3,3677,3676,1791068194831031,1791068194838742,7711,0,16,16332,16332,16332,12094,11462,35861
3,3678,3677,1791068194881031,1791068194887128,6097,0,17,16104,16104,16104,12138,11902,36750
3,3679,3678,1791068194931031,1791068194933406,2375,0,18,16358,16358,16358,12258,12121,36653
3,3680,3679,1791068194981031,1791068194982825,1794,0,19,16306,16306,16306,12167,12093,36259
3,3681,3680,1791068195031031,1791068195033851,2820,0,0,16101,16101,16101,12113,12011,36222
3,3682,3681,1791068195081031,1791068195083224,2193,0,1,16356,16356,16356,12234,11506,35655
3,3683,3682,1791068195131031,1791068195133458,2427,0,2,16230,16230,16230,12227,11941,36353
3,3684,3683,1791068195181031,1791068195183490,2459,0,3,16336,16336,16336,12265,11996,35947
3,3685,3684,1791068195231031,1791068195233519,2488,0,4,16218,16218,16218,12139,12017,36027
3,3686,3685,1791068195281031,1791068195283627,2596,0,5,16254,16254,16254,12155,11573,35308
3,3687,3686,1791068195331031,1791068195333188,2157,0,6,16134,16134,16134,12072,11639,35331
3,3688,3687,1791068195381031,1791068195383557,2526,0,7,16267,16267,16267,12136,11697,35936
3,3689,3688,1791068195431031,1791068195432933,1902,0,8,16351,16351,16351,12250,11639,35844
3,3690,3689,1791068195481031,1791068195483051,2020,0,9,16169,16169,16169,12138,11924,36132
3,3691,3690,1791068195531031,1791068195533153,2122,0,10,16190,16190,16190,12159,11790,36308
3,3692,3691,1791068195581031,1791068195583583,2552,0,11,16241,16241,16241,12080,11919,35898
3,3693,3692,1791068195631031,1791068195633469,2438,0,12,16355,16355,16355,12259,12049,36480
3,3694,3693,1791068195681031,1791068195683179,2148,0,13,16206,16206,16206,12125,11498,35689
3,3695,3694,1791068195731031,1791068195733711,2680,0,14,16266,16266,16266,12275,11480,36514
3,3696,3695,1791068195781031,1791068195783955,2924,0,15,16226,16226,16226,12178,12041,36620
3,3697,3696,1791068195831031,1791068195832940,1909,0,16,16332,16332,16332,12198,11378,35657
3,3698,3697,1791068195881031,1791068195883872,2841,0,17,16104,16104,16104,12008,11360,35325
3,3699,3698,1791068195931031,1791068195933525,2494,0,18,16358,16358,16358,12256,11605,35952
3,3700,3699,1791068195981031,1791068195983594,2563,0,19,16306,16306,16306,12273,11451,35962
3,3701,3700,1791068196031031,1791068196033707,2676,0,0,16101,16101,16101,12059,11897,36460
3,3702,3701,1791068196081031,1791068196083681,2650,0,1,16356,16356,16356,12182,11936,36124
3,3703,3702,1791068196131031,1791068196132951,1920,0,2,16230,16230,16230,12170,11626,35516
3,3704,3703,1791068196181031,1791068196182817,1786,0,3,16336,16336,16336,12293,11758,35939
3,3705,3704,1791068196231031,1791068196233857,2826,0,4,16218,16218,16218,12170,11667,35396
3,3706,3705,1791068196281031,1791068196283474,2443,0,5,16254,16254,16254,12074,11587,35440
3,3707,3706,1791068196331031,1791068196333097,2066,0,6,16134,16134,16134,12109,11382,35272
3,3708,3707,1791068196381031,1791068196383361,2330,0,7,16267,16267,16267,12232,11394,35547
3,3709,3708,1791068196431031,1791068196433490,2459,0,8,16351,16351,16351,12336,12287,36639
3,3710,3709,1791068196481031,1791068196482988,1957,0,9,16169,16169,16169,12075,11911,35313
3,3711,3710,1791068196531031,1791068196533581,2550,0,10,16190,16190,16190,12130,11753,35294
3,3712,3711,1791068196581031,1791068196583352,2321,0,11,16241,16241,16241,12190,11872,35695
3,3713,3712,1791068196631031,1791068196633461,2430,0,12,16355,16355,16355,12229,11890,36012
3,3714,3713,1791068196681031,1791068196683384,2353,0,13,16206,16206,16206,12122,11491,35014
3,3715,3714,1791068196731031,1791068196732948,1917,0,14,16266,16266,16266,12190,11430,35527
3,3716,3715,1791068196781031,1791068196783849,2818,0,15,16226,16226,16226,12152,11503,35505
3,3717,3716,1791068196831031,1791068196833511,2480,0,16,16332,16332,16332,12219,11853,36276
3,3718,3717,1791068196881031,1791068196883774,2743,0,17,16104,16104,16104,12043,11866,35417
3,3719,3718,1791068196931031,1791068196933941,2910,0,18,16358,16358,16358,12249,11948,36074
3,3720,3719,1791068196981031,1791068196983430,2399,0,19,16306,16306,16306,12207,12026,35927
3,3721,3720,1791068197031031,1791068197033146,2115,0,0,16101,16101,16101,12068,11567,35107
3,3722,3721,1791068197081031,1791068197082998,1967,0,1,16356,16356,16356,12268,12042,35915
3,3723,3722,1791068197131031,1791068197133847,2816,0,2,16230,16230,16230,12065,11597,35231
3,3724,3723,1791068197181031,1791068197183425,2394,0,3,16336,16336,16336,12176,12153,36167
3,3725,3724,1791068197231031,1791068197233766,2735,0,4,16218,16218,16218,12172,11918,36118
3,3726,3725,1791068197281031,1791068197283649,2618,0,5,16254,16254,16254,12216,11554,35389
3,3727,3726,1791068197331031,1791068197333870,2839,0,6,16134,16134,16134,12138,11341,35083
3,3728,3727,1791068197381031,1791068197383565,2534,0,7,16267,16267,16267,12239,11954,35971
3,3729,3728,1791068197431031,1791068197433109,2078,0,8,16351,16351,16351,12269,12252,35969
3,3730,3729,1791068197481031,1791068197483849,2818,0,9,16169,16169,16169,12125,11982,35305
3,3731,3730,1791068197531031,1791068197532838,1807,0,10,16190,16190,16190,12183,11953,35387
3,3732,3731,1791068197581031,1791068197583082,2051,0,11,16241,16241,16241,12232,12094,35660
3,3733,3732,1791068197631031,1791068197633695,2664,0,12,16355,16355,16355,12310,12139,36184
3,3734,3733,1791068197681031,1791068197683063,2032,0,13,16206,16206,16206,12110,12000,35543
3,3735,3734,1791068197731031,1791068197732968,1937,0,14,16266,16266,16266,12278,11979,36167
3,3736,3735,1791068197781031,1791068197783558,2527,0,15,16226,16226,16226,12159,11974,36029
3,3737,3736,1791068197831031,1791068197833183,2152,0,16,16332,16332,16332,12289,11862,36062
3,3738,3737,1791068197881031,1791068197883542,2511,0,17,16104,16104,16104,12007,11605,35281
3,3739,3738,1791068197931031,1791068197933528,2497,0,18,16358,16358,16358,12151,11907,35763
3,3740,3739,1791068197981031,1791068197983429,2398,0,19,16306,16306,16306,12203,12073,36013
3,3741,3740,1791068198031031,1791068198033224,2193,0,0,16101,16101,16101,12095,11671,35388
3,3742,3741,1791068198081031,1791068198083765,2734,0,1,16356,16356,16356,12191,11511,35341
3,3743,3742,1791068198131031,1791068198133003,1972,0,2,16230,16230,16230,12196,11424,35344
3,3744,3743,1791068198181031,1791068198183507,2476,0,3,16336,16336,16336,12298,12098,36180
3,3745,3744,1791068198231031,1791068198233581,2550,0,4,16218,16218,16218,12084,11882,35365
3,3746,3745,1791068198281031,1791068198283639,2608,0,5,16254,16254,16254,12132,11497,35018
3,3747,3746,1791068198331031,1791068198332896,1865,0,6,16134,16134,16134,12088,11391,35060
3,3748,3747,1791068198381031,1791068198383490,2459,0,7,16267,16267,16267,12191,11745,36176
3,3749,3748,1791068198431031,1791068198433436,2405,0,8,16351,16351,16351,12322,12063,36826
3,3750,3749,1791068198481031,1791068198483192,2161,0,9,16169,16169,16169,12205,11701,36076
3,3751,3750,1791068198531031,1791068198533207,2176,0,10,16190,16190,16190,12070,11916,35681
3,3752,3751,1791068198581031,1791068198583524,2493,0,11,16241,16241,16241,12199,12078,36268
3,3753,3752,1791068198631031,1791068198633830,2799,0,12,16355,16355,16355,12338,11951,36061
3,3754,3753,1791068198681031,1791068198682887,1856,0,13,16206,16206,16206,12107,11624,35637
3,3755,3754,1791068198731031,1791068198733361,2330,0,14,16266,16266,16266,12245,12203,36647
3,3756,3755,1791068198781031,1791068198783713,2682,0,15,16226,16226,16226,12130,11784,35465
3,3757,3756,1791068198831031,1791068198833336,2305,0,16,16332,16332,16332,12217,11578,35056
3,3758,3757,1791068198881031,1791068198883753,2722,0,17,16104,16104,16104,11980,11693,35023
3,3759,3758,1791068198931031,1791068198933446,2415,0,18,16358,16358,16358,12335,11841,35721
3,3760,3759,1791068198981031,1791068198983759,2728,0,19,16306,16306,16306,12274,12062,35470
3,3761,3760,1791068199031031,1791068199032984,1953,0,0,16101,16101,16101,12056,11359,34638
3,3762,3761,1791068199081031,1791068199083137,2106,0,1,16356,16356,16356,12238,12231,35794
3,3763,3762,1791068199131031,1791068199133488,2457,0,2,16230,16230,16230,12118,11922,35064
3,3764,3763,1791068199181031,1791068199183398,2367,0,3,16336,16336,16336,12255,12013,34984
3,3765,3764,1791068199231031,1791068199233370,2339,0,4,16218,16218,16218,12099,11809,34421
3,3766,3765,1791068199281031,1791068199283560,2529,0,5,16254,16254,16254,12333,11902,35192
3,3767,3766,1791068199331031,1791068199333300,2269,0,6,16134,16134,16134,12124,12108,34801
3,3768,3767,1791068199381031,1791068199383600,2569,0,7,16267,16267,16267,12172,12118,34893
3,3769,3768,1791068199431031,1791068199433802,2771,0,8,16351,16351,16351,12191,11765,34523
3,3770,3769,1791068199481031,1791068199483672,2641,0,9,16169,16169,16169,12138,12000,34855
3,3771,3770,1791068199531031,1791068199533653,2622,0,10,16190,16190,16190,12136,11878,34528
3,3772,3771,1791068199581031,1791068199583444,2413,0,11,16241,16241,16241,12128,11547,34553
3,3773,3772,1791068199631031,1791068199633891,2860,0,12,16355,16355,16355,12188,11559,34661
3,3774,3773,1791068199681031,1791068199683508,2477,0,13,16206,16206,16206,12114,11730,34790
3,3775,3774,1791068199731031,1791068199733635,2604,0,14,16266,16266,16266,12158,11816,34859
3,3776,3775,1791068199781031,1791068199783320,2289,0,15,16226,16226,16226,12120,12045,34910
3,3777,3776,1791068199831031,1791068199833311,2280,0,16,16332,16332,16332,12149,11820,34259
3,3778,3777,1791068199881031,1791068199883874,2843,0,17,16104,16104,16104,12032,11767,34296
3,3779,3778,1791068199931031,1791068199932978,1947,0,18,16358,16358,16358,12298,12172,35282
3,3780,3779,1791068199981031,1791068199982818,1787,0,19,16306,16306,16306,12177,11845,34797
3,3781,3780,1791068200031031,1791068200033858,2827,0,0,16101,16101,16101,12062,11822,34405
3,3782,3781,1791068200081031,1791068200083443,2412,0,1,16356,16356,16356,12348,12131,35313
3,3783,3782,1791068200131031,1791068200133560,2529,0,2,16230,16230,16230,12194,11959,34559
3,3784,3783,1791068200181031,1791068200183722,2691,0,3,16336,16336,16336,12197,11557,34197
3,3785,3784,1791068200231031,1791068200233862,2831,0,4,16218,16218,16218,12184,11985,35128
3,3786,3785,1791068200281031,1791068200283076,2045,0,5,16254,16254,16254,12164,12092,34949
3,3787,3786,1791068200331031,1791068200332968,1937,0,6,16134,16134,16134,12130,11819,34513
3,3788,3787,1791068200381031,1791068200383196,2165,0,7,16267,16267,16267,12280,12113,35062
3,3789,3788,1791068200431031,1791068200432897,1866,0,8,16351,16351,16351,12356,12275,35392
3,3790,3789,1791068200481031,1791068200483528,2497,0,9,16169,16169,16169,12139,11811,34841
3,3791,3790,1791068200531031,1791068200533587,2556,0,10,16190,16190,16190,12117,11923,34499
3,3792,3791,1791068200581031,1791068200583611,2580,0,11,16241,16241,16241,12203,11959,34962
3,3793,3792,1791068200631031,1791068200633473,2442,0,12,16355,16355,16355,12318,11910,34887
3,3794,3793,1791068200681031,1791068200683703,2672,0,13,16206,16206,16206,12199,11889,34789
3,3795,3794,1791068200731031,1791068200732869,1838,0,14,16266,16266,16266,12125,11841,34336
3,3796,3795,1791068200781031,1791068200783449,2418,0,15,16226,16226,16226,12208,11981,34804
3,3797,3796,1791068200831031,1791068200833562,2531,0,16,16332,16332,16332,12270,12086,35147
3,3798,3797,1791068200881031,1791068200883872,2841,0,17,16104,16104,16104,12107,11887,34792
3,3799,3798,1791068200931031,1791068200933509,2478,0,18,16358,16358,16358,12272,12220,35209
3,3800,3799,1791068200981031,1791068200984903,3872,0,19,16306,16306,16306,12140,11758,34441
3,3801,3800,1791068201031031,1791068201033796,2765,0,0,16101,16101,16101,12095,11738,34274
3,3802,3801,1791068201081031,1791068201083220,2189,0,1,16356,16356,16356,12286,11762,34714
3,3803,3802,1791068201131031,1791068201133220,2189,0,2,16230,16230,16230,12055,11686,34312
3,3804,3803,1791068201181031,1791068201183645,2614,0,3,16336,16336,16336,12238,11956,34888
3,3805,3804,1791068201231031,1791068201233164,2133,0,4,16218,16218,16218,12098,11852,34747
3,3806,3805,1791068201281031,1791068201283876,2845,0,5,16254,16254,16254,12165,12014,34784
3,3807,3806,1791068201331031,1791068201333747,2716,0,6,16134,16134,16134,12204,11596,34692
3,3808,3807,1791068201381031,1791068201383545,2514,0,7,16267,16267,16267,12278,11983,35665
3,3809,3808,1791068201431031,1791068201433569,2538,0,8,16351,16351,16351,12291,12058,35403
3,3810,3809,1791068201481031,1791068201482872,1841,0,9,16169,16169,16169,12165,11762,34519
3,3811,3810,1791068201531031,1791068201533614,2583,0,10,16190,16190,16190,12156,11625,34619
3,3812,3811,1791068201581031,1791068201583870,2839,0,11,16241,16241,16241,12240,11630,34845
3,3813,3812,1791068201631031,1791068201632987,1956,0,12,16355,16355,16355,12349,12068,35498
3,3814,3813,1791068201681031,1791068201683281,2250,0,13,16206,16206,16206,12061,11630,34146
3,3815,3814,1791068201731031,1791068201733375,2344,0,14,16266,16266,16266,12128,11769,34442
3,3816,3815,1791068201781031,1791068201782986,1955,0,15,16226,16226,16226,12150,12122,34793
3,3817,3816,1791068201831031,1791068201832899,1868,0,16,16332,16332,16332,12388,12158,35330
3,3818,3817,1791068201881031,1791068201883207,2176,0,17,16104,16104,16104,12095,11558,34368
3,3819,3818,1791068201931031,1791068201933535,2504,0,18,16358,16358,16358,12195,11932,34693
3,3820,3819,1791068201981031,1791068201983816,2785,0,19,16306,16306,16306,12147,12145,34716
3,3821,3820,1791068202031031,1791068202033238,2207,0,0,16101,16101,16101,12165,11402,34028
3,3822,3821,1791068202081031,1791068202083059,2028,0,1,16356,16356,16356,12278,11942,35059
3,3823,3822,1791068202131031,1791068202133275,2244,0,2,16230,16230,16230,12170,11951,34939
3,3824,3823,1791068202181031,1791068202183593,2562,0,3,16336,16336,16336,12237,11957,34886
3,3825,3824,1791068202231031,1791068202233739,2708,0,4,16218,16218,16218,12180,12020,34674
3,3826,3825,1791068202281031,1791068202283153,2122,0,5,16254,16254,16254,12181,11466,34268
3,3827,3826,1791068202331031,1791068202333097,2066,0,6,16134,16134,16134,12119,11852,34789
3,3828,3827,1791068202381031,1791068202382809,1778,0,7,16267,16267,16267,12119,11859,34607
3,3829,3828,1791068202431031,1791068202432979,1948,0,8,16351,16351,16351,12190,11711,34851
3,3830,3829,1791068202481031,1791068202482932,1901,0,9,16169,16169,16169,12032,11719,34734
3,3831,3830,1791068202531031,1791068202533573,2542,0,10,16190,16190,16190,12104,11995,35168
3,3832,3831,1791068202581031,1791068202583655,2624,0,11,16241,16241,16241,12213,12192,35593
3,3833,3832,1791068202631031,1791068202633800,2769,0,12,16355,16355,16355,12239,12094,35426
3,3834,3833,1791068202681031,1791068202683043,2012,0,13,16206,16206,16206,12190,11704,34932
3,3835,3834,1791068202731031,1791068202733637,2606,0,14,16266,16266,16266,12171,11366,34402
3,3836,3835,1791068202781031,1791068202782893,1862,0,15,16226,16226,16226,12125,11960,35479
3,3837,3836,1791068202831031,1791068202833451,2420,0,16,16332,16332,16332,12169,11650,34684
3,3838,3837,1791068202881031,1791068202883183,2152,0,17,16104,16104,16104,12062,11790,34669
3,3839,3838,1791068202931031,1791068202933492,2461,0,18,16358,16358,16358,12252,11822,35074
3,3840,3839,1791068202981031,1791068202983633,2602,0,19,16306,16306,16306,12229,11974,35361
3,3841,3840,1791068203031031,1791068203033424,2393,0,0,16101,16101,16101,12117,11750,34810
3,3842,3841,1791068203081031,1791068203083366,2335,0,1,16356,16356,16356,12264,12024,35278
3,3843,3842,1791068203131031,1791068203133051,2020,0,2,16230,16230,16230,12179,12122,35257
3,3844,3843,1791068203181031,1791068203182937,1906,0,3,16336,16336,16336,12283,12174,35298
3,3845,3844,1791068203231031,1791068203232973,1942,0,4,16218,16218,16218,12164,11567,34807
3,3846,3845,1791068203281031,1791068203283205,2174,0,5,16254,16254,16254,12216,12066,35242
3,3847,3846,1791068203331031,1791068203333204,2173,0,6,16134,16134,16134,11998,11796,34343
3,3848,3847,1791068203381031,1791068203402272,21241,0,7,16267,16267,16267,12109,11770,34582
3,3849,3848,1791068203431031,1791068203444345,13314,0,8,16351,16351,16351,12311,11626,34657
3,3850,3849,1791068203481031,1791068203493049,12018,0,9,16169,16169,16169,12149,11454,34657
3,3851,3850,1791068203531031,1791068203538525,7494,0,10,16190,16190,16190,12237,12041,35539
3,3852,3851,1791068203581031,1791068203585302,4271,0,11,16241,16241,16241,12108,11870,34806
3,3853,3852,1791068203631031,1791068203633558,2527,0,12,16355,16355,16355,12246,11669,34976
3,3854,3853,1791068203681031,1791068203683674,2643,0,13,16206,16206,16206,12217,11542,34925
3,3855,3854,1791068203731031,1791068203733176,2145,0,14,16266,16266,16266,12152,12025,35661
3,3856,3855,1791068203781031,1791068203783741,2710,0,15,16226,16226,16226,12168,11673,35037
3,3857,3856,1791068203831031,1791068203835827,4796,0,16,16332,16332,16332,12170,11777,35175
3,3858,3857,1791068203881031,1791068203883524,2493,0,17,16104,16104,16104,12068,12009,35088
3,3859,3858,1791068203931031,1791068203932841,1810,0,18,16358,16358,16358,12346,12109,35642
3,3860,3859,1791068203981031,1791068203983830,2799,0,19,16306,16306,16306,12137,11327,34303
3,3861,3860,1791068204031031,1791068204033380,2349,0,0,16101,16101,16101,12081,11940,35298
3,3862,3861,1791068204081031,1791068204083789,2758,0,1,16356,16356,16356,12343,12341,35455
3,3863,3862,1791068204131031,1791068204132824,1793,0,2,16230,16230,16230,12055,11831,34365
3,3864,3863,1791068204181031,1791068204183619,2588,0,3,16336,16336,16336,12148,12019,34849
3,3865,3864,1791068204231031,1791068204232878,1847,0,4,16218,16218,16218,12176,11872,34761
3,3866,3865,1791068204281031,1791068204282965,1934,0,5,16254,16254,16254,12181,11182,33854
3,3867,3866,1791068204331031,1791068204333291,2260,0,6,16134,16134,16134,12142,11973,35527
3,3868,3867,1791068204381031,1791068204383217,2186,0,7,16267,16267,16267,12205,11981,34707
3,3869,3868,1791068204431031,1791068204432934,1903,0,8,16351,16351,16351,12156,11585,34187
3,3870,3869,1791068204481031,1791068204483737,2706,0,9,16169,16169,16169,12091,11804,34454
3,3871,3870,1791068204531031,1791068204532941,1910,0,10,16190,16190,16190,12171,12016,34740
3,3872,3871,1791068204581031,1791068204583858,2827,0,11,16241,16241,16241,12189,12117,34834
3,3873,3872,1791068204631031,1791068204633149,2118,0,12,16355,16355,16355,12240,12042,34579
3,3874,3873,1791068204681031,1791068204683658,2627,0,13,16206,16206,16206,12115,11639,34168
3,3875,3874,1791068204731031,1791068204733063,2032,0,14,16266,16266,16266,12220,11790,34747
3,3876,3875,1791068204781031,1791068204783513,2482,0,15,16226,16226,16226,12123,11797,34529
3,3877,3876,1791068204831031,1791068204833680,2649,0,16,16332,16332,16332,12263,12067,35346
3,3878,3877,1791068204881031,1791068204883688,2657,0,17,16104,16104,16104,12082,11723,34581
3,3879,3878,1791068204931031,1791068204932952,1921,0,18,16358,16358,16358,12234,11585,34589
3,3880,3879,1791068204981031,1791068204983205,2174,0,19,16306,16306,16306,12281,11506,34817
3,3881,3880,1791068205031031,1791068205033278,2247,0,0,16101,16101,16101,12080,11754,34953
3,3882,3881,1791068205081031,1791068205083358,2327,0,1,16356,16356,16356,12298,11701,34991
3,3883,3882,1791068205131031,1791068205133826,2795,0,2,16230,16230,16230,12217,11885,34985
3,3884,3883,1791068205181031,1791068205183585,2554,0,3,16336,16336,16336,12288,12061,35433
3,3885,3884,1791068205231031,1791068205233650,2619,0,4,16218,16218,16218,12256,12104,35344
3,3886,3885,1791068205281031,1791068205283113,2082,0,5,16254,16254,16254,12178,11516,34494
3,3887,3886,1791068205331031,1791068205333739,2708,0,6,16134,16134,16134,12094,11748,34646
3,3888,3887,1791068205381031,1791068205382865,1834,0,7,16267,16267,16267,12160,12021,34957
3,3889,3888,1791068205431031,1791068205432903,1872,0,8,16351,16351,16351,12228,12116,34859
3,3890,3889,1791068205481031,1791068205483170,2139,0,9,16169,16169,16169,12006,11776,34168
3,3891,3890,1791068205531031,1791068205536600,5569,0,10,16190,16190,16190,12196,11903,34504
3,3892,3891,1791068205581031,1791068205583691,2660,0,11,16241,16241,16241,12213,11919,34526
3,3893,3892,1791068205631031,1791068205633113,2082,0,12,16355,16355,16355,12230,11864,34755
3,3894,3893,1791068205681031,1791068205683333,2302,0,13,16206,16206,16206,12145,11711,34316
3,3895,3894,1791068205731031,1791068205733088,2057,0,14,16266,16266,16266,12229,12027,34742
3,3896,3895,1791068205781031,1791068205783655,2624,0,15,16226,16226,16226,12115,11892,34409
3,3897,3896,1791068205831031,1791068205833476,2445,0,16,16332,16332,16332,12255,12203,35096
3,3898,3897,1791068205881031,1791068205883890,2859,0,17,16104,16104,16104,12096,11734,34178
3,3899,3898,1791068205931031,1791068205933706,2675,0,18,16358,16358,16358,12295,11914,34784
3,3900,3899,1791068205981031,1791068205982849,1818,0,19,16306,16306,16306,12257,11743,34445
3,3901,3900,1791068206031031,1791068206035628,4597,0,0,16101,16101,16101,12003,11840,34204
3,3902,3901,1791068206081031,1791068206083390,2359,0,1,16356,16356,16356,12277,12185,34834
3,3903,3902,1791068206131031,1791068206133569,2538,0,2,16230,16230,16230,12171,12023,34385
3,3904,3903,1791068206181031,1791068206182833,1802,0,3,16336,16336,16336,12277,11577,34357
3,3905,3904,1791068206231031,1791068206233650,2619,0,4,16218,16218,16218,12142,12101,34893
3,3906,3905,1791068206281031,1791068206283102,2071,0,5,16254,16254,16254,12242,12075,34492
3,3907,3906,1791068206331031,1791068206333215,2184,0,6,16134,16134,16134,12081,11796,34303
3,3908,3907,1791068206381031,1791068206383504,2473,0,7,16267,16267,16267,12228,12097,34734
3,3909,3908,1791068206431031,1791068206433894,2863,0,8,16351,16351,16351,12186,11788,34271
3,3910,3909,1791068206481031,1791068206482907,1876,0,9,16169,16169,16169,12090,11792,34209
3,3911,3910,1791068206531031,1791068206532947,1916,0,10,16190,16190,16190,12240,11629,34353
3,3912,3911,1791068206581031,1791068206583493,2462,0,11,16241,16241,16241,12160,11861,34788
3,3913,3912,1791068206631031,1791068206632930,1899,0,12,16355,16355,16355,12202,11667,34252
3,3914,3913,1791068206681031,1791068206683784,2753,0,13,16206,16206,16206,12167,11703,34479
3,3915,3914,1791068206731031,1791068206733335,2304,0,14,16266,16266,16266,12219,11922,34804
3,3916,3915,1791068206781031,1791068206783707,2676,0,15,16226,16226,16226,12200,11320,33909
3,3917,3916,1791068206831031,1791068206833385,2354,0,16,16332,16332,16332,12209,11926,35623
3,3918,3917,1791068206881031,1791068206882986,1955,0,17,16104,16104,16104,12074,11822,34355
3,3919,3918,1791068206931031,1791068206933307,2276,0,18,16358,16358,16358,12290,12134,35019
3,3920,3919,1791068206981031,1791068206983003,1972,0,19,16306,16306,16306,12323,11907,34938
3,3921,3920,1791068207031031,1791068207033689,2658,0,0,16101,16101,16101,12086,11871,34411
3,3922,3921,1791068207081031,1791068207083210,2179,0,1,16356,16356,16356,12368,12105,35082
3,3923,3922,1791068207131031,1791068207133245,2214,0,2,16230,16230,16230,12085,11951,34658
3,3924,3923,1791068207181031,1791068207201097,20066,0,3,16336,16336,16336,12308,12158,34840
3,3925,3924,1791068207231031,1791068207255534,24503,0,4,16218,16218,16218,12177,11761,34337
3,3926,3925,1791068207281031,1791068207303761,22730,0,5,16254,16254,16254,12220,11590,34584
3,3927,3926,1791068207331031,1791068207353571,22540,0,6,16134,16134,16134,12157,11815,34579
3,3928,3927,1791068207381031,1791068207396216,15185,0,7,16267,16267,16267,12091,11566,34166
3,3929,3928,1791068207431031,1791068207443337,12306,0,8,16351,16351,16351,12336,11597,34705
3,3930,3929,1791068207481031,1791068207489219,8188,0,9,16169,16169,16169,12102,11372,34381
3,3931,3930,1791068207531031,1791068207536126,5095,0,10,16190,16190,16190,12098,11712,35042
3,3932,3931,1791068207581031,1791068207583713,2682,0,11,16241,16241,16241,12124,11694,34744
3,3933,3932,1791068207631031,1791068207632934,1903,0,12,16355,16355,16355,12170,11840,35092
3,3934,3933,1791068207681031,1791068207683555,2524,0,13,16206,16206,16206,12189,11643,34487
3,3935,3934,1791068207731031,1791068207733727,2696,0,14,16266,16266,16266,12130,11734,34577
3,3936,3935,1791068207781031,1791068207783535,2504,0,15,16226,16226,16226,12124,12078,34748
3,3937,3936,1791068207831031,1791068207833808,2777,0,16,16332,16332,16332,12263,11757,34800
3,3938,3937,1791068207881031,1791068207882843,1812,0,17,16104,16104,16104,12156,11526,34524
3,3939,3938,1791068207931031,1791068207933277,2246,0,18,16358,16358,16358,12421,12266,36154
3,3940,3939,1791068207981031,1791068207983407,2376,0,19,16306,16306,16306,12242,12209,34960
3,3941,3940,1791068208031031,1791068208033492,2461,0,0,16101,16101,16101,12114,11607,34166
3,3942,3941,1791068208081031,1791068208083380,2349,0,1,16356,16356,16356,12306,11716,34756
3,3943,3942,1791068208131031,1791068208133610,2579,0,2,16230,16230,16230,12028,11552,34148
3,3944,3943,1791068208181031,1791068208183372,2341,0,3,16336,16336,16336,12322,12095,35212
3,3945,3944,1791068208231031,1791068208232942,1911,0,4,16218,16218,16218,12212,11723,34332
3,3946,3945,1791068208281031,1791068208282933,1902,0,5,16254,16254,16254,12260,11663,34547
3,3947,3946,1791068208331031,1791068208333499,2468,0,6,16134,16134,16134,12118,11851,34523
3,3948,3947,1791068208381031,1791068208383795,2764,0,7,16267,16267,16267,12211,11565,34198
3,3949,3948,1791068208431031,1791068208433293,2262,0,8,16351,16351,16351,12261,11750,35140
3,3950,3949,1791068208481031,1791068208483063,2032,0,9,16169,16169,16169,12148,11725,34403
3,3951,3950,1791068208531031,1791068208533172,2141,0,10,16190,16190,16190,12136,11630,34326
3,3952,3951,1791068208581031,1791068208583557,2526,0,11,16241,16241,16241,12131,12034,34787
3,3953,3952,1791068208631031,1791068208632900,1869,0,12,16355,16355,16355,12279,12241,35032
3,3954,3953,1791068208681031,1791068208683156,2125,0,13,16206,16206,16206,12160,11886,34497
3,3955,3954,1791068208731031,1791068208733141,2110,0,14,16266,16266,16266,12119,12004,34610
3,3956,3955,1791068208781031,1791068208782911,1880,0,15,16226,16226,16226,12186,11912,34358
3,3957,3956,1791068208831031,1791068208833170,2139,0,16,16332,16332,16332,12221,11915,34703
3,3958,3957,1791068208881031,1791068208883024,1993,0,17,16104,16104,16104,12097,11926,34455
3,3959,3958,1791068208931031,1791068208933839,2808,0,18,16358,16358,16358,12226,12058,34862
3,3960,3959,1791068208981031,1791068208983605,2574,0,19,16306,16306,16306,12207,11460,33816
3,3961,3960,1791068209031031,1791068209033064,2033,0,0,16101,16101,16101,12078,11980,34898
3,3962,3961,1791068209081031,1791068209083217,2186,0,1,16356,16356,16356,12249,12148,34831
3,3963,3962,1791068209131031,1791068209133943,2912,0,2,16230,16230,16230,12277,12274,34775
3,3964,3963,1791068209181031,1791068209183568,2537,0,3,16336,16336,16336,12321,12102,34769
3,3965,3964,1791068209231031,1791068209233013,1982,0,4,16218,16218,16218,12113,11683,34226
3,3966,3965,1791068209281031,1791068209283883,2852,0,5,16254,16254,16254,12272,11886,34924
3,3967,3966,1791068209331031,1791068209332888,1857,0,6,16134,16134,16134,12179,11850,34399
3,3968,3967,1791068209381031,1791068209383141,2110,0,7,16267,16267,16267,12265,11925,34744
3,3969,3968,1791068209431031,1791068209433415,2384,0,8,16351,16351,16351,12335,12325,35252
3,3970,3969,1791068209481031,1791068209483465,2434,0,9,16169,16169,16169,12099,11967,34563
3,3971,3970,1791068209531031,1791068209533253,2222,0,10,16190,16190,16190,12098,11968,34392
3,3972,3971,1791068209581031,1791068209583534,2503,0,11,16241,16241,16241,12171,11572,34163
3,3973,3972,1791068209631031,1791068209632960,1929,0,12,16355,16355,16355,12237,11701,34893
3,3974,3973,1791068209681031,1791068209683357,2326,0,13,16206,16206,16206,12125,11898,34637
3,3975,3974,1791068209731031,1791068209733764,2733,0,14,16266,16266,16266,12186,11625,34373
3,3976,3975,1791068209781031,1791068209783533,2502,0,15,16226,16226,16226,12152,12007,34665
3,3977,3976,1791068209831031,1791068209833841,2810,0,16,16332,16332,16332,12339,12337,35271
3,3978,3977,1791068209881031,1791068209883081,2050,0,17,16104,16104,16104,12092,11325,33459
3,3979,3978,1791068209931031,1791068209933624,2593,0,18,16358,16358,16358,12328,11876,35298
3,3980,3979,1791068209981031,1791068209983450,2419,0,19,16306,16306,16306,12303,12007,34939
3,3981,3980,1791068210031031,1791068210033709,2678,0,0,16101,16101,16101,12111,11941,34500
3,3982,3981,1791068210081031,1791068210083759,2728,0,1,16356,16356,16356,12254,12005,34547
3,3983,3982,1791068210131031,1791068210133699,2668,0,2,16230,16230,16230,12153,11711,34458
3,3984,3983,1791068210181031,1791068210183369,2338,0,3,16336,16336,16336,12248,12012,34748
3,3985,3984,1791068210231031,1791068210233395,2364,0,4,16218,16218,16218,12055,11820,34369
3,3986,3985,1791068210281031,1791068210283686,2655,0,5,16254,16254,16254,12128,11764,34325
3,3987,3986,1791068210331031,1791068210333069,2038,0,6,16134,16134,16134,12098,11851,34307
3,3988,3987,1791068210381031,1791068210383107,2076,0,7,16267,16267,16267,12191,11981,34812
3,3989,3988,1791068210431031,1791068210432908,1877,0,8,16351,16351,16351,12187,11997,34640
3,3990,3989,1791068210481031,1791068210483061,2030,0,9,16169,16169,16169,12054,11738,34016
3,3991,3990,1791068210531031,1791068210533309,2278,0,10,16190,16190,16190,12079,11525,34204
3,3992,3991,1791068210581031,1791068210583569,2538,0,11,16241,16241,16241,12105,12030,34825
3,3993,3992,1791068210631031,1791068210632983,1952,0,12,16355,16355,16355,12257,12156,34832
3,3994,3993,1791068210681031,1791068210683410,2379,0,13,16206,16206,16206,12095,12025,34515
3,3995,3994,1791068210731031,1791068210733897,2866,0,14,16266,16266,16266,12157,11930,34493
3,3996,3995,1791068210781031,1791068210783591,2560,0,15,16226,16226,16226,12206,11470,34151
3,3997,3996,1791068210831031,1791068210832938,1907,0,16,16332,16332,16332,12254,11374,34594
3,3998,3997,1791068210881031,1791068210883233,2202,0,17,16104,16104,16104,12093,12041,35336
3,3999,3998,1791068210931031,1791068210933004,1973,0,18,16358,16358,16358,12211,11733,34469
3,4000,3999,1791068210981031,1791068210983593,2562,0,19,16306,16306,16306,12200,11935,34817
3,4001,4000,1791068211031031,1791068211033178,2147,0,0,16101,16101,16101,12081,11546,34075
3,4002,4001,1791068211081031,1791068211083291,2260,0,1,16356,16356,16356,12321,11956,34802
3,4003,4002,1791068211131031,1791068211133029,1998,0,2,16230,16230,16230,12091,11414,33856
3,4004,4003,1791068211181031,1791068211183188,2157,0,3,16336,16336,16336,12232,11896,35081
3,4005,4004,1791068211231031,1791068211232970,1939,0,4,16218,16218,16218,12083,11688,34338
3,4006,4005,1791068211281031,1791068211283287,2256,0,5,16254,16254,16254,12118,11580,34263
3,4007,4006,1791068211331031,1791068211333000,1969,0,6,16134,16134,16134,12189,12028,34739
3,4008,4007,1791068211381031,1791068211383647,2616,0,7,16267,16267,16267,12175,11836,34515
3,4009,4008,1791068211431031,1791068211433711,2680,0,8,16351,16351,16351,12293,11772,34616
3,4010,4009,1791068211481031,1791068211483661,2630,0,9,16169,16169,16169,12126,11884,34485
3,4011,4010,1791068211531031,1791068211533601,2570,0,10,16190,16190,16190,12097,11597,33846
3,4012,4011,1791068211581031,1791068211583559,2528,0,11,16241,16241,16241,12194,11879,34609
3,4013,4012,1791068211631031,1791068211633214,2183,0,12,16355,16355,16355,12285,11875,34883
3,4014,4013,1791068211681031,1791068211682948,1917,0,13,16206,16206,16206,12189,12003,34826
3,4015,4014,1791068211731031,1791068211733772,2741,0,14,16266,16266,16266,12273,12137,34908
3,4016,4015,1791068211781031,1791068211783644,2613,0,15,16226,16226,16226,12304,12136,34976
3,4017,4016,1791068211831031,1791068211833153,2122,0,16,16332,16332,16332,12240,12122,34944
3,4018,4017,1791068211881031,1791068211883403,2372,0,17,16104,16104,16104,12084,11936,34476
3,4019,4018,1791068211931031,1791068211932930,1899,0,18,16358,16358,16358,12290,11814,34719
3,4020,4019,1791068211981031,1791068211983528,2497,0,19,16306,16306,16306,12221,11817,34683
3,4021,4020,1791068212031031,1791068212033144,2113,0,0,16101,16101,16101,12049,12028,34583
3,4022,4021,1791068212081031,1791068212083716,2685,0,1,16356,16356,16356,12332,12314,35079
3,4023,4022,1791068212131031,1791068212133063,2032,0,2,16230,16230,16230,12042,11629,34199
3,4024,4023,1791068212181031,1791068212183652,2621,0,3,16336,16336,16336,12302,12158,35462
3,4025,4024,1791068212231031,1791068212233184,2153,0,4,16218,16218,16218,12227,11721,34524
3,4026,4025,1791068212281031,1791068212283127,2096,0,5,16254,16254,16254,12125,12058,34851
3,4027,4026,1791068212331031,1791068212333518,2487,0,6,16134,16134,16134,12056,11801,34267
3,4028,4027,1791068212381031,1791068212383560,2529,0,7,16267,16267,16267,12224,11934,34686
3,4029,4028,1791068212431031,1791068212433577,2546,0,8,16351,16351,16351,12244,11598,34432
3,4030,4029,1791068212481031,1791068212483305,2274,0,9,16169,16169,16169,12101,11680,34486
3,4031,4030,1791068212531031,1791068212532985,1954,0,10,16190,16190,16190,12170,11896,34760
3,4032,4031,1791068212581031,1791068212583734,2703,0,11,16241,16241,16241,12094,11847,34274
3,4033,4032,1791068212631031,1791068212633096,2065,0,12,16355,16355,16355,12356,12090,35088
3,4034,4033,1791068212681031,1791068212682907,1876,0,13,16206,16206,16206,12180,11857,34588
3,4035,4034,1791068212731031,1791068212733662,2631,0,14,16266,16266,16266,12225,11951,34711
3,4036,4035,1791068212781031,1791068212783554,2523,0,15,16226,16226,16226,12029,11905,34125
3,4037,4036,1791068212831031,1791068212833067,2036,0,16,16332,16332,16332,12169,11467,33836
3,4038,4037,1791068212881031,1791068212883474,2443,0,17,16104,16104,16104,12081,11614,34475
3,4039,4038,1791068212931031,1791068212932974,1943,0,18,16358,16358,16358,12332,12129,35215
3,4040,4039,1791068212981031,1791068212982836,1805,0,19,16306,16306,16306,12238,11445,34136
3,4041,4040,1791068213031031,1791068213033081,2050,0,0,16101,16101,16101,12027,11726,34685
3,4042,4041,1791068213081031,1791068213083350,2319,0,1,16356,16356,16356,12241,11558,34051
3,4043,4042,1791068213131031,1791068213133488,2457,0,2,16230,16230,16230,12174,11805,34924
3,4044,4043,1791068213181031,1791068213183619,2588,0,3,16336,16336,16336,12216,11919,34843
3,4045,4044,1791068213231031,1791068213233114,2083,0,4,16218,16218,16218,12170,11916,34786
3,4046,4045,1791068213281031,1791068213283044,2013,0,5,16254,16254,16254,12260,12088,35046
3,4047,4046,1791068213331031,1791068213333458,2427,0,6,16134,16134,16134,12095,11650,34477
3,4048,4047,1791068213381031,1791068213383531,2500,0,7,16267,16267,16267,12206,12032,34821
3,4049,4048,1791068213431031,1791068213433371,2340,0,8,16351,16351,16351,12235,11671,34356
3,4050,4049,1791068213481031,1791068213483648,2617,0,9,16169,16169,16169,12092,11889,34760
3,4051,4050,1791068213531031,1791068213533208,2177,0,10,16190,16190,16190,12077,11855,34212
3,4052,4051,1791068213581031,1791068213583551,2520,0,11,16241,16241,16241,12083,12067,34541
3,4053,4052,1791068213631031,1791068213633800,2769,0,12,16355,16355,16355,12219,11659,34277
3,4054,4053,1791068213681031,1791068213683598,2567,0,13,16206,16206,16206,12164,11612,34618
3,4055,4054,1791068213731031,1791068213733478,2447,0,14,16266,16266,16266,12244,11843,34962
3,4056,4055,1791068213781031,1791068213783712,2681,0,15,16226,16226,16226,12092,11754,34409
3,4057,4056,1791068213831031,1791068213832956,1925,0,16,16332,16332,16332,12139,11754,34511
3,4058,4057,1791068213881031,1791068213883810,2779,0,17,16104,16104,16104,12132,11825,34653
3,4059,4058,1791068213931031,1791068213933700,2669,0,18,16358,16358,16358,12253,11942,34954
3,4060,4059,1791068213981031,1791068213983738,2707,0,19,16306,16306,16306,12295,12151,35468
3,4061,4060,1791068214031031,1791068214032910,1879,0,0,16101,16101,16101,11992,11928,34325
3,4062,4061,1791068214081031,1791068214083135,2104,0,1,16356,16356,16356,12295,11682,34519
3,4063,4062,1791068214131031,1791068214133757,2726,0,2,16230,16230,16230,12137,12031,34961
3,4064,4063,1791068214181031,1791068214183405,2374,0,3,16336,16336,16336,12222,11735,34669
3,4065,4064,1791068214231031,1791068214233365,2334,0,4,16218,16218,16218,12139,11611,34455
3,4066,4065,1791068214281031,1791068214283618,2587,0,5,16254,16254,16254,12225,11818,34876
3,4067,4066,1791068214331031,1791068214333539,2508,0,6,16134,16134,16134,12047,11789,34410
3,4068,4067,1791068214381031,1791068214383411,2380,0,7,16267,16267,16267,12205,11489,34370
3,4069,4068,1791068214431031,1791068214433023,1992,0,8,16351,16351,16351,12296,12253,35556
3,4070,4069,1791068214481031,1791068214483727,2696,0,9,16169,16169,16169,12181,11627,34152
3,4071,4070,1791068214531031,1791068214532944,1913,0,10,16190,16190,16190,12074,11678,34231
3,4072,4071,1791068214581031,1791068214583505,2474,0,11,16241,16241,16241,12073,11623,34352
3,4073,4072,1791068214631031,1791068214633245,2214,0,12,16355,16355,16355,12232,12101,34968
3,4074,4073,1791068214681031,1791068214683264,2233,0,13,16206,16206,16206,12222,11849,34784
3,4075,4074,1791068214731031,1791068214733657,2626,0,14,16266,16266,16266,12176,11844,34760
3,4076,4075,1791068214781031,1791068214783627,2596,0,15,16226,16226,16226,12106,11874,34749
3,4077,4076,1791068214831031,1791068214833754,2723,0,16,16332,16332,16332,12210,11975,35157
3,4078,4077,1791068214881031,1791068214883334,2303,0,17,16104,16104,16104,12066,11765,34307
3,4079,4078,1791068214931031,1791068214933438,2407,0,18,16358,16358,16358,12236,11977,34883
3,4080,4079,1791068214981031,1791068214983523,2492,0,19,16306,16306,16306,12192,12092,35053
3,4081,4080,1791068215031031,1791068215033357,2326,0,0,16101,16101,16101,12085,11452,34065
3,4082,4081,1791068215081031,1791068215082845,1814,0,1,16356,16356,16356,12269,12028,35036
3,4083,4082,1791068215131031,1791068215133892,2861,0,2,16230,16230,16230,12170,12045,34653
3,4084,4083,1791068215181031,1791068215183534,2503,0,3,16336,16336,16336,12172,11823,34626
3,4085,4084,1791068215231031,1791068215233850,2819,0,4,16218,16218,16218,12135,12080,34529
3,4086,4085,1791068215281031,1791068215283116,2085,0,5,16254,16254,16254,12180,11398,33877
3,4087,4086,1791068215331031,1791068215333275,2244,0,6,16134,16134,16134,12065,11855,34729
3,4088,4087,1791068215381031,1791068215383742,2711,0,7,16267,16267,16267,12165,11747,34318
3,4089,4088,1791068215431031,1791068215433856,2825,0,8,16351,16351,16351,12328,12284,35303
3,4090,4089,1791068215481031,1791068215483525,2494,0,9,16169,16169,16169,12109,12016,34624
3,4091,4090,1791068215531031,1791068215533198,2167,0,10,16190,16190,16190,12126,11622,34062
3,4092,4091,1791068215581031,1791068215583727,2696,0,11,16241,16241,16241,12213,11866,34816
3,4093,4092,1791068215631031,1791068215633098,2067,0,12,16355,16355,16355,12275,11952,34874
3,4094,4093,1791068215681031,1791068215683019,1988,0,13,16206,16206,16206,12242,12005,34696
3,4095,4094,1791068215731031,1791068215733802,2771,0,14,16266,16266,16266,12153,12129,34430
3,4096,4095,1791068215781031,1791068215783728,2697,0,15,16226,16226,16226,12096,11824,34366
3,4097,4096,1791068215831031,1791068215833655,2624,0,16,16332,16332,16332,12278,11991,34772
3,4098,4097,1791068215881031,1791068215883139,2108,0,17,16104,16104,16104,12065,11859,34142
3,4099,4098,1791068215931031,1791068215958871,27840,0,18,16358,16358,16358,12274,12062,34863
3,4100,4099,1791068215981031,1791068216000132,19101,0,19,16306,16306,16306,12213,11584,34349
3,4101,4100,1791068216031031,1791068216045635,14604,0,0,16101,16101,16101,12072,11649,34349
3,4102,4101,1791068216081031,1791068216089850,8819,0,1,16356,16356,16356,12300,11778,34695
3,4103,4102,1791068216131031,1791068216136423,5392,0,2,16230,16230,16230,12099,11367,33920
3,4104,4103,1791068216181031,1791068216183800,2769,0,3,16336,16336,16336,12278,12108,35228
3,4105,4104,1791068216231031,1791068216233810,2779,0,4,16218,16218,16218,12224,11986,34895
3,4106,4105,1791068216281031,1791068216283795,2764,0,5,16254,16254,16254,12235,12088,34890
3,4107,4106,1791068216331031,1791068216333193,2162,0,6,16134,16134,16134,12140,11922,34566
3,4108,4107,1791068216381031,1791068216382994,1963,0,7,16267,16267,16267,12263,11834,35062
3,4109,4108,1791068216431031,1791068216433840,2809,0,8,16351,16351,16351,12165,11939,34540
3,4110,4109,1791068216481031,1791068216483638,2607,0,9,16169,16169,16169,12138,11549,34158
3,4111,4110,1791068216531031,1791068216533812,2781,0,10,16190,16190,16190,12090,12089,34709
3,4112,4111,1791068216581031,1791068216583569,2538,0,11,16241,16241,16241,12098,12025,34402
3,4113,4112,1791068216631031,1791068216633242,2211,0,12,16355,16355,16355,12252,11912,34715
3,4114,4113,1791068216681031,1791068216683057,2026,0,13,16206,16206,16206,12163,11707,34290
3,4115,4114,1791068216731031,1791068216733322,2291,0,14,16266,16266,16266,12216,11843,34728
3,4116,4115,1791068216781031,1791068216782832,1801,0,15,16226,16226,16226,12212,12117,34973
3,4117,4116,1791068216831031,1791068216833086,2055,0,16,16332,16332,16332,12200,11853,34645
3,4118,4117,1791068216881031,1791068216882991,1960,0,17,16104,16104,16104,12080,11059,33135
3,4119,4118,1791068216931031,1791068216933785,2754,0,18,16358,16358,16358,12318,11219,34961
3,4120,4119,1791068216981031,1791068216983698,2667,0,19,16306,16306,16306,12205,11982,35776
3,4121,4120,1791068217031031,1791068217033602,2571,0,0,16101,16101,16101,12040,11703,33901
3,4122,4121,1791068217081031,1791068217082953,1922,0,1,16356,16356,16356,12201,11966,34519
3,4123,4122,1791068217131031,1791068217133836,2805,0,2,16230,16230,16230,12188,12163,34891
3,4124,4123,1791068217181031,1791068217183294,2263,0,3,16336,16336,16336,12211,11946,34331
3,4125,4124,1791068217231031,1791068217233992,2961,0,4,16218,16218,16218,12165,11637,34301
3,4126,4125,1791068217281031,1791068217283354,2323,0,5,16254,16254,16254,12140,11671,34634
3,4127,4126,1791068217331031,1791068217333530,2499,0,6,16134,16134,16134,12141,11668,34264
3,4128,4127,1791068217381031,1791068217383717,2686,0,7,16267,16267,16267,12260,11912,34693
3,4129,4128,1791068217431031,1791068217433730,2699,0,8,16351,16351,16351,12402,11759,34957
3,4130,4129,1791068217481031,1791068217482953,1922,0,9,16169,16169,16169,12141,12084,34703
3,4131,4130,1791068217531031,1791068217532978,1947,0,10,16190,16190,16190,12217,11616,34343
3,4132,4131,1791068217581031,1791068217583400,2369,0,11,16241,16241,16241,12156,11625,34670
3,4133,4132,1791068217631031,1791068217634699,3668,0,12,16355,16355,16355,12266,12019,35146
3,4134,4133,1791068217681031,1791068217683190,2159,0,13,16206,16206,16206,12116,11751,34453
3,4135,4134,1791068217731031,1791068217733179,2148,0,14,16266,16266,16266,12191,11949,34808
3,4136,4135,1791068217781031,1791068217782848,1817,0,15,16226,16226,16226,12095,11422,33830
3,4137,4136,1791068217831031,1791068217833324,2293,0,16,16332,16332,16332,12216,11995,35117
3,4138,4137,1791068217881031,1791068217883567,2536,0,17,16104,16104,16104,12081,11925,34352
3,4139,4138,1791068217931031,1791068217932954,1923,0,18,16358,16358,16358,12279,12088,34974
3,4140,4139,1791068217981031,1791068217983567,2536,0,19,16306,16306,16306,12270,11591,34504
3,4141,4140,1791068218031031,1791068218033649,2618,0,0,16101,16101,16101,12117,11642,34463
3,4142,4141,1791068218081031,1791068218082985,1954,0,1,16356,16356,16356,12277,12259,35335
3,4143,4142,1791068218131031,1791068218133848,2817,0,2,16230,16230,16230,12267,11467,34252
3,4144,4143,1791068218181031,1791068218182829,1798,0,3,16336,16336,16336,12361,11940,35632
3,4145,4144,1791068218231031,1791068218233915,2884,0,4,16218,16218,16218,12222,11977,34717
3,4146,4145,1791068218281031,1791068218283063,2032,0,5,16254,16254,16254,12121,11252,33837
3,4147,4146,1791068218331031,1791068218333406,2375,0,6,16134,16134,16134,12094,11877,35147
3,4148,4147,1791068218381031,1791068218383629,2598,0,7,16267,16267,16267,12185,11606,34360
3,4149,4148,1791068218431031,1791068218433585,2554,0,8,16351,16351,16351,12287,12063,35117
3,4150,4149,1791068218481031,1791068218483639,2608,0,9,16169,16169,16169,12140,11773,34252
3,4151,4150,1791068218531031,1791068218532977,1946,0,10,16190,16190,16190,12150,11974,34638
3,4152,4151,1791068218581031,1791068218583495,2464,0,11,16241,16241,16241,12047,11924,34182
3,4153,4152,1791068218631031,1791068218633544,2513,0,12,16355,16355,16355,12306,12028,34962
3,4154,4153,1791068218681031,1791068218682989,1958,0,13,16206,16206,16206,12138,11903,34471
3,4155,4154,1791068218731031,1791068218733504,2473,0,14,16266,16266,16266,12160,11572,34100
3,4156,4155,1791068218781031,1791068218783725,2694,0,15,16226,16226,16226,12115,11760,34522
3,4157,4156,1791068218831031,1791068218833072,2041,0,16,16332,16332,16332,12216,11582,34605
3,4158,4157,1791068218881031,1791068218883547,2516,0,17,16104,16104,16104,12032,11610,34437
3,4159,4158,1791068218931031,1791068218933280,2249,0,18,16358,16358,16358,12319,12022,35135
3,4160,4159,1791068218981031,1791068218983612,2581,0,19,16306,16306,16306,12116,11783,34496
3,4161,4160,1791068219031031,1791068219033487,2456,0,0,16101,16101,16101,12128,11643,34004
3,4162,4161,1791068219081031,1791068219083646,2615,0,1,16356,16356,16356,12303,11637,34547
3,4163,4162,1791068219131031,1791068219133070,2039,0,2,16230,16230,16230,12206,11820,34991
3,4164,4163,1791068219181031,1791068219183795,2764,0,3,16336,16336,16336,12281,11660,34564
3,4165,4164,1791068219231031,1791068219233399,2368,0,4,16218,16218,16218,12095,11783,34449
3,4166,4165,1791068219281031,1791068219283521,2490,0,5,16254,16254,16254,12134,11732,34223
3,4167,4166,1791068219331031,1791068219333328,2297,0,6,16134,16134,16134,12139,12052,34509
3,4168,4167,1791068219381031,1791068219383245,2214,0,7,16267,16267,16267,12200,11609,34111
3,4169,4168,1791068219431031,1791068219432916,1885,0,8,16351,16351,16351,12240,11982,34698
3,4170,4169,1791068219481031,1791068219483080,2049,0,9,16169,16169,16169,12149,12025,34637
3,4171,4170,1791068219531031,1791068219533879,2848,0,10,16190,16190,16190,12127,11939,34304
3,4172,4171,1791068219581031,1791068219583600,2569,0,11,16241,16241,16241,12228,11850,34510
3,4173,4172,1791068219631031,1791068219633544,2513,0,12,16355,16355,16355,12297,11733,34813
3,4174,4173,1791068219681031,1791068219683847,2816,0,13,16206,16206,16206,12143,12118,34899
3,4175,4174,1791068219731031,1791068219749203,18172,0,14,16266,16266,16266,12205,11827,34971
3,4176,4175,1791068219781031,1791068219795560,14529,0,15,16226,16226,16226,12242,12021,35016
3,4177,4176,1791068219831031,1791068219848857,17826,0,16,16332,16332,16332,12340,12133,35318
3,4178,4177,1791068219881031,1791068219896806,15775,0,17,16104,16104,16104,12142,11654,34162
3,4179,4178,1791068219931031,1791068219945540,14509,0,18,16358,16358,16358,12323,11981,35334
3,4180,4179,1791068219981031,1791068219992651,11620,0,19,16306,16306,16306,12160,11799,34507
3,4181,4180,1791068220031031,1791068220037869,6838,0,0,16101,16101,16101,12038,11883,34384
3,4182,4181,1791068220081031,1791068220083713,2682,0,1,16356,16356,16356,12247,11879,34646
3,4183,4182,1791068220131031,1791068220133163,2132,0,2,16230,16230,16230,12190,11878,34729
3,4184,4183,1791068220181031,1791068220183258,2227,0,3,16336,16336,16336,12259,11868,34739
3,4185,4184,1791068220231031,1791068220233801,2770,0,4,16218,16218,16218,12205,11919,34817
3,4186,4185,1791068220281031,1791068220283296,2265,0,5,16254,16254,16254,12237,11986,34956
3,4187,4186,1791068220331031,1791068220333305,2274,0,6,16134,16134,16134,12190,12036,34677
3,4188,4187,1791068220381031,1791068220383742,2711,0,7,16267,16267,16267,12241,11896,34835
3,4189,4188,1791068220431031,1791068220433055,2024,0,8,16351,16351,16351,12250,11834,34606
3,4190,4189,1791068220481031,1791068220483335,2304,0,9,16169,16169,16169,12100,11744,34277
3,4191,4190,1791068220531031,1791068220533611,2580,0,10,16190,16190,16190,12174,11949,34690
3,4192,4191,1791068220581031,1791068220582875,1844,0,11,16241,16241,16241,12141,11946,34854
3,4193,4192,1791068220631031,1791068220633846,2815,0,12,16355,16355,16355,12230,11884,34864
3,4194,4193,1791068220681031,1791068220682831,1800,0,13,16206,16206,16206,12088,12022,34473
3,4195,4194,1791068220731031,1791068220733185,2154,0,14,16266,16266,16266,12158,12126,34546
3,4196,4195,1791068220781031,1791068220783609,2578,0,15,16226,16226,16226,12117,11896,34469
3,4197,4196,1791068220831031,1791068220833701,2670,0,16,16332,16332,16332,12222,11841,34696
3,4198,4197,1791068220881031,1791068220883358,2327,0,17,16104,16104,16104,12128,11987,34579
3,4199,4198,1791068220931031,1791068220933141,2110,0,18,16358,16358,16358,12269,11675,34547
3,4200,4199,1791068220981031,1791068220982975,1944,0,19,16306,16306,16306,12295,12270,35308
