run_id,slot,tick,intended_us,invoked_us,lateness_us,skipped,bucket,actor_steps,actor_updates,policy_evaluations,orders_submitted,orders_filled,matched_shares
1,1,0,1791064778796225,1791064778797439,1214,0,0,17358,17358,17358,12949,12649,36576
1,2,1,1791064778846225,1791064778847291,1066,0,1,17639,17639,17639,13296,12760,37542
1,3,2,1791064778896225,1791064778897491,1266,0,2,17485,17485,17485,13097,13060,37450
1,4,3,1791064778946225,1791064778947793,1568,0,3,17570,17570,17570,13239,12606,37196
1,5,4,1791064778996225,1791064778997896,1671,0,4,17424,17424,17424,13103,13102,37905
1,6,5,1791064779046225,1791064779049434,3209,0,5,17441,17441,17441,13008,12754,36920
1,7,6,1791064779096225,1791064779097753,1528,0,6,17409,17409,17409,13053,12571,36757
1,8,7,1791064779146225,1791064779146947,722,0,7,17543,17543,17543,13248,13085,37977
1,9,8,1791064779196225,1791064779197901,1676,0,8,17605,17605,17605,13191,12814,37477
1,10,9,1791064779246225,1791064779247054,829,0,9,17400,17400,17400,13046,12937,37277
1,11,10,1791064779296225,1791064779297433,1208,0,10,17435,17435,17435,13231,13141,37744
1,12,11,1791064779346225,1791064779347813,1588,0,11,17468,17468,17468,13159,12729,37198
1,13,12,1791064779396225,1791064779397092,867,0,12,17638,17638,17638,13302,13008,37956
1,14,13,1791064779446225,1791064779447681,1456,0,13,17482,17482,17482,13139,12827,37193
1,15,14,1791064779496225,1791064779499603,3378,0,14,17493,17493,17493,13095,12824,37482
1,16,15,1791064779546225,1791064779547716,1491,0,15,17480,17480,17480,13147,12630,37153
1,17,16,1791064779596225,1791064779597253,1028,0,16,17618,17618,17618,13184,12891,37668
1,18,17,1791064779646225,1791064779647754,1529,0,17,17358,17358,17358,13100,12577,37057
1,19,18,1791064779696225,1791064779697353,1128,0,18,17559,17559,17559,13080,12674,37403
1,20,19,1791064779746225,1791064779747697,1472,0,19,17595,17595,17595,13153,12462,37082
1,21,20,1791064779796225,1791064779796988,763,0,0,17358,17358,17358,12920,12677,37195
1,22,21,1791064779846225,1791064779847651,1426,0,1,17639,17639,17639,13262,13251,37734
1,23,22,1791064779896225,1791064779900352,4127,0,2,17485,17485,17485,13116,12681,37082
1,24,23,1791064779946225,1791064779947854,1629,0,3,17570,17570,17570,13165,12830,37345
1,25,24,1791064779996225,1791064779996960,735,0,4,17424,17424,17424,13002,12518,36992
1,26,25,1791064780046225,1791064780046916,691,0,5,17441,17441,17441,13018,12546,36831
1,27,26,1791064780096225,1791064780097120,895,0,6,17409,17409,17409,13209,12649,37299
1,28,27,1791064780146225,1791064780146865,640,0,7,17543,17543,17543,13168,12995,37962
1,29,28,1791064780196225,1791064780197173,948,0,8,17605,17605,17605,13242,12802,37644
1,30,29,1791064780246225,1791064780247686,1461,0,9,17400,17400,17400,13091,12978,37618
1,31,30,1791064780296225,1791064780297470,1245,0,10,17435,17435,17435,13093,12905,37283
1,32,31,1791064780346225,1791064780346817,592,0,11,17468,17468,17468,13114,12626,36748
1,33,32,1791064780396225,1791064780397281,1056,0,12,17638,17638,17638,13212,12535,37136
1,34,33,1791064780446225,1791064780447375,1150,0,13,17482,17482,17482,13068,12837,37571
1,35,34,1791064780496225,1791064780498186,1961,0,14,17493,17493,17493,13054,12650,37225
1,36,35,1791064780546225,1791064780547366,1141,0,15,17480,17480,17480,13096,13090,37446
1,37,36,1791064780596225,1791064780597180,955,0,16,17618,17618,17618,13232,12636,37449
1,38,37,1791064780646225,1791064780647105,880,0,17,17358,17358,17358,13032,12382,36744
1,39,38,1791064780696225,1791064780697895,1670,0,18,17559,17559,17559,13130,12606,37167
1,40,39,1791064780746225,1791064780747384,1159,0,19,17595,17595,17595,13263,13053,37964
1,41,40,1791064780796225,1791064780798280,2055,0,0,17358,17358,17358,12964,12581,36643
1,42,41,1791064780846225,1791064780847361,1136,0,1,17639,17639,17639,13324,13112,37803
1,43,42,1791064780896225,1791064780898435,2210,0,2,17485,17485,17485,13175,12684,37510
1,44,43,1791064780946225,1791064780950132,3907,0,3,17570,17570,17570,13173,12917,37678
1,45,44,1791064780996225,1791064781002796,6571,0,4,17424,17424,17424,13120,12754,37235
1,46,45,1791064781046225,1791064781049861,3636,0,5,17441,17441,17441,13149,13100,37752
1,47,46,1791064781096225,1791064781096943,718,0,6,17409,17409,17409,13029,12743,36896
1,48,47,1791064781146225,1791064781147873,1648,0,7,17543,17543,17543,13236,12809,37627
1,49,48,1791064781196225,1791064781197242,1017,0,8,17605,17605,17605,13177,12754,37708
1,50,49,1791064781246225,1791064781247496,1271,0,9,17400,17400,17400,13058,12622,37113
1,51,50,1791064781296225,1791064781300216,3991,0,10,17435,17435,17435,13127,12883,37617
1,52,51,1791064781346225,1791064781347616,1391,0,11,17468,17468,17468,13177,12773,37495
1,53,52,1791064781396225,1791064781397080,855,0,12,17638,17638,17638,13227,12571,37314
1,54,53,1791064781446225,1791064781446987,762,0,13,17482,17482,17482,13055,12516,37522
1,55,54,1791064781496225,1791064781496998,773,0,14,17493,17493,17493,13202,12541,37431
1,56,55,1791064781546225,1791064781548378,2153,0,15,17480,17480,17480,13287,12943,38309
1,57,56,1791064781596225,1791064781598820,2595,0,16,17618,17618,17618,13201,12694,38169
1,58,57,1791064781646225,1791064781647442,1217,0,17,17358,17358,17358,13010,12528,37539
1,59,58,1791064781696225,1791064781697418,1193,0,18,17559,17559,17559,13106,12910,38197
1,60,59,1791064781746225,1791064781746807,582,0,19,17595,17595,17595,13155,12257,37305
1,61,60,1791064781796225,1791064781797252,1027,0,0,17358,17358,17358,12950,12538,38290
1,62,61,1791064781846225,1791064781847167,942,0,1,17639,17639,17639,13253,12915,38877
1,63,62,1791064781896225,1791064781897321,1096,0,2,17485,17485,17485,13063,12878,38169
1,64,63,1791064781946225,1791064781950089,3864,0,3,17570,17570,17570,13149,12937,38612
1,65,64,1791064781996225,1791064781997442,1217,0,4,17424,17424,17424,13057,12816,38139
1,66,65,1791064782046225,1791064782046857,632,0,5,17441,17441,17441,13073,12992,38732
1,67,66,1791064782096225,1791064782097694,1469,0,6,17409,17409,17409,13183,12564,38068
1,68,67,1791064782146225,1791064782147570,1345,0,7,17543,17543,17543,13254,12857,38477
1,69,68,1791064782196225,1791064782198631,2406,0,8,17605,17605,17605,13232,12824,38340
1,70,69,1791064782246225,1791064782249971,3746,0,9,17400,17400,17400,12969,12803,37841
1,71,70,1791064782296225,1791064782305191,8966,0,10,17435,17435,17435,13056,12405,37812
1,72,71,1791064782346225,1791064782349764,3539,0,11,17468,17468,17468,13066,12798,38596
1,73,72,1791064782396225,1791064782396974,749,0,12,17638,17638,17638,13327,13082,38986
1,74,73,1791064782446225,1791064782447272,1047,0,13,17482,17482,17482,13137,12893,38478
1,75,74,1791064782496225,1791064782497689,1464,0,14,17493,17493,17493,13152,12686,38418
1,76,75,1791064782546225,1791064782547914,1689,0,15,17480,17480,17480,13180,12839,38502
1,77,76,1791064782596225,1791064782596999,774,0,16,17618,17618,17618,13150,12689,38671
1,78,77,1791064782646225,1791064782647042,817,0,17,17358,17358,17358,13109,12868,38616
1,79,78,1791064782696225,1791064782697259,1034,0,18,17559,17559,17559,13151,12714,38797
1,80,79,1791064782746225,1791064782746973,748,0,19,17595,17595,17595,13191,13015,39020
1,81,80,1791064782796225,1791064782797025,800,0,0,17358,17358,17358,12948,12776,38397
1,82,81,1791064782846225,1791064782846997,772,0,1,17639,17639,17639,13295,12937,39700
1,83,82,1791064782896225,1791064782897191,966,0,2,17485,17485,17485,13083,12850,38869
1,84,83,1791064782946225,1791064782946982,757,0,3,17570,17570,17570,13170,12789,39230
1,85,84,1791064782996225,1791064782998656,2431,0,4,17424,17424,17424,13149,12971,39577
1,86,85,1791064783046225,1791064783050679,4454,0,5,17441,17441,17441,13037,12672,38855
1,87,86,1791064783096225,1791064783097807,1582,0,6,17409,17409,17409,13059,12691,39292
1,88,87,1791064783146225,1791064783147798,1573,0,7,17543,17543,17543,13185,12866,39630
1,89,88,1791064783196225,1791064783197630,1405,0,8,17605,17605,17605,13137,12532,39106
1,90,89,1791064783246225,1791064783247307,1082,0,9,17400,17400,17400,13065,12534,39342
1,91,90,1791064783296225,1791064783297436,1211,0,10,17435,17435,17435,13177,12543,40076
1,92,91,1791064783346225,1791064783347627,1402,0,11,17468,17468,17468,13200,12742,40439
1,93,92,1791064783396225,1791064783397084,859,0,12,17638,17638,17638,13289,13146,40649
1,94,93,1791064783446225,1791064783447584,1359,0,13,17482,17482,17482,13082,12285,39390
1,95,94,1791064783496225,1791064783497170,945,0,14,17493,17493,17493,13171,12636,40658
1,96,95,1791064783546225,1791064783547834,1609,0,15,17480,17480,17480,13158,12584,40447
1,97,96,1791064783596225,1791064783596967,742,0,16,17618,17618,17618,13284,13283,41720
1,98,97,1791064783646225,1791064783647462,1237,0,17,17358,17358,17358,13009,12283,39979
1,99,98,1791064783696225,1791064783697169,944,0,18,17559,17559,17559,13159,12809,40833
1,100,99,1791064783746225,1791064783747800,1575,0,19,17595,17595,17595,13247,13159,40802
1,101,100,1791064783796225,1791064783796978,753,0,0,17358,17358,17358,13020,12315,39643
1,102,101,1791064783846225,1791064783847587,1362,0,1,17639,17639,17639,13206,12914,40993
1,103,102,1791064783896225,1791064783897403,1178,0,2,17485,17485,17485,13116,12761,40190
1,104,103,1791064783946225,1791064783946935,710,0,3,17570,17570,17570,13236,13232,40936
1,105,104,1791064783996225,1791064783997818,1593,0,4,17424,17424,17424,12971,12352,39786
1,106,105,1791064784046225,1791064784047075,850,0,5,17441,17441,17441,13011,12888,40156
1,107,106,1791064784096225,1791064784097559,1334,0,6,17409,17409,17409,13060,13006,40377
1,108,107,1791064784146225,1791064784147664,1439,0,7,17543,17543,17543,13102,12293,39351
1,109,108,1791064784196225,1791064784197135,910,0,8,17605,17605,17605,13144,12788,40229
1,110,109,1791064784246225,1791064784247687,1462,0,9,17400,17400,17400,13021,12379,39333
1,111,110,1791064784296225,1791064784297454,1229,0,10,17435,17435,17435,13164,13102,41185
1,112,111,1791064784346225,1791064784347176,951,0,11,17468,17468,17468,13084,13025,40847
1,113,112,1791064784396225,1791064784397302,1077,0,12,17638,17638,17638,13228,13077,41067
1,114,113,1791064784446225,1791064784447906,1681,0,13,17482,17482,17482,13135,12975,41036
1,115,114,1791064784496225,1791064784496941,716,0,14,17493,17493,17493,13100,12711,40565
1,116,115,1791064784546225,1791064784547727,1502,0,15,17480,17480,17480,13229,12565,40652
1,117,116,1791064784596225,1791064784597535,1310,0,16,17618,17618,17618,13189,13119,41897
1,118,117,1791064784646225,1791064784647452,1227,0,17,17358,17358,17358,12954,12309,40315
1,119,118,1791064784696225,1791064784697388,1163,0,18,17559,17559,17559,13191,12648,40968
1,120,119,1791064784746225,1791064784747614,1389,0,19,17595,17595,17595,13140,12379,40746
1,121,120,1791064784796225,1791064784797669,1444,0,0,17358,17358,17358,13189,12623,42009
1,122,121,1791064784846225,1791064784847867,1642,0,1,17639,17639,17639,13403,12503,41446
1,123,122,1791064784896225,1791064784897973,1748,0,2,17485,17485,17485,13126,12787,41169
1,124,123,1791064784946225,1791064784947631,1406,0,3,17570,17570,17570,13183,12737,40629
1,125,124,1791064784996225,1791064784997563,1338,0,4,17424,17424,17424,12902,12662,40750
1,126,125,1791064785046225,1791064785047380,1155,0,5,17441,17441,17441,13050,12539,40781
1,127,126,1791064785096225,1791064785102129,5904,0,6,17409,17409,17409,13033,12843,41441
1,128,127,1791064785146225,1791064785149193,2968,0,7,17543,17543,17543,13183,12411,41218
1,129,128,1791064785196225,1791064785196979,754,0,8,17605,17605,17605,13134,12942,41824
1,130,129,1791064785246225,1791064785247480,1255,0,9,17400,17400,17400,13005,12648,41544
1,131,130,1791064785296225,1791064785297231,1006,0,10,17435,17435,17435,12959,12654,41327
1,132,131,1791064785346225,1791064785346990,765,0,11,17468,17468,17468,13217,13186,42846
1,133,132,1791064785396225,1791064785397483,1258,0,12,17638,17638,17638,13358,13314,43758
1,134,133,1791064785446225,1791064785447147,922,0,13,17482,17482,17482,13249,13123,43081
1,135,134,1791064785496225,1791064785496985,760,0,14,17493,17493,17493,13117,12562,42439
1,136,135,1791064785546225,1791064785547304,1079,0,15,17480,17480,17480,13225,13005,43752
1,137,136,1791064785596225,1791064785599387,3162,0,16,17618,17618,17618,13192,12916,43013
1,138,137,1791064785646225,1791064785650013,3788,0,17,17358,17358,17358,13108,12865,42435
1,139,138,1791064785696225,1791064785697797,1572,0,18,17559,17559,17559,13352,13159,43008
1,140,139,1791064785746225,1791064785747027,802,0,19,17595,17595,17595,13154,12669,42274
1,141,140,1791064785796225,1791064785797859,1634,0,0,17358,17358,17358,13062,12402,42212
1,142,141,1791064785846225,1791064785847809,1584,0,1,17639,17639,17639,13382,12830,42897
1,143,142,1791064785896225,1791064785897100,875,0,2,17485,17485,17485,13103,12680,41577
1,144,143,1791064785946225,1791064785946839,614,0,3,17570,17570,17570,13261,12953,42014
1,145,144,1791064785996225,1791064785997483,1258,0,4,17424,17424,17424,13017,12626,41026
1,146,145,1791064786046225,1791064786047679,1454,0,5,17441,17441,17441,13131,12736,41052
1,147,146,1791064786096225,1791064786097651,1426,0,6,17409,17409,17409,13148,12539,41347
1,148,147,1791064786146225,1791064786147538,1313,0,7,17543,17543,17543,13182,12533,40981
1,149,148,1791064786196225,1791064786200247,4022,0,8,17605,17605,17605,13332,13194,42593
1,150,149,1791064786246225,1791064786247065,840,0,9,17400,17400,17400,13105,12675,41155
1,151,150,1791064786296225,1791064786297817,1592,0,10,17435,17435,17435,13047,12516,40967
1,152,151,1791064786346225,1791064786347585,1360,0,11,17468,17468,17468,13123,12796,41313
1,153,152,1791064786396225,1791064786397258,1033,0,12,17638,17638,17638,13197,12850,41099
1,154,153,1791064786446225,1791064786449027,2802,0,13,17482,17482,17482,13106,12886,41174
1,155,154,1791064786496225,1791064786497758,1533,0,14,17493,17493,17493,13092,12799,40831
1,156,155,1791064786546225,1791064786547284,1059,0,15,17480,17480,17480,13002,12345,39957
1,157,156,1791064786596225,1791064786597572,1347,0,16,17618,17618,17618,13142,12938,41337
1,158,157,1791064786646225,1791064786647713,1488,0,17,17358,17358,17358,13014,12209,40262
1,159,158,1791064786696225,1791064786697262,1037,0,18,17559,17559,17559,13145,12751,41020
1,160,159,1791064786746225,1791064786746868,643,0,19,17595,17595,17595,13227,12784,41957
1,161,160,1791064786796225,1791064786797026,801,0,0,17358,17358,17358,13050,12601,41405
1,162,161,1791064786846225,1791064786846984,759,0,1,17639,17639,17639,13284,12396,41727
1,163,162,1791064786896225,1791064786897327,1102,0,2,17485,17485,17485,13228,12949,42122
1,164,163,1791064786946225,1791064786946866,641,0,3,17570,17570,17570,13206,12656,41481
1,165,164,1791064786996225,1791064786997111,886,0,4,17424,17424,17424,13109,12599,40621
1,166,165,1791064787046225,1791064787047052,827,0,5,17441,17441,17441,13072,12537,40393
1,167,166,1791064787096225,1791064787097698,1473,0,6,17409,17409,17409,13027,12835,40911
1,168,167,1791064787146225,1791064787147742,1517,0,7,17543,17543,17543,13150,12752,41213
1,169,168,1791064787196225,1791064787197589,1364,0,8,17605,17605,17605,13216,12787,41725
1,170,169,1791064787246225,1791064787246876,651,0,9,17400,17400,17400,13104,12848,41058
1,171,170,1791064787296225,1791064787296940,715,0,10,17435,17435,17435,13033,12582,40328
1,172,171,1791064787346225,1791064787346826,601,0,11,17468,17468,17468,13181,13157,40955
1,173,172,1791064787396225,1791064787397222,997,0,12,17638,17638,17638,13262,12986,41175
1,174,173,1791064787446225,1791064787447725,1500,0,13,17482,17482,17482,13156,12845,40572
1,175,174,1791064787496225,1791064787497589,1364,0,14,17493,17493,17493,13149,12864,41006
1,176,175,1791064787546225,1791064787549082,2857,0,15,17480,17480,17480,13121,12609,40091
1,177,176,1791064787596225,1791064787599279,3054,0,16,17618,17618,17618,13152,12731,40928
1,178,177,1791064787646225,1791064787651975,5750,0,17,17358,17358,17358,13053,12749,41232
1,179,178,1791064787696225,1791064787699636,3411,0,18,17559,17559,17559,13250,12622,41342
1,180,179,1791064787746225,1791064787747712,1487,0,19,17595,17595,17595,13223,13032,42326
1,181,180,1791064787796225,1791064787797736,1511,0,0,17358,17358,17358,13172,13003,42244
1,182,181,1791064787846225,1791064787847048,823,0,1,17639,17639,17639,13297,12648,42707
1,183,182,1791064787896225,1791064787897052,827,0,2,17485,17485,17485,13104,12361,41550
1,184,183,1791064787946225,1791064787947723,1498,0,3,17570,17570,17570,13266,12504,41753
1,185,184,1791064787996225,1791064787997220,995,0,4,17424,17424,17424,13091,13022,42421
1,186,185,1791064788046225,1791064788047182,957,0,5,17441,17441,17441,13127,12877,42507
1,187,186,1791064788096225,1791064788097133,908,0,6,17409,17409,17409,13165,12867,42650
1,188,187,1791064788146225,1791064788147609,1384,0,7,17543,17543,17543,13301,12658,42422
1,189,188,1791064788196225,1791064788197665,1440,0,8,17605,17605,17605,13195,13165,42938
1,190,189,1791064788246225,1791064788247690,1465,0,9,17400,17400,17400,13146,12994,42699
1,191,190,1791064788296225,1791064788297656,1431,0,10,17435,17435,17435,13087,12635,42585
1,192,191,1791064788346225,1791064788347769,1544,0,11,17468,17468,17468,13224,13183,43399
1,193,192,1791064788396225,1791064788397209,984,0,12,17638,17638,17638,13295,12751,42872
1,194,193,1791064788446225,1791064788447325,1100,0,13,17482,17482,17482,13186,12960,43231
1,195,194,1791064788496225,1791064788496998,773,0,14,17493,17493,17493,13195,13029,42969
1,196,195,1791064788546225,1791064788547814,1589,0,15,17480,17480,17480,13190,12547,42238
1,197,196,1791064788596225,1791064788597074,849,0,16,17618,17618,17618,13286,12767,43202
1,198,197,1791064788646225,1791064788647205,980,0,17,17358,17358,17358,13028,12574,42208
1,199,198,1791064788696225,1791064788697023,798,0,18,17559,17559,17559,13243,12430,41932
1,200,199,1791064788746225,1791064788746896,671,0,19,17595,17595,17595,13325,12845,43226
1,201,200,1791064788796225,1791064788797201,976,0,0,17358,17358,17358,13147,12322,42114
1,202,201,1791064788846225,1791064788846860,635,0,1,17639,17639,17639,13329,13051,43285
1,203,202,1791064788896225,1791064788897573,1348,0,2,17485,17485,17485,13214,13071,42564
1,204,203,1791064788946225,1791064788947050,825,0,3,17570,17570,17570,13187,12711,42073
1,205,204,1791064788996225,1791064788996901,676,0,4,17424,17424,17424,13063,12858,41424
1,206,205,1791064789046225,1791064789047545,1320,0,5,17441,17441,17441,13025,12574,41006
1,207,206,1791064789096225,1791064789097306,1081,0,6,17409,17409,17409,13081,12518,40983
1,208,207,1791064789146225,1791064789147087,862,0,7,17543,17543,17543,13271,13045,42879
1,209,208,1791064789196225,1791064789199380,3155,0,8,17605,17605,17605,13176,12575,42175
1,210,209,1791064789246225,1791064789251206,4981,0,9,17400,17400,17400,13225,12726,43045
1,211,210,1791064789296225,1791064789299101,2876,0,10,17435,17435,17435,13100,12968,42257
1,212,211,1791064789346225,1791064789347553,1328,0,11,17468,17468,17468,13245,12947,42574
1,213,212,1791064789396225,1791064789397010,785,0,12,17638,17638,17638,13341,13215,43346
1,214,213,1791064789446225,1791064789447562,1337,0,13,17482,17482,17482,12996,12595,41478
1,215,214,1791064789496225,1791064789497715,1490,0,14,17493,17493,17493,13182,12409,42115
1,216,215,1791064789546225,1791064789547781,1556,0,15,17480,17480,17480,13157,12567,42241
1,217,216,1791064789596225,1791064789596982,757,0,16,17618,17618,17618,13247,12948,42866
1,218,217,1791064789646225,1791064789647173,948,0,17,17358,17358,17358,13121,12566,42436
1,219,218,1791064789696225,1791064789700564,4339,0,18,17559,17559,17559,13198,12834,42753
1,220,219,1791064789746225,1791064789747197,972,0,19,17595,17595,17595,13290,12492,42519
1,221,220,1791064789796225,1791064789797449,1224,0,0,17358,17358,17358,13124,12574,43295
1,222,221,1791064789846225,1791064789847674,1449,0,1,17639,17639,17639,13332,13220,43432
1,223,222,1791064789896225,1791064789897292,1067,0,2,17485,17485,17485,13225,13091,43079
1,224,223,1791064789946225,1791064789975467,29242,0,3,17570,17570,17570,13235,12334,41948
1,225,224,1791064789996225,1791064790024756,28531,0,4,17424,17424,17424,13182,12945,42774
1,226,225,1791064790046225,1791064790073655,27430,0,5,17441,17441,17441,13071,12458,41283
1,227,226,1791064790096225,1791064790120860,24635,0,6,17409,17409,17409,13135,12609,41697
1,228,227,1791064790146225,1791064790167383,21158,0,7,17543,17543,17543,13230,12692,42569
1,229,228,1791064790196225,1791064790215002,18777,0,8,17605,17605,17605,13282,13210,42574
1,230,229,1791064790246225,1791064790262254,16029,0,9,17400,17400,17400,13043,12666,41439
1,231,230,1791064790296225,1791064790308697,12472,0,10,17435,17435,17435,13019,12787,41945
1,232,231,1791064790346225,1791064790359403,13178,0,11,17468,17468,17468,13217,13197,43069
1,233,232,1791064790396225,1791064790407496,11271,0,12,17638,17638,17638,13260,12890,43086
1,234,233,1791064790446225,1791064790455291,9066,0,13,17482,17482,17482,13279,12827,43067
1,235,234,1791064790496225,1791064790503643,7418,0,14,17493,17493,17493,13263,12488,43118
1,236,235,1791064790546225,1791064790553932,7707,0,15,17480,17480,17480,13230,12357,42539
1,237,236,1791064790596225,1791064790601410,5185,0,16,17618,17618,17618,13424,13208,44612
1,238,237,1791064790646225,1791064790650546,4321,0,17,17358,17358,17358,13143,12283,42706
1,239,238,1791064790696225,1791064790698567,2342,0,18,17559,17559,17559,13316,12962,44100
1,240,239,1791064790746225,1791064790751371,5146,0,19,17595,17595,17595,13277,12892,43224
1,241,240,1791064790796225,1791064790800755,4530,0,0,17358,17358,17358,13204,12300,42594
1,242,241,1791064790846225,1791064790847789,1564,0,1,17639,17639,17639,13336,12523,43146
1,243,242,1791064790896225,1791064790897460,1235,0,2,17485,17485,17485,13111,12937,42655
1,244,243,1791064790946225,1791064790947622,1397,0,3,17570,17570,17570,13173,12772,42001
1,245,244,1791064790996225,1791064790997810,1585,0,4,17424,17424,17424,13081,13067,41777
1,246,245,1791064791046225,1791064791047678,1453,0,5,17441,17441,17441,13088,13044,41814
1,247,246,1791064791096225,1791064791101050,4825,0,6,17409,17409,17409,12960,12616,41068
1,248,247,1791064791146225,1791064791149447,3222,0,7,17543,17543,17543,13181,13158,42078
1,249,248,1791064791196225,1791064791201232,5007,0,8,17605,17605,17605,13217,12994,41610
1,250,249,1791064791246225,1791064791251390,5165,0,9,17400,17400,17400,13143,12995,41245
1,251,250,1791064791296225,1791064791302131,5906,0,10,17435,17435,17435,13124,12963,41519
1,252,251,1791064791346225,1791064791354452,8227,0,11,17468,17468,17468,13130,12954,41729
1,253,252,1791064791396225,1791064791401888,5663,0,12,17638,17638,17638,13178,12651,41932
1,254,253,1791064791446225,1791064791453152,6927,0,13,17482,17482,17482,13135,12838,42147
1,255,254,1791064791496225,1791064791500460,4235,0,14,17493,17493,17493,13158,12939,42090
1,256,255,1791064791546225,1791064791547790,1565,0,15,17480,17480,17480,13148,13034,42062
1,257,256,1791064791596225,1791064791597687,1462,0,16,17618,17618,17618,13126,12540,41556
1,258,257,1791064791646225,1791064791646833,608,0,17,17358,17358,17358,13104,12913,42036
1,259,258,1791064791696225,1791064791698373,2148,0,18,17559,17559,17559,13183,13029,42283
1,260,259,1791064791746225,1791064791747813,1588,0,19,17595,17595,17595,13236,13189,42327
1,261,260,1791064791796225,1791064791798732,2507,0,0,17358,17358,17358,13041,12322,41794
1,262,261,1791064791846225,1791064791849565,3340,0,1,17639,17639,17639,13409,12933,42889
1,263,262,1791064791896225,1791064791898914,2689,0,2,17485,17485,17485,13057,12662,41385
1,264,263,1791064791946225,1791064791947114,889,0,3,17570,17570,17570,13202,12799,41269
1,265,264,1791064791996225,1791064791997185,960,0,4,17424,17424,17424,13040,12335,40112
1,266,265,1791064792046225,1791064792048558,2333,0,5,17441,17441,17441,13118,13103,41322
1,267,266,1791064792096225,1791064792096892,667,0,6,17409,17409,17409,13027,12833,40353
1,268,267,1791064792146225,1791064792147778,1553,0,7,17543,17543,17543,13258,13081,41120
1,269,268,1791064792196225,1791064792197704,1479,0,8,17605,17605,17605,13233,12574,40672
1,270,269,1791064792246225,1791064792247240,1015,0,9,17400,17400,17400,13084,12654,41148
1,271,270,1791064792296225,1791064792297473,1248,0,10,17435,17435,17435,13075,12771,41470
1,272,271,1791064792346225,1791064792346859,634,0,11,17468,17468,17468,13082,12737,41419
1,273,272,1791064792396225,1791064792397006,781,0,12,17638,17638,17638,13284,13220,42145
1,274,273,1791064792446225,1791064792447445,1220,0,13,17482,17482,17482,13186,12483,41209
1,275,274,1791064792496225,1791064792498494,2269,0,14,17493,17493,17493,13197,13113,41995
1,276,275,1791064792546225,1791064792551291,5066,0,15,17480,17480,17480,13114,12494,41180
1,277,276,1791064792596225,1791064792599210,2985,0,16,17618,17618,17618,13284,12782,42508
1,278,277,1791064792646225,1791064792649043,2818,0,17,17358,17358,17358,13111,12419,41687
1,279,278,1791064792696225,1791064792697379,1154,0,18,17559,17559,17559,13145,12681,41404
1,280,279,1791064792746225,1791064792746942,717,0,19,17595,17595,17595,13233,12598,41791
1,281,280,1791064792796225,1791064792796906,681,0,0,17358,17358,17358,13083,12738,42170
1,282,281,1791064792846225,1791064792847269,1044,0,1,17639,17639,17639,13251,12723,42049
1,283,282,1791064792896225,1791064792896956,731,0,2,17485,17485,17485,13132,12983,41989
1,284,283,1791064792946225,1791064792946874,649,0,3,17570,17570,17570,13259,13169,41774
1,285,284,1791064792996225,1791064793001108,4883,0,4,17424,17424,17424,13088,12603,41140
1,286,285,1791064793046225,1791064793050359,4134,0,5,17441,17441,17441,13072,13047,40942
1,287,286,1791064793096225,1791064793103836,7611,0,6,17409,17409,17409,13020,12333,40047
1,288,287,1791064793146225,1791064793152036,5811,0,7,17543,17543,17543,13216,13037,41102
1,289,288,1791064793196225,1791064793199821,3596,0,8,17605,17605,17605,13193,13020,40880
1,290,289,1791064793246225,1791064793261041,14816,0,9,17400,17400,17400,13124,12396,40020
1,291,290,1791064793296225,1791064793316212,19987,0,10,17435,17435,17435,13211,13080,41493
1,292,291,1791064793346225,1791064793366641,20416,0,11,17468,17468,17468,13109,12718,40750
1,293,292,1791064793396225,1791064793413712,17487,0,12,17638,17638,17638,13274,13102,41030
1,294,293,1791064793446225,1791064793460860,14635,0,13,17482,17482,17482,13206,12324,40015
1,295,294,1791064793496225,1791064793506205,9980,0,14,17493,17493,17493,13133,12258,40453
1,296,295,1791064793546225,1791064793552667,6442,0,15,17480,17480,17480,13232,12963,41068
1,297,296,1791064793596225,1791064793600189,3964,0,16,17618,17618,17618,13230,12804,41065
1,298,297,1791064793646225,1791064793646952,727,0,17,17358,17358,17358,13062,12174,39880
1,299,298,1791064793696225,1791064793697948,1723,0,18,17559,17559,17559,13232,13090,41399
1,300,299,1791064793746225,1791064793747538,1313,0,19,17595,17595,17595,13256,13020,41207
1,301,300,1791064793796225,1791064793799249,3024,0,0,17358,17358,17358,13077,12293,40102
1,302,301,1791064793846225,1791064793850913,4688,0,1,17639,17639,17639,13245,13005,41240
1,303,302,1791064793896225,1791064793897560,1335,0,2,17485,17485,17485,13028,12663,40302
1,304,303,1791064793946225,1791064793947023,798,0,3,17570,17570,17570,13211,12924,41033
1,305,304,1791064793996225,1791064793997749,1524,0,4,17424,17424,17424,13107,12741,40849
1,306,305,1791064794046225,1791064794047613,1388,0,5,17441,17441,17441,12973,12055,39241
1,307,306,1791064794096225,1791064794097786,1561,0,6,17409,17409,17409,13107,12876,41595
1,308,307,1791064794146225,1791064794147244,1019,0,7,17543,17543,17543,13057,12894,40703
1,309,308,1791064794196225,1791064794197541,1316,0,8,17605,17605,17605,13308,12988,41631
1,310,309,1791064794246225,1791064794247679,1454,0,9,17400,17400,17400,13056,12349,40718
1,311,310,1791064794296225,1791064794298649,2424,0,10,17435,17435,17435,13139,12928,42174
1,312,311,1791064794346225,1791064794347805,1580,0,11,17468,17468,17468,13099,12838,41563
1,313,312,1791064794396225,1791064794398094,1869,0,12,17638,17638,17638,13246,12978,42178
1,314,313,1791064794446225,1791064794447856,1631,0,13,17482,17482,17482,13194,13096,42717
1,315,314,1791064794496225,1791064794497585,1360,0,14,17493,17493,17493,13037,12635,41389
1,316,315,1791064794546225,1791064794546983,758,0,15,17480,17480,17480,13083,12611,41125
1,317,316,1791064794596225,1791064794596983,758,0,16,17618,17618,17618,13240,13086,42684
1,318,317,1791064794646225,1791064794647113,888,0,17,17358,17358,17358,13100,12633,41752
1,319,318,1791064794696225,1791064794697880,1655,0,18,17559,17559,17559,13132,12793,41250
1,320,319,1791064794746225,1791064794747775,1550,0,19,17595,17595,17595,13196,12562,41427
1,321,320,1791064794796225,1791064794797265,1040,0,0,17358,17358,17358,13071,12907,42145
1,322,321,1791064794846225,1791064794847553,1328,0,1,17639,17639,17639,13300,12767,42529
1,323,322,1791064794896225,1791064794897670,1445,0,2,17485,17485,17485,13155,12437,41560
1,324,323,1791064794946225,1791064794946883,658,0,3,17570,17570,17570,13258,12850,42012
1,325,324,1791064794996225,1791064794996828,603,0,4,17424,17424,17424,12994,12668,40844
1,326,325,1791064795046225,1791064795047827,1602,0,5,17441,17441,17441,13191,12586,40831
1,327,326,1791064795096225,1791064795096873,648,0,6,17409,17409,17409,13110,12833,41294
1,328,327,1791064795146225,1791064795147645,1420,0,7,17543,17543,17543,13175,13028,41290
1,329,328,1791064795196225,1791064795197773,1548,0,8,17605,17605,17605,13277,12877,41145
1,330,329,1791064795246225,1791064795247650,1425,0,9,17400,17400,17400,12987,12727,40627
1,331,330,1791064795296225,1791064795297485,1260,0,10,17435,17435,17435,13117,12772,41792
1,332,331,1791064795346225,1791064795346954,729,0,11,17468,17468,17468,13188,13019,41623
1,333,332,1791064795396225,1791064795397551,1326,0,12,17638,17638,17638,13138,12861,41224
1,334,333,1791064795446225,1791064795447428,1203,0,13,17482,17482,17482,13105,12752,40860
1,335,334,1791064795496225,1791064795497821,1596,0,14,17493,17493,17493,13187,12695,41054
1,336,335,1791064795546225,1791064795547525,1300,0,15,17480,17480,17480,13234,12583,40825
1,337,336,1791064795596225,1791064795598408,2183,0,16,17618,17618,17618,13206,12914,41621
1,338,337,1791064795646225,1791064795647543,1318,0,17,17358,17358,17358,13126,12491,40523
1,339,338,1791064795696225,1791064795697678,1453,0,18,17559,17559,17559,13244,12913,41025
1,340,339,1791064795746225,1791064795747632,1407,0,19,17595,17595,17595,13193,12901,40899
1,341,340,1791064795796225,1791064795798493,2268,0,0,17358,17358,17358,12968,12901,40155
1,342,341,1791064795846225,1791064795849671,3446,0,1,17639,17639,17639,13300,12417,39969
1,343,342,1791064795896225,1791064795900998,4773,0,2,17485,17485,17485,13103,12947,40404
1,344,343,1791064795946225,1791064795952804,6579,0,3,17570,17570,17570,13250,12781,39895
1,345,344,1791064795996225,1791064795999838,3613,0,4,17424,17424,17424,13076,12466,39207
1,346,345,1791064796046225,1791064796047248,1023,0,5,17441,17441,17441,13126,12536,39217
1,347,346,1791064796096225,1791064796099798,3573,0,6,17409,17409,17409,13191,12627,39276
1,348,347,1791064796146225,1791064796147783,1558,0,7,17543,17543,17543,13131,12519,39162
1,349,348,1791064796196225,1791064796197796,1571,0,8,17605,17605,17605,13199,13193,40335
1,350,349,1791064796246225,1791064796247471,1246,0,9,17400,17400,17400,13112,12937,39656
1,351,350,1791064796296225,1791064796297223,998,0,10,17435,17435,17435,13021,12578,39101
1,352,351,1791064796346225,1791064796346888,663,0,11,17468,17468,17468,13079,12762,39473
1,353,352,1791064796396225,1791064796398236,2011,0,12,17638,17638,17638,13321,12666,39633
1,354,353,1791064796446225,1791064796447732,1507,0,13,17482,17482,17482,13104,12401,39114
1,355,354,1791064796496225,1791064796497593,1368,0,14,17493,17493,17493,13172,12728,40185
1,356,355,1791064796546225,1791064796547011,786,0,15,17480,17480,17480,13087,12635,39476
1,357,356,1791064796596225,1791064796598211,1986,0,16,17618,17618,17618,13363,12901,40845
1,358,357,1791064796646225,1791064796646938,713,0,17,17358,17358,17358,13090,12758,39306
1,359,358,1791064796696225,1791064796697553,1328,0,18,17559,17559,17559,13181,12888,39710
1,360,359,1791064796746225,1791064796747678,1453,0,19,17595,17595,17595,13280,12630,39559
1,361,360,1791064796796225,1791064796797696,1471,0,0,17358,17358,17358,13061,12550,39791
1,362,361,1791064796846225,1791064796847789,1564,0,1,17639,17639,17639,13290,12697,39986
1,363,362,1791064796896225,1791064796898982,2757,0,2,17485,17485,17485,13110,12916,39580
1,364,363,1791064796946225,1791064796947614,1389,0,3,17570,17570,17570,13161,13017,39867
1,365,364,1791064796996225,1791064796997783,1558,0,4,17424,17424,17424,13167,12739,39620
1,366,365,1791064797046225,1791064797047077,852,0,5,17441,17441,17441,13057,12555,39240
1,367,366,1791064797096225,1791064797097234,1009,0,6,17409,17409,17409,13047,12536,39226
1,368,367,1791064797146225,1791064797146865,640,0,7,17543,17543,17543,13208,13110,40246
1,369,368,1791064797196225,1791064797197055,830,0,8,17605,17605,17605,13298,12681,40396
1,370,369,1791064797246225,1791064797246915,690,0,9,17400,17400,17400,13101,12923,40372
1,371,370,1791064797296225,1791064797296951,726,0,10,17435,17435,17435,13155,13104,39946
1,372,371,1791064797346225,1791064797347523,1298,0,11,17468,17468,17468,13095,12916,39558
1,373,372,1791064797396225,1791064797397054,829,0,12,17638,17638,17638,13276,12821,40211
1,374,373,1791064797446225,1791064797446831,606,0,13,17482,17482,17482,13165,12931,40833
1,375,374,1791064797496225,1791064797497509,1284,0,14,17493,17493,17493,13203,13102,41001
1,376,375,1791064797546225,1791064797547595,1370,0,15,17480,17480,17480,13159,12508,40012
1,377,376,1791064797596225,1791064797597863,1638,0,16,17618,17618,17618,13237,13008,40977
1,378,377,1791064797646225,1791064797647763,1538,0,17,17358,17358,17358,13062,12317,39795
1,379,378,1791064797696225,1791064797697044,819,0,18,17559,17559,17559,13129,12724,40652
1,380,379,1791064797746225,1791064797746890,665,0,19,17595,17595,17595,13278,13276,41367
1,381,380,1791064797796225,1791064797797411,1186,0,0,17358,17358,17358,13060,12372,39955
1,382,381,1791064797846225,1791064797847965,1740,0,1,17639,17639,17639,13258,12893,40998
1,383,382,1791064797896225,1791064797899668,3443,0,2,17485,17485,17485,13163,13024,40765
1,384,383,1791064797946225,1791064797947779,1554,0,3,17570,17570,17570,13271,13185,40798
1,385,384,1791064797996225,1791064797997389,1164,0,4,17424,17424,17424,13071,12947,40485
1,386,385,1791064798046225,1791064798047821,1596,0,5,17441,17441,17441,12994,12594,40073
1,387,386,1791064798096225,1791064798097214,989,0,6,17409,17409,17409,13038,12757,40062
1,388,387,1791064798146225,1791064798147780,1555,0,7,17543,17543,17543,13256,13190,40541
1,389,388,1791064798196225,1791064798196942,717,0,8,17605,17605,17605,13112,12681,39523
1,390,389,1791064798246225,1791064798247238,1013,0,9,17400,17400,17400,13079,12387,39429
1,391,390,1791064798296225,1791064798297202,977,0,10,17435,17435,17435,13060,12948,40556
1,392,391,1791064798346225,1791064798347069,844,0,11,17468,17468,17468,13185,13042,40643
1,393,392,1791064798396225,1791064798397589,1364,0,12,17638,17638,17638,13236,13031,40842
1,394,393,1791064798446225,1791064798447312,1087,0,13,17482,17482,17482,13236,12997,40987
1,395,394,1791064798496225,1791064798496944,719,0,14,17493,17493,17493,13289,12978,41444
1,396,395,1791064798546225,1791064798546837,612,0,15,17480,17480,17480,13179,12921,41299
1,397,396,1791064798596225,1791064798597343,1118,0,16,17618,17618,17618,13232,12650,41481
1,398,397,1791064798646225,1791064798647238,1013,0,17,17358,17358,17358,13067,12589,40524
1,399,398,1791064798696225,1791064798697501,1276,0,18,17559,17559,17559,13183,13062,41778
1,400,399,1791064798746225,1791064798747840,1615,0,19,17595,17595,17595,13187,13081,41761
1,401,400,1791064798796225,1791064798797428,1203,0,0,17358,17358,17358,12989,12595,41345
1,402,401,1791064798846225,1791064798847469,1244,0,1,17639,17639,17639,13253,12239,40733
1,403,402,1791064798896225,1791064798897560,1335,0,2,17485,17485,17485,13204,12869,41792
1,404,403,1791064798946225,1791064798946951,726,0,3,17570,17570,17570,13195,13023,41910
1,405,404,1791064798996225,1791064798996996,771,0,4,17424,17424,17424,13072,12727,41371
1,406,405,1791064799046225,1791064799047447,1222,0,5,17441,17441,17441,13100,12556,41466
1,407,406,1791064799096225,1791064799097451,1226,0,6,17409,17409,17409,13144,12938,41768
1,408,407,1791064799146225,1791064799146972,747,0,7,17543,17543,17543,13078,12414,41440
1,409,408,1791064799196225,1791064799197662,1437,0,8,17605,17605,17605,13311,12969,42846
1,410,409,1791064799246225,1791064799247561,1336,0,9,17400,17400,17400,13041,12769,42144
1,411,410,1791064799296225,1791064799297244,1019,0,10,17435,17435,17435,13118,12577,42522
1,412,411,1791064799346225,1791064799347609,1384,0,11,17468,17468,17468,13240,13068,42674
1,413,412,1791064799396225,1791064799397369,1144,0,12,17638,17638,17638,13288,13112,43013
1,414,413,1791064799446225,1791064799447779,1554,0,13,17482,17482,17482,13244,12954,42333
1,415,414,1791064799496225,1791064799497249,1024,0,14,17493,17493,17493,13107,12596,41347
1,416,415,1791064799546225,1791064799546999,774,0,15,17480,17480,17480,13127,12844,41426
1,417,416,1791064799596225,1791064799596959,734,0,16,17618,17618,17618,13075,12862,41861
1,418,417,1791064799646225,1791064799647368,1143,0,17,17358,17358,17358,13020,12362,40663
1,419,418,1791064799696225,1791064799697626,1401,0,18,17559,17559,17559,13158,12749,41316
1,420,419,1791064799746225,1791064799747485,1260,0,19,17595,17595,17595,13244,12482,40765
1,421,420,1791064799796225,1791064799797298,1073,0,0,17358,17358,17358,12987,12476,40973
1,422,421,1791064799846225,1791064799847464,1239,0,1,17639,17639,17639,13295,12640,40906
1,423,422,1791064799896225,1791064799897111,886,0,2,17485,17485,17485,13063,12882,40671
1,424,423,1791064799946225,1791064799947896,1671,0,3,17570,17570,17570,13231,12548,40370
1,425,424,1791064799996225,1791064799997217,992,0,4,17424,17424,17424,13061,12560,39752
1,426,425,1791064800046225,1791064800049607,3382,0,5,17441,17441,17441,13057,12622,39215
1,427,426,1791064800096225,1791064800098844,2619,0,6,17409,17409,17409,13069,12614,39184
1,428,427,1791064800146225,1791064800149019,2794,0,7,17543,17543,17543,13278,13063,39926
1,429,428,1791064800196225,1791064800197659,1434,0,8,17605,17605,17605,13256,13256,40320
1,430,429,1791064800246225,1791064800247828,1603,0,9,17400,17400,17400,13114,12249,38739
1,431,430,1791064800296225,1791064800297389,1164,0,10,17435,17435,17435,13156,13077,40524
1,432,431,1791064800346225,1791064800347878,1653,0,11,17468,17468,17468,13033,12714,39419
1,433,432,1791064800396225,1791064800397584,1359,0,12,17638,17638,17638,13327,12572,39786
1,434,433,1791064800446225,1791064800447007,782,0,13,17482,17482,17482,13196,12912,40507
1,435,434,1791064800496225,1791064800497334,1109,0,14,17493,17493,17493,13077,12779,39794
1,436,435,1791064800546225,1791064800547834,1609,0,15,17480,17480,17480,13216,13105,40231
1,437,436,1791064800596225,1791064800597312,1087,0,16,17618,17618,17618,13327,12886,40613
1,438,437,1791064800646225,1791064800647560,1335,0,17,17358,17358,17358,13024,12887,39614
1,439,438,1791064800696225,1791064800697184,959,0,18,17559,17559,17559,13037,12912,39744
1,440,439,1791064800746225,1791064800746960,735,0,19,17595,17595,17595,13249,12949,40798
1,441,440,1791064800796225,1791064800797731,1506,0,0,17358,17358,17358,12979,12399,39538
1,442,441,1791064800846225,1791064800847270,1045,0,1,17639,17639,17639,13187,13156,40534
1,443,442,1791064800896225,1791064800897391,1166,0,2,17485,17485,17485,13092,12753,39759
1,444,443,1791064800946225,1791064800947846,1621,0,3,17570,17570,17570,13207,12831,39674
1,445,444,1791064800996225,1791064800998110,1885,0,4,17424,17424,17424,13078,12659,39273
1,446,445,1791064801046225,1791064801047151,926,0,5,17441,17441,17441,13174,12419,39046
1,447,446,1791064801096225,1791064801097718,1493,0,6,17409,17409,17409,13013,12995,40069
1,448,447,1791064801146225,1791064801147566,1341,0,7,17543,17543,17543,13294,13140,40164
1,449,448,1791064801196225,1791064801197914,1689,0,8,17605,17605,17605,13203,12964,39965
1,450,449,1791064801246225,1791064801246820,595,0,9,17400,17400,17400,13054,12478,39240
1,451,450,1791064801296225,1791064801296874,649,0,10,17435,17435,17435,13081,12827,40032
1,452,451,1791064801346225,1791064801347579,1354,0,11,17468,17468,17468,13031,12900,40268
1,453,452,1791064801396225,1791064801397620,1395,0,12,17638,17638,17638,13344,13151,40769
1,454,453,1791064801446225,1791064801447057,832,0,13,17482,17482,17482,13044,12927,40009
1,455,454,1791064801496225,1791064801497669,1444,0,14,17493,17493,17493,13074,12956,40115
1,456,455,1791064801546225,1791064801546866,641,0,15,17480,17480,17480,13091,12217,39223
1,457,456,1791064801596225,1791064801628137,31912,0,16,17618,17618,17618,13227,12659,40959
1,458,457,1791064801646225,1791064801675062,28837,0,17,17358,17358,17358,13066,12851,40183
1,459,458,1791064801696225,1791064801722727,26502,0,18,17559,17559,17559,13072,12826,39663
1,460,459,1791064801746225,1791064801771075,24850,0,19,17595,17595,17595,13121,12669,39796
1,461,460,1791064801796225,1791064801820287,24062,0,0,17358,17358,17358,13110,13108,40814
1,462,461,1791064801846225,1791064801869511,23286,0,1,17639,17639,17639,13218,12550,40453
1,463,462,1791064801896225,1791064801921735,25510,0,2,17485,17485,17485,13144,13023,40587
1,464,463,1791064801946225,1791064801974456,28231,0,3,17570,17570,17570,13211,12660,40357
1,465,464,1791064801996225,1791064802030435,34210,0,4,17424,17424,17424,13061,12453,39944
1,466,465,1791064802046225,1791064802082334,36109,0,5,17441,17441,17441,13066,12766,39807
1,467,466,1791064802096225,1791064802130005,33780,0,6,17409,17409,17409,13101,12438,39126
1,468,467,1791064802146225,1791064802180511,34286,0,7,17543,17543,17543,13215,12516,39909
1,469,468,1791064802196225,1791064802230402,34177,0,8,17605,17605,17605,13176,12654,40185
1,470,469,1791064802246225,1791064802278987,32762,0,9,17400,17400,17400,13119,12805,40608
1,471,470,1791064802296225,1791064802326742,30517,0,10,17435,17435,17435,13162,12488,40416
1,472,471,1791064802346225,1791064802374767,28542,0,11,17468,17468,17468,13221,12850,41527
1,473,472,1791064802396225,1791064802426899,30674,0,12,17638,17638,17638,13216,13170,41206
1,474,473,1791064802446225,1791064802479801,33576,0,13,17482,17482,17482,13099,13098,40624
1,475,474,1791064802496225,1791064802531838,35613,0,14,17493,17493,17493,13061,12884,40555
1,476,475,1791064802546225,1791064802582500,36275,0,15,17480,17480,17480,13147,12659,40780
1,477,476,1791064802596225,1791064802630163,33938,0,16,17618,17618,17618,13345,13010,41422
1,478,477,1791064802646225,1791064802683969,37744,0,17,17358,17358,17358,13013,12824,40519
1,479,478,1791064802696225,1791064802731290,35065,0,18,17559,17559,17559,13174,12746,40598
1,480,479,1791064802746225,1791064802778426,32201,0,19,17595,17595,17595,13241,12542,40809
1,481,480,1791064802796225,1791064802827564,31339,0,0,17358,17358,17358,12961,12419,40542
1,482,481,1791064802846225,1791064802873486,27261,0,1,17639,17639,17639,13274,12437,40870
1,483,482,1791064802896225,1791064802919937,23712,0,2,17485,17485,17485,13165,12648,41000
1,484,483,1791064802946225,1791064802966561,20336,0,3,17570,17570,17570,13239,12713,40714
1,485,484,1791064802996225,1791064803014019,17794,0,4,17424,17424,17424,13007,12985,39937
1,486,485,1791064803046225,1791064803062183,15958,0,5,17441,17441,17441,13094,13091,40001
1,487,486,1791064803096225,1791064803109204,12979,0,6,17409,17409,17409,13145,12819,39834
1,488,487,1791064803146225,1791064803158065,11840,0,7,17543,17543,17543,13152,13083,40446
1,489,488,1791064803196225,1791064803209042,12817,0,8,17605,17605,17605,13254,13001,40479
1,490,489,1791064803246225,1791064803258814,12589,0,9,17400,17400,17400,13138,12687,39808
1,491,490,1791064803296225,1791064803307932,11707,0,10,17435,17435,17435,13140,12988,40523
1,492,491,1791064803346225,1791064803354820,8595,0,11,17468,17468,17468,13051,12441,39972
1,493,492,1791064803396225,1791064803403759,7534,0,12,17638,17638,17638,13224,13048,41284
1,494,493,1791064803446225,1791064803451726,5501,0,13,17482,17482,17482,13090,12456,40294
1,495,494,1791064803496225,1791064803502229,6004,0,14,17493,17493,17493,13177,12611,41314
1,496,495,1791064803546225,1791064803550059,3834,0,15,17480,17480,17480,13083,12840,40867
1,497,496,1791064803596225,1791064803602295,6070,0,16,17618,17618,17618,13261,13060,41881
1,498,497,1791064803646225,1791064803655209,8984,0,17,17358,17358,17358,12957,12417,40373
1,499,498,1791064803696225,1791064803702615,6390,0,18,17559,17559,17559,13222,12742,40863
1,500,499,1791064803746225,1791064803752050,5825,0,19,17595,17595,17595,13243,12965,41056
1,501,500,1791064803796225,1791064803802124,5899,0,0,17358,17358,17358,12996,12753,40519
1,502,501,1791064803846225,1791064803851213,4988,0,1,17639,17639,17639,13384,12241,40404
1,503,502,1791064803896225,1791064803900551,4326,0,2,17485,17485,17485,13031,12760,40460
1,504,503,1791064803946225,1791064803947820,1595,0,3,17570,17570,17570,13165,13161,40831
1,505,504,1791064803996225,1791064803997578,1353,0,4,17424,17424,17424,13071,12555,40230
1,506,505,1791064804046225,1791064804047452,1227,0,5,17441,17441,17441,13175,12822,40075
1,507,506,1791064804096225,1791064804097305,1080,0,6,17409,17409,17409,13091,13054,40343
1,508,507,1791064804146225,1791064804146854,629,0,7,17543,17543,17543,13115,12961,40413
1,509,508,1791064804196225,1791064804197476,1251,0,8,17605,17605,17605,13190,12677,40469
1,510,509,1791064804246225,1791064804249655,3430,0,9,17400,17400,17400,13007,12415,39846
1,511,510,1791064804296225,1791064804298668,2443,0,10,17435,17435,17435,13168,12981,41250
1,512,511,1791064804346225,1791064804347347,1122,0,11,17468,17468,17468,13185,13070,41356
1,513,512,1791064804396225,1791064804399869,3644,0,12,17638,17638,17638,13226,12894,41004
1,514,513,1791064804446225,1791064804447575,1350,0,13,17482,17482,17482,13083,12537,40684
1,515,514,1791064804496225,1791064804498368,2143,0,14,17493,17493,17493,13167,12810,40727
1,516,515,1791064804546225,1791064804547306,1081,0,15,17480,17480,17480,13068,12322,39686
1,517,516,1791064804596225,1791064804597213,988,0,16,17618,17618,17618,13231,12983,41378
1,518,517,1791064804646225,1791064804647062,837,0,17,17358,17358,17358,13088,12860,40359
1,519,518,1791064804696225,1791064804698750,2525,0,18,17559,17559,17559,13220,12545,40273
1,520,519,1791064804746225,1791064804749146,2921,0,19,17595,17595,17595,13281,12675,40672
1,521,520,1791064804796225,1791064804801388,5163,0,0,17358,17358,17358,13086,12426,40264
1,522,521,1791064804846225,1791064804849018,2793,0,1,17639,17639,17639,13210,12671,40779
1,523,522,1791064804896225,1791064804896900,675,0,2,17485,17485,17485,13067,12847,40081
1,524,523,1791064804946225,1791064804947807,1582,0,3,17570,17570,17570,13280,12810,40679
1,525,524,1791064804996225,1791064804997094,869,0,4,17424,17424,17424,13021,12651,40213
1,526,525,1791064805046225,1791064805059429,13204,0,5,17441,17441,17441,13085,13042,40199
1,527,526,1791064805096225,1791064805122030,25805,0,6,17409,17409,17409,13039,12685,39985
1,528,527,1791064805146225,1791064805176213,29988,0,7,17543,17543,17543,13203,12719,40280
1,529,528,1791064805196225,1791064805225556,29331,0,8,17605,17605,17605,13272,12462,40077
1,530,529,1791064805246225,1791064805276212,29987,0,9,17400,17400,17400,13069,12838,40803
1,531,530,1791064805296225,1791064805325196,28971,0,10,17435,17435,17435,13026,12873,40492
1,532,531,1791064805346225,1791064805370068,23843,0,11,17468,17468,17468,13146,13001,40711
1,533,532,1791064805396225,1791064805415182,18957,0,12,17638,17638,17638,13219,13106,40765
1,534,533,1791064805446225,1791064805462783,16558,0,13,17482,17482,17482,13151,12851,40361
1,535,534,1791064805496225,1791064805508948,12723,0,14,17493,17493,17493,13100,12895,39858
1,536,535,1791064805546225,1791064805553773,7548,0,15,17480,17480,17480,13061,12452,39212
1,537,536,1791064805596225,1791064805603911,7686,0,16,17618,17618,17618,13252,12769,40394
1,538,537,1791064805646225,1791064805654610,8385,0,17,17358,17358,17358,13112,12220,38796
1,539,538,1791064805696225,1791064805701191,4966,0,18,17559,17559,17559,13092,12597,39543
1,540,539,1791064805746225,1791064805750371,4146,0,19,17595,17595,17595,13154,12880,39293
1,541,540,1791064805796225,1791064805803792,7567,0,0,17358,17358,17358,13011,12093,38030
1,542,541,1791064805846225,1791064805851252,5027,0,1,17639,17639,17639,13301,12827,39742
1,543,542,1791064805896225,1791064805897857,1632,0,2,17485,17485,17485,13111,12708,38648
1,544,543,1791064805946225,1791064805946982,757,0,3,17570,17570,17570,13163,12695,38819
1,545,544,1791064805996225,1791064805997012,787,0,4,17424,17424,17424,13040,13014,38687
1,546,545,1791064806046225,1791064806047085,860,0,5,17441,17441,17441,12991,12674,38346
1,547,546,1791064806096225,1791064806097487,1262,0,6,17409,17409,17409,12973,12681,38039
1,548,547,1791064806146225,1791064806147044,819,0,7,17543,17543,17543,13080,12277,38035
1,549,548,1791064806196225,1791064806197547,1322,0,8,17605,17605,17605,13191,12639,39704
1,550,549,1791064806246225,1791064806246975,750,0,9,17400,17400,17400,13125,12532,39054
1,551,550,1791064806296225,1791064806297057,832,0,10,17435,17435,17435,13114,12410,39128
1,552,551,1791064806346225,1791064806347756,1531,0,11,17468,17468,17468,13242,12980,39878
1,553,552,1791064806396225,1791064806396990,765,0,12,17638,17638,17638,13279,12968,39507
1,554,553,1791064806446225,1791064806447473,1248,0,13,17482,17482,17482,13181,12587,39154
1,555,554,1791064806496225,1791064806497123,898,0,14,17493,17493,17493,13124,13032,39173
1,556,555,1791064806546225,1791064806547580,1355,0,15,17480,17480,17480,13057,13036,39235
1,557,556,1791064806596225,1791064806597677,1452,0,16,17618,17618,17618,13121,12922,39084
1,558,557,1791064806646225,1791064806647523,1298,0,17,17358,17358,17358,13080,12888,38999
1,559,558,1791064806696225,1791064806697003,778,0,18,17559,17559,17559,13164,12704,38666
1,560,559,1791064806746225,1791064806746888,663,0,19,17595,17595,17595,13153,12785,38584
1,561,560,1791064806796225,1791064806796852,627,0,0,17358,17358,17358,12974,12401,37499
1,562,561,1791064806846225,1791064806847297,1072,0,1,17639,17639,17639,13289,12710,38916
1,563,562,1791064806896225,1791064806897659,1434,0,2,17485,17485,17485,13031,12216,37572
1,564,563,1791064806946225,1791064806947747,1522,0,3,17570,17570,17570,13232,13080,39244
1,565,564,1791064806996225,1791064806997352,1127,0,4,17424,17424,17424,13107,12671,37944
1,566,565,1791064807046225,1791064807047780,1555,0,5,17441,17441,17441,13088,12672,37790
1,567,566,1791064807096225,1791064807097832,1607,0,6,17409,17409,17409,13112,12624,38138
1,568,567,1791064807146225,1791064807146895,670,0,7,17543,17543,17543,13242,12972,38886
1,569,568,1791064807196225,1791064807197775,1550,0,8,17605,17605,17605,13190,12975,38311
1,570,569,1791064807246225,1791064807247416,1191,0,9,17400,17400,17400,13030,12559,37672
1,571,570,1791064807296225,1791064807297751,1526,0,10,17435,17435,17435,13207,12735,38629
1,572,571,1791064807346225,1791064807347705,1480,0,11,17468,17468,17468,13043,13005,38173
1,573,572,1791064807396225,1791064807397385,1160,0,12,17638,17638,17638,13186,12583,37904
1,574,573,1791064807446225,1791064807447850,1625,0,13,17482,17482,17482,13069,12833,38261
1,575,574,1791064807496225,1791064807497453,1228,0,14,17493,17493,17493,13151,13112,38532
1,576,575,1791064807546225,1791064807547408,1183,0,15,17480,17480,17480,13080,12653,38078
1,577,576,1791064807596225,1791064807597300,1075,0,16,17618,17618,17618,13290,12757,38594
1,578,577,1791064807646225,1791064807647376,1151,0,17,17358,17358,17358,13032,12361,37705
1,579,578,1791064807696225,1791064807697174,949,0,18,17559,17559,17559,13170,12941,38453
1,580,579,1791064807746225,1791064807747848,1623,0,19,17595,17595,17595,13182,12845,38596
1,581,580,1791064807796225,1791064807797065,840,0,0,17358,17358,17358,13040,12806,38181
1,582,581,1791064807846225,1791064807847578,1353,0,1,17639,17639,17639,13239,12886,38570
1,583,582,1791064807896225,1791064807896940,715,0,2,17485,17485,17485,13134,12524,38052
1,584,583,1791064807946225,1791064807947089,864,0,3,17570,17570,17570,13108,12964,38275
1,585,584,1791064807996225,1791064807996968,743,0,4,17424,17424,17424,13003,12437,37366
1,586,585,1791064808046225,1791064808046961,736,0,5,17441,17441,17441,13110,13100,38376
1,587,586,1791064808096225,1791064808097416,1191,0,6,17409,17409,17409,13104,13070,38328
1,588,587,1791064808146225,1791064808147502,1277,0,7,17543,17543,17543,13165,12811,38228
1,589,588,1791064808196225,1791064808196901,676,0,8,17605,17605,17605,13172,12567,38076
1,590,589,1791064808246225,1791064808250512,4287,0,9,17400,17400,17400,13143,12762,38265
1,591,590,1791064808296225,1791064808298054,1829,0,10,17435,17435,17435,13055,12888,38458
1,592,591,1791064808346225,1791064808347587,1362,0,11,17468,17468,17468,13118,12609,38122
1,593,592,1791064808396225,1791064808397664,1439,0,12,17638,17638,17638,13215,12584,38539
1,594,593,1791064808446225,1791064808446992,767,0,13,17482,17482,17482,13054,12426,38573
1,595,594,1791064808496225,1791064808497152,927,0,14,17493,17493,17493,13109,13078,39119
1,596,595,1791064808546225,1791064808547792,1567,0,15,17480,17480,17480,13218,13012,39177
1,597,596,1791064808596225,1791064808597143,918,0,16,17618,17618,17618,13194,12681,38644
1,598,597,1791064808646225,1791064808647553,1328,0,17,17358,17358,17358,13046,12411,37766
1,599,598,1791064808696225,1791064808697285,1060,0,18,17559,17559,17559,13181,12522,38386
1,600,599,1791064808746225,1791064808746823,598,0,19,17595,17595,17595,13195,12702,38667
1,601,600,1791064808796225,1791064808797777,1552,0,0,17358,17358,17358,13075,12640,38445
1,602,601,1791064808846225,1791064808847974,1749,0,1,17639,17639,17639,13200,13016,38763
1,603,602,1791064808896225,1791064808896915,690,0,2,17485,17485,17485,13072,12697,38380
1,604,603,1791064808946225,1791064808946872,647,0,3,17570,17570,17570,13222,13055,38521
1,605,604,1791064808996225,1791064808997577,1352,0,4,17424,17424,17424,12962,12278,37138
1,606,605,1791064809046225,1791064809046997,772,0,5,17441,17441,17441,13115,12586,37818
1,607,606,1791064809096225,1791064809097767,1542,0,6,17409,17409,17409,13183,13069,38520
1,608,607,1791064809146225,1791064809147318,1093,0,7,17543,17543,17543,13202,12840,38022
1,609,608,1791064809196225,1791064809197144,919,0,8,17605,17605,17605,13160,12535,37637
1,610,609,1791064809246225,1791064809247563,1338,0,9,17400,17400,17400,13074,12716,37772
1,611,610,1791064809296225,1791064809299370,3145,0,10,17435,17435,17435,13175,13139,38588
1,612,611,1791064809346225,1791064809348378,2153,0,11,17468,17468,17468,13182,13157,38651
1,613,612,1791064809396225,1791064809397620,1395,0,12,17638,17638,17638,13282,12874,38509
1,614,613,1791064809446225,1791064809447745,1520,0,13,17482,17482,17482,13106,12733,38083
1,615,614,1791064809496225,1791064809497337,1112,0,14,17493,17493,17493,13124,12777,38538
1,616,615,1791064809546225,1791064809546965,740,0,15,17480,17480,17480,13083,12650,37913
1,617,616,1791064809596225,1791064809597565,1340,0,16,17618,17618,17618,13294,12983,38729
1,618,617,1791064809646225,1791064809647234,1009,0,17,17358,17358,17358,13097,12322,37588
1,619,618,1791064809696225,1791064809698506,2281,0,18,17559,17559,17559,13166,12771,38818
1,620,619,1791064809746225,1791064809747369,1144,0,19,17595,17595,17595,13240,13150,38929
1,621,620,1791064809796225,1791064809798231,2006,0,0,17358,17358,17358,13053,12821,38413
1,622,621,1791064809846225,1791064809847780,1555,0,1,17639,17639,17639,13230,12933,38992
1,623,622,1791064809896225,1791064809897435,1210,0,2,17485,17485,17485,13141,12328,38405
1,624,623,1791064809946225,1791064809946993,768,0,3,17570,17570,17570,13285,12970,39010
1,625,624,1791064809996225,1791064809997622,1397,0,4,17424,17424,17424,13117,12640,38387
1,626,625,1791064810046225,1791064810046911,686,0,5,17441,17441,17441,13042,12408,38062
1,627,626,1791064810096225,1791064810096943,718,0,6,17409,17409,17409,13098,12429,38495
1,628,627,1791064810146225,1791064810147570,1345,0,7,17543,17543,17543,13318,12944,39695
1,629,628,1791064810196225,1791064810197086,861,0,8,17605,17605,17605,13345,12855,39779
1,630,629,1791064810246225,1791064810247259,1034,0,9,17400,17400,17400,13206,13057,39844
1,631,630,1791064810296225,1791064810297067,842,0,10,17435,17435,17435,13087,12597,39157
1,632,631,1791064810346225,1791064810347236,1011,0,11,17468,17468,17468,13166,12848,39357
1,633,632,1791064810396225,1791064810396913,688,0,12,17638,17638,17638,13296,13098,40110
1,634,633,1791064810446225,1791064810446989,764,0,13,17482,17482,17482,13132,12926,39788
1,635,634,1791064810496225,1791064810497666,1441,0,14,17493,17493,17493,13081,12806,39452
1,636,635,1791064810546225,1791064810547719,1494,0,15,17480,17480,17480,13289,13053,40463
1,637,636,1791064810596225,1791064810597245,1020,0,16,17618,17618,17618,13271,12951,40103
1,638,637,1791064810646225,1791064810647223,998,0,17,17358,17358,17358,13119,12737,39338
1,639,638,1791064810696225,1791064810697000,775,0,18,17559,17559,17559,13194,12989,39329
1,640,639,1791064810746225,1791064810747629,1404,0,19,17595,17595,17595,13233,12785,39818
1,641,640,1791064810796225,1791064810797092,867,0,0,17358,17358,17358,12961,12218,38613
1,642,641,1791064810846225,1791064810849070,2845,0,1,17639,17639,17639,13285,13043,40531
1,643,642,1791064810896225,1791064810897779,1554,0,2,17485,17485,17485,13099,12969,39523
1,644,643,1791064810946225,1791064810946911,686,0,3,17570,17570,17570,13223,12738,39477
1,645,644,1791064810996225,1791064810997517,1292,0,4,17424,17424,17424,12940,12374,38570
1,646,645,1791064811046225,1791064811047282,1057,0,5,17441,17441,17441,13038,12347,38207
1,647,646,1791064811096225,1791064811097762,1537,0,6,17409,17409,17409,13070,12357,38816
1,648,647,1791064811146225,1791064811147429,1204,0,7,17543,17543,17543,13211,12555,39292
1,649,648,1791064811196225,1791064811197446,1221,0,8,17605,17605,17605,13197,12676,38955
1,650,649,1791064811246225,1791064811248001,1776,0,9,17400,17400,17400,13087,12847,38774
1,651,650,1791064811296225,1791064811297805,1580,0,10,17435,17435,17435,13137,12730,38312
1,652,651,1791064811346225,1791064811346952,727,0,11,17468,17468,17468,13153,12540,38075
1,653,652,1791064811396225,1791064811399487,3262,0,12,17638,17638,17638,13214,12708,38560
1,654,653,1791064811446225,1791064811452149,5924,0,13,17482,17482,17482,13040,12526,38327
1,655,654,1791064811496225,1791064811502680,6455,0,14,17493,17493,17493,13196,12811,39267
1,656,655,1791064811546225,1791064811551385,5160,0,15,17480,17480,17480,13150,12616,38449
1,657,656,1791064811596225,1791064811601187,4962,0,16,17618,17618,17618,13232,12575,39038
1,658,657,1791064811646225,1791064811648035,1810,0,17,17358,17358,17358,13039,12488,38173
1,659,658,1791064811696225,1791064811696873,648,0,18,17559,17559,17559,13266,13015,39149
1,660,659,1791064811746225,1791064811747721,1496,0,19,17595,17595,17595,13214,12524,38423
1,661,660,1791064811796225,1791064811797357,1132,0,0,17358,17358,17358,13059,12427,38403
1,662,661,1791064811846225,1791064811847169,944,0,1,17639,17639,17639,13154,12816,38821
1,663,662,1791064811896225,1791064811897731,1506,0,2,17485,17485,17485,13108,12777,38353
1,664,663,1791064811946225,1791064811947770,1545,0,3,17570,17570,17570,13173,12376,37807
1,665,664,1791064811996225,1791064811997781,1556,0,4,17424,17424,17424,13027,12761,38521
1,666,665,1791064812046225,1791064812046850,625,0,5,17441,17441,17441,13071,12986,38223
1,667,666,1791064812096225,1791064812098780,2555,0,6,17409,17409,17409,13175,12690,38214
1,668,667,1791064812146225,1791064812150110,3885,0,7,17543,17543,17543,13184,12937,38454
1,669,668,1791064812196225,1791064812199574,3349,0,8,17605,17605,17605,13208,12946,38404
1,670,669,1791064812246225,1791064812248368,2143,0,9,17400,17400,17400,13187,13163,38556
1,671,670,1791064812296225,1791064812299692,3467,0,10,17435,17435,17435,13122,12883,37743
1,672,671,1791064812346225,1791064812346960,735,0,11,17468,17468,17468,13100,12678,37635
1,673,672,1791064812396225,1791064812397399,1174,0,12,17638,17638,17638,13219,12865,38114
1,674,673,1791064812446225,1791064812447750,1525,0,13,17482,17482,17482,13165,12899,37815
1,675,674,1791064812496225,1791064812497503,1278,0,14,17493,17493,17493,13166,12775,37409
1,676,675,1791064812546225,1791064812546912,687,0,15,17480,17480,17480,13074,12510,37467
1,677,676,1791064812596225,1791064812597096,871,0,16,17618,17618,17618,13225,12913,37857
1,678,677,1791064812646225,1791064812647807,1582,0,17,17358,17358,17358,13003,12441,36935
1,679,678,1791064812696225,1791064812697044,819,0,18,17559,17559,17559,13146,12881,37822
1,680,679,1791064812746225,1791064812746993,768,0,19,17595,17595,17595,13143,12685,37331
1,681,680,1791064812796225,1791064812797556,1331,0,0,17358,17358,17358,12960,12419,36680
1,682,681,1791064812846225,1791064812846882,657,0,1,17639,17639,17639,13266,12785,37906
1,683,682,1791064812896225,1791064812897543,1318,0,2,17485,17485,17485,13136,12552,37551
1,684,683,1791064812946225,1791064812947749,1524,0,3,17570,17570,17570,13248,12918,37959
1,685,684,1791064812996225,1791064812997112,887,0,4,17424,17424,17424,13028,12596,37087
1,686,685,1791064813046225,1791064813047323,1098,0,5,17441,17441,17441,13055,12595,37002
1,687,686,1791064813096225,1791064813096977,752,0,6,17409,17409,17409,13080,12617,37196
1,688,687,1791064813146225,1791064813147880,1655,0,7,17543,17543,17543,13279,12762,38177
1,689,688,1791064813196225,1791064813197329,1104,0,8,17605,17605,17605,13131,13038,37914
1,690,689,1791064813246225,1791064813277181,30956,0,9,17400,17400,17400,12975,12513,37067
1,691,690,1791064813296225,1791064813323899,27674,0,10,17435,17435,17435,13124,12577,37441
1,692,691,1791064813346225,1791064813371984,25759,0,11,17468,17468,17468,13110,12924,37904
1,693,692,1791064813396225,1791064813420786,24561,0,12,17638,17638,17638,13196,12314,36835
1,694,693,1791064813446225,1791064813471010,24785,0,13,17482,17482,17482,13199,12762,38260
1,695,694,1791064813496225,1791064813521517,25292,0,14,17493,17493,17493,13136,12656,37379
1,696,695,1791064813546225,1791064813570197,23972,0,15,17480,17480,17480,13115,12803,37947
1,697,696,1791064813596225,1791064813618037,21812,0,16,17618,17618,17618,13173,12565,37494
1,698,697,1791064813646225,1791064813668293,22068,0,17,17358,17358,17358,13103,12732,37740
1,699,698,1791064813696225,1791064813714762,18537,0,18,17559,17559,17559,13198,12379,37214
1,700,699,1791064813746225,1791064813766235,20010,0,19,17595,17595,17595,13264,12999,38638
1,701,700,1791064813796225,1791064813816103,19878,0,0,17358,17358,17358,13073,12860,37899
1,702,701,1791064813846225,1791064813868243,22018,0,1,17639,17639,17639,13228,12558,38126
1,703,702,1791064813896225,1791064813920357,24132,0,2,17485,17485,17485,13200,12436,37687
1,704,703,1791064813946225,1791064813970436,24211,0,3,17570,17570,17570,13297,12827,38670
1,705,704,1791064813996225,1791064814018231,22006,0,4,17424,17424,17424,13121,12952,38134
1,706,705,1791064814046225,1791064814071269,25044,0,5,17441,17441,17441,13141,12969,38307
1,707,706,1791064814096225,1791064814123249,27024,0,6,17409,17409,17409,13125,12814,38044
1,708,707,1791064814146225,1791064814171557,25332,0,7,17543,17543,17543,13040,12677,38022
1,709,708,1791064814196225,1791064814224520,28295,0,8,17605,17605,17605,13258,13043,38997
1,710,709,1791064814246225,1791064814272276,26051,0,9,17400,17400,17400,13120,12692,38624
1,711,710,1791064814296225,1791064814320911,24686,0,10,17435,17435,17435,13181,12913,39031
1,712,711,1791064814346225,1791064814367862,21637,0,11,17468,17468,17468,13122,12869,38928
1,713,712,1791064814396225,1791064814414423,18198,0,12,17638,17638,17638,13163,12820,39062
1,714,713,1791064814446225,1791064814464289,18064,0,13,17482,17482,17482,13207,12952,39499
1,715,714,1791064814496225,1791064814511978,15753,0,14,17493,17493,17493,13171,12771,39073
1,716,715,1791064814546225,1791064814562715,16490,0,15,17480,17480,17480,13138,12841,39132
1,717,716,1791064814596225,1791064814614118,17893,0,16,17618,17618,17618,13228,13048,39604
1,718,717,1791064814646225,1791064814669138,22913,0,17,17358,17358,17358,13051,13031,39259
1,719,718,1791064814696225,1791064814719326,23101,0,18,17559,17559,17559,13215,13078,39662
1,720,719,1791064814746225,1791064814772209,25984,0,19,17595,17595,17595,13109,12371,38896
1,721,720,1791064814796225,1791064814825197,28972,0,0,17358,17358,17358,13094,12439,39398
1,722,721,1791064814846225,1791064814876411,30186,0,1,17639,17639,17639,13302,13046,40197
1,723,722,1791064814896225,1791064814927477,31252,0,2,17485,17485,17485,13024,12590,39028
1,724,723,1791064814946225,1791064814979112,32887,0,3,17570,17570,17570,13092,13013,39843
1,725,724,1791064814996225,1791064815030544,34319,0,4,17424,17424,17424,13097,12671,40179
1,726,725,1791064815046225,1791064815078781,32556,0,5,17441,17441,17441,12940,12880,39428
1,727,726,1791064815096225,1791064815127972,31747,0,6,17409,17409,17409,13056,12389,38775
1,728,727,1791064815146225,1791064815179600,33375,0,7,17543,17543,17543,13173,12908,40226
1,729,728,1791064815196225,1791064815231994,35769,0,8,17605,17605,17605,13305,13141,40324
1,730,729,1791064815246225,1791064815282632,36407,0,9,17400,17400,17400,13074,12881,39487
1,731,730,1791064815296225,1791064815330156,33931,0,10,17435,17435,17435,13082,12850,39696
1,732,731,1791064815346225,1791064815377611,31386,0,11,17468,17468,17468,13035,12822,39802
1,733,732,1791064815396225,1791064815427322,31097,0,12,17638,17638,17638,13278,13043,40527
1,734,733,1791064815446225,1791064815478951,32726,0,13,17482,17482,17482,13123,12459,39672
1,735,734,1791064815496225,1791064815527168,30943,0,14,17493,17493,17493,13053,12754,39620
1,736,735,1791064815546225,1791064815577862,31637,0,15,17480,17480,17480,13115,12641,39652
1,737,736,1791064815596225,1791064815628089,31864,0,16,17618,17618,17618,13305,13178,40833
1,738,737,1791064815646225,1791064815676527,30302,0,17,17358,17358,17358,13113,12961,40160
1,739,738,1791064815696225,1791064815727781,31556,0,18,17559,17559,17559,13181,12591,39837
1,740,739,1791064815746225,1791064815777504,31279,0,19,17595,17595,17595,13248,12491,39489
1,741,740,1791064815796225,1791064815828983,32758,0,0,17358,17358,17358,12982,12501,39500
1,742,741,1791064815846225,1791064815881059,34834,0,1,17639,17639,17639,13285,12832,39800
1,743,742,1791064815896225,1791064815932998,36773,0,2,17485,17485,17485,13065,12694,39797
1,744,743,1791064815946225,1791064815984509,38284,0,3,17570,17570,17570,13178,12752,40068
1,745,744,1791064815996225,1791064816033575,37350,0,4,17424,17424,17424,13090,12944,40126
1,746,745,1791064816046225,1791064816083869,37644,0,5,17441,17441,17441,13119,12830,39954
1,747,746,1791064816096225,1791064816133534,37309,0,6,17409,17409,17409,13088,13006,39909
1,748,747,1791064816146225,1791064816182248,36023,0,7,17543,17543,17543,13149,13106,40664
1,749,748,1791064816196225,1791064816234565,38340,0,8,17605,17605,17605,13259,12836,40929
1,750,749,1791064816246225,1791064816282025,35800,0,9,17400,17400,17400,13107,12730,40476
1,751,750,1791064816296225,1791064816336852,40627,0,10,17435,17435,17435,13137,13080,41059
1,752,751,1791064816346225,1791064816389574,43349,0,11,17468,17468,17468,13076,12716,40475
1,753,752,1791064816396225,1791064816439987,43762,0,12,17638,17638,17638,13252,12951,41119
1,754,753,1791064816446225,1791064816489015,42790,0,13,17482,17482,17482,13089,12738,39993
1,755,754,1791064816496225,1791064816536110,39885,0,14,17493,17493,17493,13138,11999,39770
1,756,755,1791064816546225,1791064816589035,42810,0,15,17480,17480,17480,13134,12721,41039
1,757,756,1791064816596225,1791064816638309,42084,0,16,17618,17618,17618,13165,12982,41119
1,758,757,1791064816646225,1791064816687332,41107,0,17,17358,17358,17358,13042,12789,40116
1,759,758,1791064816696225,1791064816747669,51444,1,18,17559,17559,17559,13165,12818,40910
1,761,759,1791064816796225,1791064816807136,10911,0,19,17595,17595,17595,13302,12725,41342
1,762,760,1791064816846225,1791064816858264,12039,0,0,17358,17358,17358,13098,13065,41721
1,763,761,1791064816896225,1791064816905545,9320,0,1,17639,17639,17639,13331,13325,42352
1,764,762,1791064816946225,1791064816951111,4886,0,2,17485,17485,17485,13116,13000,41787
1,765,763,1791064816996225,1791064816997529,1304,0,3,17570,17570,17570,13205,12622,41647
1,766,764,1791064817046225,1791064817047315,1090,0,4,17424,17424,17424,13069,12726,41516
1,767,765,1791064817096225,1791064817097328,1103,0,5,17441,17441,17441,13043,12489,40578
1,768,766,1791064817146225,1791064817147568,1343,0,6,17409,17409,17409,13163,12836,41232
1,769,767,1791064817196225,1791064817197034,809,0,7,17543,17543,17543,13175,12843,41122
1,770,768,1791064817246225,1791064817247729,1504,0,8,17605,17605,17605,13219,12831,41177
1,771,769,1791064817296225,1791064817297016,791,0,9,17400,17400,17400,13051,12610,40667
1,772,770,1791064817346225,1791064817347818,1593,0,10,17435,17435,17435,13148,12991,41433
1,773,771,1791064817396225,1791064817398471,2246,0,11,17468,17468,17468,13126,12858,41205
1,774,772,1791064817446225,1791064817446952,727,0,12,17638,17638,17638,13278,13101,41109
1,775,773,1791064817496225,1791064817497520,1295,0,13,17482,17482,17482,13180,12477,41068
1,776,774,1791064817546225,1791064817546897,672,0,14,17493,17493,17493,13153,12673,41734
1,777,775,1791064817596225,1791064817601010,4785,0,15,17480,17480,17480,13139,12181,41338
1,778,776,1791064817646225,1791064817650543,4318,0,16,17618,17618,17618,13353,12941,43314
1,779,777,1791064817696225,1791064817698498,2273,0,17,17358,17358,17358,13075,12841,42191
1,780,778,1791064817746225,1791064817750700,4475,0,18,17559,17559,17559,13206,12562,41557
1,781,779,1791064817796225,1791064817800655,4430,0,19,17595,17595,17595,13295,12745,42551
1,782,780,1791064817846225,1791064817848720,2495,0,0,17358,17358,17358,13192,13138,42639
1,783,781,1791064817896225,1791064817897883,1658,0,1,17639,17639,17639,13242,12485,41903
1,784,782,1791064817946225,1791064817946951,726,0,2,17485,17485,17485,13152,12938,42253
1,785,783,1791064817996225,1791064817997512,1287,0,3,17570,17570,17570,13286,13003,41926
1,786,784,1791064818046225,1791064818049979,3754,0,4,17424,17424,17424,13122,13041,41450
1,787,785,1791064818096225,1791064818098634,2409,0,5,17441,17441,17441,13184,12685,41496
1,788,786,1791064818146225,1791064818147848,1623,0,6,17409,17409,17409,13081,12867,41743
1,789,787,1791064818196225,1791064818200742,4517,0,7,17543,17543,17543,13096,12822,42004
1,790,788,1791064818246225,1791064818247256,1031,0,8,17605,17605,17605,13214,12609,41930
1,791,789,1791064818296225,1791064818297625,1400,0,9,17400,17400,17400,13038,12677,41111
1,792,790,1791064818346225,1791064818348337,2112,0,10,17435,17435,17435,13079,12862,41749
1,793,791,1791064818396225,1791064818397549,1324,0,11,17468,17468,17468,13138,13024,41886
1,794,792,1791064818446225,1791064818447180,955,0,12,17638,17638,17638,13170,12919,41535
1,795,793,1791064818496225,1791064818497247,1022,0,13,17482,17482,17482,13158,12856,40899
1,796,794,1791064818546225,1791064818547008,783,0,14,17493,17493,17493,13113,12631,41143
1,797,795,1791064818596225,1791064818598577,2352,0,15,17480,17480,17480,13140,12459,41513
1,798,796,1791064818646225,1791064818647864,1639,0,16,17618,17618,17618,13263,12681,42516
1,799,797,1791064818696225,1791064818696972,747,0,17,17358,17358,17358,13111,12515,41470
1,800,798,1791064818746225,1791064818747742,1517,0,18,17559,17559,17559,13104,12764,41308
1,801,799,1791064818796225,1791064818797557,1332,0,19,17595,17595,17595,13233,13155,41725
1,802,800,1791064818846225,1791064818847564,1339,0,0,17358,17358,17358,12978,12583,40850
1,803,801,1791064818896225,1791064818896845,620,0,1,17639,17639,17639,13171,12532,40890
1,804,802,1791064818946225,1791064818947530,1305,0,2,17485,17485,17485,13009,12620,40349
1,805,803,1791064818996225,1791064818996855,630,0,3,17570,17570,17570,13199,12662,40373
1,806,804,1791064819046225,1791064819047406,1181,0,4,17424,17424,17424,13014,12541,39588
1,807,805,1791064819096225,1791064819097780,1555,0,5,17441,17441,17441,13162,12797,40037
1,808,806,1791064819146225,1791064819147126,901,0,6,17409,17409,17409,13036,12765,39701
1,809,807,1791064819196225,1791064819197661,1436,0,7,17543,17543,17543,13112,13081,40351
1,810,808,1791064819246225,1791064819247788,1563,0,8,17605,17605,17605,13245,12800,40374
1,811,809,1791064819296225,1791064819297767,1542,0,9,17400,17400,17400,13046,12451,40217
1,812,810,1791064819346225,1791064819347450,1225,0,10,17435,17435,17435,13031,12597,40557
1,813,811,1791064819396225,1791064819397229,1004,0,11,17468,17468,17468,13013,12829,40400
1,814,812,1791064819446225,1791064819446982,757,0,12,17638,17638,17638,13235,12838,40914
1,815,813,1791064819496225,1791064819497815,1590,0,13,17482,17482,17482,13206,12897,40737
1,816,814,1791064819546225,1791064819547018,793,0,14,17493,17493,17493,13113,12403,40491
1,817,815,1791064819596225,1791064819597074,849,0,15,17480,17480,17480,13217,12202,40028
1,818,816,1791064819646225,1791064819647649,1424,0,16,17618,17618,17618,13143,12580,41107
1,819,817,1791064819696225,1791064819697288,1063,0,17,17358,17358,17358,13061,12748,40309
1,820,818,1791064819746225,1791064819747775,1550,0,18,17559,17559,17559,13192,12615,40507
1,821,819,1791064819796225,1791064819797513,1288,0,19,17595,17595,17595,13260,13190,41564
1,822,820,1791064819846225,1791064819847451,1226,0,0,17358,17358,17358,13055,12996,40384
1,823,821,1791064819896225,1791064819897581,1356,0,1,17639,17639,17639,13314,12543,40248
1,824,822,1791064819946225,1791064819946869,644,0,2,17485,17485,17485,13172,13109,40433
1,825,823,1791064819996225,1791064819997330,1105,0,3,17570,17570,17570,13225,13141,40439
1,826,824,1791064820046225,1791064820046931,706,0,4,17424,17424,17424,13044,12412,39451
1,827,825,1791064820096225,1791064820099341,3116,0,5,17441,17441,17441,13058,12717,39632
1,828,826,1791064820146225,1791064820149092,2867,0,6,17409,17409,17409,13121,12913,39310
1,829,827,1791064820196225,1791064820199448,3223,0,7,17543,17543,17543,13177,12913,39329
1,830,828,1791064820246225,1791064820247752,1527,0,8,17605,17605,17605,13206,12642,39669
1,831,829,1791064820296225,1791064820296901,676,0,9,17400,17400,17400,13067,12433,39317
1,832,830,1791064820346225,1791064820347655,1430,0,10,17435,17435,17435,13111,12774,39503
1,833,831,1791064820396225,1791064820398241,2016,0,11,17468,17468,17468,13084,12751,39251
1,834,832,1791064820446225,1791064820447688,1463,0,12,17638,17638,17638,13235,13093,39486
1,835,833,1791064820496225,1791064820498094,1869,0,13,17482,17482,17482,13164,12431,38847
1,836,834,1791064820546225,1791064820547137,912,0,14,17493,17493,17493,13029,12892,39889
1,837,835,1791064820596225,1791064820597797,1572,0,15,17480,17480,17480,13015,12638,38819
1,838,836,1791064820646225,1791064820647454,1229,0,16,17618,17618,17618,13192,12729,39567
1,839,837,1791064820696225,1791064820697499,1274,0,17,17358,17358,17358,13078,12494,38803
1,840,838,1791064820746225,1791064820746833,608,0,18,17559,17559,17559,13246,12868,39338
1,841,839,1791064820796225,1791064820797273,1048,0,19,17595,17595,17595,13306,13207,40152
1,842,840,1791064820846225,1791064820847480,1255,0,0,17358,17358,17358,13130,12323,38514
1,843,841,1791064820896225,1791064820896950,725,0,1,17639,17639,17639,13258,12919,40005
1,844,842,1791064820946225,1791064820948060,1835,0,2,17485,17485,17485,13032,12803,38674
1,845,843,1791064820996225,1791064820996904,679,0,3,17570,17570,17570,13149,12804,38999
1,846,844,1791064821046225,1791064821049629,3404,0,4,17424,17424,17424,13082,12969,38883
1,847,845,1791064821096225,1791064821098972,2747,0,5,17441,17441,17441,13204,12560,38921
1,848,846,1791064821146225,1791064821146976,751,0,6,17409,17409,17409,13031,12694,39132
1,849,847,1791064821196225,1791064821197370,1145,0,7,17543,17543,17543,13110,12673,39197
1,850,848,1791064821246225,1791064821246841,616,0,8,17605,17605,17605,13217,12981,39630
1,851,849,1791064821296225,1791064821297235,1010,0,9,17400,17400,17400,13038,12695,39199
1,852,850,1791064821346225,1791064821346971,746,0,10,17435,17435,17435,13047,12962,39619
1,853,851,1791064821396225,1791064821397036,811,0,11,17468,17468,17468,13037,12736,39574
1,854,852,1791064821446225,1791064821448486,2261,0,12,17638,17638,17638,13223,12973,40055
1,855,853,1791064821496225,1791064821501821,5596,0,13,17482,17482,17482,13132,12798,40203
1,856,854,1791064821546225,1791064821552461,6236,0,14,17493,17493,17493,13181,12985,40265
1,857,855,1791064821596225,1791064821601150,4925,0,15,17480,17480,17480,13037,12695,39481
1,858,856,1791064821646225,1791064821649738,3513,0,16,17618,17618,17618,13268,13104,40286
1,859,857,1791064821696225,1791064821702789,6564,0,17,17358,17358,17358,13048,12418,39128
1,860,858,1791064821746225,1791064821747882,1657,0,18,17559,17559,17559,13153,13036,39467
1,861,859,1791064821796225,1791064821797565,1340,0,19,17595,17595,17595,13314,12816,39269
1,862,860,1791064821846225,1791064821847157,932,0,0,17358,17358,17358,13094,13069,39545
1,863,861,1791064821896225,1791064821896843,618,0,1,17639,17639,17639,13230,12523,39146
1,864,862,1791064821946225,1791064821947676,1451,0,2,17485,17485,17485,13129,12533,38991
1,865,863,1791064821996225,1791064821997586,1361,0,3,17570,17570,17570,13208,12712,39078
1,866,864,1791064822046225,1791064822047179,954,0,4,17424,17424,17424,13054,12416,38671
1,867,865,1791064822096225,1791064822096864,639,0,5,17441,17441,17441,13044,12871,39025
1,868,866,1791064822146225,1791064822146944,719,0,6,17409,17409,17409,13008,12623,38742
1,869,867,1791064822196225,1791064822197434,1209,0,7,17543,17543,17543,13146,13056,39087
1,870,868,1791064822246225,1791064822248010,1785,0,8,17605,17605,17605,13255,12845,38928
1,871,869,1791064822296225,1791064822297442,1217,0,9,17400,17400,17400,13013,12856,38712
1,872,870,1791064822346225,1791064822347232,1007,0,10,17435,17435,17435,13101,12516,38754
1,873,871,1791064822396225,1791064822400321,4096,0,11,17468,17468,17468,13140,13134,39323
1,874,872,1791064822446225,1791064822447511,1286,0,12,17638,17638,17638,13206,12689,38951
1,875,873,1791064822496225,1791064822497829,1604,0,13,17482,17482,17482,13131,13051,39356
1,876,874,1791064822546225,1791064822546874,649,0,14,17493,17493,17493,13083,12637,38616
1,877,875,1791064822596225,1791064822597060,835,0,15,17480,17480,17480,13113,12845,38582
1,878,876,1791064822646225,1791064822646869,644,0,16,17618,17618,17618,13145,12783,38834
1,879,877,1791064822696225,1791064822697554,1329,0,17,17358,17358,17358,13078,12777,38720
1,880,878,1791064822746225,1791064822747432,1207,0,18,17559,17559,17559,13077,12881,38578
1,881,879,1791064822796225,1791064822796896,671,0,19,17595,17595,17595,13208,12946,38717
1,882,880,1791064822846225,1791064822846910,685,0,0,17358,17358,17358,12997,12563,37862
1,883,881,1791064822896225,1791064822897421,1196,0,1,17639,17639,17639,13345,13109,38643
1,884,882,1791064822946225,1791064822947154,929,0,2,17485,17485,17485,13208,13055,38372
1,885,883,1791064822996225,1791064822997003,778,0,3,17570,17570,17570,13225,12887,38031
1,886,884,1791064823046225,1791064823047085,860,0,4,17424,17424,17424,13139,12846,38047
1,887,885,1791064823096225,1791064823097340,1115,0,5,17441,17441,17441,13018,12761,37517
1,888,886,1791064823146225,1791064823147549,1324,0,6,17409,17409,17409,13148,12607,37712
1,889,887,1791064823196225,1791064823197467,1242,0,7,17543,17543,17543,13193,12746,38308
1,890,888,1791064823246225,1791064823246989,764,0,8,17605,17605,17605,13197,12962,38865
1,891,889,1791064823296225,1791064823297585,1360,0,9,17400,17400,17400,13128,13097,38610
1,892,890,1791064823346225,1791064823346833,608,0,10,17435,17435,17435,13026,12711,38448
1,893,891,1791064823396225,1791064823397566,1341,0,11,17468,17468,17468,13103,12941,38557
1,894,892,1791064823446225,1791064823447956,1731,0,12,17638,17638,17638,13210,12955,38701
1,895,893,1791064823496225,1791064823499977,3752,0,13,17482,17482,17482,13093,13081,38411
1,896,894,1791064823546225,1791064823547007,782,0,14,17493,17493,17493,13133,12681,38418
1,897,895,1791064823596225,1791064823597399,1174,0,15,17480,17480,17480,13053,12698,38099
1,898,896,1791064823646225,1791064823647232,1007,0,16,17618,17618,17618,13212,12964,38485
1,899,897,1791064823696225,1791064823697256,1031,0,17,17358,17358,17358,13098,13016,38248
1,900,898,1791064823746225,1791064823747781,1556,0,18,17559,17559,17559,13160,12519,37854
1,901,899,1791064823796225,1791064823797039,814,0,19,17595,17595,17595,13271,13054,38972
1,902,900,1791064823846225,1791064823846999,774,0,0,17358,17358,17358,13062,12547,37568
1,903,901,1791064823896225,1791064823897186,961,0,1,17639,17639,17639,13329,13181,38978
1,904,902,1791064823946225,1791064823946959,734,0,2,17485,17485,17485,13078,12825,37954
1,905,903,1791064823996225,1791064823997428,1203,0,3,17570,17570,17570,13236,12802,38330
1,906,904,1791064824046225,1791064824046945,720,0,4,17424,17424,17424,13159,12576,38035
1,907,905,1791064824096225,1791064824097655,1430,0,5,17441,17441,17441,13044,12869,37890
1,908,906,1791064824146225,1791064824147080,855,0,6,17409,17409,17409,13156,13137,37964
1,909,907,1791064824196225,1791064824197690,1465,0,7,17543,17543,17543,13051,13045,37921
1,910,908,1791064824246225,1791064824247575,1350,0,8,17605,17605,17605,13224,12884,37914
1,911,909,1791064824296225,1791064824299288,3063,0,9,17400,17400,17400,13052,12614,37391
1,912,910,1791064824346225,1791064824346939,714,0,10,17435,17435,17435,13112,12921,37753
1,913,911,1791064824396225,1791064824397328,1103,0,11,17468,17468,17468,13054,12871,37684
1,914,912,1791064824446225,1791064824447235,1010,0,12,17638,17638,17638,13352,13145,38587
1,915,913,1791064824496225,1791064824496935,710,0,13,17482,17482,17482,13095,12428,37461
1,916,914,1791064824546225,1791064824547679,1454,0,14,17493,17493,17493,13079,12453,37788
1,917,915,1791064824596225,1791064824596930,705,0,15,17480,17480,17480,13189,12311,37558
1,918,916,1791064824646225,1791064824646843,618,0,16,17618,17618,17618,13197,12953,38712
1,919,917,1791064824696225,1791064824697291,1066,0,17,17358,17358,17358,13001,12636,37873
1,920,918,1791064824746225,1791064824746855,630,0,18,17559,17559,17559,13150,12855,38798
1,921,919,1791064824796225,1791064824797721,1496,0,19,17595,17595,17595,13208,12976,39023
1,922,920,1791064824846225,1791064824847553,1328,0,0,17358,17358,17358,12989,12865,38501
1,923,921,1791064824896225,1791064824897782,1557,0,1,17639,17639,17639,13325,13299,39205
1,924,922,1791064824946225,1791064824975646,29421,0,2,17485,17485,17485,13022,12740,38065
1,925,923,1791064824996225,1791064825022388,26163,0,3,17570,17570,17570,13165,13021,39025
1,926,924,1791064825046225,1791064825071667,25442,0,4,17424,17424,17424,13087,12779,38710
1,927,925,1791064825096225,1791064825119392,23167,0,5,17441,17441,17441,13094,12444,38316
1,928,926,1791064825146225,1791064825167632,21407,0,6,17409,17409,17409,13098,12493,38647
1,929,927,1791064825196225,1791064825215114,18889,0,7,17543,17543,17543,13112,12801,39311
1,930,928,1791064825246225,1791064825263671,17446,0,8,17605,17605,17605,13217,13002,39789
1,931,929,1791064825296225,1791064825312616,16391,0,9,17400,17400,17400,13117,12807,39298
1,932,930,1791064825346225,1791064825361696,15471,0,10,17435,17435,17435,13083,12125,39041
1,933,931,1791064825396225,1791064825410247,14022,0,11,17468,17468,17468,13112,12881,40678
1,934,932,1791064825446225,1791064825457560,11335,0,12,17638,17638,17638,13152,12733,40456
1,935,933,1791064825496225,1791064825505992,9767,0,13,17482,17482,17482,13113,12562,40179
1,936,934,1791064825546225,1791064825554284,8059,0,14,17493,17493,17493,13117,12938,41182
1,937,935,1791064825596225,1791064825603081,6856,0,15,17480,17480,17480,13157,12448,41012
1,938,936,1791064825646225,1791064825652122,5897,0,16,17618,17618,17618,13290,13258,42611
1,939,937,1791064825696225,1791064825701997,5772,0,17,17358,17358,17358,13002,12770,40991
1,940,938,1791064825746225,1791064825752007,5782,0,18,17559,17559,17559,13264,12898,41488
1,941,939,1791064825796225,1791064825804514,8289,0,19,17595,17595,17595,13245,13188,41848
1,942,940,1791064825846225,1791064825854474,8249,0,0,17358,17358,17358,13069,12716,41347
1,943,941,1791064825896225,1791064825903856,7631,0,1,17639,17639,17639,13227,12840,41481
1,944,942,1791064825946225,1791064825951984,5759,0,2,17485,17485,17485,13048,12757,41011
1,945,943,1791064825996225,1791064825998354,2129,0,3,17570,17570,17570,13263,12877,41358
1,946,944,1791064826046225,1791064826046961,736,0,4,17424,17424,17424,13017,12995,40557
1,947,945,1791064826096225,1791064826097347,1122,0,5,17441,17441,17441,12978,12536,39954
1,948,946,1791064826146225,1791064826147620,1395,0,6,17409,17409,17409,13114,12876,40883
1,949,947,1791064826196225,1791064826197503,1278,0,7,17543,17543,17543,13160,12972,41632
1,950,948,1791064826246225,1791064826248748,2523,0,8,17605,17605,17605,13159,12769,41468
1,951,949,1791064826296225,1791064826302643,6418,0,9,17400,17400,17400,13120,12670,41704
1,952,950,1791064826346225,1791064826354912,8687,0,10,17435,17435,17435,13046,13009,41966
1,953,951,1791064826396225,1791064826401862,5637,0,11,17468,17468,17468,13104,12962,41677
1,954,952,1791064826446225,1791064826451491,5266,0,12,17638,17638,17638,13289,13046,42657
1,955,953,1791064826496225,1791064826499130,2905,0,13,17482,17482,17482,13114,12421,41591
1,956,954,1791064826546225,1791064826549588,3363,0,14,17493,17493,17493,13260,12892,42899
1,957,955,1791064826596225,1791064826603271,7046,0,15,17480,17480,17480,13255,12684,42102
1,958,956,1791064826646225,1791064826651931,5706,0,16,17618,17618,17618,13328,13270,43289
1,959,957,1791064826696225,1791064826699797,3572,0,17,17358,17358,17358,13105,12522,42318
1,960,958,1791064826746225,1791064826750371,4146,0,18,17559,17559,17559,13296,12715,42726
1,961,959,1791064826796225,1791064826797010,785,0,19,17595,17595,17595,13222,13082,42982
1,962,960,1791064826846225,1791064826847701,1476,0,0,17358,17358,17358,13123,12872,42734
1,963,961,1791064826896225,1791064826897801,1576,0,1,17639,17639,17639,13321,12885,43066
1,964,962,1791064826946225,1791064826949771,3546,0,2,17485,17485,17485,13176,12617,42273
1,965,963,1791064826996225,1791064826997827,1602,0,3,17570,17570,17570,13251,12983,42537
1,966,964,1791064827046225,1791064827047570,1345,0,4,17424,17424,17424,13122,12379,41295
1,967,965,1791064827096225,1791064827096841,616,0,5,17441,17441,17441,13076,12662,41244
1,968,966,1791064827146225,1791064827147654,1429,0,6,17409,17409,17409,13163,12680,41615
1,969,967,1791064827196225,1791064827196996,771,0,7,17543,17543,17543,13260,13208,42817
1,970,968,1791064827246225,1791064827247574,1349,0,8,17605,17605,17605,13230,12864,41940
1,971,969,1791064827296225,1791064827296929,704,0,9,17400,17400,17400,13044,12868,41910
1,972,970,1791064827346225,1791064827349712,3487,0,10,17435,17435,17435,13142,12785,42530
1,973,971,1791064827396225,1791064827400359,4134,0,11,17468,17468,17468,13115,12913,42564
1,974,972,1791064827446225,1791064827447689,1464,0,12,17638,17638,17638,13304,12995,43508
1,975,973,1791064827496225,1791064827496834,609,0,13,17482,17482,17482,13055,12773,42291
1,976,974,1791064827546225,1791064827549916,3691,0,14,17493,17493,17493,13141,12777,42967
1,977,975,1791064827596225,1791064827600993,4768,0,15,17480,17480,17480,13254,13036,43296
1,978,976,1791064827646225,1791064827653356,7131,0,16,17618,17618,17618,13259,13246,43786
1,979,977,1791064827696225,1791064827702221,5996,0,17,17358,17358,17358,13006,12350,42283
1,980,978,1791064827746225,1791064827752551,6326,0,18,17559,17559,17559,13175,12992,43272
1,981,979,1791064827796225,1791064827801849,5624,0,19,17595,17595,17595,13185,12713,42147
1,982,980,1791064827846225,1791064827853863,7638,0,0,17358,17358,17358,12995,12446,42098
1,983,981,1791064827896225,1791064827900507,4282,0,1,17639,17639,17639,13330,12648,42749
1,984,982,1791064827946225,1791064827949023,2798,0,2,17485,17485,17485,13141,12991,42205
1,985,983,1791064827996225,1791064827997739,1514,0,3,17570,17570,17570,13184,12655,41940
1,986,984,1791064828046225,1791064828050503,4278,0,4,17424,17424,17424,13126,12813,41795
1,987,985,1791064828096225,1791064828099812,3587,0,5,17441,17441,17441,13106,12491,41261
1,988,986,1791064828146225,1791064828151735,5510,0,6,17409,17409,17409,13042,12799,41986
1,989,987,1791064828196225,1791064828203258,7033,0,7,17543,17543,17543,13169,12738,42523
1,990,988,1791064828246225,1791064828252438,6213,0,8,17605,17605,17605,13356,13002,43813
1,991,989,1791064828296225,1791064828301725,5500,0,9,17400,17400,17400,13223,12981,43450
1,992,990,1791064828346225,1791064828352194,5969,0,10,17435,17435,17435,13017,12674,42388
1,993,991,1791064828396225,1791064828404904,8679,0,11,17468,17468,17468,13255,13044,43461
1,994,992,1791064828446225,1791064828455309,9084,0,12,17638,17638,17638,13388,12970,44094
1,995,993,1791064828496225,1791064828520268,24043,0,13,17482,17482,17482,13370,13056,44760
1,996,994,1791064828546225,1791064828571237,25012,0,14,17493,17493,17493,13275,13001,44427
1,997,995,1791064828596225,1791064828619846,23621,0,15,17480,17480,17480,13254,12649,43946
1,998,996,1791064828646225,1791064828669939,23714,0,16,17618,17618,17618,13475,12901,45284
1,999,997,1791064828696225,1791064828717731,21506,0,17,17358,17358,17358,13235,12848,43877
1,1000,998,1791064828746225,1791064828767754,21529,0,18,17559,17559,17559,13324,13001,44205
1,1001,999,1791064828796225,1791064828815024,18799,0,19,17595,17595,17595,13441,12703,44089
1,1002,1000,1791064828846225,1791064828863853,17628,0,0,17358,17358,17358,13292,12658,44357
1,1003,1001,1791064828896225,1791064828913292,17067,0,1,17639,17639,17639,13427,12824,44462
1,1004,1002,1791064828946225,1791064828962009,15784,0,2,17485,17485,17485,13273,13135,44350
1,1005,1003,1791064828996225,1791064829011024,14799,0,3,17570,17570,17570,13360,12882,43820
1,1006,1004,1791064829046225,1791064829056887,10662,0,4,17424,17424,17424,13175,12508,42782
1,1007,1005,1791064829096225,1791064829101422,5197,0,5,17441,17441,17441,13201,12584,42668
1,1008,1006,1791064829146225,1791064829147538,1313,0,6,17409,17409,17409,13233,12899,43229
1,1009,1007,1791064829196225,1791064829197252,1027,0,7,17543,17543,17543,13248,12917,42786
1,1010,1008,1791064829246225,1791064829247081,856,0,8,17605,17605,17605,13285,12947,43141
1,1011,1009,1791064829296225,1791064829297500,1275,0,9,17400,17400,17400,13207,12701,43231
1,1012,1010,1791064829346225,1791064829346885,660,0,10,17435,17435,17435,13147,12564,43324
1,1013,1011,1791064829396225,1791064829396887,662,0,11,17468,17468,17468,13368,12954,44658
1,1014,1012,1791064829446225,1791064829447761,1536,0,12,17638,17638,17638,13600,13015,45540
1,1015,1013,1791064829496225,1791064829497551,1326,0,13,17482,17482,17482,13363,12751,44457
1,1016,1014,1791064829546225,1791064829547782,1557,0,14,17493,17493,17493,13370,12556,44549
1,1017,1015,1791064829596225,1791064829597338,1113,0,15,17480,17480,17480,13332,12692,44110
1,1018,1016,1791064829646225,1791064829647291,1066,0,16,17618,17618,17618,13571,13353,45791
1,1019,1017,1791064829696225,1791064829697710,1485,0,17,17358,17358,17358,13271,12454,44134
1,1020,1018,1791064829746225,1791064829747361,1136,0,18,17559,17559,17559,13516,12926,45405
1,1021,1019,1791064829796225,1791064829797342,1117,0,19,17595,17595,17595,13502,12857,45318
1,1022,1020,1791064829846225,1791064829848357,2132,0,0,17358,17358,17358,13429,12828,45531
1,1023,1021,1791064829896225,1791064829896931,706,0,1,17639,17639,17639,13626,12994,45906
1,1024,1022,1791064829946225,1791064829946947,722,0,2,17485,17485,17485,13386,13165,44970
1,1025,1023,1791064829996225,1791064829997179,954,0,3,17570,17570,17570,13429,12978,45334
1,1026,1024,1791064830046225,1791064830047789,1564,0,4,17424,17424,17424,13329,12640,44496
1,1027,1025,1791064830096225,1791064830097910,1685,0,5,17441,17441,17441,13242,12603,43739
1,1028,1026,1791064830146225,1791064830147809,1584,0,6,17409,17409,17409,13200,12772,44021
1,1029,1027,1791064830196225,1791064830197717,1492,0,7,17543,17543,17543,13289,12902,44271
1,1030,1028,1791064830246225,1791064830247760,1535,0,8,17605,17605,17605,13464,13131,45085
1,1031,1029,1791064830296225,1791064830297310,1085,0,9,17400,17400,17400,13159,12972,43888
1,1032,1030,1791064830346225,1791064830347513,1288,0,10,17435,17435,17435,13159,12927,43710
1,1033,1031,1791064830396225,1791064830403088,6863,0,11,17468,17468,17468,13317,13258,44548
1,1034,1032,1791064830446225,1791064830454322,8097,0,12,17638,17638,17638,13477,13319,45063
1,1035,1033,1791064830496225,1791064830503223,6998,0,13,17482,17482,17482,13230,12795,43595
1,1036,1034,1791064830546225,1791064830552820,6595,0,14,17493,17493,17493,13404,13138,44655
1,1037,1035,1791064830596225,1791064830598780,2555,0,15,17480,17480,17480,13233,12577,43441
1,1038,1036,1791064830646225,1791064830647317,1092,0,16,17618,17618,17618,13384,13306,44926
1,1039,1037,1791064830696225,1791064830697533,1308,0,17,17358,17358,17358,13248,12363,43363
1,1040,1038,1791064830746225,1791064830750952,4727,0,18,17559,17559,17559,13386,13185,44496
1,1041,1039,1791064830796225,1791064830799289,3064,0,19,17595,17595,17595,13323,13250,44303
1,1042,1040,1791064830846225,1791064830851089,4864,0,0,17358,17358,17358,13263,13106,44572
1,1043,1041,1791064830896225,1791064830896870,645,0,1,17639,17639,17639,13440,12879,44628
1,1044,1042,1791064830946225,1791064830947250,1025,0,2,17485,17485,17485,13164,12882,43998
1,1045,1043,1791064830996225,1791064830997576,1351,0,3,17570,17570,17570,13442,12949,44810
1,1046,1044,1791064831046225,1791064831047504,1279,0,4,17424,17424,17424,13184,12431,43141
1,1047,1045,1791064831096225,1791064831097335,1110,0,5,17441,17441,17441,13229,13043,43809
1,1048,1046,1791064831146225,1791064831147594,1369,0,6,17409,17409,17409,13112,12590,42702
1,1049,1047,1791064831196225,1791064831197474,1249,0,7,17543,17543,17543,13505,13036,44427
1,1050,1048,1791064831246225,1791064831246973,748,0,8,17605,17605,17605,13352,12869,43533
1,1051,1049,1791064831296225,1791064831297738,1513,0,9,17400,17400,17400,13164,12420,43008
1,1052,1050,1791064831346225,1791064831347141,916,0,10,17435,17435,17435,13271,13257,44396
1,1053,1051,1791064831396225,1791064831397682,1457,0,11,17468,17468,17468,13361,12793,44305
1,1054,1052,1791064831446225,1791064831446916,691,0,12,17638,17638,17638,13552,13196,45726
1,1055,1053,1791064831496225,1791064831497089,864,0,13,17482,17482,17482,13407,13223,45700
1,1056,1054,1791064831546225,1791064831547900,1675,0,14,17493,17493,17493,13475,12977,45412
1,1057,1055,1791064831596225,1791064831597356,1131,0,15,17480,17480,17480,13360,12615,44797
1,1058,1056,1791064831646225,1791064831647478,1253,0,16,17618,17618,17618,13597,12760,46139
1,1059,1057,1791064831696225,1791064831699838,3613,0,17,17358,17358,17358,13257,12753,44741
1,1060,1058,1791064831746225,1791064831752287,6062,0,18,17559,17559,17559,13346,13009,44620
1,1061,1059,1791064831796225,1791064831801998,5773,0,19,17595,17595,17595,13533,12952,45509
1,1062,1060,1791064831846225,1791064831851061,4836,0,0,17358,17358,17358,13351,12532,45128
1,1063,1061,1791064831896225,1791064831897826,1601,0,1,17639,17639,17639,13544,13378,46139
1,1064,1062,1791064831946225,1791064831946880,655,0,2,17485,17485,17485,13429,12819,45298
1,1065,1063,1791064831996225,1791064831996931,706,0,3,17570,17570,17570,13451,13264,45479
1,1066,1064,1791064832046225,1791064832047790,1565,0,4,17424,17424,17424,13299,12825,44628
1,1067,1065,1791064832096225,1791064832096885,660,0,5,17441,17441,17441,13445,13290,45552
1,1068,1066,1791064832146225,1791064832147761,1536,0,6,17409,17409,17409,13321,13160,45232
1,1069,1067,1791064832196225,1791064832197285,1060,0,7,17543,17543,17543,13451,13317,45588
1,1070,1068,1791064832246225,1791064832247638,1413,0,8,17605,17605,17605,13354,13205,45204
1,1071,1069,1791064832296225,1791064832297233,1008,0,9,17400,17400,17400,13269,12867,44349
1,1072,1070,1791064832346225,1791064832346873,648,0,10,17435,17435,17435,13317,12978,44996
1,1073,1071,1791064832396225,1791064832397475,1250,0,11,17468,17468,17468,13472,13149,45804
1,1074,1072,1791064832446225,1791064832451272,5047,0,12,17638,17638,17638,13499,13115,46287
1,1075,1073,1791064832496225,1791064832500367,4142,0,13,17482,17482,17482,13433,12963,45294
1,1076,1074,1791064832546225,1791064832549952,3727,0,14,17493,17493,17493,13462,12926,45627
1,1077,1075,1791064832596225,1791064832597035,810,0,15,17480,17480,17480,13404,12440,44682
1,1078,1076,1791064832646225,1791064832646974,749,0,16,17618,17618,17618,13728,13592,47149
1,1079,1077,1791064832696225,1791064832696855,630,0,17,17358,17358,17358,13445,12765,45722
1,1080,1078,1791064832746225,1791064832747640,1415,0,18,17559,17559,17559,13520,13185,46257
1,1081,1079,1791064832796225,1791064832797367,1142,0,19,17595,17595,17595,13566,12823,45898
1,1082,1080,1791064832846225,1791064832847158,933,0,0,17358,17358,17358,13584,12930,46675
1,1083,1081,1791064832896225,1791064832897393,1168,0,1,17639,17639,17639,13689,12957,46427
1,1084,1082,1791064832946225,1791064832946891,666,0,2,17485,17485,17485,13408,12928,45520
1,1085,1083,1791064832996225,1791064832997174,949,0,3,17570,17570,17570,13425,13257,45504
1,1086,1084,1791064833046225,1791064833047776,1551,0,4,17424,17424,17424,13303,12698,44597
1,1087,1085,1791064833096225,1791064833098238,2013,0,5,17441,17441,17441,13309,12843,44495
1,1088,1086,1791064833146225,1791064833147781,1556,0,6,17409,17409,17409,13218,13129,44742
1,1089,1087,1791064833196225,1791064833196982,757,0,7,17543,17543,17543,13418,13382,45655
1,1090,1088,1791064833246225,1791064833247375,1150,0,8,17605,17605,17605,13582,13356,46074
1,1091,1089,1791064833296225,1791064833297638,1413,0,9,17400,17400,17400,13397,12949,45605
1,1092,1090,1791064833346225,1791064833347817,1592,0,10,17435,17435,17435,13317,12786,44884
1,1093,1091,1791064833396225,1791064833397556,1331,0,11,17468,17468,17468,13328,13243,44990
1,1094,1092,1791064833446225,1791064833447414,1189,0,12,17638,17638,17638,13521,13468,45674
1,1095,1093,1791064833496225,1791064833496958,733,0,13,17482,17482,17482,13211,13052,43839
1,1096,1094,1791064833546225,1791064833547527,1302,0,14,17493,17493,17493,13213,12727,43658
1,1097,1095,1791064833596225,1791064833597128,903,0,15,17480,17480,17480,13267,13220,44065
1,1098,1096,1791064833646225,1791064833650211,3986,0,16,17618,17618,17618,13445,13226,44803
1,1099,1097,1791064833696225,1791064833699283,3058,0,17,17358,17358,17358,13245,13171,43770
1,1100,1098,1791064833746225,1791064833748966,2741,0,18,17559,17559,17559,13295,12643,43587
1,1101,1099,1791064833796225,1791064833798515,2290,0,19,17595,17595,17595,13347,12895,44420
1,1102,1100,1791064833846225,1791064833849268,3043,0,0,17358,17358,17358,13218,12488,44007
1,1103,1101,1791064833896225,1791064833897277,1052,0,1,17639,17639,17639,13401,13173,44678
1,1104,1102,1791064833946225,1791064833946876,651,0,2,17485,17485,17485,13299,12714,43696
1,1105,1103,1791064833996225,1791064833997640,1415,0,3,17570,17570,17570,13343,12876,43484
1,1106,1104,1791064834046225,1791064834047861,1636,0,4,17424,17424,17424,13173,12888,43220
1,1107,1105,1791064834096225,1791064834097094,869,0,5,17441,17441,17441,13164,12611,42188
1,1108,1106,1791064834146225,1791064834146824,599,0,6,17409,17409,17409,13124,12729,43068
1,1109,1107,1791064834196225,1791064834197159,934,0,7,17543,17543,17543,13237,13214,43887
1,1110,1108,1791064834246225,1791064834247634,1409,0,8,17605,17605,17605,13442,13119,44038
1,1111,1109,1791064834296225,1791064834297760,1535,0,9,17400,17400,17400,13179,12446,42533
1,1112,1110,1791064834346225,1791064834347592,1367,0,10,17435,17435,17435,13192,12884,43450
1,1113,1111,1791064834396225,1791064834397579,1354,0,11,17468,17468,17468,13183,12983,42879
1,1114,1112,1791064834446225,1791064834447451,1226,0,12,17638,17638,17638,13297,12803,42937
1,1115,1113,1791064834496225,1791064834497309,1084,0,13,17482,17482,17482,13203,12867,43184
1,1116,1114,1791064834546225,1791064834547347,1122,0,14,17493,17493,17493,13199,12996,43258
1,1117,1115,1791064834596225,1791064834597443,1218,0,15,17480,17480,17480,13154,12630,42548
1,1118,1116,1791064834646225,1791064834647416,1191,0,16,17618,17618,17618,13355,13067,43582
1,1119,1117,1791064834696225,1791064834697403,1178,0,17,17358,17358,17358,13023,12204,41506
1,1120,1118,1791064834746225,1791064834747092,867,0,18,17559,17559,17559,13219,12901,42467
1,1121,1119,1791064834796225,1791064834799673,3448,0,19,17595,17595,17595,13261,13063,42808
1,1122,1120,1791064834846225,1791064834847278,1053,0,0,17358,17358,17358,13055,12958,41894
1,1123,1121,1791064834896225,1791064834897340,1115,0,1,17639,17639,17639,13430,12642,42691
1,1124,1122,1791064834946225,1791064834947002,777,0,2,17485,17485,17485,13251,13037,42891
1,1125,1123,1791064834996225,1791064834997260,1035,0,3,17570,17570,17570,13211,13085,42302
1,1126,1124,1791064835046225,1791064835047735,1510,0,4,17424,17424,17424,13052,12324,41031
1,1127,1125,1791064835096225,1791064835097389,1164,0,5,17441,17441,17441,13159,12773,41920
1,1128,1126,1791064835146225,1791064835147818,1593,0,6,17409,17409,17409,13084,12725,41916
1,1129,1127,1791064835196225,1791064835197052,827,0,7,17543,17543,17543,13192,12833,42248
1,1130,1128,1791064835246225,1791064835247212,987,0,8,17605,17605,17605,13241,13050,42315
1,1131,1129,1791064835296225,1791064835297403,1178,0,9,17400,17400,17400,13091,12539,41332
1,1132,1130,1791064835346225,1791064835346959,734,0,10,17435,17435,17435,13054,12593,41466
1,1133,1131,1791064835396225,1791064835397572,1347,0,11,17468,17468,17468,13185,12336,41952
1,1134,1132,1791064835446225,1791064835447114,889,0,12,17638,17638,17638,13292,12987,42546
1,1135,1133,1791064835496225,1791064835497161,936,0,13,17482,17482,17482,13164,12667,41998
1,1136,1134,1791064835546225,1791064835547023,798,0,14,17493,17493,17493,13241,12893,43160
1,1137,1135,1791064835596225,1791064835597413,1188,0,15,17480,17480,17480,13174,12163,41592
1,1138,1136,1791064835646225,1791064835647078,853,0,16,17618,17618,17618,13409,12821,43536
1,1139,1137,1791064835696225,1791064835697755,1530,0,17,17358,17358,17358,12990,12735,42184
1,1140,1138,1791064835746225,1791064835747257,1032,0,18,17559,17559,17559,13242,13060,42435
1,1141,1139,1791064835796225,1791064835797756,1531,0,19,17595,17595,17595,13310,12985,43197
1,1142,1140,1791064835846225,1791064835848263,2038,0,0,17358,17358,17358,13234,12328,42149
1,1143,1141,1791064835896225,1791064835897915,1690,0,1,17639,17639,17639,13341,12507,42481
1,1144,1142,1791064835946225,1791064835947883,1658,0,2,17485,17485,17485,13030,12829,41942
1,1145,1143,1791064835996225,1791064835998544,2319,0,3,17570,17570,17570,13221,12827,41755
1,1146,1144,1791064836046225,1791064836049228,3003,0,4,17424,17424,17424,13171,13046,41915
1,1147,1145,1791064836096225,1791064836097319,1094,0,5,17441,17441,17441,13069,12616,40893
1,1148,1146,1791064836146225,1791064836147743,1518,0,6,17409,17409,17409,13183,12867,41626
1,1149,1147,1791064836196225,1791064836197779,1554,0,7,17543,17543,17543,13171,12594,41154
1,1150,1148,1791064836246225,1791064836246842,617,0,8,17605,17605,17605,13187,12997,41483
1,1151,1149,1791064836296225,1791064836297688,1463,0,9,17400,17400,17400,12998,12679,40385
1,1152,1150,1791064836346225,1791064836347628,1403,0,10,17435,17435,17435,13159,13097,40546
1,1153,1151,1791064836396225,1791064836397020,795,0,11,17468,17468,17468,13121,12883,40045
1,1154,1152,1791064836446225,1791064836446905,680,0,12,17638,17638,17638,13245,12933,40704
1,1155,1153,1791064836496225,1791064836497296,1071,0,13,17482,17482,17482,13122,12943,40602
1,1156,1154,1791064836546225,1791064836547733,1508,0,14,17493,17493,17493,13166,12965,41062
1,1157,1155,1791064836596225,1791064836633879,37654,0,15,17480,17480,17480,13100,13002,41439
1,1158,1156,1791064836646225,1791064836681305,35080,0,16,17618,17618,17618,13212,12872,41592
1,1159,1157,1791064836696225,1791064836735020,38795,0,17,17358,17358,17358,13028,12734,40423
1,1160,1158,1791064836746225,1791064836787067,40842,0,18,17559,17559,17559,13243,12866,41088
1,1161,1159,1791064836796225,1791064836841235,45010,0,19,17595,17595,17595,13274,12618,41000
1,1162,1160,1791064836846225,1791064836893465,47240,0,0,17358,17358,17358,13005,12354,40643
1,1163,1161,1791064836896225,1791064836940424,44199,0,1,17639,17639,17639,13328,13077,41720
1,1164,1162,1791064836946225,1791064836989835,43610,0,2,17485,17485,17485,13130,12454,40591
1,1165,1163,1791064836996225,1791064837039468,43243,0,3,17570,17570,17570,13259,13118,42120
1,1166,1164,1791064837046225,1791064837088655,42430,0,4,17424,17424,17424,13135,12965,41366
1,1167,1165,1791064837096225,1791064837135970,39745,0,5,17441,17441,17441,13082,12762,40930
1,1168,1166,1791064837146225,1791064837186831,40606,0,6,17409,17409,17409,13046,12522,39957
1,1169,1167,1791064837196225,1791064837234508,38283,0,7,17543,17543,17543,13068,12910,40478
1,1170,1168,1791064837246225,1791064837287408,41183,0,8,17605,17605,17605,13284,12752,40551
1,1171,1169,1791064837296225,1791064837338790,42565,0,9,17400,17400,17400,12975,12373,40036
1,1172,1170,1791064837346225,1791064837391230,45005,0,10,17435,17435,17435,12990,12938,40659
1,1173,1171,1791064837396225,1791064837443004,46779,0,11,17468,17468,17468,13206,13056,40918
1,1174,1172,1791064837446225,1791064837494004,47779,0,12,17638,17638,17638,13274,12930,40937
1,1175,1173,1791064837496225,1791064837544907,48682,0,13,17482,17482,17482,13140,12425,39911
1,1176,1174,1791064837546225,1791064837598310,52085,1,14,17493,17493,17493,13081,12232,39508
1,1178,1175,1791064837646225,1791064837649028,2803,0,15,17480,17480,17480,13094,12325,39922
1,1179,1176,1791064837696225,1791064837700567,4342,0,16,17618,17618,17618,13274,13194,41593
1,1180,1177,1791064837746225,1791064837755872,9647,0,17,17358,17358,17358,13003,12783,40061
1,1181,1178,1791064837796225,1791064837809261,13036,0,18,17559,17559,17559,13060,12443,39948
1,1182,1179,1791064837846225,1791064837858089,11864,0,19,17595,17595,17595,13291,12655,41228
1,1183,1180,1791064837896225,1791064837905039,8814,0,0,17358,17358,17358,13008,12364,40418
1,1184,1181,1791064837946225,1791064837950408,4183,0,1,17639,17639,17639,13361,12537,41127
1,1185,1182,1791064837996225,1791064838001168,4943,0,2,17485,17485,17485,13129,12570,40685
1,1186,1183,1791064838046225,1791064838047291,1066,0,3,17570,17570,17570,13251,12563,40349
1,1187,1184,1791064838096225,1791064838096981,756,0,4,17424,17424,17424,13113,12915,40107
1,1188,1185,1791064838146225,1791064838146954,729,0,5,17441,17441,17441,13042,12824,39874
1,1189,1186,1791064838196225,1791064838197632,1407,0,6,17409,17409,17409,12963,12662,39388
1,1190,1187,1791064838246225,1791064838247362,1137,0,7,17543,17543,17543,13198,12501,40040
1,1191,1188,1791064838296225,1791064838297397,1172,0,8,17605,17605,17605,13207,12590,40652
1,1192,1189,1791064838346225,1791064838349289,3064,0,9,17400,17400,17400,13049,12589,40389
1,1193,1190,1791064838396225,1791064838399204,2979,0,10,17435,17435,17435,13160,12548,41135
1,1194,1191,1791064838446225,1791064838449701,3476,0,11,17468,17468,17468,13121,13076,41838
1,1195,1192,1791064838496225,1791064838497788,1563,0,12,17638,17638,17638,13371,13097,42485
1,1196,1193,1791064838546225,1791064838549288,3063,0,13,17482,17482,17482,13181,12655,42086
1,1197,1194,1791064838596225,1791064838601113,4888,0,14,17493,17493,17493,13287,13185,43312
1,1198,1195,1791064838646225,1791064838650288,4063,0,15,17480,17480,17480,13231,12876,42552
1,1199,1196,1791064838696225,1791064838697368,1143,0,16,17618,17618,17618,13342,13012,43283
1,1200,1197,1791064838746225,1791064838747686,1461,0,17,17358,17358,17358,16806,16379,79610
1,1201,1198,1791064838796225,1791064838797814,1589,0,18,17559,17559,17559,16959,16759,80947
1,1202,1199,1791064838846225,1791064838846812,587,0,19,17595,17595,17595,17055,16916,81497
1,1203,1200,1791064838896225,1791064838897355,1130,0,0,17358,17358,17358,16846,16458,80042
1,1204,1201,1791064838946225,1791064838947007,782,0,1,17639,17639,17639,17096,16626,80880
1,1205,1202,1791064838996225,1791064838997110,885,0,2,17485,17485,17485,16928,16493,80499
1,1206,1203,1791064839046225,1791064839047265,1040,0,3,17570,17570,17570,17052,16689,81166
1,1207,1204,1791064839096225,1791064839097588,1363,0,4,17424,17424,17424,16866,16583,80445
1,1208,1205,1791064839146225,1791064839150043,3818,0,5,17441,17441,17441,16866,16625,80484
1,1209,1206,1791064839196225,1791064839199430,3205,0,6,17409,17409,17409,16885,16677,80585
1,1210,1207,1791064839246225,1791064839248059,1834,0,7,17543,17543,17543,16993,16559,80485
1,1211,1208,1791064839296225,1791064839297586,1361,0,8,17605,17605,17605,17054,16846,81358
1,1212,1209,1791064839346225,1791064839347582,1357,0,9,17400,17400,17400,16816,16246,79343
1,1213,1210,1791064839396225,1791064839397490,1265,0,10,17435,17435,17435,16887,16815,80869
1,1214,1211,1791064839446225,1791064839447589,1364,0,11,17468,17468,17468,16860,16402,79921
1,1215,1212,1791064839496225,1791064839497443,1218,0,12,17638,17638,17638,17125,16605,80848
1,1216,1213,1791064839546225,1791064839547759,1534,0,13,17482,17482,17482,16963,16814,81017
1,1217,1214,1791064839596225,1791064839597402,1177,0,14,17493,17493,17493,16963,16739,81028
1,1218,1215,1791064839646225,1791064839647022,797,0,15,17480,17480,17480,16921,16729,80934
1,1219,1216,1791064839696225,1791064839696916,691,0,16,17618,17618,17618,17022,16552,80669
1,1220,1217,1791064839746225,1791064839746868,643,0,17,17358,17358,17358,16823,16350,79636
1,1221,1218,1791064839796225,1791064839797529,1304,0,18,17559,17559,17559,16991,16696,80918
1,1222,1219,1791064839846225,1791064839850893,4668,0,19,17595,17595,17595,17072,16989,81711
1,1223,1220,1791064839896225,1791064839903688,7463,0,0,17358,17358,17358,16820,16372,79819
1,1224,1221,1791064839946225,1791064839954830,8605,0,1,17639,17639,17639,17101,16616,80974
1,1225,1222,1791064839996225,1791064840005947,9722,0,2,17485,17485,17485,16989,16554,80740
1,1226,1223,1791064840046225,1791064840060094,13869,0,3,17570,17570,17570,17036,16559,80641
1,1227,1224,1791064840096225,1791064840108243,12018,0,4,17424,17424,17424,16875,16649,80673
1,1228,1225,1791064840146225,1791064840157583,11358,0,5,17441,17441,17441,16903,16772,80948
1,1229,1226,1791064840196225,1791064840219430,23205,0,6,17409,17409,17409,16856,16816,80732
1,1230,1227,1791064840246225,1791064840276878,30653,0,7,17543,17543,17543,17006,16646,80895
1,1231,1228,1791064840296225,1791064840329243,33018,0,8,17605,17605,17605,17041,16786,81208
1,1232,1229,1791064840346225,1791064840376067,29842,0,9,17400,17400,17400,16860,16281,79556
1,1233,1230,1791064840396225,1791064840425309,29084,0,10,17435,17435,17435,16880,16856,80841
1,1234,1231,1791064840446225,1791064840469721,23496,0,11,17468,17468,17468,16932,16503,80323
1,1235,1232,1791064840496225,1791064840515585,19360,0,12,17638,17638,17638,17073,16477,80507
1,1236,1233,1791064840546225,1791064840568242,22017,0,13,17482,17482,17482,16949,16683,80805
1,1237,1234,1791064840596225,1791064840621089,24864,0,14,17493,17493,17493,16931,16644,80773
1,1238,1235,1791064840646225,1791064840673990,27765,0,15,17480,17480,17480,16911,16793,80822
1,1239,1236,1791064840696225,1791064840723946,27721,0,16,17618,17618,17618,17050,16550,80624
1,1240,1237,1791064840746225,1791064840772979,26754,0,17,17358,17358,17358,16824,16419,79697
1,1241,1238,1791064840796225,1791064840819737,23512,0,18,17559,17559,17559,17025,16786,81054
1,1242,1239,1791064840846225,1791064840869406,23181,0,19,17595,17595,17595,17042,17024,81686
1,1243,1240,1791064840896225,1791064840917786,21561,0,0,17358,17358,17358,16837,16506,80120
1,1244,1241,1791064840946225,1791064840964072,17847,0,1,17639,17639,17639,17045,16572,80692
1,1245,1242,1791064840996225,1791064841011670,15445,0,2,17485,17485,17485,16949,16554,80755
1,1246,1243,1791064841046225,1791064841056879,10654,0,3,17570,17570,17570,17019,16588,80816
1,1247,1244,1791064841096225,1791064841102255,6030,0,4,17424,17424,17424,16881,16710,80767
1,1248,1245,1791064841146225,1791064841148312,2087,0,5,17441,17441,17441,16929,16830,81083
1,1249,1246,1791064841196225,1791064841197853,1628,0,6,17409,17409,17409,16871,16818,80618
1,1250,1247,1791064841246225,1791064841247162,937,0,7,17543,17543,17543,17005,16691,81052
1,1251,1248,1791064841296225,1791064841297842,1617,0,8,17605,17605,17605,17088,16803,81365
1,1252,1249,1791064841346225,1791064841347772,1547,0,9,17400,17400,17400,16855,16299,79556
1,1253,1250,1791064841396225,1791064841397585,1360,0,10,17435,17435,17435,16902,16775,80847
1,1254,1251,1791064841446225,1791064841447324,1099,0,11,17468,17468,17468,16915,16485,80299
1,1255,1252,1791064841496225,1791064841498133,1908,0,12,17638,17638,17638,17113,16601,80847
1,1256,1253,1791064841546225,1791064841546896,671,0,13,17482,17482,17482,16899,16708,80742
1,1257,1254,1791064841596225,1791064841597563,1338,0,14,17493,17493,17493,16981,16709,80938
1,1258,1255,1791064841646225,1791064841649782,3557,0,15,17480,17480,17480,16951,16869,81185
1,1259,1256,1791064841696225,1791064841701907,5682,0,16,17618,17618,17618,17067,16684,81107
1,1260,1257,1791064841746225,1791064841750128,3903,0,17,17358,17358,17358,16802,16341,79533
1,1261,1258,1791064841796225,1791064841797501,1276,0,18,17559,17559,17559,17001,16766,80952
1,1262,1259,1791064841846225,1791064841846998,773,0,19,17595,17595,17595,17046,17023,81639
1,1263,1260,1791064841896225,1791064841897082,857,0,0,17358,17358,17358,16832,16404,79826
1,1264,1261,1791064841946225,1791064841947991,1766,0,1,17639,17639,17639,17052,16586,80678
1,1265,1262,1791064841996225,1791064841997308,1083,0,2,17485,17485,17485,16985,16589,80819
1,1266,1263,1791064842046225,1791064842047771,1546,0,3,17570,17570,17570,17008,16546,80697
1,1267,1264,1791064842096225,1791064842096904,679,0,4,17424,17424,17424,16875,16603,80355
1,1268,1265,1791064842146225,1791064842146930,705,0,5,17441,17441,17441,16903,16812,81015
1,1269,1266,1791064842196225,1791064842196993,768,0,6,17409,17409,17409,16839,16737,80477
1,1270,1267,1791064842246225,1791064842249481,3256,0,7,17543,17543,17543,16987,16663,81014
1,1271,1268,1791064842296225,1791064842297642,1417,0,8,17605,17605,17605,17075,16879,81527
1,1272,1269,1791064842346225,1791064842347126,901,0,9,17400,17400,17400,16863,16308,79575
1,1273,1270,1791064842396225,1791064842397779,1554,0,10,17435,17435,17435,16913,16776,80706
1,1274,1271,1791064842446225,1791064842447752,1527,0,11,17468,17468,17468,16925,16520,80283
1,1275,1272,1791064842496225,1791064842497512,1287,0,12,17638,17638,17638,17117,16527,80613
1,1276,1273,1791064842546225,1791064842547871,1646,0,13,17482,17482,17482,16915,16635,80493
1,1277,1274,1791064842596225,1791064842598514,2289,0,14,17493,17493,17493,16933,16748,81018
1,1278,1275,1791064842646225,1791064842648387,2162,0,15,17480,17480,17480,16942,16925,80999
1,1279,1276,1791064842696225,1791064842696941,716,0,16,17618,17618,17618,17061,16607,80775
1,1280,1277,1791064842746225,1791064842747584,1359,0,17,17358,17358,17358,16811,16363,79681
1,1281,1278,1791064842796225,1791064842798573,2348,0,18,17559,17559,17559,17001,16745,80958
1,1282,1279,1791064842846225,1791064842847246,1021,0,19,17595,17595,17595,17038,16905,81593
1,1283,1280,1791064842896225,1791064842897124,899,0,0,17358,17358,17358,16838,16412,79883
1,1284,1281,1791064842946225,1791064842947728,1503,0,1,17639,17639,17639,17068,16625,80941
1,1285,1282,1791064842996225,1791064842996951,726,0,2,17485,17485,17485,16988,16548,80658
1,1286,1283,1791064843046225,1791064843047144,919,0,3,17570,17570,17570,17030,16601,80811
1,1287,1284,1791064843096225,1791064843096944,719,0,4,17424,17424,17424,16887,16700,80708
1,1288,1285,1791064843146225,1791064843147651,1426,0,5,17441,17441,17441,16875,16714,80596
1,1289,1286,1791064843196225,1791064843197246,1021,0,6,17409,17409,17409,16828,16764,80536
1,1290,1287,1791064843246225,1791064843247378,1153,0,7,17543,17543,17543,17005,16612,80814
1,1291,1288,1791064843296225,1791064843297125,900,0,8,17605,17605,17605,17064,16911,81583
1,1292,1289,1791064843346225,1791064843347828,1603,0,9,17400,17400,17400,16844,16291,79525
1,1293,1290,1791064843396225,1791064843397449,1224,0,10,17435,17435,17435,16884,16651,80587
1,1294,1291,1791064843446225,1791064843447105,880,0,11,17468,17468,17468,16904,16501,80209
1,1295,1292,1791064843496225,1791064843497043,818,0,12,17638,17638,17638,17069,16598,80831
1,1296,1293,1791064843546225,1791064843546995,770,0,13,17482,17482,17482,16946,16751,80867
1,1297,1294,1791064843596225,1791064843597523,1298,0,14,17493,17493,17493,16972,16721,80980
1,1298,1295,1791064843646225,1791064843648175,1950,0,15,17480,17480,17480,16971,16942,81271
1,1299,1296,1791064843696225,1791064843697207,982,0,16,17618,17618,17618,17086,16607,80909
1,1300,1297,1791064843746225,1791064843747403,1178,0,17,17358,17358,17358,16790,16407,79567
1,1301,1298,1791064843796225,1791064843797435,1210,0,18,17559,17559,17559,17006,16856,81154
1,1302,1299,1791064843846225,1791064843847371,1146,0,19,17595,17595,17595,17083,16957,81637
1,1303,1300,1791064843896225,1791064843897035,810,0,0,17358,17358,17358,16798,16430,79927
1,1304,1301,1791064843946225,1791064843946836,611,0,1,17639,17639,17639,17086,16595,80688
1,1305,1302,1791064843996225,1791064843999321,3096,0,2,17485,17485,17485,16937,16509,80522
1,1306,1303,1791064844046225,1791064844047013,788,0,3,17570,17570,17570,17042,16607,80865
1,1307,1304,1791064844096225,1791064844097494,1269,0,4,17424,17424,17424,16913,16847,80823
1,1308,1305,1791064844146225,1791064844147600,1375,0,5,17441,17441,17441,16902,16727,80801
1,1309,1306,1791064844196225,1791064844197313,1088,0,6,17409,17409,17409,16858,16751,80582
1,1310,1307,1791064844246225,1791064844247068,843,0,7,17543,17543,17543,17001,16616,80766
1,1311,1308,1791064844296225,1791064844297804,1579,0,8,17605,17605,17605,17050,16913,81445
1,1312,1309,1791064844346225,1791064844346894,669,0,9,17400,17400,17400,16852,16269,79479
1,1313,1310,1791064844396225,1791064844397418,1193,0,10,17435,17435,17435,16885,16684,80663
1,1314,1311,1791064844446225,1791064844446902,677,0,11,17468,17468,17468,16924,16441,80019
1,1315,1312,1791064844496225,1791064844497478,1253,0,12,17638,17638,17638,17119,16629,80961
1,1316,1313,1791064844546225,1791064844547510,1285,0,13,17482,17482,17482,16934,16728,80825
1,1317,1314,1791064844596225,1791064844597637,1412,0,14,17493,17493,17493,17002,16860,81356
1,1318,1315,1791064844646225,1791064844648956,2731,0,15,17480,17480,17480,16955,16912,81370
1,1319,1316,1791064844696225,1791064844699461,3236,0,16,17618,17618,17618,17067,16543,80586
1,1320,1317,1791064844746225,1791064844748263,2038,0,17,17358,17358,17358,16803,16358,79547
1,1321,1318,1791064844796225,1791064844796982,757,0,18,17559,17559,17559,17034,16811,81181
1,1322,1319,1791064844846225,1791064844848281,2056,0,19,17595,17595,17595,17012,16832,81295
1,1323,1320,1791064844896225,1791064844900057,3832,0,0,17358,17358,17358,16819,16413,79891
1,1324,1321,1791064844946225,1791064844947546,1321,0,1,17639,17639,17639,17107,16619,80904
1,1325,1322,1791064844996225,1791064844997023,798,0,2,17485,17485,17485,16957,16439,80187
1,1326,1323,1791064845046225,1791064845047845,1620,0,3,17570,17570,17570,17011,16560,80630
1,1327,1324,1791064845096225,1791064845097774,1549,0,4,17424,17424,17424,16893,16797,80778
1,1328,1325,1791064845146225,1791064845146901,676,0,5,17441,17441,17441,16903,16671,80571
1,1329,1326,1791064845196225,1791064845198440,2215,0,6,17409,17409,17409,16888,16782,80732
1,1330,1327,1791064845246225,1791064845247530,1305,0,7,17543,17543,17543,17022,16679,81129
1,1331,1328,1791064845296225,1791064845297656,1431,0,8,17605,17605,17605,17037,16808,81383
1,1332,1329,1791064845346225,1791064845347836,1611,0,9,17400,17400,17400,16826,16294,79365
1,1333,1330,1791064845396225,1791064845397044,819,0,10,17435,17435,17435,16881,16825,80833
1,1334,1331,1791064845446225,1791064845447577,1352,0,11,17468,17468,17468,16918,16481,80252
1,1335,1332,1791064845496225,1791064845497466,1241,0,12,17638,17638,17638,17056,16587,80815
1,1336,1333,1791064845546225,1791064845547794,1569,0,13,17482,17482,17482,16894,16714,80840
1,1337,1334,1791064845596225,1791064845597579,1354,0,14,17493,17493,17493,16964,16695,80862
1,1338,1335,1791064845646225,1791064845647346,1121,0,15,17480,17480,17480,16956,16952,81208
1,1339,1336,1791064845696225,1791064845697635,1410,0,16,17618,17618,17618,17031,16612,80902
1,1340,1337,1791064845746225,1791064845746899,674,0,17,17358,17358,17358,16795,16435,79801
1,1341,1338,1791064845796225,1791064845797453,1228,0,18,17559,17559,17559,17025,16890,81373
1,1342,1339,1791064845846225,1791064845847156,931,0,19,17595,17595,17595,17035,16968,81438
1,1343,1340,1791064845896225,1791064845899133,2908,0,0,17358,17358,17358,16796,16313,79677
1,1344,1341,1791064845946225,1791064845947587,1362,0,1,17639,17639,17639,17109,16609,80888
1,1345,1342,1791064845996225,1791064845997591,1366,0,2,17485,17485,17485,17010,16560,80746
1,1346,1343,1791064846046225,1791064846047238,1013,0,3,17570,17570,17570,17008,16541,80655
1,1347,1344,1791064846096225,1791064846096894,669,0,4,17424,17424,17424,16887,16650,80546
1,1348,1345,1791064846146225,1791064846147573,1348,0,5,17441,17441,17441,16870,16592,80440
1,1349,1346,1791064846196225,1791064846197329,1104,0,6,17409,17409,17409,16880,16843,80753
1,1350,1347,1791064846246225,1791064846250047,3822,0,7,17543,17543,17543,16998,16633,80917
1,1351,1348,1791064846296225,1791064846302225,6000,0,8,17605,17605,17605,17019,16767,81235
1,1352,1349,1791064846346225,1791064846349725,3500,0,9,17400,17400,17400,16860,16252,79342
1,1353,1350,1791064846396225,1791064846400205,3980,0,10,17435,17435,17435,16884,16613,80483
1,1354,1351,1791064846446225,1791064846448197,1972,0,11,17468,17468,17468,16974,16607,80647
1,1355,1352,1791064846496225,1791064846497327,1102,0,12,17638,17638,17638,17137,16647,80909
1,1356,1353,1791064846546225,1791064846547669,1444,0,13,17482,17482,17482,16936,16684,80679
1,1357,1354,1791064846596225,1791064846597772,1547,0,14,17493,17493,17493,17005,16671,80766
1,1358,1355,1791064846646225,1791064846646908,683,0,15,17480,17480,17480,16962,16816,81060
1,1359,1356,1791064846696225,1791064846700109,3884,0,16,17618,17618,17618,17048,16535,80524
1,1360,1357,1791064846746225,1791064846748331,2106,0,17,17358,17358,17358,16810,16311,79443
1,1361,1358,1791064846796225,1791064846796843,618,0,18,17559,17559,17559,17027,16897,81245
1,1362,1359,1791064846846225,1791064846847017,792,0,19,17595,17595,17595,17028,16883,81343
1,1363,1360,1791064846896225,1791064846897265,1040,0,0,17358,17358,17358,16831,16415,79794
1,1364,1361,1791064846946225,1791064846947739,1514,0,1,17639,17639,17639,17067,16548,80626
1,1365,1362,1791064846996225,1791064846997656,1431,0,2,17485,17485,17485,16937,16555,80628
1,1366,1363,1791064847046225,1791064847047330,1105,0,3,17570,17570,17570,17028,16556,80702
1,1367,1364,1791064847096225,1791064847096972,747,0,4,17424,17424,17424,16867,16583,80268
1,1368,1365,1791064847146225,1791064847146976,751,0,5,17441,17441,17441,16879,16735,80730
1,1369,1366,1791064847196225,1791064847197635,1410,0,6,17409,17409,17409,16857,16758,80762
1,1370,1367,1791064847246225,1791064847247355,1130,0,7,17543,17543,17543,17015,16646,80904
1,1371,1368,1791064847296225,1791064847296871,646,0,8,17605,17605,17605,17065,16734,81239
1,1372,1369,1791064847346225,1791064847346864,639,0,9,17400,17400,17400,16853,16195,79001
1,1373,1370,1791064847396225,1791064847397717,1492,0,10,17435,17435,17435,16896,16776,80709
1,1374,1371,1791064847446225,1791064847447509,1284,0,11,17468,17468,17468,16914,16528,80397
1,1375,1372,1791064847496225,1791064847497344,1119,0,12,17638,17638,17638,17094,16535,80696
1,1376,1373,1791064847546225,1791064847546886,661,0,13,17482,17482,17482,16964,16656,80599
1,1377,1374,1791064847596225,1791064847597522,1297,0,14,17493,17493,17493,16900,16627,80612
1,1378,1375,1791064847646225,1791064847647327,1102,0,15,17480,17480,17480,16924,16909,81226
1,1379,1376,1791064847696225,1791064847697816,1591,0,16,17618,17618,17618,17048,16584,80788
1,1380,1377,1791064847746225,1791064847747038,813,0,17,17358,17358,17358,16791,16257,79155
1,1381,1378,1791064847796225,1791064847797491,1266,0,18,17559,17559,17559,17008,16981,81453
1,1382,1379,1791064847846225,1791064847847571,1346,0,19,17595,17595,17595,17034,16879,81435
1,1383,1380,1791064847896225,1791064847897699,1474,0,0,17358,17358,17358,16808,16357,79669
1,1384,1381,1791064847946225,1791064847947762,1537,0,1,17639,17639,17639,17090,16659,81049
1,1385,1382,1791064847996225,1791064847998043,1818,0,2,17485,17485,17485,16937,16561,80687
1,1386,1383,1791064848046225,1791064848047511,1286,0,3,17570,17570,17570,17026,16566,80710
1,1387,1384,1791064848096225,1791064848096871,646,0,4,17424,17424,17424,16888,16652,80654
1,1388,1385,1791064848146225,1791064848146843,618,0,5,17441,17441,17441,16876,16637,80430
1,1389,1386,1791064848196225,1791064848198259,2034,0,6,17409,17409,17409,16844,16707,80462
1,1390,1387,1791064848246225,1791064848247207,982,0,7,17543,17543,17543,17048,16634,80659
1,1391,1388,1791064848296225,1791064848325539,29314,0,8,17605,17605,17605,17050,16866,81399
1,1392,1389,1791064848346225,1791064848372724,26499,0,9,17400,17400,17400,16843,16260,79367
1,1393,1390,1791064848396225,1791064848420463,24238,0,10,17435,17435,17435,16921,16808,81024
1,1394,1391,1791064848446225,1791064848468688,22463,0,11,17468,17468,17468,16929,16590,80566
1,1395,1392,1791064848496225,1791064848516679,20454,0,12,17638,17638,17638,17111,16632,81032
1,1396,1393,1791064848546225,1791064848565827,19602,0,13,17482,17482,17482,16965,16779,81069
1,1397,1394,1791064848596225,1791064848613728,17503,0,14,17493,17493,17493,16934,16577,80546
1,1398,1395,1791064848646225,1791064848662680,16455,0,15,17480,17480,17480,16912,16884,81100
1,1399,1396,1791064848696225,1791064848714723,18498,0,16,17618,17618,17618,17064,16584,80842
1,1400,1397,1791064848746225,1791064848765668,19443,0,17,17358,17358,17358,16780,16265,79249
1,1401,1398,1791064848796225,1791064848812699,16474,0,18,17559,17559,17559,17020,17011,81497
1,1402,1399,1791064848846225,1791064848861409,15184,0,19,17595,17595,17595,17038,16891,81419
1,1403,1400,1791064848896225,1791064848909591,13366,0,0,17358,17358,17358,16821,16406,79960
1,1404,1401,1791064848946225,1791064848961412,15187,0,1,17639,17639,17639,17086,16669,81120
1,1405,1402,1791064848996225,1791064849011907,15682,0,2,17485,17485,17485,16965,16562,80721
1,1406,1403,1791064849046225,1791064849061298,15073,0,3,17570,17570,17570,17033,16579,80839
1,1407,1404,1791064849096225,1791064849110054,13829,0,4,17424,17424,17424,16876,16716,80614
1,1408,1405,1791064849146225,1791064849159340,13115,0,5,17441,17441,17441,16898,16702,80694
1,1409,1406,1791064849196225,1791064849212762,16537,0,6,17409,17409,17409,16889,16826,80905
1,1410,1407,1791064849246225,1791064849262987,16762,0,7,17543,17543,17543,17010,16643,80763
1,1411,1408,1791064849296225,1791064849314113,17888,0,8,17605,17605,17605,17063,16759,81416
1,1412,1409,1791064849346225,1791064849361061,14836,0,9,17400,17400,17400,16833,16270,79368
1,1413,1410,1791064849396225,1791064849408777,12552,0,10,17435,17435,17435,16860,16543,80282
1,1414,1411,1791064849446225,1791064849461014,14789,0,11,17468,17468,17468,16965,16561,80552
1,1415,1412,1791064849496225,1791064849510026,13801,0,12,17638,17638,17638,17078,16575,80781
1,1416,1413,1791064849546225,1791064849559664,13439,0,13,17482,17482,17482,16936,16623,80687
1,1417,1414,1791064849596225,1791064849605712,9487,0,14,17493,17493,17493,16908,16604,80575
1,1418,1415,1791064849646225,1791064849654064,7839,0,15,17480,17480,17480,16932,16814,81078
1,1419,1416,1791064849696225,1791064849704753,8528,0,16,17618,17618,17618,17048,16516,80435
1,1420,1417,1791064849746225,1791064849751619,5394,0,17,17358,17358,17358,16803,16336,79607
1,1421,1418,1791064849796225,1791064849798251,2026,0,18,17559,17559,17559,17017,16956,81265
1,1422,1419,1791064849846225,1791064849847844,1619,0,19,17595,17595,17595,17040,16952,81572
1,1423,1420,1791064849896225,1791064849897779,1554,0,0,17358,17358,17358,16810,16386,79728
1,1424,1421,1791064849946225,1791064849946904,679,0,1,17639,17639,17639,17080,16610,80717
1,1425,1422,1791064849996225,1791064849997236,1011,0,2,17485,17485,17485,16948,16491,80334
1,1426,1423,1791064850046225,1791064850047047,822,0,3,17570,17570,17570,17018,16592,80734
1,1427,1424,1791064850096225,1791064850097428,1203,0,4,17424,17424,17424,16860,16767,80801
1,1428,1425,1791064850146225,1791064850147771,1546,0,5,17441,17441,17441,16912,16722,80790
1,1429,1426,1791064850196225,1791064850198721,2496,0,6,17409,17409,17409,16872,16771,80672
1,1430,1427,1791064850246225,1791064850251294,5069,0,7,17543,17543,17543,16994,16647,80899
1,1431,1428,1791064850296225,1791064850300583,4358,0,8,17605,17605,17605,17081,16761,81236
1,1432,1429,1791064850346225,1791064850347712,1487,0,9,17400,17400,17400,16828,16229,79231
1,1433,1430,1791064850396225,1791064850397144,919,0,10,17435,17435,17435,16888,16595,80407
1,1434,1431,1791064850446225,1791064850447648,1423,0,11,17468,17468,17468,16930,16581,80504
1,1435,1432,1791064850496225,1791064850497712,1487,0,12,17638,17638,17638,17064,16549,80683
1,1436,1433,1791064850546225,1791064850550118,3893,0,13,17482,17482,17482,16952,16738,80888
1,1437,1434,1791064850596225,1791064850602365,6140,0,14,17493,17493,17493,16946,16606,80534
1,1438,1435,1791064850646225,1791064850648267,2042,0,15,17480,17480,17480,16927,16859,81125
1,1439,1436,1791064850696225,1791064850696874,649,0,16,17618,17618,17618,17050,16617,80750
1,1440,1437,1791064850746225,1791064850749145,2920,0,17,17358,17358,17358,16837,16348,79467
1,1441,1438,1791064850796225,1791064850797098,873,0,18,17559,17559,17559,17003,16976,81412
1,1442,1439,1791064850846225,1791064850847645,1420,0,19,17595,17595,17595,17054,16826,81455
1,1443,1440,1791064850896225,1791064850897820,1595,0,0,17358,17358,17358,16827,16396,79680
1,1444,1441,1791064850946225,1791064850947038,813,0,1,17639,17639,17639,17106,16681,81086
1,1445,1442,1791064850996225,1791064850996879,654,0,2,17485,17485,17485,16955,16524,80555
1,1446,1443,1791064851046225,1791064851047820,1595,0,3,17570,17570,17570,17032,16610,80821
1,1447,1444,1791064851096225,1791064851097751,1526,0,4,17424,17424,17424,16865,16703,80601
1,1448,1445,1791064851146225,1791064851147740,1515,0,5,17441,17441,17441,16885,16806,80846
1,1449,1446,1791064851196225,1791064851196824,599,0,6,17409,17409,17409,16871,16694,80656
1,1450,1447,1791064851246225,1791064851247133,908,0,7,17543,17543,17543,17018,16674,80882
1,1451,1448,1791064851296225,1791064851297551,1326,0,8,17605,17605,17605,17064,16707,81091
1,1452,1449,1791064851346225,1791064851346859,634,0,9,17400,17400,17400,16843,16239,79283
1,1453,1450,1791064851396225,1791064851397061,836,0,10,17435,17435,17435,16905,16557,80319
1,1454,1451,1791064851446225,1791064851447141,916,0,11,17468,17468,17468,16949,16578,80571
1,1455,1452,1791064851496225,1791064851497591,1366,0,12,17638,17638,17638,17081,16497,80559
1,1456,1453,1791064851546225,1791064851550418,4193,0,13,17482,17482,17482,16949,16762,81079
1,1457,1454,1791064851596225,1791064851599509,3284,0,14,17493,17493,17493,16935,16605,80443
1,1458,1455,1791064851646225,1791064851647527,1302,0,15,17480,17480,17480,16943,16772,81003
1,1459,1456,1791064851696225,1791064851703346,7121,0,16,17618,17618,17618,17059,16610,80857
1,1460,1457,1791064851746225,1791064851752630,6405,0,17,17358,17358,17358,16799,16372,79527
1,1461,1458,1791064851796225,1791064851802884,6659,0,18,17559,17559,17559,17001,16963,81333
1,1462,1459,1791064851846225,1791064851852655,6430,0,19,17595,17595,17595,17056,16845,81389
1,1463,1460,1791064851896225,1791064851902683,6458,0,0,17358,17358,17358,16821,16385,79758
1,1464,1461,1791064851946225,1791064851954784,8559,0,1,17639,17639,17639,17111,16693,81195
1,1465,1462,1791064851996225,1791064852025140,28915,0,2,17485,17485,17485,16944,16453,80364
1,1466,1463,1791064852046225,1791064852079145,32920,0,3,17570,17570,17570,17016,16582,80725
1,1467,1464,1791064852096225,1791064852132607,36382,0,4,17424,17424,17424,16855,16696,80617
1,1468,1465,1791064852146225,1791064852181953,35728,0,5,17441,17441,17441,16858,16658,80501
1,1469,1466,1791064852196225,1791064852230488,34263,0,6,17409,17409,17409,16860,16723,80591
1,1470,1467,1791064852246225,1791064852277530,31305,0,7,17543,17543,17543,17013,16666,80806
1,1471,1468,1791064852296225,1791064852327965,31740,0,8,17605,17605,17605,17082,16725,81342
1,1472,1469,1791064852346225,1791064852376872,30647,0,9,17400,17400,17400,16883,16275,79438
1,1473,1470,1791064852396225,1791064852424072,27847,0,10,17435,17435,17435,16884,16595,80409
1,1474,1471,1791064852446225,1791064852469711,23486,0,11,17468,17468,17468,16914,16513,80435
1,1475,1472,1791064852496225,1791064852516824,20599,0,12,17638,17638,17638,17073,16641,81000
1,1476,1473,1791064852546225,1791064852566634,20409,0,13,17482,17482,17482,16942,16733,80762
1,1477,1474,1791064852596225,1791064852617619,21394,0,14,17493,17493,17493,16927,16694,80712
1,1478,1475,1791064852646225,1791064852666775,20550,0,15,17480,17480,17480,16908,16741,80920
1,1479,1476,1791064852696225,1791064852715871,19646,0,16,17618,17618,17618,17053,16656,80905
1,1480,1477,1791064852746225,1791064852766477,20252,0,17,17358,17358,17358,16775,16329,79330
1,1481,1478,1791064852796225,1791064852818522,22297,0,18,17559,17559,17559,16987,16859,81079
1,1482,1479,1791064852846225,1791064852868357,22132,0,19,17595,17595,17595,17084,16866,81425
1,1483,1480,1791064852896225,1791064852914660,18435,0,0,17358,17358,17358,16824,16408,79701
1,1484,1481,1791064852946225,1791064852961140,14915,0,1,17639,17639,17639,17081,16587,80689
1,1485,1482,1791064852996225,1791064853009118,12893,0,2,17485,17485,17485,16950,16557,80596
1,1486,1483,1791064853046225,1791064853055581,9356,0,3,17570,17570,17570,17036,16626,80826
1,1487,1484,1791064853096225,1791064853109527,13302,0,4,17424,17424,17424,16899,16798,80775
1,1488,1485,1791064853146225,1791064853155449,9224,0,5,17441,17441,17441,16885,16660,80635
1,1489,1486,1791064853196225,1791064853200914,4689,0,6,17409,17409,17409,16859,16704,80630
1,1490,1487,1791064853246225,1791064853248364,2139,0,7,17543,17543,17543,16976,16629,80606
1,1491,1488,1791064853296225,1791064853296895,670,0,8,17605,17605,17605,17050,16809,81372
1,1492,1489,1791064853346225,1791064853347706,1481,0,9,17400,17400,17400,16841,16162,78875
1,1493,1490,1791064853396225,1791064853397318,1093,0,10,17435,17435,17435,16868,16592,80330
1,1494,1491,1791064853446225,1791064853447032,807,0,11,17468,17468,17468,16937,16573,80526
1,1495,1492,1791064853496225,1791064853496913,688,0,12,17638,17638,17638,17091,16565,80761
1,1496,1493,1791064853546225,1791064853547805,1580,0,13,17482,17482,17482,16934,16685,80638
1,1497,1494,1791064853596225,1791064853597071,846,0,14,17493,17493,17493,16936,16571,80266
1,1498,1495,1791064853646225,1791064853647067,842,0,15,17480,17480,17480,16963,16927,81306
1,1499,1496,1791064853696225,1791064853697605,1380,0,16,17618,17618,17618,17033,16579,80607
1,1500,1497,1791064853746225,1791064853747686,1461,0,17,17358,17358,17358,16800,16320,79538
1,1501,1498,1791064853796225,1791064853797691,1466,0,18,17559,17559,17559,16980,16856,81129
1,1502,1499,1791064853846225,1791064853847993,1768,0,19,17595,17595,17595,17068,16888,81378
1,1503,1500,1791064853896225,1791064853897720,1495,0,0,17358,17358,17358,16786,16361,79691
1,1504,1501,1791064853946225,1791064853947553,1328,0,1,17639,17639,17639,17084,16613,80939
1,1505,1502,1791064853996225,1791064853997050,825,0,2,17485,17485,17485,16924,16485,80274
1,1506,1503,1791064854046225,1791064854046934,709,0,3,17570,17570,17570,17008,16580,80768
1,1507,1504,1791064854096225,1791064854097707,1482,0,4,17424,17424,17424,16866,16692,80478
1,1508,1505,1791064854146225,1791064854147812,1587,0,5,17441,17441,17441,16884,16580,80333
1,1509,1506,1791064854196225,1791064854199970,3745,0,6,17409,17409,17409,16872,16726,80613
1,1510,1507,1791064854246225,1791064854249503,3278,0,7,17543,17543,17543,16986,16663,80802
1,1511,1508,1791064854296225,1791064854298252,2027,0,8,17605,17605,17605,17062,16748,81438
1,1512,1509,1791064854346225,1791064854347768,1543,0,9,17400,17400,17400,16879,16230,79307
1,1513,1510,1791064854396225,1791064854397983,1758,0,10,17435,17435,17435,16895,16645,80611
1,1514,1511,1791064854446225,1791064854447711,1486,0,11,17468,17468,17468,16899,16530,80250
1,1515,1512,1791064854496225,1791064854497131,906,0,12,17638,17638,17638,17079,16590,80721
1,1516,1513,1791064854546225,1791064854546956,731,0,13,17482,17482,17482,16909,16637,80573
1,1517,1514,1791064854596225,1791064854597275,1050,0,14,17493,17493,17493,16915,16615,80423
1,1518,1515,1791064854646225,1791064854647657,1432,0,15,17480,17480,17480,16953,16863,81244
1,1519,1516,1791064854696225,1791064854697456,1231,0,16,17618,17618,17618,17006,16525,80506
1,1520,1517,1791064854746225,1791064854747850,1625,0,17,17358,17358,17358,16791,16320,79361
1,1521,1518,1791064854796225,1791064854796939,714,0,18,17559,17559,17559,17008,16814,81053
1,1522,1519,1791064854846225,1791064854849943,3718,0,19,17595,17595,17595,17013,16835,81287
1,1523,1520,1791064854896225,1791064854897609,1384,0,0,17358,17358,17358,16764,16364,79570
1,1524,1521,1791064854946225,1791064854946943,718,0,1,17639,17639,17639,17091,16583,80713
1,1525,1522,1791064854996225,1791064854997080,855,0,2,17485,17485,17485,16918,16386,79885
1,1526,1523,1791064855046225,1791064855047182,957,0,3,17570,17570,17570,17005,16615,80770
1,1527,1524,1791064855096225,1791064855097445,1220,0,4,17424,17424,17424,16851,16722,80499
1,1528,1525,1791064855146225,1791064855148897,2672,0,5,17441,17441,17441,16880,16610,80525
1,1529,1526,1791064855196225,1791064855197605,1380,0,6,17409,17409,17409,16856,16690,80540
1,1530,1527,1791064855246225,1791064855247631,1406,0,7,17543,17543,17543,17030,16699,80921
1,1531,1528,1791064855296225,1791064855297396,1171,0,8,17605,17605,17605,17062,16800,81429
1,1532,1529,1791064855346225,1791064855347595,1370,0,9,17400,17400,17400,16824,16132,78857
1,1533,1530,1791064855396225,1791064855397536,1311,0,10,17435,17435,17435,16898,16647,80502
1,1534,1531,1791064855446225,1791064855447641,1416,0,11,17468,17468,17468,16903,16636,80745
1,1535,1532,1791064855496225,1791064855497359,1134,0,12,17638,17638,17638,17074,16527,80583
1,1536,1533,1791064855546225,1791064855547796,1571,0,13,17482,17482,17482,16917,16735,80692
1,1537,1534,1791064855596225,1791064855597714,1489,0,14,17493,17493,17493,16911,16550,80146
1,1538,1535,1791064855646225,1791064855647609,1384,0,15,17480,17480,17480,16923,16599,80615
1,1539,1536,1791064855696225,1791064855697336,1111,0,16,17618,17618,17618,16960,16534,80349
1,1540,1537,1791064855746225,1791064855751005,4780,0,17,17358,17358,17358,16789,16300,79291
1,1541,1538,1791064855796225,1791064855806866,10641,0,18,17559,17559,17559,16955,16813,81050
1,1542,1539,1791064855846225,1791064855858977,12752,0,19,17595,17595,17595,17050,16806,81259
1,1543,1540,1791064855896225,1791064855907096,10871,0,0,17358,17358,17358,16749,16358,79419
1,1544,1541,1791064855946225,1791064855955816,9591,0,1,17639,17639,17639,17059,16652,80963
1,1545,1542,1791064855996225,1791064856006647,10422,0,2,17485,17485,17485,16925,16406,79954
1,1546,1543,1791064856046225,1791064856056452,10227,0,3,17570,17570,17570,16998,16580,80699
1,1547,1544,1791064856096225,1791064856102221,5996,0,4,17424,17424,17424,16860,16684,80434
1,1548,1545,1791064856146225,1791064856148196,1971,0,5,17441,17441,17441,16858,16639,80501
1,1549,1546,1791064856196225,1791064856197195,970,0,6,17409,17409,17409,16874,16678,80576
1,1550,1547,1791064856246225,1791064856248508,2283,0,7,17543,17543,17543,16988,16688,80903
1,1551,1548,1791064856296225,1791064856297774,1549,0,8,17605,17605,17605,17051,16732,81115
1,1552,1549,1791064856346225,1791064856350020,3795,0,9,17400,17400,17400,16818,16150,78866
1,1553,1550,1791064856396225,1791064856397635,1410,0,10,17435,17435,17435,16853,16706,80470
1,1554,1551,1791064856446225,1791064856447100,875,0,11,17468,17468,17468,16874,16512,80225
1,1555,1552,1791064856496225,1791064856497329,1104,0,12,17638,17638,17638,17057,16526,80573
1,1556,1553,1791064856546225,1791064856546933,708,0,13,17482,17482,17482,16902,16774,80738
1,1557,1554,1791064856596225,1791064856597356,1131,0,14,17493,17493,17493,16874,16533,80024
1,1558,1555,1791064856646225,1791064856647408,1183,0,15,17480,17480,17480,16888,16639,80513
1,1559,1556,1791064856696225,1791064856698238,2013,0,16,17618,17618,17618,16980,16502,80206
1,1560,1557,1791064856746225,1791064856747787,1562,0,17,17358,17358,17358,16758,16245,79132
1,1561,1558,1791064856796225,1791064856797860,1635,0,18,17559,17559,17559,16955,16841,80904
1,1562,1559,1791064856846225,1791064856853269,7044,0,19,17595,17595,17595,16951,16750,80914
1,1563,1560,1791064856896225,1791064856901436,5211,0,0,17358,17358,17358,16705,16391,79335
1,1564,1561,1791064856946225,1791064856947816,1591,0,1,17639,17639,17639,17067,16639,80836
1,1565,1562,1791064856996225,1791064856996941,716,0,2,17485,17485,17485,16877,16402,79814
1,1566,1563,1791064857046225,1791064857049970,3745,0,3,17570,17570,17570,16979,16490,80257
1,1567,1564,1791064857096225,1791064857096976,751,0,4,17424,17424,17424,16830,16687,80324
1,1568,1565,1791064857146225,1791064857147570,1345,0,5,17441,17441,17441,16837,16621,80282
1,1569,1566,1791064857196225,1791064857197299,1074,0,6,17409,17409,17409,16816,16626,80222
1,1570,1567,1791064857246225,1791064857247140,915,0,7,17543,17543,17543,16942,16691,80717
1,1571,1568,1791064857296225,1791064857297802,1577,0,8,17605,17605,17605,17039,16639,80918
1,1572,1569,1791064857346225,1791064857351911,5686,0,9,17400,17400,17400,16813,16176,78877
1,1573,1570,1791064857396225,1791064857402641,6416,0,10,17435,17435,17435,16784,16508,79894
1,1574,1571,1791064857446225,1791064857451900,5675,0,11,17468,17468,17468,16873,16572,80270
1,1575,1572,1791064857496225,1791064857501887,5662,0,12,17638,17638,17638,17070,16619,80760
1,1576,1573,1791064857546225,1791064857547706,1481,0,13,17482,17482,17482,16862,16607,80318
1,1577,1574,1791064857596225,1791064857596943,718,0,14,17493,17493,17493,16843,16523,79939
1,1578,1575,1791064857646225,1791064857647399,1174,0,15,17480,17480,17480,16876,16587,80151
1,1579,1576,1791064857696225,1791064857697824,1599,0,16,17618,17618,17618,16905,16457,79864
1,1580,1577,1791064857746225,1791064857748229,2004,0,17,17358,17358,17358,16702,16211,78746
1,1581,1578,1791064857796225,1791064857796822,597,0,18,17559,17559,17559,16874,16743,80610
1,1582,1579,1791064857846225,1791064857847607,1382,0,19,17595,17595,17595,16939,16831,80818
1,1583,1580,1791064857896225,1791064857897128,903,0,0,17358,17358,17358,16622,16144,78434
1,1584,1581,1791064857946225,1791064857946891,666,0,1,17639,17639,17639,17009,16662,80739
1,1585,1582,1791064857996225,1791064857997186,961,0,2,17485,17485,17485,16828,16368,79621
1,1586,1583,1791064858046225,1791064858046903,678,0,3,17570,17570,17570,16956,16568,80393
1,1587,1584,1791064858096225,1791064858096975,750,0,4,17424,17424,17424,16792,16594,79959
1,1588,1585,1791064858146225,1791064858147341,1116,0,5,17441,17441,17441,16826,16608,80215
1,1589,1586,1791064858196225,1791064858197269,1044,0,6,17409,17409,17409,16813,16613,80096
1,1590,1587,1791064858246225,1791064858247514,1289,0,7,17543,17543,17543,16956,16605,80630
1,1591,1588,1791064858296225,1791064858297547,1322,0,8,17605,17605,17605,17013,16622,80620
1,1592,1589,1791064858346225,1791064858347600,1375,0,9,17400,17400,17400,16770,16140,78660
1,1593,1590,1791064858396225,1791064858397715,1490,0,10,17435,17435,17435,16807,16395,79429
1,1594,1591,1791064858446225,1791064858447216,991,0,11,17468,17468,17468,16835,16476,79904
1,1595,1592,1791064858496225,1791064858497456,1231,0,12,17638,17638,17638,16975,16536,80344
1,1596,1593,1791064858546225,1791064858549373,3148,0,13,17482,17482,17482,16779,16525,79786
1,1597,1594,1791064858596225,1791064858597140,915,0,14,17493,17493,17493,16750,16529,79600
1,1598,1595,1791064858646225,1791064858648558,2333,0,15,17480,17480,17480,16807,16628,80046
1,1599,1596,1791064858696225,1791064858697743,1518,0,16,17618,17618,17618,16792,16438,79643
1,1600,1597,1791064858746225,1791064858747149,924,0,17,17358,17358,17358,16652,16070,77913
1,1601,1598,1791064858796225,1791064858797399,1174,0,18,17559,17559,17559,16827,16757,80420
1,1602,1599,1791064858846225,1791064858854053,7828,0,19,17595,17595,17595,16886,16622,80255
1,1603,1600,1791064858896225,1791064858909130,12905,0,0,17358,17358,17358,16555,16065,77998
1,1604,1601,1791064858946225,1791064858957704,11479,0,1,17639,17639,17639,16903,16645,80202
1,1605,1602,1791064858996225,1791064859007425,11200,0,2,17485,17485,17485,16755,16347,79336
1,1606,1603,1791064859046225,1791064859057742,11517,0,3,17570,17570,17570,16909,16463,79965
1,1607,1604,1791064859096225,1791064859103813,7588,0,4,17424,17424,17424,16776,16513,79712
1,1608,1605,1791064859146225,1791064859150426,4201,0,5,17441,17441,17441,16749,16585,79837
1,1609,1606,1791064859196225,1791064859197706,1481,0,6,17409,17409,17409,16741,16475,79525
1,1610,1607,1791064859246225,1791064859247485,1260,0,7,17543,17543,17543,16896,16672,80396
1,1611,1608,1791064859296225,1791064859297077,852,0,8,17605,17605,17605,16915,16821,80778
1,1612,1609,1791064859346225,1791064859347809,1584,0,9,17400,17400,17400,16696,16102,78386
1,1613,1610,1791064859396225,1791064859397405,1180,0,10,17435,17435,17435,16644,16196,78461
1,1614,1611,1791064859446225,1791064859447729,1504,0,11,17468,17468,17468,16758,16348,79309
1,1615,1612,1791064859496225,1791064859497802,1577,0,12,17638,17638,17638,16945,16615,80298
1,1616,1613,1791064859546225,1791064859548464,2239,0,13,17482,17482,17482,16686,16556,79415
1,1617,1614,1791064859596225,1791064859596866,641,0,14,17493,17493,17493,16617,16520,78857
1,1618,1615,1791064859646225,1791064859647686,1461,0,15,17480,17480,17480,16694,16644,79471
1,1619,1616,1791064859696225,1791064859697483,1258,0,16,17618,17618,17618,16715,16413,79191
1,1620,1617,1791064859746225,1791064859747562,1337,0,17,17358,17358,17358,16531,15928,77377
1,1621,1618,1791064859796225,1791064859798273,2048,0,18,17559,17559,17559,16735,16712,79677
1,1622,1619,1791064859846225,1791064859847601,1376,0,19,17595,17595,17595,16792,16488,79422
1,1623,1620,1791064859896225,1791064859897610,1385,0,0,17358,17358,17358,16468,15974,77353
1,1624,1621,1791064859946225,1791064859981337,35112,0,1,17639,17639,17639,16778,16617,79812
1,1625,1622,1791064859996225,1791064860031228,35003,0,2,17485,17485,17485,16660,16327,78981
1,1626,1623,1791064860046225,1791064860080861,34636,0,3,17570,17570,17570,16836,16298,79063
1,1627,1624,1791064860096225,1791064860136524,40299,0,4,17424,17424,17424,16659,16385,79158
1,1628,1625,1791064860146225,1791064860184793,38568,0,5,17441,17441,17441,16701,16633,79600
1,1629,1626,1791064860196225,1791064860233845,37620,0,6,17409,17409,17409,16627,16363,79022
1,1630,1627,1791064860246225,1791064860281970,35745,0,7,17543,17543,17543,16796,16644,79895
1,1631,1628,1791064860296225,1791064860330827,34602,0,8,17605,17605,17605,16883,16663,80408
1,1632,1629,1791064860346225,1791064860380697,34472,0,9,17400,17400,17400,16565,16044,77861
1,1633,1630,1791064860396225,1791064860429890,33665,0,10,17435,17435,17435,16602,16101,78085
1,1634,1631,1791064860446225,1791064860480475,34250,0,11,17468,17468,17468,16639,16116,78190
1,1635,1632,1791064860496225,1791064860530473,34248,0,12,17638,17638,17638,16771,16526,79441
1,1636,1633,1791064860546225,1791064860581259,35034,0,13,17482,17482,17482,16617,16374,78801
1,1637,1634,1791064860596225,1791064860632202,35977,0,14,17493,17493,17493,16499,16242,78004
1,1638,1635,1791064860646225,1791064860680910,34685,0,15,17480,17480,17480,16606,16331,78655
1,1639,1636,1791064860696225,1791064860731006,34781,0,16,17618,17618,17618,16529,16328,78198
1,1640,1637,1791064860746225,1791064860781009,34784,0,17,17358,17358,17358,16399,15762,76401
1,1641,1638,1791064860796225,1791064860831749,35524,0,18,17559,17559,17559,16655,16377,78717
1,1642,1639,1791064860846225,1791064860884908,38683,0,19,17595,17595,17595,16620,16201,78143
1,1643,1640,1791064860896225,1791064860937785,41560,0,0,17358,17358,17358,16320,15690,76017
1,1644,1641,1791064860946225,1791064860986562,40337,0,1,17639,17639,17639,16612,16480,78844
1,1645,1642,1791064860996225,1791064861033802,37577,0,2,17485,17485,17485,16548,16305,78512
1,1646,1643,1791064861046225,1791064861080581,34356,0,3,17570,17570,17570,16720,16074,77958
1,1647,1644,1791064861096225,1791064861130074,33849,0,4,17424,17424,17424,16577,16162,78244
1,1648,1645,1791064861146225,1791064861179435,33210,0,5,17441,17441,17441,16563,16437,78871
1,1649,1646,1791064861196225,1791064861228745,32520,0,6,17409,17409,17409,16609,16225,78373
1,1650,1647,1791064861246225,1791064861279024,32799,0,7,17543,17543,17543,16711,16523,79175
1,1651,1648,1791064861296225,1791064861333448,37223,0,8,17605,17605,17605,16767,16686,79753
1,1652,1649,1791064861346225,1791064861385164,38939,0,9,17400,17400,17400,16443,16093,77454
1,1653,1650,1791064861396225,1791064861434080,37855,0,10,17435,17435,17435,16475,15881,76950
1,1654,1651,1791064861446225,1791064861484478,38253,0,11,17468,17468,17468,16477,15833,76842
1,1655,1652,1791064861496225,1791064861531892,35667,0,12,17638,17638,17638,16661,16433,78832
1,1656,1653,1791064861546225,1791064861579136,32911,0,13,17482,17482,17482,16452,16160,77682
1,1657,1654,1791064861596225,1791064861628327,32102,0,14,17493,17493,17493,16333,15970,76815
1,1658,1655,1791064861646225,1791064861676976,30751,0,15,17480,17480,17480,16482,16157,77664
1,1659,1656,1791064861696225,1791064861726460,30235,0,16,17618,17618,17618,16346,16189,77347
1,1660,1657,1791064861746225,1791064861777435,31210,0,17,17358,17358,17358,16122,15445,74688
1,1661,1658,1791064861796225,1791064861825098,28873,0,18,17559,17559,17559,16492,16093,77367
1,1662,1659,1791064861846225,1791064861873116,26891,0,19,17595,17595,17595,16442,15874,76650
1,1663,1660,1791064861896225,1791064861922376,26151,0,0,17358,17358,17358,16117,15446,74596
1,1664,1661,1791064861946225,1791064861968373,22148,0,1,17639,17639,17639,16432,16273,77732
1,1665,1662,1791064861996225,1791064862015471,19246,0,2,17485,17485,17485,16419,16268,77824
1,1666,1663,1791064862046225,1791064862066011,19786,0,3,17570,17570,17570,16590,15877,76840
1,1667,1664,1791064862096225,1791064862116485,20260,0,4,17424,17424,17424,16415,15875,76820
1,1668,1665,1791064862146225,1791064862166794,20569,0,5,17441,17441,17441,16499,16343,78075
1,1669,1666,1791064862196225,1791064862217731,21506,0,6,17409,17409,17409,16440,15956,77070
1,1670,1667,1791064862246225,1791064862268685,22460,0,7,17543,17543,17543,16529,16431,78189
1,1671,1668,1791064862296225,1791064862322651,26426,0,8,17605,17605,17605,16607,16338,78520
1,1672,1669,1791064862346225,1791064862376320,30095,0,9,17400,17400,17400,16276,16084,76977
1,1673,1670,1791064862396225,1791064862428897,32672,0,10,17435,17435,17435,16281,15590,75423
1,1674,1671,1791064862446225,1791064862477686,31461,0,11,17468,17468,17468,16340,15601,75530
1,1675,1672,1791064862496225,1791064862529178,32953,0,12,17638,17638,17638,16513,16425,78018
1,1676,1673,1791064862546225,1791064862578605,32380,0,13,17482,17482,17482,16326,16043,76939
1,1677,1674,1791064862596225,1791064862629516,33291,0,14,17493,17493,17493,16188,15815,75865
1,1678,1675,1791064862646225,1791064862675979,29754,0,15,17480,17480,17480,16229,15650,75628
1,1679,1676,1791064862696225,1791064862722576,26351,0,16,17618,17618,17618,16141,16085,76391
1,1680,1677,1791064862746225,1791064862769128,22903,0,17,17358,17358,17358,16011,15299,73783
1,1681,1678,1791064862796225,1791064862814307,18082,0,18,17559,17559,17559,16290,15765,75935
1,1682,1679,1791064862846225,1791064862860265,14040,0,19,17595,17595,17595,16225,15601,75221
1,1683,1680,1791064862896225,1791064862911115,14890,0,0,17358,17358,17358,15982,15260,73706
1,1684,1681,1791064862946225,1791064862959824,13599,0,1,17639,17639,17639,16250,16149,76668
1,1685,1682,1791064862996225,1791064863009914,13689,0,2,17485,17485,17485,16213,15970,76446
1,1686,1683,1791064863046225,1791064863060637,14412,0,3,17570,17570,17570,16375,15591,75420
1,1687,1684,1791064863096225,1791064863108686,12461,0,4,17424,17424,17424,16284,15720,75814
1,1688,1685,1791064863146225,1791064863159029,12804,0,5,17441,17441,17441,16317,15871,76487
1,1689,1686,1791064863196225,1791064863205221,8996,0,6,17409,17409,17409,16293,15874,76300
1,1690,1687,1791064863246225,1791064863252643,6418,0,7,17543,17543,17543,16344,16077,76936
1,1691,1688,1791064863296225,1791064863300343,4118,0,8,17605,17605,17605,16484,16136,77439
1,1692,1689,1791064863346225,1791064863348365,2140,0,9,17400,17400,17400,16107,15928,76013
1,1693,1690,1791064863396225,1791064863399114,2889,0,10,17435,17435,17435,16160,15587,74948
1,1694,1691,1791064863446225,1791064863450129,3904,0,11,17468,17468,17468,16167,15451,74575
1,1695,1692,1791064863496225,1791064863496878,653,0,12,17638,17638,17638,16282,16250,76945
1,1696,1693,1791064863546225,1791064863546954,729,0,13,17482,17482,17482,16137,15757,75589
1,1697,1694,1791064863596225,1791064863597682,1457,0,14,17493,17493,17493,15976,15518,74475
1,1698,1695,1791064863646225,1791064863663938,17713,0,15,17480,17480,17480,16061,15416,74373
1,1699,1696,1791064863696225,1791064863720425,24200,0,16,17618,17618,17618,15983,15877,75417
1,1700,1697,1791064863746225,1791064863767988,21763,0,17,17358,17358,17358,15781,15046,72454
1,1701,1698,1791064863796225,1791064863814475,18250,0,18,17559,17559,17559,16141,15439,74237
1,1702,1699,1791064863846225,1791064863861175,14950,0,19,17595,17595,17595,16067,15471,74292
1,1703,1700,1791064863896225,1791064863906171,9946,0,0,17358,17358,17358,15807,15111,72750
1,1704,1701,1791064863946225,1791064863952255,6030,0,1,17639,17639,17639,16004,15887,75452
1,1705,1702,1791064863996225,1791064863999683,3458,0,2,17485,17485,17485,16016,15727,75395
1,1706,1703,1791064864046225,1791064864047621,1396,0,3,17570,17570,17570,16194,15384,74403
1,1707,1704,1791064864096225,1791064864097902,1677,0,4,17424,17424,17424,16099,15543,74922
1,1708,1705,1791064864146225,1791064864146949,724,0,5,17441,17441,17441,16081,15640,75408
1,1709,1706,1791064864196225,1791064864197348,1123,0,6,17409,17409,17409,16070,15564,74825
1,1710,1707,1791064864246225,1791064864247270,1045,0,7,17543,17543,17543,16234,15893,76100
1,1711,1708,1791064864296225,1791064864297213,988,0,8,17605,17605,17605,16234,15749,75792
1,1712,1709,1791064864346225,1791064864347751,1526,0,9,17400,17400,17400,15928,15711,75018
1,1713,1710,1791064864396225,1791064864397513,1288,0,10,17435,17435,17435,15944,15377,74016
1,1714,1711,1791064864446225,1791064864447437,1212,0,11,17468,17468,17468,16004,15246,73361
1,1715,1712,1791064864496225,1791064864497033,808,0,12,17638,17638,17638,16094,15987,75806
1,1716,1713,1791064864546225,1791064864546955,730,0,13,17482,17482,17482,15918,15524,74467
1,1717,1714,1791064864596225,1791064864597226,1001,0,14,17493,17493,17493,15774,15319,73466
1,1718,1715,1791064864646225,1791064864647348,1123,0,15,17480,17480,17480,15916,15356,73772
1,1719,1716,1791064864696225,1791064864697523,1298,0,16,17618,17618,17618,15803,15558,74129
1,1720,1717,1791064864746225,1791064864750726,4501,0,17,17358,17358,17358,15574,14863,71508
1,1721,1718,1791064864796225,1791064864797813,1588,0,18,17559,17559,17559,15916,15178,73100
1,1722,1719,1791064864846225,1791064864847343,1118,0,19,17595,17595,17595,15805,15225,73249
1,1723,1720,1791064864896225,1791064864897554,1329,0,0,17358,17358,17358,15565,14894,71697
1,1724,1721,1791064864946225,1791064864947864,1639,0,1,17639,17639,17639,15825,15652,74338
1,1725,1722,1791064864996225,1791064864997422,1197,0,2,17485,17485,17485,15842,15608,74428
1,1726,1723,1791064865046225,1791064865048219,1994,0,3,17570,17570,17570,16016,15276,73858
1,1727,1724,1791064865096225,1791064865096986,761,0,4,17424,17424,17424,15927,15347,73908
1,1728,1725,1791064865146225,1791064865147603,1378,0,5,17441,17441,17441,15970,15444,74331
1,1729,1726,1791064865196225,1791064865197433,1208,0,6,17409,17409,17409,15868,15310,73656
1,1730,1727,1791064865246225,1791064865247336,1111,0,7,17543,17543,17543,15969,15567,74584
1,1731,1728,1791064865296225,1791064865297015,790,0,8,17605,17605,17605,16087,15543,74656
1,1732,1729,1791064865346225,1791064865347780,1555,0,9,17400,17400,17400,15733,15517,73915
1,1733,1730,1791064865396225,1791064865397212,987,0,10,17435,17435,17435,15757,15242,73119
1,1734,1731,1791064865446225,1791064865447834,1609,0,11,17468,17468,17468,15708,15068,72535
1,1735,1732,1791064865496225,1791064865499434,3209,0,12,17638,17638,17638,15878,15851,74822
1,1736,1733,1791064865546225,1791064865549556,3331,0,13,17482,17482,17482,15739,15338,73365
1,1737,1734,1791064865596225,1791064865597290,1065,0,14,17493,17493,17493,15522,15004,71864
1,1738,1735,1791064865646225,1791064865647813,1588,0,15,17480,17480,17480,15721,15104,72678
1,1739,1736,1791064865696225,1791064865697337,1112,0,16,17618,17618,17618,15606,15452,73358
1,1740,1737,1791064865746225,1791064865747792,1567,0,17,17358,17358,17358,15406,14695,70557
1,1741,1738,1791064865796225,1791064865797022,797,0,18,17559,17559,17559,15701,14959,71914
1,1742,1739,1791064865846225,1791064865847113,888,0,19,17595,17595,17595,15604,15012,72058
1,1743,1740,1791064865896225,1791064865897019,794,0,0,17358,17358,17358,15339,14621,70344
1,1744,1741,1791064865946225,1791064865947734,1509,0,1,17639,17639,17639,15645,15469,73307
1,1745,1742,1791064865996225,1791064865997691,1466,0,2,17485,17485,17485,15579,15516,73277
1,1746,1743,1791064866046225,1791064866048614,2389,0,3,17570,17570,17570,15857,15161,72949
1,1747,1744,1791064866096225,1791064866097050,825,0,4,17424,17424,17424,15753,15224,73317
1,1748,1745,1791064866146225,1791064866146913,688,0,5,17441,17441,17441,15804,15402,73685
1,1749,1746,1791064866196225,1791064866197269,1044,0,6,17409,17409,17409,15688,15110,72673
1,1750,1747,1791064866246225,1791064866247820,1595,0,7,17543,17543,17543,15789,15429,73804
1,1751,1748,1791064866296225,1791064866297325,1100,0,8,17605,17605,17605,15862,15282,73603
1,1752,1749,1791064866346225,1791064866349042,2817,0,9,17400,17400,17400,15528,15245,72766
1,1753,1750,1791064866396225,1791064866398857,2632,0,10,17435,17435,17435,15531,15040,72272
1,1754,1751,1791064866446225,1791064866447603,1378,0,11,17468,17468,17468,15517,14830,71285
1,1755,1752,1791064866496225,1791064866497749,1524,0,12,17638,17638,16972,16267,7859,73387
1,1756,1753,1791064866546225,1791064866547621,1396,0,13,17482,17482,6829,16843,2574,25250
1,1757,1754,1791064866596225,1791064866597281,1056,0,14,17493,17493,6957,16759,2640,25880
1,1758,1755,1791064866646225,1791064866647188,963,0,15,17480,17480,6822,16845,2575,25230
1,1759,1756,1791064866696225,1791064866696866,641,0,16,17618,17618,6774,16855,2569,25190
1,1760,1757,1791064866746225,1791064866747828,1603,0,17,17358,17358,6965,16623,2823,27630
1,1761,1758,1791064866796225,1791064866797197,972,0,18,17559,17559,7075,16898,2853,28020
1,1762,1759,1791064866846225,1791064866847153,928,0,19,17595,17595,7064,16841,2786,27300
1,1763,1760,1791064866896225,1791064866897766,1541,0,0,17358,17358,6916,16556,2667,26127
1,1764,1761,1791064866946225,1791064866947579,1354,0,1,17639,17639,7081,16874,2821,27670
1,1765,1762,1791064866996225,1791064866997379,1154,0,2,17485,17485,7086,16776,2907,28550
1,1766,1763,1791064867046225,1791064867047246,1021,0,3,17570,17570,7124,16957,2902,28494
1,1767,1764,1791064867096225,1791064867097451,1226,0,4,17424,17424,7119,16819,2928,28720
1,1768,1765,1791064867146225,1791064867150072,3847,0,5,17441,17441,7210,16880,2974,29190
1,1769,1766,1791064867196225,1791064867197864,1639,0,6,17409,17409,7118,16760,2932,28820
1,1770,1767,1791064867246225,1791064867247009,784,0,7,17543,17543,7201,16886,2880,28210
1,1771,1768,1791064867296225,1791064867297174,949,0,8,17605,17605,7123,16992,2857,28070
1,1772,1769,1791064867346225,1791064867346858,633,0,9,17400,17400,6966,16715,2751,26990
1,1773,1770,1791064867396225,1791064867397040,815,0,10,17435,17435,6920,16729,2723,26603
1,1774,1771,1791064867446225,1791064867447812,1587,0,11,17468,17468,6965,16717,2725,26760
1,1775,1772,1791064867496225,1791064867496893,668,0,12,17638,17638,6974,16924,2678,26270
1,1776,1773,1791064867546225,1791064867547811,1586,0,13,17482,17482,6829,16804,2572,25250
1,1777,1774,1791064867596225,1791064867597327,1102,0,14,17493,17493,6957,16723,2639,25880
1,1778,1775,1791064867646225,1791064867647425,1200,0,15,17480,17480,6822,16806,2568,25229
1,1779,1776,1791064867696225,1791064867697002,777,0,16,17618,17618,6774,16818,2566,25190
1,1780,1777,1791064867746225,1791064867747049,824,0,17,17358,17358,6965,16584,2814,27630
1,1781,1778,1791064867796225,1791064867797822,1597,0,18,17559,17559,7075,16858,2864,28020
1,1782,1779,1791064867846225,1791064867847613,1388,0,19,17595,17595,7064,16802,2787,27300
1,1783,1780,1791064867896225,1791064867897120,895,0,0,17358,17358,6916,16518,2659,26120
1,1784,1781,1791064867946225,1791064867947857,1632,0,1,17639,17639,7081,16835,2819,27679
1,1785,1782,1791064867996225,1791064867997782,1557,0,2,17485,17485,7086,16734,2906,28550
1,1786,1783,1791064868046225,1791064868047722,1497,0,3,17570,17570,7124,16914,2909,28500
1,1787,1784,1791064868096225,1791064868097242,1017,0,4,17424,17424,7119,16777,2925,28720
1,1788,1785,1791064868146225,1791064868147850,1625,0,5,17441,17441,7210,16839,2976,29190
1,1789,1786,1791064868196225,1791064868197237,1012,0,6,17409,17409,7118,16721,2945,28820
1,1790,1787,1791064868246225,1791064868247874,1649,0,7,17543,17543,7201,16846,2882,28210
1,1791,1788,1791064868296225,1791064868296910,685,0,8,17605,17605,7123,16951,2861,28070
1,1792,1789,1791064868346225,1791064868347649,1424,0,9,17400,17400,6966,16678,2752,26991
1,1793,1790,1791064868396225,1791064868397255,1030,0,10,17435,17435,6920,16691,2711,26602
1,1794,1791,1791064868446225,1791064868447317,1092,0,11,17468,17468,6965,16678,2729,26760
1,1795,1792,1791064868496225,1791064868497045,820,0,12,17638,17638,7048,16960,2745,27020
1,1796,1793,1791064868546225,1791064868547854,1629,0,13,17482,17482,6865,16787,2591,25410
1,1797,1794,1791064868596225,1791064868597557,1332,0,14,17493,17493,6993,16706,2652,26070
1,1798,1795,1791064868646225,1791064868647203,978,0,15,17480,17480,6859,16786,2587,25400
1,1799,1796,1791064868696225,1791064868697582,1357,0,16,17618,17618,6811,16805,2587,25400
1,1800,1797,1791064868746225,1791064868747406,1181,0,17,17358,17358,7004,16564,2833,27831
1,1801,1798,1791064868796225,1791064868797896,1671,0,18,17559,17559,7114,16833,2873,28190
1,1802,1799,1791064868846225,1791064868847662,1437,0,19,17595,17595,7103,16790,2806,27540
1,1803,1800,1791064868896225,1791064868897746,1521,0,0,17358,17358,6953,16504,2684,26349
1,1804,1801,1791064868946225,1791064868947699,1474,0,1,17639,17639,7118,16819,2840,27900
1,1805,1802,1791064868996225,1791064868997647,1422,0,2,17485,17485,7128,16722,2942,28820
1,1806,1803,1791064869046225,1791064869047416,1191,0,3,17570,17570,7165,16895,2927,28730
1,1807,1804,1791064869096225,1791064869100110,3885,0,4,17424,17424,7160,16764,2955,28980
1,1808,1805,1791064869146225,1791064869148221,1996,0,5,17441,17441,7252,16812,2986,29351
1,1809,1806,1791064869196225,1791064869197385,1160,0,6,17409,17409,7157,16700,2951,29020
1,1810,1807,1791064869246225,1791064869247051,826,0,7,17543,17543,7241,16827,2903,28470
1,1811,1808,1791064869296225,1791064869296948,723,0,8,17605,17605,7164,16933,2880,28310
1,1812,1809,1791064869346225,1791064869346933,708,0,9,17400,17400,7003,16660,2767,27200
1,1813,1810,1791064869396225,1791064869397875,1650,0,10,17435,17435,6957,16674,2727,26818
1,1814,1811,1791064869446225,1791064869446946,721,0,11,17468,17468,7004,16663,2752,26980
1,1815,1812,1791064869496225,1791064869497712,1487,0,12,17638,17638,7086,16947,2787,27270
1,1816,1813,1791064869546225,1791064869546895,670,0,13,17482,17482,6899,16771,2618,25621
1,1817,1814,1791064869596225,1791064869597355,1130,0,14,17493,17493,7029,16694,2682,26310
1,1818,1815,1791064869646225,1791064869647656,1431,0,15,17480,17480,6895,16776,2613,25640
1,1819,1816,1791064869696225,1791064869696953,728,0,16,17618,17618,6845,16793,2608,25630
1,1820,1817,1791064869746225,1791064869747247,1022,0,17,17358,17358,7043,16548,2856,28040
1,1821,1818,1791064869796225,1791064869796986,761,0,18,17559,17559,7155,16815,2894,28410
1,1822,1819,1791064869846225,1791064869846984,759,0,19,17595,17595,7139,16772,2841,27730
1,1823,1820,1791064869896225,1791064869896983,758,0,0,17358,17358,6989,16486,2709,26540
1,1824,1821,1791064869946225,1791064869947838,1613,0,1,17639,17639,7156,16806,2864,28152
1,1825,1822,1791064869996225,1791064869997484,1259,0,2,17485,17485,7167,16697,2964,28990
1,1826,1823,1791064870046225,1791064870047514,1289,0,3,17570,17570,7207,16874,2946,28920
1,1827,1824,1791064870096225,1791064870098284,2059,0,4,17424,17424,7200,16745,2976,29210
1,1828,1825,1791064870146225,1791064870147522,1297,0,5,17441,17441,7295,16794,3017,29570
1,1829,1826,1791064870196225,1791064870197890,1665,0,6,17409,17409,7197,16681,2983,29230
1,1830,1827,1791064870246225,1791064870247175,950,0,7,17543,17543,7285,16804,2918,28650
1,1831,1828,1791064870296225,1791064870297770,1545,0,8,17605,17605,7205,16914,2916,28510
1,1832,1829,1791064870346225,1791064870347680,1455,0,9,17400,17400,7042,16644,2799,27420
1,1833,1830,1791064870396225,1791064870397999,1774,0,10,17435,17435,6994,16661,2751,27050
1,1834,1831,1791064870446225,1791064870447306,1081,0,11,17468,17468,7041,16641,2762,27150
1,1835,1832,1791064870496225,1791064870497813,1588,0,12,17638,17638,7124,16928,2797,27480
1,1836,1833,1791064870546225,1791064870546911,686,0,13,17482,17482,6936,16756,2635,25840
1,1837,1834,1791064870596225,1791064870597306,1081,0,14,17493,17493,7065,16676,2704,26520
1,1838,1835,1791064870646225,1791064870647699,1474,0,15,17480,17480,6929,16756,2633,25815
1,1839,1836,1791064870696225,1791064870697023,798,0,16,17618,17618,6880,16784,2634,25870
1,1840,1837,1791064870746225,1791064870747693,1468,0,17,17358,17358,7079,16539,2888,28320
1,1841,1838,1791064870796225,1791064870797513,1288,0,18,17559,17559,7195,16799,2915,28650
1,1842,1839,1791064870846225,1791064870847669,1444,0,19,17595,17595,7176,16750,2849,27930
1,1843,1840,1791064870896225,1791064870897197,972,0,0,17358,17358,7025,16470,2727,26750
1,1844,1841,1791064870946225,1791064870947584,1359,0,1,17639,17639,7195,16791,2885,28410
1,1845,1842,1791064870996225,1791064870997698,1473,0,2,17485,17485,7209,16674,2979,29220
1,1846,1843,1791064871046225,1791064871047136,911,0,3,17570,17570,7247,16857,2975,29160
1,1847,1844,1791064871096225,1791064871097003,778,0,4,17424,17424,7241,16727,3002,29440
1,1848,1845,1791064871146225,1791064871146897,672,0,5,17441,17441,7335,16775,3038,29791
1,1849,1846,1791064871196225,1791064871197057,832,0,6,17409,17409,7237,16661,3004,29440
1,1850,1847,1791064871246225,1791064871247668,1443,0,7,17543,17543,7325,16788,2940,28880
1,1851,1848,1791064871296225,1791064871297569,1344,0,8,17605,17605,7244,16895,2929,28730
1,1852,1849,1791064871346225,1791064871347695,1470,0,9,17400,17400,7079,16627,2809,27650
1,1853,1850,1791064871396225,1791064871398129,1904,0,10,17435,17435,7031,16648,2788,27302
1,1854,1851,1791064871446225,1791064871447518,1293,0,11,17468,17468,7079,16632,2796,27430
1,1855,1852,1791064871496225,1791064871497855,1630,0,12,17638,17638,7164,16917,2833,27730
1,1856,1853,1791064871546225,1791064871547543,1318,0,13,17482,17482,6973,16734,2654,26001
1,1857,1854,1791064871596225,1791064871630359,34134,0,14,17493,17493,7104,16660,2729,26760
1,1858,1855,1791064871646225,1791064871679745,33520,0,15,17480,17480,6967,16740,2654,26027
1,1859,1856,1791064871696225,1791064871728069,31844,0,16,17618,17618,6913,16772,2660,26120
1,1860,1857,1791064871746225,1791064871775497,29272,0,17,17358,17358,7114,16527,2916,28600
1,1861,1858,1791064871796225,1791064871825838,29613,0,18,17559,17559,7235,16784,2935,28870
1,1862,1859,1791064871846225,1791064871871978,25753,0,19,17595,17595,7216,16735,2884,28180
1,1863,1860,1791064871896225,1791064871918149,21924,0,0,17358,17358,7062,16453,2745,26960
1,1864,1861,1791064871946225,1791064871964446,18221,0,1,17639,17639,7236,16779,2927,28661
1,1865,1862,1791064871996225,1791064872012155,15930,0,2,17485,17485,7253,16653,2999,29430
1,1866,1863,1791064872046225,1791064872059291,13066,0,3,17570,17570,7288,16842,2994,29410
1,1867,1864,1791064872096225,1791064872104886,8661,0,4,17424,17424,7282,16705,3020,29670
1,1868,1865,1791064872146225,1791064872151013,4788,0,5,17441,17441,7376,16754,3056,29990
1,1869,1866,1791064872196225,1791064872197883,1658,0,6,17409,17409,7277,16641,3032,29680
1,1870,1867,1791064872246225,1791064872247498,1273,0,7,17543,17543,7364,16767,2971,29100
1,1871,1868,1791064872296225,1791064872297305,1080,0,8,17605,17605,7285,16874,2948,28920
1,1872,1869,1791064872346225,1791064872346899,674,0,9,17400,17400,7119,16611,2845,27861
1,1873,1870,1791064872396225,1791064872397730,1505,0,10,17435,17435,7070,16635,2817,27552
1,1874,1871,1791064872446225,1791064872449974,3749,0,11,17468,17468,7116,16613,2815,27620
1,1875,1872,1791064872496225,1791064872499805,3580,0,12,17638,17638,7200,16901,2846,27950
1,1876,1873,1791064872546225,1791064872549079,2854,0,13,17482,17482,7010,16714,2674,26170
1,1877,1874,1791064872596225,1791064872600017,3792,0,14,17493,17493,7144,16640,2756,26950
1,1878,1875,1791064872646225,1791064872649048,2823,0,15,17480,17480,7005,16721,2682,26222
1,1879,1876,1791064872696225,1791064872698960,2735,0,16,17618,17618,6950,16761,2693,26360
1,1880,1877,1791064872746225,1791064872747618,1393,0,17,17358,17358,7154,16509,2936,28811
1,1881,1878,1791064872796225,1791064872797672,1447,0,18,17559,17559,7272,16773,2971,29150
1,1882,1879,1791064872846225,1791064872847802,1577,0,19,17595,17595,7256,16717,2891,28410
1,1883,1880,1791064872896225,1791064872897796,1571,0,0,17358,17358,7101,16439,2766,27186
1,1884,1881,1791064872946225,1791064872946961,736,0,1,17639,17639,7273,16758,2939,28863
1,1885,1882,1791064872996225,1791064872997560,1335,0,2,17485,17485,7295,16637,3019,29670
1,1886,1883,1791064873046225,1791064873047392,1167,0,3,17570,17570,7328,16822,3026,29603
1,1887,1884,1791064873096225,1791064873097327,1102,0,4,17424,17424,7327,16681,3042,29850
1,1888,1885,1791064873146225,1791064873147708,1483,0,5,17441,17441,7417,16734,3074,30230
1,1889,1886,1791064873196225,1791064873200713,4488,0,6,17409,17409,7319,16621,3051,29910
1,1890,1887,1791064873246225,1791064873247340,1115,0,7,17543,17543,7407,16750,3002,29360
1,1891,1888,1791064873296225,1791064873298611,2386,0,8,17605,17605,7324,16855,2973,29150
1,1892,1889,1791064873346225,1791064873347841,1616,0,9,17400,17400,7155,16592,2858,28090
1,1893,1890,1791064873396225,1791064873397480,1255,0,10,17435,17435,7107,16614,2827,27758
1,1894,1891,1791064873446225,1791064873447585,1360,0,11,17468,17468,7154,16595,2833,27840
1,1895,1892,1791064873496225,1791064873497373,1148,0,12,17638,17638,7238,16883,2871,28140
1,1896,1893,1791064873546225,1791064873547725,1500,0,13,17482,17482,7046,16700,2689,26390
1,1897,1894,1791064873596225,1791064873596860,635,0,14,17493,17493,7182,16622,2769,27150
1,1898,1895,1791064873646225,1791064873647105,880,0,15,17480,17480,7043,16714,2711,26513
1,1899,1896,1791064873696225,1791064873699284,3059,0,16,17618,17618,6985,16741,2706,26570
1,1900,1897,1791064873746225,1791064873748089,1864,0,17,17358,17358,7194,16489,2953,29030
1,1901,1898,1791064873796225,1791064873797232,1007,0,18,17559,17559,7309,16753,2989,29400
1,1902,1899,1791064873846225,1791064873847836,1611,0,19,17595,17595,7297,16705,2918,28660
1,1903,1900,1791064873896225,1791064873897314,1089,0,0,17358,17358,7137,16424,2794,27420
1,1904,1901,1791064873946225,1791064873947777,1552,0,1,17639,17639,7313,16746,2968,29117
1,1905,1902,1791064873996225,1791064873997083,858,0,2,17485,17485,7335,16615,3049,29870
1,1906,1903,1791064874046225,1791064874047456,1231,0,3,17570,17570,7368,16801,3046,29810
1,1907,1904,1791064874096225,1791064874097707,1482,0,4,17424,17424,7368,16664,3073,30120
1,1908,1905,1791064874146225,1791064874147790,1565,0,5,17441,17441,7460,16714,3104,30430
1,1909,1906,1791064874196225,1791064874197552,1327,0,6,17409,17409,7361,16610,3077,30200
1,1910,1907,1791064874246225,1791064874247392,1167,0,7,17543,17543,7449,16734,3017,29610
1,1911,1908,1791064874296225,1791064874297591,1366,0,8,17605,17605,7366,16837,3004,29400
1,1912,1909,1791064874346225,1791064874346980,755,0,9,17400,17400,7197,16571,2882,28291
1,1913,1910,1791064874396225,1791064874397389,1164,0,10,17435,17435,7147,16603,2863,28017
1,1914,1911,1791064874446225,1791064874446840,615,0,11,17468,17468,7193,16582,2862,28090
1,1915,1912,1791064874496225,1791064874497568,1343,0,12,17638,17638,7275,16866,2899,28390
1,1916,1913,1791064874546225,1791064874548888,2663,0,13,17482,17482,7082,16686,2713,26600
1,1917,1914,1791064874596225,1791064874596831,606,0,14,17493,17493,7220,16609,2793,27410
1,1918,1915,1791064874646225,1791064874647177,952,0,15,17480,17480,7078,16693,2721,26715
1,1919,1916,1791064874696225,1791064874697176,951,0,16,17618,17618,7026,16721,2734,26760
1,1920,1917,1791064874746225,1791064874746892,667,0,17,17358,17358,7236,16469,2980,29221
1,1921,1918,1791064874796225,1791064874797072,847,0,18,17559,17559,7353,16742,3025,29670
1,1922,1919,1791064874846225,1791064874846883,658,0,19,17595,17595,7334,16691,2947,28920
1,1923,1920,1791064874896225,1791064874899185,2960,0,0,17358,17358,7176,16408,2820,27666
1,1924,1921,1791064874946225,1791064874947689,1464,0,1,17639,17639,7350,16733,3002,29392
1,1925,1922,1791064874996225,1791064874997879,1654,0,2,17485,17485,7376,16599,3072,30150
1,1926,1923,1791064875046225,1791064875046974,749,0,3,17570,17570,7408,16786,3066,30084
1,1927,1924,1791064875096225,1791064875096909,684,0,4,17424,17424,7412,16647,3091,30380
1,1928,1925,1791064875146225,1791064875146945,720,0,5,17441,17441,7500,16696,3130,30651
1,1929,1926,1791064875196225,1791064875198753,2528,0,6,17409,17409,7401,16594,3111,30460
1,1930,1927,1791064875246225,1791064875247376,1151,0,7,17543,17543,7490,16711,3040,29820
1,1931,1928,1791064875296225,1791064875298721,2496,0,8,17605,17605,7409,16822,3027,29680
1,1932,1929,1791064875346225,1791064875363016,16791,0,9,17400,17400,7238,16551,2905,28500
1,1933,1930,1791064875396225,1791064875424432,28207,0,10,17435,17435,7185,16584,2878,28214
1,1934,1931,1791064875446225,1791064875472571,26346,0,11,17468,17468,7230,16570,2893,28350
1,1935,1932,1791064875496225,1791064875519444,23219,0,12,17638,17638,7315,16845,2922,28620
1,1936,1933,1791064875546225,1791064875567877,21652,0,13,17482,17482,7117,16669,2732,26820
1,1937,1934,1791064875596225,1791064875611130,14905,0,14,17493,17493,7258,16589,2819,27600
1,1938,1935,1791064875646225,1791064875654309,8084,0,15,17480,17480,7118,16679,2757,26980
1,1939,1936,1791064875696225,1791064875700200,3975,0,16,17618,17618,7064,16702,2745,26980
1,1940,1937,1791064875746225,1791064875747222,997,0,17,17358,17358,7274,16451,3011,29450
1,1941,1938,1791064875796225,1791064875797138,913,0,18,17559,17559,7391,16721,3047,29920
1,1942,1939,1791064875846225,1791064875847275,1050,0,19,17595,17595,7374,16667,2965,29110
1,1943,1940,1791064875896225,1791064875896965,740,0,0,17358,17358,7215,16394,2851,27919
1,1944,1941,1791064875946225,1791064875947717,1492,0,1,17639,17639,7390,16715,3025,29640
1,1945,1942,1791064875996225,1791064875997358,1133,0,2,17485,17485,7418,16579,3100,30390
1,1946,1943,1791064876046225,1791064876047147,922,0,3,17570,17570,7451,16771,3097,30350
1,1947,1944,1791064876096225,1791064876097083,858,0,4,17424,17424,7453,16625,3115,30560
1,1948,1945,1791064876146225,1791064876147073,848,0,5,17441,17441,7540,16679,3154,30920
1,1949,1946,1791064876196225,1791064876197841,1616,0,6,17409,17409,7442,16575,3128,30710
1,1950,1947,1791064876246225,1791064876247729,1504,0,7,17543,17543,7533,16692,3066,30050
1,1951,1948,1791064876296225,1791064876297840,1615,0,8,17605,17605,7452,16799,3042,29870
1,1952,1949,1791064876346225,1791064876346856,631,0,9,17400,17400,7279,16534,2924,28740
1,1953,1950,1791064876396225,1791064876397354,1129,0,10,17435,17435,7224,16570,2907,28499
1,1954,1951,1791064876446225,1791064876447346,1121,0,11,17468,17468,7268,16556,2927,28630
1,1955,1952,1791064876496225,1791064876497576,1351,0,12,17638,17638,7358,16825,2939,28830
1,1956,1953,1791064876546225,1791064876546991,766,0,13,17482,17482,7156,16654,2755,27040
1,1957,1954,1791064876596225,1791064876597532,1307,0,14,17493,17493,7297,16573,2834,27840
1,1958,1955,1791064876646225,1791064876647131,906,0,15,17480,17480,7157,16660,2776,27190
1,1959,1956,1791064876696225,1791064876697101,876,0,16,17618,17618,7105,16685,2773,27200
1,1960,1957,1791064876746225,1791064876746897,672,0,17,17358,17358,7315,16438,3026,29741
1,1961,1958,1791064876796225,1791064876797082,857,0,18,17559,17559,7437,16699,3068,30130
1,1962,1959,1791064876846225,1791064876847979,1754,0,19,17595,17595,7417,16645,2987,29310
1,1963,1960,1791064876896225,1791064876897353,1128,0,0,17358,17358,7254,16377,2869,28139
1,1964,1961,1791064876946225,1791064876947682,1457,0,1,17639,17639,7432,16703,3059,29937
1,1965,1962,1791064876996225,1791064876997857,1632,0,2,17485,17485,7462,16561,3130,30650
1,1966,1963,1791064877046225,1791064877047001,776,0,3,17570,17570,7492,16751,3129,30594
1,1967,1964,1791064877096225,1791064877097402,1177,0,4,17424,17424,7494,16606,3138,30820
1,1968,1965,1791064877146225,1791064877146826,601,0,5,17441,17441,7584,16662,3188,31191
1,1969,1966,1791064877196225,1791064877197318,1093,0,6,17409,17409,7486,16556,3157,30950
1,1970,1967,1791064877246225,1791064877249468,3243,0,7,17543,17543,7575,16672,3091,30280
1,1971,1968,1791064877296225,1791064877297270,1045,0,8,17605,17605,7493,16781,3080,30130
1,1972,1969,1791064877346225,1791064877346898,673,0,9,17400,17400,7318,16515,2952,28920
1,1973,1970,1791064877396225,1791064877397162,937,0,10,17435,17435,7266,16553,2936,28730
1,1974,1971,1791064877446225,1791064877447008,783,0,11,17468,17468,7309,16537,2943,28850
1,1975,1972,1791064877496225,1791064877497235,1010,0,12,17638,17638,7398,16809,2959,29040
1,1976,1973,1791064877546225,1791064877546989,764,0,13,17482,17482,7193,16634,2771,27241
1,1977,1974,1791064877596225,1791064877597823,1598,0,14,17493,17493,7337,16552,2856,28010
1,1978,1975,1791064877646225,1791064877647732,1507,0,15,17480,17480,7197,16644,2794,27420
1,1979,1976,1791064877696225,1791064877696960,735,0,16,17618,17618,7144,16667,2799,27410
1,1980,1977,1791064877746225,1791064877747047,822,0,17,17358,17358,7357,16413,3049,29920
1,1981,1978,1791064877796225,1791064877797912,1687,0,18,17559,17559,7480,16682,3093,30370
1,1982,1979,1791064877846225,1791064877848295,2070,0,19,17595,17595,7458,16628,3009,29560
1,1983,1980,1791064877896225,1791064877896875,650,0,0,17358,17358,7293,16360,2898,28370
1,1984,1981,1791064877946225,1791064877947839,1614,0,1,17639,17639,7474,16684,3080,30170
1,1985,1982,1791064877996225,1791064877997400,1175,0,2,17485,17485,7504,16546,3156,30950
1,1986,1983,1791064878046225,1791064878047495,1270,0,3,17570,17570,7536,16736,3142,30890
1,1987,1984,1791064878096225,1791064878097347,1122,0,4,17424,17424,7537,16589,3165,31090
1,1988,1985,1791064878146225,1791064878147589,1364,0,5,17441,17441,7628,16640,3199,31420
1,1989,1986,1791064878196225,1791064878197172,947,0,6,17409,17409,7529,16535,3174,31180
1,1990,1987,1791064878246225,1791064878247640,1415,0,7,17543,17543,7617,16647,3112,30480
1,1991,1988,1791064878296225,1791064878297595,1370,0,8,17605,17605,7537,16759,3094,30350
1,1992,1989,1791064878346225,1791064878346855,630,0,9,17400,17400,7356,16496,2977,29151
1,1993,1990,1791064878396225,1791064878397022,797,0,10,17435,17435,7305,16535,2945,28990
1,1994,1991,1791064878446225,1791064878447024,799,0,11,17468,17468,7350,16519,2968,29080
1,1995,1992,1791064878496225,1791064878497468,1243,0,12,17638,17638,7435,16792,2980,29280
1,1996,1993,1791064878546225,1791064878547175,950,0,13,17482,17482,7233,16616,2795,27430
1,1997,1994,1791064878596225,1791064878597436,1211,0,14,17493,17493,7375,16533,2877,28200
1,1998,1995,1791064878646225,1791064878647899,1674,0,15,17480,17480,7236,16620,2806,27590
1,1999,1996,1791064878696225,1791064878697122,897,0,16,17618,17618,7183,16653,2829,27670
1,2000,1997,1791064878746225,1791064878747738,1513,0,17,17358,17358,7399,16395,3080,30170
1,2001,1998,1791064878796225,1791064878799605,3380,0,18,17559,17559,7521,16663,3123,30610
1,2002,1999,1791064878846225,1791064878847168,943,0,19,17595,17595,7500,16608,3037,29750
1,2003,2000,1791064878896225,1791064878897534,1309,0,0,17358,17358,7333,16336,2912,28560
1,2004,2001,1791064878946225,1791064878946813,588,0,1,17639,17639,7516,16673,3099,30450
1,2005,2002,1791064878996225,1791064878996984,759,0,2,17485,17485,7548,16533,3181,31250
1,2006,2003,1791064879046225,1791064879047123,898,0,3,17570,17570,7580,16717,3171,31120
1,2007,2004,1791064879096225,1791064879096964,739,0,4,17424,17424,7581,16572,3193,31340
1,2008,2005,1791064879146225,1791064879147835,1610,0,5,17441,17441,7673,16619,3227,31641
1,2009,2006,1791064879196225,1791064879197371,1146,0,6,17409,17409,7573,16518,3193,31440
1,2010,2007,1791064879246225,1791064879249560,3335,0,7,17543,17543,7661,16625,3131,30700
1,2011,2008,1791064879296225,1791064879296853,628,0,8,17605,17605,7580,16731,3111,30540
1,2012,2009,1791064879346225,1791064879346994,769,0,9,17400,17400,7398,16481,3000,29420
1,2013,2010,1791064879396225,1791064879397216,991,0,10,17435,17435,7349,16519,2991,29243
1,2014,2011,1791064879446225,1791064879447800,1575,0,11,17468,17468,7391,16497,2977,29270
1,2015,2012,1791064879496225,1791064879497728,1503,0,12,17638,17638,7476,16782,3015,29580
1,2016,2013,1791064879546225,1791064879547701,1476,0,13,17482,17482,7270,16597,2820,27620
1,2017,2014,1791064879596225,1791064879597729,1504,0,14,17493,17493,7413,16513,2894,28420
1,2018,2015,1791064879646225,1791064879647297,1072,0,15,17480,17480,7277,16602,2832,27810
1,2019,2016,1791064879696225,1791064879697054,829,0,16,17618,17618,7223,16631,2844,27880
1,2020,2017,1791064879746225,1791064879746814,589,0,17,17358,17358,7439,16383,3098,30450
1,2021,2018,1791064879796225,1791064879797135,910,0,18,17559,17559,7564,16648,3150,30870
1,2022,2019,1791064879846225,1791064879847499,1274,0,19,17595,17595,7539,16583,3054,29960
1,2023,2020,1791064879896225,1791064879897706,1481,0,0,17358,17358,7375,16320,2941,28789
1,2024,2021,1791064879946225,1791064879946903,678,0,1,17639,17639,7554,16656,3132,30721
1,2025,2022,1791064879996225,1791064879997657,1432,0,2,17485,17485,7590,16512,3211,31480
1,2026,2023,1791064880046225,1791064880047572,1347,0,3,17570,17570,7622,16695,3199,31340
1,2027,2024,1791064880096225,1791064880098287,2062,0,4,17424,17424,7623,16555,3226,31600
1,2028,2025,1791064880146225,1791064880147300,1075,0,5,17441,17441,7716,16595,3258,31880
1,2029,2026,1791064880196225,1791064880197656,1431,0,6,17409,17409,7616,16494,3218,31640
1,2030,2027,1791064880246225,1791064880247570,1345,0,7,17543,17543,7704,16603,3148,30920
1,2031,2028,1791064880296225,1791064880297437,1212,0,8,17605,17605,7625,16704,3132,30690
1,2032,2029,1791064880346225,1791064880346864,639,0,9,17400,17400,7439,16464,3026,29661
1,2033,2030,1791064880396225,1791064880398373,2148,0,10,17435,17435,7389,16504,3013,29523
1,2034,2031,1791064880446225,1791064880446983,758,0,11,17468,17468,7432,16483,3014,29520
1,2035,2032,1791064880496225,1791064880497398,1173,0,12,17638,17638,7516,16769,3046,29855
1,2036,2033,1791064880546225,1791064880547628,1403,0,13,17482,17482,7306,16581,2848,27870
1,2037,2034,1791064880596225,1791064880597453,1228,0,14,17493,17493,7454,16497,2914,28640
1,2038,2035,1791064880646225,1791064880647567,1342,0,15,17480,17480,7316,16589,2873,28058
1,2039,2036,1791064880696225,1791064880697045,820,0,16,17618,17618,7265,16617,2876,28130
1,2040,2037,1791064880746225,1791064880747887,1662,0,17,17358,17358,7479,16362,3128,30680
1,2041,2038,1791064880796225,1791064880797758,1533,0,18,17559,17559,7605,16628,3163,31100
1,2042,2039,1791064880846225,1791064880847530,1305,0,19,17595,17595,7585,16562,3083,30210
1,2043,2040,1791064880896225,1791064880897731,1506,0,0,17358,17358,7412,16300,2952,29016
1,2044,2041,1791064880946225,1791064880946932,707,0,1,17639,17639,7597,16642,3165,31000
1,2045,2042,1791064880996225,1791064880997279,1054,0,2,17485,17485,7633,16490,3230,31730
1,2046,2043,1791064881046225,1791064881047795,1570,0,3,17570,17570,7666,16683,3233,31660
1,2047,2044,1791064881096225,1791064881097122,897,0,4,17424,17424,7665,16532,3249,31820
1,2048,2045,1791064881146225,1791064881147662,1437,0,5,17441,17441,7763,16579,3282,32180
1,2049,2046,1791064881196225,1791064881197844,1619,0,6,17409,17409,7660,16476,3245,31910
1,2050,2047,1791064881246225,1791064881247131,906,0,7,17543,17543,7748,16579,3172,31110
1,2051,2048,1791064881296225,1791064881297387,1162,0,8,17605,17605,7667,16688,3170,30980
1,2052,2049,1791064881346225,1791064881347585,1360,0,9,17400,17400,7480,16443,3052,29870
1,2053,2050,1791064881396225,1791064881397248,1023,0,10,17435,17435,7431,16487,3039,29789
1,2054,2051,1791064881446225,1791064881448170,1945,0,11,17468,17468,7471,16463,3031,29730
1,2055,2052,1791064881496225,1791064881497534,1309,0,12,17638,17638,7557,16749,3065,30090
1,2056,2053,1791064881546225,1791064881546900,675,0,13,17482,17482,7348,16563,2866,28080
1,2057,2054,1791064881596225,1791064881597605,1380,0,14,17493,17493,7492,16484,2943,28891
1,2058,2055,1791064881646225,1791064881647335,1110,0,15,17480,17480,7353,16570,2882,28280
1,2059,2056,1791064881696225,1791064881697554,1329,0,16,17618,17618,7303,16598,2885,28360
1,2060,2057,1791064881746225,1791064881747762,1537,0,17,17358,17358,7521,16344,3155,30930
1,2061,2058,1791064881796225,1791064881797069,844,0,18,17559,17559,7648,16610,3199,31350
1,2062,2059,1791064881846225,1791064881847212,987,0,19,17595,17595,7630,16538,3104,30430
1,2063,2060,1791064881896225,1791064881896951,726,0,0,17358,17358,7452,16285,2983,29266
1,2064,2061,1791064881946225,1791064881946844,619,0,1,17639,17639,7639,16619,3188,31235
1,2065,2062,1791064881996225,1791064881997396,1171,0,2,17485,17485,7680,16470,3255,31976
1,2066,2063,1791064882046225,1791064882047255,1030,0,3,17570,17570,7710,16666,3264,31940
1,2067,2064,1791064882096225,1791064882097906,1681,0,4,17424,17424,7710,16511,3265,32080
1,2068,2065,1791064882146225,1791064882146873,648,0,5,17441,17441,7807,16558,3313,32390
1,2069,2066,1791064882196225,1791064882196992,767,0,6,17409,17409,7705,16462,3277,32190
1,2070,2067,1791064882246225,1791064882247761,1536,0,7,17543,17543,7791,16560,3195,31350
1,2071,2068,1791064882296225,1791064882297677,1452,0,8,17605,17605,7710,16662,3184,31220
1,2072,2069,1791064882346225,1791064882347452,1227,0,9,17400,17400,7522,16424,3069,30120
1,2073,2070,1791064882396225,1791064882397202,977,0,10,17435,17435,7474,16472,3054,30049
1,2074,2071,1791064882446225,1791064882447213,988,0,11,17468,17468,7512,16447,3057,30010
1,2075,2072,1791064882496225,1791064882496836,611,0,12,17638,17638,7600,16731,3094,30340
1,2076,2073,1791064882546225,1791064882547481,1256,0,13,17482,17482,7386,16550,2898,28330
1,2077,2074,1791064882596225,1791064882598157,1932,0,14,17493,17493,7531,16469,2975,29160
1,2078,2075,1791064882646225,1791064882647749,1524,0,15,17480,17480,7395,16555,2906,28513
1,2079,2076,1791064882696225,1791064882696890,665,0,16,17618,17618,7345,16585,2910,28600
1,2080,2077,1791064882746225,1791064882747724,1499,0,17,17358,17358,7564,16326,3175,31170
1,2081,2078,1791064882796225,1791064882797069,844,0,18,17559,17559,7691,16592,3233,31620
1,2082,2079,1791064882846225,1791064882846876,651,0,19,17595,17595,7675,16520,3127,30690
1,2083,2080,1791064882896225,1791064882897302,1077,0,0,17358,17358,7491,16267,3013,29488
1,2084,2081,1791064882946225,1791064882947574,1349,0,1,17639,17639,7687,16591,3206,31460
1,2085,2082,1791064882996225,1791064882997285,1060,0,2,17485,17485,7725,16451,3285,32254
1,2086,2083,1791064883046225,1791064883047153,928,0,3,17570,17570,7755,16642,3282,32180
1,2087,2084,1791064883096225,1791064883096935,710,0,4,17424,17424,7755,16491,3294,32340
1,2088,2085,1791064883146225,1791064883147699,1474,0,5,17441,17441,7850,16536,3336,32680
1,2089,2086,1791064883196225,1791064883197689,1464,0,6,17409,17409,7747,16444,3306,32450
1,2090,2087,1791064883246225,1791064883273429,27204,0,7,17543,17543,7834,16539,3226,31580
1,2091,2088,1791064883296225,1791064883324108,27883,0,8,17605,17605,7758,16643,3219,31480
1,2092,2089,1791064883346225,1791064883378021,31796,0,9,17400,17400,7565,16403,3087,30340
1,2093,2090,1791064883396225,1791064883425679,29454,0,10,17435,17435,7514,16457,3098,30310
1,2094,2091,1791064883446225,1791064883474253,28028,0,11,17468,17468,7556,16431,3082,30270
1,2095,2092,1791064883496225,1791064883523377,27152,0,12,17638,17638,7642,16715,3117,30630
1,2096,2093,1791064883546225,1791064883571961,25736,0,13,17482,17482,7424,16530,2911,28530
1,2097,2094,1791064883596225,1791064883618334,22109,0,14,17493,17493,7572,16452,3000,29420
1,2098,2095,1791064883646225,1791064883664533,18308,0,15,17480,17480,7434,16538,2940,28760
1,2099,2096,1791064883696225,1791064883712456,16231,0,16,17618,17618,7382,16567,2949,28820
1,2100,2097,1791064883746225,1791064883760631,14406,0,17,17358,17358,7606,16304,3200,31390
1,2101,2098,1791064883796225,1791064883806843,10618,0,18,17559,17559,7736,16569,3245,31850
1,2102,2099,1791064883846225,1791064883852075,5850,0,19,17595,17595,7719,16500,3156,30940
1,2103,2100,1791064883896225,1791064883898673,2448,0,0,17358,17358,7531,16241,3020,29664
1,2104,2101,1791064883946225,1791064883947031,806,0,1,17639,17639,7734,16577,3233,31739
1,2105,2102,1791064883996225,1791064883998889,2664,0,2,17485,17485,7772,16427,3308,32463
1,2106,2103,1791064884046225,1791064884050766,4541,0,3,17570,17570,7802,16617,3299,32390
1,2107,2104,1791064884096225,1791064884099545,3320,0,4,17424,17424,7801,16477,3333,32660
1,2108,2105,1791064884146225,1791064884149141,2916,0,5,17441,17441,7898,16517,3358,32920
1,2109,2106,1791064884196225,1791064884197406,1181,0,6,17409,17409,7791,16419,3336,32680
1,2110,2107,1791064884246225,1791064884247109,884,0,7,17543,17543,7878,16511,3238,31770
1,2111,2108,1791064884296225,1791064884298353,2128,0,8,17605,17605,7801,16623,3240,31740
1,2112,2109,1791064884346225,1791064884347533,1308,0,9,17400,17400,7609,16382,3120,30580
1,2113,2110,1791064884396225,1791064884397082,857,0,10,17435,17435,7555,16438,3114,30585
1,2114,2111,1791064884446225,1791064884446979,754,0,11,17468,17468,7597,16411,3105,30510
1,2115,2112,1791064884496225,1791064884496826,601,0,12,17638,17638,7687,16699,3144,30880
1,2116,2113,1791064884546225,1791064884547602,1377,0,13,17482,17482,7463,16515,2944,28760
1,2117,2114,1791064884596225,1791064884597308,1083,0,14,17493,17493,7612,16438,3038,29690
1,2118,2115,1791064884646225,1791064884647605,1380,0,15,17480,17480,7474,16519,2965,29001
1,2119,2116,1791064884696225,1791064884696993,768,0,16,17618,17618,7422,16548,2972,29080
1,2120,2117,1791064884746225,1791064884747758,1533,0,17,17358,17358,7651,16289,3240,31700
1,2121,2118,1791064884796225,1791064884797735,1510,0,18,17559,17559,7782,16550,3273,32130
1,2122,2119,1791064884846225,1791064884847467,1242,0,19,17595,17595,7764,16477,3179,31150
1,2123,2120,1791064884896225,1791064884897353,1128,0,0,17358,17358,7575,16223,3052,29892
1,2124,2121,1791064884946225,1791064884946912,687,0,1,17639,17639,7777,16559,3271,32030
1,2125,2122,1791064884996225,1791064884996847,622,0,2,17485,17485,7817,16406,3340,32710
1,2126,2123,1791064885046225,1791064885047436,1211,0,3,17570,17570,7848,16604,3333,32700
1,2127,2124,1791064885096225,1791064885097344,1119,0,4,17424,17424,7846,16454,3360,32920
1,2128,2125,1791064885146225,1791064885147707,1482,0,5,17441,17441,7942,16497,3384,33160
1,2129,2126,1791064885196225,1791064885197673,1448,0,6,17409,17409,7839,16402,3358,32970
1,2130,2127,1791064885246225,1791064885251934,5709,0,7,17543,17543,7925,16489,3272,32010
1,2131,2128,1791064885296225,1791064885299759,3534,0,8,17605,17605,7846,16606,3261,32020
1,2132,2129,1791064885346225,1791064885348954,2729,0,9,17400,17400,7653,16370,3151,30890
1,2133,2130,1791064885396225,1791064885401815,5590,0,10,17435,17435,7602,16424,3143,30857
1,2134,2131,1791064885446225,1791064885448566,2341,0,11,17468,17468,7641,16390,3127,30740
1,2135,2132,1791064885496225,1791064885497692,1467,0,12,17638,17638,7728,16680,3172,31126
1,2136,2133,1791064885546225,1791064885547787,1562,0,13,17482,17482,7501,16497,2954,29010
1,2137,2134,1791064885596225,1791064885597559,1334,0,14,17493,17493,7653,16418,3053,29940
1,2138,2135,1791064885646225,1791064885647893,1668,0,15,17480,17480,7518,16498,2981,29227
1,2139,2136,1791064885696225,1791064885697816,1591,0,16,17618,17618,7465,16531,2992,29330
1,2140,2137,1791064885746225,1791064885747091,866,0,17,17358,17358,7696,16270,3264,31990
1,2141,2138,1791064885796225,1791064885797430,1205,0,18,17559,17559,7827,16529,3297,32390
1,2142,2139,1791064885846225,1791064885849463,3238,0,19,17595,17595,7807,16459,3193,31380
1,2143,2140,1791064885896225,1791064885897434,1209,0,0,17358,17358,7616,16209,3074,30190
1,2144,2141,1791064885946225,1791064885947716,1491,0,1,17639,17639,7821,16540,3287,32297
1,2145,2142,1791064885996225,1791064885997645,1420,0,2,17485,17485,7862,16385,3356,32960
1,2146,2143,1791064886046225,1791064886047614,1389,0,3,17570,17570,7892,16582,3363,32940
1,2147,2144,1791064886096225,1791064886097774,1549,0,4,17424,17424,7892,16438,3385,33230
1,2148,2145,1791064886146225,1791064886146940,715,0,5,17441,17441,7984,16482,3416,33470
1,2149,2146,1791064886196225,1791064886197618,1393,0,6,17409,17409,7885,16383,3387,33240
1,2150,2147,1791064886246225,1791064886247009,784,0,7,17543,17543,7970,16466,3292,32230
1,2151,2148,1791064886296225,1791064886297840,1615,0,8,17605,17605,7890,16590,3293,32310
1,2152,2149,1791064886346225,1791064886346997,772,0,9,17400,17400,7696,16347,3177,31130
1,2153,2150,1791064886396225,1791064886397521,1296,0,10,17435,17435,7643,16404,3175,31126
1,2154,2151,1791064886446225,1791064886446957,732,0,11,17468,17468,7685,16373,3162,30990
1,2155,2152,1791064886496225,1791064886496897,672,0,12,17638,17638,7772,16665,3205,31410
1,2156,2153,1791064886546225,1791064886548091,1866,0,13,17482,17482,7543,16479,2991,29260
1,2157,2154,1791064886596225,1791064886597212,987,0,14,17493,17493,7696,16401,3076,30180
1,2158,2155,1791064886646225,1791064886647275,1050,0,15,17480,17480,7561,16475,3004,29412
1,2159,2156,1791064886696225,1791064886697323,1098,0,16,17618,17618,7507,16512,3014,29560
1,2160,2157,1791064886746225,1791064886747892,1667,0,17,17358,17358,7744,16247,3285,32230
1,2161,2158,1791064886796225,1791064886796878,653,0,18,17559,17559,7873,16509,3316,32630
1,2162,2159,1791064886846225,1791064886847057,832,0,19,17595,17595,7847,16445,3218,31660
1,2163,2160,1791064886896225,1791064886897284,1059,0,0,17358,17358,7657,16194,3095,30431
1,2164,2161,1791064886946225,1791064886946956,731,0,1,17639,17639,7865,16522,3329,32532
1,2165,2162,1791064886996225,1791064886997001,776,0,2,17485,17485,7908,16367,3391,33240
1,2166,2163,1791064887046225,1791064887047877,1652,0,3,17570,17570,7937,16561,3391,33215
1,2167,2164,1791064887096225,1791064887104730,8505,0,4,17424,17424,7939,16414,3407,33460
1,2168,2165,1791064887146225,1791064887163489,17264,0,5,17441,17441,8031,16458,3437,33681
1,2169,2166,1791064887196225,1791064887228056,31831,0,6,17409,17409,7931,16362,3414,33510
1,2170,2167,1791064887246225,1791064887285729,39504,0,7,17543,17543,8015,16440,3307,32430
1,2171,2168,1791064887296225,1791064887336494,40269,0,8,17605,17605,7934,16567,3328,32570
1,2172,2169,1791064887346225,1791064887384806,38581,0,9,17400,17400,7742,16324,3192,31350
1,2173,2170,1791064887396225,1791064887433272,37047,0,10,17435,17435,7689,16384,3190,31360
1,2174,2171,1791064887446225,1791064887479827,33602,0,11,17468,17468,7727,16354,3187,31230
1,2175,2172,1791064887496225,1791064887530351,34126,0,12,17638,17638,7815,16644,3223,31660
1,2176,2173,1791064887546225,1791064887577965,31740,0,13,17482,17482,7585,16462,3016,29491
1,2177,2174,1791064887596225,1791064887622196,25971,0,14,17493,17493,7737,16383,3100,30430
1,2178,2175,1791064887646225,1791064887667972,21747,0,15,17480,17480,7602,16454,3034,29630
1,2179,2176,1791064887696225,1791064887711741,15516,0,16,17618,17618,7549,16493,3036,29820
1,2180,2177,1791064887746225,1791064887755063,8838,0,17,17358,17358,7789,16226,3313,32460
1,2181,2178,1791064887796225,1791064887801578,5353,0,18,17559,17559,7917,16494,3359,32910
1,2182,2179,1791064887846225,1791064887848625,2400,0,19,17595,17595,7889,16424,3248,31890
1,2183,2180,1791064887896225,1791064887897375,1150,0,0,17358,17358,7697,16182,3131,30734
1,2184,2181,1791064887946225,1791064887947718,1493,0,1,17639,17639,7907,16503,3350,32832
1,2185,2182,1791064887996225,1791064887997423,1198,0,2,17485,17485,7954,16351,3423,33540
1,2186,2183,1791064888046225,1791064888047071,846,0,3,17570,17570,7984,16536,3412,33438
1,2187,2184,1791064888096225,1791064888097348,1123,0,4,17424,17424,7987,16391,3432,33700
1,2188,2185,1791064888146225,1791064888148110,1885,0,5,17441,17441,8076,16436,3463,33950
1,2189,2186,1791064888196225,1791064888197590,1365,0,6,17409,17409,7979,16335,3443,33710
1,2190,2187,1791064888246225,1791064888247123,898,0,7,17543,17543,8060,16422,3326,32690
1,2191,2188,1791064888296225,1791064888297374,1149,0,8,17605,17605,7983,16551,3342,32860
1,2192,2189,1791064888346225,1791064888346949,724,0,9,17400,17400,7786,16302,3231,31581
1,2193,2190,1791064888396225,1791064888397408,1183,0,10,17435,17435,7733,16368,3240,31630
1,2194,2191,1791064888446225,1791064888447712,1487,0,11,17468,17468,7770,16339,3214,31520
1,2195,2192,1791064888496225,1791064888497605,1380,0,12,17638,17638,7861,16622,3249,31890
1,2196,2193,1791064888546225,1791064888547535,1310,0,13,17482,17482,7626,16439,3030,29710
1,2197,2194,1791064888596225,1791064888597616,1391,0,14,17493,17493,7779,16366,3126,30690
1,2198,2195,1791064888646225,1791064888647664,1439,0,15,17480,17480,7644,16430,3052,29839
1,2199,2196,1791064888696225,1791064888697433,1208,0,16,17618,17618,7594,16473,3069,30060
1,2200,2197,1791064888746225,1791064888746938,713,0,17,17358,17358,7833,16204,3342,32720
1,2201,2198,1791064888796225,1791064888797259,1034,0,18,17559,17559,7960,16471,3382,33150
1,2202,2199,1791064888846225,1791064888846954,729,0,19,17595,17595,7932,16407,3275,32160
1,2203,2200,1791064888896225,1791064888897725,1500,0,0,17358,17358,7739,16164,3156,30986
1,2204,2201,1791064888946225,1791064888947613,1388,0,1,17639,17639,7955,16485,3375,33128
1,2205,2202,1791064888996225,1791064888997273,1048,0,2,17485,17485,8000,16329,3435,33800
1,2206,2203,1791064889046225,1791064889047621,1396,0,3,17570,17570,8031,16512,3432,33684
1,2207,2204,1791064889096225,1791064889097291,1066,0,4,17424,17424,8034,16366,3455,33920
1,2208,2205,1791064889146225,1791064889147681,1456,0,5,17441,17441,8124,16411,3483,34200
1,2209,2206,1791064889196225,1791064889197487,1262,0,6,17409,17409,8026,16317,3456,34000
1,2210,2207,1791064889246225,1791064889247560,1335,0,7,17543,17543,8104,16401,3361,32940
1,2211,2208,1791064889296225,1791064889297431,1206,0,8,17605,17605,8028,16534,3371,33130
1,2212,2209,1791064889346225,1791064889346843,618,0,9,17400,17400,7830,16280,3244,31830
1,2213,2210,1791064889396225,1791064889397044,819,0,10,17435,17435,7775,16351,3252,31922
1,2214,2211,1791064889446225,1791064889447471,1246,0,11,17468,17468,7813,16323,3257,31830
1,2215,2212,1791064889496225,1791064889497474,1249,0,12,17638,17638,7906,16595,3271,32090
1,2216,2213,1791064889546225,1791064889547039,814,0,13,17482,17482,7670,16426,3061,29981
1,2217,2214,1791064889596225,1791064889597635,1410,0,14,17493,17493,7823,16344,3143,30880
1,2218,2215,1791064889646225,1791064889646910,685,0,15,17480,17480,7688,16407,3067,30060
1,2219,2216,1791064889696225,1791064889697069,844,0,16,17618,17618,7638,16452,3090,30290
1,2220,2217,1791064889746225,1791064889746988,763,0,17,17358,17358,7879,16185,3364,32980
1,2221,2218,1791064889796225,1791064889797493,1268,0,18,17559,17559,8007,16450,3415,33410
1,2222,2219,1791064889846225,1791064889847625,1400,0,19,17595,17595,7976,16387,3305,32410
1,2223,2220,1791064889896225,1791064889897100,875,0,0,17358,17358,7782,16143,3179,31190
1,2224,2221,1791064889946225,1791064889947697,1472,0,1,17639,17639,8003,16464,3417,33405
1,2225,2222,1791064889996225,1791064889998007,1782,0,2,17485,17485,8047,16310,3472,34050
1,2226,2223,1791064890046225,1791064890051793,5568,0,3,17570,17570,8080,16496,3466,33990
1,2227,2224,1791064890096225,1791064890099940,3715,0,4,17424,17424,8081,16346,3478,34180
1,2228,2225,1791064890146225,1791064890146961,736,0,5,17441,17441,8172,16394,3515,34470
1,2229,2226,1791064890196225,1791064890198971,2746,0,6,17409,17409,8073,16292,3482,34220
1,2230,2227,1791064890246225,1791064890247504,1279,0,7,17543,17543,8149,16384,3391,33270
1,2231,2228,1791064890296225,1791064890297626,1401,0,8,17605,17605,8072,16517,3403,33420
1,2232,2229,1791064890346225,1791064890347039,814,0,9,17400,17400,7877,16257,3264,32081
1,2233,2230,1791064890396225,1791064890396828,603,0,10,17435,17435,7820,16329,3274,32150
1,2234,2231,1791064890446225,1791064890447299,1074,0,11,17468,17468,7858,16305,3269,32100
1,2235,2232,1791064890496225,1791064890497546,1321,0,12,17638,17638,7953,16587,3305,32420
1,2236,2233,1791064890546225,1791064890547796,1571,0,13,17482,17482,7710,16403,3075,30200
1,2237,2234,1791064890596225,1791064890597023,798,0,14,17493,17493,7863,16331,3177,31160
1,2238,2235,1791064890646225,1791064890647598,1373,0,15,17480,17480,7733,16384,3088,30250
1,2239,2236,1791064890696225,1791064890698290,2065,0,16,17618,17618,7682,16436,3125,30600
1,2240,2237,1791064890746225,1791064890747127,902,0,17,17358,17358,7925,16168,3389,33261
1,2241,2238,1791064890796225,1791064890797001,776,0,18,17559,17559,8054,16425,3436,33660
1,2242,2239,1791064890846225,1791064890847501,1276,0,19,17595,17595,8021,16363,3332,32680
1,2243,2240,1791064890896225,1791064890897675,1450,0,0,17358,17358,7823,16126,3210,31445
1,2244,2241,1791064890946225,1791064890947709,1484,0,1,17639,17639,8051,16438,3425,33652
1,2245,2242,1791064890996225,1791064890997472,1247,0,2,17485,17485,8091,16293,3498,34336
1,2246,2243,1791064891046225,1791064891047909,1684,0,3,17570,17570,8126,16476,3495,34250
1,2247,2244,1791064891096225,1791064891097313,1088,0,4,17424,17424,8127,16321,3506,34420
1,2248,2245,1791064891146225,1791064891146814,589,0,5,17441,17441,8217,16372,3543,34751
1,2249,2246,1791064891196225,1791064891197378,1153,0,6,17409,17409,8120,16272,3516,34500
1,2250,2247,1791064891246225,1791064891247744,1519,0,7,17543,17543,8199,16365,3428,33550
1,2251,2248,1791064891296225,1791064891297325,1100,0,8,17605,17605,8118,16492,3428,33640
1,2252,2249,1791064891346225,1791064891347633,1408,0,9,17400,17400,7925,16242,3303,32360
1,2253,2250,1791064891396225,1791064891396912,687,0,10,17435,17435,7864,16306,3301,32380
1,2254,2251,1791064891446225,1791064891447346,1121,0,11,17468,17468,7902,16289,3299,32370
1,2255,2252,1791064891496225,1791064891496980,755,0,12,17638,17638,7994,16573,3333,32720
1,2256,2253,1791064891546225,1791064891548210,1985,0,13,17482,17482,7753,16382,3094,30420
1,2257,2254,1791064891596225,1791064891596845,620,0,14,17493,17493,7904,16315,3206,31460
1,2258,2255,1791064891646225,1791064891647004,779,0,15,17480,17480,7774,16365,3112,30500
1,2259,2256,1791064891696225,1791064891697355,1130,0,16,17618,17618,7729,16412,3151,30830
1,2260,2257,1791064891746225,1791064891747874,1649,0,17,17358,17358,7970,16146,3413,33510
1,2261,2258,1791064891796225,1791064891798000,1775,0,18,17559,17559,8102,16404,3459,33930
1,2262,2259,1791064891846225,1791064891847059,834,0,19,17595,17595,8070,16341,3369,32950
1,2263,2260,1791064891896225,1791064891899004,2779,0,0,17358,17358,7866,16113,3244,31758
1,2264,2261,1791064891946225,1791064891947111,886,0,1,17639,17639,8100,16417,3458,33897
1,2265,2262,1791064891996225,1791064891997482,1257,0,2,17485,17485,8137,16272,3545,34620
1,2266,2263,1791064892046225,1791064892047142,917,0,3,17570,17570,8172,16453,3519,34529
1,2267,2264,1791064892096225,1791064892097174,949,0,4,17424,17424,8174,16300,3549,34700
1,2268,2265,1791064892146225,1791064892147579,1354,0,5,17441,17441,8266,16346,3574,34970
1,2269,2266,1791064892196225,1791064892197640,1415,0,6,17409,17409,8168,16248,3544,34750
1,2270,2267,1791064892246225,1791064892247624,1399,0,7,17543,17543,8246,16335,3434,33750
1,2271,2268,1791064892296225,1791064892296948,723,0,8,17605,17605,8164,16473,3460,33950
1,2272,2269,1791064892346225,1791064892346943,718,0,9,17400,17400,7968,16227,3332,32671
1,2273,2270,1791064892396225,1791064892397008,783,0,10,17435,17435,7910,16285,3331,32640
1,2274,2271,1791064892446225,1791064892446878,653,0,11,17468,17468,7945,16273,3328,32680
1,2275,2272,1791064892496225,1791064892496910,685,0,12,17638,17638,8038,16553,3375,32980
1,2276,2273,1791064892546225,1791064892547821,1596,0,13,17482,17482,7796,16365,3130,30660
1,2277,2274,1791064892596225,1791064892597474,1249,0,14,17493,17493,7950,16294,3237,31700
1,2278,2275,1791064892646225,1791064892649596,3371,0,15,17480,17480,7819,16346,3136,30732
1,2279,2276,1791064892696225,1791064892700274,4049,0,16,17618,17618,7775,16392,3158,31070
1,2280,2277,1791064892746225,1791064892751425,5200,0,17,17358,17358,8015,16129,3450,33831
1,2281,2278,1791064892796225,1791064892798262,2037,0,18,17559,17559,8149,16380,3479,34170
1,2282,2279,1791064892846225,1791064892847621,1396,0,19,17595,17595,8117,16318,3389,33220
1,2283,2280,1791064892896225,1791064892897134,909,0,0,17358,17358,7910,16095,3269,32021
1,2284,2281,1791064892946225,1791064892947694,1469,0,1,17639,17639,8146,16393,3476,34170
1,2285,2282,1791064892996225,1791064892997624,1399,0,2,17485,17485,8186,16250,3559,34920
1,2286,2283,1791064893046225,1791064893047244,1019,0,3,17570,17570,8220,16434,3560,34830
1,2287,2284,1791064893096225,1791064893096994,769,0,4,17424,17424,8221,16281,3556,34976
1,2288,2285,1791064893146225,1791064893147618,1393,0,5,17441,17441,8313,16326,3599,35261
1,2289,2286,1791064893196225,1791064893197791,1566,0,6,17409,17409,8217,16223,3574,34980
1,2290,2287,1791064893246225,1791064893246828,603,0,7,17543,17543,8296,16315,3466,34000
1,2291,2288,1791064893296225,1791064893296831,606,0,8,17605,17605,8210,16455,3500,34230
1,2292,2289,1791064893346225,1791064893347675,1450,0,9,17400,17400,8014,16200,3360,32900
1,2293,2290,1791064893396225,1791064893397560,1335,0,10,17435,17435,7957,16268,3363,32960
1,2294,2291,1791064893446225,1791064893446944,719,0,11,17468,17468,7990,16249,3355,32910
1,2295,2292,1791064893496225,1791064893497756,1531,0,12,17638,17638,8084,16534,3397,33270
1,2296,2293,1791064893546225,1791064893547396,1171,0,13,17482,17482,7837,16345,3157,30911
1,2297,2294,1791064893596225,1791064893597366,1141,0,14,17493,17493,7995,16276,3263,31990
1,2298,2295,1791064893646225,1791064893647096,871,0,15,17480,17480,7860,16323,3161,30950
1,2299,2296,1791064893696225,1791064893697321,1096,0,16,17618,17618,7819,16376,3201,31330
1,2300,2297,1791064893746225,1791064893748203,1978,0,17,17358,17358,8063,16107,3479,34110
1,2301,2298,1791064893796225,1791064893796914,689,0,18,17559,17559,8196,16355,3509,34420
1,2302,2299,1791064893846225,1791064893846962,737,0,19,17595,17595,8166,16295,3415,33440
1,2303,2300,1791064893896225,1791064893897408,1183,0,0,17358,17358,7955,16075,3303,32280
1,2304,2301,1791064893946225,1791064893946823,598,0,1,17639,17639,8196,16370,3514,34429
1,2305,2302,1791064893996225,1791064893997778,1553,0,2,17485,17485,8236,16235,3588,35210
1,2306,2303,1791064894046225,1791064894047157,932,0,3,17570,17570,8269,16411,3580,35084
1,2307,2304,1791064894096225,1791064894097473,1248,0,4,17424,17424,8267,16264,3590,35250
1,2308,2305,1791064894146225,1791064894147174,949,0,5,17441,17441,8362,16305,3623,35540
1,2309,2306,1791064894196225,1791064894197347,1122,0,6,17409,17409,8265,16201,3604,35270
1,2310,2307,1791064894246225,1791064894247504,1279,0,7,17543,17543,8341,16291,3493,34250
1,2311,2308,1791064894296225,1791064894296914,689,0,8,17605,17605,8256,16435,3528,34520
1,2312,2309,1791064894346225,1791064894347875,1650,0,9,17400,17400,8063,16172,3381,33140
1,2313,2310,1791064894396225,1791064894397343,1118,0,10,17435,17435,8005,16247,3388,33210
1,2314,2311,1791064894446225,1791064894447305,1080,0,11,17468,17468,8035,16231,3389,33180
1,2315,2312,1791064894496225,1791064894497796,1571,0,12,17638,17638,8132,16509,3414,33517
1,2316,2313,1791064894546225,1791064894546901,676,0,13,17482,17482,7882,16326,3189,31180
1,2317,2314,1791064894596225,1791064894597026,801,0,14,17493,17493,8042,16259,3289,32270
1,2318,2315,1791064894646225,1791064894647905,1680,0,15,17480,17480,7904,16305,3185,31219
1,2319,2316,1791064894696225,1791064894697060,835,0,16,17618,17618,7861,16358,3220,31620
1,2320,2317,1791064894746225,1791064894746836,611,0,17,17358,17358,8110,16083,3509,34371
1,2321,2318,1791064894796225,1791064894797526,1301,0,18,17559,17559,8245,16330,3549,34700
1,2322,2319,1791064894846225,1791064894847410,1185,0,19,17595,17595,8210,16269,3430,33690
1,2323,2320,1791064894896225,1791064894923476,27251,0,0,17358,17358,8000,16056,3324,32570
1,2324,2321,1791064894946225,1791064894966263,20038,0,1,17639,17639,8245,16350,3541,34725
1,2325,2322,1791064894996225,1791064895014153,17928,0,2,17485,17485,8280,16213,3618,35490
1,2326,2323,1791064895046225,1791064895059809,13584,0,3,17570,17570,8318,16387,3600,35317
1,2327,2324,1791064895096225,1791064895105530,9305,0,4,17424,17424,8312,16247,3628,35570
1,2328,2325,1791064895146225,1791064895151589,5364,0,5,17441,17441,8410,16283,3655,35821
1,2329,2326,1791064895196225,1791064895197629,1404,0,6,17409,17409,8316,16179,3631,35560
1,2330,2327,1791064895246225,1791064895247114,889,0,7,17543,17543,8390,16269,3518,34530
1,2331,2328,1791064895296225,1791064895299229,3004,0,8,17605,17605,8304,16408,3560,34770
1,2332,2329,1791064895346225,1791064895347553,1328,0,9,17400,17400,8114,16151,3398,33410
1,2333,2330,1791064895396225,1791064895397072,847,0,10,17435,17435,8050,16230,3412,33510
1,2334,2331,1791064895446225,1791064895446846,621,0,11,17468,17468,8080,16217,3415,33500
1,2335,2332,1791064895496225,1791064895497417,1192,0,12,17638,17638,8181,16479,3440,33680
1,2336,2333,1791064895546225,1791064895547828,1603,0,13,17482,17482,7927,16308,3204,31460
1,2337,2334,1791064895596225,1791064895597112,887,0,14,17493,17493,8087,16238,3322,32540
1,2338,2335,1791064895646225,1791064895647165,940,0,15,17480,17480,7949,16280,3205,31450
1,2339,2336,1791064895696225,1791064895696953,728,0,16,17618,17618,7908,16341,3253,31880
1,2340,2337,1791064895746225,1791064895747563,1338,0,17,17358,17358,8160,16058,3535,34620
1,2341,2338,1791064895796225,1791064895797251,1026,0,18,17559,17559,8295,16303,3562,34960
1,2342,2339,1791064895846225,1791064895848004,1779,0,19,17595,17595,8261,16253,3474,33980
1,2343,2340,1791064895896225,1791064895897285,1060,0,0,17358,17358,8047,16038,3352,32853
1,2344,2341,1791064895946225,1791064895947581,1356,0,1,17639,17639,8293,16331,3578,35033
1,2345,2342,1791064895996225,1791064895997456,1231,0,2,17485,17485,8330,16191,3657,35780
1,2346,2343,1791064896046225,1791064896046938,713,0,3,17570,17570,8365,16363,3632,35579
1,2347,2344,1791064896096225,1791064896097881,1656,0,4,17424,17424,8360,16223,3656,35840
1,2348,2345,1791064896146225,1791064896147058,833,0,5,17441,17441,8460,16261,3694,36100
1,2349,2346,1791064896196225,1791064896197087,862,0,6,17409,17409,8367,16152,3646,35800
1,2350,2347,1791064896246225,1791064896246855,630,0,7,17543,17543,8440,16244,3542,34760
1,2351,2348,1791064896296225,1791064896297599,1374,0,8,17605,17605,8354,16382,3570,35010
1,2352,2349,1791064896346225,1791064896348162,1937,0,9,17400,17400,8162,16140,3450,33750
1,2353,2350,1791064896396225,1791064896403561,7336,0,10,17435,17435,8096,16205,3442,33745
1,2354,2351,1791064896446225,1791064896448784,2559,0,11,17468,17468,8126,16195,3446,33790
1,2355,2352,1791064896496225,1791064896499714,3489,0,12,17638,17638,8227,16455,3462,33945
1,2356,2353,1791064896546225,1791064896547587,1362,0,13,17482,17482,7972,16289,3233,31690
1,2357,2354,1791064896596225,1791064896597385,1160,0,14,17493,17493,8134,16214,3343,32780
1,2358,2355,1791064896646225,1791064896647043,818,0,15,17480,17480,7996,16258,3228,31680
1,2359,2356,1791064896696225,1791064896697445,1220,0,16,17618,17618,7951,16319,3280,32130
1,2360,2357,1791064896746225,1791064896746900,675,0,17,17358,17358,8209,16034,3552,34871
1,2361,2358,1791064896796225,1791064896797205,980,0,18,17559,17559,8347,16286,3594,35290
1,2362,2359,1791064896846225,1791064896847910,1685,0,19,17595,17595,8305,16231,3498,34280
1,2363,2360,1791064896896225,1791064896897567,1342,0,0,17358,17358,8093,16017,3377,33099
1,2364,2361,1791064896946225,1791064896947615,1390,0,1,17639,17639,8343,16300,3599,35233
1,2365,2362,1791064896996225,1791064896998894,2669,0,2,17485,17485,8381,16172,3682,36100
1,2366,2363,1791064897046225,1791064897047178,953,0,3,17570,17570,8415,16334,3648,35820
1,2367,2364,1791064897096225,1791064897097525,1300,0,4,17424,17424,8412,16193,3673,36110
1,2368,2365,1791064897146225,1791064897146876,651,0,5,17441,17441,8509,16232,3715,36381
1,2369,2366,1791064897196225,1791064897196965,740,0,6,17409,17409,8418,16132,3683,36090
1,2370,2367,1791064897246225,1791064897247833,1608,0,7,17543,17543,8488,16225,3569,35060
1,2371,2368,1791064897296225,1791064897297079,854,0,8,17605,17605,8404,16357,3594,35260
1,2372,2369,1791064897346225,1791064897347863,1638,0,9,17400,17400,8206,16119,3474,34030
1,2373,2370,1791064897396225,1791064897397279,1054,0,10,17435,17435,8145,16183,3469,34020
1,2374,2371,1791064897446225,1791064897447288,1063,0,11,17468,17468,8176,16172,3474,34050
1,2375,2372,1791064897496225,1791064897497396,1171,0,12,17638,17638,8277,16436,3495,34228
1,2376,2373,1791064897546225,1791064897546940,715,0,13,17482,17482,8015,16270,3253,31941
1,2377,2374,1791064897596225,1791064897597817,1592,0,14,17493,17493,8181,16200,3383,33110
1,2378,2375,1791064897646225,1791064897654239,8014,0,15,17480,17480,8041,16236,3258,31903
1,2379,2376,1791064897696225,1791064897708783,12558,0,16,17618,17618,7996,16306,3310,32450
1,2380,2377,1791064897746225,1791064897760040,13815,0,17,17358,17358,8258,16012,3592,35170
1,2381,2378,1791064897796225,1791064897811715,15490,0,18,17559,17559,8395,16264,3637,35550
1,2382,2379,1791064897846225,1791064897858149,11924,0,19,17595,17595,8355,16205,3517,34490
1,2383,2380,1791064897896225,1791064897905530,9305,0,0,17358,17358,8137,15993,3400,33320
1,2384,2381,1791064897946225,1791064897952159,5934,0,1,17639,17639,8393,16274,3619,35499
1,2385,2382,1791064897996225,1791064897998701,2476,0,2,17485,17485,8432,16154,3715,36425
1,2386,2383,1791064898046225,1791064898047412,1187,0,3,17570,17570,8467,16311,3685,36130
1,2387,2384,1791064898096225,1791064898096952,727,0,4,17424,17424,8466,16172,3708,36386
1,2388,2385,1791064898146225,1791064898146928,703,0,5,17441,17441,8563,16208,3738,36660
1,2389,2386,1791064898196225,1791064898197377,1152,0,6,17409,17409,8467,16106,3702,36360
1,2390,2387,1791064898246225,1791064898247050,825,0,7,17543,17543,8536,16200,3599,35320
1,2391,2388,1791064898296225,1791064898299037,2812,0,8,17605,17605,8454,16330,3615,35500
1,2392,2389,1791064898346225,1791064898349705,3480,0,9,17400,17400,8256,16100,3504,34330
1,2393,2390,1791064898396225,1791064898398828,2603,0,10,17435,17435,8193,16157,3494,34279
1,2394,2391,1791064898446225,1791064898447783,1558,0,11,17468,17468,8225,16151,3498,34330
1,2395,2392,1791064898496225,1791064898497684,1459,0,12,17638,17638,8324,16411,3524,34490
1,2396,2393,1791064898546225,1791064898547810,1585,0,13,17482,17482,8058,16252,3282,32220
1,2397,2394,1791064898596225,1791064898597362,1137,0,14,17493,17493,8227,16184,3412,33400
1,2398,2395,1791064898646225,1791064898647562,1337,0,15,17480,17480,8086,16214,3271,32150
1,2399,2396,1791064898696225,1791064898697310,1085,0,16,17618,17618,8039,16290,3340,32770
1,2400,2397,1791064898746225,1791064898747236,1011,0,17,17358,17358,8308,15984,3618,35425
1,2401,2398,1791064898796225,1791064898815388,19163,0,18,17559,17559,8442,16246,3660,35890
