at_us,minor_faults,major_faults,user_ticks,system_ticks,rss_pages,thread_cpu_ns,thread_runqueue_ns,thread_slices,threads,read_bytes,write_bytes
1791079854361795,53682,7,3268,1543,113052,48087236129,1177693079,2068333,45,4096,621592576
1791079854467274,54976,7,3274,1543,121874,48153214165,1178121686,2068459,45,4096,626204672
1791079854573043,55280,7,3285,1543,124150,48267610005,1181533066,2068623,45,4096,635510784
1791079854678474,55287,7,3297,1543,124150,48382883699,1181704058,2068773,45,4096,644775936
1791079854784044,55291,7,3308,1543,124150,48497916065,1182059123,2068937,45,4096,654016512
1791079854890208,55299,7,3320,1543,124150,48614200245,1182474386,2069077,45,4096,663322624
1791079854996024,55306,7,3332,1543,124660,48734847024,1184686176,2069251,45,4096,672555008
1791079855101429,55306,7,3344,1543,124660,48853794149,1187101773,2069404,45,4096,681857024
1791079855207068,55306,7,3356,1543,124660,48976884753,1189292084,2069589,45,4096,691138560
1791079855313109,55307,7,3369,1543,125172,49100945284,1190416341,2069737,45,4096,702976000
1791079855418982,55308,7,3382,1543,125172,49230109542,1191982560,2069934,45,4096,714338304
1791079855524838,55309,7,3393,1543,125102,49346660419,1194633528,2070099,45,4096,723607552
1791079855630137,55310,7,3405,1543,125614,49466560062,1196634022,2070255,45,4096,732889088
1791079855735594,55310,7,3417,1543,125614,49583094164,1198072411,2070406,45,4096,742121472
1791079855841051,55314,7,3429,1543,125614,49700378697,1201639190,2070584,45,4096,751390720
1791079855947131,55323,7,3440,1543,125614,49814145745,1201864683,2070743,45,4096,760659968
1791079856053286,55323,7,3451,1543,125571,49925235554,1202042409,2070925,45,4096,774578176
1791079856160105,55326,7,3462,1543,125571,50035411928,1202957700,2071122,45,4096,783859712
1791079856266403,55332,7,3473,1543,125536,50145877265,1204775996,2071282,45,4096,793153536
1791079856372418,55332,7,3484,1543,125536,50251311134,1205115023,2071450,45,4096,802402304
1791079856478183,55332,7,3494,1543,125536,50356819301,1205142704,2071611,45,4096,811659264
1791079856583894,55334,7,3505,1543,125444,50467347653,1205285823,2071770,45,4096,820961280
1791079856689270,55334,7,3517,1543,125273,50585189642,1209524482,2071927,45,4096,830230528
1791079856795299,55334,7,3529,1543,125273,50702082315,1209908965,2072085,45,4096,839467008
1791079856901581,55335,7,3541,1543,125273,50819652968,1210519075,2072238,45,4096,848773120
1791079857007499,55341,7,3553,1543,125273,50939522599,1213158402,2072443,45,4096,862633984
1791079857113990,55341,7,3564,1543,125273,51058741344,1218178239,2072601,45,4096,871940096
1791079857220224,55341,7,3576,1543,124867,51177639791,1218762523,2072778,45,4096,881209344
1791079857326024,55344,7,3588,1543,124867,51291164985,1219204074,2072934,45,4096,890478592
1791079857431916,55344,7,3599,1543,124867,51405703061,1219402799,2073102,45,4096,899792896
1791079857538010,55344,7,3610,1543,124867,51511173640,1220818111,2073256,45,4096,909058048
1791079857644234,55344,7,3620,1543,124867,51616184505,1220868717,2073416,45,4096,918343680
1791079857749472,55347,7,3632,1543,124867,51730726186,1221145006,2073560,45,4096,927580160
1791079857855659,55347,7,3643,1543,124867,51843641189,1221374506,2073752,45,4096,938573824
1791079857962288,55350,7,3654,1543,124867,51952007824,1221616390,2073946,45,4096,950743040
1791079858068571,55350,7,3665,1543,124867,52068630675,1223130280,2074098,45,4096,960040960
1791079858174767,55350,7,3677,1543,124542,52184994710,1223669537,2074260,45,4096,969310208
1791079858281327,55350,7,3688,1543,124455,52294101659,1224390918,2074411,45,4096,978612224
1791079858388126,55350,7,3699,1543,124455,52404256188,1224873846,2074578,45,4096,987860992
1791079858494438,55350,7,3710,1543,124423,52514614001,1225808633,2074727,45,4096,997117952
1791079858600569,55350,7,3721,1543,124181,52625851981,1226582188,2074900,45,4096,1011068928
1791079858707418,55350,7,3731,1543,124181,52728164578,1227451913,2075075,45,4096,1020313600
1791079858813226,55501,7,3743,1543,124198,52845826995,1231946076,2075252,45,4096,1029574656
1791079858920456,55513,7,3755,1543,124230,52960333843,1232819792,2075411,45,4096,1038843904
1791079859026459,55514,7,3766,1543,124177,53072349735,1233674766,2075585,45,4096,1048092672
1791079859131634,55523,7,3777,1543,124065,53183624759,1235157496,2075742,45,4096,1057394688
1791079859238022,55674,7,3789,1543,124088,53304254906,1237304394,2075921,45,4096,1066668032
1791079859344226,55760,7,3801,1543,124152,53420521840,1238053135,2076070,45,4096,1075933184
1791079859450724,55760,7,3812,1543,124152,53533350246,1238353670,2076266,45,4096,1089839104
1791079859556809,55761,7,3823,1543,123013,53644110374,1240534705,2076470,45,4096,1099149312
1791079859664141,55788,7,3833,1543,122940,53747753986,1241764950,2076628,45,4096,1108418560
1791079859769465,55903,7,3845,1543,122616,53868594938,1242438740,2076801,45,4096,1117650944
1791079859875380,55919,7,3857,1543,122616,53988370488,1243506218,2076958,45,4096,1126961152
1791079859981453,56016,7,3870,1543,122336,54109349926,1245030265,2077125,45,4096,1136193536
1791079860087404,56157,7,3881,1543,122429,54224695513,1245885755,2077291,45,4096,1145491456
1791079860193678,56161,7,3892,1543,122429,54335701429,1247401587,2077465,45,4096,1154764800
1791079860299901,56163,7,3903,1543,122429,54444645659,1248514329,2077620,45,4096,1164066816
1791079860405798,56200,7,3914,1543,122384,54556138821,1248659635,2077815,45,4096,1177972736
1791079860512176,56460,7,3925,1543,122399,54663382977,1250899258,2077984,45,4096,1187241984
1791079860617445,56524,7,3936,1543,122463,54770320620,1251123540,2078175,45,4096,1196535808
1791079860722999,56597,7,3946,1543,122527,54874061225,1252610799,2078343,45,4096,1205768192
1791079860828649,56674,7,3957,1543,122274,54982289633,1253355569,2078527,45,4096,1215029248
1791079860934234,56838,7,3968,1543,122402,55091759219,1254091895,2078689,45,4096,1224302592
1791079861040571,57063,7,3980,1543,122553,55212305123,1254393501,2078868,45,4096,1233551360
1791079861146298,57158,7,3991,1543,122553,55324664617,1257046694,2079027,45,4096,1242857472
1791079861251834,57160,7,4002,1543,122585,55437495558,1260662375,2079208,45,4096,1252126720
1791079861357720,57181,7,4015,1543,122578,55561498112,1261418077,2079402,45,4096,1262522368
1791079861463876,57260,7,4026,1543,122558,55675331575,1262681545,2079585,45,4096,1275297792
1791079861569970,57269,7,4037,1543,122496,55785437400,1263364940,2079776,45,4096,1284608000
1791079861675667,57389,7,4049,1543,122592,55902468898,1263917759,2079921,45,4096,1293877248
1791079861781431,57390,7,4061,1543,122510,56020624760,1264612966,2080088,45,4096,1303105536
1791079861887776,57515,7,4072,1543,122606,56135594832,1265312384,2080240,45,4096,1312415744
1791079861994467,57597,7,4083,1543,122633,56244914160,1265530063,2080409,45,4096,1321648128
1791079862101039,57598,7,4094,1543,122633,56352405426,1265631142,2080582,45,4096,1335566336
1791079862208215,57598,7,4105,1543,122388,56457558428,1268270771,2080791,45,4096,1344851968
1791079862313929,57743,7,4116,1543,122412,56573582793,1270687858,2080953,45,4096,1354113024
1791079862420553,57860,7,4127,1543,122508,56686920911,1271142781,2081135,45,4096,1363427328
1791079862526298,57860,7,4138,1543,122508,56792674971,1271497988,2081291,45,4096,1372704768
1791079862632183,57866,7,4149,1543,122230,56900694202,1274128018,2081464,45,4096,1381990400
1791079862738299,58017,7,4160,1543,122358,57010468117,1274380873,2081627,45,4096,1391226880
1791079862844782,58025,7,4171,1543,122274,57123167472,1274642737,2081795,45,4096,1400479744
1791079862950820,58106,7,4182,1543,122286,57235588964,1278201241,2081944,45,4096,1409757184
1791079863056745,58165,7,4194,1543,122100,57354175585,1278446703,2082142,45,4096,1419014144
1791079863162834,58284,7,4206,1543,122228,57471458483,1280121705,2082335,45,4096,1432940544
1791079863268839,58340,7,4217,1543,122107,57588490107,1282469946,2082494,45,4096,1442238464
1791079863376029,58376,7,4229,1543,122042,57702309297,1282941505,2082686,45,4096,1451491328
1791079863482093,58473,7,4240,1543,122042,57811424047,1283888597,2082880,45,4096,1460756480
1791079863588673,58633,7,4252,1543,122111,57930522633,1284664695,2083066,45,4096,1470062592
1791079863694986,58662,7,4263,1543,122111,58041620447,1285437939,2083238,45,4096,1479331840
1791079863801163,58678,7,4273,1543,122143,58146489490,1285678371,2083416,45,4096,1488560128
1791079863908245,58801,7,4285,1543,122271,58265064602,1288010277,2083599,45,4096,1502478336
1791079864014505,58841,7,4297,1543,122211,58381873241,1288340819,2083785,45,4096,1511727104
1791079864121092,58841,7,4308,1543,122164,58493034643,1290093898,2083960,45,4096,1521033216
1791079864227621,58844,7,4319,1543,122164,58602195222,1292153522,2084118,45,4096,1530298368
1791079864333627,58844,7,4330,1543,122098,58712096382,1293288500,2084283,45,4096,1539563520
1791079864439156,58984,7,4341,1543,121895,58822070063,1293487082,2084456,45,4096,1548877824
1791079864545194,59200,7,4352,1543,122087,58930307018,1294411272,2084620,45,4096,1558147072
1791079864651376,59213,7,4363,1543,122087,59043511732,1295787910,2084802,45,4096,1572048896
1791079864758082,59225,7,4373,1543,122087,59144132257,1295993235,2084989,45,4096,1581285376
1791079864863231,59239,7,4383,1543,121518,59247295752,1296689284,2085143,45,4096,1590595584
1791079864968984,59242,7,4394,1543,121518,59351784771,1298291831,2085307,45,4096,1599827968
1791079865074462,59296,7,4405,1543,121518,59467219090,1299296852,2085460,45,4096,1609129984
1791079865180097,59388,7,4417,1543,121537,59581127430,1301070740,2085620,45,4096,1618399232
1791079865285556,59452,7,4429,1543,121601,59699880364,1302710034,2085781,45,4096,1627693056
1791079865390947,59476,7,4441,1543,121601,59822135392,1305039376,2085948,45,4096,1636941824
1791079865497254,59492,7,4452,1543,121601,59938225731,1305210496,2086127,45,4096,1646202880
1791079865603388,59556,8,4464,1543,121084,60054840790,1306098407,2086407,45,4096,1716379648
1791079865709327,59760,8,4477,1543,121068,60181029333,1306512156,2086835,45,4096,1725657088
1791079865815004,59807,8,4490,1543,121100,60312980336,1306936096,2087300,45,4096,1739522048
1791079865921550,59855,8,4503,1543,121067,60444274638,1311225024,2087730,45,4096,1748795392
1791079866027121,59859,8,4515,1543,121067,60564538217,1311646279,2088182,45,4096,1758048256
1791079866132692,59880,8,4528,1543,121099,60694686283,1315090080,2088598,45,4096,1767350272
1791079866238687,59912,8,4541,1543,121131,60825888082,1318641004,2089039,45,4096,1776623616
1791079866344322,60270,8,4558,1543,121125,60997914048,1322776002,2089363,45,4096,1789972480
1791079866449800,60401,8,4580,1543,121253,61218025626,1322870038,2089535,45,4096,1808662528
1791079866556164,60548,8,4603,1543,122370,61440654980,1323226598,2089732,46,4096,1831555072
1791079866662748,60834,8,4625,1543,123168,61664311095,1326175156,2089910,46,4096,1850765312
1791079866768359,60834,8,4646,1543,123135,61879143470,1326545096,2090082,46,4096,1870221312
1791079866873873,60837,8,4667,1543,123135,62094129146,1329131755,2090238,46,4096,1890369536
1791079866980062,60917,8,4689,1544,123199,62315122980,1332340261,2090405,46,4096,1910583296
1791079867086017,60928,8,4710,1544,123711,62530477733,1335125655,2090567,46,4096,1931120640
1791079867191656,60934,8,4732,1544,123626,62753347603,1337089299,2090740,46,4096,1951657984
1791079867297960,60934,8,4754,1545,123626,62971150901,1339949351,2090880,46,4096,1972109312
1791079867403838,61053,8,4775,1546,123722,63199116737,1340285788,2091051,46,4096,1997541376
1791079867510137,61060,8,4797,1546,126282,63416160225,1341736996,2091256,46,4096,2018422784
1791079867616262,61127,8,4819,1547,126301,63640161540,1344310939,2091423,46,4096,2039484416
1791079867722540,61136,8,4840,1547,126163,63857300452,1345008400,2091579,46,4096,2060533760
1791079867828534,61139,8,4861,1548,126675,64075457064,1346865624,2091751,46,4096,2081193984
1791079867934274,61212,8,4883,1549,126669,64299517845,1347794069,2091905,46,4096,2102071296
1791079868040381,61241,8,4904,1549,126701,64519475160,1348119141,2092073,46,4096,2122891264
1791079868146498,61338,8,4926,1550,126797,64748445488,1350862573,2092234,46,4096,2143768576
1791079868253210,61343,8,4948,1551,127231,64970628282,1352847198,2092404,46,4096,2164862976
1791079868359833,61346,8,4969,1552,127116,65197395331,1355134892,2092650,46,4096,2190532608
1791079868466077,61420,8,4991,1552,127180,65413034141,1355482056,2092822,46,4096,2211389440
1791079868571559,61424,8,5012,1552,127180,65628287872,1357909775,2092993,46,4096,2232156160
1791079868677370,61477,8,5034,1553,127107,65850349397,1359989942,2093150,46,4096,2252328960
1791079868784024,61565,8,5051,1555,125122,66049278206,1360223581,2093368,46,4096,2269585408
1791079868891028,61702,8,5064,1558,125282,66204083560,1362510542,2093536,46,4096,2278895616
1791079868997302,61714,8,5076,1559,125282,66326124781,1363554836,2093706,46,4096,2288123904
1791079869103415,61735,8,5087,1559,125282,66445368838,1364119509,2093865,46,4096,2297421824
1791079869209448,61739,8,5099,1559,125241,66561884306,1366482845,2094062,46,4096,2311323648
1791079869315534,61929,8,5111,1559,125263,66688468702,1373247054,2094225,46,4096,2320588800
1791079869422971,61938,8,5124,1559,125295,66811211250,1373535354,2094393,46,4096,2329903104
1791079869529275,61940,8,5136,1559,125295,66931403359,1374466957,2094556,46,4096,2339168256
1791079869635805,61973,8,5148,1559,125251,67052425036,1374712941,2094714,46,4096,2348462080
1791079869742393,61976,8,5159,1559,125077,67165946724,1374944365,2094871,46,4096,2357698560
1791079869848176,62021,8,5170,1559,125077,67278366606,1375248049,2095031,46,4096,2366959616
1791079869954248,62099,8,5181,1559,125052,67390962366,1376054216,2095210,46,4096,2380853248
1791079870061096,62122,8,5192,1559,125052,67503184023,1376306482,2095387,46,4096,2390151168
1791079870167456,62358,8,5203,1560,125041,67614845613,1378478299,2095572,46,4096,2399420416
1791079870273617,62425,8,5215,1560,125105,67728000522,1379255852,2095716,46,4096,2408722432
1791079870379590,62526,8,5226,1560,125201,67840686882,1379490604,2095887,46,4096,2417971200
1791079870485181,62608,8,5237,1560,125297,67951681340,1379612893,2096055,46,4096,2427228160
1791079870591678,62631,8,5249,1560,125264,68069976642,1380984544,2096224,46,4096,2436534272
1791079870698612,62644,8,5261,1560,125223,68188799386,1382567211,2096384,46,4096,2445807616
1791079870805620,62647,8,5271,1560,125129,68294701819,1382734414,2096570,46,4096,2459684864
1791079870911565,62650,8,5282,1560,125095,68402680474,1383186644,2096745,46,4096,2468958208
1791079871017917,62650,8,5293,1560,125095,68513658418,1383524310,2096926,46,4096,2478206976
1791079871123503,62669,8,5304,1560,125095,68627533972,1388091364,2097101,46,4096,2487508992
1791079871229189,62863,8,5316,1560,125255,68750958817,1389360573,2097268,46,4096,2496786432
1791079871335840,62940,8,5328,1560,125160,68871341397,1389666379,2097424,46,4096,2506047488
1791079871441336,62974,8,5341,1560,125099,68993189743,1390255946,2097604,46,4096,2515361792
1791079871547062,63109,8,5352,1561,125227,69113683272,1391251790,2097767,46,4096,2524631040
1791079871652914,63203,8,5364,1561,125158,69231960834,1392387478,2097940,46,4096,2538508288
1791079871759145,63215,8,5374,1561,125087,69342407197,1393461149,2098132,46,4096,2547769344
1791079871865187,63345,8,5386,1562,125215,69462459344,1396266928,2098307,46,4096,2557079552
1791079871970811,63365,8,5397,1562,125215,69576531093,1398935350,2098465,46,4096,2566307840
1791079872076180,63368,8,5408,1562,125112,69688083490,1400112142,2098629,46,4096,2575605760
1791079872182480,63451,8,5420,1562,125176,69804761946,1402438708,2098790,46,4096,2584875008
1791079872288583,63453,8,5431,1562,125121,69920153505,1403530242,2098954,46,4096,2594172928
1791079872395342,63461,8,5442,1562,125121,70029541440,1404764785,2099129,46,4096,2603417600
1791079872501810,63506,8,5454,1562,125120,70142695979,1406735463,2099303,46,4096,2612674560
1791079872607917,63605,8,5465,1563,125216,70262628689,1408862997,2099507,46,4096,2626637824
1791079872713810,63606,8,5475,1563,125180,70365939385,1409053075,2099677,46,4096,2635870208
1791079872819169,63629,8,5487,1563,125180,70479837390,1410347107,2099839,46,4096,2645131264
1791079872924631,63665,8,5498,1563,125180,70599246182,1410790752,2099974,46,4096,2654404608
1791079873030309,63667,8,5509,1563,125112,70706571687,1411024698,2100151,46,8192,2663653376
1791079873135985,63742,8,5520,1563,125048,70813490243,1412221744,2100312,46,8192,2672959488
1791079873241536,63862,8,5531,1563,125038,70929598769,1412339556,2100484,46,8192,2682228736
1791079873346784,63985,8,5543,1563,125069,71044060526,1415004962,2100643,46,8192,2691493888
1791079873452085,64147,8,5555,1564,124990,71165503372,1415846344,2100814,46,8192,2700808192
1791079873557697,64323,8,5566,1564,125118,71281367208,1417763150,2101004,46,8192,2714710016
1791079873664501,64370,8,5576,1565,125001,71391297860,1419645572,2101176,46,8192,2723975168
1791079873770619,64422,8,5587,1565,125033,71501347663,1419907906,2101338,46,8192,2733211648
1791079873876292,64591,8,5598,1565,125081,71616118693,1420223220,2101495,46,8192,2742525952
1791079873981792,64593,8,5609,1565,125081,71722131961,1422119136,2101666,46,8192,2751758336
1791079874087500,64665,8,5620,1565,125026,71832902034,1422161707,2101822,46,8192,2761060352
1791079874193158,64841,8,5631,1565,125186,71949113220,1423711213,2101988,46,8192,2770321408
1791079874298665,64857,8,5642,1566,125218,72059289041,1424406531,2102158,46,8192,2779619328
1791079874404995,64865,8,5653,1566,125147,72169706330,1425537176,2102336,46,8192,2793533440
1791079874511650,64871,8,5663,1566,125067,72277465299,1427533715,2102511,46,8192,2802802688
1791079874617683,65081,8,5675,1566,125161,72400035854,1428079332,2102678,46,8192,2812088320
1791079874724145,65166,8,5687,1566,125131,72509705220,1429291372,2102842,46,8192,2821320704
1791079874829789,65257,8,5697,1566,125110,72619916487,1429986431,2103017,46,8192,2830581760
1791079874936389,65431,8,5709,1566,125099,72739700181,1431496693,2103170,46,8192,2839859200
1791079875042885,65520,8,5720,1566,125163,72850237303,1431640333,2103337,46,8192,2849107968
1791079875148675,65522,8,5731,1566,125163,72959942924,1433232577,2103500,46,8192,2858414080
1791079875254215,65527,8,5742,1566,125073,73067294421,1433439315,2103703,46,8192,2872340480
1791079875360010,65600,8,5753,1566,125105,73176154788,1434376807,2103883,46,8192,2879086592
1791079875466090,65741,8,5764,1566,125265,73298047992,1434776910,2104064,46,8192,2890858496
1791079875572715,65786,8,5777,1567,125297,73417794618,1439485789,2104240,46,8192,2900164608
1791079875678217,65860,8,5788,1567,125209,73533669842,1442576485,2104399,46,8192,2909429760
1791079875784228,65862,8,5799,1567,125209,73645735615,1444393335,2104569,46,8192,2918662144
1791079875889900,65894,8,5811,1567,125159,73758435241,1444556575,2104728,46,8192,2927972352
1791079875995256,65896,8,5821,1567,125051,73863899311,1445472981,2104902,46,8192,2937204736
1791079876101085,66206,8,5832,1567,124935,73973776763,1446641979,2105065,46,8192,2946506752
1791079876206711,66562,8,5842,1567,125103,74084719853,1447033007,2105263,46,8192,2960408576
1791079876312584,66586,8,5854,1568,125103,74206769180,1448816964,2105440,46,8192,2969669632
1791079876419481,66594,8,5866,1568,125135,74320701646,1449141454,2105622,46,8192,2978979840
1791079876525652,66667,8,5877,1568,125167,74439515939,1450068950,2105784,46,8192,2988253184
1791079876632147,66671,8,5888,1568,125167,74551851570,1451716539,2105969,46,8192,2997542912
1791079876738479,66758,8,5900,1568,125185,74668543430,1452584955,2106136,46,8192,3006775296
1791079876844355,66774,8,5912,1569,125182,74786647348,1453516079,2106310,46,8192,3016032256
1791079876951039,66775,8,5923,1569,125182,74906053834,1454495212,2106480,46,8192,3028414464
1791079877057918,66836,8,5935,1569,125214,75019315465,1454827006,2106677,46,8192,3039232000
1791079877163911,66854,8,5946,1569,125073,75135042415,1457524450,2106861,46,8192,3048501248
1791079877270554,66900,9,5957,1570,123381,75254125852,1459673871,2107148,46,8192,3113730048
1791079877376341,67089,9,5969,1571,123507,75381251169,1461471714,2107564,46,8192,3122991104
1791079877482257,67177,9,5982,1571,123571,75517494708,1466049877,2108005,46,8192,3136892928
1791079877589818,67187,9,5995,1571,123571,75646061432,1467468636,2108405,46,8192,3146199040
1791079877695994,67256,9,6007,1572,123538,75774712526,1467689302,2108823,46,8192,3155468288
1791079877801909,67289,9,6019,1573,123538,75900655481,1468076378,2109255,46,8192,3164704768
1791079877907388,67418,9,6031,1573,123524,76026678138,1468473396,2109700,46,8192,3174027264
1791079878013820,67429,9,6042,1574,123524,76146946986,1468821148,2110146,46,8192,3187990528
1791079878120044,69686,9,6059,1579,122777,76368467958,1470343455,2110317,46,8192,3205439488
1791079878226201,71530,9,6077,1583,122797,76588245117,1474641194,2110506,46,8192,3223326720
1791079878332903,71551,9,6099,1584,122732,76811019590,1478823852,2110668,46,8192,3244478464
1791079878439250,71616,9,6120,1585,122796,77034954917,1479313001,2110838,46,8192,3265773568
1791079878545744,71623,9,6142,1585,122764,77256139772,1481182467,2110999,46,8192,3287044096
1791079878652522,71625,9,6162,1586,122764,77472676718,1481658864,2111179,46,8192,3312795648
1791079878758468,71625,9,6183,1587,122764,77685031890,1482157489,2111350,46,8192,3328770048
1791079878864156,71950,9,6206,1587,123541,77919680124,1485467360,2111506,46,8192,3354304512
1791079878970608,72024,9,6228,1588,124043,78148223437,1487151801,2111710,46,8192,3375341568
1791079879077371,72028,9,6249,1589,124043,78365873760,1487933241,2111901,46,8192,3396362240
1791079879183684,72031,9,6271,1589,124043,78586484502,1488370805,2112099,46,8192,3417481216
1791079879290160,72061,9,6292,1590,123985,78814737062,1489829140,2112269,46,8192,3438792704
1791079879396347,72244,9,6313,1591,123891,79032937144,1491037163,2112466,46,8192,3459686400
1791079879501807,72464,9,6335,1592,126163,79257493143,1494268977,2112660,46,8192,3480264704
1791079879607257,72505,9,6357,1593,126095,79485853074,1496573176,2112871,46,8192,3501629440
1791079879713852,72570,9,6379,1593,126671,79716295116,1497975605,2113066,46,8192,3527577600
1791079879820004,72574,9,6400,1595,126616,79931148811,1501187533,2113275,46,8192,3548864512
1791079879925505,72576,9,6420,1596,126616,80148006526,1503604099,2113466,46,8192,3570262016
1791079880032159,72576,9,6440,1597,126470,80363527037,1503823290,2113651,46,8192,3591507968
1791079880137992,72646,9,6461,1598,126534,80580723131,1505902483,2113824,46,8192,3612786688
1791079880243868,72651,9,6482,1599,127046,80795763082,1507984780,2113997,46,8192,3633938432
1791079880350225,72751,9,6503,1599,126952,81012238845,1509932878,2114162,46,8192,3654705152
1791079880455835,72961,9,6525,1600,127033,81238252044,1510112206,2114360,46,8192,3680518144
1791079880562241,73058,9,6546,1601,127129,81454266186,1513950606,2114557,46,8192,3701424128
1791079880668546,73110,9,6566,1602,126306,81672596177,1515675065,2114718,46,8192,3722223616
1791079880774897,73265,9,6580,1605,123906,81841015426,1515737620,2115936,46,8192,3732041728
1791079880882555,74595,9,6593,1608,132393,81992012929,1519827337,2116110,46,8192,3745947648
1791079880988093,74622,9,6604,1610,129460,82120526235,1521095251,2116284,46,8192,3755184128
1791079881093558,74623,9,6615,1610,129460,82234245791,1523015494,2116445,46,8192,3764477952
1791079881199701,74635,9,6627,1610,129460,82356143906,1524240487,2116617,46,8192,3773751296
1791079881306100,74646,9,6638,1610,129460,82472036034,1525420288,2116808,46,8192,3787649024
1791079881412904,74646,9,6649,1610,129460,82585660123,1525834998,2116988,46,8192,3792310272
1791079881518830,74648,9,6661,1610,129460,82698430218,1528972672,2117183,46,8192,3806228480
1791079881624874,74654,9,6673,1611,129460,82823095966,1530760523,2117379,46,8192,3815518208
1791079881731382,74664,9,6684,1611,129460,82937509384,1531295935,2117565,46,8192,3824750592
1791079881837065,74668,9,6696,1611,126657,83050823667,1531674678,2117752,46,8192,3834011648
1791079881942667,74670,9,6707,1611,126657,83160712522,1533769801,2117930,46,8192,3843284992
1791079882049099,74673,9,6718,1611,126657,83275706181,1534313303,2118114,46,8192,3852533760
1791079882155883,74678,9,6730,1611,126657,83397048299,1535305933,2118298,46,8192,3866472448
1791079882262613,74683,9,6742,1611,126657,83515561339,1535710214,2118506,46,8192,3875774464
1791079882369154,74683,9,6752,1611,126657,83622444800,1536228007,2118693,46,8192,3885023232
1791079882475336,74683,9,6764,1611,126657,83735531314,1538874343,2118876,46,8192,3894276096
1791079882581216,74685,9,6775,1612,126657,83849689926,1540792979,2119061,46,8192,3903721472
1791079882687489,74690,9,6786,1612,126567,83962525416,1541153836,2119230,46,8192,3912990720
1791079882793866,74694,9,6797,1612,126567,84073763149,1541539061,2119410,46,8192,3922219008
1791079882899821,74696,9,6808,1612,126567,84184243939,1543787441,2119586,46,8192,3931529216
1791079883005551,74703,9,6819,1612,126567,84300546713,1544288145,2119797,46,8192,3945394176
1791079883111969,74708,9,6830,1613,126567,84408803425,1546816645,2120002,46,8192,3954696192
1791079883218521,74710,9,6842,1613,126567,84529858337,1548451913,2120182,46,8192,3963969536
1791079883324969,74718,9,6854,1613,126567,84647309615,1550131845,2120408,46,8192,3973230592
1791079883430567,74720,9,6864,1613,126567,84755380045,1550542939,2120596,46,8192,3982540800
1791079883536715,74722,9,6875,1613,126567,84864802026,1551297008,2120775,46,8192,3991814144
1791079883643146,74722,9,6887,1613,126567,84981989430,1553901927,2120970,46,8192,4001099776
1791079883749704,74722,9,6898,1613,126567,85097521277,1554203656,2121148,46,8192,4010885120
1791079883856076,74724,9,6908,1614,126567,85202915712,1554928192,2121349,46,8192,4024254464
1791079883961891,74725,9,6919,1614,126567,85308101147,1556591060,2121541,46,8192,4033486848
1791079884067210,74726,9,6930,1614,126567,85416608698,1559285852,2121696,46,8192,4042784768
1791079884172709,74727,9,6941,1614,126182,85532548777,1560796163,2121847,46,8192,4052058112
1791079884278581,74731,9,6952,1614,126182,85641293250,1562553579,2122008,46,8192,4061356032
1791079884384042,74732,9,6962,1614,124216,85746406513,1562755460,2122178,46,8192,4070608896
1791079884489177,74732,9,6974,1614,124216,85864377066,1563314765,2122336,46,8192,4079869952
1791079884594941,74733,9,6985,1614,124216,85975324935,1565438944,2122503,46,8192,4089176064
1791079884700545,74735,9,6996,1614,124216,86087926313,1566260289,2122668,46,8192,4103053312
1791079884807832,74735,9,7007,1614,124216,86194435492,1566649508,2122848,46,8192,4112322560
1791079884913384,74742,9,7017,1614,124216,86298090652,1567210133,2123033,46,8192,4121600000
1791079885018905,74742,9,7027,1614,124216,86401981589,1567447452,2123213,46,8192,4130840576
1791079885124378,74743,9,7039,1614,124216,86514434198,1568209717,2123398,46,8192,4140146688
1791079885229706,74744,9,7051,1614,124216,86635068938,1571132908,2123573,46,8192,4149420032
1791079885335390,74749,9,7062,1615,124216,86753116667,1571661013,2123746,46,8192,4158685184
1791079885440520,74749,9,7073,1615,124216,86862577546,1572011653,2123950,46,8192,4167999488
1791079885546635,74753,9,7084,1615,123468,86978864218,1573372364,2124114,46,8192,4177272832
1791079885652941,74755,9,7095,1615,123468,87088971787,1576283151,2124300,46,8192,4186554368
1791079885758614,74756,9,7107,1615,123468,87202385602,1577645012,2124520,46,8192,4200402944
1791079885864296,74758,9,7117,1616,123468,87308842207,1579302261,2124704,46,8192,4209713152
1791079885969621,74759,9,7128,1616,123324,87422864272,1581570388,2124906,46,8192,4218945536
1791079886075334,74759,9,7139,1616,123324,87532373953,1582659958,2125072,46,8192,4228247552
1791079886181107,74761,9,7149,1616,123324,87643014215,1583530678,2125236,46,8192,4237516800
1791079886286690,74773,9,7161,1617,122801,87757110229,1584594553,2125401,46,8192,4246818816
1791079886392353,74998,9,7172,1617,123025,87869048467,1584843410,2125567,46,8192,4256063488
1791079886497562,75121,9,7182,1617,123070,87974241806,1586767692,2125752,46,8192,4265324544
1791079886603389,75264,9,7194,1617,123198,88097823933,1587231161,2125938,46,8192,4275933184
1791079886709226,75265,9,7205,1617,123087,88204983210,1588240994,2126153,46,8192,4288516096
1791079886815079,75266,9,7216,1617,123036,88314214445,1588863026,2126340,46,8192,4297773056
1791079886921358,75298,9,7227,1617,123036,88425027088,1589994414,2126503,46,8192,4307046400
1791079887027306,75424,9,7239,1617,122807,88541058028,1590535175,2126682,46,8192,4316295168
1791079887133583,75680,9,7250,1617,122943,88655232582,1592593327,2126839,46,8192,4325601280
1791079887239533,75790,9,7260,1618,123039,88766807343,1592945830,2126996,46,8192,4334866432
1791079887345214,76097,9,7272,1618,123169,88883127464,1594152844,2127165,46,8192,4344131584
1791079887451612,76107,9,7284,1618,123201,89004220948,1594947511,2127327,46,8192,4353445888
1791079887557716,76110,9,7297,1618,123133,89128076398,1596287354,2127517,46,8192,4367351808
1791079887664245,76179,9,7308,1618,123130,89248083077,1603511154,2127706,46,8192,4376621056
1791079887771180,76181,9,7319,1618,123130,89361291042,1603947717,2127881,46,8192,4385857536
1791079887877269,76190,9,7330,1618,122974,89471372432,1604720459,2128048,46,8192,4395167744
1791079887982451,76268,9,7341,1619,122673,89580939333,1605008940,2128227,46,8192,4404400128
1791079888088716,76724,9,7352,1619,122877,89694695842,1605167176,2128386,46,8192,4413698048
1791079888194421,76874,9,7364,1619,123005,89812371771,1606306749,2128552,46,8192,4422967296
1791079888300136,76877,9,7375,1619,123005,89925962781,1607933169,2128711,46,8192,4432261120
1791079888406212,76960,9,7386,1619,122848,90041858539,1608454910,2128906,46,8192,4446175232
1791079888512549,77140,9,7398,1619,122902,90156113322,1610082173,2129100,46,8192,4455448576
1791079888618765,77321,9,7409,1620,122900,90270367712,1610611558,2129264,46,8192,4464730112
1791079888724541,77639,9,7420,1620,122992,90383073348,1610949304,2129428,46,8192,4473966592
1791079888830450,77645,9,7431,1620,123024,90493002217,1611725773,2129613,46,8192,4483235840
1791079888935860,77904,10,7440,1622,122906,90616368496,1612178389,2129911,46,8192,4553093120
1791079889041730,77921,10,7453,1623,122938,90742510063,1612525694,2130320,46,8192,4562337792
1791079889147345,78134,10,7465,1624,123046,90870237454,1614963985,2130730,46,8192,4571639808
1791079889253411,78153,10,7476,1625,122989,90997189131,1615573930,2131118,46,8192,4580913152
1791079889358847,78250,10,7488,1626,123053,91124738080,1617505504,2131555,46,8192,4590190592
1791079889465646,78308,10,7500,1626,123117,91252264252,1617766284,2131994,46,8192,4599504896
1791079889572422,78399,10,7513,1627,123110,91388236776,1619598452,2132410,46,8192,4613394432
1791079889679296,78659,10,7525,1629,123142,91530951789,1621104504,2132815,46,8192,4623966208
1791079889785414,80974,10,7541,1636,123063,91754831486,1622668697,2133022,46,8192,4641460224
1791079889891747,82710,10,7559,1640,123287,91978748036,1625066893,2133200,46,8192,4659982336
1791079889997859,82786,10,7581,1641,123306,92203955845,1625281105,2133363,46,8192,4680830976
1791079890103559,82838,10,7603,1641,123259,92431329049,1628470730,2133508,46,8192,4701609984
1791079890209536,83176,10,7625,1642,124101,92661680324,1630757202,2133695,46,8192,4727066624
1791079890317179,83184,10,7647,1643,124133,92889021745,1633546591,2133862,46,8192,4748070912
1791079890423062,83255,10,7669,1644,124197,93115993389,1634071753,2134031,46,8192,4769120256
1791079890529213,83309,10,7690,1645,125253,93340554067,1634800746,2134192,46,8192,4790272000
1791079890635237,83322,10,7712,1646,125215,93564265102,1637753375,2134373,46,8192,4811010048
1791079890741050,83323,10,7734,1647,125179,93787713299,1638166252,2134524,46,8192,4831997952
1791079890847356,83329,10,7755,1647,125179,94005766067,1638891917,2134698,46,8192,4852957184
1791079890953381,83337,10,7776,1648,125691,94220999557,1640168659,2134856,46,8192,4874129408
1791079891059573,83341,10,7798,1648,125622,94450850319,1640658504,2135047,46,8192,4900118528
1791079891166630,83421,10,7819,1650,127222,94677710799,1643767905,2135213,46,8192,4920762368
1791079891272198,83516,10,7840,1651,127179,94897332583,1644967601,2135367,46,8192,4941565952
1791079891377644,83622,10,7861,1652,127672,95119700085,1646722943,2135545,46,8192,4962299904
1791079891483964,83634,10,7883,1653,127704,95350827647,1649864805,2135712,46,8192,4983156736
1791079891589714,83635,10,7904,1655,127602,95576970010,1654357560,2135883,46,8192,5004288000
1791079891695481,83853,10,7926,1656,127655,95807433689,1655183374,2136034,46,8192,5025128448
1791079891802119,83857,10,7948,1657,127583,96040454998,1656020423,2136217,46,8192,5045534720
1791079891908005,84050,10,7970,1658,128038,96267164117,1659627810,2136396,46,8192,5066317824
1791079892014163,84055,10,7991,1660,128070,96492995894,1661482850,2136593,46,8192,5091581952
1791079892120408,84145,10,8012,1661,128101,96715899692,1663534604,2136751,46,8192,5112500224
1791079892226660,84224,10,8033,1662,128165,96939552046,1666320356,2136925,46,8192,5133504512
1791079892332685,84231,10,8054,1663,128197,97158176120,1667620041,2137068,46,8192,5154811904
1791079892440052,86359,10,8073,1666,125606,97378310791,1667844081,2137252,46,8192,5174218752
1791079892548317,87257,10,8085,1667,127014,97497125157,1667934181,2137552,46,8192,5178814464
1791079892654266,90926,10,8097,1670,130861,97659897605,1675573470,2137727,46,8192,5192769536
1791079892759813,90939,10,8109,1671,130893,97786003707,1678891185,2137938,46,8192,5206609920
1791079892865702,90948,10,8120,1671,130893,97897453218,1679143060,2138134,46,8192,5215920128
1791079892971588,90954,10,8131,1672,130777,98007313449,1680792154,2138315,46,8192,5225152512
1791079893077053,90977,10,8142,1672,130777,98121843450,1681398886,2138478,46,8192,5234450432
1791079893183005,90989,10,8153,1672,130809,98231733575,1682375573,2138647,46,8192,5243715584
1791079893288909,90990,10,8163,1672,130775,98335734105,1683423635,2138812,46,8192,5253021696
1791079893394179,90999,10,8173,1673,130724,98442675218,1684245339,2138990,46,8192,5262270464
1791079893500082,91001,10,8184,1673,128867,98558439654,1684899608,2139154,46,8192,5271527424
1791079893605805,91077,10,8196,1673,126146,98675962506,1687818209,2139356,46,8192,5285490688
1791079893712087,91079,10,8207,1673,126146,98784667940,1688317769,2139542,46,8192,5294723072
1791079893818384,91079,10,8218,1673,126146,98898999087,1689668694,2139719,46,8192,5303980032
1791079893924037,91079,10,8229,1674,126146,99012842221,1690168274,2139890,46,8192,5313253376
1791079894029997,91080,10,8241,1674,126146,99128920245,1690511615,2140070,46,8192,5322502144
1791079894136236,91087,10,8251,1675,126146,99245207842,1693133907,2140234,46,8192,5331808256
1791079894242212,91087,10,8263,1675,126146,99357680470,1693912252,2140406,46,8192,5341081600
1791079894347716,91088,10,8273,1675,126146,99461884340,1695279797,2140597,46,8192,5350346752
1791079894453915,91089,10,8284,1675,126146,99578399815,1695781469,2140802,46,8192,5364244480
1791079894559582,91091,10,8295,1675,126146,99686413997,1697102575,2141021,46,8192,5373558784
1791079894666098,91093,10,8306,1676,126146,99801542250,1700393548,2141232,46,8192,5382832128
1791079894771831,91095,10,8317,1676,126146,99915666414,1703347255,2141427,46,8192,5392060416
1791079894877983,91095,10,8327,1676,126146,100023187553,1704433848,2141603,46,8192,5401370624
1791079894984534,91095,10,8339,1676,126146,100135435516,1706780972,2141789,46,8192,5410603008
1791079895090975,91096,10,8350,1677,126146,100252242239,1708084136,2141962,46,8192,5419900928
1791079895197324,91098,10,8361,1677,126146,100364134574,1708943463,2142137,46,8192,5429174272
1791079895304405,91101,10,8372,1677,126146,100479725603,1711013950,2142296,46,8192,5438472192
1791079895410028,91103,10,8384,1677,126146,100595916006,1711861993,2142518,46,8192,5452382208
1791079895515518,91104,10,8395,1678,126146,100711136472,1713587798,2142699,46,8192,5461655552
1791079895621540,91104,10,8406,1678,126146,100826654332,1715387156,2142872,46,8192,5470945280
1791079895727715,91105,10,8417,1678,126146,100935049161,1716765819,2143027,46,8192,5480177664
1791079895833695,91109,10,8429,1678,126146,101052803860,1719374279,2143200,46,8192,5489438720
1791079895939182,91111,10,8440,1678,126146,101168603472,1720255447,2143351,46,8192,5498712064
1791079896045393,91113,10,8451,1678,126146,101275288762,1720427812,2143513,46,8192,5507956736
1791079896151490,91115,10,8461,1679,126107,101383812140,1722155604,2143680,46,8192,5521887232
1791079896258502,91118,10,8472,1679,126107,101492257565,1722998440,2143874,46,8192,5531197440
1791079896365616,91119,10,8483,1679,125952,101606368960,1723145526,2144069,46,8192,5540450304
1791079896470869,91125,10,8494,1679,125820,101717693542,1724358588,2144219,46,8192,5549711360
1791079896576423,91126,10,8505,1680,125820,101834877240,1726470202,2144382,46,8192,5559021568
1791079896682012,91126,10,8515,1680,125609,101937720310,1727467197,2144566,46,8192,5568290816
1791079896787706,91129,10,8526,1680,125577,102043797994,1728184988,2144750,46,8192,5577519104
1791079896894228,91204,10,8538,1680,125575,102163013292,1729400955,2144918,46,8192,5586829312
1791079897000223,91254,10,8549,1681,125542,102281056128,1729563440,2145082,46,8192,5596061696
1791079897106032,91340,10,8561,1681,125606,102402270942,1730280450,2145249,46,8192,5605371904
1791079897211982,91417,10,8573,1681,125540,102525632112,1731379636,2145445,46,8192,5619261440
1791079897318997,91422,10,8584,1681,125540,102635069446,1731515925,2145603,46,8192,5628526592
1791079897424683,91500,10,8595,1681,125494,102747109629,1733230241,2145773,46,8192,5637832704
1791079897530128,91538,10,8606,1681,125427,102857312072,1737839643,2145946,46,8192,5647106048
1791079897636068,91770,10,8618,1682,125544,102980184734,1740513724,2146119,46,8192,5656399872
1791079897741555,91776,10,8629,1682,124504,103091222801,1742021542,2146279,46,8192,5665632256
1791079897847683,91804,10,8641,1682,124448,103213160860,1744530485,2146441,46,8192,5674893312
1791079897953978,91950,10,8653,1683,124333,103337239881,1744834190,2146603,46,8192,5688786944
1791079898060235,92058,10,8663,1683,124320,103451265109,1746428039,2146787,46,8192,5698093056
1791079898166628,92384,10,8674,1683,124331,103560893733,1748174934,2146962,46,8192,5707358208
1791079898272361,92528,10,8686,1683,124491,103673949564,1749443002,2147131,46,8192,5716656128
1791079898378029,92536,10,8696,1684,124491,103780490962,1750485613,2147328,46,8192,5725904896
1791079898483934,92543,10,8706,1684,124444,103886079024,1752160517,2147505,46,8192,5735165952
1791079898589670,92853,10,8717,1685,124504,104000041354,1753215790,2147657,46,8192,5744476160
1791079898696514,92853,10,8727,1685,124504,104104377628,1753582209,2147806,46,8192,5753745408
1791079898802783,92860,10,8738,1685,124423,104209787626,1754464457,2147980,46,8192,5767610368
1791079898908638,92929,10,8749,1685,124487,104324314691,1755989785,2148162,46,8192,5776896000
1791079899015847,92930,10,8759,1686,124381,104434546278,1758649079,2148354,46,8192,5786144768
1791079899121444,92930,10,8770,1686,124381,104542930056,1760184547,2148508,46,8192,5795442688
1791079899227136,92937,10,8781,1686,124381,104651351630,1761922625,2148665,46,8192,5804711936
1791079899332833,92941,10,8791,1686,124381,104759015507,1763245964,2148837,46,8192,5813972992
1791079899438264,93032,10,8802,1686,124412,104865899301,1763321465,2149007,46,8192,5823287296
1791079899543485,93140,10,8813,1687,124431,104984535271,1764504050,2149175,46,8192,5832560640
1791079899649152,93223,10,8825,1687,124379,105101945209,1766140151,2149341,46,8192,5841842176
1791079899754738,93298,10,8836,1687,124406,105211895513,1766312754,2149503,46,8192,5855694848
1791079899861446,93304,10,8847,1687,124406,105321166559,1770273387,2149696,46,8192,5865009152
1791079899968297,93417,10,8858,1687,124422,105440556758,1771704650,2149847,46,8192,5874237440
1791079900073624,93422,10,8869,1688,124422,105549155958,1772007764,2150014,46,8192,5883539456
1791079900179405,93432,10,8880,1688,124454,105660888425,1773151254,2150176,46,8192,5892812800
1791079900285072,93451,10,8891,1688,124422,105771262815,1774058279,2150337,46,8192,5902106624
1791079900390808,93491,10,8902,1688,124422,105880358844,1774877252,2150508,46,8192,5911363584
1791079900496561,93499,10,8913,1688,124364,105990546229,1775945483,2150684,46,8192,5920624640
1791079900602692,93868,11,8923,1690,124441,106115401132,1779444219,2151041,46,8192,5990518784
1791079900708321,93876,11,8935,1691,124404,106242578591,1779944457,2151471,46,8192,5999792128
1791079900814012,93896,11,8947,1692,124404,106370423168,1781649826,2151894,46,8192,6009024512
1791079900920378,94018,11,8959,1693,124379,106505168485,1785149409,2152309,46,8192,6022934528
1791079901026336,94037,11,8972,1693,124411,106633026277,1790305633,2152765,46,8192,6032187392
1791079901132173,94113,11,8983,1694,124422,106757331598,1790476773,2153203,46,8192,6041489408
1791079901237740,94133,11,8994,1695,124380,106876413898,1795061868,2153649,46,8192,6050754560
1791079901343458,95107,11,9008,1698,124304,107042220269,1795423065,2153972,46,8192,6063562752
1791079901449545,97615,11,9026,1702,124432,107266805760,1796092212,2154149,46,8192,6081204224
1791079901556017,98475,11,9046,1705,124464,107493494342,1803044086,2154346,46,8192,6105235456
1791079901662942,98489,11,9067,1706,124464,107716680321,1807489875,2154531,46,8192,6126120960
1791079901768645,98549,11,9087,1708,124357,107935511158,1809310804,2154706,46,8192,6147207168
1791079901875083,98551,11,9107,1709,124357,108152087719,1810486076,2154867,46,8192,6168322048
1791079901981138,98639,11,9129,1710,124420,108381098591,1813305551,2155040,46,8192,6188765184
1791079902087362,98642,11,9151,1711,124420,108604946121,1814832165,2155206,46,8192,6209974272
1791079902193162,98642,11,9172,1712,124381,108825315925,1816408692,2155376,46,8192,6231064576
1791079902299332,98645,11,9193,1713,124381,109046729874,1816498170,2155531,46,8192,6252109824
1791079902405273,98647,11,9214,1713,124349,109265192838,1817684723,2155726,46,8192,6277672960
1791079902511359,98651,11,9235,1714,124349,109484290813,1819394138,2155919,46,8192,6298312704
1791079902618122,98678,11,9257,1715,124349,109706509424,1823398179,2156091,46,8192,6319583232
1791079902724800,98750,11,9279,1716,124381,109931966888,1825439481,2156239,46,8192,6340935680
1791079902831648,98783,11,9300,1717,125927,110156127890,1826675303,2156402,46,8192,6361837568
1791079902937204,98789,11,9321,1718,125927,110374013395,1826893463,2156542,46,8192,6382731264
1791079903043234,98840,11,9342,1719,125927,110601825771,1830158558,2156712,46,8192,6403145728
1791079903149449,98955,11,9363,1721,126087,110830302473,1831676273,2156868,46,8192,6423928832
1791079903256174,99066,11,9385,1722,126183,111057936269,1835520846,2157061,46,8192,6449528832
1791079903362454,99176,11,9405,1724,126219,111272963130,1836980009,2157248,46,8192,6470717440
1791079903468757,99322,11,9427,1725,126379,111498467173,1837962176,2157408,46,8192,6492045312
1791079903574862,99456,11,9448,1726,127019,111727570321,1840564534,2157583,46,8192,6513324032
1791079903681121,99460,11,9470,1727,126987,111949555291,1842496499,2157741,46,8192,6534549504
1791079903787576,99462,11,9491,1728,126987,112175624440,1843597040,2157912,46,8192,6555860992
1791079903894038,99465,11,9513,1729,126987,112397822649,1845599576,2158079,46,8192,6577180672
1791079903999653,99466,11,9534,1730,126987,112626746078,1847104909,2158261,46,8192,6598131712
1791079904105517,102086,11,9550,1733,124468,112817634238,1847693423,2158561,46,8192,6613094400
1791079904213645,107142,11,9561,1735,130530,112947388099,1848826986,2158716,46,8192,6617743360
1791079904320460,107236,11,9573,1738,130014,113103640241,1853473779,2158941,46,8192,6636236800
1791079904426906,107239,11,9586,1739,130014,113232865288,1855445397,2159131,46,8192,6645559296
1791079904533119,107239,11,9597,1739,130014,113345774520,1855589926,2159296,46,8192,6654828544
1791079904639059,107239,11,9608,1739,130014,113460960351,1856686400,2159477,46,8192,6664126464
1791079904745494,107241,11,9619,1740,130014,113573386089,1858176293,2159651,46,8192,6673358848
1791079904852247,107250,11,9631,1740,130014,113690852254,1858400082,2159831,46,8192,6682615808
1791079904958966,107254,11,9642,1740,129640,113812052045,1859695409,2160039,46,8192,6696509440
1791079905065585,107255,11,9653,1741,129640,113925561346,1862239657,2160200,46,8192,6705807360
1791079905171822,107259,11,9665,1741,126851,114039540897,1863806394,2160366,46,8192,6715076608
1791079905278598,107259,11,9676,1741,126851,114154053036,1865045215,2160520,46,8192,6724374528
1791079905384722,107260,11,9687,1741,126851,114265038035,1868054624,2160699,46,8192,6733627392
1791079905490458,107267,11,9698,1741,126851,114375854083,1871180937,2160858,46,8192,6742884352
1791079905596095,107270,11,9709,1741,126851,114493047120,1876166165,2161048,46,8192,6752190464
1791079905702060,107270,11,9721,1741,126851,114609708654,1878286455,2161220,46,8192,6766071808
1791079905808521,107271,11,9731,1742,126851,114721021385,1881034928,2161425,46,8192,6775341056
1791079905915317,107281,11,9742,1743,126851,114827713456,1882249192,2161574,46,8192,6784614400
1791079906020860,107282,11,9753,1743,126851,114937845493,1883109249,2161730,46,8192,6793859072
1791079906126324,107284,11,9764,1743,126851,115049369011,1883796002,2161890,46,8192,6803161088
1791079906232110,107286,11,9774,1744,126851,115161637955,1887169495,2162064,46,8192,6812434432
1791079906338425,107287,11,9785,1744,126851,115275887224,1887633048,2162229,46,8192,6821695488
1791079906444224,107297,11,9797,1744,126851,115391712854,1888787661,2162388,46,8192,6831009792
1791079906550330,107306,11,9807,1744,126851,115503627761,1890296754,2162545,46,8192,6844907520
1791079906657381,107306,11,9819,1744,126851,115616614094,1891429897,2162727,46,8192,6854180864
1791079906764032,107312,11,9830,1744,126851,115732989979,1893933105,2162922,46,8192,6863421440
1791079906870458,107320,11,9841,1745,126883,115841672133,1894638483,2163080,46,8192,6872727552
1791079906976420,107324,11,9853,1745,126883,115961612845,1896124330,2163263,46,8192,6881964032
1791079907082111,107325,11,9864,1746,126752,116082385613,1897906224,2163419,46,8192,6891261952
1791079907188256,107330,11,9876,1746,126752,116201194316,1901479909,2163595,46,8192,6900527104
1791079907293610,107332,11,9887,1746,126752,116320677036,1902093916,2163752,46,8192,6909825024
1791079907400167,107340,11,9899,1747,126752,116437639547,1902420552,2163931,46,8192,6919077888
1791079907506248,107343,11,9910,1747,126752,116553894649,1902645425,2164118,46,8192,6933008384
1791079907612531,107351,11,9922,1747,126659,116670028056,1902986750,2164307,46,8192,6942294016
1791079907718290,107351,11,9933,1747,126659,116781090083,1905206456,2164464,46,8192,6951526400
1791079907823797,107351,11,9944,1748,126575,116897345187,1906307448,2164629,46,8192,6960787456
1791079907930240,107351,11,9955,1748,126368,117011487093,1908041248,2164781,46,12288,6970064896
1791079908035722,107351,11,9966,1748,126093,117122205189,1909347062,2164943,46,12288,6979309568
1791079908141477,107353,11,9977,1749,124487,117240258546,1911479603,2165115,46,12288,6988615680
1791079908247417,107353,11,9988,1749,124487,117355883547,1912681956,2165281,46,12288,6997884928
1791079908353724,107354,11,9999,1749,124487,117468522346,1913857838,2165459,46,12288,7011790848
1791079908460867,107357,11,10010,1749,124487,117582154827,1915703122,2165674,46,12288,7021060096
1791079908567450,107405,11,10022,1750,124519,117695910432,1919154899,2165842,46,12288,7030366208
1791079908673238,107427,11,10032,1750,124519,117806529828,1919726584,2165998,46,12288,7039635456
1791079908779595,107515,11,10044,1750,124615,117922953903,1921876540,2166161,46,12288,7048867840
1791079908885795,107518,11,10055,1750,124615,118040329865,1922632052,2166327,46,12288,7058182144
1791079908991656,107595,11,10066,1751,124565,118152927535,1923744435,2166497,46,12288,7067410432
1791079909097356,107596,11,10078,1751,124467,118267468590,1924527409,2166657,46,12288,7076712448
1791079909203736,107669,11,10089,1751,124531,118380988173,1927095814,2166844,46,12288,7090601984
1791079909310114,107815,11,10099,1751,124401,118488197141,1928394298,2167041,46,12288,7099875328
1791079909416777,108014,11,10110,1752,124362,118603105448,1928633198,2167202,46,12288,7109185536
1791079909523194,108156,11,10122,1752,124360,118718841011,1928868050,2167361,46,12288,7118454784
1791079909629398,108324,11,10133,1752,124433,118836940402,1930524406,2167537,46,12288,7127744512
1791079909735772,108398,11,10144,1752,124362,118950643875,1931671787,2167700,46,12288,7136976896
1791079909841796,108512,11,10156,1752,124458,119070326564,1932723935,2167860,46,12288,7146237952
1791079909948044,108522,11,10168,1753,124277,119186340839,1934123098,2168021,46,12288,7155519488
1791079910053669,108554,11,10178,1753,124309,119292881819,1936014958,2168184,46,12288,7164760064
1791079910159826,108812,11,10190,1753,124282,119416311522,1936886886,2168376,46,12288,7178702848
1791079910266661,108924,11,10201,1754,124314,119534515091,1937539908,2168566,46,12288,7188000768
1791079910372187,109009,11,10211,1755,124410,119647862242,1938547061,2168760,46,12288,7197253632
1791079910478143,109168,11,10223,1755,124467,119764742547,1940348600,2168964,46,12288,7206514688
1791079910583890,109179,11,10234,1755,124467,119880115418,1940445785,2169148,46,12288,7215816704
1791079910689454,109179,11,10245,1756,124428,119991162103,1941588615,2169322,46,12288,7225085952
1791079910795113,109325,11,10255,1756,124433,120097265134,1943008546,2169523,46,12288,7234322432
1791079910902303,109400,11,10266,1756,124403,120207053899,1944117040,2169720,46,12288,7248232448
1791079911009512,109546,11,10276,1757,124438,120320847061,1944728570,2169927,46,12288,7257493504
1791079911116357,109556,11,10288,1757,124368,120433342042,1947014852,2170128,46,12288,7266795520
1791079911222460,109740,11,10299,1757,124287,120546266144,1947129719,2170308,46,12288,7276064768
1791079911328059,109960,11,10310,1758,124303,120659979444,1949600034,2170485,46,12288,7285325824
1791079911433522,110155,11,10321,1758,124395,120774247376,1950112327,2170696,46,12288,7294644224
1791079911540028,110237,11,10332,1758,124225,120884922883,1950567082,2170874,46,12288,7303913472
1791079911645390,110427,11,10343,1759,124385,121000417321,1951646052,2171062,46,12288,7313195008
1791079911751638,110433,11,10354,1759,124417,121108877603,1953214543,2171215,46,12288,7322427392
1791079911858101,110435,11,10365,1759,124381,121226777498,1955333159,2171422,46,12288,7336357888
1791079911964196,110577,11,10376,1759,124390,121341213358,1955772786,2171606,46,12288,7345582080
1791079912070131,110598,11,10388,1759,124390,121453728133,1957901521,2171768,46,12288,7354884096
1791079912176328,110599,12,10399,1760,124329,121577940450,1960307119,2171941,46,12288,7396405248
1791079912282709,110744,12,10409,1762,124425,121699091934,1960473391,2172321,46,12288,7429386240
1791079912388342,110776,12,10422,1762,124381,121830913522,1960619117,2172763,46,12288,7443296256
1791079912494580,110969,12,10435,1763,124429,121963925889,1961920649,2173189,46,12288,7452553216
1791079912600202,111058,12,10446,1764,124344,122091611715,1962464252,2173616,46,12288,7461859328
1791079912705760,111294,12,10458,1765,124477,122218840227,1963130839,2174063,46,12288,7471132672
1791079912811337,111308,12,10471,1765,124477,122347101714,1964482903,2174493,46,12288,7480377344
1791079912917052,111330,12,10483,1766,124509,122482309626,1969029006,2174927,46,12288,7494283264
1791079913023397,113370,12,10499,1771,123925,122687820505,1970445000,2175195,46,12288,7510392832
1791079913129248,115642,12,10514,1779,123925,122909505588,1970889519,2175388,46,12288,7527858176
1791079913234716,115801,12,10535,1780,124583,123131471268,1971468418,2175559,46,12288,7548731392
1791079913340890,116005,12,10556,1782,125118,123358841557,1974300656,2175745,46,12288,7569063936
1791079913446464,116013,12,10577,1783,125118,123579130900,1974696490,2175909,46,12288,7590113280
1791079913552072,116017,12,10596,1784,125150,123792506248,1975830363,2176079,46,12288,7615639552
1791079913657918,116061,12,10616,1786,125069,124014309201,1979775329,2176274,46,12288,7632809984
1791079913764230,116131,12,10639,1787,125101,124247712769,1983104764,2176451,46,12288,7657250816
1791079913870463,116146,12,10660,1789,126157,124470519775,1983582251,2176614,46,12288,7678214144
1791079913975691,116161,12,10681,1789,126157,124689162858,1984059389,2176780,46,12288,7699427328
1791079914081285,116244,12,10702,1791,126134,124912212009,1986738560,2176940,46,12288,7720460288
1791079914186832,116363,12,10723,1792,126581,125137301425,1991792575,2177104,46,12288,7741194240
1791079914292533,116394,12,10744,1793,126613,125364947902,1994007442,2177256,46,12288,7762251776
1791079914398283,116435,12,10766,1794,126598,125594359226,1996086485,2177422,46,12288,7783493632
1791079914504479,116472,12,10788,1795,128134,125818422716,1998225641,2177592,46,12288,7804796928
1791079914610131,116510,12,10809,1796,128117,126037741563,1999337001,2177773,46,12288,7826030592
1791079914715910,116609,12,10832,1797,128693,126276085920,2001305989,2177944,46,12288,7851614208
1791079914821687,116681,12,10853,1799,128661,126502443547,2005200619,2178113,46,12288,7872708608
1791079914927672,116975,12,10874,1800,128599,126729333367,2007180074,2178278,46,12288,7893839872
1791079915034291,117021,12,10896,1800,128631,126951455337,2007689735,2178465,46,12288,7914893312
1791079915141259,117042,12,10917,1802,128581,127179067390,2011109649,2178633,46,12288,7935832064
1791079915248551,117089,12,10940,1803,129085,127409243966,2013343762,2178821,46,12288,7956951040
1791079915355450,117191,12,10962,1804,129147,127642090038,2015006860,2179023,46,12288,7977435136
1791079915462069,117261,12,10983,1805,129179,127871876709,2015544561,2179236,46,12288,7998513152
1791079915568062,117276,12,11005,1807,129211,128102631536,2018002437,2179445,46,12288,8023875584
1791079915673670,117304,12,11026,1808,129113,128323808748,2019136691,2179626,46,12288,8044429312
1791079915779897,117435,12,11043,1812,126582,128529127608,2019428070,2179847,46,12288,8060796928
1791079915887456,119678,12,11053,1812,131803,128639092456,2019441936,2179941,46,12288,8060796928
1791079915993860,120589,12,11066,1817,133742,128814970022,2022353647,2180156,46,12288,8079327232
1791079916099475,120597,12,11078,1817,132345,128937883966,2022611570,2180304,46,12288,8088625152
1791079916205420,120603,12,11090,1818,132345,129060437480,2022798221,2180486,46,12288,8097910784
1791079916311330,120606,12,11102,1818,132345,129183933513,2024005183,2180657,46,12288,8107204608
1791079916417616,120612,12,11113,1819,132345,129305872224,2024498301,2180837,46,12288,8121106432
1791079916523044,120614,12,11125,1819,132345,129418215686,2025920758,2180996,46,12288,8130375680
1791079916629552,120614,12,11136,1819,132345,129533873806,2026951288,2181162,46,12288,8139665408
1791079916736266,120615,12,11147,1819,132345,129647751649,2027513356,2181313,46,12288,8148897792
1791079916841734,120615,12,11159,1819,132345,129763501660,2029793868,2181482,46,12288,8158162944
1791079916948654,120620,12,11171,1819,129541,129887012010,2031095599,2181655,46,12288,8167436288
1791079917054410,120620,12,11183,1819,129541,130005907359,2031355027,2181839,46,12288,8176680960
1791079917160444,120620,12,11194,1819,129541,130122810852,2032451931,2182039,46,12288,8190615552
1791079917266548,120620,12,11205,1820,129541,130233662656,2034955533,2182219,46,12288,8199921664
1791079917372407,120620,12,11217,1820,129541,130350239763,2035709231,2182403,46,12288,8209174528
1791079917478182,120620,12,11228,1820,129541,130468690904,2036949665,2182582,46,12288,8218431488
1791079917584152,120620,12,11239,1821,129541,130580572154,2038579520,2182763,46,12288,8227737600
1791079917689811,120624,12,11250,1821,129541,130695769494,2040235041,2182948,46,12288,8237002752
1791079917795625,120624,12,11262,1821,129541,130817382287,2042988395,2183113,46,12288,8246239232
1791079917901046,120624,12,11274,1821,129541,130935522245,2043627840,2183272,46,12288,8255549440
1791079918006638,120642,12,11285,1822,129509,131050918257,2044895504,2183474,46,12288,8269406208
1791079918113298,120644,12,11296,1822,129509,131162765331,2045636156,2183644,46,12288,8278712320
1791079918220266,120646,12,11308,1822,129509,131282428910,2049575049,2183816,46,12288,8287981568
1791079918326249,120647,12,11318,1822,129509,131394123446,2050238927,2183978,46,12288,8297242624
1791079918432394,120650,12,11329,1823,129509,131506533469,2052816478,2184152,46,12288,8306561024
1791079918538323,120651,12,11340,1823,129509,131617133153,2054029732,2184317,46,12288,8315830272
1791079918643961,120651,12,11351,1823,129509,131729118608,2055201292,2184513,46,12288,8325120000
1791079918750030,120654,12,11362,1823,129509,131838197659,2056052335,2184721,46,12288,8338956288
1791079918856638,120657,12,11372,1824,127619,131943914276,2059086897,2184962,46,12288,8348278784
1791079918962625,120664,12,11384,1824,127619,132060435978,2060081788,2185175,46,12288,8357511168
1791079919068251,120664,12,11396,1824,127619,132179690594,2061422842,2185358,46,12288,8366809088
1791079919174211,120665,12,11407,1824,127619,132298724959,2063094457,2185522,46,12288,8376078336
1791079919280763,120667,12,11419,1824,127619,132413529336,2064675772,2185666,46,12288,8385376256
1791079919387005,120669,12,11430,1824,127619,132529792204,2066044118,2185848,46,12288,8394629120
1791079919492506,120672,12,11442,1824,127619,132644708751,2066182247,2186010,46,12288,8403890176
1791079919598613,120672,12,11453,1824,127619,132757369323,2068019802,2186184,46,12288,8413192192
1791079919704145,120675,12,11463,1825,127619,132862774784,2069621195,2186363,46,12288,8422457344
1791079919809380,120681,12,11475,1825,127619,132983780303,2074152471,2186586,46,12288,8436338688
1791079919915409,120682,12,11487,1825,127485,133103305879,2075176389,2186769,46,12288,8445616128
1791079920021370,120682,12,11499,1825,127485,133220032569,2076878543,2186955,46,12288,8454860800
1791079920127052,120686,12,11510,1825,127015,133337287070,2077050247,2187110,46,12288,8464166912
1791079920233253,120688,12,11521,1826,127015,133450882119,2078598667,2187293,46,12288,8473436160
1791079920340259,120690,12,11533,1826,126949,133574193426,2080241270,2187445,46,12288,8482701312
1791079920446021,120693,12,11545,1826,126949,133694089689,2080463027,2187600,46,12288,8492011520
1791079920551802,120700,12,11556,1827,126859,133806430700,2082019395,2187784,46,12288,8505905152
1791079920658082,120700,12,11567,1827,126859,133920863497,2083645665,2188015,46,12288,8513265664
1791079920764601,120700,12,11578,1827,126859,134036236691,2085451668,2188211,46,12288,8524419072
1791079920870195,120701,12,11589,1827,126859,134148632033,2086395032,2188374,46,12288,8533733376
1791079920976914,120703,12,11600,1827,126790,134261236989,2086458862,2188540,46,12288,8542957568
1791079921083480,120707,12,11612,1828,126734,134375141148,2088297700,2188693,46,12288,8552263680
1791079921190123,120729,12,11623,1828,126734,134495199536,2090135491,2188856,46,12288,8561532928
1791079921295985,120729,12,11634,1828,126669,134606429449,2092835612,2189029,46,12288,8570830848
1791079921401746,120730,12,11645,1828,126669,134718425416,2094435291,2189208,46,12288,8584728576
1791079921507714,120730,12,11655,1829,126669,134824732898,2097197361,2189382,46,12288,8594006016
1791079921613519,120756,12,11667,1829,126669,134950673485,2100651873,2189563,46,12288,8603295744
1791079921720434,120775,12,11679,1830,126669,135068120908,2101697690,2189727,46,12288,8612528128
1791079921825706,120780,12,11689,1830,126669,135176857124,2104847084,2189896,46,12288,8621789184
1791079921931751,120852,12,11701,1830,126670,135297316541,2106206955,2190048,46,12288,8631066624
1791079922037890,120856,12,11713,1830,126670,135411361471,2107742425,2190237,46,12288,8640311296
1791079922143583,120860,12,11723,1831,126616,135526647194,2107846250,2190410,46,12288,8649617408
1791079922250049,120866,12,11734,1831,126550,135635578619,2108296837,2190604,46,12288,8658886656
1791079922356304,120887,12,11746,1831,126550,135759434722,2115306699,2190802,46,12288,8672804864
1791079922463983,120913,12,11759,1831,126499,135882901114,2115739656,2191038,46,12288,8682065920
1791079922569847,120983,12,11770,1831,126392,135996747997,2116661149,2191232,46,12288,8691367936
1791079922675458,120994,12,11780,1832,126392,136105288905,2118082104,2191392,46,12288,8700637184
1791079922781161,120994,12,11791,1832,126392,136212675616,2118353523,2191550,46,12288,8709873664
1791079922886998,121090,12,11802,1832,126334,136326283841,2118596520,2191700,46,12288,8719183872
1791079922992491,121317,12,11813,1832,126558,136440808141,2118836398,2191854,46,12288,8728408064
1791079923098504,121321,12,11825,1832,126448,136555153523,2118899689,2192006,46,12288,8737710080
1791079923204100,121326,12,11836,1833,126448,136673367090,2119743026,2192167,46,12288,8746991616
1791079923311000,121446,12,11848,1833,126458,136798298383,2121936885,2192381,46,12288,8760877056
1791079923417943,121495,12,11859,1833,126490,136911270710,2123149173,2192555,46,12288,8770195456
1791079923523430,121608,12,11870,1834,126386,137019438121,2124041022,2192715,46,12288,8779464704
1791079923629633,121872,12,11882,1834,126549,137138317402,2124112708,2192871,46,12288,8788746240
1791079923734755,121884,12,11892,1834,126549,137249871887,2125326373,2193030,46,12288,8797978624
1791079923840255,121957,13,11903,1836,126492,137374024915,2125691196,2193238,46,12288,8867835904
1791079923946768,122093,13,11915,1837,126476,137502052449,2127886106,2193653,46,12288,8877105152
1791079924052442,122096,13,11927,1837,126476,137628910479,2128302602,2194063,46,12288,8886353920
1791079924158172,122100,13,11939,1838,126476,137757920576,2130315260,2194500,46,12288,8895672320
1791079924264028,122185,13,11951,1839,126355,137886895016,2130532148,2194930,46,12288,8904941568
1791079924370746,122326,13,11964,1840,126483,138020372914,2132555654,2195367,46,12288,8918847488
1791079924476700,122410,13,11976,1840,126485,138149320142,2134636863,2195813,46,12288,8928104448
1791079924583182,122428,13,11988,1841,126413,138275911118,2137379144,2196265,46,12288,8937410560
1791079924689451,124754,13,12003,1848,124665,138497908828,2145027884,2196445,46,12288,8954994688
1791079924796056,126640,13,12021,1853,124616,138722029773,2151334573,2196644,46,12288,8973352960
1791079924902523,126802,13,12042,1854,124744,138946375089,2154352342,2196806,46,12288,8994639872
1791079925009093,126833,13,12063,1855,124776,139176326971,2156249267,2197032,46,12288,9020477440
1791079925116359,126874,13,12085,1857,124776,139410916151,2160937706,2197245,46,12288,9041797120
1791079925222645,126877,13,12106,1858,124776,139633164524,2161993460,2197443,46,12288,9063088128
1791079925328836,126901,13,12127,1860,124703,139855378271,2163826731,2197630,46,12288,9084313600
1791079925434879,126974,13,12149,1860,124799,140080692261,2164655901,2197834,46,12288,9105764352
1791079925541910,126980,13,12170,1862,124799,140307076372,2166042551,2198002,46,12288,9127157760
1791079925648310,126999,13,12191,1864,124799,140531215702,2171177131,2198214,46,12288,9148432384
1791079925753996,127030,13,12213,1865,124738,140756687487,2174719098,2198386,46,12288,9169768448
1791079925860162,127115,13,12233,1866,124773,140981181754,2177597404,2198632,46,12288,9195560960
1791079925966725,127192,13,12255,1867,124837,141209630414,2179474487,2198798,46,12288,9216991232
1791079926073120,127269,13,12277,1867,126392,141434556364,2181256912,2198955,46,12288,9238601728
1791079926179248,127270,13,12298,1868,126358,141653357845,2184221693,2199138,46,12288,9260085248
1791079926285358,127272,13,12320,1869,126314,141874254742,2188976258,2199296,46,12288,9281581056
1791079926391697,127388,13,12341,1870,126922,142104438136,2190620054,2199467,46,12288,9302966272
1791079926498391,127389,13,12362,1872,126875,142328319632,2192692677,2199630,46,12288,9324417024
1791079926604814,127390,13,12384,1873,126875,142549201787,2193761925,2199814,46,12288,9350717440
1791079926711310,127408,13,12404,1874,127924,142771190588,2197209731,2200011,47,12288,9372508160
1791079926818132,127419,13,12426,1875,127924,142995922565,2201555949,2200187,47,12288,9394077696
1791079926924399,127481,13,12447,1876,128466,143220611792,2203485027,2200339,47,12288,9415839744
1791079927030611,127486,13,12469,1877,128466,143451561215,2204995165,2200510,47,12288,9437167616
1791079927137090,127492,13,12491,1878,128393,143680749516,2208257052,2200661,47,12288,9458868224
1791079927243487,127498,13,12513,1879,128360,143906155593,2209412707,2200813,47,12288,9480708096
1791079927350453,127572,13,12535,1880,128409,144134113506,2216141927,2200969,47,12288,9502519296
1791079927457095,127682,13,12552,1884,125915,144347724354,2216542780,2201336,47,12288,9519890432
1791079927564227,131254,13,12563,1884,136129,144456428439,2216575141,2201422,47,12288,9519890432
1791079927670812,131263,13,12576,1889,134584,144639864816,2220022705,2201620,47,12288,9543041024
1791079927778115,131308,13,12588,1890,132846,144765690098,2222947330,2201798,47,12288,9552269312
1791079927883570,131311,13,12599,1890,132846,144878857421,2225033955,2201961,47,12288,9561579520
1791079927989808,131311,13,12610,1890,132846,144990159700,2225800388,2202145,47,12288,9570811904
1791079928096293,131317,13,12622,1891,132846,145113923900,2227272238,2202319,47,12288,9580109824
1791079928202595,131321,13,12634,1891,132846,145233831234,2228250248,2202497,47,12288,9591541760
1791079928309125,131322,13,12645,1891,132846,145347122526,2232306911,2202750,47,12288,9603276800
1791079928416173,131323,13,12657,1892,132846,145467463523,2239091833,2202913,47,12288,9612591104
1791079928522264,131323,13,12668,1892,130054,145579552830,2240769117,2203079,47,12288,9621864448
1791079928628819,131323,13,12679,1892,127739,145692098251,2244579867,2203235,47,12288,9631154176
1791079928735550,131324,13,12690,1892,127739,145810843801,2246255562,2203381,47,12288,9640386560
1791079928842211,131325,13,12702,1892,127739,145927295635,2247336385,2203539,47,12288,9649643520
1791079928948986,131328,13,12713,1893,127739,146041853298,2248181655,2203686,47,12288,9658916864
1791079929055282,131332,13,12725,1893,127739,146160032839,2248798853,2203875,47,12288,9672835072
1791079929162195,131336,13,12736,1893,127739,146280705422,2251284789,2204072,47,12288,9682108416
1791079929268816,131336,13,12748,1893,127739,146393928903,2251386651,2204239,47,12288,9691410432
1791079929375244,131336,13,12758,1894,127739,146502541316,2254096111,2204419,47,12288,9700663296
1791079929481682,131336,13,12770,1894,127739,146620980197,2255473322,2204584,47,12288,9709924352
1791079929588064,131336,13,12781,1894,127739,146735524538,2257288580,2204764,47,12288,9719222272
1791079929694196,131336,13,12793,1894,127739,146857080918,2257446034,2204926,47,12288,9728491520
1791079929800429,131336,13,12804,1895,127739,146972453907,2259026844,2205095,47,12288,9737723904
1791079929906043,131348,13,12815,1895,127739,147090910233,2260400319,2205277,47,12288,9747046400
1791079930011875,131354,13,12827,1896,127739,147207676834,2260607378,2205485,47,12288,9760890880
1791079930117250,131358,13,12837,1896,127739,147320150625,2265249235,2205662,47,12288,9770192896
1791079930222835,131358,13,12848,1896,127739,147433135610,2266875295,2205848,47,12288,9779466240
1791079930328941,131362,13,12859,1897,127739,147543076860,2268504323,2206016,47,12288,9788731392
1791079930434517,131366,13,12870,1897,127739,147655430858,2271110928,2206197,47,12288,9798041600
1791079930539830,131367,13,12881,1897,127739,147769254908,2273535511,2206364,47,12288,9807314944
1791079930645584,131367,13,12892,1897,127739,147879805253,2274774292,2206544,47,12288,9816604672
1791079930752074,131368,13,12903,1897,127739,147987931637,2276474513,2206697,47,12288,9827131392
1791079930858853,131371,13,12913,1897,127739,148094969070,2278220559,2206897,47,12288,9839759360
1791079930965500,131374,13,12925,1898,127739,148212170779,2279133225,2207071,47,12288,9848987648
1791079931071214,131377,13,12936,1898,127739,148327024626,2282201065,2207240,47,12288,9858289664
1791079931177857,131377,13,12948,1898,127739,148441930817,2283912956,2207407,47,12288,9867554816
1791079931284059,131378,13,12958,1898,127739,148551689006,2284247185,2207596,47,12288,9876852736
1791079931389657,131378,13,12969,1899,127739,148659841551,2284930891,2207799,47,12288,9886105600
1791079931495380,131379,13,12979,1899,127739,148765963647,2285012535,2207977,47,12288,9895366656
1791079931601311,131379,13,12990,1899,127510,148878686421,2285794108,2208169,47,12288,9909313536
1791079931707530,131381,13,13000,1900,127510,148983329593,2286040340,2208366,47,12288,9918554112
1791079931813357,131503,13,13011,1900,127513,149093934829,2287893285,2208545,47,12288,9927819264
1791079931920003,131511,13,13022,1901,127398,149214258359,2293691935,2208723,47,12288,9937092608
1791079932026257,131511,13,13034,1901,127398,149333545681,2293991619,2208889,47,12288,9946333184
1791079932132465,131511,13,13045,1901,126805,149448005928,2296605616,2209050,47,12288,9955639296
1791079932238653,131513,13,13057,1902,126805,149570270852,2297189686,2209213,47,12288,9964912640
1791079932345058,131513,13,13068,1902,126755,149682018041,2300815277,2209369,47,12288,9974173696
1791079932451080,131513,13,13079,1902,126755,149792954969,2301981400,2209554,47,12288,9983488000
1791079932557454,131516,13,13091,1902,126689,149918564801,2304675232,2209740,47,12288,9996460032
1791079932664191,131572,13,13103,1902,126554,150044351120,2307918464,2209906,47,12288,10006663168
1791079932770298,131573,13,13115,1903,126471,150163891465,2313970451,2210105,47,12288,10015895552
1791079932875835,131588,13,13126,1903,126392,150271792963,2314181671,2210278,47,12288,10025205760
1791079932981317,131588,13,13136,1903,126392,150380827370,2314590121,2210469,47,12288,10034434048
1791079933087133,132015,13,13147,1903,126261,150492068841,2316672619,2210630,47,12288,10043736064
1791079933192642,132095,13,13158,1904,126357,150603051950,2319434248,2210800,47,12288,10053005312
1791079933299005,132101,13,13169,1904,126357,150715264442,2320019148,2210951,47,12288,10062303232
1791079933405211,132151,13,13181,1904,126357,150834182806,2320122874,2211123,47,12288,10076213248
1791079933512019,132159,13,13191,1905,126389,150943719477,2320413139,2211302,47,12288,10085486592
1791079933619511,132163,13,13203,1905,126340,151061944820,2323815843,2211470,47,12288,10094772224
1791079933725239,132266,13,13213,1905,126250,151169033870,2324588866,2211627,47,12288,10104008704
1791079933831137,132324,13,13223,1906,126218,151278377372,2326656819,2211803,47,12288,10113273856
1791079933936622,132563,13,13235,1906,126375,151399024726,2328504538,2211971,47,12288,10122543104
1791079934041834,132577,13,13246,1907,126375,151514272311,2329043032,2212125,47,12288,10131791872
1791079934147860,132587,13,13258,1907,126319,151630957049,2330662542,2212279,47,12288,10141089792
1791079934254508,132588,13,13268,1907,126284,151737980011,2330885033,2212439,47,12288,10150371328
1791079934360350,132702,13,13280,1908,126348,151862178039,2331187623,2212633,47,12288,10164281344
1791079934466138,132704,13,13291,1908,126380,151972656852,2332107284,2212814,47,12288,10173542400
1791079934572384,132715,13,13302,1908,126298,152087954081,2333951595,2212987,47,12288,10182848512
1791079934678676,133066,13,13313,1909,126167,152206683979,2335654780,2213169,47,12288,10192113664
1791079934785103,133257,13,13324,1909,126155,152316882484,2335956560,2213377,47,12288,10201350144
1791079934891855,133457,13,13336,1909,126242,152435824196,2336141056,2213559,47,12288,10210660352
1791079934998609,133526,13,13347,1910,126257,152553531021,2336243279,2213745,47,12288,10219884544
1791079935106075,133601,13,13359,1910,126321,152671844711,2337462254,2213948,47,12288,10229428224
1791079935212162,133606,13,13370,1910,126321,152787396005,2340612281,2214149,47,12288,10243088384
1791079935318913,133608,13,13380,1911,126279,152897479035,2340913088,2214306,47,12288,10252353536
1791079935424978,133847,13,13391,1911,126193,153010541679,2341469705,2214482,47,12288,10261671936
1791079935531114,133872,14,13400,1914,126153,153128668052,2342322082,2214778,47,12288,10328641536
1791079935637143,134051,14,13412,1915,126345,153264050507,2346456412,2215229,47,12288,10340884480
1791079935744886,134073,14,13425,1916,126377,153393405953,2348689082,2215633,47,12288,10350116864
1791079935851150,134114,14,13437,1917,126409,153523164407,2352012677,2216032,47,12288,10359382016
1791079935957197,134199,14,13449,1918,126468,153652526960,2353931354,2216429,47,12288,10368667648
1791079936063573,134205,14,13461,1918,126388,153779368186,2354234533,2216845,47,12288,10377908224
1791079936169320,134279,14,13474,1919,126420,153915373090,2355739504,2217273,47,12288,10391842816
1791079936276068,134304,14,13486,1920,126452,154041396751,2356440201,2217690,47,12288,10401144832
1791079936382348,136578,14,13503,1924,126452,154260614032,2357681914,2217893,47,12288,10418253824
1791079936488777,138926,14,13521,1929,126676,154483180975,2358930957,2218069,47,12288,10436083712
1791079936594578,138948,14,13542,1930,126708,154711148315,2361092545,2218223,47,12288,10456940544
1791079936700219,138970,14,13564,1931,126740,154935509585,2364304669,2218380,47,12288,10478731264
1791079936806628,138979,14,13585,1932,126740,155158608777,2364607215,2218566,47,12288,10504810496
1791079936914108,139020,14,13607,1933,127274,155387891500,2366859874,2218735,47,12288,10526687232
1791079937021909,139034,14,13628,1935,127274,155620347000,2372149827,2218906,47,12288,10548379648
1791079937127297,139144,14,13649,1936,127370,155838280325,2373715621,2219074,47,12288,10570014720
1791079937232678,139166,14,13670,1937,128427,156058634414,2376890505,2219260,47,12288,10591617024
1791079937338980,139219,14,13692,1938,128427,156286435838,2378451506,2219422,47,12288,10613174272
1791079937444739,139222,14,13713,1939,128427,156511301810,2378622318,2219597,47,12288,10635046912
1791079937551054,139225,14,13734,1940,128939,156727503020,2379009588,2219758,47,12288,10656882688
1791079937657343,139241,14,13756,1941,128939,156955874785,2380038083,2219955,47,12288,10683392000
1791079937764306,139695,14,13778,1942,129205,157185614134,2387219687,2220131,47,12288,10705281024
1791079937871050,139726,14,13799,1943,130683,157410020722,2387840404,2220289,47,12288,10727092224
1791079937978344,139801,14,13820,1944,130664,157630922487,2388780644,2220456,47,12288,10748936192
1791079938084721,139810,14,13843,1945,131176,157858322603,2392123565,2220617,47,12288,10770903040
1791079938191414,139813,14,13864,1946,131176,158082717313,2395063728,2220798,47,12288,10792579072
1791079938298031,139813,14,13885,1947,131114,158303652459,2397074725,2220965,47,12288,10814472192
1791079938403901,139855,14,13906,1948,131062,158525801240,2402257109,2221147,47,12288,10836180992
1791079938510722,139855,14,13927,1949,131062,158751278491,2404175409,2221342,47,12288,10862698496
1791079938616881,139860,14,13949,1951,131500,158984798183,2409447844,2221521,47,12288,10884141056
1791079938724229,139860,14,13970,1952,131500,159209349189,2410517478,2221663,47,12288,10905698304
1791079938830204,139871,14,13992,1953,131500,159436993621,2411006800,2221825,47,12288,10927329280
1791079938935871,139954,14,14014,1953,131564,159663943099,2412749477,2221979,47,12288,10948972544
1791079939041529,140016,14,14036,1954,131465,159890338276,2413197650,2222142,47,12288,10970562560
1791079939147296,140066,14,14057,1956,128937,160115107010,2416851615,2222292,47,12288,10993434624
1791079939254249,140149,14,14070,1959,129001,160267100226,2416981229,2223581,47,12288,10998067200
1791079939361160,141856,14,14082,1963,137887,160436685505,2424736551,2223775,47,12288,11011960832
1791079939466694,141859,14,14094,1964,135086,160562982618,2425005987,2223949,47,12288,11021271040
1791079939572281,141860,14,14107,1964,135086,160689936056,2426624021,2224125,47,12288,11035168768
1791079939679104,141860,14,14119,1964,133279,160816913301,2433136546,2224300,47,12288,11044442112
1791079939785093,141860,14,14130,1964,133279,160929183697,2434751414,2224469,47,12288,11053674496
1791079939890593,141860,14,14142,1965,133279,161051416131,2435771181,2224634,47,12288,11062984704
1791079939996091,141865,14,14153,1965,133279,161167446848,2436613918,2224820,47,12288,11072212992
1791079940101689,141873,14,14165,1965,133279,161290026454,2438434031,2224979,47,12288,11081510912
1791079940207658,141876,14,14176,1966,133279,161406574641,2440593645,2225197,47,12288,11095416832
1791079940314180,141876,14,14187,1966,130475,161520015635,2441900952,2225371,47,12288,11104677888
1791079940420458,141876,14,14199,1966,130475,161633699541,2444154733,2225554,47,12288,11113992192
1791079940526560,141881,14,14210,1967,130475,161749563849,2445798117,2225717,47,12288,11123265536
1791079940632760,141883,14,14221,1967,130475,161869013363,2445890902,2225878,47,12288,11132551168
1791079940738607,141883,14,14232,1967,130475,161980759286,2446085109,2226039,47,12288,11141787648
1791079940844498,141883,14,14243,1967,130475,162092272513,2447965858,2226210,47,12288,11151048704
1791079940950358,141883,14,14255,1968,130475,162213399671,2449073642,2226361,47,12288,11160322048
1791079941056552,141888,14,14265,1968,130475,162321020613,2449342409,2226562,47,12288,11174244352
1791079941163454,141889,14,14276,1969,130475,162431444600,2451081432,2226748,47,12288,11183513600
1791079941269332,141889,14,14287,1969,130475,162539152517,2453820327,2226907,47,12288,11192811520
1791079941375532,141889,14,14297,1969,130475,162646142751,2453920817,2227082,47,12288,11202060288
1791079941482018,141892,14,14308,1969,130475,162758967810,2454216591,2227252,47,12288,11211321344
1791079941588114,141894,14,14319,1970,130475,162873816420,2456418720,2227431,47,12288,11220631552
1791079941693858,141895,14,14330,1970,130475,162981616577,2456633994,2227585,47,12288,11229900800
1791079941799692,141903,14,14341,1970,130475,163096888439,2459519381,2227766,47,12288,11239133184
1791079941905462,141905,14,14352,1970,130475,163211229177,2460554720,2227963,47,12288,11253055488
1791079942012581,141910,14,14362,1970,130475,163313441677,2460753192,2228138,47,12288,11262296064
1791079942118560,141911,14,14374,1971,130475,163433023403,2465441165,2228296,47,12288,11271602176
1791079942224729,141912,14,14386,1971,130475,163552365919,2468661835,2228476,47,12288,11280875520
1791079942330662,141912,14,14396,1971,130475,163659570204,2468661835,2228629,47,12288,11290136576
1791079942436827,141914,14,14408,1972,130475,163777508203,2470032006,2228806,47,12288,11299450880
1791079942542487,141916,14,14418,1972,130475,163887664080,2470252462,2228987,47,12288,11308724224
1791079942648590,141919,14,14430,1972,130371,164001890686,2474217475,2229168,47,12288,11318009856
1791079942754513,141919,14,14441,1972,130371,164121060780,2476798694,2229365,47,12288,11327254528
1791079942860333,141921,14,14452,1973,130268,164227468240,2478167871,2229596,47,12288,11341172736
1791079942966454,141921,14,14462,1973,130268,164333595609,2478781216,2229786,47,12288,11350405120
1791079943072334,141921,14,14472,1973,130184,164437743738,2479575662,2229937,47,12288,11359707136
1791079943178076,141922,14,14481,1974,130184,164538256466,2480468050,2230104,47,12288,11368972288
1791079943283875,141923,14,14492,1974,130096,164643758829,2480526941,2230307,47,12288,11378270208
1791079943389534,141923,14,14502,1975,130096,164749993590,2481044051,2230485,47,12288,11387523072
1791079943495143,141925,14,14513,1975,130096,164859305691,2481306805,2230640,47,12288,11396784128
1791079943600938,141927,14,14523,1975,130096,164970069789,2482140164,2230821,47,12288,11406090240
1791079943707049,141927,14,14534,1975,129574,165070428298,2482899413,2230993,47,12288,11419975680
1791079943813603,141999,14,14544,1976,129241,165178005590,2483734824,2231155,47,12288,11429240832
1791079943920143,142004,14,14553,1976,129284,165280611318,2483932096,2231311,47,12288,11438645248
1791079944026239,142091,14,14564,1976,129276,165389332251,2484221324,2231479,47,12288,11448033280
1791079944131910,142408,14,14576,1976,129320,165506980998,2485880397,2231654,47,12288,11457335296
1791079944238001,142466,14,14588,1977,129384,165626308441,2486295130,2231851,47,12288,11466604544
1791079944343972,142476,14,14598,1977,129311,165734807947,2486376303,2232011,47,12288,11475865600
1791079944450355,142546,14,14608,1977,129195,165841278060,2487979979,2232193,47,12288,11489775616
1791079944556631,142603,14,14618,1978,129227,165943251041,2488169247,2232400,47,12288,11499089920
1791079944663765,142692,14,14628,1978,129227,166049146938,2489659531,2232547,47,12288,11508359168
1791079944770095,142692,14,14639,1978,129227,166157598854,2489793312,2232710,47,12288,11517591552
1791079944875709,142764,14,14650,1979,129181,166266192738,2491400046,2232856,47,12288,11526901760
1791079944982103,142993,14,14661,1979,129069,166376497170,2491710033,2233025,47,12288,11536134144
1791079945088283,143202,14,14671,1979,129261,166488209810,2491881285,2233184,47,12288,11545436160
1791079945194573,143214,14,14682,1979,129189,166599672690,2493565073,2233351,47,12288,11554701312
1791079945301395,143215,14,14693,1980,129189,166709805905,2493648788,2233514,47,12288,11563999232
1791079945407539,143342,14,14704,1980,129317,166828088438,2494916993,2233728,47,12288,11577913344
1791079945513766,143342,14,14715,1980,129151,166933533669,2495795427,2233898,47,12288,11587182592
1791079945619460,143724,14,14724,1981,129069,167036714311,2495945609,2234075,47,12288,11596472320
1791079945725126,143787,14,14735,1981,129069,167138648689,2496837415,2234245,47,12288,11605704704
1791079945830658,144128,14,14745,1981,129092,167242284916,2497462414,2234408,47,12288,11614965760
1791079945936400,144380,14,14756,1982,129198,167355145746,2499281649,2234561,47,12288,11624239104
1791079946041945,144456,14,14766,1982,129262,167467057083,2499457881,2234740,47,12288,11633491968
1791079946147589,144463,14,14777,1982,129191,167577100652,2499509327,2234896,47,12288,11642793984
1791079946253033,144464,14,14787,1983,129191,167681300953,2499795304,2235057,47,12288,11652059136
1791079946359411,144605,14,14798,1983,129351,167794264627,2500533123,2235265,47,12288,11665981440
1791079946465434,144607,14,14808,1983,129351,167898922054,2500593045,2235430,47,12288,11675238400
1791079946571960,144614,14,14819,1984,129319,168007590648,2501326073,2235601,47,12288,11684548608
1791079946678215,144614,14,14829,1984,129192,168117808220,2501880165,2235772,47,12288,11693813760
1791079946784196,144789,14,14840,1984,129320,168230731815,2505752911,2235952,47,12288,11703050240
1791079946889762,144866,14,14850,1985,129384,168334839298,2505838754,2236112,47,12288,11712356352
1791079946995514,144867,14,14861,1985,129384,168443158295,2505957838,2236284,47,12288,11721596928
1791079947102276,144872,14,14871,1985,129384,168551054005,2506248404,2236457,47,12288,11731460096
1791079947207753,145030,15,14882,1987,129216,168678517255,2506992937,2236841,47,12288,11800764416
1791079947313810,145116,15,14894,1988,129280,168805933029,2509132245,2237252,47,12288,11810066432
1791079947419531,145119,15,14906,1989,129280,168938904384,2509260448,2237678,47,12288,11823964160
1791079947525877,145183,15,14919,1990,129262,169070215355,2509722696,2238066,47,12288,11833233408
1791079947632101,145192,15,14931,1990,129294,169193326426,2510045453,2238490,47,12288,11842519040
1791079947737885,145198,15,14941,1991,129261,169308158393,2510188062,2238912,47,12288,11851759616
1791079947844050,145200,15,14952,1992,129261,169423824901,2510903298,2239355,47,12288,11861020672
1791079947949713,145989,15,14965,1994,127087,169576729881,2511823031,2239692,47,12288,11873374208
1791079948056003,148609,15,14982,1999,127087,169796990896,2514225910,2239908,47,12288,11891462144
1791079948163074,149800,15,15001,2003,127183,170026165087,2515011974,2240125,47,12288,11915997184
1791079948268910,149830,15,15021,2005,127183,170243679845,2515747206,2240274,47,12288,11937796096
1791079948375228,149833,15,15042,2005,127215,170464414222,2517022165,2240447,47,12288,11959234560
1791079948481061,149885,15,15064,2007,127247,170693838156,2517270651,2240612,47,12288,11980877824
1791079948586633,149911,15,15086,2008,127200,170921083587,2519248172,2240782,47,12288,12002643968
1791079948692735,149921,15,15106,2009,127232,171137787525,2519599072,2240929,47,12288,12024692736
1791079948799443,149972,15,15127,2010,127036,171360211225,2519831056,2241074,47,12288,12046110720
1791079948905418,149979,15,15147,2012,127036,171573620870,2522074677,2241253,47,12288,12072849408
1791079949012676,150055,15,15167,2013,127100,171784959588,2522625601,2241433,47,12288,12094709760
1791079949118284,150183,15,15188,2014,127164,172006456088,2523825158,2241577,47,12288,12116369408
1791079949225851,150193,15,15209,2015,127164,172228660063,2528617437,2241760,47,12288,12138352640
1791079949331776,150194,15,15231,2016,127113,172445214237,2529107350,2241911,47,12288,12160389120
1791079949438153,150197,15,15252,2016,127113,172665549099,2529704287,2242084,47,12288,12182671360
1791079949544196,150201,15,15273,2017,128678,172881763036,2530643353,2242245,47,12288,12204605440
1791079949650171,150233,15,15294,2018,128675,173104319601,2531885382,2242419,47,12288,12226662400
1791079949756567,150316,15,15315,2019,129251,173330095422,2533014986,2242598,47,12288,12251017216
1791079949863404,150333,15,15336,2021,129251,173557265532,2535554103,2242766,47,12288,12274941952
1791079949969449,150333,15,15356,2022,129218,173771948687,2536800477,2242945,47,12288,12296675328
1791079950075296,150425,15,15378,2023,129239,173995897647,2541077508,2243111,47,12288,12318158848
1791079950181374,150493,15,15399,2024,129197,174218394508,2543331007,2243271,47,12288,12339613696
1791079950288176,150496,15,15419,2026,129156,174441876651,2545190948,2243427,47,12288,12361420800
1791079950394243,150746,15,15440,2028,129713,174666793259,2546761425,2243591,47,12288,12383096832
1791079950500393,150765,15,15461,2029,129680,174888829835,2549048281,2243755,47,12288,12404719616
1791079950606663,150770,15,15482,2030,129680,175110443152,2549652837,2243957,47,12288,12431208448
1791079950713287,150775,15,15502,2032,129680,175322313390,2552958577,2244130,47,12288,12453027840
1791079950819733,150943,15,15523,2033,129633,175554955915,2555893402,2244325,47,12288,12474925056
1791079950928694,153156,15,15544,2037,127171,175795040568,2558372759,2244481,47,12288,12495319040
1791079951039698,158185,15,15555,2038,132709,175912649085,2559912255,2244651,47,12288,12495319040
1791079951146388,164447,15,15567,2043,138872,176093185741,2563840964,2244835,47,12288,12513853440
1791079951252047,164566,15,15579,2044,136266,176218291922,2564414072,2245001,47,12288,12523118592
1791079951358098,164566,15,15590,2045,136266,176327629414,2566364961,2245220,47,12288,12537036800
1791079951464705,164566,15,15600,2045,136266,176430278641,2566401701,2245379,47,12288,12546297856
1791079951570544,164567,15,15610,2045,136266,176534723400,2569213989,2245545,47,12288,12555599872
1791079951676464,164570,15,15621,2045,136266,176649443693,2570332924,2245695,47,12288,12564869120
1791079951782225,164572,15,15632,2046,136266,176764304765,2570819850,2245862,47,12288,12574105600
1791079951888767,164576,15,15643,2046,136266,176879004833,2571971528,2246025,47,12288,12583419904
1791079951994764,164578,15,15654,2046,133484,176993374436,2573195971,2246190,47,12288,12592648192
1791079952100471,164589,15,15665,2047,131155,177100174451,2574217324,2246357,47,12288,12601946112
1791079952206516,164590,15,15676,2047,131155,177217279232,2575396053,2246578,47,12288,12615847936
1791079952313060,164590,15,15687,2047,131155,177323671393,2576460224,2246728,47,12288,12625113088
1791079952418440,164591,15,15697,2047,131155,177428378002,2578130594,2246910,47,12288,12634423296
1791079952524017,164592,15,15708,2048,131155,177539216282,2578795094,2247076,47,12288,12643696640
1791079952630457,164595,15,15718,2048,131155,177643793207,2579517144,2247250,47,12288,12652986368
1791079952737019,164602,15,15728,2049,131155,177745494928,2579868627,2247413,47,12288,12662218752
1791079952842778,164604,15,15738,2049,131155,177855651537,2581602476,2247576,47,12288,12671475712
1791079952948542,164605,15,15749,2049,131155,177971561488,2581639554,2247722,47,12288,12680753152
1791079953054687,164607,15,15760,2050,131155,178079215657,2582517157,2247933,47,12288,12694679552
1791079953161607,164608,15,15770,2050,131155,178184559472,2583584957,2248128,47,12288,12703940608
1791079953267319,164609,15,15780,2050,131155,178288069351,2583710395,2248296,47,12288,12713238528
1791079953373241,164609,15,15790,2051,131155,178395678553,2584646549,2248476,47,12288,12722491392
1791079953479058,164612,15,15802,2051,131155,178512801736,2586253013,2248622,47,12288,12731752448
1791079953584775,164616,15,15812,2051,131155,178622391339,2587256681,2248782,47,12288,12741054464
1791079953691055,164616,15,15822,2051,131155,178723423071,2587415119,2248932,47,12288,12750323712
1791079953796861,164616,15,15832,2052,131155,178827386260,2588404230,2249097,47,12288,12759556096
1791079953902592,164616,15,15842,2052,131155,178930127090,2588585399,2249277,47,12288,12768870400
1791079954009012,164617,15,15853,2052,131155,179041962181,2589701965,2249530,47,12288,12782727168
1791079954114905,164625,15,15864,2052,131155,179153228336,2591017577,2249743,47,12288,12792037376
1791079954221691,164627,15,15875,2053,131155,179269335968,2591744706,2249920,47,12288,12801302528
1791079954327649,164629,15,15886,2053,131155,179377903808,2593762934,2250087,47,12288,12810567680
1791079954433242,164629,15,15896,2054,131155,179481022480,2595567280,2250262,47,12288,12819881984
1791079954538568,164629,15,15907,2054,131155,179593875069,2596651481,2250422,47,12288,12829155328
1791079954644504,164629,15,15917,2054,131155,179701586443,2596959421,2250580,47,12288,12838440960
1791079954750625,164632,15,15928,2054,131155,179809377457,2597247140,2250739,47,12288,12847677440
1791079954856608,164632,15,15939,2055,131155,179923821183,2597905429,2250922,47,12288,12856950784
1791079954963385,164637,15,15951,2055,131155,180049327869,2599157505,2251106,47,12288,12870832128
1791079955069242,164639,15,15962,2055,129533,180163273964,2599821353,2251242,47,12288,12880130048
1791079955175885,164640,15,15973,2056,129533,180273917605,2600791521,2251406,47,12288,12889407488
1791079955281733,164640,15,15984,2056,129533,180386964384,2602339052,2251558,47,12288,12898705408
1791079955387894,164640,15,15995,2056,129533,180496458024,2603503483,2251723,47,12288,12907954176
1791079955494575,164640,15,16006,2056,129533,180610538469,2604759235,2251893,47,12288,12917215232
1791079955601382,164641,15,16017,2056,129533,180720509398,2606760329,2252066,47,12288,12931170304
1791079955707744,164642,15,16027,2057,129533,180822060284,2607238848,2252256,47,12288,12940410880
1791079955814323,164644,15,16037,2057,129278,180924407006,2608086924,2252416,47,12288,12949671936
1791079955919995,164644,15,16047,2057,129219,181029577295,2608865660,2252567,47,12288,12958941184
1791079956025879,164646,15,16058,2057,129219,181135742423,2610534179,2252758,47,12288,12968194048
1791079956131228,164649,15,16068,2058,129081,181241007020,2610793246,2252940,47,12288,12977500160
1791079956237081,164649,15,16079,2058,129081,181354283505,2612460918,2253128,47,12288,12986773504
1791079956342887,164649,15,16090,2058,128832,181463765026,2613123423,2253308,47,12288,12996034560
1791079956449043,164649,15,16100,2059,126976,181573753106,2613223451,2253497,47,12288,13009936384
1791079956555242,164649,15,16111,2059,126976,181682291307,2615091056,2253675,47,12288,13017554944
1791079956661040,164650,15,16122,2059,126976,181795261873,2617419429,2253887,47,12288,13028519936
1791079956766710,164654,15,16132,2060,126976,181901562048,2618201371,2254071,47,12288,13037760512
1791079956872346,164654,15,16142,2060,126976,182006722918,2619845893,2254227,47,12288,13047070720
1791079956978043,164654,15,16153,2060,126976,182119039241,2620204509,2254400,47,12288,13056299008
1791079957083859,164654,15,16163,2061,126976,182222447221,2621682401,2254566,47,12288,13065601024
1791079957189726,164655,15,16173,2061,126819,182326324491,2621788389,2254735,47,12288,13074870272
1791079957295868,164655,15,16184,2061,126819,182441848792,2622794842,2254899,47,12288,13084172288
1791079957402094,164656,15,16195,2062,126447,182555546399,2622956678,2255071,47,12288,13098074112
1791079957508545,164656,15,16206,2062,126447,182659863308,2623191100,2255257,47,12288,13107351552
1791079957614664,165116,15,16216,2062,126334,182767001490,2624013977,2255423,47,12288,13116641280
1791079957720109,165272,15,16227,2063,126300,182878732752,2624679849,2255590,47,12288,13125873664
1791079957826066,165573,15,16237,2063,126358,182990035719,2625248517,2255780,47,12288,13135142912
1791079957931574,165578,15,16248,2064,126233,183098302838,2625892739,2255945,47,12288,13144412160
1791079958037147,165802,15,16259,2064,126303,183211910292,2627430984,2256112,47,12288,13153665024
1791079958143019,165830,15,16269,2064,126335,183322572058,2627598010,2256267,47,12288,13162967040
1791079958249179,165853,15,16280,2065,126367,183432146353,2628370334,2256436,47,12288,13172232192
1791079958355646,165980,15,16291,2065,126351,183542967169,2629210706,2256639,47,12288,13186154496
1791079958462696,166070,15,16301,2065,126325,183654511835,2630860209,2256840,47,12288,13195415552
1791079958569185,166377,15,16312,2066,126314,183761715119,2631060656,2256991,47,12288,13204721664
1791079958675171,166438,15,16322,2067,126265,183872207004,2631199861,2257149,47,12288,13213995008
1791079958781551,166680,16,16332,2069,125572,183988730925,2631325739,2257327,47,12288,13280120832
1791079958887984,167158,16,16344,2069,125884,184117242288,2631732157,2257764,47,12288,13293264896
1791079958993841,167176,16,16356,2070,125916,184245431169,2631932133,2258172,47,12288,13302493184
1791079959100206,167226,16,16368,2071,125878,184372322724,2633042746,2258585,47,12288,13311791104
1791079959206355,167269,16,16379,2072,125844,184496559872,2635270296,2259007,47,12288,13325697024
1791079959312062,167335,16,16391,2072,125908,184623661294,2637051028,2259357,47,12288,13334966272
1791079959418319,167339,16,16403,2073,125908,184744206613,2637876840,2259748,47,12288,13344272384
1791079959524509,167340,16,16414,2074,125856,184860962300,2639355902,2260164,47,12288,13353541632
1791079959630658,167632,16,16425,2075,125756,184989125773,2640675956,2260555,47,12288,13364314112
1791079959737175,170203,16,16441,2081,125756,185208553240,2640929857,2260714,47,12288,13383847936
1791079959844048,172017,16,16460,2085,125820,185428538382,2641711255,2260882,47,12288,13403426816
1791079959949536,172056,16,16482,2085,125820,185658721168,2644829923,2261064,47,12288,13425078272
1791079960055103,172057,16,16503,2086,125820,185882314914,2645706320,2261269,47,12288,13446676480
1791079960161206,172057,16,16524,2087,125820,186099556739,2646002577,2261467,47,12288,13472751616
1791079960267518,172099,16,16545,2089,125820,186327698849,2651732648,2261650,47,12288,13494681600
1791079960374204,172178,16,16565,2090,125723,186545752389,2651942234,2261832,47,12288,13516488704
1791079960480310,172185,16,16587,2091,125723,186765847072,2652193618,2262003,47,12288,13538181120
1791079960586677,172228,16,16609,2091,125755,186991469722,2652944644,2262169,47,12288,13559922688
1791079960692570,172249,16,16630,2093,125669,187215678271,2655198012,2262328,47,12288,13581438976
1791079960798664,172331,16,16651,2094,125733,187436023498,2656270738,2262490,47,12288,13603119104
1791079960904643,172348,16,16672,2095,125733,187656813039,2657998259,2262678,47,12288,13629628416
1791079961011561,172359,16,16693,2097,125765,187880721020,2658949140,2262869,47,12288,13650984960
1791079961119139,172433,16,16715,2098,125829,188109876281,2664903494,2263075,47,12288,13672493056
1791079961225196,172443,16,16736,2099,125829,188335116775,2667319050,2263267,47,12288,13693382656
1791079961330709,172460,16,16757,2100,127347,188555440410,2667929178,2263426,47,12288,13714735104
1791079961437024,172515,16,16779,2101,127411,188782913486,2668080034,2263575,47,12288,13736374272
1791079961543679,172556,16,16800,2102,127443,189009315356,2669334094,2263739,47,12288,13758173184
1791079961649917,172576,16,16822,2103,127809,189235029464,2670824576,2263908,47,12288,13779951616
1791079961756280,172690,16,16843,2104,127905,189461729096,2670865493,2264084,47,12288,13806366720
1791079961863289,172692,16,16863,2105,127831,189672802665,2675614562,2264273,47,12288,13828177920
1791079961969504,172692,16,16884,2106,127831,189885603877,2677149029,2264432,47,12288,13849886720
1791079962075167,172824,16,16905,2107,127856,190110604270,2678891879,2264584,47,12288,13871403008
1791079962180897,172883,16,16926,2109,128368,190337153512,2683847565,2264773,47,12288,13892304896
1791079962286697,172983,16,16947,2111,128364,190567139862,2686308575,2264953,47,12288,13913808896
1791079962392884,172997,16,16970,2112,128332,190799730141,2686611627,2265128,47,12288,13934919680
1791079962499229,173029,16,16991,2113,128332,191023566985,2689366648,2265293,47,12288,13956542464
1791079962605097,173103,16,17011,2114,128396,191237294422,2691209998,2265497,47,12288,13982588928
1791079962711390,173113,16,17031,2115,128877,191447487378,2691306337,2265650,47,12288,14003806208
1791079962818507,173170,16,17044,2120,125835,191618219250,2693215301,2265833,47,12288,14010937344
1791079962923986,175494,16,17053,2120,137371,191719115692,2693226332,2265932,47,12288,14010937344
1791079963030353,176067,16,17064,2120,148671,191827145404,2693277448,2266027,47,12288,14010937344
1791079963136380,176110,16,17079,2126,152673,192028020867,2697473422,2266247,47,12288,14043373568
1791079963243008,176122,16,17091,2126,152363,192151614046,2699934436,2266423,47,12288,14052651008
1791079963348743,176122,16,17101,2126,152297,192257661866,2700156836,2266581,47,12288,14061912064
1791079963454977,176122,16,17112,2126,152297,192362385340,2700741316,2266762,47,12288,14075822080
1791079963560774,176131,16,17121,2127,152297,192467528923,2703015574,2266960,47,12288,14085132288
1791079963667404,176131,16,17132,2127,152297,192573252046,2704078743,2267124,47,12288,14094397440
1791079963773126,176132,16,17142,2127,150146,192678014897,2705121366,2267280,47,12288,14103633920
1791079963878871,176139,16,17153,2128,147341,192784937312,2706473841,2267436,47,12288,14112944128
1791079963984407,176139,16,17163,2128,145004,192896623589,2706540786,2267598,47,12288,14122172416
1791079964090077,176141,16,17174,2128,139439,193006376409,2707553652,2267758,47,12288,14131474432
1791079964196280,176141,16,17184,2128,139439,193110125090,2707754209,2267922,47,12288,14140739584
1791079964302224,176153,16,17196,2129,139439,193232110617,2709511841,2268079,47,12288,14150045696
1791079964408141,176156,16,17207,2129,139439,193350656699,2709701518,2268274,47,12288,14163951616
1791079964514582,176156,16,17218,2130,139439,193459500851,2710592024,2268447,47,12288,14173224960
1791079964620477,176157,16,17228,2130,139439,193567454333,2711358886,2268625,47,12288,14182514688
1791079964726722,176157,16,17238,2131,139439,193675132548,2711565927,2268784,47,12288,14191747072
1791079964833093,176159,16,17250,2131,136412,193791340799,2712815559,2268952,47,12288,14201008128
1791079964938727,176160,16,17260,2131,131685,193901286119,2714004659,2269114,47,12288,14210285568
1791079965044060,176161,16,17270,2132,131685,194003800888,2714727350,2269301,47,12288,14219526144
1791079965149915,176169,16,17281,2132,131685,194120126375,2715979216,2269477,47,12288,14233456640
1791079965256510,176170,16,17291,2133,131685,194223689249,2718362275,2269672,47,12288,14242770944
1791079965362424,176171,16,17302,2133,131685,194326784007,2719613258,2269851,47,12288,14252015616
1791079965468314,176173,16,17311,2133,131685,194428808787,2719669313,2270019,47,12288,14261280768
1791079965573948,176173,16,17322,2133,131685,194533808616,2720542224,2270203,47,12288,14270590976
1791079965680010,176173,16,17332,2134,131685,194642183990,2722557716,2270392,47,12288,14279856128
1791079965786371,176173,16,17343,2134,131685,194751860213,2723325359,2270560,47,12288,14289088512
1791079965893008,176174,16,17353,2135,131685,194865114198,2724129092,2270704,47,12288,14298398720
1791079965999222,176174,16,17364,2135,131685,194972854570,2724604558,2270893,47,12288,14307631104
1791079966105210,176174,16,17375,2135,131685,195086031236,2726137902,2271084,47,12288,14321561600
1791079966211912,176174,16,17385,2135,131685,195189324982,2726804666,2271268,47,12288,14330834944
1791079966318010,176179,16,17397,2135,131685,195304778849,2727491568,2271445,47,12288,14340096000
1791079966424338,176179,16,17408,2136,131685,195418631870,2727652241,2271632,47,12288,14349410304
1791079966530510,176179,16,17419,2136,131685,195538650210,2729826402,2271819,47,12288,14358687744
1791079966636741,176182,16,17430,2136,131685,195650663208,2730056625,2272025,47,12288,14367973376
1791079966743524,176185,16,17441,2137,131685,195760011149,2731575697,2272210,47,12288,14377205760
1791079966849678,176188,16,17451,2137,131685,195865905092,2731992773,2272413,47,12288,14386470912
1791079966955539,176191,16,17461,2138,131685,195976761769,2734079666,2272638,47,12288,14400360448
1791079967062535,176191,16,17471,2138,131685,196082417523,2735770840,2272829,47,12288,14409666560
1791079967169372,176191,16,17482,2139,131685,196190966519,2736427807,2273004,47,12288,14418939904
1791079967275687,176192,16,17492,2139,131685,196300940202,2736575604,2273175,47,12288,14428233728
1791079967381999,176196,16,17503,2139,131685,196407166911,2737452561,2273321,47,12288,14437486592
1791079967487902,176196,16,17514,2140,131685,196526654523,2738528715,2273489,47,12288,14446747648
1791079967594726,176197,16,17526,2140,131685,196641552296,2738879564,2273655,47,12288,14456053760
1791079967701659,176199,16,17536,2140,131685,196751425835,2740264371,2273815,47,12288,14465318912
1791079967808506,176200,16,17547,2141,131685,196859446793,2740337249,2274008,47,12288,14479204352
1791079967915128,176202,16,17557,2142,131685,196969544985,2741476551,2274164,47,12288,14488477696
1791079968020563,176203,16,17567,2142,131685,197075178098,2741589353,2274324,47,12288,14497722368
1791079968125957,176203,16,17578,2142,131685,197178249927,2741730169,2274480,47,12288,14507024384
1791079968232559,176205,16,17588,2142,131685,197285599202,2741988492,2274665,47,12288,14516297728
1791079968339070,176208,16,17599,2142,131685,197399891596,2743033572,2274850,47,12288,14525558784
1791079968445038,176210,16,17610,2143,131685,197509880060,2743760114,2275028,47,12288,14534877184
1791079968551382,176210,16,17621,2143,131685,197623804231,2744811105,2275202,47,12288,14544146432
1791079968657701,176210,16,17632,2143,131685,197739416192,2746966558,2275443,47,12288,14558056448
1791079968765357,176214,16,17642,2143,131133,197844495490,2747553212,2275610,47,12288,14567288832
1791079968871759,176216,16,17653,2144,131133,197952472868,2747676364,2275775,47,12288,14576599040
1791079968977984,176216,16,17664,2144,131133,198064115716,2747817730,2275954,47,12288,14585831424
1791079969084255,176220,16,17675,2144,130928,198173982180,2748094558,2276130,47,12288,14595129344
1791079969190015,176220,16,17686,2145,130624,198292384509,2749312520,2276306,47,12288,14604398592
1791079969296285,176238,16,17698,2145,130352,198408971169,2750259561,2276451,47,12288,14613696512
1791079969402350,176239,16,17709,2145,128781,198527112881,2751152692,2276619,47,12288,14627598336
1791079969509287,176332,16,17719,2146,128845,198634869286,2751317021,2276819,47,12288,14636875776
1791079969615338,176383,16,17730,2146,128909,198744363025,2751499735,2276994,47,12288,14646165504
1791079969721539,176446,16,17741,2147,128973,198858630530,2753106369,2277143,47,12288,14655406080
1791079969828289,176454,16,17751,2147,128973,198964549055,2754469652,2277316,47,12288,14664663040
1791079969934712,176524,16,17762,2147,127908,199077233457,2755244860,2277480,47,12288,14673936384
1791079970041280,176536,16,17773,2147,127908,199190792018,2755634135,2277655,47,12288,14683189248
1791079970147060,176541,16,17785,2148,127908,199306872396,2758744019,2277829,47,12288,14692487168
1791079970253334,176544,16,17795,2148,126329,199420308348,2759652820,2278039,47,12288,14706429952
1791079970360774,176548,16,17806,2149,126329,199528609982,2760021464,2278296,47,12288,14715686912
1791079970467445,176568,17,17815,2151,126329,199645934570,2761539428,2278579,47,12288,14781005824
1791079970572773,176637,17,17827,2151,126393,199772349050,2762109674,2279035,47,12288,14790279168
1791079970678942,176659,17,17840,2152,126425,199909314878,2764034497,2279489,47,12288,14804176896
1791079970785246,176660,17,17852,2153,126425,200037382699,2764084520,2279925,47,12288,14813413376
1791079970891014,176680,17,17863,2154,126343,200161620993,2765300098,2280358,47,12288,14822723584
1791079970996440,176738,17,17875,2155,126203,200287550635,2765426636,2280766,47,12288,14831955968
1791079971102093,176823,17,17887,2155,126299,200412954962,2767700454,2281171,47,12288,14841253888
1791079971208029,177030,17,17900,2156,126331,200549878141,2771204691,2281603,47,12288,14856351744
1791079971314563,179581,17,17918,2161,126363,200781816807,2773896907,2281804,47,12288,14875774976
1791079971421644,181435,17,17937,2165,125433,201002040862,2774644331,2282000,47,12288,14895288320
1791079971527350,181633,17,17959,2166,125512,201231496116,2776135018,2282168,47,12288,14916730880
1791079971633729,181957,17,17980,2167,125752,201458693898,2779211426,2282351,47,12288,14938443776
1791079971740517,182058,17,18001,2168,125848,201677937982,2779772582,2282518,47,12288,14960062464
1791079971846965,182233,17,18021,2170,126008,201893326686,2780204234,2282702,47,12288,14981582848
1791079971953448,182331,17,18042,2171,126104,202110070797,2782090660,2282860,47,12288,15003463680
1791079972059751,182427,17,18062,2172,126155,202338460808,2783106779,2283053,47,12288,15029870592
1791079972167300,182480,17,18085,2173,127252,202562563240,2785555695,2283228,47,12288,15051247616
1791079972273623,182481,17,18105,2174,127199,202778007472,2787886149,2283390,47,12288,15072813056
1791079972380100,182491,17,18125,2176,127166,202996902155,2791578836,2283572,47,12288,15094292480
1791079972486233,182495,17,18146,2176,127092,203209999209,2792462318,2283726,47,12288,15115845632
1791079972592392,182540,17,18167,2177,127092,203428955488,2792682863,2283894,47,12288,15137288192
1791079972699902,182803,17,18189,2178,127284,203659509697,2794407761,2284059,47,12288,15158824960
1791079972806312,182901,17,18210,2179,127380,203875607564,2795018809,2284239,47,12288,15180533760
1791079972912748,182967,17,18231,2180,128981,204101917350,2796382826,2284408,47,12288,15206891520
1791079973019088,183002,17,18252,2181,128981,204326301626,2798792117,2284590,47,12288,15228194816
1791079973125323,183006,17,18274,2183,128981,204551439600,2801956208,2284749,47,12288,15249596416
1791079973231357,183057,17,18295,2184,129493,204776006923,2805306138,2284917,47,12288,15271223296
1791079973337480,183134,17,18316,2185,129524,204998708278,2805813805,2285103,47,12288,15292940288
1791079973444063,183135,17,18337,2186,129444,205220177677,2807899299,2285276,47,12288,15314731008
1791079973550665,183136,17,18357,2187,129444,205434193762,2810146849,2285448,47,12288,15341039616
1791079973657138,183431,17,18379,2188,129399,205653847835,2812025758,2285634,47,12288,15362826240
1791079973763556,183449,17,18398,2189,129911,205861492488,2815223826,2285810,47,12288,15384084480
1791079973869431,183571,17,18419,2190,129931,206082129152,2817510578,2285967,47,12288,15405338624
1791079973975070,183572,17,18439,2192,129931,206297484701,2818070381,2286135,47,12288,15426805760
1791079974081236,183577,17,18459,2193,129931,206511062144,2819173728,2286310,47,12288,15448543232
1791079974188024,183577,17,18479,2194,129898,206722848249,2820989836,2286506,47,12288,15469961216
1791079974294126,183582,17,18500,2196,129898,206941162897,2822265870,2286694,47,12288,15491690496
