run_id,slot,tick,intended_us,invoked_us,lateness_us,skipped,bucket,actor_steps,actor_updates,policy_evaluations,orders_submitted,orders_filled,matched_shares
3,1,0,1791066426703525,1791066426705720,2195,0,0,16732,16732,16732,12493,12248,35324
3,2,1,1791066426753525,1791066426754997,1472,0,1,16977,16977,16977,12774,12223,36003
3,3,2,1791066426803525,1791066426805483,1958,0,2,16850,16850,16850,12611,12455,36045
3,4,3,1791066426853525,1791066426855364,1839,0,3,16954,16954,16954,12733,12119,35774
3,5,4,1791066426903525,1791066426905184,1659,0,4,16812,16812,16812,12653,12502,36569
3,6,5,1791066426953525,1791066426955051,1526,0,5,16840,16840,16840,12565,12370,35810
3,7,6,1791066427003525,1791066427005454,1929,0,6,16741,16741,16741,12563,12076,35437
3,8,7,1791066427053525,1791066427054999,1474,0,7,16878,16878,16878,12748,12536,36546
3,9,8,1791066427103525,1791066427105063,1538,0,8,16971,16971,16971,12733,12363,36170
3,10,9,1791066427153525,1791066427155124,1599,0,9,16802,16802,16802,12570,12531,35965
3,11,10,1791066427203525,1791066427205310,1785,0,10,16824,16824,16824,12775,12706,36489
3,12,11,1791066427253525,1791066427255156,1631,0,11,16857,16857,16857,12701,12215,35901
3,13,12,1791066427303525,1791066427305087,1562,0,12,17012,17012,17012,12800,12560,36664
3,14,13,1791066427353525,1791066427355095,1570,0,13,16858,16858,16858,12702,12400,35876
3,15,14,1791066427403525,1791066427404974,1449,0,14,16882,16882,16882,12653,12425,36227
3,16,15,1791066427453525,1791066427454955,1430,0,15,16852,16852,16852,12702,12355,35972
3,17,16,1791066427503525,1791066427505337,1812,0,16,16993,16993,16993,12712,12411,36158
3,18,17,1791066427553525,1791066427555890,2365,0,17,16754,16754,16754,12622,12202,35806
3,19,18,1791066427603525,1791066427605769,2244,0,18,16977,16977,16977,12667,12183,36079
3,20,19,1791066427653525,1791066427655413,1888,0,19,16934,16934,16934,12679,12042,35785
3,21,20,1791066427703525,1791066427705189,1664,0,0,16732,16732,16732,12465,12207,35854
3,22,21,1791066427753525,1791066427754892,1367,0,1,16977,16977,16977,12758,12730,36333
3,23,22,1791066427803525,1791066427805514,1989,0,2,16850,16850,16850,12632,12289,35753
3,24,23,1791066427853525,1791066427855132,1607,0,3,16954,16954,16954,12689,12419,36028
3,25,24,1791066427903525,1791066427905632,2107,0,4,16812,16812,16812,12541,12036,35577
3,26,25,1791066427953525,1791066427955176,1651,0,5,16840,16840,16840,12592,12096,35553
3,27,26,1791066428003525,1791066428005031,1506,0,6,16741,16741,16741,12658,12167,35794
3,28,27,1791066428053525,1791066428055211,1686,0,7,16878,16878,16878,12663,12436,36313
3,29,28,1791066428103525,1791066428105624,2099,0,8,16971,16971,16971,12799,12328,36238
3,30,29,1791066428153525,1791066428155699,2174,0,9,16802,16802,16802,12647,12571,36291
3,31,30,1791066428203525,1791066428204868,1343,0,10,16824,16824,16824,12634,12589,36024
3,32,31,1791066428253525,1791066428255288,1763,0,11,16857,16857,16857,12643,12204,35486
3,33,32,1791066428303525,1791066428307855,4330,0,12,17012,17012,17012,12736,12066,35732
3,34,33,1791066428353525,1791066428355881,2356,0,13,16858,16858,16858,12610,12365,36279
3,35,34,1791066428403525,1791066428404942,1417,0,14,16882,16882,16882,12600,12221,35951
3,36,35,1791066428453525,1791066428455584,2059,0,15,16852,16852,16852,12627,12419,35937
3,37,36,1791066428503525,1791066428504994,1469,0,16,16993,16993,16993,12759,12181,36018
3,38,37,1791066428553525,1791066428556882,3357,0,17,16754,16754,16754,12568,12018,35462
3,39,38,1791066428603525,1791066428605064,1539,0,18,16977,16977,16977,12690,12200,35842
3,40,39,1791066428653525,1791066428654847,1322,0,19,16934,16934,16934,12756,12684,36525
3,41,40,1791066428703525,1791066428705782,2257,0,0,16732,16732,16732,12501,12004,35122
3,42,41,1791066428753525,1791066428755555,2030,0,1,16977,16977,16977,12825,12568,36365
3,43,42,1791066428803525,1791066428805637,2112,0,2,16850,16850,16850,12728,12161,36060
3,44,43,1791066428853525,1791066428855847,2322,0,3,16954,16954,16954,12694,12516,36513
3,45,44,1791066428903525,1791066428905681,2156,0,4,16812,16812,16812,12712,12427,35997
3,46,45,1791066428953525,1791066428955047,1522,0,5,16840,16840,16840,12695,12598,36352
3,47,46,1791066429003525,1791066429004903,1378,0,6,16741,16741,16741,12591,12328,35603
3,48,47,1791066429053525,1791066429054945,1420,0,7,16878,16878,16878,12750,12265,36018
3,49,48,1791066429103525,1791066429105208,1683,0,8,16971,16971,16971,12704,12242,36222
3,50,49,1791066429153525,1791066429155613,2088,0,9,16802,16802,16802,12598,12250,35847
3,51,50,1791066429203525,1791066429205491,1966,0,10,16824,16824,16824,12710,12678,36392
3,52,51,1791066429253525,1791066429254989,1464,0,11,16857,16857,16857,12698,12313,36117
3,53,52,1791066429303525,1791066429305635,2110,0,12,17012,17012,17012,12758,12099,35839
3,54,53,1791066429353525,1791066429355452,1927,0,13,16858,16858,16858,12605,12016,36130
3,55,54,1791066429403525,1791066429404978,1453,0,14,16882,16882,16882,12778,12142,36236
3,56,55,1791066429453525,1791066429455306,1781,0,15,16852,16852,16852,12831,12471,36781
3,57,56,1791066429503525,1791066429505552,2027,0,16,16993,16993,16993,12723,12375,36788
3,58,57,1791066429553525,1791066429554930,1405,0,17,16754,16754,16754,12572,12043,35960
3,59,58,1791066429603525,1791066429605063,1538,0,18,16977,16977,16977,12672,12504,36973
3,60,59,1791066429653525,1791066429654974,1449,0,19,16934,16934,16934,12689,11779,35783
3,61,60,1791066429703525,1791066429705169,1644,0,0,16732,16732,16732,12462,12195,36942
3,62,61,1791066429753525,1791066429755048,1523,0,1,16977,16977,16977,12765,12368,37064
3,63,62,1791066429803525,1791066429805000,1475,0,2,16850,16850,16850,12557,12408,36700
3,64,63,1791066429853525,1791066429855282,1757,0,3,16954,16954,16954,12677,12581,37168
3,65,64,1791066429903525,1791066429905244,1719,0,4,16812,16812,16812,12559,12222,36579
3,66,65,1791066429953525,1791066429955078,1553,0,5,16840,16840,16840,12603,12499,37242
3,67,66,1791066430003525,1791066430005425,1900,0,6,16741,16741,16741,12674,12069,36615
3,68,67,1791066430053525,1791066430055213,1688,0,7,16878,16878,16878,12770,12350,37138
3,69,68,1791066430103525,1791066430105464,1939,0,8,16971,16971,16971,12747,12372,37035
3,70,69,1791066430153525,1791066430155554,2029,0,9,16802,16802,16802,12505,12354,36562
3,71,70,1791066430203525,1791066430205010,1485,0,10,16824,16824,16824,12610,11990,36561
3,72,71,1791066430253525,1791066430255025,1500,0,11,16857,16857,16857,12611,12286,37227
3,73,72,1791066430303525,1791066430305737,2212,0,12,17012,17012,17012,12831,12524,37577
3,74,73,1791066430353525,1791066430355677,2152,0,13,16858,16858,16858,12684,12405,37197
3,75,74,1791066430403525,1791066430405567,2042,0,14,16882,16882,16882,12666,12196,37095
3,76,75,1791066430453525,1791066430455742,2217,0,15,16852,16852,16852,12749,12436,37358
3,77,76,1791066430503525,1791066430504816,1291,0,16,16993,16993,16993,12668,12157,37306
3,78,77,1791066430553525,1791066430554997,1472,0,17,16754,16754,16754,12650,12333,37281
3,79,78,1791066430603525,1791066430605242,1717,0,18,16977,16977,16977,12697,12372,37718
3,80,79,1791066430653525,1791066430655322,1797,0,19,16934,16934,16934,12706,12367,37459
3,81,80,1791066430703525,1791066430705109,1584,0,0,16732,16732,16732,12485,12447,37151
3,82,81,1791066430753525,1791066430755882,2357,0,1,16977,16977,16977,12797,12345,37909
3,83,82,1791066430803525,1791066430804882,1357,0,2,16850,16850,16850,12622,12246,37214
3,84,83,1791066430853525,1791066430854859,1334,0,3,16954,16954,16954,12678,12201,37479
3,85,84,1791066430903525,1791066430905845,2320,0,4,16812,16812,16812,12665,12423,37894
3,86,85,1791066430953525,1791066430954852,1327,0,5,16840,16840,16840,12585,12252,37295
3,87,86,1791066431003525,1791066431005224,1699,0,6,16741,16741,16741,12562,12184,37579
3,88,87,1791066431053525,1791066431054981,1456,0,7,16878,16878,16878,12691,12537,38130
3,89,88,1791066431103525,1791066431105363,1838,0,8,16971,16971,16971,12656,12211,37627
3,90,89,1791066431153525,1791066431155874,2349,0,9,16802,16802,16802,12638,12080,37684
3,91,90,1791066431203525,1791066431205282,1757,0,10,16824,16824,16824,12700,12029,38305
3,92,91,1791066431253525,1791066431255146,1621,0,11,16857,16857,16857,12742,12351,38757
3,93,92,1791066431303525,1791066431305296,1771,0,12,17012,17012,17012,12795,12639,38875
3,94,93,1791066431353525,1791066431357829,4304,0,13,16858,16858,16858,12607,11825,37736
3,95,94,1791066431403525,1791066431405493,1968,0,14,16882,16882,16882,12694,12205,38982
3,96,95,1791066431453525,1791066431455796,2271,0,15,16852,16852,16852,12694,12225,38896
3,97,96,1791066431503525,1791066431505126,1601,0,16,16993,16993,16993,12826,12717,39905
3,98,97,1791066431553525,1791066431554972,1447,0,17,16754,16754,16754,12587,11904,38622
3,99,98,1791066431603525,1791066431605621,2096,0,18,16977,16977,16977,12709,12297,39314
3,100,99,1791066431653525,1791066431656526,3001,0,19,16934,16934,16934,12765,12642,39287
3,101,100,1791066431703525,1791066431707481,3956,0,0,16732,16732,16732,12536,11857,37747
3,102,101,1791066431753525,1791066431755846,2321,0,1,16977,16977,16977,12703,12434,39022
3,103,102,1791066431803525,1791066431805801,2276,0,2,16850,16850,16850,12627,12436,38466
3,104,103,1791066431853525,1791066431855116,1591,0,3,16954,16954,16954,12747,12631,38866
3,105,104,1791066431903525,1791066431905472,1947,0,4,16812,16812,16812,12519,12074,37968
3,106,105,1791066431953525,1791066431955593,2068,0,5,16840,16840,16840,12560,12526,38179
3,107,106,1791066432003525,1791066432005650,2125,0,6,16741,16741,16741,12566,12476,38230
3,108,107,1791066432053525,1791066432054993,1468,0,7,16878,16878,16878,12577,11747,37086
3,109,108,1791066432103525,1791066432105562,2037,0,8,16971,16971,16971,12682,12400,38415
3,110,109,1791066432153525,1791066432155414,1889,0,9,16802,16802,16802,12574,11988,37370
3,111,110,1791066432203525,1791066432205219,1694,0,10,16824,16824,16824,12698,12467,39027
3,112,111,1791066432253525,1791066432254940,1415,0,11,16857,16857,16857,12630,12559,38862
3,113,112,1791066432303525,1791066432305224,1699,0,12,17012,17012,17012,12778,12662,39081
3,114,113,1791066432353525,1791066432355693,2168,0,13,16858,16858,16858,12651,12475,38879
3,115,114,1791066432403525,1791066432405724,2199,0,14,16882,16882,16882,12639,12303,38588
3,116,115,1791066432453525,1791066432455390,1865,0,15,16852,16852,16852,12752,12187,38690
3,117,116,1791066432503525,1791066432505098,1573,0,16,16993,16993,16993,12676,12614,39594
3,118,117,1791066432553525,1791066432556239,2714,0,17,16754,16754,16754,12529,11914,38270
3,119,118,1791066432603525,1791066432605700,2175,0,18,16977,16977,16977,12719,12238,38979
3,120,119,1791066432653525,1791066432655609,2084,0,19,16934,16934,16934,12664,11968,38576
3,121,120,1791066432703525,1791066432705363,1838,0,0,16732,16732,16732,12702,12194,39701
3,122,121,1791066432753525,1791066432755779,2254,0,1,16977,16977,16977,12874,12031,39167
3,123,122,1791066432803525,1791066432804995,1470,0,2,16850,16850,16850,12642,12327,39013
3,124,123,1791066432853525,1791066432855469,1944,0,3,16954,16954,16954,12707,12275,38510
3,125,124,1791066432903525,1791066432904818,1293,0,4,16812,16812,16812,12439,12178,38694
3,126,125,1791066432953525,1791066432955733,2208,0,5,16840,16840,16840,12631,12109,38742
3,127,126,1791066433003525,1791066433005685,2160,0,6,16741,16741,16741,12523,12362,39174
3,128,127,1791066433053525,1791066433055241,1716,0,7,16878,16878,16878,12652,11892,38839
3,129,128,1791066433103525,1791066433105553,2028,0,8,16971,16971,16971,12638,12462,39579
3,130,129,1791066433153525,1791066433154870,1345,0,9,16802,16802,16802,12583,12299,39518
3,131,130,1791066433203525,1791066433205814,2289,0,10,16824,16824,16824,12466,12153,39041
3,132,131,1791066433253525,1791066433255263,1738,0,11,16857,16857,16857,12713,12611,40478
3,133,132,1791066433303525,1791066433305489,1964,0,12,17012,17012,17012,12860,12767,41413
3,134,133,1791066433353525,1791066433355862,2337,0,13,16858,16858,16858,12761,12505,40644
3,135,134,1791066433403525,1791066433405653,2128,0,14,16882,16882,16882,12627,12156,40227
3,136,135,1791066433453525,1791066433455086,1561,0,15,16852,16852,16852,12696,12396,41171
3,137,136,1791066433503525,1791066433505083,1558,0,16,16993,16993,16993,12730,12362,40644
3,138,137,1791066433553525,1791066433555846,2321,0,17,16754,16754,16754,12644,12406,40164
3,139,138,1791066433603525,1791066433605301,1776,0,18,16977,16977,16977,12892,12815,40871
3,140,139,1791066433653525,1791066433655885,2360,0,19,16934,16934,16934,12654,12298,40017
3,141,140,1791066433703525,1791066433705108,1583,0,0,16732,16732,16732,12568,11912,39674
3,142,141,1791066433753525,1791066433755145,1620,0,1,16977,16977,16977,12831,12282,40429
3,143,142,1791066433803525,1791066433805456,1931,0,2,16850,16850,16850,12613,12165,39201
3,144,143,1791066433853525,1791066433855401,1876,0,3,16954,16954,16954,12765,12383,39646
3,145,144,1791066433903525,1791066433904998,1473,0,4,16812,16812,16812,12532,12306,38837
3,146,145,1791066433953525,1791066433955358,1833,0,5,16840,16840,16840,12653,12476,39032
3,147,146,1791066434003525,1791066434005216,1691,0,6,16741,16741,16741,12652,12066,38815
3,148,147,1791066434053525,1791066434054942,1417,0,7,16878,16878,16878,12657,12070,38657
3,149,148,1791066434103525,1791066434105791,2266,0,8,16971,16971,16971,12848,12677,40109
3,150,149,1791066434153525,1791066434155276,1751,0,9,16802,16802,16802,12660,12225,38916
3,151,150,1791066434203525,1791066434204910,1385,0,10,16824,16824,16824,12589,12055,38703
3,152,151,1791066434253525,1791066434255850,2325,0,11,16857,16857,16857,12681,12429,39285
3,153,152,1791066434303525,1791066434305537,2012,0,12,17012,17012,17012,12709,12533,39086
3,154,153,1791066434353525,1791066434356120,2595,0,13,16858,16858,16858,12594,12431,38815
3,155,154,1791066434403525,1791066434405501,1976,0,14,16882,16882,16882,12623,12316,38616
3,156,155,1791066434453525,1791066434455036,1511,0,15,16852,16852,16852,12551,11943,37945
3,157,156,1791066434503525,1791066434505508,1983,0,16,16993,16993,16993,12658,12470,39095
3,158,157,1791066434553525,1791066434555697,2172,0,17,16754,16754,16754,12543,11829,38058
3,159,158,1791066434603525,1791066434605388,1863,0,18,16977,16977,16977,12686,12295,38788
3,160,159,1791066434653525,1791066434655900,2375,0,19,16934,16934,16934,12727,12267,39578
3,161,160,1791066434703525,1791066434705816,2291,0,0,16732,16732,16732,12534,12038,38958
3,162,161,1791066434753525,1791066434754871,1346,0,1,16977,16977,16977,12806,12016,39517
3,163,162,1791066434803525,1791066434805375,1850,0,2,16850,16850,16850,12708,12351,39672
3,164,163,1791066434853525,1791066434855331,1806,0,3,16954,16954,16954,12742,12190,39231
3,165,164,1791066434903525,1791066434904870,1345,0,4,16812,16812,16812,12580,12116,38394
3,166,165,1791066434953525,1791066434955087,1562,0,5,16840,16840,16840,12624,12072,38224
3,167,166,1791066435003525,1791066435005577,2052,0,6,16741,16741,16741,12528,12388,38678
3,168,167,1791066435053525,1791066435055838,2313,0,7,16878,16878,16878,12682,12299,38837
3,169,168,1791066435103525,1791066435105550,2025,0,8,16971,16971,16971,12733,12090,39153
3,170,169,1791066435153525,1791066435155407,1882,0,9,16802,16802,16802,12665,12568,39012
3,171,170,1791066435203525,1791066435204894,1369,0,10,16824,16824,16824,12560,12121,38085
3,172,171,1791066435253525,1791066435254986,1461,0,11,16857,16857,16857,12689,12565,38672
3,173,172,1791066435303525,1791066435305307,1782,0,12,17012,17012,17012,12766,12400,38930
3,174,173,1791066435353525,1791066435355345,1820,0,13,16858,16858,16858,12663,12333,38331
3,175,174,1791066435403525,1791066435405013,1488,0,14,16882,16882,16882,12717,12388,38862
3,176,175,1791066435453525,1791066435454863,1338,0,15,16852,16852,16852,12644,12373,38206
3,177,176,1791066435503525,1791066435506393,2868,0,16,16993,16993,16993,12734,12366,38694
3,178,177,1791066435553525,1791066435554954,1429,0,17,16754,16754,16754,12621,12244,38886
3,179,178,1791066435603525,1791066435604996,1471,0,18,16977,16977,16977,12794,12234,39154
3,180,179,1791066435653525,1791066435654965,1440,0,19,16934,16934,16934,12664,12450,39610
3,181,180,1791066435703525,1791066435705680,2155,0,0,16732,16732,16732,12668,12456,39827
3,182,181,1791066435753525,1791066435754947,1422,0,1,16977,16977,16977,12797,12149,40126
3,183,182,1791066435803525,1791066435805492,1967,0,2,16850,16850,16850,12632,11865,39148
3,184,183,1791066435853525,1791066435855093,1568,0,3,16954,16954,16954,12768,12007,39510
3,185,184,1791066435903525,1791066435905871,2346,0,4,16812,16812,16812,12613,12499,39997
3,186,185,1791066435953525,1791066435954950,1425,0,5,16840,16840,16840,12670,12447,40232
3,187,186,1791066436003525,1791066436005623,2098,0,6,16741,16741,16741,12650,12291,40081
3,188,187,1791066436053525,1791066436054973,1448,0,7,16878,16878,16878,12722,12041,39670
3,189,188,1791066436103525,1791066436105027,1502,0,8,16971,16971,16971,12682,12532,40454
3,190,189,1791066436153525,1791066436155326,1801,0,9,16802,16802,16802,12656,12582,40445
3,191,190,1791066436203525,1791066436204923,1398,0,10,16824,16824,16824,12556,12189,40066
3,192,191,1791066436253525,1791066436254979,1454,0,11,16857,16857,16857,12705,12599,40790
3,193,192,1791066436303525,1791066436305122,1597,0,12,17012,17012,17012,12759,12211,40706
3,194,193,1791066436353525,1791066436355201,1676,0,13,16858,16858,16858,12671,12452,41130
3,195,194,1791066436403525,1791066436405539,2014,0,14,16882,16882,16882,12698,12522,40868
3,196,195,1791066436453525,1791066436455343,1818,0,15,16852,16852,16852,12696,12103,40334
3,197,196,1791066436503525,1791066436505826,2301,0,16,16993,16993,16993,12813,12261,41141
3,198,197,1791066436553525,1791066436555674,2149,0,17,16754,16754,16754,12544,12108,40271
3,199,198,1791066436603525,1791066436605762,2237,0,18,16977,16977,16977,12800,11991,40058
3,200,199,1791066436653525,1791066436654967,1442,0,19,16934,16934,16934,12819,12415,41212
3,201,200,1791066436703525,1791066436706266,2741,0,0,16732,16732,16732,12614,11788,39937
3,202,201,1791066436753525,1791066436755169,1644,0,1,16977,16977,16977,12812,12564,41307
3,203,202,1791066436803525,1791066436805020,1495,0,2,16850,16850,16850,12691,12540,40440
3,204,203,1791066436853525,1791066436855102,1577,0,3,16954,16954,16954,12713,12204,40079
3,205,204,1791066436903525,1791066436905791,2266,0,4,16812,16812,16812,12581,12497,39676
3,206,205,1791066436953525,1791066436955763,2238,0,5,16840,16840,16840,12595,12101,39576
3,207,206,1791066437003525,1791066437005392,1867,0,6,16741,16741,16741,12582,12068,39488
3,208,207,1791066437053525,1791066437055605,2080,0,7,16878,16878,16878,12769,12727,41443
3,209,208,1791066437103525,1791066437105828,2303,0,8,16971,16971,16971,12676,12110,40485
3,210,209,1791066437153525,1791066437157346,3821,0,9,16802,16802,16802,12765,12291,41429
3,211,210,1791066437203525,1791066437205009,1484,0,10,16824,16824,16824,12637,12626,40771
3,212,211,1791066437253525,1791066437255482,1957,0,11,16857,16857,16857,12760,12482,41328
3,213,212,1791066437303525,1791066437305652,2127,0,12,17012,17012,17012,12868,12799,42153
3,214,213,1791066437353525,1791066437355327,1802,0,13,16858,16858,16858,12570,12121,40268
3,215,214,1791066437403525,1791066437405883,2358,0,14,16882,16882,16882,12760,11988,41077
3,216,215,1791066437453525,1791066437455158,1633,0,15,16852,16852,16852,12694,12290,41229
3,217,216,1791066437503525,1791066437505681,2156,0,16,16993,16993,16993,12815,12662,41847
3,218,217,1791066437553525,1791066437555206,1681,0,17,16754,16754,16754,12682,12196,41212
3,219,218,1791066437603525,1791066437605110,1585,0,18,16977,16977,16977,12745,12431,41479
3,220,219,1791066437653525,1791066437655183,1658,0,19,16934,16934,16934,12826,12013,41139
3,221,220,1791066437703525,1791066437705184,1659,0,0,16732,16732,16732,12699,12097,41967
3,222,221,1791066437753525,1791066437754887,1362,0,1,16977,16977,16977,12851,12667,42086
3,223,222,1791066437803525,1791066437805424,1899,0,2,16850,16850,16850,12724,12548,41596
3,224,223,1791066437853525,1791066437855500,1975,0,3,16954,16954,16954,12791,11835,40590
3,225,224,1791066437903525,1791066437905344,1819,0,4,16812,16812,16812,12760,12611,41685
3,226,225,1791066437953525,1791066437955855,2330,0,5,16840,16840,16840,12629,12066,40101
3,227,226,1791066438003525,1791066438005317,1792,0,6,16741,16741,16741,12632,12109,40211
3,228,227,1791066438053525,1791066438055269,1744,0,7,16878,16878,16878,12732,12306,41256
3,229,228,1791066438103525,1791066438126713,23188,0,8,16971,16971,16971,12785,12721,41166
3,230,229,1791066438153525,1791066438171880,18355,0,9,16802,16802,16802,12642,12176,40554
3,231,230,1791066438203525,1791066438216093,12568,0,10,16824,16824,16824,12641,12413,41176
3,232,231,1791066438253525,1791066438261545,8020,0,11,16857,16857,16857,12786,12757,42289
3,233,232,1791066438303525,1791066438306214,2689,0,12,17012,17012,17012,12786,12476,41874
3,234,233,1791066438353525,1791066438355520,1995,0,13,16858,16858,16858,12827,12357,41849
3,235,234,1791066438403525,1791066438404983,1458,0,14,16882,16882,16882,12823,12029,41948
3,236,235,1791066438453525,1791066438455395,1870,0,15,16852,16852,16852,12783,12057,41591
3,237,236,1791066438503525,1791066438504863,1338,0,16,16993,16993,16993,12933,12655,43179
3,238,237,1791066438553525,1791066438555811,2286,0,17,16754,16754,16754,12741,11907,41611
3,239,238,1791066438603525,1791066438605019,1494,0,18,16977,16977,16977,12911,12632,43034
3,240,239,1791066438653525,1791066438655848,2323,0,19,16934,16934,16934,12812,12440,41982
3,241,240,1791066438703525,1791066438705545,2020,0,0,16732,16732,16732,12766,11821,41302
3,242,241,1791066438753525,1791066438755800,2275,0,1,16977,16977,16977,12865,12053,41840
3,243,242,1791066438803525,1791066438806598,3073,0,2,16850,16850,16850,12652,12266,41205
3,244,243,1791066438853525,1791066438855482,1957,0,3,16954,16954,16954,12689,12295,40802
3,245,244,1791066438903525,1791066438905353,1828,0,4,16812,16812,16812,12605,12378,40371
3,246,245,1791066438953525,1791066438955343,1818,0,5,16840,16840,16840,12680,12668,41138
3,247,246,1791066439003525,1791066439004871,1346,0,6,16741,16741,16741,12442,12028,40004
3,248,247,1791066439053525,1791066439054973,1448,0,7,16878,16878,16878,12716,12690,41103
3,249,248,1791066439103525,1791066439105508,1983,0,8,16971,16971,16971,12754,12463,40896
3,250,249,1791066439153525,1791066439155060,1535,0,9,16802,16802,16802,12678,12464,40631
3,251,250,1791066439203525,1791066439205575,2050,0,10,16824,16824,16824,12655,12485,40923
3,252,251,1791066439253525,1791066439256684,3159,0,11,16857,16857,16857,12652,12577,41301
3,253,252,1791066439303525,1791066439306174,2649,0,12,17012,17012,17012,12741,12296,41156
3,254,253,1791066439353525,1791066439357681,4156,0,13,16858,16858,16858,12668,12503,41202
3,255,254,1791066439403525,1791066439404935,1410,0,14,16882,16882,16882,12728,12468,41130
3,256,255,1791066439453525,1791066439455344,1819,0,15,16852,16852,16852,12729,12658,41148
3,257,256,1791066439503525,1791066439506469,2944,0,16,16993,16993,16993,12656,12095,40133
3,258,257,1791066439553525,1791066439557014,3489,0,17,16754,16754,16754,12645,12465,40577
3,259,258,1791066439603525,1791066439605597,2072,0,18,16977,16977,16977,12744,12640,40964
3,260,259,1791066439653525,1791066439655694,2169,0,19,16934,16934,16934,12705,12450,40148
3,261,260,1791066439703525,1791066439705351,1826,0,0,16732,16732,16732,12611,11868,40045
3,262,261,1791066439753525,1791066439755663,2138,0,1,16977,16977,16977,12871,12328,40838
3,263,262,1791066439803525,1791066439805489,1964,0,2,16850,16850,16850,12595,12181,39569
3,264,263,1791066439853525,1791066439854853,1328,0,3,16954,16954,16954,12737,12207,39410
3,265,264,1791066439903525,1791066439905563,2038,0,4,16812,16812,16812,12563,11952,38505
3,266,265,1791066439953525,1791066439955888,2363,0,5,16840,16840,16840,12665,12557,39529
3,267,266,1791066440003525,1791066440005463,1938,0,6,16741,16741,16741,12573,12423,38287
3,268,267,1791066440053525,1791066440055049,1524,0,7,16878,16878,16878,12783,12423,38735
3,269,268,1791066440103525,1791066440105685,2160,0,8,16971,16971,16971,12785,12278,38761
3,270,269,1791066440153525,1791066440155382,1857,0,9,16802,16802,16802,12602,12267,38947
3,271,270,1791066440203525,1791066440205413,1888,0,10,16824,16824,16824,12619,12341,39262
3,272,271,1791066440253525,1791066440254884,1359,0,11,16857,16857,16857,12588,12269,39152
3,273,272,1791066440303525,1791066440304845,1320,0,12,17012,17012,17012,12782,12574,39718
3,274,273,1791066440353525,1791066440354996,1471,0,13,16858,16858,16858,12742,12093,39025
3,275,274,1791066440403525,1791066440405166,1641,0,14,16882,16882,16882,12680,12594,39600
3,276,275,1791066440453525,1791066440455058,1533,0,15,16852,16852,16852,12627,12087,38860
3,277,276,1791066440503525,1791066440505204,1679,0,16,16993,16993,16993,12741,12220,39820
3,278,277,1791066440553525,1791066440555078,1553,0,17,16754,16754,16754,12630,12080,39393
3,279,278,1791066440603525,1791066440604859,1334,0,18,16977,16977,16977,12694,12382,39183
3,280,279,1791066440653525,1791066440655139,1614,0,19,16934,16934,16934,12720,12090,39279
3,281,280,1791066440703525,1791066440706206,2681,0,0,16732,16732,16732,12562,12164,39603
3,282,281,1791066440753525,1791066440755845,2320,0,1,16977,16977,16977,12741,12171,39504
3,283,282,1791066440803525,1791066440806513,2988,0,2,16850,16850,16850,12646,12459,39641
3,284,283,1791066440853525,1791066440855316,1791,0,3,16954,16954,16954,12797,12725,39553
3,285,284,1791066440903525,1791066440905820,2295,0,4,16812,16812,16812,12623,12179,38880
3,286,285,1791066440953525,1791066440956182,2657,0,5,16840,16840,16840,12595,12551,38723
3,287,286,1791066441003525,1791066441005246,1721,0,6,16741,16741,16741,12506,11851,37657
3,288,287,1791066441053525,1791066441055053,1528,0,7,16878,16878,16878,12695,12503,38737
3,289,288,1791066441103525,1791066441106227,2702,0,8,16971,16971,16971,12685,12622,38656
3,290,289,1791066441153525,1791066441155344,1819,0,9,16802,16802,16802,12671,11963,37526
3,291,290,1791066441203525,1791066441205076,1551,0,10,16824,16824,16824,12688,12655,38889
3,292,291,1791066441253525,1791066441255392,1867,0,11,16857,16857,16857,12664,12253,38216
3,293,292,1791066441303525,1791066441305055,1530,0,12,17012,17012,17012,12845,12815,38657
3,294,293,1791066441353525,1791066441355497,1972,0,13,16858,16858,16858,12742,11919,37639
3,295,294,1791066441403525,1791066441405510,1985,0,14,16882,16882,16882,12729,11907,38137
3,296,295,1791066441453525,1791066441455356,1831,0,15,16852,16852,16852,12749,12596,38608
3,297,296,1791066441503525,1791066441504992,1467,0,16,16993,16993,16993,12778,12343,38531
3,298,297,1791066441553525,1791066441555627,2102,0,17,16754,16754,16754,12583,11794,37424
3,299,298,1791066441603525,1791066441605187,1662,0,18,16977,16977,16977,12836,12670,38953
3,300,299,1791066441653525,1791066441654965,1440,0,19,16934,16934,16934,12740,12471,38472
3,301,300,1791066441703525,1791066441705894,2369,0,0,16732,16732,16732,12618,11898,37657
3,302,301,1791066441753525,1791066441755163,1638,0,1,16977,16977,16977,12696,12553,38549
3,303,302,1791066441803525,1791066441805359,1834,0,2,16850,16850,16850,12577,12183,37811
3,304,303,1791066441853525,1791066441855830,2305,0,3,16954,16954,16954,12784,12611,38721
3,305,304,1791066441903525,1791066441905277,1752,0,4,16812,16812,16812,12639,12245,38257
3,306,305,1791066441953525,1791066441955676,2151,0,5,16840,16840,16840,12510,11627,36792
3,307,306,1791066442003525,1791066442005063,1538,0,6,16741,16741,16741,12567,12258,38718
3,308,307,1791066442053525,1791066442055185,1660,0,7,16878,16878,16878,12567,12456,38120
3,309,308,1791066442103525,1791066442104952,1427,0,8,16971,16971,16971,12838,12503,39023
3,310,309,1791066442153525,1791066442155001,1476,0,9,16802,16802,16802,12617,11952,38176
3,311,310,1791066442203525,1791066442205424,1899,0,10,16824,16824,16824,12580,12340,39363
3,312,311,1791066442253525,1791066442262945,9420,0,11,16857,16857,16857,12623,12248,38758
3,313,312,1791066442303525,1791066442323267,19742,0,12,17012,17012,17012,12709,12526,39491
3,314,313,1791066442353525,1791066442374108,20583,0,13,16858,16858,16858,12745,12680,40012
3,315,314,1791066442403525,1791066442422179,18654,0,14,16882,16882,16882,12567,12308,38863
3,316,315,1791066442453525,1791066442473946,20421,0,15,16852,16852,16852,12611,12420,38766
3,317,316,1791066442503525,1791066442524209,20684,0,16,16993,16993,16993,12777,12606,39756
3,318,317,1791066442553525,1791066442569681,16156,0,17,16754,16754,16754,12680,12402,39654
3,319,318,1791066442603525,1791066442615279,11754,0,18,16977,16977,16977,12650,12268,38947
3,320,319,1791066442653525,1791066442664937,11412,0,19,16934,16934,16934,12734,12180,39272
3,321,320,1791066442703525,1791066442711364,7839,0,0,16732,16732,16732,12636,12584,39911
3,322,321,1791066442753525,1791066442755581,2056,0,1,16977,16977,16977,12697,12217,39490
3,323,322,1791066442803525,1791066442805171,1646,0,2,16850,16850,16850,12688,12000,38867
3,324,323,1791066442853525,1791066442855205,1680,0,3,16954,16954,16954,12804,12312,39292
3,325,324,1791066442903525,1791066442905608,2083,0,4,16812,16812,16812,12541,12286,38363
3,326,325,1791066442953525,1791066442955378,1853,0,5,16840,16840,16840,12717,12067,38198
3,327,326,1791066443003525,1791066443005717,2192,0,6,16741,16741,16741,12592,12291,38552
3,328,327,1791066443053525,1791066443055326,1801,0,7,16878,16878,16878,12677,12508,38621
3,329,328,1791066443103525,1791066443105460,1935,0,8,16971,16971,16971,12767,12350,38485
3,330,329,1791066443153525,1791066443155686,2161,0,9,16802,16802,16802,12521,12287,38155
3,331,330,1791066443203525,1791066443205110,1585,0,10,16824,16824,16824,12667,12451,39192
3,332,331,1791066443253525,1791066443255156,1631,0,11,16857,16857,16857,12695,12599,39019
3,333,332,1791066443303525,1791066443304983,1458,0,12,17012,17012,17012,12631,12323,38627
3,334,333,1791066443353525,1791066443355854,2329,0,13,16858,16858,16858,12679,12435,38647
3,335,334,1791066443403525,1791066443405012,1487,0,14,16882,16882,16882,12694,12207,38403
3,336,335,1791066443453525,1791066443455237,1712,0,15,16852,16852,16852,12747,12213,38444
3,337,336,1791066443503525,1791066443506493,2968,0,16,16993,16993,16993,12743,12384,38946
3,338,337,1791066443553525,1791066443555777,2252,0,17,16754,16754,16754,12666,12018,38027
3,339,338,1791066443603525,1791066443605423,1898,0,18,16977,16977,16977,12815,12558,38710
3,340,339,1791066443653525,1791066443655893,2368,0,19,16934,16934,16934,12650,12424,38246
3,341,340,1791066443703525,1791066443705234,1709,0,0,16732,16732,16732,12554,12389,37802
3,342,341,1791066443753525,1791066443754875,1350,0,1,16977,16977,16977,12782,11914,37476
3,343,342,1791066443803525,1791066443804876,1351,0,2,16850,16850,16850,12660,12640,38149
3,344,343,1791066443853525,1791066443855815,2290,0,3,16954,16954,16954,12842,12401,37726
3,345,344,1791066443903525,1791066443905556,2031,0,4,16812,16812,16812,12627,12221,37240
3,346,345,1791066443953525,1791066443957831,4306,0,5,16840,16840,16840,12651,12034,36849
3,347,346,1791066444003525,1791066444005408,1883,0,6,16741,16741,16741,12634,12077,36926
3,348,347,1791066444053525,1791066444056180,2655,0,7,16878,16878,16878,12663,12051,36944
3,349,348,1791066444103525,1791066444105736,2211,0,8,16971,16971,16971,12734,12664,37992
3,350,349,1791066444153525,1791066444155204,1679,0,9,16802,16802,16802,12693,12546,37864
3,351,350,1791066444203525,1791066444205335,1810,0,10,16824,16824,16824,12617,12200,37184
3,352,351,1791066444253525,1791066444255602,2077,0,11,16857,16857,16857,12596,12202,37399
3,353,352,1791066444303525,1791066444304868,1343,0,12,17012,17012,17012,12828,12225,37767
3,354,353,1791066444353525,1791066444355169,1644,0,13,16858,16858,16858,12687,11997,37160
3,355,354,1791066444403525,1791066444405477,1952,0,14,16882,16882,16882,12708,12289,38168
3,356,355,1791066444453525,1791066444455232,1707,0,15,16852,16852,16852,12594,12288,37525
3,357,356,1791066444503525,1791066444506964,3439,0,16,16993,16993,16993,12887,12426,38625
3,358,357,1791066444553525,1791066444555636,2111,0,17,16754,16754,16754,12605,12360,37258
3,359,358,1791066444603525,1791066444605091,1566,0,18,16977,16977,16977,12696,12392,37723
3,360,359,1791066444653525,1791066444655089,1564,0,19,16934,16934,16934,12763,12126,37425
3,361,360,1791066444703525,1791066444705342,1817,0,0,16732,16732,16732,12614,12120,37877
3,362,361,1791066444753525,1791066444755326,1801,0,1,16977,16977,16977,12780,12250,37957
3,363,362,1791066444803525,1791066444805072,1547,0,2,16850,16850,16850,12602,12474,37592
3,364,363,1791066444853525,1791066444855286,1761,0,3,16954,16954,16954,12706,12543,37724
3,365,364,1791066444903525,1791066444905852,2327,0,4,16812,16812,16812,12653,12325,37674
3,366,365,1791066444953525,1791066444955254,1729,0,5,16840,16840,16840,12602,12185,37266
3,367,366,1791066445003525,1791066445013838,10313,0,6,16741,16741,16741,12542,12049,37042
3,368,367,1791066445053525,1791066445063963,10438,0,7,16878,16878,16878,12700,12420,37963
3,369,368,1791066445103525,1791066445105194,1669,0,8,16971,16971,16971,12841,12253,38434
3,370,369,1791066445153525,1791066445154913,1388,0,9,16802,16802,16802,12616,12492,38364
3,371,370,1791066445203525,1791066445205711,2186,0,10,16824,16824,16824,12670,12504,37865
3,372,371,1791066445253525,1791066445255071,1546,0,11,16857,16857,16857,12638,12481,37542
3,373,372,1791066445303525,1791066445305194,1669,0,12,17012,17012,17012,12789,12265,37961
3,374,373,1791066445353525,1791066445355619,2094,0,13,16858,16858,16858,12669,12386,38656
3,375,374,1791066445403525,1791066445405508,1983,0,14,16882,16882,16882,12720,12691,39017
3,376,375,1791066445453525,1791066445461775,8250,0,15,16852,16852,16852,12674,12166,38353
3,377,376,1791066445503525,1791066445513391,9866,0,16,16993,16993,16993,12777,12540,38991
3,378,377,1791066445553525,1791066445563161,9636,0,17,16754,16754,16754,12637,11929,38066
3,379,378,1791066445603525,1791066445611212,7687,0,18,16977,16977,16977,12722,12319,39025
3,380,379,1791066445653525,1791066445654892,1367,0,19,16934,16934,16934,12753,12745,39472
3,381,380,1791066445703525,1791066445705518,1993,0,0,16732,16732,16732,12589,11948,38310
3,382,381,1791066445753525,1791066445755321,1796,0,1,16977,16977,16977,12754,12502,39312
3,383,382,1791066445803525,1791066445805000,1475,0,2,16850,16850,16850,12700,12634,39192
3,384,383,1791066445853525,1791066445855295,1770,0,3,16954,16954,16954,12815,12658,38826
3,385,384,1791066445903525,1791066445905016,1491,0,4,16812,16812,16812,12534,12409,38381
3,386,385,1791066445953525,1791066445955559,2034,0,5,16840,16840,16840,12574,12066,38135
3,387,386,1791066446003525,1791066446004937,1412,0,6,16741,16741,16741,12530,12273,38049
3,388,387,1791066446053525,1791066446055153,1628,0,7,16878,16878,16878,12740,12673,38511
3,389,388,1791066446103525,1791066446105304,1779,0,8,16971,16971,16971,12673,12235,37924
3,390,389,1791066446153525,1791066446155450,1925,0,9,16802,16802,16802,12651,12032,37958
3,391,390,1791066446203525,1791066446206815,3290,0,10,16824,16824,16824,12588,12417,38812
3,392,391,1791066446253525,1791066446254945,1420,0,11,16857,16857,16857,12738,12596,39044
3,393,392,1791066446303525,1791066446305299,1774,0,12,17012,17012,17012,12777,12627,39164
3,394,393,1791066446353525,1791066446355598,2073,0,13,16858,16858,16858,12780,12509,39196
3,395,394,1791066446403525,1791066446407328,3803,0,14,16882,16882,16882,12811,12428,39671
3,396,395,1791066446453525,1791066446455168,1643,0,15,16852,16852,16852,12701,12582,39714
3,397,396,1791066446503525,1791066446505466,1941,0,16,16993,16993,16993,12766,12176,39573
3,398,397,1791066446553525,1791066446554937,1412,0,17,16754,16754,16754,12626,12261,38954
3,399,398,1791066446603525,1791066446605273,1748,0,18,16977,16977,16977,12771,12672,40008
3,400,399,1791066446653525,1791066446655871,2346,0,19,16934,16934,16934,12675,12511,39695
3,401,400,1791066446703525,1791066446705061,1536,0,0,16732,16732,16732,12548,12239,39150
3,402,401,1791066446753525,1791066446755372,1847,0,1,16977,16977,16977,12723,11685,38220
3,403,402,1791066446803525,1791066446805148,1623,0,2,16850,16850,16850,12685,12318,39488
3,404,403,1791066446853525,1791066446855311,1786,0,3,16954,16954,16954,12793,12736,39918
3,405,404,1791066446903525,1791066446905907,2382,0,4,16812,16812,16812,12632,12364,38909
3,406,405,1791066446953525,1791066446955355,1830,0,5,16840,16840,16840,12605,11995,38589
3,407,406,1791066447003525,1791066447004821,1296,0,6,16741,16741,16741,12600,12308,38878
3,408,407,1791066447053525,1791066447056128,2603,0,7,16878,16878,16878,12589,11926,38719
3,409,408,1791066447103525,1791066447104859,1334,0,8,16971,16971,16971,12771,12455,40062
3,410,409,1791066447153525,1791066447155055,1530,0,9,16802,16802,16802,12541,12203,39288
3,411,410,1791066447203525,1791066447207456,3931,0,10,16824,16824,16824,12633,12296,39818
3,412,411,1791066447253525,1791066447255313,1788,0,11,16857,16857,16857,12710,12429,39647
3,413,412,1791066447303525,1791066447305049,1524,0,12,17012,17012,17012,12800,12660,40258
3,414,413,1791066447353525,1791066447355107,1582,0,13,16858,16858,16858,12766,12623,39712
3,415,414,1791066447403525,1791066447405230,1705,0,14,16882,16882,16882,12598,12147,38746
3,416,415,1791066447453525,1791066447455381,1856,0,15,16852,16852,16852,12631,12427,38906
3,417,416,1791066447503525,1791066447505782,2257,0,16,16993,16993,16993,12640,12293,39148
3,418,417,1791066447553525,1791066447557269,3744,0,17,16754,16754,16754,12576,11948,38206
3,419,418,1791066447603525,1791066447605445,1920,0,18,16977,16977,16977,12729,12332,38849
3,420,419,1791066447653525,1791066447654971,1446,0,19,16934,16934,16934,12755,12040,38299
3,421,420,1791066447703525,1791066447705356,1831,0,0,16732,16732,16732,12507,12080,38436
3,422,421,1791066447753525,1791066447755904,2379,0,1,16977,16977,16977,12754,12158,38355
3,423,422,1791066447803525,1791066447805437,1912,0,2,16850,16850,16850,12575,12328,38194
3,424,423,1791066447853525,1791066447855862,2337,0,3,16954,16954,16954,12763,12038,37893
3,425,424,1791066447903525,1791066447904965,1440,0,4,16812,16812,16812,12652,12258,37719
3,426,425,1791066447953525,1791066447954990,1465,0,5,16840,16840,16840,12593,12052,36826
3,427,426,1791066448003525,1791066448005582,2057,0,6,16741,16741,16741,12558,11974,36847
3,428,427,1791066448053525,1791066448055098,1573,0,7,16878,16878,16878,12727,12570,37687
3,429,428,1791066448103525,1791066448105568,2043,0,8,16971,16971,16971,12771,12734,38047
3,430,429,1791066448153525,1791066448155516,1991,0,9,16802,16802,16802,12625,11824,36545
3,431,430,1791066448203525,1791066448205884,2359,0,10,16824,16824,16824,12685,12598,38129
3,432,431,1791066448253525,1791066448254980,1455,0,11,16857,16857,16857,12567,12283,36875
3,433,432,1791066448303525,1791066448305025,1500,0,12,17012,17012,17012,12892,12164,37302
3,434,433,1791066448353525,1791066448355651,2126,0,13,16858,16858,16858,12740,12432,37856
3,435,434,1791066448403525,1791066448404886,1361,0,14,16882,16882,16882,12668,12455,37332
3,436,435,1791066448453525,1791066448455006,1481,0,15,16852,16852,16852,12712,12569,37550
3,437,436,1791066448503525,1791066448505638,2113,0,16,16993,16993,16993,12887,12475,37545
3,438,437,1791066448553525,1791066448555129,1604,0,17,16754,16754,16754,12531,12482,36740
3,439,438,1791066448603525,1791066448605159,1634,0,18,16977,16977,16977,12653,12470,36946
3,440,439,1791066448653525,1791066448654869,1344,0,19,16934,16934,16934,12719,12367,37412
3,441,440,1791066448703525,1791066448705323,1798,0,0,16732,16732,16732,12561,11999,36565
3,442,441,1791066448753525,1791066448755000,1475,0,1,16977,16977,16977,12739,12510,37403
3,443,442,1791066448803525,1791066448805828,2303,0,2,16850,16850,16850,12644,12354,37027
3,444,443,1791066448853525,1791066448854825,1300,0,3,16954,16954,16954,12695,12263,36704
3,445,444,1791066448903525,1791066448905321,1796,0,4,16812,16812,16812,12583,12205,36603
3,446,445,1791066448953525,1791066448955373,1848,0,5,16840,16840,16840,12702,11941,36238
3,447,446,1791066449003525,1791066449005136,1611,0,6,16741,16741,16741,12474,12243,36888
3,448,447,1791066449053525,1791066449054965,1440,0,7,16878,16878,16878,12759,12542,37065
3,449,448,1791066449103525,1791066449105356,1831,0,8,16971,16971,16971,12720,12491,37080
3,450,449,1791066449153525,1791066449155863,2338,0,9,16802,16802,16802,12624,12150,36578
3,451,450,1791066449203525,1791066449204985,1460,0,10,16824,16824,16824,12631,12378,36984
3,452,451,1791066449253525,1791066449254838,1313,0,11,16857,16857,16857,12576,12410,37097
3,453,452,1791066449303525,1791066449305349,1824,0,12,17012,17012,17012,12770,12584,37466
3,454,453,1791066449353525,1791066449355658,2133,0,13,16858,16858,16858,12568,12388,36858
3,455,454,1791066449403525,1791066449404940,1415,0,14,16882,16882,16882,12576,12565,36976
3,456,455,1791066449453525,1791066449455236,1711,0,15,16852,16852,16852,12707,11846,36536
3,457,456,1791066449503525,1791066449504853,1328,0,16,16993,16993,16993,12789,12371,38237
3,458,457,1791066449553525,1791066449555269,1744,0,17,16754,16754,16754,12690,12579,37610
3,459,458,1791066449603525,1791066449605132,1607,0,18,16977,16977,16977,12651,12607,37201
3,460,459,1791066449653525,1791066449655122,1597,0,19,16934,16934,16934,12631,12260,37055
3,461,460,1791066449703525,1791066449705265,1740,0,0,16732,16732,16732,12645,12470,37755
3,462,461,1791066449753525,1791066449755700,2175,0,1,16977,16977,16977,12673,12276,37449
3,463,462,1791066449803525,1791066449805103,1578,0,2,16850,16850,16850,12674,12529,37298
3,464,463,1791066449853525,1791066449855521,1996,0,3,16954,16954,16954,12738,12155,37231
3,465,464,1791066449903525,1791066449905597,2072,0,4,16812,16812,16812,12637,11992,36873
3,466,465,1791066449953525,1791066449955619,2094,0,5,16840,16840,16840,12629,12452,37223
3,467,466,1791066450003525,1791066450004893,1368,0,6,16741,16741,16741,12600,11876,36121
3,468,467,1791066450053525,1791066450054979,1454,0,7,16878,16878,16878,12689,12026,36979
3,469,468,1791066450103525,1791066450105142,1617,0,8,16971,16971,16971,12767,12281,37264
3,470,469,1791066450153525,1791066450179984,26459,0,9,16802,16802,16802,12608,12328,37513
3,471,470,1791066450203525,1791066450223004,19479,0,10,16824,16824,16824,12697,12049,37255
3,472,471,1791066450253525,1791066450270814,17289,0,11,16857,16857,16857,12709,12330,38126
3,473,472,1791066450303525,1791066450318678,15153,0,12,17012,17012,17012,12733,12562,37904
3,474,473,1791066450353525,1791066450367212,13687,0,13,16858,16858,16858,12628,12604,37495
3,475,474,1791066450403525,1791066450412531,9006,0,14,16882,16882,16882,12609,12513,37685
3,476,475,1791066450453525,1791066450459308,5783,0,15,16852,16852,16852,12698,12136,37476
3,477,476,1791066450503525,1791066450505162,1637,0,16,16993,16993,16993,12837,12396,38154
3,478,477,1791066450553525,1791066450554963,1438,0,17,16754,16754,16754,12563,12517,37538
3,479,478,1791066450603525,1791066450606200,2675,0,18,16977,16977,16977,12778,12322,37575
3,480,479,1791066450653525,1791066450655276,1751,0,19,16934,16934,16934,12775,12159,37830
3,481,480,1791066450703525,1791066450705182,1657,0,0,16732,16732,16732,12507,12221,37533
3,482,481,1791066450753525,1791066450755295,1770,0,1,16977,16977,16977,12744,11891,37380
3,483,482,1791066450803525,1791066450807370,3845,0,2,16850,16850,16850,12684,12276,38075
3,484,483,1791066450853525,1791066450856082,2557,0,3,16954,16954,16954,12803,12242,37682
3,485,484,1791066450903525,1791066450905165,1640,0,4,16812,16812,16812,12539,12334,37044
3,486,485,1791066450953525,1791066450954942,1417,0,5,16840,16840,16840,12676,12452,37395
3,487,486,1791066451003525,1791066451005344,1819,0,6,16741,16741,16741,12624,12350,37461
3,488,487,1791066451053525,1791066451055145,1620,0,7,16878,16878,16878,12660,12534,37977
3,489,488,1791066451103525,1791066451104981,1456,0,8,16971,16971,16971,12789,12404,37683
3,490,489,1791066451153525,1791066451155365,1840,0,9,16802,16802,16802,12665,12309,37403
3,491,490,1791066451203525,1791066451205379,1854,0,10,16824,16824,16824,12705,12569,37876
3,492,491,1791066451253525,1791066451256839,3314,0,11,16857,16857,16857,12641,12136,37314
3,493,492,1791066451303525,1791066451305755,2230,0,12,17012,17012,17012,12752,12480,38255
3,494,493,1791066451353525,1791066451355339,1814,0,13,16858,16858,16858,12628,12090,37486
3,495,494,1791066451403525,1791066451405865,2340,0,14,16882,16882,16882,12699,12134,38259
3,496,495,1791066451453525,1791066451455052,1527,0,15,16852,16852,16852,12598,12425,38046
3,497,496,1791066451503525,1791066451505004,1479,0,16,16993,16993,16993,12767,12587,38874
3,498,497,1791066451553525,1791066451555219,1694,0,17,16754,16754,16754,12497,12089,37621
3,499,498,1791066451603525,1791066451605304,1779,0,18,16977,16977,16977,12845,12211,38052
3,500,499,1791066451653525,1791066451655262,1737,0,19,16934,16934,16934,12755,12730,38461
3,501,500,1791066451703525,1791066451705777,2252,0,0,16732,16732,16732,12542,12506,37570
3,502,501,1791066451753525,1791066451755030,1505,0,1,16977,16977,16977,12817,11840,37381
3,503,502,1791066451803525,1791066451805497,1972,0,2,16850,16850,16850,12558,12289,37457
3,504,503,1791066451853525,1791066451855124,1599,0,3,16954,16954,16954,12700,12645,37783
3,505,504,1791066451903525,1791066451905155,1630,0,4,16812,16812,16812,12675,12239,37441
3,506,505,1791066451953525,1791066451955544,2019,0,5,16840,16840,16840,12706,12487,37649
3,507,506,1791066452003525,1791066452005340,1815,0,6,16741,16741,16741,12613,12389,37352
3,508,507,1791066452053525,1791066452055248,1723,0,7,16878,16878,16878,12650,12417,37464
3,509,508,1791066452103525,1791066452104891,1366,0,8,16971,16971,16971,12763,12278,37624
3,510,509,1791066452153525,1791066452155324,1799,0,9,16802,16802,16802,12579,12075,37089
3,511,510,1791066452203525,1791066452205637,2112,0,10,16824,16824,16824,12665,12464,38105
3,512,511,1791066452253525,1791066452255014,1489,0,11,16857,16857,16857,12764,12546,38272
3,513,512,1791066452303525,1791066452305113,1588,0,12,17012,17012,17012,12762,12346,37895
3,514,513,1791066452353525,1791066452355409,1884,0,13,16858,16858,16858,12632,12058,37550
3,515,514,1791066452403525,1791066452404981,1456,0,14,16882,16882,16882,12694,12365,37807
3,516,515,1791066452453525,1791066452455476,1951,0,15,16852,16852,16852,12570,11965,36940
3,517,516,1791066452503525,1791066452505241,1716,0,16,16993,16993,16993,12705,12573,38309
3,518,517,1791066452553525,1791066452555110,1585,0,17,16754,16754,16754,12621,12556,37581
3,519,518,1791066452603525,1791066452605707,2182,0,18,16977,16977,16977,12766,12131,37665
3,520,519,1791066452653525,1791066452655132,1607,0,19,16934,16934,16934,12775,12127,37802
3,521,520,1791066452703525,1791066452705631,2106,0,0,16732,16732,16732,12611,12061,37682
3,522,521,1791066452753525,1791066452754883,1358,0,1,16977,16977,16977,12701,12334,38069
3,523,522,1791066452803525,1791066452805147,1622,0,2,16850,16850,16850,12616,12603,37590
3,524,523,1791066452853525,1791066452856218,2693,0,3,16954,16954,16954,12749,12255,37918
3,525,524,1791066452903525,1791066452904833,1308,0,4,16812,16812,16812,12666,12418,37877
3,526,525,1791066452953525,1791066452955379,1854,0,5,16840,16840,16840,12518,12344,37414
3,527,526,1791066453003525,1791066453005344,1819,0,6,16741,16741,16741,12528,12118,37256
3,528,527,1791066453053525,1791066453054977,1452,0,7,16878,16878,16878,12674,12199,37624
3,529,528,1791066453103525,1791066453105482,1957,0,8,16971,16971,16971,12806,12043,37571
3,530,529,1791066453153525,1791066453155597,2072,0,9,16802,16802,16802,12601,12421,38287
3,531,530,1791066453203525,1791066453204939,1414,0,10,16824,16824,16824,12561,12401,37796
3,532,531,1791066453253525,1791066453255874,2349,0,11,16857,16857,16857,12691,12684,38551
3,533,532,1791066453303525,1791066453305784,2259,0,12,17012,17012,17012,12787,12642,38578
3,534,533,1791066453353525,1791066453355739,2214,0,13,16858,16858,16858,12645,12470,38245
3,535,534,1791066453403525,1791066453405079,1554,0,14,16882,16882,16882,12617,12394,37672
3,536,535,1791066453453525,1791066453455768,2243,0,15,16852,16852,16852,12626,12080,37196
3,537,536,1791066453503525,1791066453505445,1920,0,16,16993,16993,16993,12740,12332,38200
3,538,537,1791066453553525,1791066453555221,1696,0,17,16754,16754,16754,12607,11771,36662
3,539,538,1791066453603525,1791066453605345,1820,0,18,16977,16977,16977,12611,12188,37534
3,540,539,1791066453653525,1791066453671221,17696,0,19,16934,16934,16934,12649,12407,37200
3,541,540,1791066453703525,1791066453719761,16236,0,0,16732,16732,16732,12533,11721,36174
3,542,541,1791066453753525,1791066453772419,18894,0,1,16977,16977,16977,12813,12337,37616
3,543,542,1791066453803525,1791066453816486,12961,0,2,16850,16850,16850,12652,12305,36798
3,544,543,1791066453853525,1791066453857858,4333,0,3,16954,16954,16954,12701,12165,36834
3,545,544,1791066453903525,1791066453905015,1490,0,4,16812,16812,16812,12599,12427,36839
3,546,545,1791066453953525,1791066453955414,1889,0,5,16840,16840,16840,12581,12132,36439
3,547,546,1791066454003525,1791066454013572,10047,0,6,16741,16741,16741,12500,12112,36114
3,548,547,1791066454053525,1791066454065399,11874,0,7,16878,16878,16878,12626,11854,36168
3,549,548,1791066454103525,1791066454116718,13193,0,8,16971,16971,16971,12716,12192,37773
3,550,549,1791066454153525,1791066454165991,12466,0,9,16802,16802,16802,12664,11973,37027
3,551,550,1791066454203525,1791066454211692,8167,0,10,16824,16824,16824,12676,11979,37335
3,552,551,1791066454253525,1791066454260453,6928,0,11,16857,16857,16857,12780,12444,37807
3,553,552,1791066454303525,1791066454307426,3901,0,12,17012,17012,17012,12811,12650,37735
3,554,553,1791066454353525,1791066454355491,1966,0,13,16858,16858,16858,12695,12195,37139
3,555,554,1791066454403525,1791066454404942,1417,0,14,16882,16882,16882,12634,12484,37195
3,556,555,1791066454453525,1791066454454841,1316,0,15,16852,16852,16852,12617,12565,37325
3,557,556,1791066454503525,1791066454505467,1942,0,16,16993,16993,16993,12706,12383,37133
3,558,557,1791066454553525,1791066454555824,2299,0,17,16754,16754,16754,12667,12464,37179
3,559,558,1791066454603525,1791066454605850,2325,0,18,16977,16977,16977,12710,12262,36868
3,560,559,1791066454653525,1791066454655261,1736,0,19,16934,16934,16934,12658,12227,36635
3,561,560,1791066454703525,1791066454705200,1675,0,0,16732,16732,16732,12542,11876,35634
3,562,561,1791066454753525,1791066454755136,1611,0,1,16977,16977,16977,12794,12322,37067
3,563,562,1791066454803525,1791066454805533,2008,0,2,16850,16850,16850,12500,11671,35536
3,564,563,1791066454853525,1791066454855742,2217,0,3,16954,16954,16954,12760,12586,37436
3,565,564,1791066454903525,1791066454905171,1646,0,4,16812,16812,16812,12642,12356,36306
3,566,565,1791066454953525,1791066454955423,1898,0,5,16840,16840,16840,12613,12379,36141
3,567,566,1791066455003525,1791066455005111,1586,0,6,16741,16741,16741,12585,11986,35992
3,568,567,1791066455053525,1791066455055222,1697,0,7,16878,16878,16878,12737,12464,37027
3,569,568,1791066455103525,1791066455105012,1487,0,8,16971,16971,16971,12691,12483,36505
3,570,569,1791066455153525,1791066455154879,1354,0,9,16802,16802,16802,12602,12065,35904
3,571,570,1791066455203525,1791066455205031,1506,0,10,16824,16824,16824,12740,12422,37058
3,572,571,1791066455253525,1791066455255249,1724,0,11,16857,16857,16857,12594,12445,36420
3,573,572,1791066455303525,1791066455305258,1733,0,12,17012,17012,17012,12689,12119,36122
3,574,573,1791066455353525,1791066455355624,2099,0,13,16858,16858,16858,12605,12315,36370
3,575,574,1791066455403525,1791066455404955,1430,0,14,16882,16882,16882,12726,12700,36873
3,576,575,1791066455453525,1791066455454939,1414,0,15,16852,16852,16852,12578,12182,36251
3,577,576,1791066455503525,1791066455505363,1838,0,16,16993,16993,16993,12787,12384,36855
3,578,577,1791066455553525,1791066455555718,2193,0,17,16754,16754,16754,12615,11894,35714
3,579,578,1791066455603525,1791066455605404,1879,0,18,16977,16977,16977,12765,12597,36966
3,580,579,1791066455653525,1791066455655076,1551,0,19,16934,16934,16934,12727,12501,36707
3,581,580,1791066455703525,1791066455705051,1526,0,0,16732,16732,16732,12596,12418,36367
3,582,581,1791066455753525,1791066455755160,1635,0,1,16977,16977,16977,12713,12535,36730
3,583,582,1791066455803525,1791066455805715,2190,0,2,16850,16850,16850,12655,12093,36269
3,584,583,1791066455853525,1791066455855251,1726,0,3,16954,16954,16954,12647,12605,36561
3,585,584,1791066455903525,1791066455905832,2307,0,4,16812,16812,16812,12556,11904,35663
3,586,585,1791066455953525,1791066455957345,3820,0,5,16840,16840,16840,12630,12598,36912
3,587,586,1791066456003525,1791066456005141,1616,0,6,16741,16741,16741,12592,12569,36480
3,588,587,1791066456053525,1791066456055308,1783,0,7,16878,16878,16878,12666,12285,36405
3,589,588,1791066456103525,1791066456105083,1558,0,8,16971,16971,16971,12759,12163,36371
3,590,589,1791066456153525,1791066456154987,1462,0,9,16802,16802,16802,12725,12320,36557
3,591,590,1791066456203525,1791066456204937,1412,0,10,16824,16824,16824,12621,12475,36643
3,592,591,1791066456253525,1791066456254965,1440,0,11,16857,16857,16857,12639,12280,36344
3,593,592,1791066456303525,1791066456305394,1869,0,12,17012,17012,17012,12779,12149,36572
3,594,593,1791066456353525,1791066456355781,2256,0,13,16858,16858,16858,12685,12094,36659
3,595,594,1791066456403525,1791066456405073,1548,0,14,16882,16882,16882,12622,12566,36959
3,596,595,1791066456453525,1791066456455164,1639,0,15,16852,16852,16852,12745,12399,37169
3,597,596,1791066456503525,1791066456505841,2316,0,16,16993,16993,16993,12737,12195,36780
3,598,597,1791066456553525,1791066456555546,2021,0,17,16754,16754,16754,12561,12002,36003
3,599,598,1791066456603525,1791066456605420,1895,0,18,16977,16977,16977,12766,12103,36626
3,600,599,1791066456653525,1791066456655475,1950,0,19,16934,16934,16934,12690,12368,36906
3,601,600,1791066456703525,1791066456705882,2357,0,0,16732,16732,16732,12558,12243,36447
3,602,601,1791066456753525,1791066456755483,1958,0,1,16977,16977,16977,12758,12621,36865
3,603,602,1791066456803525,1791066456805638,2113,0,2,16850,16850,16850,12549,12230,36640
3,604,603,1791066456853525,1791066456855301,1776,0,3,16954,16954,16954,12730,12563,36875
3,605,604,1791066456903525,1791066456904863,1338,0,4,16812,16812,16812,12502,11885,35627
3,606,605,1791066456953525,1791066456957965,4440,0,5,16840,16840,16840,12672,12197,36324
3,607,606,1791066457003525,1791066457005315,1790,0,6,16741,16741,16741,12715,12555,36789
3,608,607,1791066457053525,1791066457055071,1546,0,7,16878,16878,16878,12720,12499,36462
3,609,608,1791066457103525,1791066457105121,1596,0,8,16971,16971,16971,12690,12094,36131
3,610,609,1791066457153525,1791066457155412,1887,0,9,16802,16802,16802,12643,12293,36279
3,611,610,1791066457203525,1791066457205838,2313,0,10,16824,16824,16824,12702,12563,36926
3,612,611,1791066457253525,1791066457255037,1512,0,11,16857,16857,16857,12665,12628,36737
3,613,612,1791066457303525,1791066457304933,1408,0,12,17012,17012,17012,12744,12439,36799
3,614,613,1791066457353525,1791066457355011,1486,0,13,16858,16858,16858,12664,12291,36424
3,615,614,1791066457403525,1791066457405327,1802,0,14,16882,16882,16882,12687,12289,36771
3,616,615,1791066457453525,1791066457455422,1897,0,15,16852,16852,16852,12601,12302,36331
3,617,616,1791066457503525,1791066457504899,1374,0,16,16993,16993,16993,12787,12631,37058
3,618,617,1791066457553525,1791066457555625,2100,0,17,16754,16754,16754,12626,11776,35728
3,619,618,1791066457603525,1791066457605596,2071,0,18,16977,16977,16977,12723,12402,37394
3,620,619,1791066457653525,1791066457655513,1988,0,19,16934,16934,16934,12749,12589,37095
3,621,620,1791066457703525,1791066457704896,1371,0,0,16732,16732,16732,12642,12410,36659
3,622,621,1791066457753525,1791066457755578,2053,0,1,16977,16977,16977,12736,12428,36903
3,623,622,1791066457803525,1791066457805305,1780,0,2,16850,16850,16850,12639,11912,36469
3,624,623,1791066457853525,1791066457855187,1662,0,3,16954,16954,16954,12818,12488,37049
3,625,624,1791066457903525,1791066457905069,1544,0,4,16812,16812,16812,12656,12226,36532
3,626,625,1791066457953525,1791066457955304,1779,0,5,16840,16840,16840,12632,12036,36295
3,627,626,1791066458003525,1791066458004976,1451,0,6,16741,16741,16741,12548,11944,36446
3,628,627,1791066458053525,1791066458054995,1470,0,7,16878,16878,16878,12720,12340,37488
3,629,628,1791066458103525,1791066458105317,1792,0,8,16971,16971,16971,12845,12276,37477
3,630,629,1791066458153525,1791066458154896,1371,0,9,16802,16802,16802,12717,12431,37614
3,631,630,1791066458203525,1791066458205635,2110,0,10,16824,16824,16824,12598,12249,37180
3,632,631,1791066458253525,1791066458255199,1674,0,11,16857,16857,16857,12733,12331,37167
3,633,632,1791066458303525,1791066458305399,1874,0,12,17012,17012,17012,12807,12551,38031
3,634,633,1791066458353525,1791066458355310,1785,0,13,16858,16858,16858,12679,12429,37657
3,635,634,1791066458403525,1791066458404907,1382,0,14,16882,16882,16882,12626,12280,37446
3,636,635,1791066458453525,1791066458455015,1490,0,15,16852,16852,16852,12805,12546,38316
3,637,636,1791066458503525,1791066458505686,2161,0,16,16993,16993,16993,12811,12622,38167
3,638,637,1791066458553525,1791066458555390,1865,0,17,16754,16754,16754,12700,12322,37358
3,639,638,1791066458603525,1791066458605063,1538,0,18,16977,16977,16977,12721,12516,37415
3,640,639,1791066458653525,1791066458654894,1369,0,19,16934,16934,16934,12685,12379,37750
3,641,640,1791066458703525,1791066458705708,2183,0,0,16732,16732,16732,12531,11673,36349
3,642,641,1791066458753525,1791066458755299,1774,0,1,16977,16977,16977,12850,12530,38532
3,643,642,1791066458803525,1791066458805110,1585,0,2,16850,16850,16850,12658,12558,37625
3,644,643,1791066458853525,1791066458855583,2058,0,3,16954,16954,16954,12785,12298,37265
3,645,644,1791066458903525,1791066458906757,3232,0,4,16812,16812,16812,12475,12003,36460
3,646,645,1791066458953525,1791066458955746,2221,0,5,16840,16840,16840,12591,11924,36092
3,647,646,1791066459003525,1791066459005867,2342,0,6,16741,16741,16741,12591,11910,36515
3,648,647,1791066459053525,1791066459055235,1710,0,7,16878,16878,16878,12697,12026,37036
3,649,648,1791066459103525,1791066459105260,1735,0,8,16971,16971,16971,12710,12080,36696
3,650,649,1791066459153525,1791066459155521,1996,0,9,16802,16802,16802,12620,12236,36701
3,651,650,1791066459203525,1791066459205147,1622,0,10,16824,16824,16824,12654,12273,36374
3,652,651,1791066459253525,1791066459254903,1378,0,11,16857,16857,16857,12718,12196,36216
3,653,652,1791066459303525,1791066459305877,2352,0,12,17012,17012,17012,12778,12455,36603
3,654,653,1791066459353525,1791066459355688,2163,0,13,16858,16858,16858,12560,12142,36175
3,655,654,1791066459403525,1791066459406965,3440,0,14,16882,16882,16882,12761,12242,36882
3,656,655,1791066459453525,1791066459455581,2056,0,15,16852,16852,16852,12678,12176,36345
3,657,656,1791066459503525,1791066459505664,2139,0,16,16993,16993,16993,12782,12073,36773
3,658,657,1791066459553525,1791066459555405,1880,0,17,16754,16754,16754,12606,12188,36221
3,659,658,1791066459603525,1791066459604994,1469,0,18,16977,16977,16977,12813,12573,37032
3,660,659,1791066459653525,1791066459655301,1776,0,19,16934,16934,16934,12727,12145,36326
3,661,660,1791066459703525,1791066459705490,1965,0,0,16732,16732,16732,12517,11888,35959
3,662,661,1791066459753525,1791066459755637,2112,0,1,16977,16977,16977,12642,12393,36582
3,663,662,1791066459803525,1791066459805432,1907,0,2,16850,16850,16850,12605,12329,36116
3,664,663,1791066459853525,1791066459855336,1811,0,3,16954,16954,16954,12702,11903,35722
3,665,664,1791066459903525,1791066459905478,1953,0,4,16812,16812,16812,12539,12264,36592
3,666,665,1791066459953525,1791066459955518,1993,0,5,16840,16840,16840,12617,12553,36305
3,667,666,1791066460003525,1791066460004945,1420,0,6,16741,16741,16741,12609,12094,35851
3,668,667,1791066460053525,1791066460055531,2006,0,7,16878,16878,16878,12723,12440,36452
3,669,668,1791066460103525,1791066460105531,2006,0,8,16971,16971,16971,12723,12477,36425
3,670,669,1791066460153525,1791066460154946,1421,0,9,16802,16802,16802,12678,12445,36334
3,671,670,1791066460203525,1791066460205354,1829,0,10,16824,16824,16824,12636,12516,35997
3,672,671,1791066460253525,1791066460255182,1657,0,11,16857,16857,16857,12617,12179,35794
3,673,672,1791066460303525,1791066460305705,2180,0,12,17012,17012,17012,12759,12305,36331
3,674,673,1791066460353525,1791066460354983,1458,0,13,16858,16858,16858,12697,12685,36360
3,675,674,1791066460403525,1791066460405798,2273,0,14,16882,16882,16882,12657,12384,35731
3,676,675,1791066460453525,1791066460455414,1889,0,15,16852,16852,16852,12701,12114,35925
3,677,676,1791066460503525,1791066460505738,2213,0,16,16993,16993,16993,12764,12581,36556
3,678,677,1791066460553525,1791066460555422,1897,0,17,16754,16754,16754,12567,12027,35384
3,679,678,1791066460603525,1791066460605290,1765,0,18,16977,16977,16977,12683,12342,36337
3,680,679,1791066460653525,1791066460654946,1421,0,19,16934,16934,16934,12614,12391,35848
3,681,680,1791066460703525,1791066460705072,1547,0,0,16732,16732,16732,12513,11981,34955
3,682,681,1791066460753525,1791066460755664,2139,0,1,16977,16977,16977,12834,12467,36284
3,683,682,1791066460803525,1791066460805613,2088,0,2,16850,16850,16850,12586,12100,35785
3,684,683,1791066460853525,1791066460855130,1605,0,3,16954,16954,16954,12727,12421,36221
3,685,684,1791066460903525,1791066460905506,1981,0,4,16812,16812,16812,12540,12252,35591
3,686,685,1791066460953525,1791066460955590,2065,0,5,16840,16840,16840,12597,12136,35496
3,687,686,1791066461003525,1791066461005768,2243,0,6,16741,16741,16741,12582,12193,35609
3,688,687,1791066461053525,1791066461055543,2018,0,7,16878,16878,16878,12741,12319,36520
3,689,688,1791066461103525,1791066461105177,1652,0,8,16971,16971,16971,12650,12412,36179
3,690,689,1791066461153525,1791066461155471,1946,0,9,16802,16802,16802,12606,12184,35608
3,691,690,1791066461203525,1791066461205349,1824,0,10,16824,16824,16824,12655,12319,35946
3,692,691,1791066461253525,1791066461254933,1408,0,11,16857,16857,16857,12660,12465,35993
3,693,692,1791066461303525,1791066461305759,2234,0,12,17012,17012,17012,12690,11770,35063
3,694,693,1791066461353525,1791066461354975,1450,0,13,16858,16858,16858,12688,12175,36584
3,695,694,1791066461403525,1791066461405099,1574,0,14,16882,16882,16882,12653,12138,35632
3,696,695,1791066461453525,1791066461454999,1474,0,15,16852,16852,16852,12598,12220,36098
3,697,696,1791066461503525,1791066461505766,2241,0,16,16993,16993,16993,12706,12193,35842
3,698,697,1791066461553525,1791066461555119,1594,0,17,16754,16754,16754,12651,12276,36056
3,699,698,1791066461603525,1791066461605894,2369,0,18,16977,16977,16977,12742,12055,35758
3,700,699,1791066461653525,1791066461655501,1976,0,19,16934,16934,16934,12740,12460,36457
3,701,700,1791066461703525,1791066461705729,2204,0,0,16732,16732,16732,12593,12437,35997
3,702,701,1791066461753525,1791066461755069,1544,0,1,16977,16977,16977,12771,12103,36109
3,703,702,1791066461803525,1791066461805815,2290,0,2,16850,16850,16850,12677,11915,35760
3,704,703,1791066461853525,1791066461854811,1286,0,3,16954,16954,16954,12850,12430,36961
3,705,704,1791066461903525,1791066461904992,1467,0,4,16812,16812,16812,12641,12428,36176
3,706,705,1791066461953525,1791066461955438,1913,0,5,16840,16840,16840,12720,12632,36500
3,707,706,1791066462003525,1791066462005151,1626,0,6,16741,16741,16741,12597,12309,35907
3,708,707,1791066462053525,1791066462054943,1418,0,7,16878,16878,16878,12620,12274,35933
3,709,708,1791066462103525,1791066462105066,1541,0,8,16971,16971,16971,12877,12637,36902
3,710,709,1791066462153525,1791066462154824,1299,0,9,16802,16802,16802,12663,12300,36356
3,711,710,1791066462203525,1791066462227754,24229,0,10,16824,16824,16824,12648,12505,36686
3,712,711,1791066462253525,1791066462269725,16200,0,11,16857,16857,16857,12633,12585,36552
3,713,712,1791066462303525,1791066462318296,14771,0,12,17012,17012,17012,12712,12188,36113
3,714,713,1791066462353525,1791066462364257,10732,0,13,16858,16858,16858,12685,12433,36733
3,715,714,1791066462403525,1791066462407172,3647,0,14,16882,16882,16882,12692,12420,36540
3,716,715,1791066462453525,1791066462455281,1756,0,15,16852,16852,16852,12721,12499,36539
3,717,716,1791066462503525,1791066462505576,2051,0,16,16993,16993,16993,12804,12440,36826
3,718,717,1791066462553525,1791066462554833,1308,0,17,16754,16754,16754,12623,12381,36690
3,719,718,1791066462603525,1791066462604956,1431,0,18,16977,16977,16977,12766,12600,37165
3,720,719,1791066462653525,1791066462655100,1575,0,19,16934,16934,16934,12698,12002,36478
3,721,720,1791066462703525,1791066462705876,2351,0,0,16732,16732,16732,12646,12091,36879
3,722,721,1791066462753525,1791066462755063,1538,0,1,16977,16977,16977,12746,12411,37345
3,723,722,1791066462803525,1791066462805745,2220,0,2,16850,16850,16850,12605,12261,36674
3,724,723,1791066462853525,1791066462854832,1307,0,3,16954,16954,16954,12666,12635,37226
3,725,724,1791066462903525,1791066462904836,1311,0,4,16812,16812,16812,12645,12476,37429
3,726,725,1791066462953525,1791066462957784,4259,0,5,16840,16840,16840,12553,12417,36638
3,727,726,1791066463003525,1791066463005217,1692,0,6,16741,16741,16741,12642,12089,36234
3,728,727,1791066463053525,1791066463055848,2323,0,7,16878,16878,16878,12646,12286,37003
3,729,728,1791066463103525,1791066463106808,3283,0,8,16971,16971,16971,12815,12517,37310
3,730,729,1791066463153525,1791066463155151,1626,0,9,16802,16802,16802,12619,12580,36945
3,731,730,1791066463203525,1791066463205498,1973,0,10,16824,16824,16824,12627,12329,36658
3,732,731,1791066463253525,1791066463255021,1496,0,11,16857,16857,16857,12618,12502,36738
3,733,732,1791066463303525,1791066463304902,1377,0,12,17012,17012,17012,12750,12504,36953
3,734,733,1791066463353525,1791066463355956,2431,0,13,16858,16858,16858,12668,12010,36261
3,735,734,1791066463403525,1791066463405843,2318,0,14,16882,16882,16882,12591,12229,36440
3,736,735,1791066463453525,1791066463454874,1349,0,15,16852,16852,16852,12716,12477,36698
3,737,736,1791066463503525,1791066463505204,1679,0,16,16993,16993,16993,12780,12727,37228
3,738,737,1791066463553525,1791066463554838,1313,0,17,16754,16754,16754,12588,12325,36898
3,739,738,1791066463603525,1791066463605347,1822,0,18,16977,16977,16977,12722,12085,36912
3,740,739,1791066463653525,1791066463655072,1547,0,19,16934,16934,16934,12710,12037,36751
3,741,740,1791066463703525,1791066463704814,1289,0,0,16732,16732,16732,12524,12028,36509
3,742,741,1791066463753525,1791066463755536,2011,0,1,16977,16977,16977,12770,12199,36703
3,743,742,1791066463803525,1791066463804999,1474,0,2,16850,16850,16850,12638,12325,37036
3,744,743,1791066463853525,1791066463855331,1806,0,3,16954,16954,16954,12756,12461,37286
3,745,744,1791066463903525,1791066463905801,2276,0,4,16812,16812,16812,12689,12483,37339
3,746,745,1791066463953525,1791066463954899,1374,0,5,16840,16840,16840,12688,12441,37078
3,747,746,1791066464003525,1791066464005088,1563,0,6,16741,16741,16741,12641,12476,36833
3,748,747,1791066464053525,1791066464055034,1509,0,7,16878,16878,16878,12611,12490,37317
3,749,748,1791066464103525,1791066464105102,1577,0,8,16971,16971,16971,12779,12484,37735
3,750,749,1791066464153525,1791066464155730,2205,0,9,16802,16802,16802,12574,12340,37241
3,751,750,1791066464203525,1791066464205606,2081,0,10,16824,16824,16824,12666,12406,37524
3,752,751,1791066464253525,1791066464255225,1700,0,11,16857,16857,16857,12609,12309,37187
3,753,752,1791066464303525,1791066464305835,2310,0,12,17012,17012,17012,12739,12472,37932
3,754,753,1791066464353525,1791066464355847,2322,0,13,16858,16858,16858,12609,12251,36781
3,755,754,1791066464403525,1791066464405663,2138,0,14,16882,16882,16882,12698,11668,36849
3,756,755,1791066464453525,1791066464454854,1329,0,15,16852,16852,16852,12622,12253,37946
3,757,756,1791066464503525,1791066464505334,1809,0,16,16993,16993,16993,12730,12636,38109
3,758,757,1791066464553525,1791066464555730,2205,0,17,16754,16754,16754,12535,12049,36687
3,759,758,1791066464603525,1791066464605899,2374,0,18,16977,16977,16977,12729,12453,37865
3,760,759,1791066464653525,1791066464656453,2928,0,19,16934,16934,16934,12732,12345,38041
3,761,760,1791066464703525,1791066464704946,1421,0,0,16732,16732,16732,12663,12652,38370
3,762,761,1791066464753525,1791066464755555,2030,0,1,16977,16977,16977,12856,12737,38789
3,763,762,1791066464803525,1791066464805782,2257,0,2,16850,16850,16850,12570,12447,38262
3,764,763,1791066464853525,1791066464856274,2749,0,3,16954,16954,16954,12800,12324,38494
3,765,764,1791066464903525,1791066464905694,2169,0,4,16812,16812,16812,12601,12233,38087
3,766,765,1791066464953525,1791066464955570,2045,0,5,16840,16840,16840,12614,12119,37506
3,767,766,1791066465003525,1791066465004966,1441,0,6,16741,16741,16741,12601,12337,37782
3,768,767,1791066465053525,1791066465055250,1725,0,7,16878,16878,16878,12603,12218,37690
3,769,768,1791066465103525,1791066465105888,2363,0,8,16971,16971,16971,12713,12384,37887
3,770,769,1791066465153525,1791066465155055,1530,0,9,16802,16802,16802,12613,12316,37615
3,771,770,1791066465203525,1791066465204894,1369,0,10,16824,16824,16824,12638,12264,37827
3,772,771,1791066465253525,1791066465255644,2119,0,11,16857,16857,16857,12704,12437,37959
3,773,772,1791066465303525,1791066465304990,1465,0,12,17012,17012,17012,12729,12465,37731
3,774,773,1791066465353525,1791066465355620,2095,0,13,16858,16858,16858,12749,12014,37700
3,775,774,1791066465403525,1791066465405811,2286,0,14,16882,16882,16882,12668,12148,38271
3,776,775,1791066465453525,1791066465455226,1701,0,15,16852,16852,16852,12660,11775,37893
3,777,776,1791066465503525,1791066465505643,2118,0,16,16993,16993,16993,12804,12395,39461
3,778,777,1791066465553525,1791066465555081,1556,0,17,16754,16754,16754,12587,12338,38695
3,779,778,1791066465603525,1791066465605691,2166,0,18,16977,16977,16977,12800,12169,38217
3,780,779,1791066465653525,1791066465655873,2348,0,19,16934,16934,16934,12734,12252,38927
3,781,780,1791066465703525,1791066465705573,2048,0,0,16732,16732,16732,12595,12506,38803
3,782,781,1791066465753525,1791066465755315,1790,0,1,16977,16977,16977,12705,11962,38497
3,783,782,1791066465803525,1791066465807387,3862,0,2,16850,16850,16850,12644,12313,38763
3,784,783,1791066465853525,1791066465863755,10230,0,3,16954,16954,16954,12785,12447,38732
3,785,784,1791066465903525,1791066465920206,16681,0,4,16812,16812,16812,12678,12603,38396
3,786,785,1791066465953525,1791066465962421,8896,0,5,16840,16840,16840,12711,12211,38379
3,787,786,1791066466003525,1791066466014617,11092,0,6,16741,16741,16741,12583,12393,38517
3,788,787,1791066466053525,1791066466061697,8172,0,7,16878,16878,16878,12507,12195,38427
3,789,788,1791066466103525,1791066466107063,3538,0,8,16971,16971,16971,12758,12136,38588
3,790,789,1791066466153525,1791066466155192,1667,0,9,16802,16802,16802,12551,12348,38018
3,791,790,1791066466203525,1791066466205419,1894,0,10,16824,16824,16824,12585,12364,38237
3,792,791,1791066466253525,1791066466255251,1726,0,11,16857,16857,16857,12655,12569,38743
3,793,792,1791066466303525,1791066466307232,3707,0,12,17012,17012,17012,12763,12501,38335
3,794,793,1791066466353525,1791066466354937,1412,0,13,16858,16858,16858,12566,12278,37630
3,795,794,1791066466403525,1791066466405417,1892,0,14,16882,16882,16882,12700,12264,38114
3,796,795,1791066466453525,1791066466454960,1435,0,15,16852,16852,16852,12685,12157,38352
3,797,796,1791066466503525,1791066466505532,2007,0,16,16993,16993,16993,12825,12220,39021
3,798,797,1791066466553525,1791066466555549,2024,0,17,16754,16754,16754,12583,12075,38184
3,799,798,1791066466603525,1791066466605852,2327,0,18,16977,16977,16977,12638,12399,38208
3,800,799,1791066466653525,1791066466655162,1637,0,19,16934,16934,16934,12735,12482,38303
3,801,800,1791066466703525,1791066466704948,1423,0,0,16732,16732,16732,12526,12129,37264
3,802,801,1791066466753525,1791066466755364,1839,0,1,16977,16977,16977,12723,12305,37708
3,803,802,1791066466803525,1791066466805377,1852,0,2,16850,16850,16850,12570,12306,37211
3,804,803,1791066466853525,1791066466855230,1705,0,3,16954,16954,16954,12734,12280,37297
3,805,804,1791066466903525,1791066466904951,1426,0,4,16812,16812,16812,12605,12396,36941
3,806,805,1791066466953525,1791066466955868,2343,0,5,16840,16840,16840,12646,12490,37245
3,807,806,1791066467003525,1791066467005129,1604,0,6,16741,16741,16741,12532,12265,36563
3,808,807,1791066467053525,1791066467055328,1803,0,7,16878,16878,16878,12644,12397,37052
3,809,808,1791066467103525,1791066467105784,2259,0,8,16971,16971,16971,12760,12308,37683
3,810,809,1791066467153525,1791066467155061,1536,0,9,16802,16802,16802,12643,12102,37490
3,811,810,1791066467203525,1791066467205429,1904,0,10,16824,16824,16824,12537,12172,37603
3,812,811,1791066467253525,1791066467255354,1829,0,11,16857,16857,16857,12588,12544,37620
3,813,812,1791066467303525,1791066467305338,1813,0,12,17012,17012,17012,12794,12281,37608
3,814,813,1791066467353525,1791066467355251,1726,0,13,16858,16858,16858,12667,12423,37660
3,815,814,1791066467403525,1791066467404946,1421,0,14,16882,16882,16882,12654,12013,37353
3,816,815,1791066467453525,1791066467454974,1449,0,15,16852,16852,16852,12689,11784,36855
3,817,816,1791066467503525,1791066467505022,1497,0,16,16993,16993,16993,12637,12151,37693
3,818,817,1791066467553525,1791066467555916,2391,0,17,16754,16754,16754,12562,12300,37121
3,819,818,1791066467603525,1791066467605754,2229,0,18,16977,16977,16977,12761,12223,37479
3,820,819,1791066467653525,1791066467654949,1424,0,19,16934,16934,16934,12736,12537,38120
3,821,820,1791066467703525,1791066467705419,1894,0,0,16732,16732,16732,12554,12377,37043
3,822,821,1791066467753525,1791066467755642,2117,0,1,16977,16977,16977,12793,12117,37310
3,823,822,1791066467803525,1791066467807633,4108,0,2,16850,16850,16850,12706,12624,37666
3,824,823,1791066467853525,1791066467855412,1887,0,3,16954,16954,16954,12728,12615,37401
3,825,824,1791066467903525,1791066467905684,2159,0,4,16812,16812,16812,12637,12195,36998
3,826,825,1791066467953525,1791066467955701,2176,0,5,16840,16840,16840,12622,12273,37005
3,827,826,1791066468003525,1791066468004977,1452,0,6,16741,16741,16741,12556,12389,36679
3,828,827,1791066468053525,1791066468055071,1546,0,7,16878,16878,16878,12722,12559,36983
3,829,828,1791066468103525,1791066468105728,2203,0,8,16971,16971,16971,12730,12185,36968
3,830,829,1791066468153525,1791066468154822,1297,0,9,16802,16802,16802,12614,12031,36785
3,831,830,1791066468203525,1791066468205412,1887,0,10,16824,16824,16824,12647,12404,37099
3,832,831,1791066468253525,1791066468255164,1639,0,11,16857,16857,16857,12675,12318,36726
3,833,832,1791066468303525,1791066468305454,1929,0,12,17012,17012,17012,12772,12609,37078
3,834,833,1791066468353525,1791066468355760,2235,0,13,16858,16858,16858,12633,11893,36273
3,835,834,1791066468403525,1791066468405418,1893,0,14,16882,16882,16882,12625,12455,37456
3,836,835,1791066468453525,1791066468455001,1476,0,15,16852,16852,16852,12611,12302,36567
3,837,836,1791066468503525,1791066468505754,2229,0,16,16993,16993,16993,12751,12389,37073
3,838,837,1791066468553525,1791066468555648,2123,0,17,16754,16754,16754,12606,12303,36640
3,839,838,1791066468603525,1791066468605603,2078,0,18,16977,16977,16977,12716,12401,36848
3,840,839,1791066468653525,1791066468655945,2420,0,19,16934,16934,16934,12810,12769,37623
3,841,840,1791066468703525,1791066468705454,1929,0,0,16732,16732,16732,12556,11785,35949
3,842,841,1791066468753525,1791066468755816,2291,0,1,16977,16977,16977,12744,12454,37563
3,843,842,1791066468803525,1791066468805221,1696,0,2,16850,16850,16850,12593,12410,36361
3,844,843,1791066468853525,1791066468855288,1763,0,3,16954,16954,16954,12705,12295,36571
3,845,844,1791066468903525,1791066468905445,1920,0,4,16812,16812,16812,12622,12395,36517
3,846,845,1791066468953525,1791066468955184,1659,0,5,16840,16840,16840,12778,12118,36628
3,847,846,1791066469003525,1791066469004855,1330,0,6,16741,16741,16741,12552,12184,36696
3,848,847,1791066469053525,1791066469054986,1461,0,7,16878,16878,16878,12686,12364,36894
3,849,848,1791066469103525,1791066469105189,1664,0,8,16971,16971,16971,12764,12623,37259
3,850,849,1791066469153525,1791066469154927,1402,0,9,16802,16802,16802,12587,12361,36813
3,851,850,1791066469203525,1791066469205533,2008,0,10,16824,16824,16824,12563,12542,36962
3,852,851,1791066469253525,1791066469254968,1443,0,11,16857,16857,16857,12607,12290,36818
3,853,852,1791066469303525,1791066469305659,2134,0,12,17012,17012,17012,12812,12581,37331
3,854,853,1791066469353525,1791066469355246,1721,0,13,16858,16858,16858,12694,12311,37296
3,855,854,1791066469403525,1791066469406832,3307,0,14,16882,16882,16882,12726,12586,37625
3,856,855,1791066469453525,1791066469455254,1729,0,15,16852,16852,16852,12590,12147,36589
3,857,856,1791066469503525,1791066469504985,1460,0,16,16993,16993,16993,12791,12719,37541
3,858,857,1791066469553525,1791066469554993,1468,0,17,16754,16754,16754,12683,12087,36848
3,859,858,1791066469603525,1791066469605056,1531,0,18,16977,16977,16977,12747,12619,37279
3,860,859,1791066469653525,1791066469655263,1738,0,19,16934,16934,16934,12742,12393,36907
3,861,860,1791066469703525,1791066469705160,1635,0,0,16732,16732,16732,12610,12404,36783
3,862,861,1791066469753525,1791066469755503,1978,0,1,16977,16977,16977,12697,12002,36419
3,863,862,1791066469803525,1791066469805870,2345,0,2,16850,16850,16850,12683,12059,36297
3,864,863,1791066469853525,1791066469854988,1463,0,3,16954,16954,16954,12758,12133,36467
3,865,864,1791066469903525,1791066469905865,2340,0,4,16812,16812,16812,12608,12127,36499
3,866,865,1791066469953525,1791066469956025,2500,0,5,16840,16840,16840,12595,12493,36611
3,867,866,1791066470003525,1791066470005217,1692,0,6,16741,16741,16741,12508,12017,35912
3,868,867,1791066470053525,1791066470055515,1990,0,7,16878,16878,16878,12688,12621,36676
3,869,868,1791066470103525,1791066470105475,1950,0,8,16971,16971,16971,12792,12522,36659
3,870,869,1791066470153525,1791066470155240,1715,0,9,16802,16802,16802,12614,12579,36371
3,871,870,1791066470203525,1791066470205222,1697,0,10,16824,16824,16824,12587,12042,36051
3,872,871,1791066470253525,1791066470254986,1461,0,11,16857,16857,16857,12685,12452,36567
3,873,872,1791066470303525,1791066470305602,2077,0,12,17012,17012,17012,12706,12287,36523
3,874,873,1791066470353525,1791066470357325,3800,0,13,16858,16858,16858,12695,12477,36630
3,875,874,1791066470403525,1791066470405717,2192,0,14,16882,16882,16882,12708,12277,36288
3,876,875,1791066470453525,1791066470454905,1380,0,15,16852,16852,16852,12665,12617,36384
3,877,876,1791066470503525,1791066470505276,1751,0,16,16993,16993,16993,12686,12540,36529
3,878,877,1791066470553525,1791066470555258,1733,0,17,16754,16754,16754,12659,12493,36458
3,879,878,1791066470603525,1791066470605167,1642,0,18,16977,16977,16977,12703,12455,36288
3,880,879,1791066470653525,1791066470655387,1862,0,19,16934,16934,16934,12672,12386,36300
3,881,880,1791066470703525,1791066470705886,2361,0,0,16732,16732,16732,12561,12218,35837
3,882,881,1791066470753525,1791066470754843,1318,0,1,16977,16977,16977,12740,12729,36500
3,883,882,1791066470803525,1791066470805102,1577,0,2,16850,16850,16850,12705,12476,36201
3,884,883,1791066470853525,1791066470854980,1455,0,3,16954,16954,16954,12792,12554,36197
3,885,884,1791066470903525,1791066470905247,1722,0,4,16812,16812,16812,12711,12532,36202
3,886,885,1791066470953525,1791066470955088,1563,0,5,16840,16840,16840,12644,12391,35783
3,887,886,1791066471003525,1791066471005756,2231,0,6,16741,16741,16741,12619,12031,35695
3,888,887,1791066471053525,1791066471055244,1719,0,7,16878,16878,16878,12686,12296,36252
3,889,888,1791066471103525,1791066471105611,2086,0,8,16971,16971,16971,12777,12549,36712
3,890,889,1791066471153525,1791066471155317,1792,0,9,16802,16802,16802,12639,12571,36491
3,891,890,1791066471203525,1791066471205626,2101,0,10,16824,16824,16824,12576,12349,36376
3,892,891,1791066471253525,1791066471255106,1581,0,11,16857,16857,16857,12592,12405,36295
3,893,892,1791066471303525,1791066471304978,1453,0,12,17012,17012,17012,12773,12314,36475
3,894,893,1791066471353525,1791066471355825,2300,0,13,16858,16858,16858,12632,12495,36192
3,895,894,1791066471403525,1791066471405174,1649,0,14,16882,16882,16882,12652,12177,36395
3,896,895,1791066471453525,1791066471454911,1386,0,15,16852,16852,16852,12573,12121,35923
3,897,896,1791066471503525,1791066471504989,1464,0,16,16993,16993,16993,12759,12432,36497
3,898,897,1791066471553525,1791066471555628,2103,0,17,16754,16754,16754,12673,12538,36408
3,899,898,1791066471603525,1791066471605609,2084,0,18,16977,16977,16977,12729,12217,36295
3,900,899,1791066471653525,1791066471655830,2305,0,19,16934,16934,16934,12827,12495,36901
3,901,900,1791066471703525,1791066471705516,1991,0,0,16732,16732,16732,12623,12025,35730
3,902,901,1791066471753525,1791066471755361,1836,0,1,16977,16977,16977,12760,12548,36912
3,903,902,1791066471803525,1791066471804930,1405,0,2,16850,16850,16850,12558,12389,36139
3,904,903,1791066471853525,1791066471855164,1639,0,3,16954,16954,16954,12782,12381,36619
3,905,904,1791066471903525,1791066471905818,2293,0,4,16812,16812,16812,12655,12229,36279
3,906,905,1791066471953525,1791066471955868,2343,0,5,16840,16840,16840,12648,12496,36233
3,907,906,1791066472003525,1791066472005539,2014,0,6,16741,16741,16741,12648,12590,36148
3,908,907,1791066472053525,1791066472055782,2257,0,7,16878,16878,16878,12574,12394,36086
3,909,908,1791066472103525,1791066472105805,2280,0,8,16971,16971,16971,12751,12535,36487
3,910,909,1791066472153525,1791066472155588,2063,0,9,16802,16802,16802,12627,12186,36047
3,911,910,1791066472203525,1791066472205001,1476,0,10,16824,16824,16824,12670,12502,36305
3,912,911,1791066472253525,1791066472254962,1437,0,11,16857,16857,16857,12652,12498,36195
3,913,912,1791066472303525,1791066472305167,1642,0,12,17012,17012,17012,12899,12707,37033
3,914,913,1791066472353525,1791066472354864,1339,0,13,16858,16858,16858,12644,11961,35748
3,915,914,1791066472403525,1791066472405398,1873,0,14,16882,16882,16882,12599,12007,36290
3,916,915,1791066472453525,1791066472455423,1898,0,15,16852,16852,16852,12708,11870,36028
3,917,916,1791066472503525,1791066472505736,2211,0,16,16993,16993,16993,12742,12411,36964
3,918,917,1791066472553525,1791066472555571,2046,0,17,16754,16754,16754,12548,12139,36317
3,919,918,1791066472603525,1791066472605000,1475,0,18,16977,16977,16977,12717,12376,37140
3,920,919,1791066472653525,1791066472654954,1429,0,19,16934,16934,16934,12736,12450,37260
3,921,920,1791066472703525,1791066472705432,1907,0,0,16732,16732,16732,12559,12519,36929
3,922,921,1791066472753525,1791066472754940,1415,0,1,16977,16977,16977,12835,12675,37184
3,923,922,1791066472803525,1791066472805645,2120,0,2,16850,16850,16850,12554,12256,36456
3,924,923,1791066472853525,1791066472855209,1684,0,3,16954,16954,16954,12709,12644,37421
3,925,924,1791066472903525,1791066472905229,1704,0,4,16812,16812,16812,12625,12377,37062
3,926,925,1791066472953525,1791066472954971,1446,0,5,16840,16840,16840,12673,12035,36669
3,927,926,1791066473003525,1791066473004895,1370,0,6,16741,16741,16741,12618,12054,36820
3,928,927,1791066473053525,1791066473055222,1697,0,7,16878,16878,16878,12656,12395,37595
3,929,928,1791066473103525,1791066473105274,1749,0,8,16971,16971,16971,12711,12478,37920
3,930,929,1791066473153525,1791066473154982,1457,0,9,16802,16802,16802,12694,12409,37672
3,931,930,1791066473203525,1791066473205805,2280,0,10,16824,16824,16824,12639,11705,37230
3,932,931,1791066473253525,1791066473255196,1671,0,11,16857,16857,16857,12654,12435,38844
3,933,932,1791066473303525,1791066473304973,1448,0,12,17012,17012,17012,12693,12413,38732
3,934,933,1791066473353525,1791066473355820,2295,0,13,16858,16858,16858,12672,12039,38092
3,935,934,1791066473403525,1791066473404859,1334,0,14,16882,16882,16882,12647,12482,39298
3,936,935,1791066473453525,1791066473454900,1375,0,15,16852,16852,16852,12665,12043,39020
3,937,936,1791066473503525,1791066473505786,2261,0,16,16993,16993,16993,12816,12694,40328
3,938,937,1791066473553525,1791066473555646,2121,0,17,16754,16754,16754,12536,12371,38945
3,939,938,1791066473603525,1791066473605380,1855,0,18,16977,16977,16977,12794,12405,39417
3,940,939,1791066473653525,1791066473655241,1716,0,19,16934,16934,16934,12675,12637,39594
3,941,940,1791066473703525,1791066473705330,1805,0,0,16732,16732,16732,12576,12282,39290
3,942,941,1791066473753525,1791066473754994,1469,0,1,16977,16977,16977,12737,12333,39304
3,943,942,1791066473803525,1791066473805490,1965,0,2,16850,16850,16850,12591,12328,38957
3,944,943,1791066473853525,1791066473855308,1783,0,3,16954,16954,16954,12790,12448,39270
3,945,944,1791066473903525,1791066473904902,1377,0,4,16812,16812,16812,12570,12546,38573
3,946,945,1791066473953525,1791066473955659,2134,0,5,16840,16840,16840,12546,12219,38162
3,947,946,1791066474003525,1791066474005506,1981,0,6,16741,16741,16741,12589,12432,38723
3,948,947,1791066474053525,1791066474055076,1551,0,7,16878,16878,16878,12647,12469,39474
3,949,948,1791066474103525,1791066474105006,1481,0,8,16971,16971,16971,12683,12421,39476
3,950,949,1791066474153525,1791066474155349,1824,0,9,16802,16802,16802,12630,12266,39529
3,951,950,1791066474203525,1791066474235371,31846,0,10,16824,16824,16824,12574,12445,39693
3,952,951,1791066474253525,1791066474281368,27843,0,11,16857,16857,16857,12680,12585,39947
3,953,952,1791066474303525,1791066474326988,23463,0,12,17012,17012,17012,12787,12634,40732
3,954,953,1791066474353525,1791066474371992,18467,0,13,16858,16858,16858,12664,11930,39737
3,955,954,1791066474403525,1791066474416426,12901,0,14,16882,16882,16882,12744,12381,41117
3,956,955,1791066474453525,1791066474461496,7971,0,15,16852,16852,16852,12779,12370,40425
3,957,956,1791066474503525,1791066474506001,2476,0,16,16993,16993,16993,12834,12664,41241
3,958,957,1791066474553525,1791066474555566,2041,0,17,16754,16754,16754,12602,12045,40014
3,959,958,1791066474603525,1791066474605900,2375,0,18,16977,16977,16977,12772,12315,40455
3,960,959,1791066474653525,1791066474655256,1731,0,19,16934,16934,16934,12696,12664,40581
3,961,960,1791066474703525,1791066474708393,4868,0,0,16732,16732,16732,12627,12376,40365
3,962,961,1791066474753525,1791066474755527,2002,0,1,16977,16977,16977,12786,12290,40511
3,963,962,1791066474803525,1791066474804945,1420,0,2,16850,16850,16850,12675,12000,39730
3,964,963,1791066474853525,1791066474855070,1545,0,3,16954,16954,16954,12760,12452,40244
3,965,964,1791066474903525,1791066474905860,2335,0,4,16812,16812,16812,12645,12041,39229
3,966,965,1791066474953525,1791066474955734,2209,0,5,16840,16840,16840,12651,12352,39165
3,967,966,1791066475003525,1791066475004899,1374,0,6,16741,16741,16741,12661,12262,39242
3,968,967,1791066475053525,1791066475055383,1858,0,7,16878,16878,16878,12778,12564,40117
3,969,968,1791066475103525,1791066475105630,2105,0,8,16971,16971,16971,12755,12488,39640
3,970,969,1791066475153525,1791066475155618,2093,0,9,16802,16802,16802,12536,12385,39449
3,971,970,1791066475203525,1791066475205453,1928,0,10,16824,16824,16824,12673,12232,39969
3,972,971,1791066475253525,1791066475257557,4032,0,11,16857,16857,16857,12638,12486,40127
3,973,972,1791066475303525,1791066475305386,1861,0,12,17012,17012,17012,12748,12440,40839
3,974,973,1791066475353525,1791066475355891,2366,0,13,16858,16858,16858,12568,12246,39643
3,975,974,1791066475403525,1791066475405036,1511,0,14,16882,16882,16882,12629,12243,40316
3,976,975,1791066475453525,1791066475455821,2296,0,15,16852,16852,16852,12747,12693,40754
3,977,976,1791066475503525,1791066475505490,1965,0,16,16993,16993,16993,12771,12676,41016
3,978,977,1791066475553525,1791066475555584,2059,0,17,16754,16754,16754,12529,11937,39355
3,979,978,1791066475603525,1791066475604938,1413,0,18,16977,16977,16977,12706,12332,40088
3,980,979,1791066475653525,1791066475655307,1782,0,19,16934,16934,16934,12672,12189,39063
3,981,980,1791066475703525,1791066475704849,1324,0,0,16732,16732,16732,12478,12099,39127
3,982,981,1791066475753525,1791066475755323,1798,0,1,16977,16977,16977,12745,12013,39397
3,983,982,1791066475803525,1791066475805947,2422,0,2,16850,16850,16850,12628,12543,39419
3,984,983,1791066475853525,1791066475855208,1683,0,3,16954,16954,16954,12728,12189,39018
3,985,984,1791066475903525,1791066475904911,1386,0,4,16812,16812,16812,12682,12281,38990
3,986,985,1791066475953525,1791066475954954,1429,0,5,16840,16840,16840,12675,12032,38529
3,987,986,1791066476003525,1791066476005454,1929,0,6,16741,16741,16741,12509,12281,39051
3,988,987,1791066476053525,1791066476054825,1300,0,7,16878,16878,16878,12591,12140,39325
3,989,988,1791066476103525,1791066476105133,1608,0,8,16971,16971,16971,12803,12428,40561
3,990,989,1791066476153525,1791066476155829,2304,0,9,16802,16802,16802,12686,12431,40355
3,991,990,1791066476203525,1791066476205407,1882,0,10,16824,16824,16824,12583,12299,39527
3,992,991,1791066476253525,1791066476255079,1554,0,11,16857,16857,16857,12644,12446,40161
3,993,992,1791066476303525,1791066476305453,1928,0,12,17012,17012,17012,12762,12263,40660
3,994,993,1791066476353525,1791066476355000,1475,0,13,16858,16858,16858,12765,12385,41332
3,995,994,1791066476403525,1791066476405271,1746,0,14,16882,16882,16882,12603,12252,40859
3,996,995,1791066476453525,1791066476454978,1453,0,15,16852,16852,16852,12664,12088,40662
3,997,996,1791066476503525,1791066476505088,1563,0,16,16993,16993,16993,12821,12234,41696
3,998,997,1791066476553525,1791066476555087,1562,0,17,16754,16754,16754,12593,12335,40607
3,999,998,1791066476603525,1791066476605066,1541,0,18,16977,16977,16977,12682,12450,40929
3,1000,999,1791066476653525,1791066476655123,1598,0,19,16934,16934,16934,12801,12035,40523
3,1001,1000,1791066476703525,1791066476705427,1902,0,0,16732,16732,16732,12702,12127,41085
3,1002,1001,1791066476753525,1791066476755203,1678,0,1,16977,16977,16977,12763,12236,40992
3,1003,1002,1791066476803525,1791066476805559,2034,0,2,16850,16850,16850,12691,12374,40842
3,1004,1003,1791066476853525,1791066476855313,1788,0,3,16954,16954,16954,12765,12325,40549
3,1005,1004,1791066476903525,1791066476905039,1514,0,4,16812,16812,16812,12601,12024,39713
3,1006,1005,1791066476953525,1791066476954883,1358,0,5,16840,16840,16840,12642,11996,39532
3,1007,1006,1791066477003525,1791066477005218,1693,0,6,16741,16741,16741,12648,12302,40020
3,1008,1007,1791066477053525,1791066477055303,1778,0,7,16878,16878,16878,12657,12397,39597
3,1009,1008,1791066477103525,1791066477105074,1549,0,8,16971,16971,16971,12738,12557,40053
3,1010,1009,1791066477153525,1791066477155600,2075,0,9,16802,16802,16802,12620,12158,39928
3,1011,1010,1791066477203525,1791066477205428,1903,0,10,16824,16824,16824,12525,11935,39929
3,1012,1011,1791066477253525,1791066477254914,1389,0,11,16857,16857,16857,12785,12443,41228
3,1013,1012,1791066477303525,1791066477308377,4852,0,12,17012,17012,17012,12989,12422,42050
3,1014,1013,1791066477353525,1791066477354853,1328,0,13,16858,16858,16858,12725,12051,40763
3,1015,1014,1791066477403525,1791066477405009,1484,0,14,16882,16882,16882,12769,11949,41224
3,1016,1015,1791066477453525,1791066477454906,1381,0,15,16852,16852,16852,12731,12139,40780
3,1017,1016,1791066477503525,1791066477505608,2083,0,16,16993,16993,16993,12888,12533,42000
3,1018,1017,1791066477553525,1791066477555256,1731,0,17,16754,16754,16754,12629,11740,40473
3,1019,1018,1791066477603525,1791066477605796,2271,0,18,16977,16977,16977,12900,12362,42147
3,1020,1019,1791066477653525,1791066477655171,1646,0,19,16934,16934,16934,12817,12150,41575
3,1021,1020,1791066477703525,1791066477705133,1608,0,0,16732,16732,16732,12723,12105,41814
3,1022,1021,1791066477753525,1791066477755184,1659,0,1,16977,16977,16977,12943,12318,42193
3,1023,1022,1791066477803525,1791066477805319,1794,0,2,16850,16850,16850,12762,12632,41610
3,1024,1023,1791066477853525,1791066477855728,2203,0,3,16954,16954,16954,12755,12202,41591
3,1025,1024,1791066477903525,1791066477905045,1520,0,4,16812,16812,16812,12778,12149,41233
3,1026,1025,1791066477953525,1791066477955623,2098,0,5,16840,16840,16840,12630,11994,40389
3,1027,1026,1791066478003525,1791066478005112,1587,0,6,16741,16741,16741,12585,12190,40478
3,1028,1027,1791066478053525,1791066478055406,1881,0,7,16878,16878,16878,12676,12247,40741
3,1029,1028,1791066478103525,1791066478105544,2019,0,8,16971,16971,16971,12912,12575,41610
3,1030,1029,1791066478153525,1791066478155442,1917,0,9,16802,16802,16802,12568,12229,40337
3,1031,1030,1791066478203525,1791066478205704,2179,0,10,16824,16824,16824,12608,12344,40383
3,1032,1031,1791066478253525,1791066478254938,1413,0,11,16857,16857,16857,12706,12653,41131
3,1033,1032,1791066478303525,1791066478305419,1894,0,12,17012,17012,17012,12886,12759,41634
3,1034,1033,1791066478353525,1791066478355885,2360,0,13,16858,16858,16858,12663,12236,40339
3,1035,1034,1791066478403525,1791066478404906,1381,0,14,16882,16882,16882,12830,12542,41267
3,1036,1035,1791066478453525,1791066478455063,1538,0,15,16852,16852,16852,12642,12074,40130
3,1037,1036,1791066478503525,1791066478505854,2329,0,16,16993,16993,16993,12742,12613,41355
3,1038,1037,1791066478553525,1791066478555549,2024,0,17,16754,16754,16754,12690,11950,40560
3,1039,1038,1791066478603525,1791066478605589,2064,0,18,16977,16977,16977,12796,12565,41533
3,1040,1039,1791066478653525,1791066478655199,1674,0,19,16934,16934,16934,12760,12703,41430
3,1041,1040,1791066478703525,1791066478705695,2170,0,0,16732,16732,16732,12611,12527,41072
3,1042,1041,1791066478753525,1791066478755189,1664,0,1,16977,16977,16977,12778,12151,40791
3,1043,1042,1791066478803525,1791066478806270,2745,0,2,16850,16850,16850,12608,12350,40798
3,1044,1043,1791066478853525,1791066478855393,1868,0,3,16954,16954,16954,12824,12382,41311
3,1045,1044,1791066478903525,1791066478905017,1492,0,4,16812,16812,16812,12638,11926,39975
3,1046,1045,1791066478953525,1791066478955338,1813,0,5,16840,16840,16840,12632,12350,40386
3,1047,1046,1791066479003525,1791066479005471,1946,0,6,16741,16741,16741,12502,11955,39259
3,1048,1047,1791066479053525,1791066479055074,1549,0,7,16878,16878,16878,12848,12394,40891
3,1049,1048,1791066479103525,1791066479105130,1605,0,8,16971,16971,16971,12806,12280,40229
3,1050,1049,1791066479153525,1791066479155249,1724,0,9,16802,16802,16802,12636,11957,39983
3,1051,1050,1791066479203525,1791066479205343,1818,0,10,16824,16824,16824,12636,12494,40826
3,1052,1051,1791066479253525,1791066479255357,1832,0,11,16857,16857,16857,12762,12298,40546
3,1053,1052,1791066479303525,1791066479305054,1529,0,12,17012,17012,17012,12846,12432,41465
3,1054,1053,1791066479353525,1791066479355490,1965,0,13,16858,16858,16858,12808,12470,41521
3,1055,1054,1791066479403525,1791066479405703,2178,0,14,16882,16882,16882,12797,12248,41250
3,1056,1055,1791066479453525,1791066479455376,1851,0,15,16852,16852,16852,12736,12054,40957
3,1057,1056,1791066479503525,1791066479505190,1665,0,16,16993,16993,16993,12886,11958,41806
3,1058,1057,1791066479553525,1791066479555875,2350,0,17,16754,16754,16754,12600,12147,40934
3,1059,1058,1791066479603525,1791066479605709,2184,0,18,16977,16977,16977,12717,12502,40866
3,1060,1059,1791066479653525,1791066479654966,1441,0,19,16934,16934,16934,12786,12247,41332
3,1061,1060,1791066479703525,1791066479705497,1972,0,0,16732,16732,16732,12660,11885,40964
3,1062,1061,1791066479753525,1791066479755888,2363,0,1,16977,16977,16977,12863,12623,41803
3,1063,1062,1791066479803525,1791066479805053,1528,0,2,16850,16850,16850,12698,11975,40872
3,1064,1063,1791066479853525,1791066479856154,2629,0,3,16954,16954,16954,12802,12698,41563
3,1065,1064,1791066479903525,1791066479905287,1762,0,4,16812,16812,16812,12650,12104,40527
3,1066,1065,1791066479953525,1791066479955419,1894,0,5,16840,16840,16840,12771,12703,41597
3,1067,1066,1791066480003525,1791066480005396,1871,0,6,16741,16741,16741,12564,12446,40770
3,1068,1067,1791066480053525,1791066480055278,1753,0,7,16878,16878,16878,12773,12443,41102
3,1069,1068,1791066480103525,1791066480105213,1688,0,8,16971,16971,16971,12669,12336,40897
3,1070,1069,1791066480153525,1791066480155057,1532,0,9,16802,16802,16802,12637,12307,40458
3,1071,1070,1791066480203525,1791066480205397,1872,0,10,16824,16824,16824,12701,12350,40829
3,1072,1071,1791066480253525,1791066480255362,1837,0,11,16857,16857,16857,12791,12485,41519
3,1073,1072,1791066480303525,1791066480305134,1609,0,12,17012,17012,17012,12752,12353,41853
3,1074,1073,1791066480353525,1791066480355017,1492,0,13,16858,16858,16858,12790,12390,41242
3,1075,1074,1791066480403525,1791066480405380,1855,0,14,16882,16882,16882,12679,12206,41151
3,1076,1075,1791066480453525,1791066480455102,1577,0,15,16852,16852,16852,12758,11978,40731
3,1077,1076,1791066480503525,1791066480504954,1429,0,16,16993,16993,16993,12946,12795,42636
3,1078,1077,1791066480553525,1791066480554937,1412,0,17,16754,16754,16754,12695,12063,41288
3,1079,1078,1791066480603525,1791066480605658,2133,0,18,16977,16977,16977,12779,12622,42024
3,1080,1079,1791066480653525,1791066480655841,2316,0,19,16934,16934,16934,12805,12124,41463
3,1081,1080,1791066480703525,1791066480705166,1641,0,0,16732,16732,16732,12750,12150,42016
3,1082,1081,1791066480753525,1791066480755699,2174,0,1,16977,16977,16977,12854,12171,41725
3,1083,1082,1791066480803525,1791066480805727,2202,0,2,16850,16850,16850,12691,12046,40921
3,1084,1083,1791066480853525,1791066480855303,1778,0,3,16954,16954,16954,12701,12692,41223
3,1085,1084,1791066480903525,1791066480907434,3909,0,4,16812,16812,16812,12632,11992,40711
3,1086,1085,1791066480953525,1791066480954982,1457,0,5,16840,16840,16840,12684,12276,40867
3,1087,1086,1791066481003525,1791066481005548,2023,0,6,16741,16741,16741,12592,12449,40924
3,1088,1087,1791066481053525,1791066481055094,1569,0,7,16878,16878,16878,12743,12741,41741
3,1089,1088,1791066481103525,1791066481105433,1908,0,8,16971,16971,16971,12868,12725,41748
3,1090,1089,1791066481153525,1791066481155190,1665,0,9,16802,16802,16802,12698,12076,41098
3,1091,1090,1791066481203525,1791066481205071,1546,0,10,16824,16824,16824,12704,12230,40869
3,1092,1091,1791066481253525,1791066481255286,1761,0,11,16857,16857,16857,12658,12509,40774
3,1093,1092,1791066481303525,1791066481305296,1771,0,12,17012,17012,17012,12785,12629,41294
3,1094,1093,1791066481353525,1791066481356642,3117,0,13,16858,16858,16858,12633,12582,39840
3,1095,1094,1791066481403525,1791066481405643,2118,0,14,16882,16882,16882,12620,12238,39828
3,1096,1095,1791066481453525,1791066481455305,1780,0,15,16852,16852,16852,12670,12291,39787
3,1097,1096,1791066481503525,1791066481505876,2351,0,16,16993,16993,16993,12833,12684,40489
3,1098,1097,1791066481553525,1791066481554946,1421,0,17,16754,16754,16754,12668,12461,39477
3,1099,1098,1791066481603525,1791066481604897,1372,0,18,16977,16977,16977,12715,12115,39474
3,1100,1099,1791066481653525,1791066481655349,1824,0,19,16934,16934,16934,12671,12151,39916
3,1101,1100,1791066481703525,1791066481704910,1385,0,0,16732,16732,16732,12602,11895,39566
3,1102,1101,1791066481753525,1791066481755161,1636,0,1,16977,16977,16977,12785,12732,40314
3,1103,1102,1791066481803525,1791066481805137,1612,0,2,16850,16850,16850,12641,11993,39219
3,1104,1103,1791066481853525,1791066481855298,1773,0,3,16954,16954,16954,12767,12353,39534
3,1105,1104,1791066481903525,1791066481905342,1817,0,4,16812,16812,16812,12674,12462,39469
3,1106,1105,1791066481953525,1791066481955801,2276,0,5,16840,16840,16840,12639,12052,38334
3,1107,1106,1791066482003525,1791066482005632,2107,0,6,16741,16741,16741,12561,12208,39170
3,1108,1107,1791066482053525,1791066482057306,3781,0,7,16878,16878,16878,12693,12427,39601
3,1109,1108,1791066482103525,1791066482106939,3414,0,8,16971,16971,16971,12775,12371,39620
3,1110,1109,1791066482153525,1791066482154969,1444,0,9,16802,16802,16802,12706,12045,38773
3,1111,1110,1791066482203525,1791066482205175,1650,0,10,16824,16824,16824,12654,12389,39409
3,1112,1111,1791066482253525,1791066482254812,1287,0,11,16857,16857,16857,12656,12336,38770
3,1113,1112,1791066482303525,1791066482305627,2102,0,12,17012,17012,17012,12819,12375,39079
3,1114,1113,1791066482353525,1791066482355256,1731,0,13,16858,16858,16858,12619,12405,39173
3,1115,1114,1791066482403525,1791066482405007,1482,0,14,16882,16882,16882,12712,12544,39318
3,1116,1115,1791066482453525,1791066482454990,1465,0,15,16852,16852,16852,12720,12314,38843
3,1117,1116,1791066482503525,1791066482505098,1573,0,16,16993,16993,16993,12777,12685,39659
3,1118,1117,1791066482553525,1791066482555676,2151,0,17,16754,16754,16754,12486,11636,37593
3,1119,1118,1791066482603525,1791066482605248,1723,0,18,16977,16977,16977,12743,12406,38956
3,1120,1119,1791066482653525,1791066482654965,1440,0,19,16934,16934,16934,12664,12266,38588
3,1121,1120,1791066482703525,1791066482705187,1662,0,0,16732,16732,16732,12544,12483,38134
3,1122,1121,1791066482753525,1791066482755607,2082,0,1,16977,16977,16977,12863,12167,38631
3,1123,1122,1791066482803525,1791066482805871,2346,0,2,16850,16850,16850,12695,12361,38831
3,1124,1123,1791066482853525,1791066482854954,1429,0,3,16954,16954,16954,12803,12650,38740
3,1125,1124,1791066482903525,1791066482905665,2140,0,4,16812,16812,16812,12577,11895,37371
3,1126,1125,1791066482953525,1791066482955315,1790,0,5,16840,16840,16840,12672,12452,38449
3,1127,1126,1791066483003525,1791066483005602,2077,0,6,16741,16741,16741,12504,11994,37724
3,1128,1127,1791066483053525,1791066483055214,1689,0,7,16878,16878,16878,12605,12087,38224
3,1129,1128,1791066483103525,1791066483105006,1481,0,8,16971,16971,16971,12638,12280,38276
3,1130,1129,1791066483153525,1791066483155605,2080,0,9,16802,16802,16802,12643,12065,37758
3,1131,1130,1791066483203525,1791066483205717,2192,0,10,16824,16824,16824,12517,11991,37533
3,1132,1131,1791066483253525,1791066483255066,1541,0,11,16857,16857,16857,12690,11859,38091
3,1133,1132,1791066483303525,1791066483304951,1426,0,12,17012,17012,17012,12824,12355,38697
3,1134,1133,1791066483353525,1791066483355461,1936,0,13,16858,16858,16858,12660,12066,38027
3,1135,1134,1791066483403525,1791066483407418,3893,0,14,16882,16882,16882,12745,12312,39095
3,1136,1135,1791066483453525,1791066483454865,1340,0,15,16852,16852,16852,12671,11747,37926
3,1137,1136,1791066483503525,1791066483505195,1670,0,16,16993,16993,16993,12712,12094,39152
3,1138,1137,1791066483553525,1791066483555746,2221,0,17,16754,16754,16754,12422,12176,38237
3,1139,1138,1791066483603525,1791066483604998,1473,0,18,16977,16977,16977,12811,12565,38779
3,1140,1139,1791066483653525,1791066483654999,1474,0,19,16934,16934,16934,12731,12620,39083
3,1141,1140,1791066483703525,1791066483704983,1458,0,0,16732,16732,16732,12645,11731,37922
3,1142,1141,1791066483753525,1791066483755799,2274,0,1,16977,16977,16977,12778,12069,38693
3,1143,1142,1791066483803525,1791066483805806,2281,0,2,16850,16850,16850,12521,12467,38231
3,1144,1143,1791066483853525,1791066483854960,1435,0,3,16954,16954,16954,12758,12252,38092
3,1145,1144,1791066483903525,1791066483905396,1871,0,4,16812,16812,16812,12717,12604,38441
3,1146,1145,1791066483953525,1791066483954852,1327,0,5,16840,16840,16840,12599,12071,37669
3,1147,1146,1791066484003525,1791066484005617,2092,0,6,16741,16741,16741,12652,12310,38320
3,1148,1147,1791066484053525,1791066484055108,1583,0,7,16878,16878,16878,12621,12054,37689
3,1149,1148,1791066484103525,1791066484105187,1662,0,8,16971,16971,16971,12677,12478,38334
3,1150,1149,1791066484153525,1791066484155704,2179,0,9,16802,16802,16802,12617,12364,37533
3,1151,1150,1791066484203525,1791066484205878,2353,0,10,16824,16824,16824,12682,12645,37628
3,1152,1151,1791066484253525,1791066484255043,1518,0,11,16857,16857,16857,12666,12419,37356
3,1153,1152,1791066484303525,1791066484305497,1972,0,12,17012,17012,17012,12752,12467,37950
3,1154,1153,1791066484353525,1791066484356067,2542,0,13,16858,16858,16858,12606,12228,37621
3,1155,1154,1791066484403525,1791066484405133,1608,0,14,16882,16882,16882,12711,12388,38216
3,1156,1155,1791066484453525,1791066484454909,1384,0,15,16852,16852,16852,12608,12352,38310
3,1157,1156,1791066484503525,1791066484505814,2289,0,16,16993,16993,16993,12812,12574,38753
3,1158,1157,1791066484553525,1791066484554944,1419,0,17,16754,16754,16754,12565,12364,37711
3,1159,1158,1791066484603525,1791066484605020,1495,0,18,16977,16977,16977,12834,12405,38464
3,1160,1159,1791066484653525,1791066484654939,1414,0,19,16934,16934,16934,12777,12145,38166
3,1161,1160,1791066484703525,1791066484705261,1736,0,0,16732,16732,16732,12503,11834,37699
3,1162,1161,1791066484753525,1791066484755803,2278,0,1,16977,16977,16977,12800,12581,38867
3,1163,1162,1791066484803525,1791066484805787,2262,0,2,16850,16850,16850,12628,11950,37635
3,1164,1163,1791066484853525,1791066484854972,1447,0,3,16954,16954,16954,12759,12683,39259
3,1165,1164,1791066484903525,1791066484905256,1731,0,4,16812,16812,16812,12608,12362,38460
3,1166,1165,1791066484953525,1791066484954947,1422,0,5,16840,16840,16840,12600,12321,38598
3,1167,1166,1791066485003525,1791066485005306,1781,0,6,16741,16741,16741,12491,12018,37589
3,1168,1167,1791066485053525,1791066485055016,1491,0,7,16878,16878,16878,12576,12374,38020
3,1169,1168,1791066485103525,1791066485105615,2090,0,8,16971,16971,16971,12812,12388,38387
3,1170,1169,1791066485153525,1791066485155557,2032,0,9,16802,16802,16802,12543,12099,37843
3,1171,1170,1791066485203525,1791066485205806,2281,0,10,16824,16824,16824,12601,12597,38382
3,1172,1171,1791066485253525,1791066485255272,1747,0,11,16857,16857,16857,12721,12585,38783
3,1173,1172,1791066485303525,1791066485305488,1963,0,12,17012,17012,17012,12805,12447,39185
3,1174,1173,1791066485353525,1791066485355443,1918,0,13,16858,16858,16858,12640,11988,38251
3,1175,1174,1791066485403525,1791066485404846,1321,0,14,16882,16882,16882,12638,11860,37861
3,1176,1175,1791066485453525,1791066485454976,1451,0,15,16852,16852,16852,12629,11951,38236
3,1177,1176,1791066485503525,1791066485505082,1557,0,16,16993,16993,16993,12802,12656,39748
3,1178,1177,1791066485553525,1791066485555363,1838,0,17,16754,16754,16754,12569,12232,38194
3,1179,1178,1791066485603525,1791066485605433,1908,0,18,16977,16977,16977,12622,12053,38292
3,1180,1179,1791066485653525,1791066485655304,1779,0,19,16934,16934,16934,12795,12237,39384
3,1181,1180,1791066485703525,1791066485705125,1600,0,0,16732,16732,16732,12510,11903,38533
3,1182,1181,1791066485753525,1791066485755316,1791,0,1,16977,16977,16977,12814,11982,39045
3,1183,1182,1791066485803525,1791066485805091,1566,0,2,16850,16850,16850,12673,12196,38950
3,1184,1183,1791066485853525,1791066485855247,1722,0,3,16954,16954,16954,12812,12125,38645
3,1185,1184,1791066485903525,1791066485905894,2369,0,4,16812,16812,16812,12646,12621,38530
3,1186,1185,1791066485953525,1791066485955717,2192,0,5,16840,16840,16840,12594,12352,38488
3,1187,1186,1791066486003525,1791066486005454,1929,0,6,16741,16741,16741,12474,12204,37955
3,1188,1187,1791066486053525,1791066486054826,1301,0,7,16878,16878,16878,12684,12063,38524
3,1189,1188,1791066486103525,1791066486105740,2215,0,8,16971,16971,16971,12718,12134,39167
3,1190,1189,1791066486153525,1791066486155055,1530,0,9,16802,16802,16802,12600,12212,39084
3,1191,1190,1791066486203525,1791066486205421,1896,0,10,16824,16824,16824,12717,12068,39618
3,1192,1191,1791066486253525,1791066486255087,1562,0,11,16857,16857,16857,12686,12558,40402
3,1193,1192,1791066486303525,1791066486332599,29074,0,12,17012,17012,17012,12887,12600,41015
3,1194,1193,1791066486353525,1791066486381955,28430,0,13,16858,16858,16858,12716,12124,40568
3,1195,1194,1791066486403525,1791066486427694,24169,0,14,16882,16882,16882,12823,12568,41824
3,1196,1195,1791066486453525,1791066486474822,21297,0,15,16852,16852,16852,12786,12526,41156
3,1197,1196,1791066486503525,1791066486521420,17895,0,16,16993,16993,16993,12887,12510,41729
3,1198,1197,1791066486553525,1791066486569675,16150,0,17,16754,16754,16754,12529,11994,40093
3,1199,1198,1791066486603525,1791066486614891,11366,0,18,16977,16977,16977,12729,12429,40561
3,1200,1199,1791066486653525,1791066486659784,6259,0,19,16934,16934,16934,16385,16212,78337
3,1201,1200,1791066486703525,1791066486705876,2351,0,0,16732,16732,16732,16231,15881,77263
3,1202,1201,1791066486753525,1791066486754958,1433,0,1,16977,16977,16977,16428,15969,77755
3,1203,1202,1791066486803525,1791066486805592,2067,0,2,16850,16850,16850,16325,15811,77274
3,1204,1203,1791066486853525,1791066486855136,1611,0,3,16954,16954,16954,16460,16160,78434
3,1205,1204,1791066486903525,1791066486905643,2118,0,4,16812,16812,16812,16297,16030,77664
3,1206,1205,1791066486953525,1791066486955872,2347,0,5,16840,16840,16840,16298,16048,77687
3,1207,1206,1791066487003525,1791066487005003,1478,0,6,16741,16741,16741,16246,16132,77670
3,1208,1207,1791066487053525,1791066487055330,1805,0,7,16878,16878,16878,16344,15945,77487
3,1209,1208,1791066487103525,1791066487104949,1424,0,8,16971,16971,16971,16436,16223,78395
3,1210,1209,1791066487153525,1791066487155734,2209,0,9,16802,16802,16802,16250,15658,76433
3,1211,1210,1791066487203525,1791066487204891,1366,0,10,16824,16824,16824,16310,16080,77814
3,1212,1211,1791066487253525,1791066487254992,1467,0,11,16857,16857,16857,16274,15819,77099
3,1213,1212,1791066487303525,1791066487305735,2210,0,12,17012,17012,17012,16498,16023,78011
3,1214,1213,1791066487353525,1791066487355502,1977,0,13,16858,16858,16858,16349,16180,78061
3,1215,1214,1791066487403525,1791066487408588,5063,0,14,16882,16882,16882,16364,16131,78126
3,1216,1215,1791066487453525,1791066487464081,10556,0,15,16852,16852,16852,16330,16205,78199
3,1217,1216,1791066487503525,1791066487521679,18154,0,16,16993,16993,16993,16425,15926,77661
3,1218,1217,1791066487553525,1791066487578840,25315,0,17,16754,16754,16754,16229,15865,77072
3,1219,1218,1791066487603525,1791066487632252,28727,0,18,16977,16977,16977,16454,16166,78252
3,1220,1219,1791066487653525,1791066487680464,26939,0,19,16934,16934,16934,16420,16304,78548
3,1221,1220,1791066487703525,1791066487727149,23624,0,0,16732,16732,16732,16231,15826,77095
3,1222,1221,1791066487753525,1791066487774939,21414,0,1,16977,16977,16977,16444,15977,77938
3,1223,1222,1791066487803525,1791066487821749,18224,0,2,16850,16850,16850,16355,15848,77492
3,1224,1223,1791066487853525,1791066487868248,14723,0,3,16954,16954,16954,16431,15990,77832
3,1225,1224,1791066487903525,1791066487917040,13515,0,4,16812,16812,16812,16265,16092,77869
3,1226,1225,1791066487953525,1791066487964612,11087,0,5,16840,16840,16840,16339,16224,78173
3,1227,1226,1791066488003525,1791066488010585,7060,0,6,16741,16741,16741,16208,16103,77512
3,1228,1227,1791066488053525,1791066488057051,3526,0,7,16878,16878,16878,16378,16063,77937
3,1229,1228,1791066488103525,1791066488105544,2019,0,8,16971,16971,16971,16447,16143,78203
3,1230,1229,1791066488153525,1791066488155053,1528,0,9,16802,16802,16802,16276,15665,76627
3,1231,1230,1791066488203525,1791066488205034,1509,0,10,16824,16824,16824,16287,16121,77796
3,1232,1231,1791066488253525,1791066488255302,1777,0,11,16857,16857,16857,16323,15876,77387
3,1233,1232,1791066488303525,1791066488305293,1768,0,12,17012,17012,17012,16496,15921,77717
3,1234,1233,1791066488353525,1791066488355056,1531,0,13,16858,16858,16858,16356,16096,77991
3,1235,1234,1791066488403525,1791066488408497,4972,0,14,16882,16882,16882,16341,16046,77847
3,1236,1235,1791066488453525,1791066488455816,2291,0,15,16852,16852,16852,16297,16273,78071
3,1237,1236,1791066488503525,1791066488504881,1356,0,16,16993,16993,16993,16437,15926,77669
3,1238,1237,1791066488553525,1791066488555141,1616,0,17,16754,16754,16754,16230,15932,77159
3,1239,1238,1791066488603525,1791066488604929,1404,0,18,16977,16977,16977,16467,16245,78359
3,1240,1239,1791066488653525,1791066488655223,1698,0,19,16934,16934,16934,16411,16322,78567
3,1241,1240,1791066488703525,1791066488705475,1950,0,0,16732,16732,16732,16226,15906,77269
3,1242,1241,1791066488753525,1791066488755565,2040,0,1,16977,16977,16977,16418,15955,77666
3,1243,1242,1791066488803525,1791066488805591,2066,0,2,16850,16850,16850,16335,15870,77514
3,1244,1243,1791066488853525,1791066488856008,2483,0,3,16954,16954,16954,16433,16047,78090
3,1245,1244,1791066488903525,1791066488905184,1659,0,4,16812,16812,16812,16265,16162,77934
3,1246,1245,1791066488953525,1791066488955074,1549,0,5,16840,16840,16840,16376,16256,78278
3,1247,1246,1791066489003525,1791066489005126,1601,0,6,16741,16741,16741,16202,16040,77332
3,1248,1247,1791066489053525,1791066489054826,1301,0,7,16878,16878,16878,16345,16100,78081
3,1249,1248,1791066489103525,1791066489104955,1430,0,8,16971,16971,16971,16481,16185,78374
3,1250,1249,1791066489153525,1791066489155623,2098,0,9,16802,16802,16802,16270,15709,76690
3,1251,1250,1791066489203525,1791066489205610,2085,0,10,16824,16824,16824,16310,16119,77874
3,1252,1251,1791066489253525,1791066489255675,2150,0,11,16857,16857,16857,16336,15903,77464
3,1253,1252,1791066489303525,1791066489306461,2936,0,12,17012,17012,17012,16508,16036,78048
3,1254,1253,1791066489353525,1791066489355941,2416,0,13,16858,16858,16858,16313,16103,77844
3,1255,1254,1791066489403525,1791066489405625,2100,0,14,16882,16882,16882,16378,16122,78095
3,1256,1255,1791066489453525,1791066489456932,3407,0,15,16852,16852,16852,16344,16198,78215
3,1257,1256,1791066489503525,1791066489507904,4379,0,16,16993,16993,16993,16452,16038,78068
3,1258,1257,1791066489553525,1791066489554884,1359,0,17,16754,16754,16754,16214,15871,77020
3,1259,1258,1791066489603525,1791066489604953,1428,0,18,16977,16977,16977,16419,16184,78211
3,1260,1259,1791066489653525,1791066489654868,1343,0,19,16934,16934,16934,16418,16321,78468
3,1261,1260,1791066489703525,1791066489705089,1564,0,0,16732,16732,16732,16234,15846,77071
3,1262,1261,1791066489753525,1791066489755574,2049,0,1,16977,16977,16977,16401,15947,77612
3,1263,1262,1791066489803525,1791066489805707,2182,0,2,16850,16850,16850,16373,15911,77639
3,1264,1263,1791066489853525,1791066489856660,3135,0,3,16954,16954,16954,16400,15990,77971
3,1265,1264,1791066489903525,1791066489904830,1305,0,4,16812,16812,16812,16272,16055,77582
3,1266,1265,1791066489953525,1791066489967722,14197,0,5,16840,16840,16840,16330,16235,78201
3,1267,1266,1791066490003525,1791066490022569,19044,0,6,16741,16741,16741,16192,15970,77204
3,1268,1267,1791066490053525,1791066490077189,23664,0,7,16878,16878,16878,16356,16102,78113
3,1269,1268,1791066490103525,1791066490124744,21219,0,8,16971,16971,16971,16438,16214,78515
3,1270,1269,1791066490153525,1791066490170704,17179,0,9,16802,16802,16802,16244,15669,76612
3,1271,1270,1791066490203525,1791066490213581,10056,0,10,16824,16824,16824,16302,16054,77638
3,1272,1271,1791066490253525,1791066490255286,1761,0,11,16857,16857,16857,16313,15890,77346
3,1273,1272,1791066490303525,1791066490305769,2244,0,12,17012,17012,17012,16512,15953,77834
3,1274,1273,1791066490353525,1791066490356509,2984,0,13,16858,16858,16858,16313,16024,77624
3,1275,1274,1791066490403525,1791066490405169,1644,0,14,16882,16882,16882,16361,16153,78113
3,1276,1275,1791066490453525,1791066490460844,7319,0,15,16852,16852,16852,16354,16256,78078
3,1277,1276,1791066490503525,1791066490509580,6055,0,16,16993,16993,16993,16440,15968,77789
3,1278,1277,1791066490553525,1791066490566374,12849,0,17,16754,16754,16754,16222,15880,77128
3,1279,1278,1791066490603525,1791066490619828,16303,0,18,16977,16977,16977,16451,16216,78318
3,1280,1279,1791066490653525,1791066490669193,15668,0,19,16934,16934,16934,16396,16249,78478
3,1281,1280,1791066490703525,1791066490715681,12156,0,0,16732,16732,16732,16249,15852,77134
3,1282,1281,1791066490753525,1791066490759695,6170,0,1,16977,16977,16977,16445,16009,77888
3,1283,1282,1791066490803525,1791066490805466,1941,0,2,16850,16850,16850,16365,15855,77433
3,1284,1283,1791066490853525,1791066490854835,1310,0,3,16954,16954,16954,16455,16046,78076
3,1285,1284,1791066490903525,1791066490905551,2026,0,4,16812,16812,16812,16275,16119,77882
3,1286,1285,1791066490953525,1791066490955690,2165,0,5,16840,16840,16840,16266,16100,77759
3,1287,1286,1791066491003525,1791066491005646,2121,0,6,16741,16741,16741,16190,16013,77271
3,1288,1287,1791066491053525,1791066491054973,1448,0,7,16878,16878,16878,16338,16035,77854
3,1289,1288,1791066491103525,1791066491105260,1735,0,8,16971,16971,16971,16443,16239,78554
3,1290,1289,1791066491153525,1791066491155462,1937,0,9,16802,16802,16802,16268,15694,76629
3,1291,1290,1791066491203525,1791066491205895,2370,0,10,16824,16824,16824,16275,15948,77510
3,1292,1291,1791066491253525,1791066491255240,1715,0,11,16857,16857,16857,16312,15921,77424
3,1293,1292,1791066491303525,1791066491305115,1590,0,12,17012,17012,17012,16452,16019,78005
3,1294,1293,1791066491353525,1791066491355001,1476,0,13,16858,16858,16858,16342,16145,77985
3,1295,1294,1791066491403525,1791066491405845,2320,0,14,16882,16882,16882,16367,16103,78068
3,1296,1295,1791066491453525,1791066491455475,1950,0,15,16852,16852,16852,16335,16243,78305
3,1297,1296,1791066491503525,1791066491505373,1848,0,16,16993,16993,16993,16485,15983,77922
3,1298,1297,1791066491553525,1791066491559549,6024,0,17,16754,16754,16754,16207,15946,77130
3,1299,1298,1791066491603525,1791066491605512,1987,0,18,16977,16977,16977,16447,16337,78493
3,1300,1299,1791066491653525,1791066491655212,1687,0,19,16934,16934,16934,16437,16393,78707
3,1301,1300,1791066491703525,1791066491704884,1359,0,0,16732,16732,16732,16190,15849,77085
3,1302,1301,1791066491753525,1791066491755226,1701,0,1,16977,16977,16977,16433,15945,77551
3,1303,1302,1791066491803525,1791066491805688,2163,0,2,16850,16850,16850,16326,15845,77379
3,1304,1303,1791066491853525,1791066491855769,2244,0,3,16954,16954,16954,16427,16058,78142
3,1305,1304,1791066491903525,1791066491905714,2189,0,4,16812,16812,16812,16328,16255,77937
3,1306,1305,1791066491953525,1791066491955765,2240,0,5,16840,16840,16840,16294,16107,77923
3,1307,1306,1791066492003525,1791066492005201,1676,0,6,16741,16741,16741,16211,16009,77284
3,1308,1307,1791066492053525,1791066492055978,2453,0,7,16878,16878,16878,16363,16018,77804
3,1309,1308,1791066492103525,1791066492105860,2335,0,8,16971,16971,16971,16435,16248,78458
3,1310,1309,1791066492153525,1791066492155735,2210,0,9,16802,16802,16802,16279,15680,76543
3,1311,1310,1791066492203525,1791066492205043,1518,0,10,16824,16824,16824,16306,16039,77719
3,1312,1311,1791066492253525,1791066492255054,1529,0,11,16857,16857,16857,16341,15839,77161
3,1313,1312,1791066492303525,1791066492305162,1637,0,12,17012,17012,17012,16502,16053,78126
3,1314,1313,1791066492353525,1791066492355799,2274,0,13,16858,16858,16858,16319,16120,77902
3,1315,1314,1791066492403525,1791066492404888,1363,0,14,16882,16882,16882,16402,16212,78406
3,1316,1315,1791066492453525,1791066492455218,1693,0,15,16852,16852,16852,16364,16244,78432
3,1317,1316,1791066492503525,1791066492505156,1631,0,16,16993,16993,16993,16481,15950,77671
3,1318,1317,1791066492553525,1791066492555670,2145,0,17,16754,16754,16754,16221,15883,77034
3,1319,1318,1791066492603525,1791066492606749,3224,0,18,16977,16977,16977,16458,16249,78516
3,1320,1319,1791066492653525,1791066492654907,1382,0,19,16934,16934,16934,16372,16265,78349
3,1321,1320,1791066492703525,1791066492705294,1769,0,0,16732,16732,16732,16229,15860,77163
3,1322,1321,1791066492753525,1791066492755276,1751,0,1,16977,16977,16977,16451,15991,77820
3,1323,1322,1791066492803525,1791066492804995,1470,0,2,16850,16850,16850,16330,15758,77004
3,1324,1323,1791066492853525,1791066492855075,1550,0,3,16954,16954,16954,16413,16020,77932
3,1325,1324,1791066492903525,1791066492905909,2384,0,4,16812,16812,16812,16289,16235,77924
3,1326,1325,1791066492953525,1791066492955353,1828,0,5,16840,16840,16840,16298,16070,77733
3,1327,1326,1791066493003525,1791066493005808,2283,0,6,16741,16741,16741,16234,16031,77402
3,1328,1327,1791066493053525,1791066493055473,1948,0,7,16878,16878,16878,16370,16111,78214
3,1329,1328,1791066493103525,1791066493105633,2108,0,8,16971,16971,16971,16421,16151,78366
3,1330,1329,1791066493153525,1791066493166864,13339,0,9,16802,16802,16802,16239,15676,76433
3,1331,1330,1791066493203525,1791066493215258,11733,0,10,16824,16824,16824,16304,16115,77770
3,1332,1331,1791066493253525,1791066493255097,1572,0,11,16857,16857,16857,16345,15914,77477
3,1333,1332,1791066493303525,1791066493305197,1672,0,12,17012,17012,17012,16469,16015,77980
3,1334,1333,1791066493353525,1791066493355147,1622,0,13,16858,16858,16858,16314,16133,77963
3,1335,1334,1791066493403525,1791066493405120,1595,0,14,16882,16882,16882,16375,16093,78002
3,1336,1335,1791066493453525,1791066493455193,1668,0,15,16852,16852,16852,16366,16267,78281
3,1337,1336,1791066493503525,1791066493505145,1620,0,16,16993,16993,16993,16456,16015,77944
3,1338,1337,1791066493553525,1791066493557766,4241,0,17,16754,16754,16754,16233,15993,77348
3,1339,1338,1791066493603525,1791066493607805,4280,0,18,16977,16977,16977,16452,16298,78611
3,1340,1339,1791066493653525,1791066493655747,2222,0,19,16934,16934,16934,16403,16341,78406
3,1341,1340,1791066493703525,1791066493704867,1342,0,0,16732,16732,16732,16194,15721,76843
3,1342,1341,1791066493753525,1791066493755250,1725,0,1,16977,16977,16977,16474,15985,77837
3,1343,1342,1791066493803525,1791066493804951,1426,0,2,16850,16850,16850,16374,15852,77458
3,1344,1343,1791066493853525,1791066493855393,1868,0,3,16954,16954,16954,16401,15977,77889
3,1345,1344,1791066493903525,1791066493905701,2176,0,4,16812,16812,16812,16290,16101,77761
3,1346,1345,1791066493953525,1791066493955469,1944,0,5,16840,16840,16840,16288,16021,77621
3,1347,1346,1791066494003525,1791066494005151,1626,0,6,16741,16741,16741,16203,16048,77511
3,1348,1347,1791066494053525,1791066494055017,1492,0,7,16878,16878,16878,16346,16065,77992
3,1349,1348,1791066494103525,1791066494105166,1641,0,8,16971,16971,16971,16416,16133,78230
3,1350,1349,1791066494153525,1791066494155577,2052,0,9,16802,16802,16802,16300,15662,76438
3,1351,1350,1791066494203525,1791066494204973,1448,0,10,16824,16824,16824,16289,15959,77493
3,1352,1351,1791066494253525,1791066494255034,1509,0,11,16857,16857,16857,16374,16006,77815
3,1353,1352,1791066494303525,1791066494305058,1533,0,12,17012,17012,17012,16526,16078,78101
3,1354,1353,1791066494353525,1791066494355459,1934,0,13,16858,16858,16858,16316,16057,77744
3,1355,1354,1791066494403525,1791066494405137,1612,0,14,16882,16882,16882,16388,16025,77773
3,1356,1355,1791066494453525,1791066494454971,1446,0,15,16852,16852,16852,16337,16321,78310
3,1357,1356,1791066494503525,1791066494505492,1967,0,16,16993,16993,16993,16426,15906,77552
3,1358,1357,1791066494553525,1791066494555854,2329,0,17,16754,16754,16754,16234,15840,76972
3,1359,1358,1791066494603525,1791066494605396,1871,0,18,16977,16977,16977,16450,16341,78571
3,1360,1359,1791066494653525,1791066494655036,1511,0,19,16934,16934,16934,16372,16305,78335
3,1361,1360,1791066494703525,1791066494705415,1890,0,0,16732,16732,16732,16227,15840,77015
3,1362,1361,1791066494753525,1791066494755777,2252,0,1,16977,16977,16977,16434,15918,77571
3,1363,1362,1791066494803525,1791066494804932,1407,0,2,16850,16850,16850,16339,15900,77503
3,1364,1363,1791066494853525,1791066494855339,1814,0,3,16954,16954,16954,16427,16003,77973
3,1365,1364,1791066494903525,1791066494904987,1462,0,4,16812,16812,16812,16268,16047,77504
3,1366,1365,1791066494953525,1791066494955468,1943,0,5,16840,16840,16840,16296,16130,77865
3,1367,1366,1791066495003525,1791066495005610,2085,0,6,16741,16741,16741,16215,16043,77498
3,1368,1367,1791066495053525,1791066495054832,1307,0,7,16878,16878,16878,16389,16101,78023
3,1369,1368,1791066495103525,1791066495105127,1602,0,8,16971,16971,16971,16455,16106,78253
3,1370,1369,1791066495153525,1791066495155201,1676,0,9,16802,16802,16802,16274,15591,76071
3,1371,1370,1791066495203525,1791066495205213,1688,0,10,16824,16824,16824,16297,16095,77771
3,1372,1371,1791066495253525,1791066495254963,1438,0,11,16857,16857,16857,16314,15940,77537
3,1373,1372,1791066495303525,1791066495305325,1800,0,12,17012,17012,17012,16491,15975,77913
3,1374,1373,1791066495353525,1791066495355118,1593,0,13,16858,16858,16858,16350,16034,77672
3,1375,1374,1791066495403525,1791066495405668,2143,0,14,16882,16882,16882,16328,16063,77796
3,1376,1375,1791066495453525,1791066495454959,1434,0,15,16852,16852,16852,16334,16209,78257
3,1377,1376,1791066495503525,1791066495505790,2265,0,16,16993,16993,16993,16433,15963,77800
3,1378,1377,1791066495553525,1791066495556730,3205,0,17,16754,16754,16754,16203,15804,76748
3,1379,1378,1791066495603525,1791066495605653,2128,0,18,16977,16977,16977,16445,16367,78691
3,1380,1379,1791066495653525,1791066495655094,1569,0,19,16934,16934,16934,16398,16359,78494
3,1381,1380,1791066495703525,1791066495704873,1348,0,0,16732,16732,16732,16207,15799,76901
3,1382,1381,1791066495753525,1791066495755729,2204,0,1,16977,16977,16977,16434,16023,77973
3,1383,1382,1791066495803525,1791066495805228,1703,0,2,16850,16850,16850,16304,15846,77447
3,1384,1383,1791066495853525,1791066495855185,1660,0,3,16954,16954,16954,16399,15990,77897
3,1385,1384,1791066495903525,1791066495904960,1435,0,4,16812,16812,16812,16298,16124,77876
3,1386,1385,1791066495953525,1791066495955679,2154,0,5,16840,16840,16840,16292,16062,77643
3,1387,1386,1791066496003525,1791066496005007,1482,0,6,16741,16741,16741,16190,15969,77130
3,1388,1387,1791066496053525,1791066496054940,1415,0,7,16878,16878,16878,16394,16059,77784
3,1389,1388,1791066496103525,1791066496105310,1785,0,8,16971,16971,16971,16429,16242,78452
3,1390,1389,1791066496153525,1791066496154892,1367,0,9,16802,16802,16802,16247,15651,76412
3,1391,1390,1791066496203525,1791066496205711,2186,0,10,16824,16824,16824,16327,16126,78051
3,1392,1391,1791066496253525,1791066496255378,1853,0,11,16857,16857,16857,16341,16001,77732
3,1393,1392,1791066496303525,1791066496305243,1718,0,12,17012,17012,17012,16489,16056,78176
3,1394,1393,1791066496353525,1791066496355440,1915,0,13,16858,16858,16858,16350,16155,78125
3,1395,1394,1791066496403525,1791066496404943,1418,0,14,16882,16882,16882,16362,16000,77712
3,1396,1395,1791066496453525,1791066496454930,1405,0,15,16852,16852,16852,16316,16195,78105
3,1397,1396,1791066496503525,1791066496505407,1882,0,16,16993,16993,16993,16446,15962,77873
3,1398,1397,1791066496553525,1791066496555773,2248,0,17,16754,16754,16754,16219,15830,76878
3,1399,1398,1791066496603525,1791066496605517,1992,0,18,16977,16977,16977,16469,16447,78814
3,1400,1399,1791066496653525,1791066496657384,3859,0,19,16934,16934,16934,16391,16303,78389
3,1401,1400,1791066496703525,1791066496705724,2199,0,0,16732,16732,16732,16226,15838,77189
3,1402,1401,1791066496753525,1791066496755085,1560,0,1,16977,16977,16977,16455,16034,78037
3,1403,1402,1791066496803525,1791066496805326,1801,0,2,16850,16850,16850,16355,15890,77518
3,1404,1403,1791066496853525,1791066496855701,2176,0,3,16954,16954,16954,16468,16059,78141
3,1405,1404,1791066496903525,1791066496905087,1562,0,4,16812,16812,16812,16276,16220,77896
3,1406,1405,1791066496953525,1791066496955616,2091,0,5,16840,16840,16840,16316,16130,77952
3,1407,1406,1791066497003525,1791066497005574,2049,0,6,16741,16741,16741,16237,16061,77604
3,1408,1407,1791066497053525,1791066497055084,1559,0,7,16878,16878,16878,16363,16082,77880
3,1409,1408,1791066497103525,1791066497104899,1374,0,8,16971,16971,16971,16456,16153,78504
3,1410,1409,1791066497153525,1791066497155574,2049,0,9,16802,16802,16802,16267,15674,76486
3,1411,1410,1791066497203525,1791066497205390,1865,0,10,16824,16824,16824,16286,15898,77293
3,1412,1411,1791066497253525,1791066497255245,1720,0,11,16857,16857,16857,16378,15977,77711
3,1413,1412,1791066497303525,1791066497305731,2206,0,12,17012,17012,17012,16461,16006,77973
3,1414,1413,1791066497353525,1791066497355005,1480,0,13,16858,16858,16858,16322,16005,77764
3,1415,1414,1791066497403525,1791066497405802,2277,0,14,16882,16882,16882,16314,16012,77719
3,1416,1415,1791066497453525,1791066497455374,1849,0,15,16852,16852,16852,16324,16285,78291
3,1417,1416,1791066497503525,1791066497505359,1834,0,16,16993,16993,16993,16434,15895,77461
3,1418,1417,1791066497553525,1791066497554855,1330,0,17,16754,16754,16754,16230,15883,77142
3,1419,1418,1791066497603525,1791066497605708,2183,0,18,16977,16977,16977,16471,16391,78574
3,1420,1419,1791066497653525,1791066497661907,8382,0,19,16934,16934,16934,16400,16365,78556
3,1421,1420,1791066497703525,1791066497705615,2090,0,0,16732,16732,16732,16224,15834,76975
3,1422,1421,1791066497753525,1791066497754942,1417,0,1,16977,16977,16977,16454,15970,77634
3,1423,1422,1791066497803525,1791066497805441,1916,0,2,16850,16850,16850,16320,15810,77147
3,1424,1423,1791066497853525,1791066497855872,2347,0,3,16954,16954,16954,16412,16035,77945
3,1425,1424,1791066497903525,1791066497905024,1499,0,4,16812,16812,16812,16268,16221,77953
3,1426,1425,1791066497953525,1791066497955590,2065,0,5,16840,16840,16840,16305,16143,78032
3,1427,1426,1791066498003525,1791066498005872,2347,0,6,16741,16741,16741,16221,16025,77402
3,1428,1427,1791066498053525,1791066498055331,1806,0,7,16878,16878,16878,16341,16080,77978
3,1429,1428,1791066498103525,1791066498105312,1787,0,8,16971,16971,16971,16458,16156,78312
3,1430,1429,1791066498153525,1791066498156287,2762,0,9,16802,16802,16802,16253,15627,76311
3,1431,1430,1791066498203525,1791066498205414,1889,0,10,16824,16824,16824,16285,15946,77439
3,1432,1431,1791066498253525,1791066498255090,1565,0,11,16857,16857,16857,16339,15984,77645
3,1433,1432,1791066498303525,1791066498305541,2016,0,12,17012,17012,17012,16459,16005,77957
3,1434,1433,1791066498353525,1791066498379322,25797,0,13,16858,16858,16858,16335,16092,77882
3,1435,1434,1791066498403525,1791066498425150,21625,0,14,16882,16882,16882,16365,16038,77738
3,1436,1435,1791066498453525,1791066498471182,17657,0,15,16852,16852,16852,16315,16240,78202
3,1437,1436,1791066498503525,1791066498516432,12907,0,16,16993,16993,16993,16445,15996,77804
3,1438,1437,1791066498553525,1791066498564225,10700,0,17,16754,16754,16754,16253,15870,77010
3,1439,1438,1791066498603525,1791066498608723,5198,0,18,16977,16977,16977,16436,16418,78695
3,1440,1439,1791066498653525,1791066498656573,3048,0,19,16934,16934,16934,16426,16250,78509
3,1441,1440,1791066498703525,1791066498704859,1334,0,0,16732,16732,16732,16226,15846,76970
3,1442,1441,1791066498753525,1791066498754818,1293,0,1,16977,16977,16977,16472,16059,78041
3,1443,1442,1791066498803525,1791066498805733,2208,0,2,16850,16850,16850,16345,15851,77406
3,1444,1443,1791066498853525,1791066498855293,1768,0,3,16954,16954,16954,16439,16081,78110
3,1445,1444,1791066498903525,1791066498907992,4467,0,4,16812,16812,16812,16259,16175,77838
3,1446,1445,1791066498953525,1791066498955088,1563,0,5,16840,16840,16840,16304,16254,78123
3,1447,1446,1791066499003525,1791066499005718,2193,0,6,16741,16741,16741,16223,16002,77462
3,1448,1447,1791066499053525,1791066499055091,1566,0,7,16878,16878,16878,16382,16086,77950
3,1449,1448,1791066499103525,1791066499107429,3904,0,8,16971,16971,16971,16451,16096,78154
3,1450,1449,1791066499153525,1791066499156790,3265,0,9,16802,16802,16802,16258,15625,76382
3,1451,1450,1791066499203525,1791066499205868,2343,0,10,16824,16824,16824,16304,15898,77326
3,1452,1451,1791066499253525,1791066499255607,2082,0,11,16857,16857,16857,16362,16017,77774
3,1453,1452,1791066499303525,1791066499304913,1388,0,12,17012,17012,17012,16482,15953,77805
3,1454,1453,1791066499353525,1791066499355864,2339,0,13,16858,16858,16858,16344,16156,78149
3,1455,1454,1791066499403525,1791066499405632,2107,0,14,16882,16882,16882,16346,16029,77655
3,1456,1455,1791066499453525,1791066499454874,1349,0,15,16852,16852,16852,16339,16266,78267
3,1457,1456,1791066499503525,1791066499505059,1534,0,16,16993,16993,16993,16461,15997,77930
3,1458,1457,1791066499553525,1791066499555764,2239,0,17,16754,16754,16754,16223,15934,77120
3,1459,1458,1791066499603525,1791066499605501,1976,0,18,16977,16977,16977,16441,16395,78649
3,1460,1459,1791066499653525,1791066499655289,1764,0,19,16934,16934,16934,16412,16265,78404
3,1461,1460,1791066499703525,1791066499705482,1957,0,0,16732,16732,16732,16223,15829,76984
3,1462,1461,1791066499753525,1791066499755402,1877,0,1,16977,16977,16977,16464,16071,78154
3,1463,1462,1791066499803525,1791066499805562,2037,0,2,16850,16850,16850,16335,15778,77178
3,1464,1463,1791066499853525,1791066499854998,1473,0,3,16954,16954,16954,16427,16032,77960
3,1465,1464,1791066499903525,1791066499905357,1832,0,4,16812,16812,16812,16244,16196,77904
3,1466,1465,1791066499953525,1791066499955694,2169,0,5,16840,16840,16840,16262,16078,77748
3,1467,1466,1791066500003525,1791066500005753,2228,0,6,16741,16741,16741,16209,15979,77273
3,1468,1467,1791066500053525,1791066500055186,1661,0,7,16878,16878,16878,16355,16084,77864
3,1469,1468,1791066500103525,1791066500105315,1790,0,8,16971,16971,16971,16459,16087,78313
3,1470,1469,1791066500153525,1791066500155789,2264,0,9,16802,16802,16802,16309,15680,76553
3,1471,1470,1791066500203525,1791066500205313,1788,0,10,16824,16824,16824,16293,15938,77409
3,1472,1471,1791066500253525,1791066500255175,1650,0,11,16857,16857,16857,16326,15941,77618
3,1473,1472,1791066500303525,1791066500307377,3852,0,12,17012,17012,17012,16463,16099,78257
3,1474,1473,1791066500353525,1791066500355529,2004,0,13,16858,16858,16858,16334,16116,77810
3,1475,1474,1791066500403525,1791066500407151,3626,0,14,16882,16882,16882,16353,16106,77874
3,1476,1475,1791066500453525,1791066500455222,1697,0,15,16852,16852,16852,16314,16244,78173
3,1477,1476,1791066500503525,1791066500505056,1531,0,16,16993,16993,16993,16448,16028,77948
3,1478,1477,1791066500553525,1791066500555223,1698,0,17,16754,16754,16754,16189,15846,76877
3,1479,1478,1791066500603525,1791066500605324,1799,0,18,16977,16977,16977,16432,16277,78381
3,1480,1479,1791066500653525,1791066500655084,1559,0,19,16934,16934,16934,16444,16309,78494
3,1481,1480,1791066500703525,1791066500705108,1583,0,0,16732,16732,16732,16243,15866,76982
3,1482,1481,1791066500753525,1791066500757743,4218,0,1,16977,16977,16977,16434,15954,77643
3,1483,1482,1791066500803525,1791066500807221,3696,0,2,16850,16850,16850,16340,15892,77478
3,1484,1483,1791066500853525,1791066500855201,1676,0,3,16954,16954,16954,16441,16083,78128
3,1485,1484,1791066500903525,1791066500905330,1805,0,4,16812,16812,16812,16309,16292,78007
3,1486,1485,1791066500953525,1791066500955275,1750,0,5,16840,16840,16840,16303,16103,77911
3,1487,1486,1791066501003525,1791066501004978,1453,0,6,16741,16741,16741,16203,15986,77328
3,1488,1487,1791066501053525,1791066501055350,1825,0,7,16878,16878,16878,16320,16046,77693
3,1489,1488,1791066501103525,1791066501106959,3434,0,8,16971,16971,16971,16442,16182,78364
3,1490,1489,1791066501153525,1791066501155228,1703,0,9,16802,16802,16802,16265,15584,76059
3,1491,1490,1791066501203525,1791066501205517,1992,0,10,16824,16824,16824,16283,15941,77382
3,1492,1491,1791066501253525,1791066501256129,2604,0,11,16857,16857,16857,16341,15987,77678
3,1493,1492,1791066501303525,1791066501305456,1931,0,12,17012,17012,17012,16484,15991,77958
3,1494,1493,1791066501353525,1791066501355011,1486,0,13,16858,16858,16858,16320,16052,77661
3,1495,1494,1791066501403525,1791066501405146,1621,0,14,16882,16882,16882,16340,16017,77560
3,1496,1495,1791066501453525,1791066501454982,1457,0,15,16852,16852,16852,16354,16260,78337
3,1497,1496,1791066501503525,1791066501505290,1765,0,16,16993,16993,16993,16442,15990,77818
3,1498,1497,1791066501553525,1791066501555295,1770,0,17,16754,16754,16754,16222,15839,77116
3,1499,1498,1791066501603525,1791066501605269,1744,0,18,16977,16977,16977,16424,16352,78563
3,1500,1499,1791066501653525,1791066501655230,1705,0,19,16934,16934,16934,16432,16307,78423
3,1501,1500,1791066501703525,1791066501704985,1460,0,0,16732,16732,16732,16225,15818,77040
3,1502,1501,1791066501753525,1791066501755364,1839,0,1,16977,16977,16977,16447,15971,77897
3,1503,1502,1791066501803525,1791066501805049,1524,0,2,16850,16850,16850,16324,15840,77241
3,1504,1503,1791066501853525,1791066501855913,2388,0,3,16954,16954,16954,16430,16042,78042
3,1505,1504,1791066501903525,1791066501905654,2129,0,4,16812,16812,16812,16275,16188,77746
3,1506,1505,1791066501953525,1791066501955745,2220,0,5,16840,16840,16840,16299,16036,77673
3,1507,1506,1791066502003525,1791066502005577,2052,0,6,16741,16741,16741,16237,16016,77393
3,1508,1507,1791066502053525,1791066502071622,18097,0,7,16878,16878,16878,16350,16131,77996
3,1509,1508,1791066502103525,1791066502120877,17352,0,8,16971,16971,16971,16450,16150,78527
3,1510,1509,1791066502153525,1791066502173963,20438,0,9,16802,16802,16802,16315,15645,76464
3,1511,1510,1791066502203525,1791066502218833,15308,0,10,16824,16824,16824,16298,15977,77639
3,1512,1511,1791066502253525,1791066502269573,16048,0,11,16857,16857,16857,16309,15935,77440
3,1513,1512,1791066502303525,1791066502314774,11249,0,12,17012,17012,17012,16493,16034,77989
3,1514,1513,1791066502353525,1791066502359772,6247,0,13,16858,16858,16858,16305,16036,77720
3,1515,1514,1791066502403525,1791066502405781,2256,0,14,16882,16882,16882,16313,16024,77636
3,1516,1515,1791066502453525,1791066502455291,1766,0,15,16852,16852,16852,16357,16271,78354
3,1517,1516,1791066502503525,1791066502504870,1345,0,16,16993,16993,16993,16450,15961,77826
3,1518,1517,1791066502553525,1791066502555872,2347,0,17,16754,16754,16754,16215,15857,77022
3,1519,1518,1791066502603525,1791066502605525,2000,0,18,16977,16977,16977,16464,16281,78492
3,1520,1519,1791066502653525,1791066502655328,1803,0,19,16934,16934,16934,16401,16272,78390
3,1521,1520,1791066502703525,1791066502705344,1819,0,0,16732,16732,16732,16191,15797,76863
3,1522,1521,1791066502753525,1791066502755463,1938,0,1,16977,16977,16977,16464,15971,77780
3,1523,1522,1791066502803525,1791066502805086,1561,0,2,16850,16850,16850,16324,15764,76980
3,1524,1523,1791066502853525,1791066502855507,1982,0,3,16954,16954,16954,16416,16067,78077
3,1525,1524,1791066502903525,1791066502905751,2226,0,4,16812,16812,16812,16256,16210,77792
3,1526,1525,1791066502953525,1791066502955789,2264,0,5,16840,16840,16840,16315,16083,77893
3,1527,1526,1791066503003525,1791066503005097,1572,0,6,16741,16741,16741,16226,15981,77343
3,1528,1527,1791066503053525,1791066503055855,2330,0,7,16878,16878,16878,16403,16174,78166
3,1529,1528,1791066503103525,1791066503105618,2093,0,8,16971,16971,16971,16469,16208,78529
3,1530,1529,1791066503153525,1791066503155635,2110,0,9,16802,16802,16802,16275,15567,76102
3,1531,1530,1791066503203525,1791066503204977,1452,0,10,16824,16824,16824,16319,16010,77677
3,1532,1531,1791066503253525,1791066503254960,1435,0,11,16857,16857,16857,16334,16053,77952
3,1533,1532,1791066503303525,1791066503305016,1491,0,12,17012,17012,17012,16471,15979,77895
3,1534,1533,1791066503353525,1791066503355385,1860,0,13,16858,16858,16858,16324,16173,77946
3,1535,1534,1791066503403525,1791066503404933,1408,0,14,16882,16882,16882,16340,16014,77591
3,1536,1535,1791066503453525,1791066503455021,1496,0,15,16852,16852,16852,16339,16111,78030
3,1537,1536,1791066503503525,1791066503505254,1729,0,16,16993,16993,16993,16417,15990,77821
3,1538,1537,1791066503553525,1791066503555382,1857,0,17,16754,16754,16754,16234,15869,77087
3,1539,1538,1791066503603525,1791066503604831,1306,0,18,16977,16977,16977,16440,16352,78628
3,1540,1539,1791066503653525,1791066503654972,1447,0,19,16934,16934,16934,16422,16229,78400
3,1541,1540,1791066503703525,1791066503705001,1476,0,0,16732,16732,16732,16198,15792,76863
3,1542,1541,1791066503753525,1791066503755608,2083,0,1,16977,16977,16977,16461,16076,78182
3,1543,1542,1791066503803525,1791066503805071,1546,0,2,16850,16850,16850,16353,15789,77084
3,1544,1543,1791066503853525,1791066503855327,1802,0,3,16954,16954,16954,16416,16049,78101
3,1545,1544,1791066503903525,1791066503905157,1632,0,4,16812,16812,16812,16280,16186,77818
3,1546,1545,1791066503953525,1791066503955411,1886,0,5,16840,16840,16840,16291,16113,77923
3,1547,1546,1791066504003525,1791066504004949,1424,0,6,16741,16741,16741,16236,15980,77405
3,1548,1547,1791066504053525,1791066504055338,1813,0,7,16878,16878,16878,16357,16162,78177
3,1549,1548,1791066504103525,1791066504105009,1484,0,8,16971,16971,16971,16465,16141,78306
3,1550,1549,1791066504153525,1791066504157131,3606,0,9,16802,16802,16802,16269,15581,76117
3,1551,1550,1791066504203525,1791066504205842,2317,0,10,16824,16824,16824,16286,16054,77747
3,1552,1551,1791066504253525,1791066504255090,1565,0,11,16857,16857,16857,16322,15952,77561
3,1553,1552,1791066504303525,1791066504305405,1880,0,12,17012,17012,17012,16471,15986,77983
3,1554,1553,1791066504353525,1791066504355131,1606,0,13,16858,16858,16858,16334,16218,78100
3,1555,1554,1791066504403525,1791066504404862,1337,0,14,16882,16882,16882,16336,16021,77609
3,1556,1555,1791066504453525,1791066504455591,2066,0,15,16852,16852,16852,16308,16143,77987
3,1557,1556,1791066504503525,1791066504505316,1791,0,16,16993,16993,16993,16474,16017,78010
3,1558,1557,1791066504553525,1791066504555385,1860,0,17,16754,16754,16754,16237,15870,77227
3,1559,1558,1791066504603525,1791066504605155,1630,0,18,16977,16977,16977,16436,16351,78631
3,1560,1559,1791066504653525,1791066504655479,1954,0,19,16934,16934,16934,16345,16198,78275
3,1561,1560,1791066504703525,1791066504705521,1996,0,0,16732,16732,16732,16186,15872,77014
3,1562,1561,1791066504753525,1791066504755402,1877,0,1,16977,16977,16977,16484,16065,78217
3,1563,1562,1791066504803525,1791066504805724,2199,0,2,16850,16850,16850,16330,15795,77079
3,1564,1563,1791066504853525,1791066504855763,2238,0,3,16954,16954,16954,16421,15965,77701
3,1565,1564,1791066504903525,1791066504905371,1846,0,4,16812,16812,16812,16265,16177,77749
3,1566,1565,1791066504953525,1791066504955856,2331,0,5,16840,16840,16840,16294,16113,77826
3,1567,1566,1791066505003525,1791066505005683,2158,0,6,16741,16741,16741,16202,15989,77271
3,1568,1567,1791066505053525,1791066505055085,1560,0,7,16878,16878,16878,16345,16183,78045
3,1569,1568,1791066505103525,1791066505105084,1559,0,8,16971,16971,16971,16446,16050,78158
3,1570,1569,1791066505153525,1791066505155301,1776,0,9,16802,16802,16802,16276,15604,76203
3,1571,1570,1791066505203525,1791066505205352,1827,0,10,16824,16824,16824,16263,15947,77473
3,1572,1571,1791066505253525,1791066505255357,1832,0,11,16857,16857,16857,16334,16044,77818
3,1573,1572,1791066505303525,1791066505305411,1886,0,12,17012,17012,17012,16516,16101,78319
3,1574,1573,1791066505353525,1791066505355132,1607,0,13,16858,16858,16858,16328,16103,77960
3,1575,1574,1791066505403525,1791066505405266,1741,0,14,16882,16882,16882,16343,16027,77704
3,1576,1575,1791066505453525,1791066505455251,1726,0,15,16852,16852,16852,16347,16118,77876
3,1577,1576,1791066505503525,1791066505505127,1602,0,16,16993,16993,16993,16445,16019,77873
3,1578,1577,1791066505553525,1791066505554882,1357,0,17,16754,16754,16754,16224,15901,77064
3,1579,1578,1791066505603525,1791066505605227,1702,0,18,16977,16977,16977,16432,16304,78494
3,1580,1579,1791066505653525,1791066505654883,1358,0,19,16934,16934,16934,16394,16370,78468
3,1581,1580,1791066505703525,1791066505704980,1455,0,0,16732,16732,16732,16184,15750,76570
3,1582,1581,1791066505753525,1791066505755193,1668,0,1,16977,16977,16977,16480,16128,78388
3,1583,1582,1791066505803525,1791066505807233,3708,0,2,16850,16850,16850,16318,15790,77027
3,1584,1583,1791066505853525,1791066505854959,1434,0,3,16954,16954,16954,16406,16068,78031
3,1585,1584,1791066505903525,1791066505905788,2263,0,4,16812,16812,16812,16238,16087,77504
3,1586,1585,1791066505953525,1791066505955073,1548,0,5,16840,16840,16840,16304,16100,77857
3,1587,1586,1791066506003525,1791066506005206,1681,0,6,16741,16741,16741,16210,16062,77472
3,1588,1587,1791066506053525,1791066506054903,1378,0,7,16878,16878,16878,16368,16067,78029
3,1589,1588,1791066506103525,1791066506105664,2139,0,8,16971,16971,16971,16435,16040,77996
3,1590,1589,1791066506153525,1791066506154990,1465,0,9,16802,16802,16802,16262,15591,76183
3,1591,1590,1791066506203525,1791066506205496,1971,0,10,16824,16824,16824,16320,15941,77418
3,1592,1591,1791066506253525,1791066506254979,1454,0,11,16857,16857,16857,16346,16059,77874
3,1593,1592,1791066506303525,1791066506305887,2362,0,12,17012,17012,17012,16473,16040,78080
3,1594,1593,1791066506353525,1791066506355583,2058,0,13,16858,16858,16858,16307,16035,77680
3,1595,1594,1791066506403525,1791066506406093,2568,0,14,16882,16882,16882,16289,16008,77581
3,1596,1595,1791066506453525,1791066506454905,1380,0,15,16852,16852,16852,16307,16176,77956
3,1597,1596,1791066506503525,1791066506505378,1853,0,16,16993,16993,16993,16414,16017,77969
3,1598,1597,1791066506553525,1791066506555891,2366,0,17,16754,16754,16754,16198,15832,76734
3,1599,1598,1791066506603525,1791066506605002,1477,0,18,16977,16977,16977,16422,16298,78456
3,1600,1599,1791066506653525,1791066506655885,2360,0,19,16934,16934,16934,16396,16242,78281
3,1601,1600,1791066506703525,1791066506705741,2216,0,0,16732,16732,16732,16159,15741,76537
3,1602,1601,1791066506753525,1791066506755899,2374,0,1,16977,16977,16977,16421,16117,78090
3,1603,1602,1791066506803525,1791066506805584,2059,0,2,16850,16850,16850,16298,15749,76902
3,1604,1603,1791066506853525,1791066506855162,1637,0,3,16954,16954,16954,16424,16047,77987
3,1605,1604,1791066506903525,1791066506905571,2046,0,4,16812,16812,16812,16277,16072,77554
3,1606,1605,1791066506953525,1791066506955365,1840,0,5,16840,16840,16840,16277,16095,77656
3,1607,1606,1791066507003525,1791066507006503,2978,0,6,16741,16741,16741,16202,15982,77165
3,1608,1607,1791066507053525,1791066507055153,1628,0,7,16878,16878,16878,16348,16174,78096
3,1609,1608,1791066507103525,1791066507105251,1726,0,8,16971,16971,16971,16402,16202,78271
3,1610,1609,1791066507153525,1791066507155461,1936,0,9,16802,16802,16802,16264,15589,76189
3,1611,1610,1791066507203525,1791066507205794,2269,0,10,16824,16824,16824,16243,15855,76993
3,1612,1611,1791066507253525,1791066507255731,2206,0,11,16857,16857,16857,16331,16029,77774
3,1613,1612,1791066507303525,1791066507305317,1792,0,12,17012,17012,17012,16516,16162,78337
3,1614,1613,1791066507353525,1791066507355426,1901,0,13,16858,16858,16858,16296,16200,77707
3,1615,1614,1791066507403525,1791066507405714,2189,0,14,16882,16882,16882,16270,15964,77075
3,1616,1615,1791066507453525,1791066507455444,1919,0,15,16852,16852,16852,16264,16118,77519
3,1617,1616,1791066507503525,1791066507505059,1534,0,16,16993,16993,16993,16406,16028,77758
3,1618,1617,1791066507553525,1791066507554848,1323,0,17,16754,16754,16754,16180,15769,76619
3,1619,1618,1791066507603525,1791066507605337,1812,0,18,16977,16977,16977,16345,16197,77974
3,1620,1619,1791066507653525,1791066507655196,1671,0,19,16934,16934,16934,16355,16193,77967
3,1621,1620,1791066507703525,1791066507705454,1929,0,0,16732,16732,16732,16128,15768,76459
3,1622,1621,1791066507753525,1791066507755535,2010,0,1,16977,16977,16977,16433,16172,78156
3,1623,1622,1791066507803525,1791066507804866,1341,0,2,16850,16850,16850,16290,15759,76814
3,1624,1623,1791066507853525,1791066507855719,2194,0,3,16954,16954,16954,16392,15977,77705
3,1625,1624,1791066507903525,1791066507905666,2141,0,4,16812,16812,16812,16218,16104,77535
3,1626,1625,1791066507953525,1791066507955308,1783,0,5,16840,16840,16840,16281,16090,77664
3,1627,1626,1791066508003525,1791066508005553,2028,0,6,16741,16741,16741,16160,15936,76974
3,1628,1627,1791066508053525,1791066508055280,1755,0,7,16878,16878,16878,16335,16166,77966
3,1629,1628,1791066508103525,1791066508105358,1833,0,8,16971,16971,16971,16448,16135,78244
3,1630,1629,1791066508153525,1791066508155119,1594,0,9,16802,16802,16802,16212,15540,75911
3,1631,1630,1791066508203525,1791066508205059,1534,0,10,16824,16824,16824,16298,15866,77073
3,1632,1631,1791066508253525,1791066508254970,1445,0,11,16857,16857,16857,16297,15895,77202
3,1633,1632,1791066508303525,1791066508305557,2032,0,12,17012,17012,17012,16426,16140,78040
3,1634,1633,1791066508353525,1791066508355746,2221,0,13,16858,16858,16858,16298,16153,77671
3,1635,1634,1791066508403525,1791066508405302,1777,0,14,16882,16882,16882,16226,16147,77426
3,1636,1635,1791066508453525,1791066508455565,2040,0,15,16852,16852,16852,16278,16147,77624
3,1637,1636,1791066508503525,1791066508505185,1660,0,16,16993,16993,16993,16326,15957,77335
3,1638,1637,1791066508553525,1791066508555854,2329,0,17,16754,16754,16754,16137,15640,76035
3,1639,1638,1791066508603525,1791066508605629,2104,0,18,16977,16977,16977,16373,16326,78150
3,1640,1639,1791066508653525,1791066508655171,1646,0,19,16934,16934,16934,16362,16155,77760
3,1641,1640,1791066508703525,1791066508705270,1745,0,0,16732,16732,16732,16093,15584,75878
3,1642,1641,1791066508753525,1791066508755806,2281,0,1,16977,16977,16977,16364,16197,77917
3,1643,1642,1791066508803525,1791066508804951,1426,0,2,16850,16850,16850,16243,15763,76752
3,1644,1643,1791066508853525,1791066508855091,1566,0,3,16954,16954,16954,16390,15916,77370
3,1645,1644,1791066508903525,1791066508905861,2336,0,4,16812,16812,16812,16206,15941,77172
3,1646,1645,1791066508953525,1791066508955913,2388,0,5,16840,16840,16840,16263,16167,77548
3,1647,1646,1791066509003525,1791066509005355,1830,0,6,16741,16741,16741,16167,15838,76802
3,1648,1647,1791066509053525,1791066509054825,1300,0,7,16878,16878,16878,16338,16276,78044
3,1649,1648,1791066509103525,1791066509106593,3068,0,8,16971,16971,16971,16381,16143,77994
3,1650,1649,1791066509153525,1791066509155527,2002,0,9,16802,16802,16802,16189,15606,76032
3,1651,1650,1791066509203525,1791066509205869,2344,0,10,16824,16824,16824,16216,15720,76393
3,1652,1651,1791066509253525,1791066509256282,2757,0,11,16857,16857,16857,16240,15743,76544
3,1653,1652,1791066509303525,1791066509305759,2234,0,12,17012,17012,17012,16413,16109,77870
3,1654,1653,1791066509353525,1791066509356566,3041,0,13,16858,16858,16858,16185,16036,77043
3,1655,1654,1791066509403525,1791066509405355,1830,0,14,16882,16882,16882,16166,15974,76897
3,1656,1655,1791066509453525,1791066509455005,1480,0,15,16852,16852,16852,16192,16001,77076
3,1657,1656,1791066509503525,1791066509504907,1382,0,16,16993,16993,16993,16262,15937,77019
3,1658,1657,1791066509553525,1791066509555840,2315,0,17,16754,16754,16754,16063,15530,75429
3,1659,1658,1791066509603525,1791066509605258,1733,0,18,16977,16977,16977,16266,16205,77715
3,1660,1659,1791066509653525,1791066509656871,3346,0,19,16934,16934,16934,16301,15924,77124
3,1661,1660,1791066509703525,1791066509705392,1867,0,0,16732,16732,16732,16022,15435,75066
3,1662,1661,1791066509753525,1791066509755648,2123,0,1,16977,16977,16977,16268,16085,77334
3,1663,1662,1791066509803525,1791066509805847,2322,0,2,16850,16850,16850,16175,15869,76908
3,1664,1663,1791066509853525,1791066509855067,1542,0,3,16954,16954,16954,16336,15797,76740
3,1665,1664,1791066509903525,1791066509905219,1694,0,4,16812,16812,16812,16184,15810,76647
3,1666,1665,1791066509953525,1791066509954984,1459,0,5,16840,16840,16840,16192,16100,77173
3,1667,1666,1791066510003525,1791066510005427,1902,0,6,16741,16741,16741,16101,15667,76119
3,1668,1667,1791066510053525,1791066510055099,1574,0,7,16878,16878,16878,16263,16136,77504
3,1669,1668,1791066510103525,1791066510105465,1940,0,8,16971,16971,16971,16326,16277,77963
3,1670,1669,1791066510153525,1791066510155423,1898,0,9,16802,16802,16802,16173,15695,76189
3,1671,1670,1791066510203525,1791066510205120,1595,0,10,16824,16824,16824,16122,15502,75449
3,1672,1671,1791066510253525,1791066510254977,1452,0,11,16857,16857,16857,16209,15638,75991
3,1673,1672,1791066510303525,1791066510305173,1648,0,12,17012,17012,17012,16290,16130,77579
3,1674,1673,1791066510353525,1791066510355076,1551,0,13,16858,16858,16858,16124,15895,76521
3,1675,1674,1791066510403525,1791066510436525,33000,0,14,16882,16882,16882,16084,15787,75993
3,1676,1675,1791066510453525,1791066510483464,29939,0,15,16852,16852,16852,16150,15748,76224
3,1677,1676,1791066510503525,1791066510535895,32370,0,16,16993,16993,16993,16125,16003,76640
3,1678,1677,1791066510553525,1791066510585117,31592,0,17,16754,16754,16754,16009,15401,74766
3,1679,1678,1791066510603525,1791066510629928,26403,0,18,16977,16977,16977,16246,15970,77157
3,1680,1679,1791066510653525,1791066510677251,23726,0,19,16934,16934,16934,16173,15624,75628
3,1681,1680,1791066510703525,1791066510723528,20003,0,0,16732,16732,16732,15938,15267,74076
3,1682,1681,1791066510753525,1791066510767280,13755,0,1,16977,16977,16977,16176,15949,76643
3,1683,1682,1791066510803525,1791066510814021,10496,0,2,16850,16850,16850,16064,15861,76468
3,1684,1683,1791066510853525,1791066510863221,9696,0,3,16954,16954,16954,16269,15622,75972
3,1685,1684,1791066510903525,1791066510908890,5365,0,4,16812,16812,16812,16133,15695,75958
3,1686,1685,1791066510953525,1791066510956292,2767,0,5,16840,16840,16840,16124,15836,76498
3,1687,1686,1791066511003525,1791066511005519,1994,0,6,16741,16741,16741,16063,15614,75732
3,1688,1687,1791066511053525,1791066511054872,1347,0,7,16878,16878,16878,16194,15962,76830
3,1689,1688,1791066511103525,1791066511104890,1365,0,8,16971,16971,16971,16279,16233,77714
3,1690,1689,1791066511153525,1791066511154908,1383,0,9,16802,16802,16802,16011,15647,75603
3,1691,1690,1791066511203525,1791066511206776,3251,0,10,16824,16824,16824,15993,15332,74500
3,1692,1691,1791066511253525,1791066511255424,1899,0,11,16857,16857,16857,16097,15422,74875
3,1693,1692,1791066511303525,1791066511305858,2333,0,12,17012,17012,17012,16216,16204,77187
3,1694,1693,1791066511353525,1791066511355478,1953,0,13,16858,16858,16858,16044,15736,75759
3,1695,1694,1791066511403525,1791066511405409,1884,0,14,16882,16882,16882,15963,15457,74739
3,1696,1695,1791066511453525,1791066511455043,1518,0,15,16852,16852,16852,16051,15420,74725
3,1697,1696,1791066511503525,1791066511506351,2826,0,16,16993,16993,16993,15994,15730,75593
3,1698,1697,1791066511553525,1791066511556631,3106,0,17,16754,16754,16754,15883,15210,73787
3,1699,1698,1791066511603525,1791066511605310,1785,0,18,16977,16977,16977,16183,15701,75788
3,1700,1699,1791066511653525,1791066511654843,1318,0,19,16934,16934,16934,16035,15369,74291
3,1701,1700,1791066511703525,1791066511705670,2145,0,0,16732,16732,16732,15815,15125,73198
3,1702,1701,1791066511753525,1791066511755760,2235,0,1,16977,16977,16977,16053,15871,75965
3,1703,1702,1791066511803525,1791066511805560,2035,0,2,16850,16850,16850,15941,15797,75741
3,1704,1703,1791066511853525,1791066511855036,1511,0,3,16954,16954,16954,16124,15412,74868
3,1705,1704,1791066511903525,1791066511905152,1627,0,4,16812,16812,16812,16048,15517,75075
3,1706,1705,1791066511953525,1791066511956850,3325,0,5,16840,16840,16840,16087,15717,76017
3,1707,1706,1791066512003525,1791066512004956,1431,0,6,16741,16741,16741,15976,15411,74624
3,1708,1707,1791066512053525,1791066512055005,1480,0,7,16878,16878,16878,16112,15782,75886
3,1709,1708,1791066512103525,1791066512105532,2007,0,8,16971,16971,16971,16159,15775,76238
3,1710,1709,1791066512153525,1791066512155799,2274,0,9,16802,16802,16802,15918,15742,75376
3,1711,1710,1791066512203525,1791066512206088,2563,0,10,16824,16824,16824,15899,15249,73829
3,1712,1711,1791066512253525,1791066512255226,1701,0,11,16857,16857,16857,15949,15159,73513
3,1713,1712,1791066512303525,1791066512305395,1870,0,12,17012,17012,17012,16109,15849,76115
3,1714,1713,1791066512353525,1791066512356582,3057,0,13,16858,16858,16858,15944,15508,74798
3,1715,1714,1791066512403525,1791066512405510,1985,0,14,16882,16882,16882,15852,15305,73911
3,1716,1715,1791066512453525,1791066512456035,2510,0,15,16852,16852,16852,15915,15285,73940
3,1717,1716,1791066512503525,1791066512506219,2694,0,16,16993,16993,16993,15891,15492,74356
3,1718,1717,1791066512553525,1791066512555269,1744,0,17,16754,16754,16754,15803,15078,72943
3,1719,1718,1791066512603525,1791066512605124,1599,0,18,16977,16977,16977,16052,15382,74432
3,1720,1719,1791066512653525,1791066512655250,1725,0,19,16934,16934,16934,15883,15200,73281
3,1721,1720,1791066512703525,1791066512705522,1997,0,0,16732,16732,16732,15619,14800,71617
3,1722,1721,1791066512753525,1791066512755467,1942,0,1,16977,16977,16977,15863,15636,74857
3,1723,1722,1791066512803525,1791066512804886,1361,0,2,16850,16850,16850,15799,15501,74695
3,1724,1723,1791066512853525,1791066512855105,1580,0,3,16954,16954,16954,16030,15285,74188
3,1725,1724,1791066512903525,1791066512907304,3779,0,4,16812,16812,16812,15936,15351,74377
3,1726,1725,1791066512953525,1791066512955570,2045,0,5,16840,16840,16840,15923,15424,74644
3,1727,1726,1791066513003525,1791066513005027,1502,0,6,16741,16741,16741,15863,15254,73767
3,1728,1727,1791066513053525,1791066513055185,1660,0,7,16878,16878,16878,15950,15518,74798
3,1729,1728,1791066513103525,1791066513105514,1989,0,8,16971,16971,16971,16046,15544,75070
3,1730,1729,1791066513153525,1791066513156520,2995,0,9,16802,16802,16802,15809,15462,74386
3,1731,1730,1791066513203525,1791066513204907,1382,0,10,16824,16824,16824,15777,15085,72917
3,1732,1731,1791066513253525,1791066513255127,1602,0,11,16857,16857,16857,15831,15000,72557
3,1733,1732,1791066513303525,1791066513305331,1806,0,12,17012,17012,17012,15958,15556,74857
3,1734,1733,1791066513353525,1791066513355136,1611,0,13,16858,16858,16858,15810,15291,73719
3,1735,1734,1791066513403525,1791066513405000,1475,0,14,16882,16882,16882,15661,15064,72713
3,1736,1735,1791066513453525,1791066513455758,2233,0,15,16852,16852,16852,15741,15046,72735
3,1737,1736,1791066513503525,1791066513505350,1825,0,16,16993,16993,16993,15699,15365,73767
3,1738,1737,1791066513553525,1791066513554844,1319,0,17,16754,16754,16754,15635,14864,71774
3,1739,1738,1791066513603525,1791066513604976,1451,0,18,16977,16977,16977,15926,15201,73440
3,1740,1739,1791066513653525,1791066513656432,2907,0,19,16934,16934,16934,15639,14962,72182
3,1741,1740,1791066513703525,1791066513705163,1638,0,0,16732,16732,16732,15469,14665,70871
3,1742,1741,1791066513753525,1791066513755695,2170,0,1,16977,16977,16977,15715,15367,73739
3,1743,1742,1791066513803525,1791066513805015,1490,0,2,16850,16850,16850,15704,15383,73607
3,1744,1743,1791066513853525,1791066513855252,1727,0,3,16954,16954,16954,15932,15082,72894
3,1745,1744,1791066513903525,1791066513904982,1457,0,4,16812,16812,16812,15794,15130,73286
3,1746,1745,1791066513953525,1791066513955163,1638,0,5,16840,16840,16840,15794,15236,73594
3,1747,1746,1791066514003525,1791066514005682,2157,0,6,16741,16741,16741,15762,15035,72781
3,1748,1747,1791066514053525,1791066514061380,7855,0,7,16878,16878,16878,15805,15300,73765
3,1749,1748,1791066514103525,1791066514122217,18692,0,8,16971,16971,16971,15942,15351,74108
3,1750,1749,1791066514153525,1791066514173119,19594,0,9,16802,16802,16802,15676,15250,73229
3,1751,1750,1791066514203525,1791066514222952,19427,0,10,16824,16824,16824,15635,14932,72148
3,1752,1751,1791066514253525,1791066514266225,12700,0,11,16857,16857,16857,15658,14825,71643
3,1753,1752,1791066514303525,1791066514309786,6261,0,12,17012,17012,17012,15765,15207,73251
3,1754,1753,1791066514353525,1791066514355059,1534,0,13,16858,16858,16858,15630,15090,72887
3,1755,1754,1791066514403525,1791066514405098,1573,0,14,16882,16882,16882,15492,14784,71422
3,1756,1755,1791066514453525,1791066514455429,1904,0,15,16852,16852,16852,15623,14896,71924
3,1757,1756,1791066514503525,1791066514505290,1765,0,16,16993,16993,16993,15548,15160,72733
3,1758,1757,1791066514553525,1791066514555725,2200,0,17,16754,16754,16754,15464,14740,71067
3,1759,1758,1791066514603525,1791066514605334,1809,0,18,16977,16977,16977,15764,14997,72426
3,1760,1759,1791066514653525,1791066514655089,1564,0,19,16934,16934,16934,15453,14687,70778
3,1761,1760,1791066514703525,1791066514705840,2315,0,0,16732,16732,16732,15336,14446,69671
3,1762,1761,1791066514753525,1791066514754896,1371,0,1,16977,16977,16977,15599,15301,73043
3,1763,1762,1791066514803525,1791066514805061,1536,0,2,16850,16850,16850,15485,15297,73044
3,1764,1763,1791066514853525,1791066514855040,1515,0,3,16954,16954,16954,15753,14950,72140
3,1765,1764,1791066514903525,1791066514905934,2409,0,4,16812,16812,16812,15671,14977,72342
3,1766,1765,1791066514953525,1791066514955093,1568,0,5,16840,16840,16597,15881,7808,72986
3,1767,1766,1791066515003525,1791066515005220,1695,0,6,16741,16741,7241,16560,3470,34040
3,1768,1767,1791066515053525,1791066515054975,1450,0,7,16878,16878,7371,16658,3456,33840
3,1769,1768,1791066515103525,1791066515104991,1466,0,8,16971,16971,7310,16762,3439,33810
3,1770,1769,1791066515153525,1791066515155560,2035,0,9,16802,16802,7162,16570,3312,32520
3,1771,1770,1791066515203525,1791066515205013,1488,0,10,16824,16824,7070,16561,3258,31870
3,1772,1771,1791066515253525,1791066515255065,1540,0,11,16857,16857,7121,16592,3279,32140
3,1773,1772,1791066515303525,1791066515305603,2078,0,12,17012,17012,7194,16743,3271,32060
3,1774,1773,1791066515353525,1791066515355862,2337,0,13,16858,16858,7061,16556,3151,30960
3,1775,1774,1791066515403525,1791066515405338,1813,0,14,16882,16882,7083,16514,3144,30870
3,1776,1775,1791066515453525,1791066515454956,1431,0,15,16852,16852,7047,16549,3183,31228
3,1777,1776,1791066515503525,1791066515505007,1482,0,16,16993,16993,6979,16587,3156,30950
3,1778,1777,1791066515553525,1791066515555597,2072,0,17,16754,16754,6978,16401,3164,31080
3,1779,1778,1791066515603525,1791066515605030,1505,0,18,16977,16977,7106,16689,3252,31810
3,1780,1779,1791066515653525,1791066515654997,1472,0,19,16934,16934,7256,16532,3310,32460
3,1781,1780,1791066515703525,1791066515705277,1752,0,0,16732,16732,7112,16309,3229,31710
3,1782,1781,1791066515753525,1791066515754912,1387,0,1,16977,16977,7264,16552,3377,33159
3,1783,1782,1791066515803525,1791066515805548,2023,0,2,16850,16850,7331,16519,3509,34490
3,1784,1783,1791066515853525,1791066515855261,1736,0,3,16954,16954,7376,16690,3547,34741
3,1785,1784,1791066515903525,1791066515905575,2050,0,4,16812,16812,7330,16548,3478,34130
3,1786,1785,1791066515953525,1791066515955935,2410,0,5,16840,16840,7416,16572,3554,34840
3,1787,1786,1791066516003525,1791066516008037,4512,0,6,16741,16741,7241,16514,3482,34030
3,1788,1787,1791066516053525,1791066516054968,1443,0,7,16878,16878,7371,16612,3452,33840
3,1789,1788,1791066516103525,1791066516105811,2286,0,8,16971,16971,7310,16715,3444,33810
3,1790,1789,1791066516153525,1791066516155066,1541,0,9,16802,16802,7162,16524,3318,32520
3,1791,1790,1791066516203525,1791066516204968,1443,0,10,16824,16824,7070,16517,3250,31870
3,1792,1791,1791066516253525,1791066516254971,1446,0,11,16857,16857,7121,16545,3275,32140
3,1793,1792,1791066516303525,1791066516305719,2194,0,12,17012,17012,7194,16697,3263,32070
3,1794,1793,1791066516353525,1791066516355819,2294,0,13,16858,16858,7061,16512,3154,30960
3,1795,1794,1791066516403525,1791066516405736,2211,0,14,16882,16882,7083,16472,3144,30870
3,1796,1795,1791066516453525,1791066516455012,1487,0,15,16852,16852,7047,16505,3183,31230
3,1797,1796,1791066516503525,1791066516505426,1901,0,16,16993,16993,6979,16545,3157,30950
3,1798,1797,1791066516553525,1791066516554988,1463,0,17,16754,16754,6978,16357,3165,31080
3,1799,1798,1791066516603525,1791066516605235,1710,0,18,16977,16977,7106,16643,3240,31810
3,1800,1799,1791066516653525,1791066516655126,1601,0,19,16934,16934,7256,16490,3309,32461
3,1801,1800,1791066516703525,1791066516705424,1899,0,0,16732,16732,7112,16264,3229,31719
3,1802,1801,1791066516753525,1791066516755453,1928,0,1,16977,16977,7264,16506,3377,33150
3,1803,1802,1791066516803525,1791066516805841,2316,0,2,16850,16850,7331,16472,3516,34490
3,1804,1803,1791066516853525,1791066516855407,1882,0,3,16954,16954,7376,16640,3548,34740
3,1805,1804,1791066516903525,1791066516905445,1920,0,4,16812,16812,7330,16503,3479,34130
3,1806,1805,1791066516953525,1791066516954958,1433,0,5,16840,16840,7491,16598,3623,35590
3,1807,1806,1791066517003525,1791066517005506,1981,0,6,16741,16741,7287,16490,3489,34290
3,1808,1807,1791066517053525,1791066517054984,1459,0,7,16878,16878,7418,16588,3475,34110
3,1809,1808,1791066517103525,1791066517105361,1836,0,8,16971,16971,7357,16691,3464,34060
3,1810,1809,1791066517153525,1791066517155727,2202,0,9,16802,16802,7207,16502,3342,32770
3,1811,1810,1791066517203525,1791066517205301,1776,0,10,16824,16824,7115,16493,3262,32090
3,1812,1811,1791066517253525,1791066517254872,1347,0,11,16857,16857,7167,16525,3304,32390
3,1813,1812,1791066517303525,1791066517305306,1781,0,12,17012,17012,7239,16680,3305,32350
3,1814,1813,1791066517353525,1791066517355260,1735,0,13,16858,16858,7104,16492,3186,31190
3,1815,1814,1791066517403525,1791066517405484,1959,0,14,16882,16882,7125,16452,3174,31130
3,1816,1815,1791066517453525,1791066517454979,1454,0,15,16852,16852,7090,16486,3205,31480
3,1817,1816,1791066517503525,1791066517504881,1356,0,16,16993,16993,7021,16527,3177,31190
3,1818,1817,1791066517553525,1791066517555515,1990,0,17,16754,16754,7022,16340,3194,31330
3,1819,1818,1791066517603525,1791066517605033,1508,0,18,16977,16977,7152,16621,3267,32050
3,1820,1819,1791066517653525,1791066517654805,1280,0,19,16934,16934,7298,16469,3346,32700
3,1821,1820,1791066517703525,1791066517705332,1807,0,0,16732,16732,7157,16243,3258,31940
3,1822,1821,1791066517753525,1791066517755422,1897,0,1,16977,16977,7309,16489,3398,33421
3,1823,1822,1791066517803525,1791066517805088,1563,0,2,16850,16850,7377,16444,3540,34680
3,1824,1823,1791066517853525,1791066517855103,1578,0,3,16954,16954,7426,16608,3559,34941
3,1825,1824,1791066517903525,1791066517905452,1927,0,4,16812,16812,7376,16478,3505,34360
3,1826,1825,1791066517953525,1791066517955777,2252,0,5,16840,16840,7540,16576,3661,35860
3,1827,1826,1791066518003525,1791066518005096,1571,0,6,16741,16741,7335,16468,3526,34560
3,1828,1827,1791066518053525,1791066518055205,1680,0,7,16878,16878,7468,16562,3496,34310
3,1829,1828,1791066518103525,1791066518105139,1614,0,8,16971,16971,7406,16664,3503,34270
3,1830,1829,1791066518153525,1791066518155486,1961,0,9,16802,16802,7254,16482,3377,33030
3,1831,1830,1791066518203525,1791066518205382,1857,0,10,16824,16824,7159,16475,3294,32330
3,1832,1831,1791066518253525,1791066518254977,1452,0,11,16857,16857,7213,16497,3321,32600
3,1833,1832,1791066518303525,1791066518305700,2175,0,12,17012,17012,7284,16658,3326,32600
3,1834,1833,1791066518353525,1791066518355214,1689,0,13,16858,16858,7147,16470,3209,31420
3,1835,1834,1791066518403525,1791066518405912,2387,0,14,16882,16882,7170,16430,3198,31370
3,1836,1835,1791066518453525,1791066518455153,1628,0,15,16852,16852,7133,16463,3228,31675
3,1837,1836,1791066518503525,1791066518504888,1363,0,16,16993,16993,7063,16510,3199,31440
3,1838,1837,1791066518553525,1791066518554853,1328,0,17,16754,16754,7064,16326,3225,31620
3,1839,1838,1791066518603525,1791066518605051,1526,0,18,16977,16977,7198,16600,3288,32290
3,1840,1839,1791066518653525,1791066518655307,1782,0,19,16934,16934,7343,16447,3361,32931
3,1841,1840,1791066518703525,1791066518705694,2169,0,0,16732,16732,7199,16223,3276,32180
3,1842,1841,1791066518753525,1791066518755435,1910,0,1,16977,16977,7353,16469,3419,33690
3,1843,1842,1791066518803525,1791066518805052,1527,0,2,16850,16850,7424,16417,3562,34910
3,1844,1843,1791066518853525,1791066518855054,1529,0,3,16954,16954,7475,16585,3591,35220
3,1845,1844,1791066518903525,1791066518905661,2136,0,4,16812,16812,7424,16449,3527,34580
3,1846,1845,1791066518953525,1791066518955447,1922,0,5,16840,16840,7589,16551,3679,36100
3,1847,1846,1791066519003525,1791066519005726,2201,0,6,16741,16741,7383,16444,3546,34810
3,1848,1847,1791066519053525,1791066519054900,1375,0,7,16878,16878,7515,16543,3523,34581
3,1849,1848,1791066519103525,1791066519105678,2153,0,8,16971,16971,7454,16638,3517,34500
3,1850,1849,1791066519153525,1791066519155843,2318,0,9,16802,16802,7300,16456,3388,33270
3,1851,1850,1791066519203525,1791066519205056,1531,0,10,16824,16824,7202,16454,3325,32580
3,1852,1851,1791066519253525,1791066519254984,1459,0,11,16857,16857,7259,16484,3354,32920
3,1853,1852,1791066519303525,1791066519305034,1509,0,12,17012,17012,7330,16638,3357,32860
3,1854,1853,1791066519353525,1791066519355751,2226,0,13,16858,16858,7191,16442,3227,31600
3,1855,1854,1791066519403525,1791066519405270,1745,0,14,16882,16882,7215,16411,3226,31630
3,1856,1855,1791066519453525,1791066519455013,1488,0,15,16852,16852,7177,16443,3259,31918
3,1857,1856,1791066519503525,1791066519505357,1832,0,16,16993,16993,7105,16498,3231,31750
3,1858,1857,1791066519553525,1791066519555392,1867,0,17,16754,16754,7106,16311,3260,31930
3,1859,1858,1791066519603525,1791066519605443,1918,0,18,16977,16977,7243,16580,3306,32520
3,1860,1859,1791066519653525,1791066519655091,1566,0,19,16934,16934,7388,16425,3397,33190
3,1861,1860,1791066519703525,1791066519705612,2087,0,0,16732,16732,7243,16203,3307,32430
3,1862,1861,1791066519753525,1791066519755572,2047,0,1,16977,16977,7399,16451,3462,33940
3,1863,1862,1791066519803525,1791066519807329,3804,0,2,16850,16850,7474,16390,3584,35140
3,1864,1863,1791066519853525,1791066519855326,1801,0,3,16954,16954,7523,16564,3608,35481
3,1865,1864,1791066519903525,1791066519904945,1420,0,4,16812,16812,7473,16425,3554,34880
3,1866,1865,1791066519953525,1791066519955745,2220,0,5,16840,16840,7638,16521,3694,36310
3,1867,1866,1791066520003525,1791066520005863,2338,0,6,16741,16741,7431,16421,3584,35070
3,1868,1867,1791066520053525,1791066520056855,3330,0,7,16878,16878,7561,16518,3556,34840
3,1869,1868,1791066520103525,1791066520105729,2204,0,8,16971,16971,7503,16613,3541,34720
3,1870,1869,1791066520153525,1791066520155763,2238,0,9,16802,16802,7349,16437,3423,33540
3,1871,1870,1791066520203525,1791066520205344,1819,0,10,16824,16824,7248,16440,3359,32873
3,1872,1871,1791066520253525,1791066520255316,1791,0,11,16857,16857,7303,16460,3377,33151
3,1873,1872,1791066520303525,1791066520305420,1895,0,12,17012,17012,7376,16615,3373,33100
3,1874,1873,1791066520353525,1791066520355782,2257,0,13,16858,16858,7235,16423,3246,31830
3,1875,1874,1791066520403525,1791066520405680,2155,0,14,16882,16882,7260,16386,3258,31830
3,1876,1875,1791066520453525,1791066520455032,1507,0,15,16852,16852,7222,16418,3285,32122
3,1877,1876,1791066520503525,1791066520504986,1461,0,16,16993,16993,7148,16487,3270,32060
3,1878,1877,1791066520553525,1791066520555730,2205,0,17,16754,16754,7152,16291,3278,32180
3,1879,1878,1791066520603525,1791066520605072,1547,0,18,16977,16977,7286,16566,3343,32800
3,1880,1879,1791066520653525,1791066520655215,1690,0,19,16934,16934,7435,16402,3402,33421
3,1881,1880,1791066520703525,1791066520705656,2131,0,0,16732,16732,7289,16185,3328,32686
3,1882,1881,1791066520753525,1791066520755128,1603,0,1,16977,16977,7442,16427,3485,34162
3,1883,1882,1791066520803525,1791066520805629,2104,0,2,16850,16850,7523,16369,3605,35400
3,1884,1883,1791066520853525,1791066520855399,1874,0,3,16954,16954,7571,16541,3649,35702
3,1885,1884,1791066520903525,1791066520905840,2315,0,4,16812,16812,7526,16402,3574,35100
3,1886,1885,1791066520953525,1791066520954993,1468,0,5,16840,16840,7687,16494,3714,36550
3,1887,1886,1791066521003525,1791066521005707,2182,0,6,16741,16741,7480,16397,3601,35320
3,1888,1887,1791066521053525,1791066521055033,1508,0,7,16878,16878,7611,16497,3588,35120
3,1889,1888,1791066521103525,1791066521104879,1354,0,8,16971,16971,7548,16590,3564,34980
3,1890,1889,1791066521153525,1791066521155352,1827,0,9,16802,16802,7393,16413,3442,33810
3,1891,1890,1791066521203525,1791066521205403,1878,0,10,16824,16824,7291,16414,3371,33110
3,1892,1891,1791066521253525,1791066521255210,1685,0,11,16857,16857,7350,16433,3398,33340
3,1893,1892,1791066521303525,1791066521305386,1861,0,12,17012,17012,7423,16588,3400,33290
3,1894,1893,1791066521353525,1791066521355911,2386,0,13,16858,16858,7277,16404,3274,32070
3,1895,1894,1791066521403525,1791066521405745,2220,0,14,16882,16882,7305,16362,3270,32050
3,1896,1895,1791066521453525,1791066521455052,1527,0,15,16852,16852,7267,16406,3316,32443
3,1897,1896,1791066521503525,1791066521504981,1456,0,16,16993,16993,7190,16464,3290,32320
3,1898,1897,1791066521553525,1791066521555318,1793,0,17,16754,16754,7197,16268,3302,32420
3,1899,1898,1791066521603525,1791066521605370,1845,0,18,16977,16977,7328,16550,3367,33100
3,1900,1899,1791066521653525,1791066521655213,1688,0,19,16934,16934,7482,16386,3433,33700
3,1901,1900,1791066521703525,1791066521705376,1851,0,0,16732,16732,7331,16164,3356,32930
3,1902,1901,1791066521753525,1791066521754954,1429,0,1,16977,16977,7489,16403,3508,34405
3,1903,1902,1791066521803525,1791066521805381,1856,0,2,16850,16850,7569,16345,3634,35640
3,1904,1903,1791066521853525,1791066521855573,2048,0,3,16954,16954,7617,16517,3674,35951
3,1905,1904,1791066521903525,1791066521905033,1508,0,4,16812,16812,7571,16380,3606,35380
3,1906,1905,1791066521953525,1791066521955536,2011,0,5,16840,16840,7738,16470,3750,36790
3,1907,1906,1791066522003525,1791066522005663,2138,0,6,16741,16741,7529,16379,3628,35620
3,1908,1907,1791066522053525,1791066522055881,2356,0,7,16878,16878,7659,16475,3610,35390
3,1909,1908,1791066522103525,1791066522105123,1598,0,8,16971,16971,7595,16568,3595,35250
3,1910,1909,1791066522153525,1791066522157267,3742,0,9,16802,16802,7444,16386,3460,34020
3,1911,1910,1791066522203525,1791066522205556,2031,0,10,16824,16824,7338,16395,3405,33370
3,1912,1911,1791066522253525,1791066522254949,1424,0,11,16857,16857,7395,16414,3429,33620
3,1913,1912,1791066522303525,1791066522305569,2044,0,12,17012,17012,7469,16570,3428,33581
3,1914,1913,1791066522353525,1791066522355406,1881,0,13,16858,16858,7320,16385,3293,32320
3,1915,1914,1791066522403525,1791066522405908,2383,0,14,16882,16882,7351,16346,3295,32350
3,1916,1915,1791066522453525,1791066522477050,23525,0,15,16852,16852,7311,16382,3330,32685
3,1917,1916,1791066522503525,1791066522522829,19304,0,16,16993,16993,7237,16439,3327,32530
3,1918,1917,1791066522553525,1791066522569227,15702,0,17,16754,16754,7244,16245,3327,32620
3,1919,1918,1791066522603525,1791066522617602,14077,0,18,16977,16977,7374,16533,3411,33370
3,1920,1919,1791066522653525,1791066522662214,8689,0,19,16934,16934,7526,16366,3461,33971
3,1921,1920,1791066522703525,1791066522708388,4863,0,0,16732,16732,7377,16144,3383,33236
3,1922,1921,1791066522753525,1791066522754909,1384,0,1,16977,16977,7536,16389,3548,34732
3,1923,1922,1791066522803525,1791066522805551,2026,0,2,16850,16850,7617,16326,3668,35940
3,1924,1923,1791066522853525,1791066522855250,1725,0,3,16954,16954,7664,16493,3690,36244
3,1925,1924,1791066522903525,1791066522907629,4104,0,4,16812,16812,7621,16357,3634,35650
3,1926,1925,1791066522953525,1791066522955799,2274,0,5,16840,16840,7786,16446,3780,37050
3,1927,1926,1791066523003525,1791066523006782,3257,0,6,16741,16741,7576,16353,3664,35860
3,1928,1927,1791066523053525,1791066523055123,1598,0,7,16878,16878,7709,16449,3633,35630
3,1929,1928,1791066523103525,1791066523105628,2103,0,8,16971,16971,7644,16544,3626,35520
3,1930,1929,1791066523153525,1791066523155779,2254,0,9,16802,16802,7491,16362,3488,34250
3,1931,1930,1791066523203525,1791066523205286,1761,0,10,16824,16824,7384,16372,3430,33610
3,1932,1931,1791066523253525,1791066523255215,1690,0,11,16857,16857,7440,16402,3466,33940
3,1933,1932,1791066523303525,1791066523305669,2144,0,12,17012,17012,7515,16546,3458,33830
3,1934,1933,1791066523353525,1791066523355329,1804,0,13,16858,16858,7363,16366,3323,32590
3,1935,1934,1791066523403525,1791066523407324,3799,0,14,16882,16882,7396,16324,3327,32580
3,1936,1935,1791066523453525,1791066523457049,3524,0,15,16852,16852,7359,16362,3363,32960
3,1937,1936,1791066523503525,1791066523505083,1558,0,16,16993,16993,7283,16412,3339,32770
3,1938,1937,1791066523553525,1791066523555653,2128,0,17,16754,16754,7287,16226,3360,32880
3,1939,1938,1791066523603525,1791066523605767,2242,0,18,16977,16977,7418,16511,3429,33660
3,1940,1939,1791066523653525,1791066523655331,1806,0,19,16934,16934,7572,16338,3484,34180
3,1941,1940,1791066523703525,1791066523705797,2272,0,0,16732,16732,7426,16129,3424,33529
3,1942,1941,1791066523753525,1791066523755502,1977,0,1,16977,16977,7583,16362,3567,34990
3,1943,1942,1791066523803525,1791066523805063,1538,0,2,16850,16850,7666,16300,3695,36210
3,1944,1943,1791066523853525,1791066523854888,1363,0,3,16954,16954,7717,16471,3722,36511
3,1945,1944,1791066523903525,1791066523905694,2169,0,4,16812,16812,7669,16328,3657,35840
3,1946,1945,1791066523953525,1791066523955008,1483,0,5,16840,16840,7835,16425,3813,37360
3,1947,1946,1791066524003525,1791066524005759,2234,0,6,16741,16741,7625,16329,3681,36120
3,1948,1947,1791066524053525,1791066524055230,1705,0,7,16878,16878,7757,16424,3660,35870
3,1949,1948,1791066524103525,1791066524105051,1526,0,8,16971,16971,7694,16512,3645,35710
3,1950,1949,1791066524153525,1791066524155787,2262,0,9,16802,16802,7538,16340,3511,34510
3,1951,1950,1791066524203525,1791066524205680,2155,0,10,16824,16824,7431,16350,3462,33900
3,1952,1951,1791066524253525,1791066524255732,2207,0,11,16857,16857,7485,16382,3493,34250
3,1953,1952,1791066524303525,1791066524305812,2287,0,12,17012,17012,7564,16520,3478,34051
3,1954,1953,1791066524353525,1791066524355352,1827,0,13,16858,16858,7409,16345,3345,32830
3,1955,1954,1791066524403525,1791066524404965,1440,0,14,16882,16882,7441,16303,3341,32840
3,1956,1955,1791066524453525,1791066524455460,1935,0,15,16852,16852,7405,16339,3388,33200
3,1957,1956,1791066524503525,1791066524505489,1964,0,16,16993,16993,7332,16385,3365,32990
3,1958,1957,1791066524553525,1791066524556231,2706,0,17,16754,16754,7332,16211,3374,33190
3,1959,1958,1791066524603525,1791066524604932,1407,0,18,16977,16977,7469,16483,3446,33860
3,1960,1959,1791066524653525,1791066524655098,1573,0,19,16934,16934,7620,16314,3508,34411
3,1961,1960,1791066524703525,1791066524705433,1908,0,0,16732,16732,7470,16102,3439,33739
3,1962,1961,1791066524753525,1791066524755020,1495,0,1,16977,16977,7633,16344,3610,35307
3,1963,1962,1791066524803525,1791066524804935,1410,0,2,16850,16850,7718,16281,3728,36520
3,1964,1963,1791066524853525,1791066524855563,2038,0,3,16954,16954,7764,16444,3756,36754
3,1965,1964,1791066524903525,1791066524905751,2226,0,4,16812,16812,7717,16307,3684,36130
3,1966,1965,1791066524953525,1791066524956324,2799,0,5,16840,16840,7886,16401,3851,37640
3,1967,1966,1791066525003525,1791066525005411,1886,0,6,16741,16741,7674,16302,3709,36350
3,1968,1967,1791066525053525,1791066525055450,1925,0,7,16878,16878,7807,16395,3684,36081
3,1969,1968,1791066525103525,1791066525105548,2023,0,8,16971,16971,7744,16494,3679,36040
3,1970,1969,1791066525153525,1791066525155678,2153,0,9,16802,16802,7586,16313,3540,34720
3,1971,1970,1791066525203525,1791066525205233,1708,0,10,16824,16824,7482,16326,3486,34140
3,1972,1971,1791066525253525,1791066525255090,1565,0,11,16857,16857,7535,16356,3513,34480
3,1973,1972,1791066525303525,1791066525305751,2226,0,12,17012,17012,7611,16493,3495,34260
3,1974,1973,1791066525353525,1791066525355150,1625,0,13,16858,16858,7454,16323,3367,33090
3,1975,1974,1791066525403525,1791066525406062,2537,0,14,16882,16882,7486,16281,3370,33070
3,1976,1975,1791066525453525,1791066525454835,1310,0,15,16852,16852,7453,16320,3411,33471
3,1977,1976,1791066525503525,1791066525504946,1421,0,16,16993,16993,7380,16362,3397,33240
3,1978,1977,1791066525553525,1791066525554973,1448,0,17,16754,16754,7378,16186,3405,33390
3,1979,1978,1791066525603525,1791066525605635,2110,0,18,16977,16977,7517,16460,3475,34100
3,1980,1979,1791066525653525,1791066525655562,2037,0,19,16934,16934,7667,16294,3531,34690
3,1981,1980,1791066525703525,1791066525705029,1504,0,0,16732,16732,7516,16081,3473,34010
3,1982,1981,1791066525753525,1791066525755323,1798,0,1,16977,16977,7682,16320,3628,35540
3,1983,1982,1791066525803525,1791066525805647,2122,0,2,16850,16850,7768,16265,3757,36870
3,1984,1983,1791066525853525,1791066525855165,1640,0,3,16954,16954,7816,16423,3771,37060
3,1985,1984,1791066525903525,1791066525905127,1602,0,4,16812,16812,7767,16282,3702,36390
3,1986,1985,1791066525953525,1791066525955412,1887,0,5,16840,16840,7938,16375,3856,37900
3,1987,1986,1791066526003525,1791066526005901,2376,0,6,16741,16741,7724,16281,3732,36640
3,1988,1987,1791066526053525,1791066526055189,1664,0,7,16878,16878,7856,16366,3708,36320
3,1989,1988,1791066526103525,1791066526105638,2113,0,8,16971,16971,7795,16467,3698,36280
3,1990,1989,1791066526153525,1791066526155453,1928,0,9,16802,16802,7633,16288,3573,34980
3,1991,1990,1791066526203525,1791066526207843,4318,0,10,16824,16824,7530,16302,3497,34400
3,1992,1991,1791066526253525,1791066526262481,8956,0,11,16857,16857,7584,16330,3542,34711
3,1993,1992,1791066526303525,1791066526318512,14987,0,12,17012,17012,7657,16468,3510,34500
3,1994,1993,1791066526353525,1791066526364246,10721,0,13,16858,16858,7501,16300,3396,33310
3,1995,1994,1791066526403525,1791066526410666,7141,0,14,16882,16882,7531,16259,3395,33300
3,1996,1995,1791066526453525,1791066526461258,7733,0,15,16852,16852,7500,16289,3427,33670
3,1997,1996,1791066526503525,1791066526505642,2117,0,16,16993,16993,7426,16339,3426,33500
3,1998,1997,1791066526553525,1791066526555008,1483,0,17,16754,16754,7423,16168,3440,33650
3,1999,1998,1791066526603525,1791066526606876,3351,0,18,16977,16977,7564,16438,3505,34360
3,2000,1999,1791066526653525,1791066526655362,1837,0,19,16934,16934,7714,16269,3569,34911
3,2001,2000,1791066526703525,1791066526705483,1958,0,0,16732,16732,7563,16052,3490,34210
3,2002,2001,1791066526753525,1791066526754889,1364,0,1,16977,16977,7729,16301,3643,35808
3,2003,2002,1791066526803525,1791066526804929,1404,0,2,16850,16850,7819,16243,3789,37160
3,2004,2003,1791066526853525,1791066526855013,1488,0,3,16954,16954,7866,16398,3811,37310
3,2005,2004,1791066526903525,1791066526905819,2294,0,4,16812,16812,7817,16257,3730,36640
3,2006,2005,1791066526953525,1791066526955536,2011,0,5,16840,16840,7990,16346,3883,38130
3,2007,2006,1791066527003525,1791066527005259,1734,0,6,16741,16741,7774,16259,3757,36940
3,2008,2007,1791066527053525,1791066527055007,1482,0,7,16878,16878,7907,16338,3727,36541
3,2009,2008,1791066527103525,1791066527105317,1792,0,8,16971,16971,7846,16433,3718,36470
3,2010,2009,1791066527153525,1791066527155482,1957,0,9,16802,16802,7683,16267,3598,35290
3,2011,2010,1791066527203525,1791066527205255,1730,0,10,16824,16824,7578,16279,3543,34663
3,2012,2011,1791066527253525,1791066527254973,1448,0,11,16857,16857,7633,16298,3559,34910
3,2013,2012,1791066527303525,1791066527305436,1911,0,12,17012,17012,7703,16448,3541,34780
3,2014,2013,1791066527353525,1791066527355715,2190,0,13,16858,16858,7546,16274,3421,33510
3,2015,2014,1791066527403525,1791066527404917,1392,0,14,16882,16882,7576,16232,3420,33510
3,2016,2015,1791066527453525,1791066527455073,1548,0,15,16852,16852,7549,16268,3457,33921
3,2017,2016,1791066527503525,1791066527504873,1348,0,16,16993,16993,7475,16314,3442,33730
3,2018,2017,1791066527553525,1791066527555805,2280,0,17,16754,16754,7467,16154,3464,33970
3,2019,2018,1791066527603525,1791066527605490,1965,0,18,16977,16977,7612,16420,3534,34640
3,2020,2019,1791066527653525,1791066527655278,1753,0,19,16934,16934,7761,16241,3585,35150
3,2021,2020,1791066527703525,1791066527705751,2226,0,0,16732,16732,7612,16028,3519,34469
3,2022,2021,1791066527753525,1791066527755883,2358,0,1,16977,16977,7774,16283,3678,36120
3,2023,2022,1791066527803525,1791066527805438,1913,0,2,16850,16850,7870,16217,3813,37410
3,2024,2023,1791066527853525,1791066527854992,1467,0,3,16954,16954,7916,16368,3830,37550
3,2025,2024,1791066527903525,1791066527904987,1462,0,4,16812,16812,7867,16236,3768,36920
3,2026,2025,1791066527953525,1791066527955265,1740,0,5,16840,16840,8041,16323,3931,38440
3,2027,2026,1791066528003525,1791066528005559,2034,0,6,16741,16741,7826,16231,3784,37170
3,2028,2027,1791066528053525,1791066528055441,1916,0,7,16878,16878,7957,16308,3745,36760
3,2029,2028,1791066528103525,1791066528105891,2366,0,8,16971,16971,7899,16399,3739,36650
3,2030,2029,1791066528153525,1791066528155396,1871,0,9,16802,16802,7735,16242,3624,35530
3,2031,2030,1791066528203525,1791066528205205,1680,0,10,16824,16824,7626,16261,3570,34980
3,2032,2031,1791066528253525,1791066528255347,1822,0,11,16857,16857,7684,16277,3592,35181
3,2033,2032,1791066528303525,1791066528306692,3167,0,12,17012,17012,7750,16431,3576,35075
3,2034,2033,1791066528353525,1791066528355183,1658,0,13,16858,16858,7591,16252,3455,33790
3,2035,2034,1791066528403525,1791066528405155,1630,0,14,16882,16882,7623,16212,3437,33750
3,2036,2035,1791066528453525,1791066528455052,1527,0,15,16852,16852,7596,16248,3499,34198
3,2037,2036,1791066528503525,1791066528505500,1975,0,16,16993,16993,7522,16293,3478,33990
3,2038,2037,1791066528553525,1791066528555333,1808,0,17,16754,16754,7513,16131,3487,34220
3,2039,2038,1791066528603525,1791066528605442,1917,0,18,16977,16977,7657,16399,3550,34900
3,2040,2039,1791066528653525,1791066528655533,2008,0,19,16934,16934,7811,16216,3616,35411
3,2041,2040,1791066528703525,1791066528705786,2261,0,0,16732,16732,7659,16006,3531,34716
3,2042,2041,1791066528753525,1791066528755227,1702,0,1,16977,16977,7822,16264,3713,36430
3,2043,2042,1791066528803525,1791066528805014,1489,0,2,16850,16850,7921,16190,3839,37670
3,2044,2043,1791066528853525,1791066528854947,1422,0,3,16954,16954,7968,16353,3870,37910
3,2045,2044,1791066528903525,1791066528905246,1721,0,4,16812,16812,7915,16208,3791,37150
3,2046,2045,1791066528953525,1791066528955745,2220,0,5,16840,16840,8095,16297,3953,38720
3,2047,2046,1791066529003525,1791066529005773,2248,0,6,16741,16741,7877,16209,3818,37470
3,2048,2047,1791066529053525,1791066529055086,1561,0,7,16878,16878,8009,16275,3767,36960
3,2049,2048,1791066529103525,1791066529105115,1590,0,8,16971,16971,7949,16378,3784,36940
3,2050,2049,1791066529153525,1791066529155677,2152,0,9,16802,16802,7784,16216,3653,35750
3,2051,2050,1791066529203525,1791066529205364,1839,0,10,16824,16824,7676,16237,3604,35260
3,2052,2051,1791066529253525,1791066529255370,1845,0,11,16857,16857,7731,16253,3610,35430
3,2053,2052,1791066529303525,1791066529305480,1955,0,12,17012,17012,7797,16407,3598,35330
3,2054,2053,1791066529353525,1791066529354975,1450,0,13,16858,16858,7640,16229,3472,34010
3,2055,2054,1791066529403525,1791066529405097,1572,0,14,16882,16882,7667,16194,3469,34030
3,2056,2055,1791066529453525,1791066529454845,1320,0,15,16852,16852,7642,16226,3510,34480
3,2057,2056,1791066529503525,1791066529505178,1653,0,16,16993,16993,7569,16268,3490,34270
3,2058,2057,1791066529553525,1791066529555726,2201,0,17,16754,16754,7561,16111,3517,34510
3,2059,2058,1791066529603525,1791066529605332,1807,0,18,16977,16977,7704,16377,3589,35150
3,2060,2059,1791066529653525,1791066529655299,1774,0,19,16934,16934,7862,16188,3629,35620
3,2061,2060,1791066529703525,1791066529705416,1891,0,0,16732,16732,7705,15987,3560,34986
3,2062,2061,1791066529753525,1791066529755546,2021,0,1,16977,16977,7872,16240,3741,36694
3,2063,2062,1791066529803525,1791066529804914,1389,0,2,16850,16850,7974,16160,3862,37916
3,2064,2063,1791066529853525,1791066529855534,2009,0,3,16954,16954,8019,16329,3910,38221
3,2065,2064,1791066529903525,1791066529905225,1700,0,4,16812,16812,7966,16184,3815,37430
3,2066,2065,1791066529953525,1791066529955456,1931,0,5,16840,16840,8149,16269,3982,38960
3,2067,2066,1791066530003525,1791066530005799,2274,0,6,16741,16741,7929,16189,3846,37790
3,2068,2067,1791066530053525,1791066530055150,1625,0,7,16878,16878,8061,16252,3797,37230
3,2069,2068,1791066530103525,1791066530105875,2350,0,8,16971,16971,7999,16347,3793,37190
3,2070,2069,1791066530153525,1791066530155121,1596,0,9,16802,16802,7832,16193,3674,36030
3,2071,2070,1791066530203525,1791066530205883,2358,0,10,16824,16824,7728,16218,3620,35560
3,2072,2071,1791066530253525,1791066530255904,2379,0,11,16857,16857,7779,16232,3641,35731
3,2073,2072,1791066530303525,1791066530305088,1563,0,12,17012,17012,7846,16381,3619,35550
3,2074,2073,1791066530353525,1791066530355154,1629,0,13,16858,16858,7685,16207,3504,34280
3,2075,2074,1791066530403525,1791066530405375,1850,0,14,16882,16882,7713,16178,3505,34340
3,2076,2075,1791066530453525,1791066530455036,1511,0,15,16852,16852,7693,16205,3540,34733
3,2077,2076,1791066530503525,1791066530505736,2211,0,16,16993,16993,7619,16249,3512,34540
3,2078,2077,1791066530553525,1791066530555313,1788,0,17,16754,16754,7610,16092,3546,34800
3,2079,2078,1791066530603525,1791066530605609,2084,0,18,16977,16977,7751,16357,3625,35440
3,2080,2079,1791066530653525,1791066530655128,1603,0,19,16934,16934,7911,16161,3655,35871
3,2081,2080,1791066530703525,1791066530706534,3009,0,0,16732,16732,7751,15966,3603,35278
3,2082,2081,1791066530753525,1791066530755606,2081,0,1,16977,16977,7924,16207,3766,36930
3,2083,2082,1791066530803525,1791066530805693,2168,0,2,16850,16850,8028,16135,3892,38204
3,2084,2083,1791066530853525,1791066530855676,2151,0,3,16954,16954,8074,16299,3919,38480
3,2085,2084,1791066530903525,1791066530905598,2073,0,4,16812,16812,8018,16158,3839,37710
3,2086,2085,1791066530953525,1791066530955457,1932,0,5,16840,16840,8200,16245,4006,39270
3,2087,2086,1791066531003525,1791066531005721,2196,0,6,16741,16741,7980,16167,3877,38100
3,2088,2087,1791066531053525,1791066531055130,1605,0,7,16878,16878,8111,16227,3832,37520
3,2089,2088,1791066531103525,1791066531105188,1663,0,8,16971,16971,8054,16325,3823,37470
3,2090,2089,1791066531153525,1791066531155111,1586,0,9,16802,16802,7882,16166,3695,36280
3,2091,2090,1791066531203525,1791066531205586,2061,0,10,16824,16824,7775,16197,3663,35860
3,2092,2091,1791066531253525,1791066531254930,1405,0,11,16857,16857,7830,16213,3669,36020
3,2093,2092,1791066531303525,1791066531304947,1422,0,12,17012,17012,7894,16363,3657,35879
3,2094,2093,1791066531353525,1791066531355491,1966,0,13,16858,16858,7732,16177,3523,34490
3,2095,2094,1791066531403525,1791066531405479,1954,0,14,16882,16882,7760,16158,3527,34620
3,2096,2095,1791066531453525,1791066531454994,1469,0,15,16852,16852,7740,16186,3576,35039
3,2097,2096,1791066531503525,1791066531505185,1660,0,16,16993,16993,7665,16229,3564,34820
3,2098,2097,1791066531553525,1791066531555136,1611,0,17,16754,16754,7658,16063,3569,35030
3,2099,2098,1791066531603525,1791066531605496,1971,0,18,16977,16977,7800,16327,3643,35680
3,2100,2099,1791066531653525,1791066531655295,1770,0,19,16934,16934,7963,16137,3693,36140
3,2101,2100,1791066531703525,1791066531705833,2308,0,0,16732,16732,7800,15934,3614,35474
3,2102,2101,1791066531753525,1791066531755466,1941,0,1,16977,16977,7979,16182,3791,37207
3,2103,2102,1791066531803525,1791066531805539,2014,0,2,16850,16850,8082,16101,3913,38393
3,2104,2103,1791066531853525,1791066531855280,1755,0,3,16954,16954,8130,16268,3947,38731
3,2105,2104,1791066531903525,1791066531905078,1553,0,4,16812,16812,8071,16135,3885,38000
3,2106,2105,1791066531953525,1791066531955360,1835,0,5,16840,16840,8255,16216,4036,39520
3,2107,2106,1791066532003525,1791066532005661,2136,0,6,16741,16741,8033,16136,3915,38350
3,2108,2107,1791066532053525,1791066532055199,1674,0,7,16878,16878,8164,16198,3860,37760
3,2109,2108,1791066532103525,1791066532105210,1685,0,8,16971,16971,8104,16302,3853,37750
3,2110,2109,1791066532153525,1791066532155119,1594,0,9,16802,16802,7934,16140,3728,36540
3,2111,2110,1791066532203525,1791066532204936,1411,0,10,16824,16824,7824,16178,3687,36190
3,2112,2111,1791066532253525,1791066532255271,1746,0,11,16857,16857,7878,16187,3700,36291
3,2113,2112,1791066532303525,1791066532305877,2352,0,12,17012,17012,7945,16340,3679,36140
3,2114,2113,1791066532353525,1791066532354936,1411,0,13,16858,16858,7782,16160,3558,34790
3,2115,2114,1791066532403525,1791066532405300,1775,0,14,16882,16882,7807,16138,3567,34900
3,2116,2115,1791066532453525,1791066532455515,1990,0,15,16852,16852,7788,16165,3609,35311
3,2117,2116,1791066532503525,1791066532505290,1765,0,16,16993,16993,7713,16204,3589,35110
3,2118,2117,1791066532553525,1791066532555570,2045,0,17,16754,16754,7710,16048,3615,35360
3,2119,2118,1791066532603525,1791066532604864,1339,0,18,16977,16977,7853,16303,3671,35970
3,2120,2119,1791066532653525,1791066532655754,2229,0,19,16934,16934,8014,16110,3711,36360
3,2121,2120,1791066532703525,1791066532705666,2141,0,0,16732,16732,7851,15911,3648,35752
3,2122,2121,1791066532753525,1791066532755228,1703,0,1,16977,16977,8029,16163,3829,37530
3,2123,2122,1791066532803525,1791066532804866,1341,0,2,16850,16850,8135,16074,3944,38660
3,2124,2123,1791066532853525,1791066532855639,2114,0,3,16954,16954,8185,16246,3981,39040
3,2125,2124,1791066532903525,1791066532905396,1871,0,4,16812,16812,8123,16108,3902,38280
3,2126,2125,1791066532953525,1791066532955143,1618,0,5,16840,16840,8309,16190,4063,39790
3,2127,2126,1791066533003525,1791066533004961,1436,0,6,16741,16741,8089,16110,3936,38650
3,2128,2127,1791066533053525,1791066533055265,1740,0,7,16878,16878,8218,16169,3882,38011
3,2129,2128,1791066533103525,1791066533104996,1471,0,8,16971,16971,8155,16280,3883,38060
3,2130,2129,1791066533153525,1791066533155233,1708,0,9,16802,16802,7986,16119,3752,36840
3,2131,2130,1791066533203525,1791066533205302,1777,0,10,16824,16824,7876,16155,3712,36470
3,2132,2131,1791066533253525,1791066533255342,1817,0,11,16857,16857,7929,16161,3720,36560
3,2133,2132,1791066533303525,1791066533305134,1609,0,12,17012,17012,7994,16315,3710,36396
3,2134,2133,1791066533353525,1791066533355499,1974,0,13,16858,16858,7829,16141,3571,35070
3,2135,2134,1791066533403525,1791066533404954,1429,0,14,16882,16882,7855,16112,3583,35130
3,2136,2135,1791066533453525,1791066533455155,1630,0,15,16852,16852,7838,16138,3630,35557
3,2137,2136,1791066533503525,1791066533504953,1428,0,16,16993,16993,7766,16187,3615,35430
3,2138,2137,1791066533553525,1791066533555637,2112,0,17,16754,16754,7758,16026,3645,35670
3,2139,2138,1791066533603525,1791066533605146,1621,0,18,16977,16977,7905,16279,3691,36240
3,2140,2139,1791066533653525,1791066533654927,1402,0,19,16934,16934,8061,16087,3727,36600
3,2141,2140,1791066533703525,1791066533705846,2321,0,0,16732,16732,7901,15897,3678,36110
3,2142,2141,1791066533753525,1791066533755615,2090,0,1,16977,16977,8080,16144,3856,37837
3,2143,2142,1791066533803525,1791066533805164,1639,0,2,16850,16850,8187,16049,3964,38940
3,2144,2143,1791066533853525,1791066533855162,1637,0,3,16954,16954,8237,16221,4012,39330
3,2145,2144,1791066533903525,1791066533905236,1711,0,4,16812,16812,8175,16089,3932,38630
3,2146,2145,1791066533953525,1791066533957234,3709,0,5,16840,16840,8360,16170,4098,40160
3,2147,2146,1791066534003525,1791066534005736,2211,0,6,16741,16741,8145,16088,3967,38960
3,2148,2147,1791066534053525,1791066534055687,2162,0,7,16878,16878,8271,16141,3913,38260
3,2149,2148,1791066534103525,1791066534105265,1740,0,8,16971,16971,8207,16258,3908,38340
3,2150,2149,1791066534153525,1791066534155029,1504,0,9,16802,16802,8036,16097,3785,37120
3,2151,2150,1791066534203525,1791066534205221,1696,0,10,16824,16824,7927,16136,3751,36795
3,2152,2151,1791066534253525,1791066534255121,1596,0,11,16857,16857,7980,16139,3761,36840
3,2153,2152,1791066534303525,1791066534305889,2364,0,12,17012,17012,8045,16301,3745,36730
3,2154,2153,1791066534353525,1791066534355208,1683,0,13,16858,16858,7876,16115,3606,35320
3,2155,2154,1791066534403525,1791066534405337,1812,0,14,16882,16882,7903,16089,3609,35380
3,2156,2155,1791066534453525,1791066534455260,1735,0,15,16852,16852,7889,16108,3654,35772
3,2157,2156,1791066534503525,1791066534535450,31925,0,16,16993,16993,7815,16163,3639,35700
3,2158,2157,1791066534553525,1791066534582854,29329,0,17,16754,16754,7810,15997,3663,35900
3,2159,2158,1791066534603525,1791066534631491,27966,0,18,16977,16977,7956,16260,3711,36530
3,2160,2159,1791066534653525,1791066534681169,27644,0,19,16934,16934,8109,16062,3752,36870
3,2161,2160,1791066534703525,1791066534727080,23555,0,0,16732,16732,7950,15873,3700,36351
3,2162,2161,1791066534753525,1791066534772959,19434,0,1,16977,16977,8131,16117,3901,38102
3,2163,2162,1791066534803525,1791066534821484,17959,0,2,16850,16850,8240,16025,4009,39260
3,2164,2163,1791066534853525,1791066534867596,14071,0,3,16954,16954,8290,16195,4045,39605
3,2165,2164,1791066534903525,1791066534914781,11256,0,4,16812,16812,8229,16061,3955,38880
3,2166,2165,1791066534953525,1791066534958432,4907,0,5,16840,16840,8417,16138,4115,40370
3,2167,2166,1791066535003525,1791066535005000,1475,0,6,16741,16741,8198,16060,3995,39230
3,2168,2167,1791066535053525,1791066535054857,1332,0,7,16878,16878,8323,16113,3931,38511
3,2169,2168,1791066535103525,1791066535105336,1811,0,8,16971,16971,8258,16223,3937,38560
3,2170,2169,1791066535153525,1791066535155416,1891,0,9,16802,16802,8086,16065,3801,37330
3,2171,2170,1791066535203525,1791066535205521,1996,0,10,16824,16824,7977,16110,3771,37040
3,2172,2171,1791066535253525,1791066535255052,1527,0,11,16857,16857,8029,16116,3792,37130
3,2173,2172,1791066535303525,1791066535304970,1445,0,12,17012,17012,8092,16273,3765,36980
3,2174,2173,1791066535353525,1791066535355886,2361,0,13,16858,16858,7927,16093,3636,35580
3,2175,2174,1791066535403525,1791066535405522,1997,0,14,16882,16882,7951,16069,3633,35670
3,2176,2175,1791066535453525,1791066535455306,1781,0,15,16852,16852,7942,16081,3685,36011
3,2177,2176,1791066535503525,1791066535505096,1571,0,16,16993,16993,7865,16138,3665,35980
3,2178,2177,1791066535553525,1791066535555421,1896,0,17,16754,16754,7860,15972,3688,36150
3,2179,2178,1791066535603525,1791066535605230,1705,0,18,16977,16977,8004,16242,3761,36830
3,2180,2179,1791066535653525,1791066535657143,3618,0,19,16934,16934,8159,16037,3780,37110
3,2181,2180,1791066535703525,1791066535705613,2088,0,0,16732,16732,7999,15855,3733,36674
3,2182,2181,1791066535753525,1791066535755676,2151,0,1,16977,16977,8182,16092,3918,38412
3,2183,2182,1791066535803525,1791066535805821,2296,0,2,16850,16850,8295,16006,4041,39590
3,2184,2183,1791066535853525,1791066535855676,2151,0,3,16954,16954,8345,16165,4064,39867
3,2185,2184,1791066535903525,1791066535905122,1597,0,4,16812,16812,8282,16034,3990,39140
3,2186,2185,1791066535953525,1791066535955779,2254,0,5,16840,16840,8470,16115,4150,40700
3,2187,2186,1791066536003525,1791066536004931,1406,0,6,16741,16741,8253,16028,4028,39480
3,2188,2187,1791066536053525,1791066536055317,1792,0,7,16878,16878,8377,16089,3945,38790
3,2189,2188,1791066536103525,1791066536105639,2114,0,8,16971,16971,8314,16200,3953,38840
3,2190,2189,1791066536153525,1791066536155069,1544,0,9,16802,16802,8139,16040,3844,37600
3,2191,2190,1791066536203525,1791066536204977,1452,0,10,16824,16824,8028,16085,3817,37300
3,2192,2191,1791066536253525,1791066536255059,1534,0,11,16857,16857,8080,16093,3826,37440
3,2193,2192,1791066536303525,1791066536305684,2159,0,12,17012,17012,8145,16246,3792,37210
3,2194,2193,1791066536353525,1791066536355716,2191,0,13,16858,16858,7975,16068,3652,35840
3,2195,2194,1791066536403525,1791066536405287,1762,0,14,16882,16882,8000,16046,3670,35970
3,2196,2195,1791066536453525,1791066536454911,1386,0,15,16852,16852,7992,16054,3703,36279
3,2197,2196,1791066536503525,1791066536505727,2202,0,16,16993,16993,7916,16114,3704,36250
3,2198,2197,1791066536553525,1791066536555332,1807,0,17,16754,16754,7910,15948,3723,36420
3,2199,2198,1791066536603525,1791066536605252,1727,0,18,16977,16977,8052,16218,3780,37090
3,2200,2199,1791066536653525,1791066536655373,1848,0,19,16934,16934,8209,16014,3811,37381
3,2201,2200,1791066536703525,1791066536705439,1914,0,0,16732,16732,8049,15833,3762,36946
3,2202,2201,1791066536753525,1791066536755760,2235,0,1,16977,16977,8236,16064,3937,38687
3,2203,2202,1791066536803525,1791066536805367,1842,0,2,16850,16850,8346,15978,4059,39890
3,2204,2203,1791066536853525,1791066536855013,1488,0,3,16954,16954,8400,16133,4095,40113
3,2205,2204,1791066536903525,1791066536904915,1390,0,4,16812,16812,8335,16004,4017,39380
3,2206,2205,1791066536953525,1791066536955677,2152,0,5,16840,16840,8526,16090,4183,41000
3,2207,2206,1791066537003525,1791066537005265,1740,0,6,16741,16741,8310,16003,4049,39790
3,2208,2207,1791066537053525,1791066537055288,1763,0,7,16878,16878,8428,16066,3996,39081
3,2209,2208,1791066537103525,1791066537105473,1948,0,8,16971,16971,8365,16179,3986,39150
3,2210,2209,1791066537153525,1791066537155679,2154,0,9,16802,16802,8191,16012,3855,37870
3,2211,2210,1791066537203525,1791066537205770,2245,0,10,16824,16824,8079,16065,3842,37650
3,2212,2211,1791066537253525,1791066537255693,2168,0,11,16857,16857,8133,16073,3870,37800
3,2213,2212,1791066537303525,1791066537305759,2234,0,12,17012,17012,8195,16213,3817,37430
3,2214,2213,1791066537353525,1791066537355547,2022,0,13,16858,16858,8026,16050,3684,36140
3,2215,2214,1791066537403525,1791066537405763,2238,0,14,16882,16882,8051,16018,3689,36190
3,2216,2215,1791066537453525,1791066537454886,1361,0,15,16852,16852,8046,16024,3727,36501
3,2217,2216,1791066537503525,1791066537505881,2356,0,16,16993,16993,7967,16083,3718,36490
3,2218,2217,1791066537553525,1791066537555815,2290,0,17,16754,16754,7961,15924,3743,36700
3,2219,2218,1791066537603525,1791066537605451,1926,0,18,16977,16977,8102,16193,3819,37380
3,2220,2219,1791066537653525,1791066537655073,1548,0,19,16934,16934,8259,15987,3845,37650
3,2221,2220,1791066537703525,1791066537705414,1889,0,0,16732,16732,8098,15807,3788,37170
3,2222,2221,1791066537753525,1791066537755325,1800,0,1,16977,16977,8291,16043,3988,39005
3,2223,2222,1791066537803525,1791066537805586,2061,0,2,16850,16850,8400,15953,4095,40170
3,2224,2223,1791066537853525,1791066537855929,2404,0,3,16954,16954,8456,16107,4128,40431
3,2225,2224,1791066537903525,1791066537905144,1619,0,4,16812,16812,8389,15983,4039,39700
3,2226,2225,1791066537953525,1791066537955218,1693,0,5,16840,16840,8581,16064,4212,41300
3,2227,2226,1791066538003525,1791066538005340,1815,0,6,16741,16741,8365,15970,4076,40020
3,2228,2227,1791066538053525,1791066538055325,1800,0,7,16878,16878,8479,16036,4017,39400
3,2229,2228,1791066538103525,1791066538105245,1720,0,8,16971,16971,8417,16152,4026,39420
3,2230,2229,1791066538153525,1791066538155420,1895,0,9,16802,16802,8244,15982,3885,38130
3,2231,2230,1791066538203525,1791066538205741,2216,0,10,16824,16824,8133,16035,3864,37920
3,2232,2231,1791066538253525,1791066538254998,1473,0,11,16857,16857,8188,16045,3873,38070
3,2233,2232,1791066538303525,1791066538305480,1955,0,12,17012,17012,8249,16192,3847,37720
3,2234,2233,1791066538353525,1791066538355420,1895,0,13,16858,16858,8074,16023,3705,36380
3,2235,2234,1791066538403525,1791066538417197,13672,0,14,16882,16882,8099,16002,3721,36500
3,2236,2235,1791066538453525,1791066538470375,16850,0,15,16852,16852,8098,15995,3751,36730
3,2237,2236,1791066538503525,1791066538511074,7549,0,16,16993,16993,8020,16058,3761,36800
3,2238,2237,1791066538553525,1791066538558007,4482,0,17,16754,16754,8012,15906,3773,37020
3,2239,2238,1791066538603525,1791066538608942,5417,0,18,16977,16977,8156,16163,3841,37620
3,2240,2239,1791066538653525,1791066538657412,3887,0,19,16934,16934,8311,15967,3871,37970
3,2241,2240,1791066538703525,1791066538705845,2320,0,0,16732,16732,8146,15783,3822,37475
3,2242,2241,1791066538753525,1791066538755596,2071,0,1,16977,16977,8344,16014,4005,39302
3,2243,2242,1791066538803525,1791066538804900,1375,0,2,16850,16850,8453,15931,4130,40496
3,2244,2243,1791066538853525,1791066538855086,1561,0,3,16954,16954,8512,16084,4167,40740
3,2245,2244,1791066538903525,1791066538905341,1816,0,4,16812,16812,8442,15955,4077,39950
3,2246,2245,1791066538953525,1791066538955670,2145,0,5,16840,16840,8636,16039,4243,41620
3,2247,2246,1791066539003525,1791066539005788,2263,0,6,16741,16741,8420,15940,4112,40290
3,2248,2247,1791066539053525,1791066539055167,1642,0,7,16878,16878,8538,16011,4060,39700
3,2249,2248,1791066539103525,1791066539105656,2131,0,8,16971,16971,8470,16120,4048,39651
3,2250,2249,1791066539153525,1791066539154867,1342,0,9,16802,16802,8300,15953,3921,38380
3,2251,2250,1791066539203525,1791066539205653,2128,0,10,16824,16824,8187,16004,3890,38150
3,2252,2251,1791066539253525,1791066539255046,1521,0,11,16857,16857,8242,16021,3909,38340
3,2253,2252,1791066539303525,1791066539305624,2099,0,12,17012,17012,8298,16169,3875,38040
3,2254,2253,1791066539353525,1791066539356877,3352,0,13,16858,16858,8125,15998,3725,36630
3,2255,2254,1791066539403525,1791066539405547,2022,0,14,16882,16882,8146,15980,3762,36810
3,2256,2255,1791066539453525,1791066539454907,1382,0,15,16852,16852,8148,15970,3777,37001
3,2257,2256,1791066539503525,1791066539505718,2193,0,16,16993,16993,8075,16029,3788,37070
3,2258,2257,1791066539553525,1791066539555860,2335,0,17,16754,16754,8062,15884,3799,37290
3,2259,2258,1791066539603525,1791066539605371,1846,0,18,16977,16977,8210,16140,3865,37910
3,2260,2259,1791066539653525,1791066539654961,1436,0,19,16934,16934,8363,15939,3907,38220
3,2261,2260,1791066539703525,1791066539705326,1801,0,0,16732,16732,8199,15764,3859,37768
3,2262,2261,1791066539753525,1791066539755126,1601,0,1,16977,16977,8401,15986,4035,39556
3,2263,2262,1791066539803525,1791066539805326,1801,0,2,16850,16850,8508,15909,4181,40840
3,2264,2263,1791066539853525,1791066539855376,1851,0,3,16954,16954,8566,16055,4179,41020
3,2265,2264,1791066539903525,1791066539905320,1795,0,4,16812,16812,8494,15927,4111,40260
3,2266,2265,1791066539953525,1791066539955816,2291,0,5,16840,16840,8693,16009,4281,41880
3,2267,2266,1791066540003525,1791066540005170,1645,0,6,16741,16741,8476,15912,4144,40580
3,2268,2267,1791066540053525,1791066540055062,1537,0,7,16878,16878,8592,15971,4078,39910
3,2269,2268,1791066540103525,1791066540104971,1446,0,8,16971,16971,8526,16099,4081,40020
3,2270,2269,1791066540153525,1791066540155802,2277,0,9,16802,16802,8354,15931,3947,38730
3,2271,2270,1791066540203525,1791066540205548,2023,0,10,16824,16824,8241,15977,3922,38410
3,2272,2271,1791066540253525,1791066540255695,2170,0,11,16857,16857,8292,16000,3947,38671
3,2273,2272,1791066540303525,1791066540305205,1680,0,12,17012,17012,8351,16144,3919,38320
3,2274,2273,1791066540353525,1791066540354989,1464,0,13,16858,16858,8175,15969,3759,36850
3,2275,2274,1791066540403525,1791066540405442,1917,0,14,16882,16882,8199,15953,3788,37060
3,2276,2275,1791066540453525,1791066540456397,2872,0,15,16852,16852,8201,15942,3802,37232
3,2277,2276,1791066540503525,1791066540505778,2253,0,16,16993,16993,8130,16007,3801,37360
3,2278,2277,1791066540553525,1791066540554990,1465,0,17,16754,16754,8111,15863,3838,37620
3,2279,2278,1791066540603525,1791066540605416,1891,0,18,16977,16977,8262,16108,3884,38130
3,2280,2279,1791066540653525,1791066540655048,1523,0,19,16934,16934,8416,15913,3927,38500
3,2281,2280,1791066540703525,1791066540705085,1560,0,0,16732,16732,8247,15738,3886,38041
3,2282,2281,1791066540753525,1791066540755521,1996,0,1,16977,16977,8453,15960,4057,39860
3,2283,2282,1791066540803525,1791066540805806,2281,0,2,16850,16850,8564,15882,4199,41170
3,2284,2283,1791066540853525,1791066540855172,1647,0,3,16954,16954,8623,16028,4229,41330
3,2285,2284,1791066540903525,1791066540905034,1509,0,4,16812,16812,8550,15900,4123,40546
3,2286,2285,1791066540953525,1791066540954848,1323,0,5,16840,16840,8749,15981,4303,42190
3,2287,2286,1791066541003525,1791066541004954,1429,0,6,16741,16741,8533,15883,4168,40850
3,2288,2287,1791066541053525,1791066541055907,2382,0,7,16878,16878,8651,15942,4093,40161
3,2289,2288,1791066541103525,1791066541105067,1542,0,8,16971,16971,8581,16075,4121,40320
3,2290,2289,1791066541153525,1791066541155277,1752,0,9,16802,16802,8409,15899,3985,38980
3,2291,2290,1791066541203525,1791066541205384,1859,0,10,16824,16824,8293,15955,3955,38730
3,2292,2291,1791066541253525,1791066541254984,1459,0,11,16857,16857,8346,15973,3977,38930
3,2293,2292,1791066541303525,1791066541304979,1454,0,12,17012,17012,8404,16121,3947,38630
3,2294,2293,1791066541353525,1791066541355534,2009,0,13,16858,16858,8226,15944,3792,37120
3,2295,2294,1791066541403525,1791066541404831,1306,0,14,16882,16882,8250,15928,3805,37360
3,2296,2295,1791066541453525,1791066541455068,1543,0,15,16852,16852,8251,15919,3826,37521
3,2297,2296,1791066541503525,1791066541505890,2365,0,16,16993,16993,8181,15985,3849,37670
3,2298,2297,1791066541553525,1791066541554908,1383,0,17,16754,16754,8164,15840,3863,37910
3,2299,2298,1791066541603525,1791066541605376,1851,0,18,16977,16977,8316,16078,3911,38380
3,2300,2299,1791066541653525,1791066541655146,1621,0,19,16934,16934,8470,15883,3956,38730
3,2301,2300,1791066541703525,1791066541705404,1879,0,0,16732,16732,8300,15711,3919,38290
3,2302,2301,1791066541753525,1791066541755958,2433,0,1,16977,16977,8509,15932,4103,40158
3,2303,2302,1791066541803525,1791066541805577,2052,0,2,16850,16850,8624,15861,4237,41490
3,2304,2303,1791066541853525,1791066541855228,1703,0,3,16954,16954,8680,15997,4249,41593
3,2305,2304,1791066541903525,1791066541905318,1793,0,4,16812,16812,8605,15878,4163,40850
3,2306,2305,1791066541953525,1791066541955568,2043,0,5,16840,16840,8808,15951,4331,42470
3,2307,2306,1791066542003525,1791066542005414,1889,0,6,16741,16741,8589,15852,4199,41120
3,2308,2307,1791066542053525,1791066542055435,1910,0,7,16878,16878,8706,15907,4118,40410
3,2309,2308,1791066542103525,1791066542107015,3490,0,8,16971,16971,8634,16048,4145,40630
3,2310,2309,1791066542153525,1791066542157568,4043,0,9,16802,16802,8466,15864,4004,39240
3,2311,2310,1791066542203525,1791066542205780,2255,0,10,16824,16824,8348,15927,3979,39000
3,2312,2311,1791066542253525,1791066542255045,1520,0,11,16857,16857,8398,15941,4002,39190
3,2313,2312,1791066542303525,1791066542305584,2059,0,12,17012,17012,8458,16094,3975,38907
3,2314,2313,1791066542353525,1791066542355182,1657,0,13,16858,16858,8278,15918,3821,37420
3,2315,2314,1791066542403525,1791066542404954,1429,0,14,16882,16882,8303,15909,3835,37670
3,2316,2315,1791066542453525,1791066542455062,1537,0,15,16852,16852,8304,15896,3863,37829
3,2317,2316,1791066542503525,1791066542504914,1389,0,16,16993,16993,8232,15961,3879,38010
3,2318,2317,1791066542553525,1791066542555779,2254,0,17,16754,16754,8216,15809,3895,38160
3,2319,2318,1791066542603525,1791066542605689,2164,0,18,16977,16977,8370,16052,3957,38660
3,2320,2319,1791066542653525,1791066542654889,1364,0,19,16934,16934,8523,15855,3971,39011
3,2321,2320,1791066542703525,1791066542705885,2360,0,0,16732,16732,8351,15688,3936,38590
3,2322,2321,1791066542753525,1791066542755567,2042,0,1,16977,16977,8566,15910,4130,40485
3,2323,2322,1791066542803525,1791066542805199,1674,0,2,16850,16850,8677,15834,4259,41800
3,2324,2323,1791066542853525,1791066542855163,1638,0,3,16954,16954,8737,15964,4264,41817
3,2325,2324,1791066542903525,1791066542905654,2129,0,4,16812,16812,8657,15854,4198,41180
3,2326,2325,1791066542953525,1791066542955740,2215,0,5,16840,16840,8866,15926,4366,42800
3,2327,2326,1791066543003525,1791066543005633,2108,0,6,16741,16741,8646,15825,4226,41420
3,2328,2327,1791066543053525,1791066543054971,1446,0,7,16878,16878,8763,15876,4147,40680
3,2329,2328,1791066543103525,1791066543104975,1450,0,8,16971,16971,8690,16018,4192,40890
3,2330,2329,1791066543153525,1791066543155630,2105,0,9,16802,16802,8526,15833,4028,39510
3,2331,2330,1791066543203525,1791066543205735,2210,0,10,16824,16824,8401,15906,4011,39330
3,2332,2331,1791066543253525,1791066543255298,1773,0,11,16857,16857,8455,15922,4033,39550
3,2333,2332,1791066543303525,1791066543305440,1915,0,12,17012,17012,8513,16054,3996,39090
3,2334,2333,1791066543353525,1791066543355557,2032,0,13,16858,16858,8333,15897,3845,37730
3,2335,2334,1791066543403525,1791066543405424,1899,0,14,16882,16882,8353,15886,3886,37960
3,2336,2335,1791066543453525,1791066543454977,1452,0,15,16852,16852,8356,15866,3884,38100
3,2337,2336,1791066543503525,1791066543505189,1664,0,16,16993,16993,8287,15937,3908,38300
3,2338,2337,1791066543553525,1791066543555169,1644,0,17,16754,16754,8270,15779,3929,38410
3,2339,2338,1791066543603525,1791066543605746,2221,0,18,16977,16977,8424,16021,3980,38930
3,2340,2339,1791066543653525,1791066543655263,1738,0,19,16934,16934,8579,15832,4023,39300
3,2341,2340,1791066543703525,1791066543704875,1350,0,0,16732,16732,8404,15658,3963,38853
3,2342,2341,1791066543753525,1791066543755512,1987,0,1,16977,16977,8621,15880,4163,40781
3,2343,2342,1791066543803525,1791066543805588,2063,0,2,16850,16850,8735,15805,4306,42090
3,2344,2343,1791066543853525,1791066543855416,1891,0,3,16954,16954,8793,15935,4299,42139
3,2345,2344,1791066543903525,1791066543905622,2097,0,4,16812,16812,8711,15825,4230,41480
3,2346,2345,1791066543953525,1791066543955362,1837,0,5,16840,16840,8924,15898,4413,43120
3,2347,2346,1791066544003525,1791066544005268,1743,0,6,16741,16741,8702,15792,4248,41680
3,2348,2347,1791066544053525,1791066544056685,3160,0,7,16878,16878,8820,15845,4173,40960
3,2349,2348,1791066544103525,1791066544105001,1476,0,8,16971,16971,8745,15984,4207,41140
3,2350,2349,1791066544153525,1791066544154898,1373,0,9,16802,16802,8583,15812,4071,39820
3,2351,2350,1791066544203525,1791066544205141,1616,0,10,16824,16824,8455,15880,4044,39630
3,2352,2351,1791066544253525,1791066544254970,1445,0,11,16857,16857,8510,15900,4067,39910
3,2353,2352,1791066544303525,1791066544305605,2080,0,12,17012,17012,8569,16026,4023,39375
3,2354,2353,1791066544353525,1791066544354985,1460,0,13,16858,16858,8385,15870,3883,37990
3,2355,2354,1791066544403525,1791066544406553,3028,0,14,16882,16882,8404,15854,3898,38210
3,2356,2355,1791066544453525,1791066544455294,1769,0,15,16852,16852,8412,15839,3908,38370
3,2357,2356,1791066544503525,1791066544505702,2177,0,16,16993,16993,8338,15908,3939,38570
3,2358,2357,1791066544553525,1791066544555586,2061,0,17,16754,16754,8325,15746,3945,38640
3,2359,2358,1791066544603525,1791066544605437,1912,0,18,16977,16977,8482,16001,4000,39270
3,2360,2359,1791066544653525,1791066544655191,1666,0,19,16934,16934,8631,15807,4050,39631
3,2361,2360,1791066544703525,1791066544704936,1411,0,0,16732,16732,8459,15629,3993,39099
3,2362,2361,1791066544753525,1791066544755461,1936,0,1,16977,16977,8678,15848,4190,41003
3,2363,2362,1791066544803525,1791066544805597,2072,0,2,16850,16850,8793,15777,4329,42400
3,2364,2363,1791066544853525,1791066544855041,1516,0,3,16954,16954,8852,15899,4321,42410
3,2365,2364,1791066544903525,1791066544905596,2071,0,4,16812,16812,8771,15790,4245,41740
3,2366,2365,1791066544953525,1791066544955315,1790,0,5,16840,16840,8983,15868,4441,43450
3,2367,2366,1791066545003525,1791066545005363,1838,0,6,16741,16741,8760,15764,4291,41970
3,2368,2367,1791066545053525,1791066545055083,1558,0,7,16878,16878,8877,15821,4202,41271
3,2369,2368,1791066545103525,1791066545105612,2087,0,8,16971,16971,8804,15953,4234,41430
3,2370,2369,1791066545153525,1791066545155427,1902,0,9,16802,16802,8635,15790,4099,40150
3,2371,2370,1791066545203525,1791066545205476,1951,0,10,16824,16824,8511,15852,4074,39940
3,2372,2371,1791066545253525,1791066545255327,1802,0,11,16857,16857,8566,15873,4105,40190
3,2373,2372,1791066545303525,1791066545305469,1944,0,12,17012,17012,8625,16001,4050,39698
3,2374,2373,1791066545353525,1791066545355863,2338,0,13,16858,16858,8438,15846,3911,38290
3,2375,2374,1791066545403525,1791066545405523,1998,0,14,16882,16882,8459,15839,3952,38590
3,2376,2375,1791066545453525,1791066545455233,1708,0,15,16852,16852,8466,15814,3947,38644
3,2377,2376,1791066545503525,1791066545505294,1769,0,16,16993,16993,8393,15891,3968,38920
3,2378,2377,1791066545553525,1791066545555739,2214,0,17,16754,16754,8380,15722,3973,38970
3,2379,2378,1791066545603525,1791066545605470,1945,0,18,16977,16977,8536,15974,4044,39540
3,2380,2379,1791066545653525,1791066545655056,1531,0,19,16934,16934,8688,15775,4070,39860
3,2381,2380,1791066545703525,1791066545705487,1962,0,0,16732,16732,8510,15598,4015,39340
3,2382,2381,1791066545753525,1791066545755306,1781,0,1,16977,16977,8732,15816,4214,41288
3,2383,2382,1791066545803525,1791066545805230,1705,0,2,16850,16850,8852,15755,4366,42755
3,2384,2383,1791066545853525,1791066545855518,1993,0,3,16954,16954,8913,15871,4360,42720
3,2385,2384,1791066545903525,1791066545905332,1807,0,4,16812,16812,8829,15767,4291,42047
3,2386,2385,1791066545953525,1791066545955363,1838,0,5,16840,16840,9046,15833,4459,43710
3,2387,2386,1791066546003525,1791066546005220,1695,0,6,16741,16741,8817,15735,4307,42270
3,2388,2387,1791066546053525,1791066546055139,1614,0,7,16878,16878,8932,15793,4236,41550
3,2389,2388,1791066546103525,1791066546107822,4297,0,8,16971,16971,8862,15922,4246,41690
3,2390,2389,1791066546153525,1791066546155780,2255,0,9,16802,16802,8690,15765,4134,40480
3,2391,2390,1791066546203525,1791066546204849,1324,0,10,16824,16824,8567,15822,4109,40220
3,2392,2391,1791066546253525,1791066546255122,1597,0,11,16857,16857,8620,15841,4129,40471
3,2393,2392,1791066546303525,1791066546304901,1376,0,12,17012,17012,8680,15973,4080,39990
3,2394,2393,1791066546353525,1791066546355435,1910,0,13,16858,16858,8491,15820,3937,38610
3,2395,2394,1791066546403525,1791066546405137,1612,0,14,16882,16882,8512,15813,3966,38870
3,2396,2395,1791066546453525,1791066546455191,1666,0,15,16852,16852,8519,15783,3962,38900
3,2397,2396,1791066546503525,1791066546505299,1774,0,16,16993,16993,8445,15873,4008,39290
3,2398,2397,1791066546553525,1791066546578349,24824,0,17,16754,16754,8435,15696,4009,39250
3,2399,2398,1791066546603525,1791066546623141,19616,0,18,16977,16977,8589,15949,4077,39890
3,2400,2399,1791066546653525,1791066546666405,12880,0,19,16934,16934,8742,15751,4108,40170
3,2401,2400,1791066546703525,1791066546710389,6864,0,0,16732,16732,8564,15575,4040,39660
3,2402,2401,1791066546753525,1791066546757824,4299,0,1,16977,16977,8789,15791,4238,41620
3,2403,2402,1791066546803525,1791066546805371,1846,0,2,16850,16850,8908,15730,4405,43110
3,2404,2403,1791066546853525,1791066546855233,1708,0,3,16954,16954,8972,15844,4397,43040
3,2405,2404,1791066546903525,1791066546905717,2192,0,4,16812,16812,8884,15740,4312,42385
3,2406,2405,1791066546953525,1791066546955357,1832,0,5,16840,16840,9105,15806,4497,44060
3,2407,2406,1791066547003525,1791066547005526,2001,0,6,16741,16741,8876,15709,4341,42600
3,2408,2407,1791066547053525,1791066547055249,1724,0,7,16878,16878,8987,15770,4273,41871
3,2409,2408,1791066547103525,1791066547105870,2345,0,8,16971,16971,8919,15896,4297,42000
3,2410,2409,1791066547153525,1791066547154907,1382,0,9,16802,16802,8748,15733,4164,40760
3,2411,2410,1791066547203525,1791066547205495,1970,0,10,16824,16824,8624,15793,4146,40580
3,2412,2411,1791066547253525,1791066547255107,1582,0,11,16857,16857,8678,15809,4161,40750
3,2413,2412,1791066547303525,1791066547305704,2179,0,12,17012,17012,8737,15942,4108,40260
3,2414,2413,1791066547353525,1791066547355015,1490,0,13,16858,16858,8547,15796,3986,38940
3,2415,2414,1791066547403525,1791066547405728,2203,0,14,16882,16882,8566,15791,4003,39220
3,2416,2415,1791066547453525,1791066547454935,1410,0,15,16852,16852,8575,15760,4006,39212
3,2417,2416,1791066547503525,1791066547505024,1499,0,16,16993,16993,8500,15850,4044,39620
3,2418,2417,1791066547553525,1791066547555324,1799,0,17,16754,16754,8489,15668,4037,39534
3,2419,2418,1791066547603525,1791066547604864,1339,0,18,16977,16977,8647,15921,4092,40200
3,2420,2419,1791066547653525,1791066547655006,1481,0,19,16934,16934,8798,15730,4137,40500
3,2421,2420,1791066547703525,1791066547705336,1811,0,0,16732,16732,8619,15551,4079,39980
3,2422,2421,1791066547753525,1791066547755101,1576,0,1,16977,16977,8847,15762,4273,41920
3,2423,2422,1791066547803525,1791066547805312,1787,0,2,16850,16850,8967,15704,4430,43460
3,2424,2423,1791066547853525,1791066547855677,2152,0,3,16954,16954,9030,15819,4419,43401
3,2425,2424,1791066547903525,1791066547905249,1724,0,4,16812,16812,8945,15706,4346,42630
3,2426,2425,1791066547953525,1791066547955173,1648,0,5,16840,16840,9165,15781,4537,44380
3,2427,2426,1791066548003525,1791066548005720,2195,0,6,16741,16741,8935,15679,4380,42900
3,2428,2427,1791066548053525,1791066548055053,1528,0,7,16878,16878,9042,15744,4313,42200
3,2429,2428,1791066548103525,1791066548105489,1964,0,8,16971,16971,8975,15873,4332,42370
3,2430,2429,1791066548153525,1791066548155581,2056,0,9,16802,16802,8807,15703,4190,41023
3,2431,2430,1791066548203525,1791066548204913,1388,0,10,16824,16824,8686,15763,4166,40850
3,2432,2431,1791066548253525,1791066548255252,1727,0,11,16857,16857,8734,15787,4197,41101
3,2433,2432,1791066548303525,1791066548304957,1432,0,12,17012,17012,8794,15922,4151,40610
3,2434,2433,1791066548353525,1791066548355492,1967,0,13,16858,16858,8604,15768,4008,39230
3,2435,2434,1791066548403525,1791066548405465,1940,0,14,16882,16882,8622,15760,4019,39470
3,2436,2435,1791066548453525,1791066548455279,1754,0,15,16852,16852,8628,15739,4033,39547
3,2437,2436,1791066548503525,1791066548507471,3946,0,16,16993,16993,8554,15819,4072,39900
3,2438,2437,1791066548553525,1791066548556078,2553,0,17,16754,16754,8544,15636,4056,39795
3,2439,2438,1791066548603525,1791066548605222,1697,0,18,16977,16977,8704,15899,4135,40530
3,2440,2439,1791066548653525,1791066548654978,1453,0,19,16934,16934,8851,15707,4162,40810
3,2441,2440,1791066548703525,1791066548704948,1423,0,0,16732,16732,8674,15525,4118,40320
3,2442,2441,1791066548753525,1791066548755179,1654,0,1,16977,16977,8904,15727,4296,42180
3,2443,2442,1791066548803525,1791066548805316,1791,0,2,16850,16850,9027,15673,4463,43770
3,2444,2443,1791066548853525,1791066548855191,1666,0,3,16954,16954,9088,15792,4452,43730
3,2445,2444,1791066548903525,1791066548905769,2244,0,4,16812,16812,9003,15683,4382,42960
3,2446,2445,1791066548953525,1791066548955206,1681,0,5,16840,16840,9222,15754,4572,44753
3,2447,2446,1791066549003525,1791066549005141,1616,0,6,16741,16741,8991,15649,4411,43220
3,2448,2447,1791066549053525,1791066549055262,1737,0,7,16878,16878,9100,15719,4347,42531
3,2449,2448,1791066549103525,1791066549105677,2152,0,8,16971,16971,9035,15845,4360,42680
3,2450,2449,1791066549153525,1791066549156207,2682,0,9,16802,16802,8864,15674,4204,41330
3,2451,2450,1791066549203525,1791066549205318,1793,0,10,16824,16824,8743,15730,4199,41130
3,2452,2451,1791066549253525,1791066549255073,1548,0,11,16857,16857,8790,15756,4222,41390
3,2453,2452,1791066549303525,1791066549305040,1515,0,12,17012,17012,8848,15897,4173,40930
3,2454,2453,1791066549353525,1791066549355255,1730,0,13,16858,16858,8661,15745,4037,39560
3,2455,2454,1791066549403525,1791066549406227,2702,0,14,16882,16882,8678,15737,4060,39780
3,2456,2455,1791066549453525,1791066549455212,1687,0,15,16852,16852,8683,15717,4063,39899
3,2457,2456,1791066549503525,1791066549505325,1800,0,16,16993,16993,8612,15793,4112,40230
3,2458,2457,1791066549553525,1791066549555215,1690,0,17,16754,16754,8601,15609,4094,40080
3,2459,2458,1791066549603525,1791066549606687,3162,0,18,16977,16977,8759,15873,4163,40840
3,2460,2459,1791066549653525,1791066549655477,1952,0,19,16934,16934,8904,15683,4199,41110
3,2461,2460,1791066549703525,1791066549705799,2274,0,0,16732,16732,8733,15501,4152,40658
3,2462,2461,1791066549753525,1791066549754971,1446,0,1,16977,16977,8963,15699,4337,42500
3,2463,2462,1791066549803525,1791066549804886,1361,0,2,16850,16850,9089,15641,4487,44060
3,2464,2463,1791066549853525,1791066549854967,1442,0,3,16954,16954,9147,15765,4500,44061
3,2465,2464,1791066549903525,1791066549904998,1473,0,4,16812,16812,9060,15658,4412,43280
3,2466,2465,1791066549953525,1791066549955822,2297,0,5,16840,16840,9285,15721,4605,45060
3,2467,2466,1791066550003525,1791066550004956,1431,0,6,16741,16741,9050,15617,4427,43510
3,2468,2467,1791066550053525,1791066550055293,1768,0,7,16878,16878,9158,15695,4377,42860
3,2469,2468,1791066550103525,1791066550105203,1678,0,8,16971,16971,9094,15817,4397,43030
3,2470,2469,1791066550153525,1791066550155286,1761,0,9,16802,16802,8922,15652,4251,41652
3,2471,2470,1791066550203525,1791066550207039,3514,0,10,16824,16824,8803,15698,4226,41410
3,2472,2471,1791066550253525,1791066550254875,1350,0,11,16857,16857,8848,15727,4262,41671
3,2473,2472,1791066550303525,1791066550305550,2025,0,12,17012,17012,8905,15863,4218,41170
3,2474,2473,1791066550353525,1791066550355024,1499,0,13,16858,16858,8717,15714,4069,39810
3,2475,2474,1791066550403525,1791066550405117,1592,0,14,16882,16882,8732,15712,4099,40090
3,2476,2475,1791066550453525,1791066550455084,1559,0,15,16852,16852,8739,15685,4093,40149
3,2477,2476,1791066550503525,1791066550505116,1591,0,16,16993,16993,8670,15771,4143,40590
3,2478,2477,1791066550553525,1791066550567345,13820,0,17,16754,16754,8656,15584,4129,40403
3,2479,2478,1791066550603525,1791066550620111,16586,0,18,16977,16977,8815,15850,4202,41170
3,2480,2479,1791066550653525,1791066550673001,19476,0,19,16934,16934,8959,15657,4235,41461
3,2481,2480,1791066550703525,1791066550725170,21645,0,0,16732,16732,8789,15476,4168,40940
3,2482,2481,1791066550753525,1791066550766757,13232,0,1,16977,16977,9022,15664,4356,42760
3,2483,2482,1791066550803525,1791066550808936,5411,0,2,16850,16850,9149,15615,4528,44400
3,2484,2483,1791066550853525,1791066550855081,1556,0,3,16954,16954,9207,15737,4528,44400
3,2485,2484,1791066550903525,1791066550905120,1595,0,4,16812,16812,9116,15628,4447,43587
3,2486,2485,1791066550953525,1791066550955868,2343,0,5,16840,16840,9347,15690,4639,45360
3,2487,2486,1791066551003525,1791066551004975,1450,0,6,16741,16741,9111,15577,4472,43760
3,2488,2487,1791066551053525,1791066551055234,1709,0,7,16878,16878,9215,15668,4401,43181
3,2489,2488,1791066551103525,1791066551105586,2061,0,8,16971,16971,9155,15785,4433,43345
3,2490,2489,1791066551153525,1791066551155383,1858,0,9,16802,16802,8977,15626,4283,41960
3,2491,2490,1791066551203525,1791066551205602,2077,0,10,16824,16824,8863,15671,4251,41710
3,2492,2491,1791066551253525,1791066551263235,9710,0,11,16857,16857,8905,15703,4296,41990
3,2493,2492,1791066551303525,1791066551314834,11309,0,12,17012,17012,8962,15833,4227,41450
3,2494,2493,1791066551353525,1791066551368492,14967,0,13,16858,16858,8772,15686,4083,40090
3,2495,2494,1791066551403525,1791066551415611,12086,0,14,16882,16882,8788,15688,4118,40430
3,2496,2495,1791066551453525,1791066551457640,4115,0,15,16852,16852,8794,15660,4140,40425
3,2497,2496,1791066551503525,1791066551505095,1570,0,16,16993,16993,8728,15742,4170,40890
3,2498,2497,1791066551553525,1791066551555462,1937,0,17,16754,16754,8714,15555,4168,40720
3,2499,2498,1791066551603525,1791066551605459,1934,0,18,16977,16977,8871,15825,4236,41530
3,2500,2499,1791066551653525,1791066551655340,1815,0,19,16934,16934,9019,15626,4268,41730
3,2501,2500,1791066551703525,1791066551704979,1454,0,0,16732,16732,8844,15448,4203,41230
3,2502,2501,1791066551753525,1791066551755079,1554,0,1,16977,16977,9083,15632,4389,43070
3,2503,2502,1791066551803525,1791066551805070,1545,0,2,16850,16850,9209,15588,4560,44720
3,2504,2503,1791066551853525,1791066551855070,1545,0,3,16954,16954,9268,15709,4580,44730
3,2505,2504,1791066551903525,1791066551905661,2136,0,4,16812,16812,9176,15604,4490,43940
3,2506,2505,1791066551953525,1791066551955342,1817,0,5,16840,16840,9408,15660,4667,45690
3,2507,2506,1791066552003525,1791066552004953,1428,0,6,16741,16741,9174,15547,4496,44120
3,2508,2507,1791066552053525,1791066552055248,1723,0,7,16878,16878,9275,15636,4440,43430
3,2509,2508,1791066552103525,1791066552105021,1496,0,8,16971,16971,9217,15751,4443,43600
3,2510,2509,1791066552153525,1791066552155444,1919,0,9,16802,16802,9033,15603,4309,42320
3,2511,2510,1791066552203525,1791066552205866,2341,0,10,16824,16824,8920,15646,4291,42088
3,2512,2511,1791066552253525,1791066552255252,1727,0,11,16857,16857,8961,15675,4328,42341
3,2513,2512,1791066552303525,1791066552305708,2183,0,12,17012,17012,9019,15808,4261,41800
3,2514,2513,1791066552353525,1791066552355730,2205,0,13,16858,16858,8828,15660,4118,40410
3,2515,2514,1791066552403525,1791066552405010,1485,0,14,16882,16882,8845,15664,4155,40740
3,2516,2515,1791066552453525,1791066552455341,1816,0,15,16852,16852,8847,15630,4163,40726
3,2517,2516,1791066552503525,1791066552505508,1983,0,16,16993,16993,8786,15721,4211,41250
3,2518,2517,1791066552553525,1791066552555201,1676,0,17,16754,16754,8773,15528,4187,41050
3,2519,2518,1791066552603525,1791066552605233,1708,0,18,16977,16977,8932,15800,4265,41870
3,2520,2519,1791066552653525,1791066552655069,1544,0,19,16934,16934,9077,15597,4283,42030
3,2521,2520,1791066552703525,1791066552705821,2296,0,0,16732,16732,8900,15422,4239,41530
3,2522,2521,1791066552753525,1791066552755133,1608,0,1,16977,16977,9143,15603,4426,43390
3,2523,2522,1791066552803525,1791066552804965,1440,0,2,16850,16850,9268,15561,4595,45040
3,2524,2523,1791066552853525,1791066552855033,1508,0,3,16954,16954,9329,15686,4596,45110
3,2525,2524,1791066552903525,1791066552904936,1411,0,4,16812,16812,9235,15574,4517,44270
3,2526,2525,1791066552953525,1791066552954893,1368,0,5,16840,16840,9470,15629,4695,46002
3,2527,2526,1791066553003525,1791066553005328,1803,0,6,16741,16741,9238,15521,4547,44470
3,2528,2527,1791066553053525,1791066553055240,1715,0,7,16878,16878,9332,15612,4460,43811
3,2529,2528,1791066553103525,1791066553104856,1331,0,8,16971,16971,9276,15716,4481,43890
3,2530,2529,1791066553153525,1791066553155022,1497,0,9,16802,16802,9092,15576,4362,42660
3,2531,2530,1791066553203525,1791066553204877,1352,0,10,16824,16824,8982,15616,4326,42410
3,2532,2531,1791066553253525,1791066553255810,2285,0,11,16857,16857,9023,15648,4358,42650
3,2533,2532,1791066553303525,1791066553305372,1847,0,12,17012,17012,9078,15786,4309,42130
3,2534,2533,1791066553353525,1791066553354988,1463,0,13,16858,16858,8885,15630,4163,40700
3,2535,2534,1791066553403525,1791066553404996,1471,0,14,16882,16882,8899,15635,4192,41020
3,2536,2535,1791066553453525,1791066553455018,1493,0,15,16852,16852,8908,15600,4188,41039
3,2537,2536,1791066553503525,1791066553505711,2186,0,16,16993,16993,8843,15702,4240,41660
3,2538,2537,1791066553553525,1791066553555890,2365,0,17,16754,16754,8832,15502,4230,41400
3,2539,2538,1791066553603525,1791066553604884,1359,0,18,16977,16977,8991,15774,4301,42180
3,2540,2539,1791066553653525,1791066553655014,1489,0,19,16934,16934,9134,15567,4312,42310
3,2541,2540,1791066553703525,1791066553705262,1737,0,0,16732,16732,8956,15398,4281,41900
3,2542,2541,1791066553753525,1791066553755724,2199,0,1,16977,16977,9202,15577,4463,43720
3,2543,2542,1791066553803525,1791066553805119,1594,0,2,16850,16850,9326,15528,4631,45360
3,2544,2543,1791066553853525,1791066553855022,1497,0,3,16954,16954,9391,15655,4647,45460
3,2545,2544,1791066553903525,1791066553905628,2103,0,4,16812,16812,9295,15543,4564,44610
3,2546,2545,1791066553953525,1791066553955119,1594,0,5,16840,16840,9533,15597,4724,46317
3,2547,2546,1791066554003525,1791066554005285,1760,0,6,16741,16741,9300,15495,4578,44840
3,2548,2547,1791066554053525,1791066554055111,1586,0,7,16878,16878,9393,15581,4502,44100
3,2549,2548,1791066554103525,1791066554105061,1536,0,8,16971,16971,9339,15687,4515,44217
3,2550,2549,1791066554153525,1791066554155359,1834,0,9,16802,16802,9153,15546,4385,42970
3,2551,2550,1791066554203525,1791066554205586,2061,0,10,16824,16824,9042,15592,4356,42740
3,2552,2551,1791066554253525,1791066554254977,1452,0,11,16857,16857,9079,15617,4389,42970
3,2553,2552,1791066554303525,1791066554305220,1695,0,12,17012,17012,9133,15759,4340,42480
3,2554,2553,1791066554353525,1791066554355440,1915,0,13,16858,16858,8944,15601,4194,41010
3,2555,2554,1791066554403525,1791066554405842,2317,0,14,16882,16882,8956,15613,4220,41370
3,2556,2555,1791066554453525,1791066554455244,1719,0,15,16852,16852,8967,15570,4215,41350
3,2557,2556,1791066554503525,1791066554505895,2370,0,16,16993,16993,8903,15679,4286,42010
3,2558,2557,1791066554553525,1791066554555653,2128,0,17,16754,16754,8891,15472,4266,41690
3,2559,2558,1791066554603525,1791066554605132,1607,0,18,16977,16977,9048,15752,4339,42560
3,2560,2559,1791066554653525,1791066554655320,1795,0,19,16934,16934,9193,15545,4356,42671
3,2561,2560,1791066554703525,1791066554705647,2122,0,0,16732,16732,9018,15370,4313,42230
3,2562,2561,1791066554753525,1791066554755292,1767,0,1,16977,16977,9261,15553,4498,44090
3,2563,2562,1791066554803525,1791066554807402,3877,0,2,16850,16850,9390,15494,4662,45660
3,2564,2563,1791066554853525,1791066554855332,1807,0,3,16954,16954,9456,15621,4666,45780
3,2565,2564,1791066554903525,1791066554905625,2100,0,4,16812,16812,9360,15513,4598,44945
3,2566,2565,1791066554953525,1791066554955811,2286,0,5,16840,16840,9596,15569,4770,46676
3,2567,2566,1791066555003525,1791066555005626,2101,0,6,16741,16741,9363,15462,4604,45160
3,2568,2567,1791066555053525,1791066555055606,2081,0,7,16878,16878,9451,15553,4540,44451
3,2569,2568,1791066555103525,1791066555105710,2185,0,8,16971,16971,9401,15660,4557,44570
3,2570,2569,1791066555153525,1791066555155284,1759,0,9,16802,16802,9214,15511,4422,43226
3,2571,2570,1791066555203525,1791066555205815,2290,0,10,16824,16824,9099,15565,4396,43090
3,2572,2571,1791066555253525,1791066555255036,1511,0,11,16857,16857,9139,15586,4413,43250
3,2573,2572,1791066555303525,1791066555305459,1934,0,12,17012,17012,9194,15729,4373,42790
3,2574,2573,1791066555353525,1791066555354873,1348,0,13,16858,16858,9004,15573,4219,41350
3,2575,2574,1791066555403525,1791066555405558,2033,0,14,16882,16882,9011,15594,4265,41750
3,2576,2575,1791066555453525,1791066555455298,1773,0,15,16852,16852,9027,15548,4255,41679
3,2577,2576,1791066555503525,1791066555504856,1331,0,16,16993,16993,8961,15649,4320,42310
3,2578,2577,1791066555553525,1791066555555079,1554,0,17,16754,16754,8950,15448,4296,42025
3,2579,2578,1791066555603525,1791066555605090,1565,0,18,16977,16977,9107,15727,4377,42880
3,2580,2579,1791066555653525,1791066555654968,1443,0,19,16934,16934,9251,15516,4381,42950
3,2581,2580,1791066555703525,1791066555705458,1933,0,0,16732,16732,9077,15342,4337,42540
3,2582,2581,1791066555753525,1791066555755040,1515,0,1,16977,16977,9322,15522,4540,44410
3,2583,2582,1791066555803525,1791066555805397,1872,0,2,16850,16850,9454,15457,4694,45950
3,2584,2583,1791066555853525,1791066555854949,1424,0,3,16954,16954,9520,15590,4708,46091
3,2585,2584,1791066555903525,1791066555905857,2332,0,4,16812,16812,9423,15477,4613,45235
3,2586,2585,1791066555953525,1791066555955766,2241,0,5,16840,16840,9660,15532,4785,46960
3,2587,2586,1791066556003525,1791066556005338,1813,0,6,16741,16741,9426,15430,4651,45480
3,2588,2587,1791066556053525,1791066556055086,1561,0,7,16878,16878,9512,15522,4574,44760
3,2589,2588,1791066556103525,1791066556105180,1655,0,8,16971,16971,9464,15627,4580,44877
3,2590,2589,1791066556153525,1791066556155834,2309,0,9,16802,16802,9274,15480,4458,43550
3,2591,2590,1791066556203525,1791066556205218,1693,0,10,16824,16824,9160,15535,4423,43400
3,2592,2591,1791066556253525,1791066556254891,1366,0,11,16857,16857,9198,15557,4470,43571
3,2593,2592,1791066556303525,1791066556305172,1647,0,12,17012,17012,9254,15704,4391,43150
3,2594,2593,1791066556353525,1791066556355348,1823,0,13,16858,16858,9065,15545,4270,41650
3,2595,2594,1791066556403525,1791066556405208,1683,0,14,16882,16882,9068,15569,4317,42110
3,2596,2595,1791066556453525,1791066556455261,1736,0,15,16852,16852,9082,15519,4286,41970
3,2597,2596,1791066556503525,1791066556504943,1418,0,16,16993,16993,9019,15620,4354,42620
3,2598,2597,1791066556553525,1791066556554875,1350,0,17,16754,16754,9008,15420,4316,42340
3,2599,2598,1791066556603525,1791066556605064,1539,0,18,16977,16977,9164,15699,4420,43240
3,2600,2599,1791066556653525,1791066556654989,1464,0,19,16934,16934,9307,15488,4418,43290
3,2601,2600,1791066556703525,1791066556705178,1653,0,0,16732,16732,9133,15321,4382,42919
3,2602,2601,1791066556753525,1791066556755371,1846,0,1,16977,16977,9383,15495,4555,44750
3,2603,2602,1791066556803525,1791066556805761,2236,0,2,16850,16850,9519,15424,4726,46240
3,2604,2603,1791066556853525,1791066556855057,1532,0,3,16954,16954,9582,15560,4735,46420
3,2605,2604,1791066556903525,1791066556905580,2055,0,4,16812,16812,9486,15444,4649,45536
3,2606,2605,1791066556953525,1791066556954986,1461,0,5,16840,16840,9724,15499,4826,47260
3,2607,2606,1791066557003525,1791066557004830,1305,0,6,16741,16741,9491,15404,4688,45850
3,2608,2607,1791066557053525,1791066557055305,1780,0,7,16878,16878,9574,15497,4615,45121
3,2609,2608,1791066557103525,1791066557105785,2260,0,8,16971,16971,9527,15591,4617,45150
3,2610,2609,1791066557153525,1791066557155591,2066,0,9,16802,16802,9337,15448,4475,43850
3,2611,2610,1791066557203525,1791066557204963,1438,0,10,16824,16824,9221,15505,4468,43720
3,2612,2611,1791066557253525,1791066557255071,1546,0,11,16857,16857,9260,15521,4479,43870
3,2613,2612,1791066557303525,1791066557305826,2301,0,12,17012,17012,9314,15669,4438,43400
3,2614,2613,1791066557353525,1791066557355650,2125,0,13,16858,16858,9123,15514,4287,41960
3,2615,2614,1791066557403525,1791066557405882,2357,0,14,16882,16882,9127,15540,4332,42440
3,2616,2615,1791066557453525,1791066557454971,1446,0,15,16852,16852,9140,15492,4324,42281
3,2617,2616,1791066557503525,1791066557506209,2684,0,16,16993,16993,9078,15590,4382,42950
3,2618,2617,1791066557553525,1791066557555434,1909,0,17,16754,16754,9067,15387,4351,42600
3,2619,2618,1791066557603525,1791066557605465,1940,0,18,16977,16977,9226,15669,4444,43560
3,2620,2619,1791066557653525,1791066557655330,1805,0,19,16934,16934,9367,15461,4464,43630
3,2621,2620,1791066557703525,1791066557705304,1779,0,0,16732,16732,9192,15298,4421,43274
3,2622,2621,1791066557753525,1791066557755547,2022,0,1,16977,16977,9444,15467,4611,45110
3,2623,2622,1791066557803525,1791066557805403,1878,0,2,16850,16850,9580,15389,4759,46530
3,2624,2623,1791066557853525,1791066557855232,1707,0,3,16954,16954,9645,15526,4771,46751
3,2625,2624,1791066557903525,1791066557905623,2098,0,4,16812,16812,9548,15415,4682,45870
3,2626,2625,1791066557953525,1791066557955300,1775,0,5,16840,16840,9787,15466,4852,47610
3,2627,2626,1791066558003525,1791066558005554,2029,0,6,16741,16741,9553,15363,4708,46130
3,2628,2627,1791066558053525,1791066558055385,1860,0,7,16878,16878,9635,15462,4640,45390
3,2629,2628,1791066558103525,1791066558105762,2237,0,8,16971,16971,9590,15562,4644,45475
3,2630,2629,1791066558153525,1791066558155312,1787,0,9,16802,16802,9398,15416,4500,44133
3,2631,2630,1791066558203525,1791066558205012,1487,0,10,16824,16824,9283,15476,4500,44070
3,2632,2631,1791066558253525,1791066558255571,2046,0,11,16857,16857,9324,15493,4501,44171
3,2633,2632,1791066558303525,1791066558305240,1715,0,12,17012,17012,9373,15646,4488,43810
3,2634,2633,1791066558353525,1791066558355840,2315,0,13,16858,16858,9185,15481,4319,42250
3,2635,2634,1791066558403525,1791066558405543,2018,0,14,16882,16882,9189,15512,4363,42780
3,2636,2635,1791066558453525,1791066558455036,1511,0,15,16852,16852,9199,15458,4358,42580
3,2637,2636,1791066558503525,1791066558505240,1715,0,16,16993,16993,9138,15560,4426,43290
3,2638,2637,1791066558553525,1791066558583623,30098,0,17,16754,16754,9126,15357,4385,42900
3,2639,2638,1791066558603525,1791066558624133,20608,0,18,16977,16977,9287,15649,4484,43960
3,2640,2639,1791066558653525,1791066558671154,17629,0,19,16934,16934,9428,15431,4493,43941
3,2641,2640,1791066558703525,1791066558718628,15103,0,0,16732,16732,9250,15265,4444,43570
3,2642,2641,1791066558753525,1791066558765824,12299,0,1,16977,16977,9508,15441,4637,45470
3,2643,2642,1791066558803525,1791066558812202,8677,0,2,16850,16850,9644,15354,4780,46830
3,2644,2643,1791066558853525,1791066558859492,5967,0,3,16954,16954,9712,15495,4806,47070
3,2645,2644,1791066558903525,1791066558904980,1455,0,4,16812,16812,9610,15382,4708,46195
3,2646,2645,1791066558953525,1791066558955419,1894,0,5,16840,16840,9853,15440,4902,47976
3,2647,2646,1791066559003525,1791066559005707,2182,0,6,16741,16741,9619,15332,4752,46480
3,2648,2647,1791066559053525,1791066559055246,1721,0,7,16878,16878,9697,15426,4667,45701
3,2649,2648,1791066559103525,1791066559104998,1473,0,8,16971,16971,9651,15534,4678,45846
3,2650,2649,1791066559153525,1791066559155879,2354,0,9,16802,16802,9458,15395,4541,44537
3,2651,2650,1791066559203525,1791066559205604,2079,0,10,16824,16824,9345,15453,4530,44440
3,2652,2651,1791066559253525,1791066559255079,1554,0,11,16857,16857,9383,15468,4561,44530
3,2653,2652,1791066559303525,1791066559305361,1836,0,12,17012,17012,9436,15605,4513,44070
3,2654,2653,1791066559353525,1791066559354874,1349,0,13,16858,16858,9244,15450,4343,42540
3,2655,2654,1791066559403525,1791066559405067,1542,0,14,16882,16882,9251,15490,4408,43190
3,2656,2655,1791066559453525,1791066559454840,1315,0,15,16852,16852,9260,15431,4382,42911
3,2657,2656,1791066559503525,1791066559505015,1490,0,16,16993,16993,9202,15524,4455,43580
3,2658,2657,1791066559553525,1791066559555004,1479,0,17,16754,16754,9185,15328,4406,43210
3,2659,2658,1791066559603525,1791066559605259,1734,0,18,16977,16977,9346,15620,4519,44270
3,2660,2659,1791066559653525,1791066559655408,1883,0,19,16934,16934,9489,15394,4509,44210
3,2661,2660,1791066559703525,1791066559705186,1661,0,0,16732,16732,9312,15236,4477,43896
3,2662,2661,1791066559753525,1791066559754889,1364,0,1,16977,16977,9569,15413,4670,45820
3,2663,2662,1791066559803525,1791066559805003,1478,0,2,16850,16850,9708,15323,4813,47160
3,2664,2663,1791066559853525,1791066559855303,1778,0,3,16954,16954,9774,15461,4843,47390
3,2665,2664,1791066559903525,1791066559905731,2206,0,4,16812,16812,9674,15358,4752,46541
3,2666,2665,1791066559953525,1791066559955823,2298,0,5,16840,16840,9916,15402,4931,48273
3,2667,2666,1791066560003525,1791066560005211,1686,0,6,16741,16741,9684,15306,4771,46850
3,2668,2667,1791066560053525,1791066560055196,1671,0,7,16878,16878,9764,15390,4698,46010
3,2669,2668,1791066560103525,1791066560105629,2104,0,8,16971,16971,9716,15500,4709,46150
3,2670,2669,1791066560153525,1791066560155280,1755,0,9,16802,16802,9518,15363,4583,44855
3,2671,2670,1791066560203525,1791066560205118,1593,0,10,16824,16824,9405,15421,4574,44770
3,2672,2671,1791066560253525,1791066560254896,1371,0,11,16857,16857,9442,15432,4583,44861
3,2673,2672,1791066560303525,1791066560305740,2215,0,12,17012,17012,9503,15578,4522,44410
3,2674,2673,1791066560353525,1791066560355257,1732,0,13,16858,16858,9304,15428,4388,42920
3,2675,2674,1791066560403525,1791066560406584,3059,0,14,16882,16882,9311,15454,4435,43480
3,2676,2675,1791066560453525,1791066560454943,1418,0,15,16852,16852,9322,15398,4420,43210
3,2677,2676,1791066560503525,1791066560505984,2459,0,16,16993,16993,9266,15497,4475,43920
3,2678,2677,1791066560553525,1791066560555524,1999,0,17,16754,16754,9244,15302,4446,43560
3,2679,2678,1791066560603525,1791066560605265,1740,0,18,16977,16977,9406,15597,4573,44680
3,2680,2679,1791066560653525,1791066560655785,2260,0,19,16934,16934,9552,15369,4550,44570
3,2681,2680,1791066560703525,1791066560704974,1449,0,0,16732,16732,9374,15208,4519,44220
3,2682,2681,1791066560753525,1791066560755048,1523,0,1,16977,16977,9632,15383,4716,46160
3,2683,2682,1791066560803525,1791066560805432,1907,0,2,16850,16850,9772,15293,4855,47510
3,2684,2683,1791066560853525,1791066560855210,1685,0,3,16954,16954,9837,15431,4871,47740
3,2685,2684,1791066560903525,1791066560905838,2313,0,4,16812,16812,9733,15326,4786,46900
3,2686,2685,1791066560953525,1791066560955459,1934,0,5,16840,16840,9983,15375,4963,48670
3,2687,2686,1791066561003525,1791066561004869,1344,0,6,16741,16741,9747,15278,4813,47220
3,2688,2687,1791066561053525,1791066561055314,1789,0,7,16878,16878,9830,15357,4727,46301
3,2689,2688,1791066561103525,1791066561105831,2306,0,8,16971,16971,9779,15472,4756,46520
3,2690,2689,1791066561153525,1791066561157428,3903,0,9,16802,16802,9582,15335,4609,45175
3,2691,2690,1791066561203525,1791066561205273,1748,0,10,16824,16824,9469,15395,4607,45110
3,2692,2691,1791066561253525,1791066561255163,1638,0,11,16857,16857,9511,15395,4609,45140
3,2693,2692,1791066561303525,1791066561304961,1436,0,12,17012,17012,9564,15553,4582,44780
3,2694,2693,1791066561353525,1791066561355759,2234,0,13,16858,16858,9364,15401,4412,43250
3,2695,2694,1791066561403525,1791066561405947,2422,0,14,16882,16882,9374,15434,4509,43870
3,2696,2695,1791066561453525,1791066561455320,1795,0,15,16852,16852,9384,15365,4450,43535
3,2697,2696,1791066561503525,1791066561505818,2293,0,16,16993,16993,9326,15461,4512,44210
3,2698,2697,1791066561553525,1791066561555061,1536,0,17,16754,16754,9304,15268,4479,43820
3,2699,2698,1791066561603525,1791066561605082,1557,0,18,16977,16977,9470,15563,4589,44990
3,2700,2699,1791066561653525,1791066561654985,1460,0,19,16934,16934,9612,15341,4580,44870
3,2701,2700,1791066561703525,1791066561705401,1876,0,0,16732,16732,9434,15172,4552,44520
3,2702,2701,1791066561753525,1791066561755474,1949,0,1,16977,16977,9695,15351,4742,46530
3,2703,2702,1791066561803525,1791066561804944,1419,0,2,16850,16850,9835,15265,4883,47910
3,2704,2703,1791066561853525,1791066561855627,2102,0,3,16954,16954,9903,15395,4917,48040
3,2705,2704,1791066561903525,1791066561905089,1564,0,4,16812,16812,9798,15302,4834,47281
3,2706,2705,1791066561953525,1791066561955283,1758,0,5,16840,16840,10048,15339,5014,49010
3,2707,2706,1791066562003525,1791066562006001,2476,0,6,16741,16741,9810,15244,4859,47550
3,2708,2707,1791066562053525,1791066562055182,1657,0,7,16878,16878,9893,15328,4765,46690
3,2709,2708,1791066562103525,1791066562105029,1504,0,8,16971,16971,9843,15445,4806,46930
3,2710,2709,1791066562153525,1791066562155046,1521,0,9,16802,16802,9642,15302,4633,45489
3,2711,2710,1791066562203525,1791066562205237,1712,0,10,16824,16824,9529,15367,4642,45480
3,2712,2711,1791066562253525,1791066562254964,1439,0,11,16857,16857,9573,15360,4645,45431
3,2713,2712,1791066562303525,1791066562305489,1964,0,12,17012,17012,9626,15519,4594,45100
3,2714,2713,1791066562353525,1791066562356912,3387,0,13,16858,16858,9423,15366,4435,43510
3,2715,2714,1791066562403525,1791066562405751,2226,0,14,16882,16882,9433,15400,4502,44170
3,2716,2715,1791066562453525,1791066562455315,1790,0,15,16852,16852,9446,15336,4480,43899
3,2717,2716,1791066562503525,1791066562505835,2310,0,16,16993,16993,9390,15429,4554,44540
3,2718,2717,1791066562553525,1791066562554999,1474,0,17,16754,16754,9362,15242,4507,44163
3,2719,2718,1791066562603525,1791066562605818,2293,0,18,16977,16977,9535,15528,4644,45300
3,2720,2719,1791066562653525,1791066562655317,1792,0,19,16934,16934,9668,15316,4621,45241
3,2721,2720,1791066562703525,1791066562705419,1894,0,0,16732,16732,9498,15138,4559,44785
3,2722,2721,1791066562753525,1791066562755261,1736,0,1,16977,16977,9762,15321,4781,46880
3,2723,2722,1791066562803525,1791066562805766,2241,0,2,16850,16850,9900,15244,4935,48330
3,2724,2723,1791066562853525,1791066562855326,1801,0,3,16954,16954,9966,15362,4950,48400
3,2725,2724,1791066562903525,1791066562904861,1336,0,4,16812,16812,9861,15274,4885,47650
3,2726,2725,1791066562953525,1791066562955463,1938,0,5,16840,16840,10116,15308,5046,49370
3,2727,2726,1791066563003525,1791066563005155,1630,0,6,16741,16741,9878,15215,4891,47940
3,2728,2727,1791066563053525,1791066563055209,1684,0,7,16878,16878,9958,15301,4801,47021
3,2729,2728,1791066563103525,1791066563104988,1463,0,8,16971,16971,9909,15403,4824,47198
3,2730,2729,1791066563153525,1791066563155401,1876,0,9,16802,16802,9706,15273,4675,45828
3,2731,2730,1791066563203525,1791066563205566,2041,0,10,16824,16824,9593,15344,4684,45890
3,2732,2731,1791066563253525,1791066563255431,1906,0,11,16857,16857,9638,15326,4680,45780
3,2733,2732,1791066563303525,1791066563307543,4018,0,12,17012,17012,9690,15490,4637,45430
3,2734,2733,1791066563353525,1791066563355346,1821,0,13,16858,16858,9484,15331,4467,43760
3,2735,2734,1791066563403525,1791066563404993,1468,0,14,16882,16882,9495,15373,4555,44520
3,2736,2735,1791066563453525,1791066563455081,1556,0,15,16852,16852,9509,15311,4512,44273
3,2737,2736,1791066563503525,1791066563505666,2141,0,16,16993,16993,9455,15399,4592,44890
3,2738,2737,1791066563553525,1791066563554999,1474,0,17,16754,16754,9423,15217,4542,44520
3,2739,2738,1791066563603525,1791066563604861,1336,0,18,16977,16977,9599,15488,4658,45590
3,2740,2739,1791066563653525,1791066563654930,1405,0,19,16934,16934,9730,15293,4647,45600
3,2741,2740,1791066563703525,1791066563705128,1603,0,0,16732,16732,9558,15111,4605,45136
3,2742,2741,1791066563753525,1791066563755073,1548,0,1,16977,16977,9826,15287,4812,47190
3,2743,2742,1791066563803525,1791066563805071,1546,0,2,16850,16850,9963,15215,4987,48730
3,2744,2743,1791066563853525,1791066563854973,1448,0,3,16954,16954,10034,15326,4975,48730
3,2745,2744,1791066563903525,1791066563905648,2123,0,4,16812,16812,9925,15240,4907,48000
3,2746,2745,1791066563953525,1791066563954942,1417,0,5,16840,16840,10183,15268,5072,49660
3,2747,2746,1791066564003525,1791066564005810,2285,0,6,16741,16741,9946,15183,4939,48310
3,2748,2747,1791066564053525,1791066564055196,1671,0,7,16878,16878,10018,15272,4846,47400
3,2749,2748,1791066564103525,1791066564104980,1455,0,8,16971,16971,9978,15378,4860,47616
3,2750,2749,1791066564153525,1791066564155537,2012,0,9,16802,16802,9769,15236,4716,46110
3,2751,2750,1791066564203525,1791066564205657,2132,0,10,16824,16824,9657,15313,4731,46220
3,2752,2751,1791066564253525,1791066564255348,1823,0,11,16857,16857,9706,15289,4701,46111
3,2753,2752,1791066564303525,1791066564305797,2272,0,12,17012,17012,9751,15460,4687,45800
3,2754,2753,1791066564353525,1791066564355244,1719,0,13,16858,16858,9543,15300,4505,44090
3,2755,2754,1791066564403525,1791066564405328,1803,0,14,16882,16882,9556,15340,4584,44840
3,2756,2755,1791066564453525,1791066564455062,1537,0,15,16852,16852,9571,15281,4553,44598
3,2757,2756,1791066564503525,1791066564505485,1960,0,16,16993,16993,9520,15364,4618,45210
3,2758,2757,1791066564553525,1791066564555788,2263,0,17,16754,16754,9484,15189,4579,44863
3,2759,2758,1791066564603525,1791066564605475,1950,0,18,16977,16977,9665,15456,4714,45940
3,2760,2759,1791066564653525,1791066564654866,1341,0,19,16934,16934,9789,15270,4692,45981
3,2761,2760,1791066564703525,1791066564705860,2335,0,0,16732,16732,9619,15089,4647,45540
3,2762,2761,1791066564753525,1791066564755758,2233,0,1,16977,16977,9890,15255,4853,47530
3,2763,2762,1791066564803525,1791066564805540,2015,0,2,16850,16850,10032,15179,5022,49090
3,2764,2763,1791066564853525,1791066564855053,1528,0,3,16954,16954,10103,15292,5019,49060
3,2765,2764,1791066564903525,1791066564905070,1545,0,4,16812,16812,9994,15205,4938,48347
3,2766,2765,1791066564953525,1791066564955435,1910,0,5,16840,16840,10252,15235,5114,50030
3,2767,2766,1791066565003525,1791066565005262,1737,0,6,16741,16741,10014,15148,4959,48600
3,2768,2767,1791066565053525,1791066565054835,1310,0,7,16878,16878,10085,15241,4866,47751
3,2769,2768,1791066565103525,1791066565105043,1518,0,8,16971,16971,10044,15345,4900,47960
3,2770,2769,1791066565153525,1791066565154812,1287,0,9,16802,16802,9833,15208,4743,46500
3,2771,2770,1791066565203525,1791066565204943,1418,0,10,16824,16824,9721,15282,4747,46550
3,2772,2771,1791066565253525,1791066565254971,1446,0,11,16857,16857,9773,15255,4741,46460
3,2773,2772,1791066565303525,1791066565305236,1711,0,12,17012,17012,9818,15424,4700,46130
3,2774,2773,1791066565353525,1791066565354939,1414,0,13,16858,16858,9605,15272,4547,44450
3,2775,2774,1791066565403525,1791066565405524,1999,0,14,16882,16882,9618,15309,4614,45200
3,2776,2775,1791066565453525,1791066565454905,1380,0,15,16852,16852,9632,15253,4598,44948
3,2777,2776,1791066565503525,1791066565505822,2297,0,16,16993,16993,9587,15333,4661,45540
3,2778,2777,1791066565553525,1791066565554930,1405,0,17,16754,16754,9545,15163,4619,45230
3,2779,2778,1791066565603525,1791066565605801,2276,0,18,16977,16977,9731,15424,4733,46260
3,2780,2779,1791066565653525,1791066565654980,1455,0,19,16934,16934,9850,15236,4727,46300
3,2781,2780,1791066565703525,1791066565705338,1813,0,0,16732,16732,9682,15056,4695,45860
3,2782,2781,1791066565753525,1791066565755621,2096,0,1,16977,16977,9955,15215,4894,47850
3,2783,2782,1791066565803525,1791066565805175,1650,0,2,16850,16850,10102,15141,5047,49420
3,2784,2783,1791066565853525,1791066565855255,1730,0,3,16954,16954,10170,15254,5051,49361
3,2785,2784,1791066565903525,1791066565904985,1460,0,4,16812,16812,10062,15171,4971,48670
3,2786,2785,1791066565953525,1791066565955310,1785,0,5,16840,16840,10321,15204,5154,50400
3,2787,2786,1791066566003525,1791066566005328,1803,0,6,16741,16741,10078,15119,5001,48970
3,2788,2787,1791066566053525,1791066566054997,1472,0,7,16878,16878,10151,15217,4927,48150
3,2789,2788,1791066566103525,1791066566105676,2151,0,8,16971,16971,10110,15316,4944,48330
3,2790,2789,1791066566153525,1791066566154916,1391,0,9,16802,16802,9900,15181,4803,46908
3,2791,2790,1791066566203525,1791066566205069,1544,0,10,16824,16824,9785,15248,4783,46900
3,2792,2791,1791066566253525,1791066566254965,1440,0,11,16857,16857,9839,15230,4783,46841
3,2793,2792,1791066566303525,1791066566304968,1443,0,12,17012,17012,9883,15395,4741,46510
3,2794,2793,1791066566353525,1791066566355383,1858,0,13,16858,16858,9669,15243,4579,44780
3,2795,2794,1791066566403525,1791066566405673,2148,0,14,16882,16882,9685,15273,4659,45510
3,2796,2795,1791066566453525,1791066566455871,2346,0,15,16852,16852,9697,15227,4639,45356
3,2797,2796,1791066566503525,1791066566505452,1927,0,16,16993,16993,9651,15301,4693,45900
3,2798,2797,1791066566553525,1791066566555096,1571,0,17,16754,16754,9608,15129,4663,45530
3,2799,2798,1791066566603525,1791066566605616,2091,0,18,16977,16977,9795,15383,4754,46530
3,2800,2799,1791066566653525,1791066566655642,2117,0,19,16934,16934,9915,15206,4770,46650
3,2801,2800,1791066566703525,1791066566705069,1544,0,0,16732,16732,9746,15029,4721,46230
3,2802,2801,1791066566753525,1791066566755672,2147,0,1,16977,16977,10026,15182,4925,48180
3,2803,2802,1791066566803525,1791066566805701,2176,0,2,16850,16850,10173,15101,5078,49700
3,2804,2803,1791066566853525,1791066566855046,1521,0,3,16954,16954,10237,15224,5072,49760
3,2805,2804,1791066566903525,1791066566905312,1787,0,4,16812,16812,10128,15142,5010,49050
3,2806,2805,1791066566953525,1791066566955698,2173,0,5,16840,16840,10388,15166,5184,50750
3,2807,2806,1791066567003525,1791066567005190,1665,0,6,16741,16741,10144,15086,5059,49340
3,2808,2807,1791066567053525,1791066567055326,1801,0,7,16878,16878,10214,15183,4955,48461
3,2809,2808,1791066567103525,1791066567105807,2282,0,8,16971,16971,10176,15287,4983,48710
3,2810,2809,1791066567153525,1791066567155433,1908,0,9,16802,16802,9967,15150,4849,47270
3,2811,2810,1791066567203525,1791066567205191,1666,0,10,16824,16824,9854,15214,4826,47230
3,2812,2811,1791066567253525,1791066567254978,1453,0,11,16857,16857,9903,15201,4817,47200
3,2813,2812,1791066567303525,1791066567305862,2337,0,12,17012,17012,9948,15364,4786,46840
3,2814,2813,1791066567353525,1791066567355493,1968,0,13,16858,16858,9730,15207,4607,45100
3,2815,2814,1791066567403525,1791066567405381,1856,0,14,16882,16882,9750,15251,4701,45910
3,2816,2815,1791066567453525,1791066567455515,1990,0,15,16852,16852,9763,15190,4661,45644
3,2817,2816,1791066567503525,1791066567505510,1985,0,16,16993,16993,9718,15274,4720,46330
3,2818,2817,1791066567553525,1791066567555855,2330,0,17,16754,16754,9670,15100,4679,45910
3,2819,2818,1791066567603525,1791066567605687,2162,0,18,16977,16977,9861,15356,4787,46890
3,2820,2819,1791066567653525,1791066567654966,1441,0,19,16934,16934,9979,15177,4799,47000
3,2821,2820,1791066567703525,1791066567704836,1311,0,0,16732,16732,9810,14998,4765,46600
3,2822,2821,1791066567753525,1791066567755686,2161,0,1,16977,16977,10091,15148,4961,48530
3,2823,2822,1791066567803525,1791066567805097,1572,0,2,16850,16850,10241,15065,5094,50020
3,2824,2823,1791066567853525,1791066567855040,1515,0,3,16954,16954,10304,15192,5105,50131
3,2825,2824,1791066567903525,1791066567905530,2005,0,4,16812,16812,10194,15111,5073,49460
3,2826,2825,1791066567953525,1791066567955539,2014,0,5,16840,16840,10458,15128,5224,51090
3,2827,2826,1791066568003525,1791066568005671,2146,0,6,16741,16741,10212,15047,5084,49650
3,2828,2827,1791066568053525,1791066568055307,1782,0,7,16878,16878,10278,15153,4997,48860
3,2829,2828,1791066568103525,1791066568105495,1970,0,8,16971,16971,10243,15256,5016,49090
3,2830,2829,1791066568153525,1791066568155296,1771,0,9,16802,16802,10033,15117,4881,47649
3,2831,2830,1791066568203525,1791066568205989,2464,0,10,16824,16824,9920,15181,4854,47590
3,2832,2831,1791066568253525,1791066568255568,2043,0,11,16857,16857,9966,15175,4854,47600
3,2833,2832,1791066568303525,1791066568305411,1886,0,12,17012,17012,10011,15337,4842,47240
3,2834,2833,1791066568353525,1791066568355430,1905,0,13,16858,16858,9798,15170,4641,45410
3,2835,2834,1791066568403525,1791066568405419,1894,0,14,16882,16882,9812,15215,4730,46260
3,2836,2835,1791066568453525,1791066568454872,1347,0,15,16852,16852,9829,15161,4694,46010
3,2837,2836,1791066568503525,1791066568505063,1538,0,16,16993,16993,9785,15245,4762,46690
3,2838,2837,1791066568553525,1791066568555466,1941,0,17,16754,16754,9736,15071,4723,46266
3,2839,2838,1791066568603525,1791066568605108,1583,0,18,16977,16977,9924,15328,4853,47260
3,2840,2839,1791066568653525,1791066568654977,1452,0,19,16934,16934,10043,15143,4831,47330
3,2841,2840,1791066568703525,1791066568705732,2207,0,0,16732,16732,9875,14975,4787,47030
3,2842,2841,1791066568753525,1791066568756658,3133,0,1,16977,16977,10159,15108,5002,48810
3,2843,2842,1791066568803525,1791066568804958,1433,0,2,16850,16850,10308,15027,5151,50360
3,2844,2843,1791066568853525,1791066568854900,1375,0,3,16954,16954,10372,15161,5156,50510
3,2845,2844,1791066568903525,1791066568905745,2220,0,4,16812,16812,10264,15074,5099,49770
3,2846,2845,1791066568953525,1791066568955225,1700,0,5,16840,16840,10529,15089,5249,51390
3,2847,2846,1791066569003525,1791066569005409,1884,0,6,16741,16741,10280,15014,5102,50020
3,2848,2847,1791066569053525,1791066569054980,1455,0,7,16878,16878,10346,15115,5032,49190
3,2849,2848,1791066569103525,1791066569105423,1898,0,8,16971,16971,10309,15219,5055,49400
3,2850,2849,1791066569153525,1791066569155618,2093,0,9,16802,16802,10103,15078,4902,47930
3,2851,2850,1791066569203525,1791066569205322,1797,0,10,16824,16824,9989,15151,4914,47968
3,2852,2851,1791066569253525,1791066569254988,1463,0,11,16857,16857,10031,15148,4901,47990
3,2853,2852,1791066569303525,1791066569305516,1991,0,12,17012,17012,10078,15300,4851,47560
3,2854,2853,1791066569353525,1791066569355124,1599,0,13,16858,16858,9864,15142,4680,45780
3,2855,2854,1791066569403525,1791066569405437,1912,0,14,16882,16882,9880,15183,4756,46590
3,2856,2855,1791066569453525,1791066569455442,1917,0,15,16852,16852,9893,15134,4728,46374
3,2857,2856,1791066569503525,1791066569505615,2090,0,16,16993,16993,9850,15206,4800,47000
3,2858,2857,1791066569553525,1791066569554909,1384,0,17,16754,16754,9800,15044,4770,46660
3,2859,2858,1791066569603525,1791066569607409,3884,0,18,16977,16977,9988,15297,4865,47620
3,2860,2859,1791066569653525,1791066569655123,1598,0,19,16934,16934,10108,15104,4865,47640
3,2861,2860,1791066569703525,1791066569705342,1817,0,0,16732,16732,9939,14952,4844,47440
3,2862,2861,1791066569753525,1791066569755838,2313,0,1,16977,16977,10227,15067,5018,49130
3,2863,2862,1791066569803525,1791066569805383,1858,0,2,16850,16850,10379,14994,5185,50760
3,2864,2863,1791066569853525,1791066569854936,1411,0,3,16954,16954,10440,15128,5203,50891
3,2865,2864,1791066569903525,1791066569905614,2089,0,4,16812,16812,10333,15036,5113,50120
3,2866,2865,1791066569953525,1791066569955342,1817,0,5,16840,16840,10598,15050,5293,51720
3,2867,2866,1791066570003525,1791066570005212,1687,0,6,16741,16741,10348,14982,5151,50410
3,2868,2867,1791066570053525,1791066570054894,1369,0,7,16878,16878,10415,15085,5074,49580
3,2869,2868,1791066570103525,1791066570105523,1998,0,8,16971,16971,10375,15179,5082,49720
3,2870,2869,1791066570153525,1791066570155392,1867,0,9,16802,16802,10170,15050,4942,48310
3,2871,2870,1791066570203525,1791066570204901,1376,0,10,16824,16824,10057,15117,4937,48370
3,2872,2871,1791066570253525,1791066570255241,1716,0,11,16857,16857,10097,15118,4949,48331
3,2873,2872,1791066570303525,1791066570305419,1894,0,12,17012,17012,10146,15269,4914,47920
3,2874,2873,1791066570353525,1791066570355460,1935,0,13,16858,16858,9929,15104,4728,46080
3,2875,2874,1791066570403525,1791066570405066,1541,0,14,16882,16882,9944,15152,4798,46970
3,2876,2875,1791066570453525,1791066570455749,2224,0,15,16852,16852,9955,15100,4783,46723
3,2877,2876,1791066570503525,1791066570505296,1771,0,16,16993,16993,9918,15176,4831,47380
3,2878,2877,1791066570553525,1791066570555846,2321,0,17,16754,16754,9866,15009,4803,46990
3,2879,2878,1791066570603525,1791066570605574,2049,0,18,16977,16977,10053,15261,4887,47920
3,2880,2879,1791066570653525,1791066570681844,28319,0,19,16934,16934,10174,15078,4914,48040
3,2881,2880,1791066570703525,1791066570727322,23797,0,0,16732,16732,10003,14920,4879,47780
3,2882,2881,1791066570753525,1791066570773733,20208,0,1,16977,16977,10297,15039,5063,49530
3,2883,2882,1791066570803525,1791066570822145,18620,0,2,16850,16850,10450,14966,5221,51150
3,2884,2883,1791066570853525,1791066570865878,12353,0,3,16954,16954,10510,15102,5235,51310
3,2885,2884,1791066570903525,1791066570910029,6504,0,4,16812,16812,10404,15001,5156,50490
3,2886,2885,1791066570953525,1791066570959881,6356,0,5,16840,16840,10670,15011,5330,52060
3,2887,2886,1791066571003525,1791066571005477,1952,0,6,16741,16741,10417,14950,5186,50790
3,2888,2887,1791066571053525,1791066571055264,1739,0,7,16878,16878,10483,15046,5099,49911
3,2889,2888,1791066571103525,1791066571105512,1987,0,8,16971,16971,10446,15139,5103,50040
3,2890,2889,1791066571153525,1791066571155518,1993,0,9,16802,16802,10236,15021,4979,48680
3,2891,2890,1791066571203525,1791066571207194,3669,0,10,16824,16824,10130,15081,4982,48720
3,2892,2891,1791066571253525,1791066571255441,1916,0,11,16857,16857,10161,15086,4969,48680
3,2893,2892,1791066571303525,1791066571305677,2152,0,12,17012,17012,10211,15239,4935,48280
3,2894,2893,1791066571353525,1791066571355354,1829,0,13,16858,16858,9997,15077,4736,46470
3,2895,2894,1791066571403525,1791066571405553,2028,0,14,16882,16882,10013,15119,4838,47320
3,2896,2895,1791066571453525,1791066571455341,1816,0,15,16852,16852,10024,15064,4812,47041
3,2897,2896,1791066571503525,1791066571505104,1579,0,16,16993,16993,9983,15141,4872,47710
3,2898,2897,1791066571553525,1791066571555635,2110,0,17,16754,16754,9932,14973,4828,47270
3,2899,2898,1791066571603525,1791066571605774,2249,0,18,16977,16977,10119,15229,4932,48260
3,2900,2899,1791066571653525,1791066571655007,1482,0,19,16934,16934,10239,15047,4954,48370
3,2901,2900,1791066571703525,1791066571705593,2068,0,0,16732,16732,10068,14892,4928,48190
3,2902,2901,1791066571753525,1791066571754975,1450,0,1,16977,16977,10364,15004,5104,49900
3,2903,2902,1791066571803525,1791066571804948,1423,0,2,16850,16850,10515,14940,5273,51590
3,2904,2903,1791066571853525,1791066571855237,1712,0,3,16954,16954,10578,15073,5293,51741
3,2905,2904,1791066571903525,1791066571904947,1422,0,4,16812,16812,10473,14969,5207,50853
3,2906,2905,1791066571953525,1791066571955832,2307,0,5,16840,16840,10743,14976,5358,52430
3,2907,2906,1791066572003525,1791066572005132,1607,0,6,16741,16741,10487,14921,5237,51200
3,2908,2907,1791066572053525,1791066572055148,1623,0,7,16878,16878,10554,15014,5143,50290
3,2909,2908,1791066572103525,1791066572105231,1706,0,8,16971,16971,10517,15102,5140,50348
3,2910,2909,1791066572153525,1791066572155548,2023,0,9,16802,16802,10302,14992,5013,49070
3,2911,2910,1791066572203525,1791066572205811,2286,0,10,16824,16824,10199,15047,5008,49069
3,2912,2911,1791066572253525,1791066572255605,2080,0,11,16857,16857,10226,15053,5004,49021
3,2913,2912,1791066572303525,1791066572305622,2097,0,12,17012,17012,10274,15215,4971,48700
3,2914,2913,1791066572353525,1791066572355662,2137,0,13,16858,16858,10063,15045,4773,46790
3,2915,2914,1791066572403525,1791066572405292,1767,0,14,16882,16882,10079,15081,4873,47620
3,2916,2915,1791066572453525,1791066572455526,2001,0,15,16852,16852,10091,15021,4828,47323
3,2917,2916,1791066572503525,1791066572504926,1401,0,16,16993,16993,10049,15120,4916,48160
3,2918,2917,1791066572553525,1791066572555278,1753,0,17,16754,16754,9997,14941,4876,47630
3,2919,2918,1791066572603525,1791066572605083,1558,0,18,16977,16977,10184,15198,4973,48610
3,2920,2919,1791066572653525,1791066572655160,1635,0,19,16934,16934,10303,15014,4969,48730
3,2921,2920,1791066572703525,1791066572705117,1592,0,0,16732,16732,10133,14861,4967,48530
3,2922,2921,1791066572753525,1791066572755192,1667,0,1,16977,16977,10436,14968,5136,50240
3,2923,2922,1791066572803525,1791066572805644,2119,0,2,16850,16850,10585,14906,5315,51950
3,2924,2923,1791066572853525,1791066572854859,1334,0,3,16954,16954,10649,15041,5322,52160
3,2925,2924,1791066572903525,1791066572905555,2030,0,4,16812,16812,10542,14935,5223,51230
3,2926,2925,1791066572953525,1791066572955093,1568,0,5,16840,16840,10815,14940,5397,52778
3,2927,2926,1791066573003525,1791066573005105,1580,0,6,16741,16741,10555,14884,5267,51570
3,2928,2927,1791066573053525,1791066573055084,1559,0,7,16878,16878,10622,14982,5181,50650
3,2929,2928,1791066573103525,1791066573105842,2317,0,8,16971,16971,10585,15064,5175,50650
3,2930,2929,1791066573153525,1791066573157138,3613,0,9,16802,16802,10369,14964,5061,49470
3,2931,2930,1791066573203525,1791066573205233,1708,0,10,16824,16824,10266,15017,5066,49450
3,2932,2931,1791066573253525,1791066573255553,2028,0,11,16857,16857,10292,15025,5053,49390
3,2933,2932,1791066573303525,1791066573305508,1983,0,12,17012,17012,10340,15183,5006,49110
3,2934,2933,1791066573353525,1791066573355408,1883,0,13,16858,16858,10126,15017,4822,47160
3,2935,2934,1791066573403525,1791066573405847,2322,0,14,16882,16882,10145,15049,4903,47970
3,2936,2935,1791066573453525,1791066573454986,1461,0,15,16852,16852,10161,14981,4870,47610
3,2937,2936,1791066573503525,1791066573505676,2151,0,16,16993,16993,10115,15089,4960,48520
3,2938,2937,1791066573553525,1791066573555573,2048,0,17,16754,16754,10064,14905,4904,47980
3,2939,2938,1791066573603525,1791066573605855,2330,0,18,16977,16977,10249,15170,5005,49020
3,2940,2939,1791066573653525,1791066573655368,1843,0,19,16934,16934,10372,14985,5011,49100
3,2941,2940,1791066573703525,1791066573705553,2028,0,0,16732,16732,10199,14837,5002,48978
3,2942,2941,1791066573753525,1791066573755836,2311,0,1,16977,16977,10504,14938,5188,50640
3,2943,2942,1791066573803525,1791066573806619,3094,0,2,16850,16850,10655,14871,5333,52310
3,2944,2943,1791066573853525,1791066573855114,1589,0,3,16954,16954,10724,15010,5372,52590
3,2945,2944,1791066573903525,1791066573905387,1862,0,4,16812,16812,10613,14903,5281,51640
3,2946,2945,1791066573953525,1791066573954969,1444,0,5,16840,16840,10884,14904,5425,53167
3,2947,2946,1791066574003525,1791066574005053,1528,0,6,16741,16741,10628,14849,5309,51930
3,2948,2947,1791066574053525,1791066574055258,1733,0,7,16878,16878,10689,14947,5221,51030
3,2949,2948,1791066574103525,1791066574104909,1384,0,8,16971,16971,10653,15035,5217,51100
3,2950,2949,1791066574153525,1791066574155415,1890,0,9,16802,16802,10436,14930,5094,49835
3,2951,2950,1791066574203525,1791066574204991,1466,0,10,16824,16824,10334,14980,5099,49820
3,2952,2951,1791066574253525,1791066574254884,1359,0,11,16857,16857,10357,14991,5089,49761
3,2953,2952,1791066574303525,1791066574305600,2075,0,12,17012,17012,10411,15146,5047,49420
3,2954,2953,1791066574353525,1791066574355844,2319,0,13,16858,16858,10191,14995,4866,47600
3,2955,2954,1791066574403525,1791066574405265,1740,0,14,16882,16882,10212,15020,4959,48350
3,2956,2955,1791066574453525,1791066574455073,1548,0,15,16852,16852,10228,14955,4900,48020
3,2957,2956,1791066574503525,1791066574505394,1869,0,16,16993,16993,10180,15058,4994,48930
3,2958,2957,1791066574553525,1791066574555344,1819,0,17,16754,16754,10133,14876,4926,48360
3,2959,2958,1791066574603525,1791066574604870,1345,0,18,16977,16977,10316,15137,5045,49380
3,2960,2959,1791066574653525,1791066574655212,1687,0,19,16934,16934,10438,14950,5070,49460
3,2961,2960,1791066574703525,1791066574720292,16767,0,0,16732,16732,10268,14805,5046,49340
3,2962,2961,1791066574753525,1791066574765496,11971,0,1,16977,16977,10573,14897,5210,50980
3,2963,2962,1791066574803525,1791066574815510,11985,0,2,16850,16850,10725,14840,5392,52700
3,2964,2963,1791066574853525,1791066574857256,3731,0,3,16954,16954,10797,14977,5417,52980
3,2965,2964,1791066574903525,1791066574905882,2357,0,4,16812,16812,10685,14860,5306,51950
3,2966,2965,1791066574953525,1791066574955334,1809,0,5,16840,16840,10959,14869,5467,53550
3,2967,2966,1791066575003525,1791066575005186,1661,0,6,16741,16741,10698,14814,5342,52310
3,2968,2967,1791066575053525,1791066575055385,1860,0,7,16878,16878,10761,14913,5268,51411
3,2969,2968,1791066575103525,1791066575104988,1463,0,8,16971,16971,10726,15002,5251,51486
3,2970,2969,1791066575153525,1791066575155556,2031,0,9,16802,16802,10507,14899,5149,50240
3,2971,2970,1791066575203525,1791066575205532,2007,0,10,16824,16824,10407,14943,5127,50150
3,2972,2971,1791066575253525,1791066575255081,1556,0,11,16857,16857,10427,14950,5123,50110
3,2973,2972,1791066575303525,1791066575305290,1765,0,12,17012,17012,10479,15114,5082,49800
3,2974,2973,1791066575353525,1791066575355824,2299,0,13,16858,16858,10256,14965,4905,47970
3,2975,2974,1791066575403525,1791066575405747,2222,0,14,16882,16882,10278,14990,4980,48740
3,2976,2975,1791066575453525,1791066575455707,2182,0,15,16852,16852,10294,14919,4931,48343
3,2977,2976,1791066575503525,1791066575505155,1630,0,16,16993,16993,10250,15027,5043,49310
3,2978,2977,1791066575553525,1791066575555441,1916,0,17,16754,16754,10199,14840,4985,48670
3,2979,2978,1791066575603525,1791066575605131,1606,0,18,16977,16977,10385,15099,5083,49710
3,2980,2979,1791066575653525,1791066575655254,1729,0,19,16934,16934,10506,14918,5102,49830
3,2981,2980,1791066575703525,1791066575705401,1876,0,0,16732,16732,10334,14769,5069,49690
3,2982,2981,1791066575753525,1791066575754995,1470,0,1,16977,16977,10648,14859,5268,51320
3,2983,2982,1791066575803525,1791066575805822,2297,0,2,16850,16850,10795,14805,5428,53120
3,2984,2983,1791066575853525,1791066575855480,1955,0,3,16954,16954,10869,14929,5453,53311
3,2985,2984,1791066575903525,1791066575904946,1421,0,4,16812,16812,10758,14824,5330,52300
3,2986,2985,1791066575953525,1791066575955743,2218,0,5,16840,16840,11032,14834,5519,53940
3,2987,2986,1791066576003525,1791066576005545,2020,0,6,16741,16741,10771,14783,5390,52720
3,2988,2987,1791066576053525,1791066576055084,1559,0,7,16878,16878,10833,14871,5284,51760
3,2989,2988,1791066576103525,1791066576105401,1876,0,8,16971,16971,10799,14968,5303,51837
3,2990,2989,1791066576153525,1791066576157480,3955,0,9,16802,16802,10577,14863,5191,50620
3,2991,2990,1791066576203525,1791066576205816,2291,0,10,16824,16824,10475,14907,5166,50540
3,2992,2991,1791066576253525,1791066576254951,1426,0,11,16857,16857,10501,14920,5181,50551
3,2993,2992,1791066576303525,1791066576305335,1810,0,12,17012,17012,10549,15082,5141,50170
3,2994,2993,1791066576353525,1791066576357588,4063,0,13,16858,16858,10322,14929,4928,48300
3,2995,2994,1791066576403525,1791066576405835,2310,0,14,16882,16882,10345,14959,5013,49120
3,2996,2995,1791066576453525,1791066576455084,1559,0,15,16852,16852,10361,14889,4971,48710
3,2997,2996,1791066576503525,1791066576505705,2180,0,16,16993,16993,10319,14992,5072,49670
3,2998,2997,1791066576553525,1791066576556638,3113,0,17,16754,16754,10266,14805,5000,49060
3,2999,2998,1791066576603525,1791066576605167,1642,0,18,16977,16977,10456,15066,5114,50070
3,3000,2999,1791066576653525,1791066576655825,2300,0,19,16934,16934,10576,14882,5121,50201
3,3001,3000,1791066576703525,1791066576705496,1971,0,0,16732,16732,10404,14739,5125,50060
3,3002,3001,1791066576753525,1791066576755536,2011,0,1,16977,16977,10719,14825,5289,51740
3,3003,3002,1791066576803525,1791066576805421,1896,0,2,16850,16850,10869,14775,5467,53560
3,3004,3003,1791066576853525,1791066576855839,2314,0,3,16954,16954,10948,14889,5488,53700
3,3005,3004,1791066576903525,1791066576905259,1734,0,4,16812,16812,10828,14788,5388,52680
3,3006,3005,1791066576953525,1791066576955847,2322,0,5,16840,16840,11105,14791,5551,54270
3,3007,3006,1791066577003525,1791066577005276,1751,0,6,16741,16741,10840,14755,5436,53160
3,3008,3007,1791066577053525,1791066577056021,2496,0,7,16878,16878,10909,14830,5318,52081
3,3009,3008,1791066577103525,1791066577104842,1317,0,8,16971,16971,10868,14934,5339,52240
3,3010,3009,1791066577153525,1791066577155125,1600,0,9,16802,16802,10648,14829,5210,51022
3,3011,3010,1791066577203525,1791066577205773,2248,0,10,16824,16824,10548,14870,5203,50900
3,3012,3011,1791066577253525,1791066577255771,2246,0,11,16857,16857,10575,14879,5198,50900
3,3013,3012,1791066577303525,1791066577305363,1838,0,12,17012,17012,10617,15052,5172,50620
3,3014,3013,1791066577353525,1791066577354837,1312,0,13,16858,16858,10390,14893,4972,48600
3,3015,3014,1791066577403525,1791066577405345,1820,0,14,16882,16882,10414,14929,5070,49500
3,3016,3015,1791066577453525,1791066577455057,1532,0,15,16852,16852,10425,14858,5022,49091
3,3017,3016,1791066577503525,1791066577504909,1384,0,16,16993,16993,10390,14965,5118,50100
3,3018,3017,1791066577553525,1791066577555224,1699,0,17,16754,16754,10338,14769,5040,49370
3,3019,3018,1791066577603525,1791066577605852,2327,0,18,16977,16977,10525,15034,5159,50470
3,3020,3019,1791066577653525,1791066577655281,1756,0,19,16934,16934,10646,14847,5173,50560
3,3021,3020,1791066577703525,1791066577705566,2041,0,0,16732,16732,10471,14705,5157,50459
3,3022,3021,1791066577753525,1791066577754942,1417,0,1,16977,16977,10794,14793,5320,52130
3,3023,3022,1791066577803525,1791066577805100,1575,0,2,16850,16850,10942,14744,5509,53970
3,3024,3023,1791066577853525,1791066577867613,14088,0,3,16954,16954,11022,14856,5524,54091
3,3025,3024,1791066577903525,1791066577920529,17004,0,4,16812,16812,10901,14755,5448,53060
3,3026,3025,1791066577953525,1791066577964172,10647,0,5,16840,16840,11181,14752,5583,54650
3,3027,3026,1791066578003525,1791066578014419,10894,0,6,16741,16741,10911,14717,5484,53520
3,3028,3027,1791066578053525,1791066578058413,4888,0,7,16878,16878,10983,14799,5372,52520
3,3029,3028,1791066578103525,1791066578105634,2109,0,8,16971,16971,10941,14893,5402,52587
3,3030,3029,1791066578153525,1791066578155203,1678,0,9,16802,16802,10720,14791,5247,51350
3,3031,3030,1791066578203525,1791066578205597,2072,0,10,16824,16824,10620,14831,5240,51250
3,3032,3031,1791066578253525,1791066578254991,1466,0,11,16857,16857,10649,14849,5256,51310
3,3033,3032,1791066578303525,1791066578307094,3569,0,12,17012,17012,10690,15017,5205,50990
3,3034,3033,1791066578353525,1791066578355361,1836,0,13,16858,16858,10455,14862,5005,49010
3,3035,3034,1791066578403525,1791066578404966,1441,0,14,16882,16882,10482,14898,5097,49920
3,3036,3035,1791066578453525,1791066578454809,1284,0,15,16852,16852,10494,14816,5046,49392
3,3037,3036,1791066578503525,1791066578505508,1983,0,16,16993,16993,10459,14935,5152,50520
3,3038,3037,1791066578553525,1791066578555200,1675,0,17,16754,16754,10406,14740,5098,49790
3,3039,3038,1791066578603525,1791066578605293,1768,0,18,16977,16977,10597,14998,5194,50830
3,3040,3039,1791066578653525,1791066578655292,1767,0,19,16934,16934,10714,14810,5197,50891
3,3041,3040,1791066578703525,1791066578705810,2285,0,0,16732,16732,10544,14670,5199,50820
3,3042,3041,1791066578753525,1791066578754897,1372,0,1,16977,16977,10865,14754,5361,52490
3,3043,3042,1791066578803525,1791066578805782,2257,0,2,16850,16850,11013,14704,5566,54330
3,3044,3043,1791066578853525,1791066578855575,2050,0,3,16954,16954,11095,14824,5587,54540
3,3045,3044,1791066578903525,1791066578905117,1592,0,4,16812,16812,10972,14714,5452,53395
3,3046,3045,1791066578953525,1791066578954989,1464,0,5,16840,16840,11256,14721,5628,55070
3,3047,3046,1791066579003525,1791066579005746,2221,0,6,16741,16741,10983,14681,5526,53940
3,3048,3047,1791066579053525,1791066579055076,1551,0,7,16878,16878,11057,14762,5414,52890
3,3049,3048,1791066579103525,1791066579104943,1418,0,8,16971,16971,11016,14859,5432,52985
3,3050,3049,1791066579153525,1791066579155701,2176,0,9,16802,16802,10790,14756,5287,51730
3,3051,3050,1791066579203525,1791066579205555,2030,0,10,16824,16824,10693,14794,5292,51610
3,3052,3051,1791066579253525,1791066579255323,1798,0,11,16857,16857,10719,14822,5297,51780
3,3053,3052,1791066579303525,1791066579305833,2308,0,12,17012,17012,10760,14985,5258,51380
3,3054,3053,1791066579353525,1791066579355115,1590,0,13,16858,16858,10526,14826,5051,49330
3,3055,3054,1791066579403525,1791066579405398,1873,0,14,16882,16882,10555,14861,5120,50210
3,3056,3055,1791066579453525,1791066579454898,1373,0,15,16852,16852,10566,14787,5091,49790
3,3057,3056,1791066579503525,1791066579504996,1471,0,16,16993,16993,10530,14904,5207,50910
3,3058,3057,1791066579553525,1791066579555949,2424,0,17,16754,16754,10475,14711,5129,50160
3,3059,3058,1791066579603525,1791066579605882,2357,0,18,16977,16977,10668,14967,5250,51250
3,3060,3059,1791066579653525,1791066579654993,1468,0,19,16934,16934,10784,14771,5251,51250
3,3061,3060,1791066579703525,1791066579705420,1895,0,0,16732,16732,10614,14636,5261,51187
3,3062,3061,1791066579753525,1791066579755825,2300,0,1,16977,16977,10938,14714,5396,52830
3,3063,3062,1791066579803525,1791066579805281,1756,0,2,16850,16850,11088,14663,5584,54740
3,3064,3063,1791066579853525,1791066579855114,1589,0,3,16954,16954,11172,14788,5611,54971
3,3065,3064,1791066579903525,1791066579905509,1984,0,4,16812,16812,11047,14669,5498,53727
3,3066,3065,1791066579953525,1791066579955970,2445,0,5,16840,16840,11329,14690,5671,55520
3,3067,3066,1791066580003525,1791066580005584,2059,0,6,16741,16741,11060,14640,5543,54290
3,3068,3067,1791066580053525,1791066580055316,1791,0,7,16878,16878,11130,14725,5458,53260
3,3069,3068,1791066580103525,1791066580105248,1723,0,8,16971,16971,11089,14825,5462,53380
3,3070,3069,1791066580153525,1791066580155075,1550,0,9,16802,16802,10863,14723,5320,52102
3,3071,3070,1791066580203525,1791066580204959,1434,0,10,16824,16824,10763,14758,5297,51975
3,3072,3071,1791066580253525,1791066580254995,1470,0,11,16857,16857,10791,14781,5340,52110
3,3073,3072,1791066580303525,1791066580305306,1781,0,12,17012,17012,10831,14954,5303,51800
3,3074,3073,1791066580353525,1791066580355616,2091,0,13,16858,16858,10594,14798,5083,49719
3,3075,3074,1791066580403525,1791066580407651,4126,0,14,16882,16882,10621,14827,5189,50560
3,3076,3075,1791066580453525,1791066580455400,1875,0,15,16852,16852,10634,14756,5146,50168
3,3077,3076,1791066580503525,1791066580505047,1522,0,16,16993,16993,10599,14873,5240,51310
3,3078,3077,1791066580553525,1791066580555447,1922,0,17,16754,16754,10542,14682,5177,50570
3,3079,3078,1791066580603525,1791066580605675,2150,0,18,16977,16977,10740,14932,5276,51590
3,3080,3079,1791066580653525,1791066580654954,1429,0,19,16934,16934,10855,14732,5285,51610
3,3081,3080,1791066580703525,1791066580705323,1798,0,0,16732,16732,10683,14598,5259,51550
3,3082,3081,1791066580753525,1791066580755405,1880,0,1,16977,16977,11011,14679,5433,53210
3,3083,3082,1791066580803525,1791066580806939,3414,0,2,16850,16850,11168,14621,5634,55090
3,3084,3083,1791066580853525,1791066580855293,1768,0,3,16954,16954,11249,14739,5641,55290
3,3085,3084,1791066580903525,1791066580905053,1528,0,4,16812,16812,11124,14643,5552,54226
3,3086,3085,1791066580953525,1791066580955741,2216,0,5,16840,16840,11403,14654,5717,55940
3,3087,3086,1791066581003525,1791066581005420,1895,0,6,16741,16741,11135,14603,5597,54690
3,3088,3087,1791066581053525,1791066581054983,1458,0,7,16878,16878,11203,14688,5480,53680
3,3089,3088,1791066581103525,1791066581107143,3618,0,8,16971,16971,11163,14785,5493,53770
3,3090,3089,1791066581153525,1791066581155635,2110,0,9,16802,16802,10934,14695,5388,52570
3,3091,3090,1791066581203525,1791066581205372,1847,0,10,16824,16824,10835,14718,5334,52304
3,3092,3091,1791066581253525,1791066581255845,2320,0,11,16857,16857,10864,14742,5371,52450
3,3093,3092,1791066581303525,1791066581304837,1312,0,12,17012,17012,10902,14915,5327,52190
3,3094,3093,1791066581353525,1791066581355898,2373,0,13,16858,16858,10661,14768,5124,50110
3,3095,3094,1791066581403525,1791066581405717,2192,0,14,16882,16882,10689,14799,5199,51010
3,3096,3095,1791066581453525,1791066581454968,1443,0,15,16852,16852,10703,14716,5171,50551
3,3097,3096,1791066581503525,1791066581504958,1433,0,16,16993,16993,10670,14836,5277,51660
3,3098,3097,1791066581553525,1791066581554872,1347,0,17,16754,16754,10611,14640,5206,50914
3,3099,3098,1791066581603525,1791066581605108,1583,0,18,16977,16977,10808,14899,5321,52020
3,3100,3099,1791066581653525,1791066581655114,1589,0,19,16934,16934,10927,14692,5319,51940
3,3101,3100,1791066581703525,1791066581705075,1550,0,0,16732,16732,10757,14558,5309,51870
3,3102,3101,1791066581753525,1791066581754901,1376,0,1,16977,16977,11084,14642,5471,53580
3,3103,3102,1791066581803525,1791066581805005,1480,0,2,16850,16850,11243,14585,5695,55500
3,3104,3103,1791066581853525,1791066581855002,1477,0,3,16954,16954,11325,14697,5683,55611
3,3105,3104,1791066581903525,1791066581904902,1377,0,4,16812,16812,11199,14601,5578,54544
3,3106,3105,1791066581953525,1791066581954895,1370,0,5,16840,16840,11481,14612,5782,56313
3,3107,3106,1791066582003525,1791066582005053,1528,0,6,16741,16741,11211,14567,5638,55070
3,3108,3107,1791066582053525,1791066582055012,1487,0,7,16878,16878,11277,14643,5537,53990
3,3109,3108,1791066582103525,1791066582105828,2303,0,8,16971,16971,11241,14743,5543,54119
3,3110,3109,1791066582153525,1791066582156084,2559,0,9,16802,16802,11007,14657,5426,52932
3,3111,3110,1791066582203525,1791066582205044,1519,0,10,16824,16824,10908,14693,5401,52790
3,3112,3111,1791066582253525,1791066582255017,1492,0,11,16857,16857,10937,14704,5409,52851
3,3113,3112,1791066582303525,1791066582305493,1968,0,12,17012,17012,10979,14886,5389,52680
3,3114,3113,1791066582353525,1791066582355511,1986,0,13,16858,16858,10731,14738,5157,50510
3,3115,3114,1791066582403525,1791066582405286,1761,0,14,16882,16882,10759,14768,5259,51450
3,3116,3115,1791066582453525,1791066582454936,1411,0,15,16852,16852,10778,14669,5207,50810
3,3117,3116,1791066582503525,1791066582505325,1800,0,16,16993,16993,10740,14803,5325,52100
3,3118,3117,1791066582553525,1791066582555842,2317,0,17,16754,16754,10684,14609,5254,51360
3,3119,3118,1791066582603525,1791066582605789,2264,0,18,16977,16977,10883,14864,5355,52420
3,3120,3119,1791066582653525,1791066582655293,1768,0,19,16934,16934,10998,14653,5349,52291
3,3121,3120,1791066582703525,1791066582726449,22924,0,0,16732,16732,10827,14526,5357,52300
3,3122,3121,1791066582753525,1791066582768218,14693,0,1,16977,16977,11157,14611,5535,54010
3,3123,3122,1791066582803525,1791066582811870,8345,0,2,16850,16850,11319,14539,5720,55860
3,3124,3123,1791066582853525,1791066582859460,5935,0,3,16954,16954,11399,14663,5744,56060
3,3125,3124,1791066582903525,1791066582905230,1705,0,4,16812,16812,11272,14561,5633,54928
3,3126,3125,1791066582953525,1791066582956394,2869,0,5,16840,16840,11560,14570,5802,56716
3,3127,3126,1791066583003525,1791066583005059,1534,0,6,16741,16741,11285,14531,5683,55510
3,3128,3127,1791066583053525,1791066583055087,1562,0,7,16878,16878,11351,14609,5572,54470
3,3129,3128,1791066583103525,1791066583104889,1364,0,8,16971,16971,11317,14705,5574,54490
3,3130,3129,1791066583153525,1791066583155436,1911,0,9,16802,16802,11082,14618,5447,53330
3,3131,3130,1791066583203525,1791066583205330,1805,0,10,16824,16824,10982,14658,5435,53173
3,3132,3131,1791066583253525,1791066583255680,2155,0,11,16857,16857,11013,14659,5441,53130
3,3133,3132,1791066583303525,1791066583305483,1958,0,12,17012,17012,11055,14847,5417,53060
3,3134,3133,1791066583353525,1791066583355036,1511,0,13,16858,16858,10800,14705,5216,50895
3,3135,3134,1791066583403525,1791066583405713,2188,0,14,16882,16882,10831,14732,5287,51850
3,3136,3135,1791066583453525,1791066583455204,1679,0,15,16852,16852,10849,14642,5250,51276
3,3137,3136,1791066583503525,1791066583505916,2391,0,16,16993,16993,10815,14767,5364,52470
3,3138,3137,1791066583553525,1791066583555005,1480,0,17,16754,16754,10756,14573,5300,51745
3,3139,3138,1791066583603525,1791066583605814,2289,0,18,16977,16977,10956,14824,5389,52790
3,3140,3139,1791066583653525,1791066583656763,3238,0,19,16934,16934,11071,14624,5406,52730
3,3141,3140,1791066583703525,1791066583705352,1827,0,0,16732,16732,10900,14493,5388,52720
3,3142,3141,1791066583753525,1791066583755028,1503,0,1,16977,16977,11229,14583,5561,54460
3,3143,3142,1791066583803525,1791066583804827,1302,0,2,16850,16850,11400,14496,5764,56230
3,3144,3143,1791066583853525,1791066583854951,1426,0,3,16954,16954,11477,14633,5795,56541
3,3145,3144,1791066583903525,1791066583905009,1484,0,4,16812,16812,11347,14512,5651,55260
3,3146,3145,1791066583953525,1791066583954986,1461,0,5,16840,16840,11640,14533,5866,57130
3,3147,3146,1791066584003525,1791066584005809,2284,0,6,16741,16741,11363,14492,5728,55860
3,3148,3147,1791066584053525,1791066584056004,2479,0,7,16878,16878,11429,14573,5593,54860
3,3149,3148,1791066584103525,1791066584105594,2069,0,8,16971,16971,11393,14668,5626,54890
3,3150,3149,1791066584153525,1791066584155386,1861,0,9,16802,16802,11159,14587,5502,53735
3,3151,3150,1791066584203525,1791066584206517,2992,0,10,16824,16824,11054,14623,5500,53625
3,3152,3151,1791066584253525,1791066584255234,1709,0,11,16857,16857,11085,14633,5479,53620
3,3153,3152,1791066584303525,1791066584305272,1747,0,12,17012,17012,11131,14814,5464,53440
3,3154,3153,1791066584353525,1791066584355620,2095,0,13,16858,16858,10869,14670,5261,51270
3,3155,3154,1791066584403525,1791066584405256,1731,0,14,16882,16882,10905,14695,5351,52230
3,3156,3155,1791066584453525,1791066584455348,1823,0,15,16852,16852,10923,14605,5283,51658
3,3157,3156,1791066584503525,1791066584505358,1833,0,16,16993,16993,10888,14729,5395,52870
3,3158,3157,1791066584553525,1791066584555339,1814,0,17,16754,16754,10831,14540,5330,52170
3,3159,3158,1791066584603525,1791066584605067,1542,0,18,16977,16977,11033,14793,5447,53220
3,3160,3159,1791066584653525,1791066584655116,1591,0,19,16934,16934,11143,14596,5433,53180
3,3161,3160,1791066584703525,1791066584705448,1923,0,0,16732,16732,10974,14459,5424,53140
3,3162,3161,1791066584753525,1791066584755142,1617,0,1,16977,16977,11302,14545,5610,54830
3,3163,3162,1791066584803525,1791066584805086,1561,0,2,16850,16850,11479,14452,5796,56620
3,3164,3163,1791066584853525,1791066584855883,2358,0,3,16954,16954,11554,14594,5822,56930
3,3165,3164,1791066584903525,1791066584905260,1735,0,4,16812,16812,11425,14472,5698,55630
3,3166,3165,1791066584953525,1791066584955658,2133,0,5,16840,16840,11717,14490,5901,57513
3,3167,3166,1791066585003525,1791066585007599,4074,0,6,16741,16741,11437,14458,5760,56330
3,3168,3167,1791066585053525,1791066585055629,2104,0,7,16878,16878,11504,14529,5650,55201
3,3169,3168,1791066585103525,1791066585107303,3778,0,8,16971,16971,11469,14627,5661,55298
3,3170,3169,1791066585153525,1791066585155304,1779,0,9,16802,16802,11230,14550,5542,54150
3,3171,3170,1791066585203525,1791066585207367,3842,0,10,16824,16824,11130,14579,5528,53970
3,3172,3171,1791066585253525,1791066585256944,3419,0,11,16857,16857,11158,14597,5526,54030
3,3173,3172,1791066585303525,1791066585305323,1798,0,12,17012,17012,11201,14775,5522,53840
3,3174,3173,1791066585353525,1791066585355423,1898,0,13,16858,16858,10941,14632,5271,51612
3,3175,3174,1791066585403525,1791066585404928,1403,0,14,16882,16882,10978,14655,5379,52590
3,3176,3175,1791066585453525,1791066585455705,2180,0,15,16852,16852,10996,14574,5325,52057
3,3177,3176,1791066585503525,1791066585506772,3247,0,16,16993,16993,10965,14700,5447,53310
3,3178,3177,1791066585553525,1791066585555663,2138,0,17,16754,16754,10904,14498,5370,52554
3,3179,3178,1791066585603525,1791066585605238,1713,0,18,16977,16977,11107,14750,5468,53570
3,3180,3179,1791066585653525,1791066585655686,2161,0,19,16934,16934,11216,14560,5467,53580
3,3181,3180,1791066585703525,1791066585705074,1549,0,0,16732,16732,11048,14423,5466,53520
3,3182,3181,1791066585753525,1791066585755122,1597,0,1,16977,16977,11376,14511,5651,55250
3,3183,3182,1791066585803525,1791066585805877,2352,0,2,16850,16850,11559,14413,5816,57030
3,3184,3183,1791066585853525,1791066585855258,1733,0,3,16954,16954,11631,14554,5879,57361
3,3185,3184,1791066585903525,1791066585905350,1825,0,4,16812,16812,11500,14433,5742,56010
3,3186,3185,1791066585953525,1791066585955409,1884,0,5,16840,16840,11796,14444,5919,57878
3,3187,3186,1791066586003525,1791066586004950,1425,0,6,16741,16741,11516,14420,5794,56730
3,3188,3187,1791066586053525,1791066586055796,2271,0,7,16878,16878,11580,14485,5689,55570
3,3189,3188,1791066586103525,1791066586106706,3181,0,8,16971,16971,11549,14586,5707,55710
3,3190,3189,1791066586153525,1791066586155795,2270,0,9,16802,16802,11308,14510,5556,54504
3,3191,3190,1791066586203525,1791066586205560,2035,0,10,16824,16824,11207,14532,5556,54319
3,3192,3191,1791066586253525,1791066586255188,1663,0,11,16857,16857,11234,14552,5557,54371
3,3193,3192,1791066586303525,1791066586305221,1696,0,12,17012,17012,11278,14731,5541,54170
3,3194,3193,1791066586353525,1791066586355146,1621,0,13,16858,16858,11012,14587,5319,51885
3,3195,3194,1791066586403525,1791066586407120,3595,0,14,16882,16882,11052,14623,5430,53010
3,3196,3195,1791066586453525,1791066586455183,1658,0,15,16852,16852,11066,14539,5370,52462
3,3197,3196,1791066586503525,1791066586505544,2019,0,16,16993,16993,11036,14665,5499,53720
3,3198,3197,1791066586553525,1791066586555048,1523,0,17,16754,16754,10984,14463,5431,52924
3,3199,3198,1791066586603525,1791066586605447,1922,0,18,16977,16977,11183,14716,5536,53980
3,3200,3199,1791066586653525,1791066586655709,2184,0,19,16934,16934,11290,14530,5512,54011
3,3201,3200,1791066586703525,1791066586715014,11489,0,0,16732,16732,11121,14384,5508,53877
3,3202,3201,1791066586753525,1791066586768355,14830,0,1,16977,16977,11451,14479,5692,55720
3,3203,3202,1791066586803525,1791066586822317,18792,0,2,16850,16850,11636,14374,5884,57440
3,3204,3203,1791066586853525,1791066586869739,16214,0,3,16954,16954,11714,14517,5916,57770
3,3205,3204,1791066586903525,1791066586928586,25061,0,4,16812,16812,11576,14404,5791,56460
3,3206,3205,1791066586953525,1791066586975580,22055,0,5,16840,16840,11876,14391,5959,58150
3,3207,3206,1791066587003525,1791066587017368,13843,0,6,16741,16741,11593,14381,5850,57150
3,3208,3207,1791066587053525,1791066587058897,5372,0,7,16878,16878,11657,14449,5735,55951
3,3209,3208,1791066587103525,1791066587105404,1879,0,8,16971,16971,11629,14555,5750,56150
3,3210,3209,1791066587153525,1791066587155470,1945,0,9,16802,16802,11382,14478,5624,54918
3,3211,3210,1791066587203525,1791066587205286,1761,0,10,16824,16824,11284,14493,5606,54690
3,3212,3211,1791066587253525,1791066587255059,1534,0,11,16857,16857,11312,14518,5629,54770
3,3213,3212,1791066587303525,1791066587305701,2176,0,12,17012,17012,11353,14696,5574,54600
3,3214,3213,1791066587353525,1791066587355010,1485,0,13,16858,16858,11084,14542,5344,52200
3,3215,3214,1791066587403525,1791066587405179,1654,0,14,16882,16882,11124,14592,5467,53420
3,3216,3215,1791066587453525,1791066587454912,1387,0,15,16852,16852,11141,14492,5420,52786
3,3217,3216,1791066587503525,1791066587505659,2134,0,16,16993,16993,11111,14614,5523,54080
3,3218,3217,1791066587553525,1791066587556198,2673,0,17,16754,16754,11056,14423,5481,53290
3,3219,3218,1791066587603525,1791066587605364,1839,0,18,16977,16977,11258,14678,5590,54410
3,3220,3219,1791066587653525,1791066587655016,1491,0,19,16934,16934,11363,14494,5559,54410
3,3221,3220,1791066587703525,1791066587705518,1993,0,0,16732,16732,11195,14347,5556,54300
3,3222,3221,1791066587753525,1791066587755852,2327,0,1,16977,16977,11528,14441,5748,56130
3,3223,3222,1791066587803525,1791066587804996,1471,0,2,16850,16850,11715,14327,5904,57790
3,3224,3223,1791066587853525,1791066587855236,1711,0,3,16954,16954,11792,14479,5983,58211
3,3225,3224,1791066587903525,1791066587905763,2238,0,4,16812,16812,11650,14354,5822,56817
3,3226,3225,1791066587953525,1791066587955689,2164,0,5,16840,16840,11955,14359,6011,58630
3,3227,3226,1791066588003525,1791066588005331,1806,0,6,16741,16741,11673,14332,5879,57490
3,3228,3227,1791066588053525,1791066588055053,1528,0,7,16878,16878,11732,14416,5776,56350
3,3229,3228,1791066588103525,1791066588105508,1983,0,8,16971,16971,11704,14513,5786,56555
3,3230,3229,1791066588153525,1791066588155952,2427,0,9,16802,16802,11455,14439,5647,55319
3,3231,3230,1791066588203525,1791066588205891,2366,0,10,16824,16824,11359,14459,5647,55124
3,3232,3231,1791066588253525,1791066588255361,1836,0,11,16857,16857,11385,14483,5653,55201
3,3233,3232,1791066588303525,1791066588305095,1570,0,12,17012,17012,11429,14655,5633,54970
3,3234,3233,1791066588353525,1791066588355688,2163,0,13,16858,16858,11156,14507,5382,52590
3,3235,3234,1791066588403525,1791066588404968,1443,0,14,16882,16882,11194,14556,5499,53860
3,3236,3235,1791066588453525,1791066588454978,1453,0,15,16852,16852,11217,14452,5422,53148
3,3237,3236,1791066588503525,1791066588505651,2126,0,16,16993,16993,11194,14582,5584,54510
3,3238,3237,1791066588553525,1791066588555220,1695,0,17,16754,16754,11130,14380,5487,53680
3,3239,3238,1791066588603525,1791066588605005,1480,0,18,16977,16977,11336,14642,5621,54800
3,3240,3239,1791066588653525,1791066588655139,1614,0,19,16934,16934,11439,14458,5599,54781
3,3241,3240,1791066588703525,1791066588705780,2255,0,0,16732,16732,11273,14314,5590,54710
3,3242,3241,1791066588753525,1791066588755085,1560,0,1,16977,16977,11607,14401,5773,56530
3,3243,3242,1791066588803525,1791066588805281,1756,0,2,16850,16850,11797,14281,5956,58140
3,3244,3243,1791066588853525,1791066588854934,1409,0,3,16954,16954,11872,14438,5992,58600
3,3245,3244,1791066588903525,1791066588905538,2013,0,4,16812,16812,11733,14310,5859,57218
3,3246,3245,1791066588953525,1791066588955413,1888,0,5,16840,16840,12035,14323,6058,59053
3,3247,3246,1791066589003525,1791066589005884,2359,0,6,16741,16741,11755,14295,5933,57910
3,3248,3247,1791066589053525,1791066589055046,1521,0,7,16878,16878,11805,14374,5821,56750
3,3249,3248,1791066589103525,1791066589105134,1609,0,8,16971,16971,11787,14463,5839,56863
3,3250,3249,1791066589153525,1791066589155611,2086,0,9,16802,16802,11534,14407,5721,55770
3,3251,3250,1791066589203525,1791066589205504,1979,0,10,16824,16824,11436,14418,5682,55504
3,3252,3251,1791066589253525,1791066589255044,1519,0,11,16857,16857,11462,14445,5693,55590
3,3253,3252,1791066589303525,1791066589305557,2032,0,12,17012,17012,11506,14613,5661,55330
3,3254,3253,1791066589353525,1791066589355732,2207,0,13,16858,16858,11230,14466,5419,52930
3,3255,3254,1791066589403525,1791066589404850,1325,0,14,16882,16882,11270,14515,5543,54240
3,3256,3255,1791066589453525,1791066589454929,1404,0,15,16852,16852,11293,14425,5489,53601
3,3257,3256,1791066589503525,1791066589505879,2354,0,16,16993,16993,11269,14549,5622,54960
3,3258,3257,1791066589553525,1791066589555222,1697,0,17,16754,16754,11210,14341,5527,54040
3,3259,3258,1791066589603525,1791066589604951,1426,0,18,16977,16977,11410,14606,5646,55250
3,3260,3259,1791066589653525,1791066589657296,3771,0,19,16934,16934,11512,14419,5650,55170
3,3261,3260,1791066589703525,1791066589705269,1744,0,0,16732,16732,11346,14276,5648,55120
3,3262,3261,1791066589753525,1791066589755108,1583,0,1,16977,16977,11685,14367,5822,56980
3,3263,3262,1791066589803525,1791066589805285,1760,0,2,16850,16850,11877,14242,5994,58590
3,3264,3263,1791066589853525,1791066589855019,1494,0,3,16954,16954,11952,14400,6046,59040
3,3265,3264,1791066589903525,1791066589905232,1707,0,4,16812,16812,11816,14269,5919,57610
3,3266,3265,1791066589953525,1791066589955425,1900,0,5,16840,16840,12114,14289,6121,59570
3,3267,3266,1791066590003525,1791066590004943,1418,0,6,16741,16741,11834,14261,5981,58380
3,3268,3267,1791066590053525,1791066590055115,1590,0,7,16878,16878,11885,14344,5841,57230
3,3269,3268,1791066590103525,1791066590105769,2244,0,8,16971,16971,11868,14428,5856,57300
3,3270,3269,1791066590153525,1791066590154822,1297,0,9,16802,16802,11610,14369,5745,56180
3,3271,3270,1791066590203525,1791066590204955,1430,0,10,16824,16824,11514,14382,5727,55930
3,3272,3271,1791066590253525,1791066590254970,1445,0,11,16857,16857,11539,14401,5729,55990
3,3273,3272,1791066590303525,1791066590304986,1461,0,12,17012,17012,11582,14578,5694,55760
3,3274,3273,1791066590353525,1791066590355293,1768,0,13,16858,16858,11304,14433,5462,53350
3,3275,3274,1791066590403525,1791066590405182,1657,0,14,16882,16882,11347,14480,5595,54650
3,3276,3275,1791066590453525,1791066590456538,3013,0,15,16852,16852,11366,14386,5539,53995
3,3277,3276,1791066590503525,1791066590505667,2142,0,16,16993,16993,11345,14507,5675,55360
3,3278,3277,1791066590553525,1791066590554976,1451,0,17,16754,16754,11284,14304,5592,54420
3,3279,3278,1791066590603525,1791066590605346,1821,0,18,16977,16977,11489,14567,5695,55690
3,3280,3279,1791066590653525,1791066590655190,1665,0,19,16934,16934,11587,14383,5682,55610
3,3281,3280,1791066590703525,1791066590705640,2115,0,0,16732,16732,11422,14242,5696,55550
3,3282,3281,1791066590753525,1791066590755803,2278,0,1,16977,16977,11762,14330,5865,57390
3,3283,3282,1791066590803525,1791066590805251,1726,0,2,16850,16850,11958,14195,6040,58990
3,3284,3283,1791066590853525,1791066590855304,1779,0,3,16954,16954,12031,14359,6092,59460
3,3285,3284,1791066590903525,1791066590905708,2183,0,4,16812,16812,11895,14235,5946,58079
3,3286,3285,1791066590953525,1791066590955339,1814,0,5,16840,16840,12198,14253,6146,60020
3,3287,3286,1791066591003525,1791066591005559,2034,0,6,16741,16741,11913,14227,6037,58850
3,3288,3287,1791066591053525,1791066591055109,1584,0,7,16878,16878,11964,14308,5896,57640
3,3289,3288,1791066591103525,1791066591105455,1930,0,8,16971,16971,11944,14398,5931,57780
3,3290,3289,1791066591153525,1791066591155080,1555,0,9,16802,16802,11688,14337,5816,56630
3,3291,3290,1791066591203525,1791066591205317,1792,0,10,16824,16824,11592,14339,5775,56310
3,3292,3291,1791066591253525,1791066591254873,1348,0,11,16857,16857,11619,14364,5772,56430
3,3293,3292,1791066591303525,1791066591307588,4063,0,12,17012,17012,11659,14537,5756,56150
3,3294,3293,1791066591353525,1791066591356596,3071,0,13,16858,16858,11379,14394,5500,53750
3,3295,3294,1791066591403525,1791066591406240,2715,0,14,16882,16882,11421,14441,5627,55040
3,3296,3295,1791066591453525,1791066591455130,1605,0,15,16852,16852,11444,14350,5583,54439
3,3297,3296,1791066591503525,1791066591505076,1551,0,16,16993,16993,11427,14470,5715,55790
3,3298,3297,1791066591553525,1791066591555647,2122,0,17,16754,16754,11359,14267,5612,54850
3,3299,3298,1791066591603525,1791066591605202,1677,0,18,16977,16977,11571,14529,5744,56110
3,3300,3299,1791066591653525,1791066591655204,1679,0,19,16934,16934,11665,14350,5753,56040
3,3301,3300,1791066591703525,1791066591705510,1985,0,0,16732,16732,11500,14196,5716,55898
3,3302,3301,1791066591753525,1791066591755275,1750,0,1,16977,16977,11839,14291,5927,57770
3,3303,3302,1791066591803525,1791066591805661,2136,0,2,16850,16850,12043,14154,6065,59410
3,3304,3303,1791066591853525,1791066591855087,1562,0,3,16954,16954,12112,14321,6140,59911
3,3305,3304,1791066591903525,1791066591904975,1450,0,4,16812,16812,11975,14198,5975,58496
3,3306,3305,1791066591953525,1791066591955591,2066,0,5,16840,16840,12278,14205,6180,60365
3,3307,3306,1791066592003525,1791066592004873,1348,0,6,16741,16741,11992,14185,6074,59260
3,3308,3307,1791066592053525,1791066592055308,1783,0,7,16878,16878,12039,14273,5957,58070
3,3309,3308,1791066592103525,1791066592104986,1461,0,8,16971,16971,12022,14348,5970,58150
3,3310,3309,1791066592153525,1791066592155716,2191,0,9,16802,16802,11765,14299,5851,57040
3,3311,3310,1791066592203525,1791066592205833,2308,0,10,16824,16824,11672,14304,5820,56760
3,3312,3311,1791066592253525,1791066592254970,1445,0,11,16857,16857,11699,14325,5804,56850
3,3313,3312,1791066592303525,1791066592305151,1626,0,12,17012,17012,11738,14498,5809,56570
3,3314,3313,1791066592353525,1791066592355015,1490,0,13,16858,16858,11458,14361,5556,54178
3,3315,3314,1791066592403525,1791066592404905,1380,0,14,16882,16882,11498,14407,5669,55490
3,3316,3315,1791066592453525,1791066592455224,1699,0,15,16852,16852,11522,14313,5609,54827
3,3317,3316,1791066592503525,1791066592505698,2173,0,16,16993,16993,11505,14429,5771,56220
3,3318,3317,1791066592553525,1791066592554934,1409,0,17,16754,16754,11438,14235,5664,55294
3,3319,3318,1791066592603525,1791066592605368,1843,0,18,16977,16977,11649,14493,5772,56480
3,3320,3319,1791066592653525,1791066592654993,1468,0,19,16934,16934,11741,14308,5772,56430
3,3321,3320,1791066592703525,1791066592704909,1384,0,0,16732,16732,11578,14163,5777,56360
3,3322,3321,1791066592753525,1791066592755269,1744,0,1,16977,16977,11915,14254,5957,58250
3,3323,3322,1791066592803525,1791066592804981,1456,0,2,16850,16850,12125,14114,6132,59830
3,3324,3323,1791066592853525,1791066592854873,1348,0,3,16954,16954,12194,14279,6188,60390
3,3325,3324,1791066592903525,1791066592905438,1913,0,4,16812,16812,12053,14160,6048,58930
3,3326,3325,1791066592953525,1791066592955623,2098,0,5,16840,16840,12359,14158,6230,60740
3,3327,3326,1791066593003525,1791066593005698,2173,0,6,16741,16741,12073,14146,6104,59700
3,3328,3327,1791066593053525,1791066593055066,1541,0,7,16878,16878,12118,14235,6000,58520
3,3329,3328,1791066593103525,1791066593105583,2058,0,8,16971,16971,12106,14305,6012,58528
3,3330,3329,1791066593153525,1791066593155638,2113,0,9,16802,16802,11843,14258,5880,57440
3,3331,3330,1791066593203525,1791066593204930,1405,0,10,16824,16824,11750,14274,5854,57280
3,3332,3331,1791066593253525,1791066593254881,1356,0,11,16857,16857,11778,14292,5875,57280
3,3333,3332,1791066593303525,1791066593304963,1438,0,12,17012,17012,11817,14463,5838,57020
3,3334,3333,1791066593353525,1791066593355582,2057,0,13,16858,16858,11532,14329,5567,54600
3,3335,3334,1791066593403525,1791066593405246,1721,0,14,16882,16882,11577,14367,5722,55890
3,3336,3335,1791066593453525,1791066593455218,1693,0,15,16852,16852,11598,14271,5650,55236
3,3337,3336,1791066593503525,1791066593505818,2293,0,16,16993,16993,11587,14395,5821,56680
3,3338,3337,1791066593553525,1791066593554986,1461,0,17,16754,16754,11514,14205,5690,55764
3,3339,3338,1791066593603525,1791066593605407,1882,0,18,16977,16977,11722,14453,5829,56900
3,3340,3339,1791066593653525,1791066593654927,1402,0,19,16934,16934,11820,14270,5816,56840
3,3341,3340,1791066593703525,1791066593705655,2130,0,0,16732,16732,11654,14127,5817,56790
3,3342,3341,1791066593753525,1791066593755374,1849,0,1,16977,16977,11998,14215,6016,58690
3,3343,3342,1791066593803525,1791066593804948,1423,0,2,16850,16850,12206,14070,6168,60240
3,3344,3343,1791066593853525,1791066593855245,1720,0,3,16954,16954,12284,14239,6244,60861
3,3345,3344,1791066593903525,1791066593904994,1469,0,4,16812,16812,12133,14122,6098,59390
3,3346,3345,1791066593953525,1791066593955222,1697,0,5,16840,16840,12442,14117,6264,61194
3,3347,3346,1791066594003525,1791066594005229,1704,0,6,16741,16741,12156,14106,6162,60140
3,3348,3347,1791066594053525,1791066594055035,1510,0,7,16878,16878,12199,14196,6031,58980
3,3349,3348,1791066594103525,1791066594105703,2178,0,8,16971,16971,12187,14269,6053,58987
3,3350,3349,1791066594153525,1791066594154976,1451,0,9,16802,16802,11922,14232,5939,57950
3,3351,3350,1791066594203525,1791066594205223,1698,0,10,16824,16824,11831,14241,5909,57750
3,3352,3351,1791066594253525,1791066594255189,1664,0,11,16857,16857,11855,14258,5901,57761
3,3353,3352,1791066594303525,1791066594305669,2144,0,12,17012,17012,11896,14431,5892,57540
3,3354,3353,1791066594353525,1791066594355432,1907,0,13,16858,16858,11606,14294,5636,54990
3,3355,3354,1791066594403525,1791066594405288,1763,0,14,16882,16882,11656,14319,5760,56230
3,3356,3355,1791066594453525,1791066594454992,1467,0,15,16852,16852,11676,14234,5709,55637
3,3357,3356,1791066594503525,1791066594505769,2244,0,16,16993,16993,11666,14351,5851,57100
3,3358,3357,1791066594553525,1791066594555844,2319,0,17,16754,16754,11591,14170,5756,56190
3,3359,3358,1791066594603525,1791066594605528,2003,0,18,16977,16977,11803,14410,5868,57250
3,3360,3359,1791066594653525,1791066594655358,1833,0,19,16934,16934,11899,14235,5876,57311
3,3361,3360,1791066594703525,1791066594704898,1373,0,0,16732,16732,11732,14088,5870,57174
3,3362,3361,1791066594753525,1791066594776066,22541,0,1,16977,16977,12078,14178,6067,59160
3,3363,3362,1791066594803525,1791066594820165,16640,0,2,16850,16850,12288,14034,6220,60730
3,3364,3363,1791066594853525,1791066594866062,12537,0,3,16954,16954,12368,14190,6292,61280
3,3365,3364,1791066594903525,1791066594910267,6742,0,4,16812,16812,12217,14086,6148,59860
3,3366,3365,1791066594953525,1791066594955204,1679,0,5,16840,16840,12526,14074,6348,61626
3,3367,3366,1791066595003525,1791066595005164,1639,0,6,16741,16741,12240,14064,6206,60580
3,3368,3367,1791066595053525,1791066595055369,1844,0,7,16878,16878,12281,14154,6084,59411
3,3369,3368,1791066595103525,1791066595104891,1366,0,8,16971,16971,12268,14224,6100,59360
3,3370,3369,1791066595153525,1791066595155816,2291,0,9,16802,16802,11998,14196,5989,58390
3,3371,3370,1791066595203525,1791066595205776,2251,0,10,16824,16824,11911,14197,5972,58145
3,3372,3371,1791066595253525,1791066595255066,1541,0,11,16857,16857,11934,14221,5966,58230
3,3373,3372,1791066595303525,1791066595305747,2222,0,12,17012,17012,11977,14397,5934,58010
3,3374,3373,1791066595353525,1791066595354987,1462,0,13,16858,16858,11680,14256,5695,55430
3,3375,3374,1791066595403525,1791066595406383,2858,0,14,16882,16882,11737,14279,5797,56620
3,3376,3375,1791066595453525,1791066595455232,1707,0,15,16852,16852,11752,14189,5734,56001
3,3377,3376,1791066595503525,1791066595505506,1981,0,16,16993,16993,11750,14308,5887,57490
3,3378,3377,1791066595553525,1791066595555489,1964,0,17,16754,16754,11669,14127,5797,56580
3,3379,3378,1791066595603525,1791066595608359,4834,0,18,16977,16977,11880,14363,5902,57610
3,3380,3379,1791066595653525,1791066595659351,5826,0,19,16934,16934,11978,14204,5922,57800
3,3381,3380,1791066595703525,1791066595710670,7145,0,0,16732,16732,11808,14048,5900,57590
3,3382,3381,1791066595753525,1791066595757231,3706,0,1,16977,16977,12159,14142,6111,59630
3,3383,3382,1791066595803525,1791066595806802,3277,0,2,16850,16850,12372,13993,6289,61180
3,3384,3383,1791066595853525,1791066595857141,3616,0,3,16954,16954,12452,14148,6317,61711
3,3385,3384,1791066595903525,1791066595905043,1518,0,4,16812,16812,12298,14042,6177,60250
3,3386,3385,1791066595953525,1791066595955368,1843,0,5,16840,16840,12611,14023,6371,62028
3,3387,3386,1791066596003525,1791066596005479,1954,0,6,16741,16741,12324,14020,6242,61010
3,3388,3387,1791066596053525,1791066596055072,1547,0,7,16878,16878,12364,14113,6138,59850
3,3389,3388,1791066596103525,1791066596104912,1387,0,8,16971,16971,12348,14180,6120,59824
3,3390,3389,1791066596153525,1791066596155297,1772,0,9,16802,16802,12077,14151,6038,58820
3,3391,3390,1791066596203525,1791066596205975,2450,0,10,16824,16824,11994,14158,6000,58570
3,3392,3391,1791066596253525,1791066596255276,1751,0,11,16857,16857,12014,14182,6012,58651
3,3393,3392,1791066596303525,1791066596305748,2223,0,12,17012,17012,12058,14362,5990,58470
3,3394,3393,1791066596353525,1791066596357151,3626,0,13,16858,16858,11761,14216,5712,55830
3,3395,3394,1791066596403525,1791066596405045,1520,0,14,16882,16882,11815,14241,5853,57050
3,3396,3395,1791066596453525,1791066596457160,3635,0,15,16852,16852,11831,14156,5781,56447
3,3397,3396,1791066596503525,1791066596505134,1609,0,16,16993,16993,11832,14265,5931,57910
3,3398,3397,1791066596553525,1791066596555195,1670,0,17,16754,16754,11750,14096,5843,57070
3,3399,3398,1791066596603525,1791066596605392,1867,0,18,16977,16977,11960,14323,5945,58060
3,3400,3399,1791066596653525,1791066596654993,1468,0,19,16934,16934,12057,14166,5976,58220
3,3401,3400,1791066596703525,1791066596705787,2262,0,0,16732,16732,11887,14012,5949,58030
3,3402,3401,1791066596753525,1791066596755444,1919,0,1,16977,16977,12240,14107,6183,60120
3,3403,3402,1791066596803525,1791066596805010,1485,0,2,16850,16850,12455,13955,6318,61660
3,3404,3403,1791066596853525,1791066596854867,1342,0,3,16954,16954,12537,14104,6357,62090
3,3405,3404,1791066596903525,1791066596905268,1743,0,4,16812,16812,12379,14001,6238,60670
3,3406,3405,1791066596953525,1791066596955814,2289,0,5,16840,16840,12699,13976,6396,62409
3,3407,3406,1791066597003525,1791066597004980,1455,0,6,16741,16741,12409,13982,6306,61480
3,3408,3407,1791066597053525,1791066597055122,1597,0,7,16878,16878,12446,14076,6175,60330
3,3409,3408,1791066597103525,1791066597105513,1988,0,8,16971,16971,12434,14145,6187,60320
3,3410,3409,1791066597153525,1791066597155204,1679,0,9,16802,16802,12162,14109,6086,59241
3,3411,3410,1791066597203525,1791066597205747,2222,0,10,16824,16824,12075,14125,6055,59050
3,3412,3411,1791066597253525,1791066597255210,1685,0,11,16857,16857,12093,14140,6075,59080
3,3413,3412,1791066597303525,1791066597304943,1418,0,12,17012,17012,12137,14328,6050,58980
3,3414,3413,1791066597353525,1791066597355842,2317,0,13,16858,16858,11840,14175,5778,56214
3,3415,3414,1791066597403525,1791066597409531,6006,0,14,16882,16882,11894,14201,5881,57500
3,3416,3415,1791066597453525,1791066597457719,4194,0,15,16852,16852,11908,14118,5831,56849
3,3417,3416,1791066597503525,1791066597506072,2547,0,16,16993,16993,11915,14238,5987,58430
3,3418,3417,1791066597553525,1791066597554850,1325,0,17,16754,16754,11828,14057,5902,57534
3,3419,3418,1791066597603525,1791066597605543,2018,0,18,16977,16977,12043,14282,5998,58490
3,3420,3419,1791066597653525,1791066597655245,1720,0,19,16934,16934,12136,14128,5997,58640
3,3421,3420,1791066597703525,1791066597705506,1981,0,0,16732,16732,11967,13970,5997,58460
3,3422,3421,1791066597753525,1791066597755614,2089,0,1,16977,16977,12323,14072,6216,60660
3,3423,3422,1791066597803525,1791066597804907,1382,0,2,16850,16850,12538,13905,6352,62060
3,3424,3423,1791066597853525,1791066597855122,1597,0,3,16954,16954,12618,14062,6415,62600
3,3425,3424,1791066597903525,1791066597905566,2041,0,4,16812,16812,12461,13960,6258,61136
3,3426,3425,1791066597953525,1791066597955342,1817,0,5,16840,16840,12784,13934,6439,62843
3,3427,3426,1791066598003525,1791066598005480,1955,0,6,16741,16741,12491,13942,6376,61990
3,3428,3427,1791066598053525,1791066598055365,1840,0,7,16878,16878,12528,14039,6257,60790
3,3429,3428,1791066598103525,1791066598105841,2316,0,8,16971,16971,12517,14101,6233,60734
3,3430,3429,1791066598153525,1791066598155070,1545,0,9,16802,16802,12247,14060,6104,59640
3,3431,3430,1791066598203525,1791066598205286,1761,0,10,16824,16824,12155,14083,6101,59460
3,3432,3431,1791066598253525,1791066598255244,1719,0,11,16857,16857,12177,14092,6090,59450
3,3433,3432,1791066598303525,1791066598305039,1514,0,12,17012,17012,12219,14295,6109,59480
3,3434,3433,1791066598353525,1791066598355614,2089,0,13,16858,16858,11918,14144,5811,56690
3,3435,3434,1791066598403525,1791066598405376,1851,0,14,16882,16882,11975,14162,5945,57960
3,3436,3435,1791066598453525,1791066598455370,1845,0,15,16852,16852,11986,14078,5886,57270
3,3437,3436,1791066598503525,1791066598504854,1329,0,16,16993,16993,11993,14203,6047,58930
3,3438,3437,1791066598553525,1791066598555138,1613,0,17,16754,16754,11912,14008,5931,57890
3,3439,3438,1791066598603525,1791066598605259,1734,0,18,16977,16977,12127,14241,6045,58920
3,3440,3439,1791066598653525,1791066598654940,1415,0,19,16934,16934,12216,14083,6054,59010
3,3441,3440,1791066598703525,1791066598705700,2175,0,0,16732,16732,12049,13927,6021,58880
3,3442,3441,1791066598753525,1791066598764240,10715,0,1,16977,16977,12408,14038,6261,61190
3,3443,3442,1791066598803525,1791066598819863,16338,0,2,16850,16850,12626,13858,6417,62450
3,3444,3443,1791066598853525,1791066598865193,11668,0,3,16954,16954,12707,14018,6466,63010
3,3445,3444,1791066598903525,1791066598908643,5118,0,4,16812,16812,12547,13917,6318,61570
3,3446,3445,1791066598953525,1791066598955757,2232,0,5,16840,16840,12868,13888,6480,63227
3,3447,3446,1791066599003525,1791066599005202,1677,0,6,16741,16741,12580,13899,6404,62450
3,3448,3447,1791066599053525,1791066599055253,1728,0,7,16878,16878,12612,13995,6278,61231
3,3449,3448,1791066599103525,1791066599105466,1941,0,8,16971,16971,12603,14060,6283,61160
3,3450,3449,1791066599153525,1791066599155043,1518,0,9,16802,16802,12334,14023,6157,60090
3,3451,3450,1791066599203525,1791066599205866,2341,0,10,16824,16824,12235,14047,6156,59939
3,3452,3451,1791066599253525,1791066599255323,1798,0,11,16857,16857,12261,14044,6145,59820
3,3453,3452,1791066599303525,1791066599305394,1869,0,12,17012,17012,12301,14251,6138,59920
3,3454,3453,1791066599353525,1791066599359116,5591,0,13,16858,16858,11994,14106,5866,57120
3,3455,3454,1791066599403525,1791066599408461,4936,0,14,16882,16882,12058,14128,5998,58450
3,3456,3455,1791066599453525,1791066599461724,8199,0,15,16852,16852,12067,14036,5911,57699
3,3457,3456,1791066599503525,1791066599507108,3583,0,16,16993,16993,12076,14157,6071,59320
3,3458,3457,1791066599553525,1791066599555789,2264,0,17,16754,16754,11993,13967,5996,58350
3,3459,3458,1791066599603525,1791066599605392,1867,0,18,16977,16977,12209,14196,6095,59370
3,3460,3459,1791066599653525,1791066599655373,1848,0,19,16934,16934,12295,14039,6090,59410
3,3461,3460,1791066599703525,1791066599705042,1517,0,0,16732,16732,12131,13895,6079,59370
3,3462,3461,1791066599753525,1791066599755649,2124,0,1,16977,16977,12492,13991,6315,61570
3,3463,3462,1791066599803525,1791066599805437,1912,0,2,16850,16850,12710,13805,6448,62830
3,3464,3463,1791066599853525,1791066599856534,3009,0,3,16954,16954,12793,13977,6515,63500
3,3465,3464,1791066599903525,1791066599905802,2277,0,4,16812,16812,12633,13875,6353,62036
3,3466,3465,1791066599953525,1791066599955706,2181,0,5,16840,16840,12952,13856,6563,63750
3,3467,3466,1791066600003525,1791066600004994,1469,0,6,16741,16741,12667,13854,6450,62870
3,3468,3467,1791066600053525,1791066600055184,1659,0,7,16878,16878,12698,13957,6360,61780
3,3469,3468,1791066600103525,1791066600105100,1575,0,8,16971,16971,12686,14019,6318,61655
3,3470,3469,1791066600153525,1791066600155622,2097,0,9,16802,16802,12416,13985,6208,60574
3,3471,3470,1791066600203525,1791066600205517,1992,0,10,16824,16824,12317,13997,6218,60320
3,3472,3471,1791066600253525,1791066600255212,1687,0,11,16857,16857,12344,14003,6195,60261
3,3473,3472,1791066600303525,1791066600306934,3409,0,12,17012,17012,12386,14208,6184,60350
3,3474,3473,1791066600353525,1791066600355276,1751,0,13,16858,16858,12074,14065,5916,57554
3,3475,3474,1791066600403525,1791066600405101,1576,0,14,16882,16882,12141,14081,6020,58860
3,3476,3475,1791066600453525,1791066600455060,1535,0,15,16852,16852,12149,13992,5953,58092
3,3477,3476,1791066600503525,1791066600505761,2236,0,16,16993,16993,12161,14119,6133,59830
3,3478,3477,1791066600553525,1791066600556814,3289,0,17,16754,16754,12078,13936,6030,58870
3,3479,3478,1791066600603525,1791066600605143,1618,0,18,16977,16977,12298,14152,6124,59810
3,3480,3479,1791066600653525,1791066600655153,1628,0,19,16934,16934,12377,14000,6136,59851
3,3481,3480,1791066600703525,1791066600705106,1581,0,0,16732,16732,12213,13861,6163,59888
3,3482,3481,1791066600753525,1791066600755282,1757,0,1,16977,16977,12576,13956,6379,62090
3,3483,3482,1791066600803525,1791066600805029,1504,0,2,16850,16850,12798,13765,6493,63330
3,3484,3483,1791066600853525,1791066600855014,1489,0,3,16954,16954,12879,13932,6575,63940
3,3485,3484,1791066600903525,1791066600904950,1425,0,4,16812,16812,12720,13838,6432,62540
3,3486,3485,1791066600953525,1791066600954981,1456,0,5,16840,16840,13034,13804,6582,64154
3,3487,3486,1791066601003525,1791066601004915,1390,0,6,16741,16741,12751,13812,6526,63350
3,3488,3487,1791066601053525,1791066601055239,1714,0,7,16878,16878,12788,13915,6389,62221
3,3489,3488,1791066601103525,1791066601105498,1973,0,8,16971,16971,12770,13980,6366,62150
3,3490,3489,1791066601153525,1791066601155124,1599,0,9,16802,16802,12501,13942,6268,61030
3,3491,3490,1791066601203525,1791066601205449,1924,0,10,16824,16824,12402,13944,6237,60744
3,3492,3491,1791066601253525,1791066601255336,1811,0,11,16857,16857,12428,13956,6209,60720
3,3493,3492,1791066601303525,1791066601306629,3104,0,12,17012,17012,12469,14160,6243,60780
3,3494,3493,1791066601353525,1791066601355170,1645,0,13,16858,16858,12155,14026,5952,57999
3,3495,3494,1791066601403525,1791066601405460,1935,0,14,16882,16882,12225,14044,6063,59330
3,3496,3495,1791066601453525,1791066601455468,1943,0,15,16852,16852,12233,13946,6004,58491
3,3497,3496,1791066601503525,1791066601505513,1988,0,16,16993,16993,12250,14084,6165,60340
3,3498,3497,1791066601553525,1791066601555350,1825,0,17,16754,16754,12162,13899,6083,59320
3,3499,3498,1791066601603525,1791066601605478,1953,0,18,16977,16977,12385,14105,6180,60220
3,3500,3499,1791066601653525,1791066601655092,1567,0,19,16934,16934,12458,13961,6187,60350
3,3501,3500,1791066601703525,1791066601705522,1997,0,0,16732,16732,12294,13820,6175,60338
3,3502,3501,1791066601753525,1791066601755053,1528,0,1,16977,16977,12663,13922,6406,62600
3,3503,3502,1791066601803525,1791066601805190,1665,0,2,16850,16850,12886,13725,6554,63830
3,3504,3503,1791066601853525,1791066601855437,1912,0,3,16954,16954,12963,13892,6620,64441
3,3505,3504,1791066601903525,1791066601904958,1433,0,4,16812,16812,12805,13802,6468,63033
3,3506,3505,1791066601953525,1791066601955669,2144,0,5,16840,16840,13126,13758,6641,64565
3,3507,3506,1791066602003525,1791066602005314,1789,0,6,16741,16741,12838,13752,6559,63690
3,3508,3507,1791066602053525,1791066602055061,1536,0,7,16878,16878,12874,13881,6434,62790
3,3509,3508,1791066602103525,1791066602105145,1620,0,8,16971,16971,12857,13930,6436,62548
3,3510,3509,1791066602153525,1791066602155791,2266,0,9,16802,16802,12588,13902,6302,61490
3,3511,3510,1791066602203525,1791066602205106,1581,0,10,16824,16824,12490,13900,6264,61140
3,3512,3511,1791066602253525,1791066602255272,1747,0,11,16857,16857,12516,13914,6274,61161
3,3513,3512,1791066602303525,1791066602304981,1456,0,12,17012,17012,12555,14110,6259,61170
3,3514,3513,1791066602353525,1791066602354869,1344,0,13,16858,16858,12238,13987,5991,58470
3,3515,3514,1791066602403525,1791066602405489,1964,0,14,16882,16882,12308,14011,6142,59830
3,3516,3515,1791066602453525,1791066602455304,1779,0,15,16852,16852,12316,13905,6055,58935
3,3517,3516,1791066602503525,1791066602505809,2284,0,16,16993,16993,12335,14035,6238,60730
3,3518,3517,1791066602553525,1791066602555661,2136,0,17,16754,16754,12243,13854,6123,59743
3,3519,3518,1791066602603525,1791066602605318,1793,0,18,16977,16977,12471,14063,6224,60670
3,3520,3519,1791066602653525,1791066602655114,1589,0,19,16934,16934,12542,13918,6228,60810
3,3521,3520,1791066602703525,1791066602705703,2178,0,0,16732,16732,12378,13771,6221,60680
3,3522,3521,1791066602753525,1791066602755519,1994,0,1,16977,16977,12748,13881,6487,63090
3,3523,3522,1791066602803525,1791066602805016,1491,0,2,16850,16850,12973,13677,6614,64270
3,3524,3523,1791066602853525,1791066602855195,1670,0,3,16954,16954,13050,13839,6637,64860
3,3525,3524,1791066602903525,1791066602905872,2347,0,4,16812,16812,12889,13756,6542,63430
3,3526,3525,1791066602953525,1791066602955457,1932,0,5,16840,16840,13211,13710,6671,64958
3,3527,3526,1791066603003525,1791066603005609,2084,0,6,16741,16741,12930,13697,6584,64090
3,3528,3527,1791066603053525,1791066603055281,1756,0,7,16878,16878,12962,13845,6517,63311
3,3529,3528,1791066603103525,1791066603105333,1808,0,8,16971,16971,12946,13884,6489,62973
3,3530,3529,1791066603153525,1791066603156210,2685,0,9,16802,16802,12674,13861,6364,62010
3,3531,3530,1791066603203525,1791066603205783,2258,0,10,16824,16824,12572,13856,6327,61590
3,3532,3531,1791066603253525,1791066603255103,1578,0,11,16857,16857,12602,13864,6304,61500
3,3533,3532,1791066603303525,1791066603305373,1848,0,12,17012,17012,12641,14072,6316,61640
3,3534,3533,1791066603353525,1791066603354986,1461,0,13,16858,16858,12322,13958,6043,58960
3,3535,3534,1791066603403525,1791066603405811,2286,0,14,16882,16882,12389,13971,6188,60290
3,3536,3535,1791066603453525,1791066603455223,1698,0,15,16852,16852,12398,13869,6116,59419
3,3537,3536,1791066603503525,1791066603504979,1454,0,16,16993,16993,12423,13983,6272,61110
3,3538,3537,1791066603553525,1791066603555081,1556,0,17,16754,16754,12328,13810,6187,60170
3,3539,3538,1791066603603525,1791066603605577,2052,0,18,16977,16977,12556,14015,6271,61080
3,3540,3539,1791066603653525,1791066603654932,1407,0,19,16934,16934,12629,13886,6271,61320
3,3541,3540,1791066603703525,1791066603705143,1618,0,0,16732,16732,12460,13733,6283,61179
3,3542,3541,1791066603753525,1791066603755046,1521,0,1,16977,16977,12836,13841,6536,63570
3,3543,3542,1791066603803525,1791066603804986,1461,0,2,16850,16850,13064,13637,6636,64800
3,3544,3543,1791066603853525,1791066603855061,1536,0,3,16954,16954,13142,13799,6736,65340
3,3545,3544,1791066603903525,1791066603905709,2184,0,4,16812,16812,12974,13707,6558,63880
3,3546,3545,1791066603953525,1791066603955016,1491,0,5,16840,16840,13297,13661,6713,65382
3,3547,3546,1791066604003525,1791066604005566,2041,0,6,16741,16741,13022,13652,6608,64540
3,3548,3547,1791066604053525,1791066604055244,1719,0,7,16878,16878,13049,13809,6557,63820
3,3549,3548,1791066604103525,1791066604105195,1670,0,8,16971,16971,13033,13837,6520,63410
3,3550,3549,1791066604153525,1791066604154812,1287,0,9,16802,16802,12764,13820,6412,62530
3,3551,3550,1791066604203525,1791066604205327,1802,0,10,16824,16824,12658,13819,6372,62060
3,3552,3551,1791066604253525,1791066604255158,1633,0,11,16857,16857,12682,13825,6367,61990
3,3553,3552,1791066604303525,1791066604305654,2129,0,12,17012,17012,12725,14035,6374,62140
3,3554,3553,1791066604353525,1791066604355160,1635,0,13,16858,16858,12399,13916,6109,59400
3,3555,3554,1791066604403525,1791066604405828,2303,0,14,16882,16882,12471,13932,6221,60760
3,3556,3555,1791066604453525,1791066604455103,1578,0,15,16852,16852,12481,13829,6130,59850
3,3557,3556,1791066604503525,1791066604505227,1702,0,16,16993,16993,12510,13945,6311,61600
3,3558,3557,1791066604553525,1791066604555453,1928,0,17,16754,16754,12414,13770,6229,60630
3,3559,3558,1791066604603525,1791066604605895,2370,0,18,16977,16977,12645,13963,6317,61480
3,3560,3559,1791066604653525,1791066604655342,1817,0,19,16934,16934,12711,13846,6352,61770
3,3561,3560,1791066604703525,1791066604705613,2088,0,0,16732,16732,12545,13691,6294,61609
3,3562,3561,1791066604753525,1791066604755315,1790,0,1,16977,16977,12922,13797,6560,64020
3,3563,3562,1791066604803525,1791066604805278,1753,0,2,16850,16850,13154,13603,6710,65390
3,3564,3563,1791066604853525,1791066604855298,1773,0,3,16954,16954,13229,13749,6777,65840
3,3565,3564,1791066604903525,1791066604904906,1381,0,4,16812,16812,13066,13659,6598,64340
3,3566,3565,1791066604953525,1791066604955230,1705,0,5,16840,16840,13386,13611,6775,65810
3,3567,3566,1791066605003525,1791066605005794,2269,0,6,16741,16741,13110,13603,6685,64970
3,3568,3567,1791066605053525,1791066605055232,1707,0,7,16878,16878,13134,13768,6599,64311
3,3569,3568,1791066605103525,1791066605105752,2227,0,8,16971,16971,13120,13794,6562,63910
3,3570,3569,1791066605153525,1791066605155539,2014,0,9,16802,16802,12851,13774,6469,62970
3,3571,3570,1791066605203525,1791066605205203,1678,0,10,16824,16824,12742,13775,6424,62501
3,3572,3571,1791066605253525,1791066605254971,1446,0,11,16857,16857,12769,13782,6418,62440
3,3573,3572,1791066605303525,1791066605305447,1922,0,12,17012,17012,12811,13996,6425,62620
3,3574,3573,1791066605353525,1791066605355013,1488,0,13,16858,16858,12483,13877,6155,59914
3,3575,3574,1791066605403525,1791066605405002,1477,0,14,16882,16882,12556,13888,6276,61170
3,3576,3575,1791066605453525,1791066605455093,1568,0,15,16852,16852,12562,13795,6200,60311
3,3577,3576,1791066605503525,1791066605505682,2157,0,16,16993,16993,12595,13906,6362,62070
3,3578,3577,1791066605553525,1791066605556191,2666,0,17,16754,16754,12498,13723,6270,61020
3,3579,3578,1791066605603525,1791066605605245,1720,0,18,16977,16977,12735,13913,6347,61900
3,3580,3579,1791066605653525,1791066605654826,1301,0,19,16934,16934,12795,13804,6385,62240
3,3581,3580,1791066605703525,1791066605705534,2009,0,0,16732,16732,12629,13651,6387,62090
3,3582,3581,1791066605753525,1791066605755117,1592,0,1,16977,16977,13009,13757,6608,64530
3,3583,3582,1791066605803525,1791066605805542,2017,0,2,16850,16850,13243,13554,6760,65800
3,3584,3583,1791066605853525,1791066605855253,1728,0,3,16954,16954,13325,13700,6823,66301
3,3585,3584,1791066605903525,1791066605905608,2083,0,4,16812,16812,13157,13610,6639,64760
3,3586,3585,1791066605953525,1791066605955518,1993,0,5,16840,16840,13476,13571,6826,66350
3,3587,3586,1791066606003525,1791066606005873,2348,0,6,16741,16741,13202,13556,6715,65430
3,3588,3587,1791066606053525,1791066606055765,2240,0,7,16878,16878,13223,13720,6672,64740
3,3589,3588,1791066606103525,1791066606105337,1812,0,8,16971,16971,13212,13749,6610,64390
3,3590,3589,1791066606153525,1791066606155762,2237,0,9,16802,16802,12938,13736,6541,63510
3,3591,3590,1791066606203525,1791066606204984,1459,0,10,16824,16824,12829,13727,6464,62960
3,3592,3591,1791066606253525,1791066606254997,1472,0,11,16857,16857,12856,13744,6470,62930
3,3593,3592,1791066606303525,1791066606305852,2327,0,12,17012,17012,12894,13955,6486,63100
3,3594,3593,1791066606353525,1791066606354992,1467,0,13,16858,16858,12570,13837,6188,60380
3,3595,3594,1791066606403525,1791066606405860,2335,0,14,16882,16882,12640,13848,6350,61650
3,3596,3595,1791066606453525,1791066606455185,1660,0,15,16852,16852,12642,13757,6256,60800
3,3597,3596,1791066606503525,1791066606505138,1613,0,16,16993,16993,12679,13861,6410,62520
3,3598,3597,1791066606553525,1791066606555124,1599,0,17,16754,16754,12584,13678,6311,61505
3,3599,3598,1791066606603525,1791066606605216,1691,0,18,16977,16977,12823,13873,6411,62380
3,3600,3599,1791066606653525,1791066606655249,1724,0,19,16934,16934,12882,13764,6424,62721
3,3601,3600,1791066606703525,1791066606705009,1484,0,0,16732,16732,12715,13607,6405,62544
3,3602,3601,1791066606753525,1791066606755171,1646,0,1,16977,16977,13098,13716,6665,65020
3,3603,3602,1791066606803525,1791066606827625,24100,0,2,16850,16850,13331,13510,6840,66310
3,3604,3603,1791066606853525,1791066606870796,17271,0,3,16954,16954,13418,13638,6852,66660
3,3605,3604,1791066606903525,1791066606918705,15180,0,4,16812,16812,13247,13574,6702,65260
3,3606,3605,1791066606953525,1791066606965982,12457,0,5,16840,16840,13568,13527,6917,66850
3,3607,3606,1791066607003525,1791066607011942,8417,0,6,16741,16741,13290,13515,6798,65940
3,3608,3607,1791066607053525,1791066607056788,3263,0,7,16878,16878,13314,13675,6722,65221
3,3609,3608,1791066607103525,1791066607105432,1907,0,8,16971,16971,13302,13711,6680,64897
3,3610,3609,1791066607153525,1791066607155712,2187,0,9,16802,16802,13025,13700,6599,64039
3,3611,3610,1791066607203525,1791066607205593,2068,0,10,16824,16824,12919,13679,6502,63390
3,3612,3611,1791066607253525,1791066607254881,1356,0,11,16857,16857,12939,13699,6530,63430
3,3613,3612,1791066607303525,1791066607305280,1755,0,12,17012,17012,12982,13912,6525,63570
3,3614,3613,1791066607353525,1791066607355877,2352,0,13,16858,16858,12654,13796,6248,60825
3,3615,3614,1791066607403525,1791066607405088,1563,0,14,16882,16882,12728,13803,6376,62120
3,3616,3615,1791066607453525,1791066607455539,2014,0,15,16852,16852,12727,13714,6314,61254
3,3617,3616,1791066607503525,1791066607505660,2135,0,16,16993,16993,12767,13813,6445,62940
3,3618,3617,1791066607553525,1791066607555878,2353,0,17,16754,16754,12675,13632,6352,61950
3,3619,3618,1791066607603525,1791066607605283,1758,0,18,16977,16977,12910,13831,6447,62870
3,3620,3619,1791066607653525,1791066607655156,1631,0,19,16934,16934,12970,13725,6502,63210
3,3621,3620,1791066607703525,1791066607705753,2228,0,0,16732,16732,12801,13563,6473,62980
3,3622,3621,1791066607753525,1791066607755109,1584,0,1,16977,16977,13187,13672,6739,65510
3,3623,3622,1791066607803525,1791066607805621,2096,0,2,16850,16850,13423,13463,6901,66760
3,3624,3623,1791066607853525,1791066607857353,3828,0,3,16954,16954,13509,13601,6919,67191
3,3625,3624,1791066607903525,1791066607908111,4586,0,4,16812,16812,13333,13536,6770,65809
3,3626,3625,1791066607953525,1791066607955132,1607,0,5,16840,16840,13656,13483,6939,67390
3,3627,3626,1791066608003525,1791066608005732,2207,0,6,16741,16741,13380,13460,6832,66400
3,3628,3627,1791066608053525,1791066608055307,1782,0,7,16878,16878,13401,13637,6773,65780
3,3629,3628,1791066608103525,1791066608104945,1420,0,8,16971,16971,13389,13667,6732,65390
3,3630,3629,1791066608153525,1791066608155638,2113,0,9,16802,16802,13111,13653,6625,64480
3,3631,3630,1791066608203525,1791066608204831,1306,0,10,16824,16824,13009,13633,6543,63860
3,3632,3631,1791066608253525,1791066608255864,2339,0,11,16857,16857,13029,13650,6564,63891
3,3633,3632,1791066608303525,1791066608305651,2126,0,12,17012,17012,13070,13861,6585,64040
3,3634,3633,1791066608353525,1791066608355888,2363,0,13,16858,16858,12739,13758,6327,61332
3,3635,3634,1791066608403525,1791066608405526,2001,0,14,16882,16882,12816,13758,6436,62550
3,3636,3635,1791066608453525,1791066608455866,2341,0,15,16852,16852,12812,13673,6348,61702
3,3637,3636,1791066608503525,1791066608505164,1639,0,16,16993,16993,12852,13769,6519,63420
3,3638,3637,1791066608553525,1791066608555518,1993,0,17,16754,16754,12764,13590,6420,62450
3,3639,3638,1791066608603525,1791066608605806,2281,0,18,16977,16977,12997,13797,6523,63430
3,3640,3639,1791066608653525,1791066608655340,1815,0,19,16934,16934,13055,13683,6532,63651
3,3641,3640,1791066608703525,1791066608705226,1701,0,0,16732,16732,12888,13523,6505,63450
3,3642,3641,1791066608753525,1791066608755811,2286,0,1,16977,16977,13279,13627,6755,65960
3,3643,3642,1791066608803525,1791066608805867,2342,0,2,16850,16850,13512,13415,6917,67253
3,3644,3643,1791066608853525,1791066608855278,1753,0,3,16954,16954,13599,13564,6971,67770
3,3645,3644,1791066608903525,1791066608905131,1606,0,4,16812,16812,13424,13495,6829,66288
3,3646,3645,1791066608953525,1791066608955469,1944,0,5,16840,16840,13753,13431,6988,67788
3,3647,3646,1791066609003525,1791066609005896,2371,0,6,16741,16741,13476,13421,6879,66970
3,3648,3647,1791066609053525,1791066609054876,1351,0,7,16878,16878,13492,13584,6825,66221
3,3649,3648,1791066609103525,1791066609105163,1638,0,8,16971,16971,13479,13628,6815,65940
3,3650,3649,1791066609153525,1791066609155567,2042,0,9,16802,16802,13201,13613,6694,64973
3,3651,3650,1791066609203525,1791066609205315,1790,0,10,16824,16824,13101,13581,6612,64271
3,3652,3651,1791066609253525,1791066609254951,1426,0,11,16857,16857,13122,13605,6613,64370
3,3653,3652,1791066609303525,1791066609304946,1421,0,12,17012,17012,13162,13815,6625,64540
3,3654,3653,1791066609353525,1791066609354895,1370,0,13,16858,16858,12826,13708,6357,61760
3,3655,3654,1791066609403525,1791066609404849,1324,0,14,16882,16882,12904,13712,6470,63050
3,3656,3655,1791066609453525,1791066609455047,1522,0,15,16852,16852,12896,13636,6399,62212
3,3657,3656,1791066609503525,1791066609505406,1881,0,16,16993,16993,12942,13728,6547,63920
3,3658,3657,1791066609553525,1791066609555351,1826,0,17,16754,16754,12852,13544,6457,62904
3,3659,3658,1791066609603525,1791066609607374,3849,0,18,16977,16977,13085,13749,6571,63870
3,3660,3659,1791066609653525,1791066609655045,1520,0,19,16934,16934,13140,13640,6587,64170
3,3661,3660,1791066609703525,1791066609705232,1707,0,0,16732,16732,12973,13486,6579,63960
3,3662,3661,1791066609753525,1791066609755071,1546,0,1,16977,16977,13367,13585,6838,66480
3,3663,3662,1791066609803525,1791066609805164,1639,0,2,16850,16850,13607,13373,6993,67733
3,3664,3663,1791066609853525,1791066609855127,1602,0,3,16954,16954,13693,13517,7005,68240
3,3665,3664,1791066609903525,1791066609905600,2075,0,4,16812,16812,13510,13448,6868,66800
3,3666,3665,1791066609953525,1791066609955424,1899,0,5,16840,16840,13843,13385,7053,68329
3,3667,3666,1791066610003525,1791066610004947,1422,0,6,16741,16741,13567,13375,6951,67460
3,3668,3667,1791066610053525,1791066610055638,2113,0,7,16878,16878,13582,13547,6853,66750
3,3669,3668,1791066610103525,1791066610105369,1844,0,8,16971,16971,13569,13584,6850,66456
3,3670,3669,1791066610153525,1791066610155853,2328,0,9,16802,16802,13288,13569,6736,65485
3,3671,3670,1791066610203525,1791066610206900,3375,0,10,16824,16824,13194,13530,6636,64710
3,3672,3671,1791066610253525,1791066610255087,1562,0,11,16857,16857,13213,13559,6681,64840
3,3673,3672,1791066610303525,1791066610305272,1747,0,12,17012,17012,13255,13773,6700,65050
3,3674,3673,1791066610353525,1791066610355015,1490,0,13,16858,16858,12915,13670,6386,62240
3,3675,3674,1791066610403525,1791066610405860,2335,0,14,16882,16882,12993,13673,6519,63550
3,3676,3675,1791066610453525,1791066610454949,1424,0,15,16852,16852,12983,13591,6430,62622
3,3677,3676,1791066610503525,1791066610505427,1902,0,16,16993,16993,13030,13680,6616,64400
3,3678,3677,1791066610553525,1791066610555726,2201,0,17,16754,16754,12939,13499,6515,63400
3,3679,3678,1791066610603525,1791066610605738,2213,0,18,16977,16977,13175,13708,6620,64400
3,3680,3679,1791066610653525,1791066610659072,5547,0,19,16934,16934,13230,13589,6656,64610
3,3681,3680,1791066610703525,1791066610706194,2669,0,0,16732,16732,13062,13437,6614,64430
3,3682,3681,1791066610753525,1791066610755344,1819,0,1,16977,16977,13458,13539,6888,66970
3,3683,3682,1791066610803525,1791066610805610,2085,0,2,16850,16850,13697,13324,7024,68235
3,3684,3683,1791066610853525,1791066610855738,2213,0,3,16954,16954,13784,13476,7081,68760
3,3685,3684,1791066610903525,1791066610921981,18456,0,4,16812,16812,13603,13398,6950,67210
3,3686,3685,1791066610953525,1791066610966153,12628,0,5,16840,16840,13938,13337,7134,68850
3,3687,3686,1791066611003525,1791066611019842,16317,0,6,16741,16741,13659,13330,7000,68010
3,3688,3687,1791066611053525,1791066611070782,17257,0,7,16878,16878,13672,13500,6924,67240
3,3689,3688,1791066611103525,1791066611113953,10428,0,8,16971,16971,13665,13533,6869,66890
3,3690,3689,1791066611153525,1791066611155835,2310,0,9,16802,16802,13379,13524,6778,65990
3,3691,3690,1791066611203525,1791066611205011,1486,0,10,16824,16824,13286,13483,6716,65210
3,3692,3691,1791066611253525,1791066611255331,1806,0,11,16857,16857,13302,13510,6713,65280
3,3693,3692,1791066611303525,1791066611305157,1632,0,12,17012,17012,13348,13713,6736,65410
3,3694,3693,1791066611353525,1791066611355105,1580,0,13,16858,16858,13001,13627,6444,62713
3,3695,3694,1791066611403525,1791066611405772,2247,0,14,16882,16882,13081,13627,6563,64020
3,3696,3695,1791066611453525,1791066611455668,2143,0,15,16852,16852,13066,13539,6473,63020
3,3697,3696,1791066611503525,1791066611504939,1414,0,16,16993,16993,13122,13639,6676,64910
3,3698,3697,1791066611553525,1791066611555895,2370,0,17,16754,16754,13029,13458,6552,63910
3,3699,3698,1791066611603525,1791066611605735,2210,0,18,16977,16977,13266,13667,6665,64920
3,3700,3699,1791066611653525,1791066611658419,4894,0,19,16934,16934,13321,13530,6686,64920
3,3701,3700,1791066611703525,1791066611705836,2311,0,0,16732,16732,13156,13384,6684,64840
3,3702,3701,1791066611753525,1791066611757473,3948,0,1,16977,16977,13550,13496,6926,67480
3,3703,3702,1791066611803525,1791066611805653,2128,0,2,16850,16850,13789,13277,7069,68730
3,3704,3703,1791066611853525,1791066611854877,1352,0,3,16954,16954,13876,13419,7157,69231
3,3705,3704,1791066611903525,1791066611905503,1978,0,4,16812,16812,13693,13358,6984,67775
3,3706,3705,1791066611953525,1791066611955204,1679,0,5,16840,16840,14035,13285,7141,69330
3,3707,3706,1791066612003525,1791066612005269,1744,0,6,16741,16741,13756,13275,7086,68480
3,3708,3707,1791066612053525,1791066612055066,1541,0,7,16878,16878,13768,13464,6970,67820
3,3709,3708,1791066612103525,1791066612105034,1509,0,8,16971,16971,13755,13491,6917,67385
3,3710,3709,1791066612153525,1791066612156405,2880,0,9,16802,16802,13471,13466,6828,66400
3,3711,3710,1791066612203525,1791066612205705,2180,0,10,16824,16824,13378,13435,6763,65688
3,3712,3711,1791066612253525,1791066612255417,1892,0,11,16857,16857,13394,13453,6788,65741
3,3713,3712,1791066612303525,1791066612305018,1493,0,12,17012,17012,13442,13662,6780,65840
3,3714,3713,1791066612353525,1791066612355380,1855,0,13,16858,16858,13090,13575,6509,63130
3,3715,3714,1791066612403525,1791066612405002,1477,0,14,16882,16882,13172,13589,6624,64540
3,3716,3715,1791066612453525,1791066612455035,1510,0,15,16852,16852,13155,13494,6536,63497
3,3717,3716,1791066612503525,1791066612505709,2184,0,16,16993,16993,13212,13587,6752,65340
3,3718,3717,1791066612553525,1791066612555530,2005,0,17,16754,16754,13120,13416,6621,64430
3,3719,3718,1791066612603525,1791066612605471,1946,0,18,16977,16977,13357,13611,6712,65320
3,3720,3719,1791066612653525,1791066612654832,1307,0,19,16934,16934,13411,13482,6743,65401
3,3721,3720,1791066612703525,1791066612705703,2178,0,0,16732,16732,13247,13340,6691,65370
3,3722,3721,1791066612753525,1791066612755048,1523,0,1,16977,16977,13641,13448,6970,67950
3,3723,3722,1791066612803525,1791066612805587,2062,0,2,16850,16850,13882,13230,7149,69267
3,3724,3723,1791066612853525,1791066612855016,1491,0,3,16954,16954,13973,13374,7190,69780
3,3725,3724,1791066612903525,1791066612905482,1957,0,4,16812,16812,13786,13305,7037,68240
3,3726,3725,1791066612953525,1791066612955696,2171,0,5,16840,16840,14126,13239,7223,69810
3,3727,3726,1791066613003525,1791066613005733,2208,0,6,16741,16741,13855,13215,7096,68920
3,3728,3727,1791066613053525,1791066613055028,1503,0,7,16878,16878,13860,13426,7065,68351
3,3729,3728,1791066613103525,1791066613104996,1471,0,8,16971,16971,13846,13445,7032,67900
3,3730,3729,1791066613153525,1791066613154968,1443,0,9,16802,16802,13566,13417,6880,66837
3,3731,3730,1791066613203525,1791066613205110,1585,0,10,16824,16824,13472,13372,6811,66092
3,3732,3731,1791066613253525,1791066613255212,1687,0,11,16857,16857,13493,13402,6823,66210
3,3733,3732,1791066613303525,1791066613305767,2242,0,12,17012,17012,13531,13612,6832,66335
3,3734,3733,1791066613353525,1791066613355331,1806,0,13,16858,16858,13181,13535,6545,63651
3,3735,3734,1791066613403525,1791066613405644,2119,0,14,16882,16882,13260,13547,6710,65080
3,3736,3735,1791066613453525,1791066613455004,1479,0,15,16852,16852,13243,13450,6602,63940
3,3737,3736,1791066613503525,1791066613505592,2067,0,16,16993,16993,13306,13527,6762,65750
3,3738,3737,1791066613553525,1791066613554966,1441,0,17,16754,16754,13211,13371,6659,64900
3,3739,3738,1791066613603525,1791066613605609,2084,0,18,16977,16977,13450,13566,6764,65850
3,3740,3739,1791066613653525,1791066613655510,1985,0,19,16934,16934,13501,13428,6774,65800
3,3741,3740,1791066613703525,1791066613705596,2071,0,0,16732,16732,13341,13301,6774,65866
3,3742,3741,1791066613753525,1791066613755448,1923,0,1,16977,16977,13733,13409,7051,68490
3,3743,3742,1791066613803525,1791066613805523,1998,0,2,16850,16850,13978,13178,7196,69770
3,3744,3743,1791066613853525,1791066613855052,1527,0,3,16954,16954,14069,13334,7262,70370
3,3745,3744,1791066613903525,1791066613904966,1441,0,4,16812,16812,13882,13254,7094,68690
3,3746,3745,1791066613953525,1791066613955543,2018,0,5,16840,16840,14218,13195,7305,70340
3,3747,3746,1791066614003525,1791066614005091,1566,0,6,16741,16741,13954,13163,7158,69410
3,3748,3747,1791066614053525,1791066614055205,1680,0,7,16878,16878,13950,13376,7114,68860
3,3749,3748,1791066614103525,1791066614105056,1531,0,8,16971,16971,13939,13404,7046,68454
3,3750,3749,1791066614153525,1791066614155727,2202,0,9,16802,16802,13657,13376,6943,67336
3,3751,3750,1791066614203525,1791066614205330,1805,0,10,16824,16824,13571,13340,6859,66692
3,3752,3751,1791066614253525,1791066614254939,1414,0,11,16857,16857,13587,13363,6913,66791
3,3753,3752,1791066614303525,1791066614305492,1967,0,12,17012,17012,13625,13562,6863,66820
3,3754,3753,1791066614353525,1791066614355555,2030,0,13,16858,16858,13271,13498,6591,64190
3,3755,3754,1791066614403525,1791066614405060,1535,0,14,16882,16882,13352,13504,6735,65600
3,3756,3755,1791066614453525,1791066614455041,1516,0,15,16852,16852,13332,13403,6622,64445
3,3757,3756,1791066614503525,1791066614505332,1807,0,16,16993,16993,13405,13485,6810,66300
3,3758,3757,1791066614553525,1791066614557565,4040,0,17,16754,16754,13300,13318,6723,65300
3,3759,3758,1791066614603525,1791066614605613,2088,0,18,16977,16977,13544,13513,6847,66300
3,3760,3759,1791066614653525,1791066614654944,1419,0,19,16934,16934,13591,13387,6832,66301
3,3761,3760,1791066614703525,1791066614704872,1347,0,0,16732,16732,13430,13261,6816,66360
3,3762,3761,1791066614753525,1791066614755521,1996,0,1,16977,16977,13824,13360,7092,68970
3,3763,3762,1791066614803525,1791066614805445,1920,0,2,16850,16850,14076,13121,7218,70220
3,3764,3763,1791066614853525,1791066614855675,2150,0,3,16954,16954,14166,13279,7321,70840
3,3765,3764,1791066614903525,1791066614905373,1848,0,4,16812,16812,13976,13205,7149,69173
3,3766,3765,1791066614953525,1791066614955853,2328,0,5,16840,16840,14312,13141,7295,70770
3,3767,3766,1791066615003525,1791066615005564,2039,0,6,16741,16741,14050,13113,7224,69870
3,3768,3767,1791066615053525,1791066615055173,1648,0,7,16878,16878,14046,13331,7181,69341
3,3769,3768,1791066615103525,1791066615105262,1737,0,8,16971,16971,14031,13354,7118,68972
3,3770,3769,1791066615153525,1791066615155552,2027,0,9,16802,16802,13747,13330,7022,67847
3,3771,3770,1791066615203525,1791066615205003,1478,0,10,16824,16824,13662,13291,6912,67136
3,3772,3771,1791066615253525,1791066615254927,1402,0,11,16857,16857,13681,13319,6950,67340
3,3773,3772,1791066615303525,1791066615304845,1320,0,12,17012,17012,13718,13521,6928,67350
3,3774,3773,1791066615353525,1791066615355496,1971,0,13,16858,16858,13361,13450,6675,64670
3,3775,3774,1791066615403525,1791066615405373,1848,0,14,16882,16882,13444,13467,6794,66160
3,3776,3775,1791066615453525,1791066615455526,2001,0,15,16852,16852,13423,13356,6684,64920
3,3777,3776,1791066615503525,1791066615505120,1595,0,16,16993,16993,13500,13446,6871,66830
3,3778,3777,1791066615553525,1791066615555065,1540,0,17,16754,16754,13392,13274,6761,65830
3,3779,3778,1791066615603525,1791066615605688,2163,0,18,16977,16977,13639,13471,6870,66840
3,3780,3779,1791066615653525,1791066615655088,1563,0,19,16934,16934,13681,13342,6876,66850
3,3781,3780,1791066615703525,1791066615705007,1482,0,0,16732,16732,13515,13210,6874,66835
3,3782,3781,1791066615753525,1791066615755662,2137,0,1,16977,16977,13918,13320,7150,69550
3,3783,3782,1791066615803525,1791066615804822,1297,0,2,16850,16850,14176,13076,7305,70740
3,3784,3783,1791066615853525,1791066615855200,1675,0,3,16954,16954,14262,13234,7378,71431
3,3785,3784,1791066615903525,1791066615905661,2136,0,4,16812,16812,14071,13154,7202,69690
3,3786,3785,1791066615953525,1791066615955427,1902,0,5,16840,16840,14408,13088,7363,71230
3,3787,3786,1791066616003525,1791066616005371,1846,0,6,16741,16741,14145,13059,7294,70350
3,3788,3787,1791066616053525,1791066616054976,1451,0,7,16878,16878,14138,13291,7199,69960
3,3789,3788,1791066616103525,1791066616105633,2108,0,8,16971,16971,14126,13312,7214,69530
3,3790,3789,1791066616153525,1791066616155555,2030,0,9,16802,16802,13842,13277,7045,68320
3,3791,3790,1791066616203525,1791066616205658,2133,0,10,16824,16824,13752,13247,6978,67660
3,3792,3791,1791066616253525,1791066616255052,1527,0,11,16857,16857,13776,13257,6986,67731
3,3793,3792,1791066616303525,1791066616305178,1653,0,12,17012,17012,13809,13478,6980,67862
3,3794,3793,1791066616353525,1791066616355874,2349,0,13,16858,16858,13453,13407,6702,65204
3,3795,3794,1791066616403525,1791066616405569,2044,0,14,16882,16882,13535,13427,6860,66670
3,3796,3795,1791066616453525,1791066616454955,1430,0,15,16852,16852,13518,13310,6729,65415
3,3797,3796,1791066616503525,1791066616504840,1315,0,16,16993,16993,13592,13395,6933,67310
3,3798,3797,1791066616553525,1791066616554990,1465,0,17,16754,16754,13485,13225,6820,66300
3,3799,3798,1791066616603525,1791066616605795,2270,0,18,16977,16977,13731,13414,6914,67250
3,3800,3799,1791066616653525,1791066616655094,1569,0,19,16934,16934,13776,13294,6926,67301
3,3801,3800,1791066616703525,1791066616705124,1599,0,0,16732,16732,13611,13163,6972,67312
3,3802,3801,1791066616753525,1791066616755626,2101,0,1,16977,16977,14012,13271,7199,70050
3,3803,3802,1791066616803525,1791066616805440,1915,0,2,16850,16850,14272,13022,7372,71230
3,3804,3803,1791066616853525,1791066616855227,1702,0,3,16954,16954,14364,13180,7427,71900
3,3805,3804,1791066616903525,1791066616905093,1568,0,4,16812,16812,14169,13097,7241,70140
3,3806,3805,1791066616953525,1791066616955683,2158,0,5,16840,16840,14505,13040,7390,71737
3,3807,3806,1791066617003525,1791066617005867,2342,0,6,16741,16741,14241,13006,7305,70820
3,3808,3807,1791066617053525,1791066617055070,1545,0,7,16878,16878,14234,13243,7287,70481
3,3809,3808,1791066617103525,1791066617105357,1832,0,8,16971,16971,14220,13255,7216,69978
3,3810,3809,1791066617153525,1791066617154974,1449,0,9,16802,16802,13938,13224,7092,68810
3,3811,3810,1791066617203525,1791066617205549,2024,0,10,16824,16824,13845,13194,6997,68119
3,3812,3811,1791066617253525,1791066617255081,1556,0,11,16857,16857,13872,13206,7006,68270
3,3813,3812,1791066617303525,1791066617304997,1472,0,12,17012,17012,13900,13436,7066,68380
3,3814,3813,1791066617353525,1791066617355944,2419,0,13,16858,16858,13545,13366,6760,65700
3,3815,3814,1791066617403525,1791066617405157,1632,0,14,16882,16882,13625,13375,6914,67170
3,3816,3815,1791066617453525,1791066617454974,1449,0,15,16852,16852,13609,13258,6774,65834
3,3817,3816,1791066617503525,1791066617505732,2207,0,16,16993,16993,13686,13347,6979,67840
3,3818,3817,1791066617553525,1791066617555097,1572,0,17,16754,16754,13578,13181,6900,66850
3,3819,3818,1791066617603525,1791066617605282,1757,0,18,16977,16977,13828,13361,6981,67720
3,3820,3819,1791066617653525,1791066617655542,2017,0,19,16934,16934,13869,13248,7010,67790
3,3821,3820,1791066617703525,1791066617705368,1843,0,0,16732,16732,13706,13118,6990,67859
3,3822,3821,1791066617753525,1791066617758377,4852,0,1,16977,16977,14107,13227,7297,70640
3,3823,3822,1791066617803525,1791066617805027,1502,0,2,16850,16850,14370,12968,7397,71720
3,3824,3823,1791066617853525,1791066617855059,1534,0,3,16954,16954,14462,13133,7473,72401
3,3825,3824,1791066617903525,1791066617905044,1519,0,4,16812,16812,14267,13050,7289,70650
3,3826,3825,1791066617953525,1791066617955519,1994,0,5,16840,16840,14601,12994,7473,72259
3,3827,3826,1791066618003525,1791066618007975,4450,0,6,16741,16741,14340,12960,7357,71330
3,3828,3827,1791066618053525,1791066618055247,1722,0,7,16878,16878,14333,13199,7352,71020
3,3829,3828,1791066618103525,1791066618105279,1754,0,8,16971,16971,14320,13202,7282,70414
3,3830,3829,1791066618153525,1791066618155761,2236,0,9,16802,16802,14035,13173,7163,69278
3,3831,3830,1791066618203525,1791066618205204,1679,0,10,16824,16824,13938,13153,7087,68660
3,3832,3831,1791066618253525,1791066618255506,1981,0,11,16857,16857,13969,13169,7116,68831
3,3833,3832,1791066618303525,1791066618305072,1547,0,12,17012,17012,13992,13391,7125,68935
3,3834,3833,1791066618353525,1791066618354903,1378,0,13,16858,16858,13634,13320,6804,66219
3,3835,3834,1791066618403525,1791066618405789,2264,0,14,16882,16882,13722,13324,6961,67630
3,3836,3835,1791066618453525,1791066618455008,1483,0,15,16852,16852,13701,13216,6839,66320
3,3837,3836,1791066618503525,1791066618504942,1417,0,16,16993,16993,13783,13303,7043,68390
3,3838,3837,1791066618553525,1791066618555296,1771,0,17,16754,16754,13670,13132,6933,67360
3,3839,3838,1791066618603525,1791066618605342,1817,0,18,16977,16977,13922,13315,7051,68310
3,3840,3839,1791066618653525,1791066618654969,1444,0,19,16934,16934,13961,13196,7056,68261
3,3841,3840,1791066618703525,1791066618705351,1826,0,0,16732,16732,13800,13072,7060,68320
3,3842,3841,1791066618753525,1791066618755807,2282,0,1,16977,16977,14207,13172,7363,71100
3,3843,3842,1791066618803525,1791066618805015,1490,0,2,16850,16850,14468,12916,7456,72196
3,3844,3843,1791066618853525,1791066618875871,22346,0,3,16954,16954,14558,13082,7529,72910
3,3845,3844,1791066618903525,1791066618921076,17551,0,4,16812,16812,14364,13007,7392,71210
3,3846,3845,1791066618953525,1791066618965524,11999,0,5,16840,16840,14699,12950,7551,72860
3,3847,3846,1791066619003525,1791066619009386,5861,0,6,16741,16741,14436,12901,7431,71830
3,3848,3847,1791066619053525,1791066619055242,1717,0,7,16878,16878,14430,13157,7425,71610
3,3849,3848,1791066619103525,1791066619104864,1339,0,8,16971,16971,14416,13149,7342,70940
3,3850,3849,1791066619153525,1791066619155363,1838,0,9,16802,16802,14132,13116,7193,69695
3,3851,3850,1791066619203525,1791066619205151,1626,0,10,16824,16824,14031,13111,7173,69170
3,3852,3851,1791066619253525,1791066619255331,1806,0,11,16857,16857,14060,13112,7154,69310
3,3853,3852,1791066619303525,1791066619305000,1475,0,12,17012,17012,14084,13339,7152,69440
3,3854,3853,1791066619353525,1791066619354991,1466,0,13,16858,16858,13730,13276,6878,66730
3,3855,3854,1791066619403525,1791066619405548,2023,0,14,16882,16882,13815,13288,7056,68230
3,3856,3855,1791066619453525,1791066619455123,1598,0,15,16852,16852,13790,13180,6887,66923
3,3857,3856,1791066619503525,1791066619505488,1963,0,16,16993,16993,13881,13250,7116,68880
3,3858,3857,1791066619553525,1791066619554988,1463,0,17,16754,16754,13766,13101,7018,67990
3,3859,3858,1791066619603525,1791066619605120,1595,0,18,16977,16977,14019,13277,7131,68920
3,3860,3859,1791066619653525,1791066619655779,2254,0,19,16934,16934,14058,13147,7095,68790
3,3861,3860,1791066619703525,1791066619705113,1588,0,0,16732,16732,13890,13023,7124,68866
3,3862,3861,1791066619753525,1791066619755768,2243,0,1,16977,16977,14305,13125,7408,71670
3,3863,3862,1791066619803525,1791066619809138,5613,0,2,16850,16850,14564,12868,7510,72731
3,3864,3863,1791066619853525,1791066619859280,5755,0,3,16954,16954,14655,13036,7578,73460
3,3865,3864,1791066619903525,1791066619906314,2789,0,4,16812,16812,14460,12955,7406,71730
3,3866,3865,1791066619953525,1791066619955430,1905,0,5,16840,16840,14799,12902,7665,73420
3,3867,3866,1791066620003525,1791066620005499,1974,0,6,16741,16741,14538,12843,7482,72320
3,3868,3867,1791066620053525,1791066620055263,1738,0,7,16878,16878,14526,13104,7470,72130
3,3869,3868,1791066620103525,1791066620105092,1567,0,8,16971,16971,14514,13093,7400,71370
3,3870,3869,1791066620153525,1791066620160277,6752,0,9,16802,16802,14228,13060,7284,70166
3,3871,3870,1791066620203525,1791066620207908,4383,0,10,16824,16824,14124,13062,7209,69730
3,3872,3871,1791066620253525,1791066620255143,1618,0,11,16857,16857,14160,13057,7219,69780
3,3873,3872,1791066620303525,1791066620305406,1881,0,12,17012,17012,14185,13279,7206,69910
3,3874,3873,1791066620353525,1791066620355190,1665,0,13,16858,16858,13826,13235,6959,67330
3,3875,3874,1791066620403525,1791066620405554,2029,0,14,16882,16882,13906,13235,7085,68780
3,3876,3875,1791066620453525,1791066620455068,1543,0,15,16852,16852,13883,13137,6962,67450
3,3877,3876,1791066620503525,1791066620505100,1575,0,16,16993,16993,13977,13193,7152,69350
3,3878,3877,1791066620553525,1791066620555601,2076,0,17,16754,16754,13858,13053,7084,68550
3,3879,3878,1791066620603525,1791066620605472,1947,0,18,16977,16977,14111,13227,7166,69490
3,3880,3879,1791066620653525,1791066620654886,1361,0,19,16934,16934,14152,13099,7124,69320
3,3881,3880,1791066620703525,1791066620704879,1354,0,0,16732,16732,13989,12969,7161,69400
3,3882,3881,1791066620753525,1791066620755040,1515,0,1,16977,16977,14405,13074,7454,72200
3,3883,3882,1791066620803525,1791066620805363,1838,0,2,16850,16850,14662,12820,7598,73299
3,3884,3883,1791066620853525,1791066620854885,1360,0,3,16954,16954,14755,12987,7647,74020
3,3885,3884,1791066620903525,1791066620904973,1448,0,4,16812,16812,14558,12905,7494,72250
3,3886,3885,1791066620953525,1791066620955870,2345,0,5,16840,16840,14900,12846,7669,73910
3,3887,3886,1791066621003525,1791066621005230,1705,0,6,16741,16741,14637,12792,7573,72870
3,3888,3887,1791066621053525,1791066621054980,1455,0,7,16878,16878,14628,13059,7542,72690
3,3889,3888,1791066621103525,1791066621105841,2316,0,8,16971,16971,14612,13049,7478,71940
3,3890,3889,1791066621153525,1791066621154843,1318,0,9,16802,16802,14326,13001,7326,70630
3,3891,3890,1791066621203525,1791066621205747,2222,0,10,16824,16824,14227,13014,7257,70260
3,3892,3891,1791066621253525,1791066621255176,1651,0,11,16857,16857,14258,13007,7243,70310
3,3893,3892,1791066621303525,1791066621305677,2152,0,12,17012,17012,14284,13232,7306,70500
3,3894,3893,1791066621353525,1791066621355390,1865,0,13,16858,16858,13923,13189,6998,67838
3,3895,3894,1791066621403525,1791066621407159,3634,0,14,16882,16882,14005,13182,7154,69240
3,3896,3895,1791066621453525,1791066621455847,2322,0,15,16852,16852,13977,13089,7017,67954
3,3897,3896,1791066621503525,1791066621504867,1342,0,16,16993,16993,14075,13138,7190,69830
3,3898,3897,1791066621553525,1791066621554848,1323,0,17,16754,16754,13959,13001,7142,69060
3,3899,3898,1791066621603525,1791066621605507,1982,0,18,16977,16977,14213,13182,7229,70020
3,3900,3899,1791066621653525,1791066621655323,1798,0,19,16934,16934,14250,13053,7183,69860
3,3901,3900,1791066621703525,1791066621705558,2033,0,0,16732,16732,14090,12917,7223,69880
3,3902,3901,1791066621753525,1791066621755305,1780,0,1,16977,16977,14506,13010,7524,72630
3,3903,3902,1791066621803525,1791066621805262,1737,0,2,16850,16850,14761,12771,7697,73830
3,3904,3903,1791066621853525,1791066621857609,4084,0,3,16954,16954,14856,12933,7781,74520
3,3905,3904,1791066621903525,1791066621905135,1610,0,4,16812,16812,14656,12854,7540,72770
3,3906,3905,1791066621953525,1791066621955989,2464,0,5,16840,16840,15000,12797,7785,74450
3,3907,3906,1791066622003525,1791066622005529,2004,0,6,16741,16741,14737,12739,7623,73400
3,3908,3907,1791066622053525,1791066622055725,2200,0,7,16878,16878,14723,12999,7585,73190
3,3909,3908,1791066622103525,1791066622105214,1689,0,8,16971,16971,14709,12996,7494,72468
3,3910,3909,1791066622153525,1791066622155810,2285,0,9,16802,16802,14426,12942,7399,71108
3,3911,3910,1791066622203525,1791066622205420,1895,0,10,16824,16824,14325,12959,7290,70747
3,3912,3911,1791066622253525,1791066622255049,1524,0,11,16857,16857,14356,12952,7348,70830
3,3913,3912,1791066622303525,1791066622305652,2127,0,12,17012,17012,14384,13189,7324,71068
3,3914,3913,1791066622353525,1791066622355475,1950,0,13,16858,16858,14017,13139,7045,68357
3,3915,3914,1791066622403525,1791066622405031,1506,0,14,16882,16882,14102,13122,7180,69660
3,3916,3915,1791066622453525,1791066622454859,1334,0,15,16852,16852,14073,13046,7100,68473
3,3917,3916,1791066622503525,1791066622505316,1791,0,16,16993,16993,14171,13092,7251,70420
3,3918,3917,1791066622553525,1791066622554869,1344,0,17,16754,16754,14060,12956,7208,69650
3,3919,3918,1791066622603525,1791066622605702,2177,0,18,16977,16977,14309,13120,7295,70490
3,3920,3919,1791066622653525,1791066622665435,11910,0,19,16934,16934,14348,13001,7277,70280
3,3921,3920,1791066622703525,1791066622721686,18161,0,0,16732,16732,14188,12877,7274,70440
3,3922,3921,1791066622753525,1791066622778569,25044,0,1,16977,16977,14607,12961,7586,73220
3,3923,3922,1791066622803525,1791066622833065,29540,0,2,16850,16850,14857,12729,7711,74460
3,3924,3923,1791066622853525,1791066622885698,32173,0,3,16954,16954,14954,12882,7756,75050
3,3925,3924,1791066622903525,1791066622952882,49357,0,4,16812,16812,14756,12795,7582,73290
3,3926,3925,1791066622953525,1791066623007960,54435,1,5,16840,16840,15101,12750,7823,75040
3,3928,3926,1791066623053525,1791066623054914,1389,0,6,16741,16741,14838,12692,7703,73971
3,3929,3927,1791066623103525,1791066623104947,1422,0,7,16878,16878,14825,12936,7683,73620
3,3930,3928,1791066623153525,1791066623154976,1451,0,8,16971,16971,14811,12943,7607,72974
3,3931,3929,1791066623203525,1791066623205880,2355,0,9,16802,16802,14525,12891,7407,71689
3,3932,3930,1791066623253525,1791066623255674,2149,0,10,16824,16824,14423,12901,7392,71240
3,3933,3931,1791066623303525,1791066623305761,2236,0,11,16857,16857,14456,12911,7403,71410
3,3934,3932,1791066623353525,1791066623355535,2010,0,12,17012,17012,14480,13140,7431,71610
3,3935,3933,1791066623403525,1791066623405581,2056,0,13,16858,16858,14115,13082,7105,68770
3,3936,3934,1791066623453525,1791066623455015,1490,0,14,16882,16882,14200,13076,7259,70211
3,3937,3935,1791066623503525,1791066623505589,2064,0,15,16852,16852,14165,12997,7118,69026
3,3938,3936,1791066623553525,1791066623555729,2204,0,16,16993,16993,14272,13039,7323,70920
3,3939,3937,1791066623603525,1791066623605873,2348,0,17,16754,16754,14157,12895,7233,70130
3,3940,3938,1791066623653525,1791066623654935,1410,0,18,16977,16977,14413,13064,7377,70990
3,3941,3939,1791066623703525,1791066623705382,1857,0,19,16934,16934,14439,12944,7349,70810
3,3942,3940,1791066623753525,1791066623755498,1973,0,0,16732,16732,14279,12837,7360,71020
3,3943,3941,1791066623803525,1791066623805256,1731,0,1,16977,16977,14708,12893,7676,73620
3,3944,3942,1791066623853525,1791066623855085,1560,0,2,16850,16850,14956,12680,7821,75050
3,3945,3943,1791066623903525,1791066623905621,2096,0,3,16954,16954,15056,12841,7902,75690
3,3946,3944,1791066623953525,1791066623956365,2840,0,4,16812,16812,14858,12742,7723,73810
3,3947,3945,1791066624003525,1791066624004884,1359,0,5,16840,16840,15201,12707,7951,75660
3,3948,3946,1791066624053525,1791066624055147,1622,0,6,16741,16741,14939,12635,7745,74470
3,3949,3947,1791066624103525,1791066624105565,2040,0,7,16878,16878,14924,12878,7742,74150
3,3950,3948,1791066624153525,1791066624155039,1514,0,8,16971,16971,14913,12901,7672,73590
3,3951,3949,1791066624203525,1791066624205905,2380,0,9,16802,16802,14624,12836,7494,72170
3,3952,3950,1791066624253525,1791066624255222,1697,0,10,16824,16824,14527,12856,7406,71776
3,3953,3951,1791066624303525,1791066624304966,1441,0,11,16857,16857,14553,12867,7482,71980
3,3954,3952,1791066624353525,1791066624355781,2256,0,12,17012,17012,14581,13090,7449,72150
3,3955,3953,1791066624403525,1791066624405569,2044,0,13,16858,16858,14210,13040,7165,69306
3,3956,3954,1791066624453525,1791066624455091,1566,0,14,16882,16882,14298,13019,7270,70660
3,3957,3955,1791066624503525,1791066624505724,2199,0,15,16852,16852,14261,12950,7172,69514
3,3958,3956,1791066624553525,1791066624555368,1843,0,16,16993,16993,14372,12991,7352,71470
3,3959,3957,1791066624603525,1791066624605141,1616,0,17,16754,16754,14258,12845,7304,70620
3,3960,3958,1791066624653525,1791066624654917,1392,0,18,16977,16977,14514,13011,7387,71521
3,3961,3959,1791066624703525,1791066624705006,1481,0,19,16934,16934,14544,12887,7369,71310
3,3962,3960,1791066624753525,1791066624755896,2371,0,0,16732,16732,14373,12798,7389,71652
3,3963,3961,1791066624803525,1791066624804997,1472,0,1,16977,16977,14809,12847,7704,74230
3,3964,3962,1791066624853525,1791066624855229,1704,0,2,16850,16850,15061,12627,7855,75620
3,3965,3963,1791066624903525,1791066624905335,1810,0,3,16954,16954,15157,12788,7951,76230
3,3966,3964,1791066624953525,1791066624955286,1761,0,4,16812,16812,14958,12693,7748,74340
3,3967,3965,1791066625003525,1791066625005344,1819,0,5,16840,16840,15305,12650,7962,76127
3,3968,3966,1791066625053525,1791066625055084,1559,0,6,16741,16741,15043,12581,7854,75030
3,3969,3967,1791066625103525,1791066625105256,1731,0,7,16878,16878,15027,12826,7793,74720
3,3970,3968,1791066625153525,1791066625155808,2283,0,8,16971,16971,15013,12846,7699,74170
3,3971,3969,1791066625203525,1791066625205793,2268,0,9,16802,16802,14724,12794,7557,72743
3,3972,3970,1791066625253525,1791066625255213,1688,0,10,16824,16824,14622,12809,7516,72347
3,3973,3971,1791066625303525,1791066625305851,2326,0,11,16857,16857,14652,12819,7543,72540
3,3974,3972,1791066625353525,1791066625355686,2161,0,12,17012,17012,14683,13041,7531,72680
3,3975,3973,1791066625403525,1791066625405185,1660,0,13,16858,16858,14301,12991,7241,69800
3,3976,3974,1791066625453525,1791066625456518,2993,0,14,16882,16882,14395,12963,7423,71160
3,3977,3975,1791066625503525,1791066625505334,1809,0,15,16852,16852,14356,12895,7223,70030
3,3978,3976,1791066625553525,1791066625555774,2249,0,16,16993,16993,14472,12936,7456,71960
3,3979,3977,1791066625603525,1791066625605103,1578,0,17,16754,16754,14356,12804,7356,71195
3,3980,3978,1791066625653525,1791066625654968,1443,0,18,16977,16977,14617,12957,7491,72060
3,3981,3979,1791066625703525,1791066625705634,2109,0,19,16934,16934,14644,12833,7448,71850
3,3982,3980,1791066625753525,1791066625755364,1839,0,0,16732,16732,14468,12745,7428,72160
3,3983,3981,1791066625803525,1791066625805069,1544,0,1,16977,16977,14909,12793,7752,74750
3,3984,3982,1791066625853525,1791066625855768,2243,0,2,16850,16850,15167,12568,7958,76137
3,3985,3983,1791066625903525,1791066625905068,1543,0,3,16954,16954,15259,12714,8005,76700
3,3986,3984,1791066625953525,1791066625954976,1451,0,4,16812,16812,15056,12642,7831,74920
3,3987,3985,1791066626003525,1791066626005292,1767,0,5,16840,16840,15405,12590,8021,76670
3,3988,3986,1791066626053525,1791066626055272,1747,0,6,16741,16741,15146,12526,7881,75580
3,3989,3987,1791066626103525,1791066626105651,2126,0,7,16878,16878,15131,12774,7858,75270
3,3990,3988,1791066626153525,1791066626155754,2229,0,8,16971,16971,15121,12797,7802,74700
3,3991,3989,1791066626203525,1791066626204935,1410,0,9,16802,16802,14824,12735,7571,73260
3,3992,3990,1791066626253525,1791066626255277,1752,0,10,16824,16824,14723,12744,7534,72803
3,3993,3991,1791066626303525,1791066626305352,1827,0,11,16857,16857,14751,12765,7557,73030
3,3994,3992,1791066626353525,1791066626355433,1908,0,12,17012,17012,14784,12984,7599,73197
3,3995,3993,1791066626403525,1791066626405252,1727,0,13,16858,16858,14395,12952,7292,70365
3,3996,3994,1791066626453525,1791066626455150,1625,0,14,16882,16882,14496,12915,7417,71750
3,3997,3995,1791066626503525,1791066626505327,1802,0,15,16852,16852,14457,12845,7270,70533
3,3998,3996,1791066626553525,1791066626555720,2195,0,16,16993,16993,14574,12885,7497,72500
3,3999,3997,1791066626603525,1791066626605744,2219,0,17,16754,16754,14452,12758,7429,71750
3,4000,3998,1791066626653525,1791066626655393,1868,0,18,16977,16977,14719,12906,7514,72641
3,4001,3999,1791066626703525,1791066626705150,1625,0,19,16934,16934,14744,12786,7525,72420
3,4002,4000,1791066626753525,1791066626754980,1455,0,0,16732,16732,14568,12701,7551,72699
3,4003,4001,1791066626803525,1791066626805075,1550,0,1,16977,16977,15012,12745,7828,75290
3,4004,4002,1791066626853525,1791066626855301,1776,0,2,16850,16850,15270,12505,7992,76620
3,4005,4003,1791066626903525,1791066626905299,1774,0,3,16954,16954,15366,12658,8087,77300
3,4006,4004,1791066626953525,1791066626954870,1345,0,4,16812,16812,15160,12594,7916,75460
3,4007,4005,1791066627003525,1791066627004990,1465,0,5,16840,16840,15511,12523,8145,77137
3,4008,4006,1791066627053525,1791066627055485,1960,0,6,16741,16741,15252,12471,7956,76190
3,4009,4007,1791066627103525,1791066627104971,1446,0,7,16878,16878,15232,12710,7967,75740
3,4010,4008,1791066627153525,1791066627155799,2274,0,8,16971,16971,15221,12744,7905,75280
3,4011,4009,1791066627203525,1791066627206279,2754,0,9,16802,16802,14927,12693,7706,73897
3,4012,4010,1791066627253525,1791066627254949,1424,0,10,16824,16824,14829,12690,7606,73344
3,4013,4011,1791066627303525,1791066627305799,2274,0,11,16857,16857,14848,12716,7641,73630
3,4014,4012,1791066627353525,1791066627355895,2370,0,12,17012,17012,14885,12931,7650,73734
3,4015,4013,1791066627403525,1791066627404840,1315,0,13,16858,16858,14487,12895,7323,70838
3,4016,4014,1791066627453525,1791066627455008,1483,0,14,16882,16882,14596,12863,7463,72300
3,4017,4015,1791066627503525,1791066627505288,1763,0,15,16852,16852,14554,12795,7387,71070
3,4018,4016,1791066627553525,1791066627555516,1991,0,16,16993,16993,14675,12844,7573,73120
3,4019,4017,1791066627603525,1791066627605552,2027,0,17,16754,16754,14552,12702,7512,72290
3,4020,4018,1791066627653525,1791066627655446,1921,0,18,16977,16977,14819,12854,7603,73140
3,4021,4019,1791066627703525,1791066627705839,2314,0,19,16934,16934,14844,12730,7571,72880
3,4022,4020,1791066627753525,1791066627755556,2031,0,0,16732,16732,14665,12644,7597,73220
3,4023,4021,1791066627803525,1791066627805093,1568,0,1,16977,16977,15111,12692,7928,75840
3,4024,4022,1791066627853525,1791066627855062,1537,0,2,16850,16850,15371,12454,8095,77195
3,4025,4023,1791066627903525,1791066627905234,1709,0,3,16954,16954,15473,12612,8183,77940
3,4026,4024,1791066627953525,1791066627955049,1524,0,4,16812,16812,15257,12539,7997,76040
3,4027,4025,1791066628003525,1791066628005423,1898,0,5,16840,16840,15615,12469,8182,77660
3,4028,4026,1791066628053525,1791066628055066,1541,0,6,16741,16741,15360,12413,8079,76730
3,4029,4027,1791066628103525,1791066628105713,2188,0,7,16878,16878,15337,12647,8012,76250
3,4030,4028,1791066628153525,1791066628155480,1955,0,8,16971,16971,15325,12681,7915,75795
3,4031,4029,1791066628203525,1791066628204903,1378,0,9,16802,16802,15030,12631,7732,74403
3,4032,4030,1791066628253525,1791066628255136,1611,0,10,16824,16824,14930,12635,7680,73871
3,4033,4031,1791066628303525,1791066628305619,2094,0,11,16857,16857,14951,12662,7708,74160
3,4034,4032,1791066628353525,1791066628355231,1706,0,12,17012,17012,14991,12872,7737,74257
3,4035,4033,1791066628403525,1791066628405569,2044,0,13,16858,16858,14582,12854,7401,71480
3,4036,4034,1791066628453525,1791066628455548,2023,0,14,16882,16882,14697,12821,7536,72880
3,4037,4035,1791066628503525,1791066628505332,1807,0,15,16852,16852,14655,12742,7421,71574
3,4038,4036,1791066628553525,1791066628557394,3869,0,16,16993,16993,14773,12798,7647,73690
3,4039,4037,1791066628603525,1791066628605273,1748,0,17,16754,16754,14655,12655,7559,72880
3,4040,4038,1791066628653525,1791066628655171,1646,0,18,16977,16977,14918,12804,7669,73700
3,4041,4039,1791066628703525,1791066628705453,1928,0,19,16934,16934,14944,12674,7640,73360
3,4042,4040,1791066628753525,1791066628755009,1484,0,0,16732,16732,14764,12594,7697,73780
3,4043,4041,1791066628803525,1791066628805759,2234,0,1,16977,16977,15214,12643,7945,76450
3,4044,4042,1791066628853525,1791066628855371,1846,0,2,16850,16850,15475,12389,8218,77700
3,4045,4043,1791066628903525,1791066628905180,1655,0,3,16954,16954,15576,12555,8198,78520
3,4046,4044,1791066628953525,1791066628955278,1753,0,4,16812,16812,15360,12480,8060,76574
3,4047,4045,1791066629003525,1791066629005004,1479,0,5,16840,16840,15715,12417,8308,78230
3,4048,4046,1791066629053525,1791066629054981,1456,0,6,16741,16741,15466,12349,8106,77210
3,4049,4047,1791066629103525,1791066629105467,1942,0,7,16878,16878,15437,12595,8064,76840
3,4050,4048,1791066629153525,1791066629155588,2063,0,8,16971,16971,15430,12627,8023,76320
3,4051,4049,1791066629203525,1791066629205497,1972,0,9,16802,16802,15132,12575,7798,74902
3,4052,4050,1791066629253525,1791066629255139,1614,0,10,16824,16824,15033,12585,7760,74450
3,4053,4051,1791066629303525,1791066629305267,1742,0,11,16857,16857,15054,12606,7754,74680
3,4054,4052,1791066629353525,1791066629354915,1390,0,12,17012,17012,15096,12809,7804,74730
3,4055,4053,1791066629403525,1791066629405627,2102,0,13,16858,16858,14680,12810,7504,72083
3,4056,4054,1791066629453525,1791066629454816,1291,0,14,16882,16882,14796,12776,7678,73471
3,4057,4055,1791066629503525,1791066629505727,2202,0,15,16852,16852,14754,12692,7534,72139
3,4058,4056,1791066629553525,1791066629555158,1633,0,16,16993,16993,14875,12747,7687,74230
3,4059,4057,1791066629603525,1791066629605207,1682,0,17,16754,16754,14757,12605,7652,73470
3,4060,4058,1791066629653525,1791066629654995,1470,0,18,16977,16977,15018,12750,7725,74230
3,4061,4059,1791066629703525,1791066629704940,1415,0,19,16934,16934,15043,12616,7672,73840
3,4062,4060,1791066629753525,1791066629755024,1499,0,0,16732,16732,14866,12535,7716,74337
3,4063,4061,1791066629803525,1791066629805150,1625,0,1,16977,16977,15319,12597,8056,77060
3,4064,4062,1791066629853525,1791066629855031,1506,0,2,16850,16850,15580,12328,8256,78231
3,4065,4063,1791066629903525,1791066629905035,1510,0,3,16954,16954,15682,12489,8296,79030
3,4066,4064,1791066629953525,1791066629955264,1739,0,4,16812,16812,15463,12420,8123,77144
3,4067,4065,1791066630003525,1791066630004837,1312,0,5,16840,16840,15818,12349,8444,78738
3,4068,4066,1791066630053525,1791066630054982,1457,0,6,16741,16741,15571,12290,8216,77786
3,4069,4067,1791066630103525,1791066630104976,1451,0,7,16878,16878,15544,12546,8110,77500
3,4070,4068,1791066630153525,1791066630155899,2374,0,8,16971,16971,15531,12574,8074,76938
3,4071,4069,1791066630203525,1791066630204844,1319,0,9,16802,16802,15233,12523,7920,75490
3,4072,4070,1791066630253525,1791066630255122,1597,0,10,16824,16824,15135,12529,7833,74991
3,4073,4071,1791066630303525,1791066630305386,1861,0,11,16857,16857,15158,12555,7886,75270
3,4074,4072,1791066630353525,1791066630355208,1683,0,12,17012,17012,15198,12763,7857,75330
3,4075,4073,1791066630403525,1791066630404912,1387,0,13,16858,16858,14779,12754,7547,72573
3,4076,4074,1791066630453525,1791066630454967,1442,0,14,16882,16882,14896,12721,7634,74060
3,4077,4075,1791066630503525,1791066630505364,1839,0,15,16852,16852,14854,12640,7541,72690
3,4078,4076,1791066630553525,1791066630555605,2080,0,16,16993,16993,14977,12691,7810,74740
3,4079,4077,1791066630603525,1791066630604914,1389,0,17,16754,16754,14859,12555,7724,74070
3,4080,4078,1791066630653525,1791066630655314,1789,0,18,16977,16977,15119,12692,7767,74701
3,4081,4079,1791066630703525,1791066630705845,2320,0,19,16934,16934,15144,12563,7741,74350
3,4082,4080,1791066630753525,1791066630755596,2071,0,0,16732,16732,14968,12470,7766,74789
3,4083,4081,1791066630803525,1791066630805049,1524,0,1,16977,16977,15422,12541,8115,77670
3,4084,4082,1791066630853525,1791066630855057,1532,0,2,16850,16850,15682,12264,8348,78745
3,4085,4083,1791066630903525,1791066630905303,1778,0,3,16954,16954,15789,12435,8469,79600
3,4086,4084,1791066630953525,1791066630978962,25437,0,4,16812,16812,15570,12357,8170,77630
3,4087,4085,1791066631003525,1791066631019828,16303,0,5,16840,16840,15931,12283,8477,79206
3,4088,4086,1791066631053525,1791066631068037,14512,0,6,16741,16741,15676,12233,8292,78340
3,4089,4087,1791066631103525,1791066631115127,11602,0,7,16878,16878,15651,12488,8247,78040
3,4090,4088,1791066631153525,1791066631160291,6766,0,8,16971,16971,15637,12511,8135,77400
3,4091,4089,1791066631203525,1791066631205579,2054,0,9,16802,16802,15338,12484,7950,76180
3,4092,4090,1791066631253525,1791066631255162,1637,0,10,16824,16824,15238,12470,7896,75530
3,4093,4091,1791066631303525,1791066631305381,1856,0,11,16857,16857,15263,12492,7890,75770
3,4094,4092,1791066631353525,1791066631355418,1893,0,12,17012,17012,15298,12706,7937,75857
3,4095,4093,1791066631403525,1791066631405760,2235,0,13,16858,16858,14878,12691,7594,73028
3,4096,4094,1791066631453525,1791066631455324,1799,0,14,16882,16882,14997,12669,7751,74651
3,4097,4095,1791066631503525,1791066631504982,1457,0,15,16852,16852,14955,12598,7649,73326
3,4098,4096,1791066631553525,1791066631556746,3221,0,16,16993,16993,15080,12644,7810,75370
3,4099,4097,1791066631603525,1791066631605025,1500,0,17,16754,16754,14964,12499,7734,74605
3,4100,4098,1791066631653525,1791066631654928,1403,0,18,16977,16977,15219,12648,7862,75310
3,4101,4099,1791066631703525,1791066631705428,1903,0,19,16934,16934,15246,12521,7799,74970
3,4102,4100,1791066631753525,1791066631755058,1533,0,0,16732,16732,15071,12421,7899,75350
3,4103,4101,1791066631803525,1791066631805426,1901,0,1,16977,16977,15528,12487,8182,78230
3,4104,4102,1791066631853525,1791066631855728,2203,0,2,16850,16850,15785,12193,8403,79220
3,4105,4103,1791066631903525,1791066631904960,1435,0,3,16954,16954,15895,12369,8512,80130
3,4106,4104,1791066631953525,1791066631955486,1961,0,4,16812,16812,15674,12305,8285,78260
3,4107,4105,1791066632003525,1791066632004897,1372,0,5,16840,16840,16034,12209,8635,79680
3,4108,4106,1791066632053525,1791066632055748,2223,0,6,16741,16741,15780,12173,8364,78940
3,4109,4107,1791066632103525,1791066632105804,2279,0,7,16878,16878,15756,12440,8328,78710
3,4110,4108,1791066632153525,1791066632155415,1890,0,8,16971,16971,15740,12457,8250,77969
3,4111,4109,1791066632203525,1791066632205663,2138,0,9,16802,16802,15441,12430,8027,76732
3,4112,4110,1791066632253525,1791066632254914,1389,0,10,16824,16824,15341,12423,7991,76151
3,4113,4111,1791066632303525,1791066632305736,2211,0,11,16857,16857,15369,12427,7995,76250
3,4114,4112,1791066632353525,1791066632355535,2010,0,12,17012,17012,15403,12655,8028,76480
3,4115,4113,1791066632403525,1791066632405513,1988,0,13,16858,16858,14978,12644,7646,73622
3,4116,4114,1791066632453525,1791066632455095,1570,0,14,16882,16882,15103,12610,7856,75180
3,4117,4115,1791066632503525,1791066632504936,1411,0,15,16852,16852,15057,12545,7697,73835
3,4118,4116,1791066632553525,1791066632555802,2277,0,16,16993,16993,15185,12595,7892,75980
3,4119,4117,1791066632603525,1791066632607436,3911,0,17,16754,16754,15067,12451,7854,75210
3,4120,4118,1791066632653525,1791066632658323,4798,0,18,16977,16977,15321,12592,7926,75871
3,4121,4119,1791066632703525,1791066632704972,1447,0,19,16934,16934,15346,12466,7873,75520
3,4122,4120,1791066632753525,1791066632755624,2099,0,0,16732,16732,15173,12359,7923,75888
3,4123,4121,1791066632803525,1791066632805034,1509,0,1,16977,16977,15633,12434,8311,78830
3,4124,4122,1791066632853525,1791066632855351,1826,0,2,16850,16850,15892,12132,8502,79790
3,4125,4123,1791066632903525,1791066632905123,1598,0,3,16954,16954,16001,12298,8632,80650
3,4126,4124,1791066632953525,1791066632955221,1696,0,4,16812,16812,15779,12245,8394,78790
3,4127,4125,1791066633003525,1791066633005793,2268,0,5,16840,16840,16139,12148,8687,80280
3,4128,4126,1791066633053525,1791066633054909,1384,0,6,16741,16741,15887,12111,8517,79521
3,4129,4127,1791066633103525,1791066633105445,1920,0,7,16878,16878,15860,12390,8438,79330
3,4130,4128,1791066633153525,1791066633155223,1698,0,8,16971,16971,15846,12388,8353,78520
3,4131,4129,1791066633203525,1791066633205599,2074,0,9,16802,16802,15546,12366,8171,77320
3,4132,4130,1791066633253525,1791066633255492,1967,0,10,16824,16824,15447,12358,8073,76660
3,4133,4131,1791066633303525,1791066633305795,2270,0,11,16857,16857,15477,12368,8131,76830
3,4134,4132,1791066633353525,1791066633355403,1878,0,12,17012,17012,15510,12600,8065,77065
3,4135,4133,1791066633403525,1791066633405733,2208,0,13,16858,16858,15082,12582,7743,74098
3,4136,4134,1791066633453525,1791066633455380,1855,0,14,16882,16882,15208,12557,7923,75761
3,4137,4135,1791066633503525,1791066633505763,2238,0,15,16852,16852,15156,12511,7773,74507
3,4138,4136,1791066633553525,1791066633556281,2756,0,16,16993,16993,15287,12542,8002,76580
3,4139,4137,1791066633603525,1791066633604932,1407,0,17,16754,16754,15168,12397,7925,75800
3,4140,4138,1791066633653525,1791066633655839,2314,0,18,16977,16977,15424,12527,8008,76380
3,4141,4139,1791066633703525,1791066633705803,2278,0,19,16934,16934,15448,12403,7921,76000
3,4142,4140,1791066633753525,1791066633755354,1829,0,0,16732,16732,15275,12314,8042,76560
3,4143,4141,1791066633803525,1791066633805670,2145,0,1,16977,16977,15740,12373,8420,79420
3,4144,4142,1791066633853525,1791066633856510,2985,0,2,16850,16850,16001,12076,8640,80440
3,4145,4143,1791066633903525,1791066633907609,4084,0,3,16954,16954,16107,12229,8731,81160
3,4146,4144,1791066633953525,1791066633957675,4150,0,4,16812,16812,15882,12187,8407,79360
3,4147,4145,1791066634003525,1791066634005432,1907,0,5,16840,16840,16245,12096,9102,80940
3,4148,4146,1791066634053525,1791066634055251,1726,0,6,16741,16741,15993,12049,8655,80072
3,4149,4147,1791066634103525,1791066634105705,2180,0,7,16878,16878,15964,12337,8617,79990
3,4150,4148,1791066634153525,1791066634155336,1811,0,8,16971,16971,15953,12328,8475,79080
3,4151,4149,1791066634203525,1791066634205862,2337,0,9,16802,16802,15653,12317,8218,77942
3,4152,4150,1791066634253525,1791066634255338,1813,0,10,16824,16824,15558,12302,8124,77231
3,4153,4151,1791066634303525,1791066634305421,1896,0,11,16857,16857,15582,12304,8173,77370
3,4154,4152,1791066634353525,1791066634354826,1301,0,12,17012,17012,15616,12544,8185,77630
3,4155,4153,1791066634403525,1791066634404851,1326,0,13,16858,16858,15184,12529,7860,74680
3,4156,4154,1791066634453525,1791066634455555,2030,0,14,16882,16882,15314,12500,8039,76350
3,4157,4155,1791066634503525,1791066634505851,2326,0,15,16852,16852,15256,12460,7844,75090
3,4158,4156,1791066634553525,1791066634555737,2212,0,16,16993,16993,15397,12476,8081,77100
3,4159,4157,1791066634603525,1791066634608478,4953,0,17,16754,16754,15275,12333,8008,76250
3,4160,4158,1791066634653525,1791066634661301,7776,0,18,16977,16977,15530,12466,8118,76971
3,4161,4159,1791066634703525,1791066634710023,6498,0,19,16934,16934,15552,12349,8104,76540
3,4162,4160,1791066634753525,1791066634755661,2136,0,0,16732,16732,15377,12263,8046,77160
3,4163,4161,1791066634803525,1791066634804887,1362,0,1,16977,16977,15850,12307,8467,80010
3,4164,4162,1791066634853525,1791066634855013,1488,0,2,16850,16850,16109,12010,8815,80990
3,4165,4163,1791066634903525,1791066634923987,20462,0,3,16954,16954,16213,12152,8830,81680
3,4166,4164,1791066634953525,1791066634979140,25615,0,4,16812,16812,15987,12122,8580,79934
3,4167,4165,1791066635003525,1791066635028453,24928,0,5,16840,16840,16351,12018,9093,81510
3,4168,4166,1791066635053525,1791066635079656,26131,0,6,16741,16741,16099,11977,8902,80571
3,4169,4167,1791066635103525,1791066635123267,19742,0,7,16878,16878,16067,12271,8580,80510
3,4170,4168,1791066635153525,1791066635165622,12097,0,8,16971,16971,16057,12259,8512,79600
3,4171,4169,1791066635203525,1791066635209376,5851,0,9,16802,16802,15761,12251,8446,78450
3,4172,4170,1791066635253525,1791066635255359,1834,0,10,16824,16824,15662,12243,8270,77750
3,4173,4171,1791066635303525,1791066635305193,1668,0,11,16857,16857,15687,12243,8241,77980
3,4174,4172,1791066635353525,1791066635355069,1544,0,12,17012,17012,15722,12491,8294,78280
3,4175,4173,1791066635403525,1791066635405823,2298,0,13,16858,16858,15288,12466,7882,75257
3,4176,4174,1791066635453525,1791066635455238,1713,0,14,16882,16882,15423,12450,8080,76951
3,4177,4175,1791066635503525,1791066635505853,2328,0,15,16852,16852,15361,12405,7949,75616
3,4178,4176,1791066635553525,1791066635555249,1724,0,16,16993,16993,15506,12416,8139,77650
3,4179,4177,1791066635603525,1791066635605421,1896,0,17,16754,16754,15377,12279,8022,76840
3,4180,4178,1791066635653525,1791066635655101,1576,0,18,16977,16977,15639,12402,8177,77510
3,4181,4179,1791066635703525,1791066635705148,1623,0,19,16934,16934,15656,12285,8077,77070
3,4182,4180,1791066635753525,1791066635754902,1377,0,0,16732,16732,15481,12197,8174,77676
3,4183,4181,1791066635803525,1791066635805044,1519,0,1,16977,16977,15960,12243,8695,80560
3,4184,4182,1791066635853525,1791066635854982,1457,0,2,16850,16850,16216,11944,8880,81571
3,4185,4183,1791066635903525,1791066635905817,2292,0,3,16954,16954,16319,12088,9011,82330
3,4186,4184,1791066635953525,1791066635955537,2012,0,4,16812,16812,16093,12061,8741,80530
3,4187,4185,1791066636003525,1791066636004825,1300,0,5,16840,16840,16456,11938,9563,82039
3,4188,4186,1791066636053525,1791066636055157,1632,0,6,16741,16741,16206,11910,9006,81175
3,4189,4187,1791066636103525,1791066636105324,1799,0,7,16878,16878,16171,12207,8915,81080
3,4190,4188,1791066636153525,1791066636155982,2457,0,8,16971,16971,16164,12199,8640,80170
3,4191,4189,1791066636203525,1791066636205224,1699,0,9,16802,16802,15867,12195,8452,79072
3,4192,4190,1791066636253525,1791066636255291,1766,0,10,16824,16824,15763,12187,8338,78341
3,4193,4191,1791066636303525,1791066636304957,1432,0,11,16857,16857,15795,12180,8341,78550
3,4194,4192,1791066636353525,1791066636355066,1541,0,12,17012,17012,15828,12430,8355,78870
3,4195,4193,1791066636403525,1791066636405756,2231,0,13,16858,16858,15397,12411,7997,75854
3,4196,4194,1791066636453525,1791066636455762,2237,0,14,16882,16882,15525,12395,8158,77620
3,4197,4195,1791066636503525,1791066636505807,2282,0,15,16852,16852,15463,12353,8055,76228
3,4198,4196,1791066636553525,1791066636555733,2208,0,16,16993,16993,15613,12355,8217,78168
3,4199,4197,1791066636603525,1791066636605269,1744,0,17,16754,16754,15482,12225,8137,77404
3,4200,4198,1791066636653525,1791066636655387,1862,0,18,16977,16977,15746,12337,8282,78050
