run_id,slot,tick,intended_us,invoked_us,lateness_us,skipped,bucket,actor_steps,actor_updates,policy_evaluations,orders_submitted,orders_filled,matched_shares
2,1,0,1791058333094202,1791058333095515,1313,0,0,7,7,7,7,5,12
2,2,1,1791058333144202,1791058333146225,2023,0,1,13,13,13,13,13,60
2,3,2,1791058333194202,1791058333195448,1246,0,2,8,8,8,7,4,12
2,4,3,1791058333244202,1791058333245666,1464,0,3,8,8,8,6,4,19
2,5,4,1791058333294202,1791058333295538,1336,0,4,9,9,9,9,4,20
2,6,5,1791058333344202,1791058333345443,1241,0,5,9,9,9,9,6,30
2,7,6,1791058333394202,1791058333395405,1203,0,6,7,7,7,7,5,20
2,8,7,1791058333444202,1791058333445611,1409,0,7,11,11,11,10,9,36
2,9,8,1791058333494202,1791058333495476,1274,0,8,6,6,6,5,3,8
2,10,9,1791058333544202,1791058333545429,1227,0,9,12,12,12,12,4,17
2,11,10,1791058333594202,1791058333596170,1968,0,10,10,10,10,10,8,40
2,12,11,1791058333644202,1791058333645981,1779,0,11,12,12,12,10,8,37
2,13,12,1791058333694202,1791058333695934,1732,0,12,10,10,10,8,4,12
2,14,13,1791058333744202,1791058333746302,2100,0,13,10,10,10,10,10,45
2,15,14,1791058333794202,1791058333796299,2097,0,14,11,11,11,8,6,24
2,16,15,1791058333844202,1791058333845702,1500,0,15,16,16,16,14,10,32
2,17,16,1791058333894202,1791058333895629,1427,0,16,13,13,13,12,7,26
2,18,17,1791058333944202,1791058333945406,1204,0,17,11,11,11,11,4,15
2,19,18,1791058333994202,1791058333995661,1459,0,18,7,7,7,6,4,20
2,20,19,1791058334044202,1791058334045667,1465,0,19,10,10,10,10,4,13
2,21,20,1791058334094202,1791058334095716,1514,0,0,7,7,7,7,5,15
2,22,21,1791058334144202,1791058334145774,1572,0,1,13,13,13,13,12,60
2,23,22,1791058334194202,1791058334195587,1385,0,2,8,8,8,6,3,10
2,24,23,1791058334244202,1791058334245618,1416,0,3,8,8,8,8,4,20
2,25,24,1791058334294202,1791058334295622,1420,0,4,9,9,9,9,6,26
2,26,25,1791058334344202,1791058334345458,1256,0,5,9,9,9,9,8,38
2,27,26,1791058334394202,1791058334395445,1243,0,6,7,7,7,6,2,10
2,28,27,1791058334444202,1791058334445502,1300,0,7,11,11,11,12,8,38
2,29,28,1791058334494202,1791058334495447,1245,0,8,6,6,6,6,4,15
2,30,29,1791058334544202,1791058334546265,2063,0,9,12,12,12,10,4,20
2,31,30,1791058334594202,1791058334596359,2157,0,10,10,10,10,10,8,40
2,32,31,1791058334644202,1791058334645668,1466,0,11,12,12,12,10,8,38
2,33,32,1791058334694202,1791058334695427,1225,0,12,10,10,10,10,7,27
2,34,33,1791058334744202,1791058334746308,2106,0,13,10,10,10,10,6,26
2,35,34,1791058334794202,1791058334796303,2101,0,14,11,11,11,11,6,29
2,36,35,1791058334844202,1791058334845711,1509,0,15,16,16,16,17,14,63
2,37,36,1791058334894202,1791058334896272,2070,0,16,13,13,13,12,8,33
2,38,37,1791058334944202,1791058334946137,1935,0,17,11,11,11,11,6,25
2,39,38,1791058334994202,1791058334995985,1783,0,18,7,7,7,7,6,22
2,40,39,1791058335044202,1791058335045665,1463,0,19,10,10,10,9,6,29
2,41,40,1791058335094202,1791058335096143,1941,0,0,7,7,7,6,4,20
2,42,41,1791058335144202,1791058335146130,1928,0,1,13,13,13,10,8,39
2,43,42,1791058335194202,1791058335195941,1739,0,2,8,8,8,7,6,24
2,44,43,1791058335244202,1791058335245556,1354,0,3,8,8,8,8,5,13
2,45,44,1791058335294202,1791058335295450,1248,0,4,9,9,9,8,4,20
2,46,45,1791058335344202,1791058335345513,1311,0,5,9,9,9,9,8,38
2,47,46,1791058335394202,1791058335396042,1840,0,6,7,7,7,7,2,4
2,48,47,1791058335444202,1791058335445661,1459,0,7,11,11,11,12,9,40
2,49,48,1791058335494202,1791058335495458,1256,0,8,6,6,6,4,0,0
2,50,49,1791058335544202,1791058335545438,1236,0,9,12,12,12,12,4,20
2,51,50,1791058335594202,1791058335595364,1162,0,10,10,10,10,9,8,40
2,52,51,1791058335644202,1791058335645645,1443,0,11,12,12,12,12,9,38
2,53,52,1791058335694202,1791058335695336,1134,0,12,10,10,10,9,6,30
2,54,53,1791058335744202,1791058335746284,2082,0,13,10,10,10,9,7,25
2,55,54,1791058335794202,1791058335796351,2149,0,14,11,11,11,10,8,34
2,56,55,1791058335844202,1791058335845637,1435,0,15,16,16,16,15,14,58
2,57,56,1791058335894202,1791058335895853,1651,0,16,13,13,13,11,10,38
2,58,57,1791058335944202,1791058335945938,1736,0,17,11,11,11,8,6,25
2,59,58,1791058335994202,1791058335996087,1885,0,18,7,7,7,7,4,14
2,60,59,1791058336044202,1791058336045503,1301,0,19,10,10,10,10,4,13
2,61,60,1791058336094202,1791058336095726,1524,0,0,7,7,7,7,2,10
2,62,61,1791058336144202,1791058336145471,1269,0,1,13,13,13,13,12,60
2,63,62,1791058336194202,1791058336196044,1842,0,2,8,8,8,7,6,27
2,64,63,1791058336244202,1791058336245882,1680,0,3,8,8,8,9,9,33
2,65,64,1791058336294202,1791058336295999,1797,0,4,9,9,9,9,8,40
2,66,65,1791058336344202,1791058336346106,1904,0,5,9,9,9,8,6,25
2,67,66,1791058336394202,1791058336395807,1605,0,6,7,7,7,5,4,17
2,68,67,1791058336444202,1791058336445475,1273,0,7,11,11,11,10,7,28
2,69,68,1791058336494202,1791058336496076,1874,0,8,6,6,6,6,4,17
2,70,69,1791058336544202,1791058336546018,1816,0,9,12,12,12,11,6,27
2,71,70,1791058336594202,1791058336595804,1602,0,10,10,10,10,10,10,43
2,72,71,1791058336644202,1791058336645834,1632,0,11,12,12,12,11,9,40
2,73,72,1791058336694202,1791058336695790,1588,0,12,10,10,10,10,7,22
2,74,73,1791058336744202,1791058336745817,1615,0,13,10,10,10,10,10,46
2,75,74,1791058336794202,1791058336795519,1317,0,14,11,11,11,9,8,31
2,76,75,1791058336844202,1791058336845677,1475,0,15,16,16,16,16,13,53
2,77,76,1791058336894202,1791058336895734,1532,0,16,13,13,13,10,8,31
2,78,77,1791058336944202,1791058336945529,1327,0,17,11,11,11,9,3,3
2,79,78,1791058336994202,1791058336995382,1180,0,18,7,7,7,7,6,30
2,80,79,1791058337044202,1791058337045622,1420,0,19,10,10,10,10,5,13
2,81,80,1791058337094202,1791058337095458,1256,0,0,7,7,7,7,6,24
2,82,81,1791058337144202,1791058337145404,1202,0,1,13,13,13,13,11,47
2,83,82,1791058337194202,1791058337195333,1131,0,2,8,8,8,8,4,20
2,84,83,1791058337244202,1791058337245699,1497,0,3,8,8,8,9,4,20
2,85,84,1791058337294202,1791058337296236,2034,0,4,9,9,9,8,4,20
2,86,85,1791058337344202,1791058337346156,1954,0,5,9,9,9,9,8,36
2,87,86,1791058337394202,1791058337395999,1797,0,6,7,7,7,7,4,14
2,88,87,1791058337444202,1791058337445505,1303,0,7,11,11,11,10,8,37
2,89,88,1791058337494202,1791058337495588,1386,0,8,6,6,6,5,4,11
2,90,89,1791058337544202,1791058337545497,1295,0,9,12,12,12,10,4,20
2,91,90,1791058337594202,1791058337595850,1648,0,10,10,10,10,10,10,42
2,92,91,1791058337644202,1791058337645531,1329,0,11,12,12,12,12,10,50
2,93,92,1791058337694202,1791058337696116,1914,0,12,10,10,10,8,6,22
2,94,93,1791058337744202,1791058337745473,1271,0,13,10,10,10,9,5,18
2,95,94,1791058337794202,1791058337795391,1189,0,14,11,11,11,11,6,30
2,96,95,1791058337844202,1791058337845644,1442,0,15,16,16,16,17,16,62
2,97,96,1791058337894202,1791058337895393,1191,0,16,13,13,13,11,6,30
2,98,97,1791058337944202,1791058337945943,1741,0,17,11,11,11,11,8,35
2,99,98,1791058337994202,1791058337995994,1792,0,18,7,7,7,7,6,28
2,100,99,1791058338044202,1791058338045777,1575,0,19,10,10,10,10,7,20
2,101,100,1791058338094202,1791058338095523,1321,0,0,7,7,7,6,4,18
2,102,101,1791058338144202,1791058338145487,1285,0,1,13,13,13,13,11,50
2,103,102,1791058338194202,1791058338195413,1211,0,2,8,8,8,8,6,26
2,104,103,1791058338244202,1791058338245661,1459,0,3,8,8,8,7,2,10
2,105,104,1791058338294202,1791058338295876,1674,0,4,9,9,9,9,6,30
2,106,105,1791058338344202,1791058338346221,2019,0,5,9,9,9,8,6,30
2,107,106,1791058338394202,1791058338396184,1982,0,6,7,7,7,7,4,16
2,108,107,1791058338444202,1791058338445489,1287,0,7,11,11,11,12,8,40
2,109,108,1791058338494202,1791058338496351,2149,0,8,6,6,6,5,3,7
2,110,109,1791058338544202,1791058338546315,2113,0,9,12,12,12,12,8,40
2,111,110,1791058338594202,1791058338596131,1929,0,10,10,10,10,10,8,40
2,112,111,1791058338644202,1791058338645501,1299,0,11,12,12,12,13,13,58
2,113,112,1791058338694202,1791058338695493,1291,0,12,10,10,10,10,6,23
2,114,113,1791058338744202,1791058338745675,1473,0,13,10,10,10,9,4,20
2,115,114,1791058338794202,1791058338795824,1622,0,14,11,11,11,10,6,30
2,116,115,1791058338844202,1791058338845591,1389,0,15,16,16,16,16,14,70
2,117,116,1791058338894202,1791058338895569,1367,0,16,13,13,13,13,7,30
2,118,117,1791058338944202,1791058338945824,1622,0,17,11,11,11,10,7,30
2,119,118,1791058338994202,1791058338996071,1869,0,18,7,7,7,7,6,30
2,120,119,1791058339044202,1791058339045675,1473,0,19,10,10,10,7,2,10
2,121,120,1791058339094202,1791058339095678,1476,0,0,7,7,7,6,2,10
2,122,121,1791058339144202,1791058339145621,1419,0,1,13,13,13,12,8,40
2,123,122,1791058339194202,1791058339195727,1525,0,2,8,8,8,8,6,26
2,124,123,1791058339244202,1791058339245516,1314,0,3,8,8,8,8,6,28
2,125,124,1791058339294202,1791058339296234,2032,0,4,9,9,9,8,8,40
2,126,125,1791058339344202,1791058339346037,1835,0,5,9,9,9,9,8,37
2,127,126,1791058339394202,1791058339395845,1643,0,6,7,7,7,7,2,10
2,128,127,1791058339444202,1791058339445857,1655,0,7,11,11,11,11,7,30
2,129,128,1791058339494202,1791058339495692,1490,0,8,6,6,6,5,4,18
2,130,129,1791058339544202,1791058339545579,1377,0,9,12,12,12,11,11,47
2,131,130,1791058339594202,1791058339595802,1600,0,10,10,10,10,9,6,29
2,132,131,1791058339644202,1791058339645654,1452,0,11,12,12,12,12,12,54
2,133,132,1791058339694202,1791058339696306,2104,0,12,10,10,10,10,6,28
2,134,133,1791058339744202,1791058339745362,1160,0,13,10,10,10,8,4,20
2,135,134,1791058339794202,1791058339796126,1924,0,14,11,11,11,10,6,30
2,136,135,1791058339844202,1791058339845743,1541,0,15,16,16,16,16,15,70
2,137,136,1791058339894202,1791058339895726,1524,0,16,13,13,13,12,8,37
2,138,137,1791058339944202,1791058339945362,1160,0,17,11,11,11,10,10,42
2,139,138,1791058339994202,1791058339996125,1923,0,18,7,7,7,6,4,20
2,140,139,1791058340044202,1791058340045646,1444,0,19,10,10,10,6,2,10
2,141,140,1791058340094202,1791058340096061,1859,0,0,7,7,7,7,2,10
2,142,141,1791058340144202,1791058340145812,1610,0,1,13,13,13,12,10,50
2,143,142,1791058340194202,1791058340195827,1625,0,2,8,8,8,8,6,30
2,144,143,1791058340244202,1791058340245516,1314,0,3,8,8,8,8,8,31
2,145,144,1791058340294202,1791058340295497,1295,0,4,9,9,9,9,8,40
2,146,145,1791058340344202,1791058340345351,1149,0,5,9,9,9,6,2,10
2,147,146,1791058340394202,1791058340395958,1756,0,6,7,7,7,7,7,26
2,148,147,1791058340444202,1791058340445642,1440,0,7,11,11,11,10,7,30
2,149,148,1791058340494202,1791058340496325,2123,0,8,6,6,6,5,4,13
2,150,149,1791058340544202,1791058340545949,1747,0,9,12,12,12,12,12,51
2,151,150,1791058340594202,1791058340596333,2131,0,10,10,10,10,10,8,34
2,152,151,1791058340644202,1791058340645609,1407,0,11,12,12,12,12,12,59
2,153,152,1791058340694202,1791058340695624,1422,0,12,10,10,10,8,4,20
2,154,153,1791058340744202,1791058340745993,1791,0,13,10,10,10,10,8,32
2,155,154,1791058340794202,1791058340795983,1781,0,14,11,11,11,9,9,38
2,156,155,1791058340844202,1791058340845537,1335,0,15,16,16,16,16,12,59
2,157,156,1791058340894202,1791058340895618,1416,0,16,13,13,13,12,8,32
2,158,157,1791058340944202,1791058340945918,1716,0,17,11,11,11,11,8,33
2,159,158,1791058340994202,1791058340996152,1950,0,18,7,7,7,7,6,30
2,160,159,1791058341044202,1791058341045662,1460,0,19,10,10,10,9,6,27
2,161,160,1791058341094202,1791058341095827,1625,0,0,7,7,7,7,4,20
2,162,161,1791058341144202,1791058341146055,1853,0,1,13,13,13,13,10,46
2,163,162,1791058341194202,1791058341195723,1521,0,2,8,8,8,8,6,30
2,164,163,1791058341244202,1791058341245722,1520,0,3,8,8,8,7,4,20
2,165,164,1791058341294202,1791058341295622,1420,0,4,9,9,9,7,6,27
2,166,165,1791058341344202,1791058341346186,1984,0,5,9,9,9,8,6,30
2,167,166,1791058341394202,1791058341395971,1769,0,6,7,7,7,7,2,10
2,168,167,1791058341444202,1791058341445675,1473,0,7,11,11,11,11,10,41
2,169,168,1791058341494202,1791058341495514,1312,0,8,6,6,6,3,0,0
2,170,169,1791058341544202,1791058341545461,1259,0,9,12,12,12,11,6,27
2,171,170,1791058341594202,1791058341595518,1316,0,10,10,10,10,10,10,41
2,172,171,1791058341644202,1791058341645476,1274,0,11,12,12,12,13,12,55
2,173,172,1791058341694202,1791058341696156,1954,0,12,10,10,10,10,6,29
2,174,173,1791058341744202,1791058341746218,2016,0,13,10,10,10,9,4,20
2,175,174,1791058341794202,1791058341796113,1911,0,14,11,11,11,11,6,28
2,176,175,1791058341844202,1791058341845831,1629,0,15,16,16,16,17,17,79
2,177,176,1791058341894202,1791058341896027,1825,0,16,13,13,13,12,6,30
2,178,177,1791058341944202,1791058341945951,1749,0,17,11,11,11,10,9,38
2,179,178,1791058341994202,1791058341995644,1442,0,18,7,7,7,7,6,22
2,180,179,1791058342044202,1791058342045531,1329,0,19,10,10,10,8,5,20
2,181,180,1791058342094202,1791058342096230,2028,0,0,7,7,7,6,4,19
2,182,181,1791058342144202,1791058342146272,2070,0,1,13,13,13,12,10,50
2,183,182,1791058342194202,1791058342196101,1899,0,2,8,8,8,8,6,23
2,184,183,1791058342244202,1791058342245532,1330,0,3,8,8,8,8,6,21
2,185,184,1791058342294202,1791058342296359,2157,0,4,9,9,9,9,8,33
2,186,185,1791058342344202,1791058342345737,1535,0,5,9,9,9,9,6,27
2,187,186,1791058342394202,1791058342395804,1602,0,6,7,7,7,7,4,15
2,188,187,1791058342444202,1791058342445781,1579,0,7,11,11,11,11,8,40
2,189,188,1791058342494202,1791058342495402,1200,0,8,6,6,6,3,2,6
2,190,189,1791058342544202,1791058342545522,1320,0,9,12,12,12,12,10,49
2,191,190,1791058342594202,1791058342595814,1612,0,10,10,10,10,9,8,40
2,192,191,1791058342644202,1791058342645641,1439,0,11,12,12,12,13,13,60
2,193,192,1791058342694202,1791058342696337,2135,0,12,10,10,10,9,6,23
2,194,193,1791058342744202,1791058342746283,2081,0,13,10,10,10,9,7,26
2,195,194,1791058342794202,1791058342795409,1207,0,14,11,11,11,10,8,35
2,196,195,1791058342844202,1791058342845696,1494,0,15,16,16,16,15,14,69
2,197,196,1791058342894202,1791058342896315,2113,0,16,13,13,13,12,8,35
2,198,197,1791058342944202,1791058342946126,1924,0,17,11,11,11,11,10,42
2,199,198,1791058342994202,1791058342995996,1794,0,18,7,7,7,7,6,30
2,200,199,1791058343044202,1791058343045448,1246,0,19,10,10,10,9,5,19
2,201,200,1791058343094202,1791058343095777,1575,0,0,7,7,7,6,4,20
2,202,201,1791058343144202,1791058343146294,2092,0,1,13,13,13,12,10,50
2,203,202,1791058343194202,1791058343196080,1878,0,2,8,8,8,8,6,30
2,204,203,1791058343244202,1791058343245777,1575,0,3,8,8,8,9,8,33
2,205,204,1791058343294202,1791058343295566,1364,0,4,9,9,9,9,8,36
2,206,205,1791058343344202,1791058343346256,2054,0,5,9,9,9,7,5,17
2,207,206,1791058343394202,1791058343396065,1863,0,6,7,7,7,7,2,10
2,208,207,1791058343444202,1791058343445760,1558,0,7,11,11,11,11,9,40
2,209,208,1791058343494202,1791058343495584,1382,0,8,6,6,6,6,2,9
2,210,209,1791058343544202,1791058343545368,1166,0,9,12,12,12,12,6,28
2,211,210,1791058343594202,1791058343596053,1851,0,10,10,10,10,10,10,47
2,212,211,1791058343644202,1791058343645599,1397,0,11,12,12,12,11,10,43
2,213,212,1791058343694202,1791058343695979,1777,0,12,10,10,10,9,6,23
2,214,213,1791058343744202,1791058343745945,1743,0,13,10,10,10,10,8,34
2,215,214,1791058343794202,1791058343795915,1713,0,14,11,11,11,5,4,20
2,216,215,1791058343844202,1791058343845514,1312,0,15,16,16,16,16,13,56
2,217,216,1791058343894202,1791058343895424,1222,0,16,13,13,13,12,7,24
2,218,217,1791058343944202,1791058343945429,1227,0,17,11,11,11,11,5,16
2,219,218,1791058343994202,1791058343995429,1227,0,18,7,7,7,7,7,27
2,220,219,1791058344044202,1791058344045703,1501,0,19,10,10,10,11,5,17
2,221,220,1791058344094202,1791058344095506,1304,0,0,7,7,7,6,2,10
2,222,221,1791058344144202,1791058344146370,2168,0,1,13,13,13,11,10,48
2,223,222,1791058344194202,1791058344196175,1973,0,2,8,8,8,8,6,30
2,224,223,1791058344244202,1791058344245685,1483,0,3,8,8,8,6,4,13
2,225,224,1791058344294202,1791058344296303,2101,0,4,9,9,9,9,8,31
2,226,225,1791058344344202,1791058344346122,1920,0,5,9,9,9,7,6,30
2,227,226,1791058344394202,1791058344395763,1561,0,6,7,7,7,7,2,7
2,228,227,1791058344444202,1791058344445472,1270,0,7,11,11,11,11,6,30
2,229,228,1791058344494202,1791058344496233,2031,0,8,6,6,6,5,2,5
2,230,229,1791058344544202,1791058344545898,1696,0,9,12,12,12,12,6,30
2,231,230,1791058344594202,1791058344595676,1474,0,10,10,10,10,10,10,50
2,232,231,1791058344644202,1791058344645605,1403,0,11,12,12,12,12,11,46
2,233,232,1791058344694202,1791058344695390,1188,0,12,10,10,10,10,6,28
2,234,233,1791058344744202,1791058344746056,1854,0,13,10,10,10,8,6,27
2,235,234,1791058344794202,1791058344795869,1667,0,14,11,11,11,10,8,38
2,236,235,1791058344844202,1791058344845606,1404,0,15,16,16,16,15,12,60
2,237,236,1791058344894202,1791058344895551,1349,0,16,13,13,13,11,7,27
2,238,237,1791058344944202,1791058344945535,1333,0,17,11,11,11,11,7,23
2,239,238,1791058344994202,1791058344996052,1850,0,18,7,7,7,7,6,30
2,240,239,1791058345044202,1791058345045686,1484,0,19,10,10,10,6,4,14
2,241,240,1791058345094202,1791058345095458,1256,0,0,7,7,7,7,2,10
2,242,241,1791058345144202,1791058345146308,2106,0,1,13,13,13,13,12,59
2,243,242,1791058345194202,1791058345195566,1364,0,2,8,8,8,7,4,20
2,244,243,1791058345244202,1791058345245713,1511,0,3,8,8,8,8,4,20
2,245,244,1791058345294202,1791058345295490,1288,0,4,9,9,9,8,6,28
2,246,245,1791058345344202,1791058345346270,2068,0,5,9,9,9,8,6,30
2,247,246,1791058345394202,1791058345395956,1754,0,6,7,7,7,7,2,10
2,248,247,1791058345444202,1791058345445601,1399,0,7,11,11,11,11,8,35
2,249,248,1791058345494202,1791058345495507,1305,0,8,6,6,6,6,4,17
2,250,249,1791058345544202,1791058345546270,2068,0,9,12,12,12,11,8,36
2,251,250,1791058345594202,1791058345596286,2084,0,10,10,10,10,10,10,43
2,252,251,1791058345644202,1791058345645753,1551,0,11,12,12,12,13,12,51
2,253,252,1791058345694202,1791058345695372,1170,0,12,10,10,10,9,9,35
2,254,253,1791058345744202,1791058345746237,2035,0,13,10,10,10,10,6,23
2,255,254,1791058345794202,1791058345796211,2009,0,14,11,11,11,10,6,30
2,256,255,1791058345844202,1791058345845694,1492,0,15,16,16,16,14,14,64
2,257,256,1791058345894202,1791058345895548,1346,0,16,13,13,13,11,6,30
2,258,257,1791058345944202,1791058345945969,1767,0,17,11,11,11,10,4,19
2,259,258,1791058345994202,1791058345996339,2137,0,18,7,7,7,7,6,26
2,260,259,1791058346044202,1791058346045737,1535,0,19,10,10,10,9,6,28
2,261,260,1791058346094202,1791058346096109,1907,0,0,7,7,7,7,6,23
2,262,261,1791058346144202,1791058346145454,1252,0,1,13,13,13,12,8,40
2,263,262,1791058346194202,1791058346195731,1529,0,2,8,8,8,8,6,30
2,264,263,1791058346244202,1791058346245632,1430,0,3,8,8,8,7,4,19
2,265,264,1791058346294202,1791058346295827,1625,0,4,9,9,9,8,8,35
2,266,265,1791058346344202,1791058346346139,1937,0,5,9,9,9,8,6,26
2,267,266,1791058346394202,1791058346396220,2018,0,6,7,7,7,6,4,16
2,268,267,1791058346444202,1791058346445688,1486,0,7,11,11,11,11,7,28
2,269,268,1791058346494202,1791058346495640,1438,0,8,6,6,6,4,2,5
2,270,269,1791058346544202,1791058346545696,1494,0,9,12,12,12,11,6,29
2,271,270,1791058346594202,1791058346595711,1509,0,10,10,10,10,10,10,42
2,272,271,1791058346644202,1791058346645631,1429,0,11,12,12,12,12,11,46
2,273,272,1791058346694202,1791058346695496,1294,0,12,10,10,10,10,8,32
2,274,273,1791058346744202,1791058346745694,1492,0,13,10,10,10,8,4,19
2,275,274,1791058346794202,1791058346796038,1836,0,14,11,11,11,11,6,30
2,276,275,1791058346844202,1791058346845664,1462,0,15,16,16,16,15,14,66
2,277,276,1791058346894202,1791058346895982,1780,0,16,13,13,13,12,6,28
2,278,277,1791058346944202,1791058346946040,1838,0,17,11,11,11,11,4,20
2,279,278,1791058346994202,1791058346995305,1103,0,18,7,7,7,7,6,23
2,280,279,1791058347044202,1791058347045694,1492,0,19,10,10,10,10,9,34
2,281,280,1791058347094202,1791058347095823,1621,0,0,7,7,7,7,4,20
2,282,281,1791058347144202,1791058347145958,1756,0,1,13,13,13,11,10,46
2,283,282,1791058347194202,1791058347195404,1202,0,2,8,8,8,8,6,27
2,284,283,1791058347244202,1791058347245729,1527,0,3,8,8,8,6,2,10
2,285,284,1791058347294202,1791058347295911,1709,0,4,9,9,9,9,6,30
2,286,285,1791058347344202,1791058347346167,1965,0,5,9,9,9,8,6,30
2,287,286,1791058347394202,1791058347396060,1858,0,6,7,7,7,7,2,10
2,288,287,1791058347444202,1791058347445686,1484,0,7,11,11,11,11,9,34
2,289,288,1791058347494202,1791058347495979,1777,0,8,6,6,6,5,2,9
2,290,289,1791058347544202,1791058347546112,1910,0,9,12,12,12,12,8,36
2,291,290,1791058347594202,1791058347596374,2172,0,10,10,10,10,10,10,49
2,292,291,1791058347644202,1791058347645642,1440,0,11,12,12,12,12,10,44
2,293,292,1791058347694202,1791058347695788,1586,0,12,10,10,10,10,8,35
2,294,293,1791058347744202,1791058347746093,1891,0,13,10,10,10,7,2,10
2,295,294,1791058347794202,1791058347796322,2120,0,14,11,11,11,11,8,36
2,296,295,1791058347844202,1791058347845457,1255,0,15,16,16,16,16,15,67
2,297,296,1791058347894202,1791058347896195,1993,0,16,13,13,13,12,6,29
2,298,297,1791058347944202,1791058347946103,1901,0,17,11,11,11,10,7,28
2,299,298,1791058347994202,1791058347996024,1822,0,18,7,7,7,7,6,22
2,300,299,1791058348044202,1791058348045722,1520,0,19,10,10,10,11,8,36
2,301,300,1791058348094202,1791058348095579,1377,0,0,7,7,7,7,4,20
2,302,301,1791058348144202,1791058348146371,2169,0,1,13,13,13,11,10,48
2,303,302,1791058348194202,1791058348196229,2027,0,2,8,8,8,8,6,27
2,304,303,1791058348244202,1791058348245592,1390,0,3,8,8,8,8,8,31
2,305,304,1791058348294202,1791058348296189,1987,0,4,9,9,9,9,8,40
2,306,305,1791058348344202,1791058348345699,1497,0,5,9,9,9,9,9,32
2,307,306,1791058348394202,1791058348396025,1823,0,6,7,7,7,5,0,0
2,308,307,1791058348444202,1791058348445641,1439,0,7,11,11,11,11,8,40
2,309,308,1791058348494202,1791058348495385,1183,0,8,6,6,6,5,2,10
2,310,309,1791058348544202,1791058348546246,2044,0,9,12,12,12,12,8,39
2,311,310,1791058348594202,1791058348596095,1893,0,10,10,10,10,10,8,37
2,312,311,1791058348644202,1791058348645745,1543,0,11,12,12,12,13,11,48
2,313,312,1791058348694202,1791058348695349,1147,0,12,10,10,10,9,6,28
2,314,313,1791058348744202,1791058348746153,1951,0,13,10,10,10,8,5,15
2,315,314,1791058348794202,1791058348795911,1709,0,14,11,11,11,10,6,26
2,316,315,1791058348844202,1791058348845649,1447,0,15,16,16,16,14,10,50
2,317,316,1791058348894202,1791058348895548,1346,0,16,13,13,13,13,6,30
2,318,317,1791058348944202,1791058348945462,1260,0,17,11,11,11,11,4,20
2,319,318,1791058348994202,1791058348995443,1241,0,18,7,7,7,7,6,22
2,320,319,1791058349044202,1791058349045660,1458,0,19,10,10,10,10,8,25
2,321,320,1791058349094202,1791058349095472,1270,0,0,7,7,7,7,7,21
2,322,321,1791058349144202,1791058349145418,1216,0,1,13,13,13,11,8,36
2,323,322,1791058349194202,1791058349196266,2064,0,2,8,8,8,8,6,30
2,324,323,1791058349244202,1791058349245747,1545,0,3,8,8,8,8,4,20
2,325,324,1791058349294202,1791058349295459,1257,0,4,9,9,9,8,6,30
2,326,325,1791058349344202,1791058349345540,1338,0,5,9,9,9,7,4,20
2,327,326,1791058349394202,1791058349395370,1168,0,6,7,7,7,5,4,20
2,328,327,1791058349444202,1791058349445680,1478,0,7,11,11,11,9,6,28
2,329,328,1791058349494202,1791058349495691,1489,0,8,6,6,6,5,5,19
2,330,329,1791058349544202,1791058349545679,1477,0,9,12,12,12,10,5,15
2,331,330,1791058349594202,1791058349595301,1099,0,10,10,10,10,10,8,38
2,332,331,1791058349644202,1791058349645645,1443,0,11,12,12,12,13,10,46
2,333,332,1791058349694202,1791058349696198,1996,0,12,10,10,10,9,8,30
2,334,333,1791058349744202,1791058349745862,1660,0,13,10,10,10,9,4,15
2,335,334,1791058349794202,1791058349795814,1612,0,14,11,11,11,11,8,34
2,336,335,1791058349844202,1791058349845705,1503,0,15,16,16,16,16,15,66
2,337,336,1791058349894202,1791058349895581,1379,0,16,13,13,13,13,8,34
2,338,337,1791058349944202,1791058349945394,1192,0,17,11,11,11,9,8,34
2,339,338,1791058349994202,1791058349996117,1915,0,18,7,7,7,7,6,30
2,340,339,1791058350044202,1791058350045464,1262,0,19,10,10,10,9,6,29
2,341,340,1791058350094202,1791058350096003,1801,0,0,7,7,7,6,2,10
2,342,341,1791058350144202,1791058350145770,1568,0,1,13,13,13,12,10,50
2,343,342,1791058350194202,1791058350195615,1413,0,2,8,8,8,8,6,29
2,344,343,1791058350244202,1791058350245625,1423,0,3,8,8,8,9,9,38
2,345,344,1791058350294202,1791058350295774,1572,0,4,9,9,9,9,6,30
2,346,345,1791058350344202,1791058350345909,1707,0,5,9,9,9,8,8,29
2,347,346,1791058350394202,1791058350395514,1312,0,6,7,7,7,7,2,10
2,348,347,1791058350444202,1791058350445789,1587,0,7,11,11,11,12,8,32
2,349,348,1791058350494202,1791058350495630,1428,0,8,6,6,6,6,2,9
2,350,349,1791058350544202,1791058350545404,1202,0,9,12,12,12,11,4,20
2,351,350,1791058350594202,1791058350596194,1992,0,10,10,10,10,10,10,50
2,352,351,1791058350644202,1791058350645740,1538,0,11,12,12,12,11,9,37
2,353,352,1791058350694202,1791058350695628,1426,0,12,10,10,10,9,8,32
2,354,353,1791058350744202,1791058350745557,1355,0,13,10,10,10,9,8,36
2,355,354,1791058350794202,1791058350795465,1263,0,14,11,11,11,6,5,20
2,356,355,1791058350844202,1791058350845555,1353,0,15,16,16,16,15,14,62
2,357,356,1791058350894202,1791058350895571,1369,0,16,13,13,13,9,6,24
2,358,357,1791058350944202,1791058350945538,1336,0,17,11,11,11,11,6,20
2,359,358,1791058350994202,1791058350995357,1155,0,18,7,7,7,6,6,30
2,360,359,1791058351044202,1791058351045543,1341,0,19,10,10,10,11,5,15
2,361,360,1791058351094202,1791058351096279,2077,0,0,7,7,7,5,2,10
2,362,361,1791058351144202,1791058351146369,2167,0,1,13,13,13,13,12,52
2,363,362,1791058351194202,1791058351195405,1203,0,2,8,8,8,8,6,27
2,364,363,1791058351244202,1791058351245664,1462,0,3,8,8,8,7,4,20
2,365,364,1791058351294202,1791058351295477,1275,0,4,9,9,9,9,6,28
2,366,365,1791058351344202,1791058351346293,2091,0,5,9,9,9,9,7,26
2,367,366,1791058351394202,1791058351395958,1756,0,6,7,7,7,6,4,15
2,368,367,1791058351444202,1791058351445518,1316,0,7,11,11,11,11,9,40
2,369,368,1791058351494202,1791058351496257,2055,0,8,6,6,6,6,2,10
2,370,369,1791058351544202,1791058351545841,1639,0,9,12,12,12,11,8,38
2,371,370,1791058351594202,1791058351595778,1576,0,10,10,10,10,10,9,36
2,372,371,1791058351644202,1791058351645657,1455,0,11,12,12,12,13,12,53
2,373,372,1791058351694202,1791058351695402,1200,0,12,10,10,10,6,4,20
2,374,373,1791058351744202,1791058351746269,2067,0,13,10,10,10,8,5,15
2,375,374,1791058351794202,1791058351796357,2155,0,14,11,11,11,11,6,27
2,376,375,1791058351844202,1791058351845740,1538,0,15,16,16,16,17,17,79
2,377,376,1791058351894202,1791058351896143,1941,0,16,13,13,13,11,8,33
2,378,377,1791058351944202,1791058351945544,1342,0,17,11,11,11,11,9,35
2,379,378,1791058351994202,1791058351995304,1102,0,18,7,7,7,6,4,20
2,380,379,1791058352044202,1791058352045634,1432,0,19,10,10,10,9,6,21
2,381,380,1791058352094202,1791058352095817,1615,0,0,7,7,7,6,6,21
2,382,381,1791058352144202,1791058352145747,1545,0,1,13,13,13,12,8,35
2,383,382,1791058352194202,1791058352195944,1742,0,2,8,8,8,8,6,30
2,384,383,1791058352244202,1791058352245689,1487,0,3,8,8,8,9,8,24
2,385,384,1791058352294202,1791058352295661,1459,0,4,9,9,9,9,9,37
2,386,385,1791058352344202,1791058352346262,2060,0,5,9,9,9,9,7,28
2,387,386,1791058352394202,1791058352395969,1767,0,6,7,7,7,6,2,10
2,388,387,1791058352444202,1791058352445610,1408,0,7,11,11,11,10,8,40
2,389,388,1791058352494202,1791058352496239,2037,0,8,6,6,6,5,2,3
2,390,389,1791058352544202,1791058352546257,2055,0,9,12,12,12,12,6,24
2,391,390,1791058352594202,1791058352595389,1187,0,10,10,10,10,9,6,30
2,392,391,1791058352644202,1791058352645909,1707,0,11,12,12,12,13,12,51
2,393,392,1791058352694202,1791058352696012,1810,0,12,10,10,10,9,7,30
2,394,393,1791058352744202,1791058352745380,1178,0,13,10,10,10,7,4,13
2,395,394,1791058352794202,1791058352796071,1869,0,14,11,11,11,11,6,22
2,396,395,1791058352844202,1791058352845660,1458,0,15,16,16,16,16,14,66
2,397,396,1791058352894202,1791058352895378,1176,0,16,13,13,13,12,8,35
2,398,397,1791058352944202,1791058352945432,1230,0,17,11,11,11,10,4,19
2,399,398,1791058352994202,1791058352995740,1538,0,18,7,7,7,7,6,23
2,400,399,1791058353044202,1791058353045840,1638,0,19,10,10,10,9,9,32
2,401,400,1791058353094202,1791058353095910,1708,0,0,7,7,7,6,4,20
2,402,401,1791058353144202,1791058353146064,1862,0,1,13,13,13,9,6,24
2,403,402,1791058353194202,1791058353195428,1226,0,2,8,8,8,8,6,30
2,404,403,1791058353244202,1791058353245650,1448,0,3,8,8,8,5,2,10
2,405,404,1791058353294202,1791058353295909,1707,0,4,9,9,9,8,4,20
2,406,405,1791058353344202,1791058353345979,1777,0,5,9,9,9,9,8,40
2,407,406,1791058353394202,1791058353396074,1872,0,6,7,7,7,7,2,6
2,408,407,1791058353444202,1791058353445518,1316,0,7,11,11,11,11,9,40
2,409,408,1791058353494202,1791058353496104,1902,0,8,6,6,6,4,4,13
2,410,409,1791058353544202,1791058353545929,1727,0,9,12,12,12,12,12,53
2,411,410,1791058353594202,1791058353595853,1651,0,10,10,10,10,6,6,25
2,412,411,1791058353644202,1791058353645591,1389,0,11,12,12,12,11,8,40
2,413,412,1791058353694202,1791058353695383,1181,0,12,10,10,10,9,7,27
2,414,413,1791058353744202,1791058353746340,2138,0,13,10,10,10,10,4,11
2,415,414,1791058353794202,1791058353796312,2110,0,14,11,11,11,11,6,30
2,416,415,1791058353844202,1791058353845675,1473,0,15,16,16,16,16,13,58
2,417,416,1791058353894202,1791058353895447,1245,0,16,13,13,13,13,6,30
2,418,417,1791058353944202,1791058353946288,2086,0,17,11,11,11,10,6,24
2,419,418,1791058353994202,1791058353996284,2082,0,18,7,7,7,7,6,30
2,420,419,1791058354044202,1791058354045599,1397,0,19,10,10,10,8,2,10
2,421,420,1791058354094202,1791058354096328,2126,0,0,7,7,7,7,2,10
2,422,421,1791058354144202,1791058354146187,1985,0,1,13,13,13,12,10,46
2,423,422,1791058354194202,1791058354196093,1891,0,2,8,8,8,8,6,28
2,424,423,1791058354244202,1791058354245545,1343,0,3,8,8,8,7,6,21
2,425,424,1791058354294202,1791058354296186,1984,0,4,9,9,9,7,6,30
2,426,425,1791058354344202,1791058354346077,1875,0,5,9,9,9,9,9,40
2,427,426,1791058354394202,1791058354395583,1381,0,6,7,7,7,7,2,10
2,428,427,1791058354444202,1791058354445639,1437,0,7,11,11,11,10,8,40
2,429,428,1791058354494202,1791058354495548,1346,0,8,6,6,6,5,2,8
2,430,429,1791058354544202,1791058354545500,1298,0,9,12,12,12,12,8,36
2,431,430,1791058354594202,1791058354595608,1406,0,10,10,10,10,9,8,31
2,432,431,1791058354644202,1791058354645733,1531,0,11,12,12,12,13,10,37
2,433,432,1791058354694202,1791058354695706,1504,0,12,10,10,10,9,6,25
2,434,433,1791058354744202,1791058354745738,1536,0,13,10,10,10,10,8,36
2,435,434,1791058354794202,1791058354795984,1782,0,14,11,11,11,11,9,38
2,436,435,1791058354844202,1791058354845791,1589,0,15,16,16,16,16,14,67
2,437,436,1791058354894202,1791058354895787,1585,0,16,13,13,13,11,6,24
2,438,437,1791058354944202,1791058354945910,1708,0,17,11,11,11,10,2,10
2,439,438,1791058354994202,1791058354995520,1318,0,18,7,7,7,7,6,26
2,440,439,1791058355044202,1791058355045632,1430,0,19,10,10,10,8,8,32
2,441,440,1791058355094202,1791058355096165,1963,0,0,7,7,7,7,4,19
2,442,441,1791058355144202,1791058355145540,1338,0,1,13,13,13,10,8,40
2,443,442,1791058355194202,1791058355195526,1324,0,2,8,8,8,8,6,30
2,444,443,1791058355244202,1791058355245868,1666,0,3,8,8,8,7,2,10
2,445,444,1791058355294202,1791058355295985,1783,0,4,9,9,9,8,4,20
2,446,445,1791058355344202,1791058355345435,1233,0,5,9,9,9,9,8,37
2,447,446,1791058355394202,1791058355395795,1593,0,6,7,7,7,7,4,15
2,448,447,1791058355444202,1791058355445607,1405,0,7,11,11,11,10,8,32
2,449,448,1791058355494202,1791058355496286,2084,0,8,6,6,6,6,4,17
2,450,449,1791058355544202,1791058355546231,2029,0,9,12,12,12,11,10,49
2,451,450,1791058355594202,1791058355596191,1989,0,10,10,10,10,9,6,27
2,452,451,1791058355644202,1791058355645679,1477,0,11,12,12,12,13,10,45
2,453,452,1791058355694202,1791058355695508,1306,0,12,10,10,10,10,6,27
2,454,453,1791058355744202,1791058355745321,1119,0,13,10,10,10,7,4,20
2,455,454,1791058355794202,1791058355796054,1852,0,14,11,11,11,10,6,29
2,456,455,1791058355844202,1791058355845579,1377,0,15,16,16,16,16,16,71
2,457,456,1791058355894202,1791058355896363,2161,0,16,13,13,13,12,6,30
2,458,457,1791058355944202,1791058355945989,1787,0,17,11,11,11,10,7,23
2,459,458,1791058355994202,1791058355995992,1790,0,18,7,7,7,7,6,28
2,460,459,1791058356044202,1791058356045797,1595,0,19,10,10,10,11,7,26
2,461,460,1791058356094202,1791058356096006,1804,0,0,7,7,7,7,4,17
2,462,461,1791058356144202,1791058356145577,1375,0,1,13,13,13,12,10,47
2,463,462,1791058356194202,1791058356196143,1941,0,2,8,8,8,8,6,24
2,464,463,1791058356244202,1791058356245522,1320,0,3,8,8,8,8,6,29
2,465,464,1791058356294202,1791058356295500,1298,0,4,9,9,9,9,9,40
2,466,465,1791058356344202,1791058356345712,1510,0,5,9,9,9,8,8,34
2,467,466,1791058356394202,1791058356395994,1792,0,6,7,7,7,6,2,10
2,468,467,1791058356444202,1791058356445650,1448,0,7,11,11,11,12,6,30
2,469,468,1791058356494202,1791058356495846,1644,0,8,6,6,6,5,4,19
2,470,469,1791058356544202,1791058356545483,1281,0,9,12,12,12,12,10,50
2,471,470,1791058356594202,1791058356595396,1194,0,10,10,10,10,9,7,30
2,472,471,1791058356644202,1791058356645988,1786,0,11,12,12,12,12,11,43
2,473,472,1791058356694202,1791058356696005,1803,0,12,10,10,10,10,8,33
2,474,473,1791058356744202,1791058356745915,1713,0,13,10,10,10,9,4,15
2,475,474,1791058356794202,1791058356795982,1780,0,14,11,11,11,11,6,30
2,476,475,1791058356844202,1791058356845709,1507,0,15,16,16,16,16,14,70
2,477,476,1791058356894202,1791058356895582,1380,0,16,13,13,13,13,8,32
2,478,477,1791058356944202,1791058356945670,1468,0,17,11,11,11,10,8,34
2,479,478,1791058356994202,1791058356995503,1301,0,18,7,7,7,7,6,24
2,480,479,1791058357044202,1791058357045893,1691,0,19,10,10,10,9,6,21
2,481,480,1791058357094202,1791058357095780,1578,0,0,7,7,7,6,4,16
2,482,481,1791058357144202,1791058357146050,1848,0,1,13,13,13,13,10,48
2,483,482,1791058357194202,1791058357195909,1707,0,2,8,8,8,8,6,30
2,484,483,1791058357244202,1791058357245637,1435,0,3,8,8,8,7,4,17
2,485,484,1791058357294202,1791058357296337,2135,0,4,9,9,9,9,6,24
2,486,485,1791058357344202,1791058357346002,1800,0,5,9,9,9,8,6,30
2,487,486,1791058357394202,1791058357395939,1737,0,6,7,7,7,7,2,10
2,488,487,1791058357444202,1791058357445420,1218,0,7,11,11,11,12,9,34
2,489,488,1791058357494202,1791058357496111,1909,0,8,6,6,6,6,2,10
2,490,489,1791058357544202,1791058357545932,1730,0,9,12,12,12,12,8,40
2,491,490,1791058357594202,1791058357595948,1746,0,10,10,10,10,10,8,38
2,492,491,1791058357644202,1791058357645662,1460,0,11,12,12,12,12,10,50
2,493,492,1791058357694202,1791058357695496,1294,0,12,10,10,10,9,6,29
2,494,493,1791058357744202,1791058357745379,1177,0,13,10,10,10,10,6,30
2,495,494,1791058357794202,1791058357796281,2079,0,14,11,11,11,9,8,36
2,496,495,1791058357844202,1791058357845624,1422,0,15,16,16,16,16,14,64
2,497,496,1791058357894202,1791058357896005,1803,0,16,13,13,13,10,6,30
2,498,497,1791058357944202,1791058357945906,1704,0,17,11,11,11,11,9,35
2,499,498,1791058357994202,1791058357995466,1264,0,18,7,7,7,7,6,30
2,500,499,1791058358044202,1791058358045810,1608,0,19,10,10,10,9,2,10
2,501,500,1791058358094202,1791058358096067,1865,0,0,7,7,7,7,2,10
2,502,501,1791058358144202,1791058358145912,1710,0,1,13,13,13,13,10,45
2,503,502,1791058358194202,1791058358195657,1455,0,2,8,8,8,8,6,27
2,504,503,1791058358244202,1791058358245683,1481,0,3,8,8,8,8,6,21
2,505,504,1791058358294202,1791058358295583,1381,0,4,9,9,9,8,6,30
2,506,505,1791058358344202,1791058358346338,2136,0,5,9,9,9,8,6,30
2,507,506,1791058358394202,1791058358396135,1933,0,6,7,7,7,7,2,10
2,508,507,1791058358444202,1791058358445623,1421,0,7,11,11,11,11,10,41
2,509,508,1791058358494202,1791058358495654,1452,0,8,6,6,6,4,2,4
2,510,509,1791058358544202,1791058358545644,1442,0,9,12,12,12,12,8,40
2,511,510,1791058358594202,1791058358595492,1290,0,10,10,10,10,10,10,41
2,512,511,1791058358644202,1791058358645684,1482,0,11,12,12,12,12,11,50
2,513,512,1791058358694202,1791058358695560,1358,0,12,10,10,10,9,8,31
2,514,513,1791058358744202,1791058358745466,1264,0,13,10,10,10,8,4,20
2,515,514,1791058358794202,1791058358795379,1177,0,14,11,11,11,10,6,30
2,516,515,1791058358844202,1791058358845746,1544,0,15,16,16,16,17,16,80
2,517,516,1791058358894202,1791058358895952,1750,0,16,13,13,13,12,8,35
2,518,517,1791058358944202,1791058358946046,1844,0,17,11,11,11,11,10,50
2,519,518,1791058358994202,1791058358996349,2147,0,18,7,7,7,7,6,30
2,520,519,1791058359044202,1791058359045734,1532,0,19,10,10,10,9,7,21
2,521,520,1791058359094202,1791058359095998,1796,0,0,7,7,7,6,4,20
2,522,521,1791058359144202,1791058359145515,1313,0,1,13,13,13,10,8,40
2,523,522,1791058359194202,1791058359196042,1840,0,2,8,8,8,8,6,30
2,524,523,1791058359244202,1791058359245704,1502,0,3,8,8,8,8,8,38
2,525,524,1791058359294202,1791058359295988,1786,0,4,9,9,9,9,8,40
2,526,525,1791058359344202,1791058359346294,2092,0,5,9,9,9,7,6,23
2,527,526,1791058359394202,1791058359395651,1449,0,6,7,7,7,7,4,16
2,528,527,1791058359444202,1791058359445501,1299,0,7,11,11,11,11,7,30
2,529,528,1791058359494202,1791058359495618,1416,0,8,6,6,6,5,2,6
2,530,529,1791058359544202,1791058359545843,1641,0,9,12,12,12,11,6,30
2,531,530,1791058359594202,1791058359596237,2035,0,10,10,10,10,9,8,37
2,532,531,1791058359644202,1791058359645749,1547,0,11,12,12,12,13,12,54
2,533,532,1791058359694202,1791058359695908,1706,0,12,10,10,10,10,6,22
2,534,533,1791058359744202,1791058359746201,1999,0,13,10,10,10,10,7,27
2,535,534,1791058359794202,1791058359795585,1383,0,14,11,11,11,11,6,27
2,536,535,1791058359844202,1791058359845319,1117,0,15,16,16,16,15,14,70
2,537,536,1791058359894202,1791058359896352,2150,0,16,13,13,13,12,6,30
2,538,537,1791058359944202,1791058359945905,1703,0,17,11,11,11,11,5,16
2,539,538,1791058359994202,1791058359996037,1835,0,18,7,7,7,7,6,30
2,540,539,1791058360044202,1791058360045479,1277,0,19,10,10,10,11,6,28
2,541,540,1791058360094202,1791058360095421,1219,0,0,7,7,7,7,4,18
2,542,541,1791058360144202,1791058360145491,1289,0,1,13,13,13,13,12,51
2,543,542,1791058360194202,1791058360195373,1171,0,2,8,8,8,8,6,22
2,544,543,1791058360244202,1791058360245543,1341,0,3,8,8,8,8,6,21
2,545,544,1791058360294202,1791058360295465,1263,0,4,9,9,9,8,4,20
2,546,545,1791058360344202,1791058360345408,1206,0,5,9,9,9,9,8,40
2,547,546,1791058360394202,1791058360396328,2126,0,6,7,7,7,7,4,14
2,548,547,1791058360444202,1791058360445658,1456,0,7,11,11,11,11,8,40
2,549,548,1791058360494202,1791058360495511,1309,0,8,6,6,6,4,4,16
2,550,549,1791058360544202,1791058360546300,2098,0,9,12,12,12,11,8,36
2,551,550,1791058360594202,1791058360596277,2075,0,10,10,10,10,8,6,30
2,552,551,1791058360644202,1791058360645524,1322,0,11,12,12,12,13,12,51
2,553,552,1791058360694202,1791058360696306,2104,0,12,10,10,10,9,6,30
2,554,553,1791058360744202,1791058360746252,2050,0,13,10,10,10,10,6,21
2,555,554,1791058360794202,1791058360796066,1864,0,14,11,11,11,10,6,30
2,556,555,1791058360844202,1791058360845599,1397,0,15,16,16,16,15,14,70
2,557,556,1791058360894202,1791058360895439,1237,0,16,13,13,13,13,6,30
2,558,557,1791058360944202,1791058360946312,2110,0,17,11,11,11,11,9,36
2,559,558,1791058360994202,1791058360995393,1191,0,18,7,7,7,7,6,22
2,560,559,1791058361044202,1791058361045657,1455,0,19,10,10,10,9,6,25
2,561,560,1791058361094202,1791058361095451,1249,0,0,7,7,7,7,6,24
2,562,561,1791058361144202,1791058361146353,2151,0,1,13,13,13,13,10,46
2,563,562,1791058361194202,1791058361195455,1253,0,2,8,8,8,8,6,26
2,564,563,1791058361244202,1791058361245631,1429,0,3,8,8,8,9,8,38
2,565,564,1791058361294202,1791058361295936,1734,0,4,9,9,9,9,8,35
2,566,565,1791058361344202,1791058361346029,1827,0,5,9,9,9,8,5,16
2,567,566,1791058361394202,1791058361396122,1920,0,6,7,7,7,7,6,29
2,568,567,1791058361444202,1791058361445586,1384,0,7,11,11,11,11,10,46
2,569,568,1791058361494202,1791058361495601,1399,0,8,6,6,6,5,2,5
2,570,569,1791058361544202,1791058361545623,1421,0,9,12,12,12,12,8,37
2,571,570,1791058361594202,1791058361595991,1789,0,10,10,10,10,10,8,37
2,572,571,1791058361644202,1791058361645541,1339,0,11,12,12,12,13,12,53
2,573,572,1791058361694202,1791058361695571,1369,0,12,10,10,10,9,7,29
2,574,573,1791058361744202,1791058361746135,1933,0,13,10,10,10,10,7,29
2,575,574,1791058361794202,1791058361795516,1314,0,14,11,11,11,11,8,40
2,576,575,1791058361844202,1791058361845589,1387,0,15,16,16,16,17,15,70
2,577,576,1791058361894202,1791058361895433,1231,0,16,13,13,13,11,6,30
2,578,577,1791058361944202,1791058361945573,1371,0,17,11,11,11,9,6,24
2,579,578,1791058361994202,1791058361996009,1807,0,18,7,7,7,7,6,21
2,580,579,1791058362044202,1791058362045583,1381,0,19,10,10,10,8,7,30
2,581,580,1791058362094202,1791058362095637,1435,0,0,7,7,7,6,4,15
2,582,581,1791058362144202,1791058362145707,1505,0,1,13,13,13,13,10,50
2,583,582,1791058362194202,1791058362195655,1453,0,2,8,8,8,8,6,30
2,584,583,1791058362244202,1791058362245489,1287,0,3,8,8,8,9,9,40
2,585,584,1791058362294202,1791058362295365,1163,0,4,9,9,9,9,6,30
2,586,585,1791058362344202,1791058362346222,2020,0,5,9,9,9,8,8,32
2,587,586,1791058362394202,1791058362396019,1817,0,6,7,7,7,7,5,13
2,588,587,1791058362444202,1791058362445547,1345,0,7,11,11,11,11,6,30
2,589,588,1791058362494202,1791058362495450,1248,0,8,6,6,6,4,2,10
2,590,589,1791058362544202,1791058362545409,1207,0,9,12,12,12,10,4,20
2,591,590,1791058362594202,1791058362595396,1194,0,10,10,10,10,9,8,40
2,592,591,1791058362644202,1791058362645844,1642,0,11,12,12,12,13,13,55
2,593,592,1791058362694202,1791058362695499,1297,0,12,10,10,10,10,6,23
2,594,593,1791058362744202,1791058362746284,2082,0,13,10,10,10,8,6,26
2,595,594,1791058362794202,1791058362796304,2102,0,14,11,11,11,9,7,27
2,596,595,1791058362844202,1791058362845718,1516,0,15,16,16,16,16,12,55
2,597,596,1791058362894202,1791058362895828,1626,0,16,13,13,13,13,8,35
2,598,597,1791058362944202,1791058362946094,1892,0,17,11,11,11,7,4,20
2,599,598,1791058362994202,1791058362995966,1764,0,18,7,7,7,6,4,20
2,600,599,1791058363044202,1791058363045656,1454,0,19,10,10,10,8,7,22
2,601,600,1791058363094202,1791058363096110,1908,0,0,7,7,7,5,2,10
2,602,601,1791058363144202,1791058363145802,1600,0,1,13,13,13,12,10,46
2,603,602,1791058363194202,1791058363195867,1665,0,2,8,8,8,8,6,30
2,604,603,1791058363244202,1791058363245642,1440,0,3,8,8,8,9,6,24
2,605,604,1791058363294202,1791058363295450,1248,0,4,9,9,9,9,8,33
2,606,605,1791058363344202,1791058363346233,2031,0,5,9,9,9,9,6,22
2,607,606,1791058363394202,1791058363396010,1808,0,6,7,7,7,7,6,21
2,608,607,1791058363444202,1791058363445637,1435,0,7,11,11,11,11,9,37
2,609,608,1791058363494202,1791058363495429,1227,0,8,6,6,6,5,4,13
2,610,609,1791058363544202,1791058363546045,1843,0,9,12,12,12,11,10,50
2,611,610,1791058363594202,1791058363595905,1703,0,10,10,10,10,9,8,40
2,612,611,1791058363644202,1791058363645493,1291,0,11,12,12,12,12,8,37
2,613,612,1791058363694202,1791058363696317,2115,0,12,10,10,10,9,8,33
2,614,613,1791058363744202,1791058363746224,2022,0,13,10,10,10,10,6,26
2,615,614,1791058363794202,1791058363796053,1851,0,14,11,11,11,8,4,20
2,616,615,1791058363844202,1791058363845680,1478,0,15,16,16,16,17,15,65
2,617,616,1791058363894202,1791058363895724,1522,0,16,13,13,13,13,6,30
2,618,617,1791058363944202,1791058363945519,1317,0,17,11,11,11,10,4,20
2,619,618,1791058363994202,1791058363996040,1838,0,18,7,7,7,7,6,24
2,620,619,1791058364044202,1791058364045642,1440,0,19,10,10,10,8,7,25
2,621,620,1791058364094202,1791058364095738,1536,0,0,7,7,7,7,6,23
2,622,621,1791058364144202,1791058364145557,1355,0,1,13,13,13,12,9,38
2,623,622,1791058364194202,1791058364195556,1354,0,2,8,8,8,8,6,30
2,624,623,1791058364244202,1791058364245803,1601,0,3,8,8,8,8,5,14
2,625,624,1791058364294202,1791058364295620,1418,0,4,9,9,9,9,6,22
2,626,625,1791058364344202,1791058364346324,2122,0,5,9,9,9,8,6,27
2,627,626,1791058364394202,1791058364396139,1937,0,6,7,7,7,6,2,10
2,628,627,1791058364444202,1791058364445504,1302,0,7,11,11,11,11,8,40
2,629,628,1791058364494202,1791058364496254,2052,0,8,6,6,6,5,0,0
2,630,629,1791058364544202,1791058364546258,2056,0,9,12,12,12,11,6,30
2,631,630,1791058364594202,1791058364596103,1901,0,10,10,10,10,10,10,41
2,632,631,1791058364644202,1791058364645832,1630,0,11,12,12,12,12,11,50
2,633,632,1791058364694202,1791058364695969,1767,0,12,10,10,10,8,7,29
2,634,633,1791058364744202,1791058364746108,1906,0,13,10,10,10,9,5,16
2,635,634,1791058364794202,1791058364796077,1875,0,14,11,11,11,11,6,30
2,636,635,1791058364844202,1791058364845500,1298,0,15,16,16,16,16,16,74
2,637,636,1791058364894202,1791058364896326,2124,0,16,13,13,13,12,8,31
2,638,637,1791058364944202,1791058364946319,2117,0,17,11,11,11,9,6,26
2,639,638,1791058364994202,1791058364996278,2076,0,18,7,7,7,7,6,24
2,640,639,1791058365044202,1791058365045573,1371,0,19,10,10,10,10,9,34
2,641,640,1791058365094202,1791058365096323,2121,0,0,7,7,7,6,4,16
2,642,641,1791058365144202,1791058365146237,2035,0,1,13,13,13,12,10,43
2,643,642,1791058365194202,1791058365196099,1897,0,2,8,8,8,8,6,30
2,644,643,1791058365244202,1791058365245757,1555,0,3,8,8,8,7,6,27
2,645,644,1791058365294202,1791058365295531,1329,0,4,9,9,9,9,8,33
2,646,645,1791058365344202,1791058365345831,1629,0,5,9,9,9,7,6,21
2,647,646,1791058365394202,1791058365395994,1792,0,6,7,7,7,7,2,2
2,648,647,1791058365444202,1791058365445505,1303,0,7,11,11,11,12,9,40
2,649,648,1791058365494202,1791058365495628,1426,0,8,6,6,6,6,4,17
2,650,649,1791058365544202,1791058365545528,1326,0,9,12,12,12,12,8,34
2,651,650,1791058365594202,1791058365595632,1430,0,10,10,10,10,9,8,38
2,652,651,1791058365644202,1791058365645703,1501,0,11,12,12,12,11,10,43
2,653,652,1791058365694202,1791058365695471,1269,0,12,10,10,10,10,6,30
2,654,653,1791058365744202,1791058365746327,2125,0,13,10,10,10,9,4,15
2,655,654,1791058365794202,1791058365796247,2045,0,14,11,11,11,10,6,30
2,656,655,1791058365844202,1791058365845520,1318,0,15,16,16,16,17,17,75
2,657,656,1791058365894202,1791058365895378,1176,0,16,13,13,13,12,8,34
2,658,657,1791058365944202,1791058365945615,1413,0,17,11,11,11,9,7,23
2,659,658,1791058365994202,1791058365995370,1168,0,18,7,7,7,7,6,30
2,660,659,1791058366044202,1791058366045656,1454,0,19,10,10,10,8,5,19
2,661,660,1791058366094202,1791058366095424,1222,0,0,7,7,7,6,4,20
2,662,661,1791058366144202,1791058366146138,1936,0,1,13,13,13,13,10,45
2,663,662,1791058366194202,1791058366196196,1994,0,2,8,8,8,8,6,30
2,664,663,1791058366244202,1791058366245661,1459,0,3,8,8,8,8,6,21
2,665,664,1791058366294202,1791058366295443,1241,0,4,9,9,9,9,6,26
2,666,665,1791058366344202,1791058366345337,1135,0,5,9,9,9,8,6,30
2,667,666,1791058366394202,1791058366396148,1946,0,6,7,7,7,7,2,10
2,668,667,1791058366444202,1791058366445679,1477,0,7,11,11,11,11,8,34
2,669,668,1791058366494202,1791058366495540,1338,0,8,6,6,6,6,2,7
2,670,669,1791058366544202,1791058366545965,1763,0,9,12,12,12,10,6,30
2,671,670,1791058366594202,1791058366595715,1513,0,10,10,10,10,10,10,48
2,672,671,1791058366644202,1791058366645671,1469,0,11,12,12,12,11,10,46
2,673,672,1791058366694202,1791058366695430,1228,0,12,10,10,10,9,8,26
2,674,673,1791058366744202,1791058366745338,1136,0,13,10,10,10,8,6,22
2,675,674,1791058366794202,1791058366796306,2104,0,14,11,11,11,11,8,39
2,676,675,1791058366844202,1791058366845654,1452,0,15,16,16,16,16,14,63
2,677,676,1791058366894202,1791058366895970,1768,0,16,13,13,13,13,7,29
2,678,677,1791058366944202,1791058366946127,1925,0,17,11,11,11,11,4,20
2,679,678,1791058366994202,1791058366995469,1267,0,18,7,7,7,7,6,29
2,680,679,1791058367044202,1791058367045506,1304,0,19,10,10,10,8,4,13
2,681,680,1791058367094202,1791058367095374,1172,0,0,7,7,7,7,2,10
2,682,681,1791058367144202,1791058367146174,1972,0,1,13,13,13,13,12,54
2,683,682,1791058367194202,1791058367196090,1888,0,2,8,8,8,8,7,30
2,684,683,1791058367244202,1791058367245597,1395,0,3,8,8,8,8,6,27
2,685,684,1791058367294202,1791058367296255,2053,0,4,9,9,9,9,9,36
2,686,685,1791058367344202,1791058367345948,1746,0,5,9,9,9,7,4,14
2,687,686,1791058367394202,1791058367395848,1646,0,6,7,7,7,7,5,17
2,688,687,1791058367444202,1791058367445593,1391,0,7,11,11,11,11,11,45
2,689,688,1791058367494202,1791058367495856,1654,0,8,6,6,6,4,0,0
2,690,689,1791058367544202,1791058367545965,1763,0,9,12,12,12,10,4,20
2,691,690,1791058367594202,1791058367595734,1532,0,10,10,10,10,9,8,40
2,692,691,1791058367644202,1791058367645599,1397,0,11,12,12,12,12,12,51
2,693,692,1791058367694202,1791058367695408,1206,0,12,10,10,10,7,6,25
2,694,693,1791058367744202,1791058367745449,1247,0,13,10,10,10,9,8,25
2,695,694,1791058367794202,1791058367795298,1096,0,14,11,11,11,9,9,38
2,696,695,1791058367844202,1791058367845631,1429,0,15,16,16,16,17,14,52
2,697,696,1791058367894202,1791058367895593,1391,0,16,13,13,13,9,6,24
2,698,697,1791058367944202,1791058367945926,1724,0,17,11,11,11,10,7,21
2,699,698,1791058367994202,1791058367995667,1465,0,18,7,7,7,6,4,20
2,700,699,1791058368044202,1791058368045668,1466,0,19,10,10,10,11,6,25
2,701,700,1791058368094202,1791058368096343,2141,0,0,7,7,7,6,4,17
2,702,701,1791058368144202,1791058368146131,1929,0,1,13,13,13,12,12,52
2,703,702,1791058368194202,1791058368195958,1756,0,2,8,8,8,7,6,30
2,704,703,1791058368244202,1791058368245680,1478,0,3,8,8,8,7,4,13
2,705,704,1791058368294202,1791058368295442,1240,0,4,9,9,9,9,4,20
2,706,705,1791058368344202,1791058368345396,1194,0,5,9,9,9,9,6,30
2,707,706,1791058368394202,1791058368396162,1960,0,6,7,7,7,6,6,22
2,708,707,1791058368444202,1791058368445647,1445,0,7,11,11,11,11,10,44
2,709,708,1791058368494202,1791058368495457,1255,0,8,6,6,6,5,4,11
2,710,709,1791058368544202,1791058368546204,2002,0,9,12,12,12,11,11,47
2,711,710,1791058368594202,1791058368596278,2076,0,10,10,10,10,10,7,29
2,712,711,1791058368644202,1791058368645575,1373,0,11,12,12,12,12,10,50
2,713,712,1791058368694202,1791058368696194,1992,0,12,10,10,10,10,7,30
2,714,713,1791058368744202,1791058368746116,1914,0,13,10,10,10,8,6,21
2,715,714,1791058368794202,1791058368796051,1849,0,14,11,11,11,10,6,29
2,716,715,1791058368844202,1791058368845805,1603,0,15,16,16,16,16,14,68
2,717,716,1791058368894202,1791058368895500,1298,0,16,13,13,13,12,8,34
2,718,717,1791058368944202,1791058368946372,2170,0,17,11,11,11,10,5,20
2,719,718,1791058368994202,1791058368996201,1999,0,18,7,7,7,7,6,30
2,720,719,1791058369044202,1791058369045565,1363,0,19,10,10,10,11,5,20
2,721,720,1791058369094202,1791058369096254,2052,0,0,7,7,7,6,2,10
2,722,721,1791058369144202,1791058369146172,1970,0,1,13,13,13,13,12,58
2,723,722,1791058369194202,1791058369196324,2122,0,2,8,8,8,7,6,21
2,724,723,1791058369244202,1791058369245679,1477,0,3,8,8,8,8,6,30
2,725,724,1791058369294202,1791058369295312,1110,0,4,9,9,9,8,6,30
2,726,725,1791058369344202,1791058369345454,1252,0,5,9,9,9,9,6,30
2,727,726,1791058369394202,1791058369395526,1324,0,6,7,7,7,6,4,12
2,728,727,1791058369444202,1791058369445624,1422,0,7,11,11,11,11,7,30
2,729,728,1791058369494202,1791058369495396,1194,0,8,6,6,6,5,2,10
2,730,729,1791058369544202,1791058369546241,2039,0,9,12,12,12,12,8,40
2,731,730,1791058369594202,1791058369596204,2002,0,10,10,10,10,10,8,31
2,732,731,1791058369644202,1791058369645852,1650,0,11,12,12,12,13,10,49
2,733,732,1791058369694202,1791058369696239,2037,0,12,10,10,10,9,7,28
2,734,733,1791058369744202,1791058369745627,1425,0,13,10,10,10,8,6,22
2,735,734,1791058369794202,1791058369795644,1442,0,14,11,11,11,10,7,27
2,736,735,1791058369844202,1791058369845815,1613,0,15,16,16,16,17,17,78
2,737,736,1791058369894202,1791058369896031,1829,0,16,13,13,13,9,6,28
2,738,737,1791058369944202,1791058369946310,2108,0,17,11,11,11,9,5,16
2,739,738,1791058369994202,1791058369995535,1333,0,18,7,7,7,7,6,30
2,740,739,1791058370044202,1791058370045489,1287,0,19,10,10,10,10,7,29
2,741,740,1791058370094202,1791058370096089,1887,0,0,7,7,7,6,2,10
2,742,741,1791058370144202,1791058370146103,1901,0,1,13,13,13,13,12,57
2,743,742,1791058370194202,1791058370196093,1891,0,2,8,8,8,8,6,25
2,744,743,1791058370244202,1791058370245715,1513,0,3,8,8,8,8,6,20
2,745,744,1791058370294202,1791058370295451,1249,0,4,9,9,9,8,8,34
2,746,745,1791058370344202,1791058370346263,2061,0,5,9,9,9,8,6,23
2,747,746,1791058370394202,1791058370395960,1758,0,6,7,7,7,6,4,20
2,748,747,1791058370444202,1791058370445665,1463,0,7,11,11,11,11,8,36
2,749,748,1791058370494202,1791058370495388,1186,0,8,6,6,6,6,4,17
2,750,749,1791058370544202,1791058370545958,1756,0,9,12,12,12,12,2,10
2,751,750,1791058370594202,1791058370595823,1621,0,10,10,10,10,10,8,36
2,752,751,1791058370644202,1791058370645628,1426,0,11,12,12,12,12,9,40
2,753,752,1791058370694202,1791058370695383,1181,0,12,10,10,10,8,6,30
2,754,753,1791058370744202,1791058370745586,1384,0,13,10,10,10,9,2,10
2,755,754,1791058370794202,1791058370795456,1254,0,14,11,11,11,11,8,33
2,756,755,1791058370844202,1791058370845513,1311,0,15,16,16,16,16,14,70
2,757,756,1791058370894202,1791058370895367,1165,0,16,13,13,13,11,6,30
2,758,757,1791058370944202,1791058370945821,1619,0,17,11,11,11,11,10,41
2,759,758,1791058370994202,1791058370995492,1290,0,18,7,7,7,7,6,30
2,760,759,1791058371044202,1791058371045714,1512,0,19,10,10,10,11,7,26
2,761,760,1791058371094202,1791058371095597,1395,0,0,7,7,7,6,2,10
2,762,761,1791058371144202,1791058371145753,1551,0,1,13,13,13,13,10,45
2,763,762,1791058371194202,1791058371195523,1321,0,2,8,8,8,8,6,30
2,764,763,1791058371244202,1791058371245644,1442,0,3,8,8,8,7,6,25
2,765,764,1791058371294202,1791058371296205,2003,0,4,9,9,9,9,8,40
2,766,765,1791058371344202,1791058371346242,2040,0,5,9,9,9,9,6,23
2,767,766,1791058371394202,1791058371395968,1766,0,6,7,7,7,6,2,10
2,768,767,1791058371444202,1791058371445464,1262,0,7,11,11,11,12,10,41
2,769,768,1791058371494202,1791058371496201,1999,0,8,6,6,6,6,4,15
2,770,769,1791058371544202,1791058371545748,1546,0,9,12,12,12,12,8,38
2,771,770,1791058371594202,1791058371595652,1450,0,10,10,10,10,9,8,39
2,772,771,1791058371644202,1791058371645599,1397,0,11,12,12,12,12,10,48
2,773,772,1791058371694202,1791058371696369,2167,0,12,10,10,10,9,6,28
2,774,773,1791058371744202,1791058371745408,1206,0,13,10,10,10,9,4,20
2,775,774,1791058371794202,1791058371796336,2134,0,14,11,11,11,10,6,30
2,776,775,1791058371844202,1791058371845942,1740,0,15,16,16,16,15,15,64
2,777,776,1791058371894202,1791058371896176,1974,0,16,13,13,13,13,6,30
2,778,777,1791058371944202,1791058371946111,1909,0,17,11,11,11,11,7,29
2,779,778,1791058371994202,1791058371996330,2128,0,18,7,7,7,7,6,30
2,780,779,1791058372044202,1791058372045619,1417,0,19,10,10,10,9,7,22
2,781,780,1791058372094202,1791058372096371,2169,0,0,7,7,7,7,4,13
2,782,781,1791058372144202,1791058372145488,1286,0,1,13,13,13,12,8,40
2,783,782,1791058372194202,1791058372195413,1211,0,2,8,8,8,8,6,30
2,784,783,1791058372244202,1791058372245777,1575,0,3,8,8,8,8,8,31
2,785,784,1791058372294202,1791058372295491,1289,0,4,9,9,9,9,8,40
2,786,785,1791058372344202,1791058372346105,1903,0,5,9,9,9,8,8,30
2,787,786,1791058372394202,1791058372395971,1769,0,6,7,7,7,6,2,4
2,788,787,1791058372444202,1791058372445674,1472,0,7,11,11,11,11,8,35
2,789,788,1791058372494202,1791058372495610,1408,0,8,6,6,6,6,4,19
2,790,789,1791058372544202,1791058372546292,2090,0,9,12,12,12,12,10,45
2,791,790,1791058372594202,1791058372596280,2078,0,10,10,10,10,9,8,31
2,792,791,1791058372644202,1791058372645574,1372,0,11,12,12,12,13,11,50
2,793,792,1791058372694202,1791058372696315,2113,0,12,10,10,10,9,6,24
2,794,793,1791058372744202,1791058372746195,1993,0,13,10,10,10,10,8,40
2,795,794,1791058372794202,1791058372796115,1913,0,14,11,11,11,8,5,20
2,796,795,1791058372844202,1791058372845649,1447,0,15,16,16,16,14,12,60
2,797,796,1791058372894202,1791058372895590,1388,0,16,13,13,13,13,8,35
2,798,797,1791058372944202,1791058372945990,1788,0,17,11,11,11,11,6,27
2,799,798,1791058372994202,1791058372996125,1923,0,18,7,7,7,7,6,30
2,800,799,1791058373044202,1791058373045771,1569,0,19,10,10,10,9,5,19
2,801,800,1791058373094202,1791058373095696,1494,0,0,7,7,7,6,2,10
2,802,801,1791058373144202,1791058373145943,1741,0,1,13,13,13,13,12,55
2,803,802,1791058373194202,1791058373196141,1939,0,2,8,8,8,7,4,14
2,804,803,1791058373244202,1791058373245514,1312,0,3,8,8,8,8,6,25
2,805,804,1791058373294202,1791058373296286,2084,0,4,9,9,9,8,6,30
2,806,805,1791058373344202,1791058373345418,1216,0,5,9,9,9,8,7,29
2,807,806,1791058373394202,1791058373395534,1332,0,6,7,7,7,7,4,11
2,808,807,1791058373444202,1791058373445654,1452,0,7,11,11,11,10,6,30
2,809,808,1791058373494202,1791058373495505,1303,0,8,6,6,6,5,4,19
2,810,809,1791058373544202,1791058373546330,2128,0,9,12,12,12,11,11,41
2,811,810,1791058373594202,1791058373595404,1202,0,10,10,10,10,7,6,25
2,812,811,1791058373644202,1791058373645733,1531,0,11,12,12,12,13,10,44
2,813,812,1791058373694202,1791058373695642,1440,0,12,10,10,10,10,7,28
2,814,813,1791058373744202,1791058373745465,1263,0,13,10,10,10,8,6,28
2,815,814,1791058373794202,1791058373795437,1235,0,14,11,11,11,9,9,37
2,816,815,1791058373844202,1791058373845634,1432,0,15,16,16,16,15,11,50
2,817,816,1791058373894202,1791058373895447,1245,0,16,13,13,13,11,6,20
2,818,817,1791058373944202,1791058373945382,1180,0,17,11,11,11,10,2,10
2,819,818,1791058373994202,1791058373996299,2097,0,18,7,7,7,5,4,20
2,820,819,1791058374044202,1791058374045755,1553,0,19,10,10,10,9,7,30
2,821,820,1791058374094202,1791058374095646,1444,0,0,7,7,7,7,4,15
2,822,821,1791058374144202,1791058374145520,1318,0,1,13,13,13,11,8,40
2,823,822,1791058374194202,1791058374195497,1295,0,2,8,8,8,8,6,25
2,824,823,1791058374244202,1791058374245682,1480,0,3,8,8,8,6,4,11
2,825,824,1791058374294202,1791058374296383,2181,0,4,9,9,9,9,6,26
2,826,825,1791058374344202,1791058374346294,2092,0,5,9,9,9,8,8,34
2,827,826,1791058374394202,1791058374395402,1200,0,6,7,7,7,7,2,7
2,828,827,1791058374444202,1791058374445659,1457,0,7,11,11,11,12,8,39
2,829,828,1791058374494202,1791058374496027,1825,0,8,6,6,6,5,2,5
2,830,829,1791058374544202,1791058374546104,1902,0,9,12,12,12,11,4,20
2,831,830,1791058374594202,1791058374596330,2128,0,10,10,10,10,10,8,40
2,832,831,1791058374644202,1791058374645632,1430,0,11,12,12,12,12,10,50
2,833,832,1791058374694202,1791058374695470,1268,0,12,10,10,10,10,6,26
2,834,833,1791058374744202,1791058374745467,1265,0,13,10,10,10,8,6,28
2,835,834,1791058374794202,1791058374795370,1168,0,14,11,11,11,10,4,20
2,836,835,1791058374844202,1791058374845729,1527,0,15,16,16,16,16,14,68
2,837,836,1791058374894202,1791058374895913,1711,0,16,13,13,13,13,6,30
2,838,837,1791058374944202,1791058374945824,1622,0,17,11,11,11,11,4,20
2,839,838,1791058374994202,1791058374995823,1621,0,18,7,7,7,6,6,30
2,840,839,1791058375044202,1791058375045658,1456,0,19,10,10,10,11,5,14
2,841,840,1791058375094202,1791058375095648,1446,0,0,7,7,7,6,2,10
2,842,841,1791058375144202,1791058375145506,1304,0,1,13,13,13,11,10,50
2,843,842,1791058375194202,1791058375196173,1971,0,2,8,8,8,7,6,24
2,844,843,1791058375244202,1791058375245703,1501,0,3,8,8,8,8,4,19
2,845,844,1791058375294202,1791058375295540,1338,0,4,9,9,9,8,6,27
2,846,845,1791058375344202,1791058375345601,1399,0,5,9,9,9,8,8,40
2,847,846,1791058375394202,1791058375395418,1216,0,6,7,7,7,6,2,10
2,848,847,1791058375444202,1791058375445466,1264,0,7,11,11,11,9,6,30
2,849,848,1791058375494202,1791058375495514,1312,0,8,6,6,6,6,4,13
2,850,849,1791058375544202,1791058375545648,1446,0,9,12,12,12,12,8,34
2,851,850,1791058375594202,1791058375595809,1607,0,10,10,10,10,9,8,31
2,852,851,1791058375644202,1791058375645691,1489,0,11,12,12,12,12,10,47
2,853,852,1791058375694202,1791058375695739,1537,0,12,10,10,10,9,6,25
2,854,853,1791058375744202,1791058375745815,1613,0,13,10,10,10,10,6,20
2,855,854,1791058375794202,1791058375795898,1696,0,14,11,11,11,11,6,28
2,856,855,1791058375844202,1791058375845808,1606,0,15,16,16,16,17,15,70
2,857,856,1791058375894202,1791058375895397,1195,0,16,13,13,13,13,6,27
2,858,857,1791058375944202,1791058375945784,1582,0,17,11,11,11,10,6,26
2,859,858,1791058375994202,1791058375996157,1955,0,18,7,7,7,7,6,29
2,860,859,1791058376044202,1791058376045638,1436,0,19,10,10,10,8,2,10
2,861,860,1791058376094202,1791058376095590,1388,0,0,7,7,7,6,2,10
2,862,861,1791058376144202,1791058376145731,1529,0,1,13,13,13,13,10,47
2,863,862,1791058376194202,1791058376195816,1614,0,2,8,8,8,8,6,28
2,864,863,1791058376244202,1791058376245597,1395,0,3,8,8,8,8,6,21
2,865,864,1791058376294202,1791058376295553,1351,0,4,9,9,9,9,6,29
2,866,865,1791058376344202,1791058376345903,1701,0,5,9,9,9,9,6,30
2,867,866,1791058376394202,1791058376395492,1290,0,6,7,7,7,7,6,26
2,868,867,1791058376444202,1791058376445638,1436,0,7,11,11,11,10,10,48
2,869,868,1791058376494202,1791058376495352,1150,0,8,6,6,6,5,0,0
2,870,869,1791058376544202,1791058376546212,2010,0,9,12,12,12,11,4,20
2,871,870,1791058376594202,1791058376595560,1358,0,10,10,10,10,9,8,39
2,872,871,1791058376644202,1791058376645535,1333,0,11,12,12,12,13,13,52
2,873,872,1791058376694202,1791058376696264,2062,0,12,10,10,10,9,4,20
2,874,873,1791058376744202,1791058376746142,1940,0,13,10,10,10,10,5,18
2,875,874,1791058376794202,1791058376795889,1687,0,14,11,11,11,10,6,29
2,876,875,1791058376844202,1791058376845627,1425,0,15,16,16,16,15,14,68
2,877,876,1791058376894202,1791058376895456,1254,0,16,13,13,13,13,6,30
2,878,877,1791058376944202,1791058376945432,1230,0,17,11,11,11,11,8,38
2,879,878,1791058376994202,1791058376995349,1147,0,18,7,7,7,7,6,30
2,880,879,1791058377044202,1791058377045625,1423,0,19,10,10,10,9,6,21
2,881,880,1791058377094202,1791058377095458,1256,0,0,7,7,7,7,4,15
2,882,881,1791058377144202,1791058377145404,1202,0,1,13,13,13,12,8,40
2,883,882,1791058377194202,1791058377196324,2122,0,2,8,8,8,8,6,30
2,884,883,1791058377244202,1791058377245973,1771,0,3,8,8,8,9,8,40
2,885,884,1791058377294202,1791058377295642,1440,0,4,9,9,9,8,6,30
2,886,885,1791058377344202,1791058377345497,1295,0,5,9,9,9,8,6,24
2,887,886,1791058377394202,1791058377396266,2064,0,6,7,7,7,7,2,10
2,888,887,1791058377444202,1791058377445712,1510,0,7,11,11,11,11,8,40
2,889,888,1791058377494202,1791058377495834,1632,0,8,6,6,6,5,2,10
2,890,889,1791058377544202,1791058377545934,1732,0,9,12,12,12,10,4,20
2,891,890,1791058377594202,1791058377596246,2044,0,10,10,10,10,10,10,44
2,892,891,1791058377644202,1791058377645527,1325,0,11,12,12,12,12,10,45
2,893,892,1791058377694202,1791058377696176,1974,0,12,10,10,10,9,6,18
2,894,893,1791058377744202,1791058377746341,2139,0,13,10,10,10,8,6,27
2,895,894,1791058377794202,1791058377795457,1255,0,14,11,11,11,8,6,22
2,896,895,1791058377844202,1791058377845545,1343,0,15,16,16,16,16,13,56
2,897,896,1791058377894202,1791058377896284,2082,0,16,13,13,13,12,6,20
2,898,897,1791058377944202,1791058377946329,2127,0,17,11,11,11,11,6,22
2,899,898,1791058377994202,1791058377996366,2164,0,18,7,7,7,7,6,30
2,900,899,1791058378044202,1791058378045658,1456,0,19,10,10,10,10,8,31
2,901,900,1791058378094202,1791058378095760,1558,0,0,7,7,7,6,5,14
2,902,901,1791058378144202,1791058378146009,1807,0,1,13,13,13,12,10,46
2,903,902,1791058378194202,1791058378195435,1233,0,2,8,8,8,7,6,27
2,904,903,1791058378244202,1791058378245718,1516,0,3,8,8,8,7,4,13
2,905,904,1791058378294202,1791058378295778,1576,0,4,9,9,9,9,4,20
2,906,905,1791058378344202,1791058378345902,1700,0,5,9,9,9,9,8,33
2,907,906,1791058378394202,1791058378396222,2020,0,6,7,7,7,7,2,9
2,908,907,1791058378444202,1791058378445439,1237,0,7,11,11,11,11,8,40
2,909,908,1791058378494202,1791058378495548,1346,0,8,6,6,6,5,3,7
2,910,909,1791058378544202,1791058378545809,1607,0,9,12,12,12,10,4,20
2,911,910,1791058378594202,1791058378596084,1882,0,10,10,10,10,9,8,31
2,912,911,1791058378644202,1791058378645649,1447,0,11,12,12,12,11,10,41
2,913,912,1791058378694202,1791058378695774,1572,0,12,10,10,10,9,6,23
2,914,913,1791058378744202,1791058378746216,2014,0,13,10,10,10,10,10,45
2,915,914,1791058378794202,1791058378796187,1985,0,14,11,11,11,11,8,21
2,916,915,1791058378844202,1791058378845646,1444,0,15,16,16,16,16,12,60
2,917,916,1791058378894202,1791058378895934,1732,0,16,13,13,13,11,4,20
2,918,917,1791058378944202,1791058378945990,1788,0,17,11,11,11,11,2,10
2,919,918,1791058378994202,1791058378996096,1894,0,18,7,7,7,6,6,25
2,920,919,1791058379044202,1791058379045657,1455,0,19,10,10,10,8,4,15
2,921,920,1791058379094202,1791058379096047,1845,0,0,7,7,7,7,4,12
2,922,921,1791058379144202,1791058379145897,1695,0,1,13,13,13,12,12,55
2,923,922,1791058379194202,1791058379195908,1706,0,2,8,8,8,8,6,24
2,924,923,1791058379244202,1791058379245642,1440,0,3,8,8,8,8,4,14
2,925,924,1791058379294202,1791058379296271,2069,0,4,9,9,9,8,4,20
2,926,925,1791058379344202,1791058379346031,1829,0,5,9,9,9,8,6,30
2,927,926,1791058379394202,1791058379395800,1598,0,6,7,7,7,7,5,20
2,928,927,1791058379444202,1791058379445515,1313,0,7,11,11,11,10,8,40
2,929,928,1791058379494202,1791058379495787,1585,0,8,6,6,6,5,3,10
2,930,929,1791058379544202,1791058379545425,1223,0,9,12,12,12,11,10,42
2,931,930,1791058379594202,1791058379595974,1772,0,10,10,10,10,8,8,40
2,932,931,1791058379644202,1791058379645471,1269,0,11,12,12,12,13,10,47
2,933,932,1791058379694202,1791058379695535,1333,0,12,10,10,10,9,4,20
2,934,933,1791058379744202,1791058379745718,1516,0,13,10,10,10,10,8,31
2,935,934,1791058379794202,1791058379795907,1705,0,14,11,11,11,9,9,36
2,936,935,1791058379844202,1791058379845760,1558,0,15,16,16,16,15,13,56
2,937,936,1791058379894202,1791058379896295,2093,0,16,13,13,13,8,6,24
2,938,937,1791058379944202,1791058379945761,1559,0,17,11,11,11,9,7,26
2,939,938,1791058379994202,1791058379995942,1740,0,18,7,7,7,7,6,22
2,940,939,1791058380044202,1791058380045680,1478,0,19,10,10,10,8,6,29
2,941,940,1791058380094202,1791058380095849,1647,0,0,7,7,7,7,6,22
2,942,941,1791058380144202,1791058380145897,1695,0,1,13,13,13,13,10,43
2,943,942,1791058380194202,1791058380195801,1599,0,2,8,8,8,8,6,30
2,944,943,1791058380244202,1791058380245533,1331,0,3,8,8,8,9,6,18
2,945,944,1791058380294202,1791058380296170,1968,0,4,9,9,9,9,6,27
2,946,945,1791058380344202,1791058380346026,1824,0,5,9,9,9,8,8,40
2,947,946,1791058380394202,1791058380395835,1633,0,6,7,7,7,7,2,10
2,948,947,1791058380444202,1791058380445651,1449,0,7,11,11,11,12,8,33
2,949,948,1791058380494202,1791058380495718,1516,0,8,6,6,6,5,4,14
2,950,949,1791058380544202,1791058380545814,1612,0,9,12,12,12,12,8,34
2,951,950,1791058380594202,1791058380596037,1835,0,10,10,10,10,10,8,34
2,952,951,1791058380644202,1791058380645708,1506,0,11,12,12,12,13,11,41
2,953,952,1791058380694202,1791058380695471,1269,0,12,10,10,10,8,6,30
2,954,953,1791058380744202,1791058380746030,1828,0,13,10,10,10,9,8,32
2,955,954,1791058380794202,1791058380795936,1734,0,14,11,11,11,9,8,33
2,956,955,1791058380844202,1791058380845631,1429,0,15,16,16,16,16,15,64
2,957,956,1791058380894202,1791058380895572,1370,0,16,13,13,13,13,10,32
2,958,957,1791058380944202,1791058380945787,1585,0,17,11,11,11,11,8,29
2,959,958,1791058380994202,1791058380995886,1684,0,18,7,7,7,7,6,30
2,960,959,1791058381044202,1791058381045718,1516,0,19,10,10,10,9,7,29
2,961,960,1791058381094202,1791058381095477,1275,0,0,7,7,7,6,2,10
2,962,961,1791058381144202,1791058381145586,1384,0,1,13,13,13,13,12,55
2,963,962,1791058381194202,1791058381195719,1517,0,2,8,8,8,7,4,20
2,964,963,1791058381244202,1791058381245607,1405,0,3,8,8,8,9,6,27
2,965,964,1791058381294202,1791058381296286,2084,0,4,9,9,9,9,8,34
2,966,965,1791058381344202,1791058381346327,2125,0,5,9,9,9,9,6,26
2,967,966,1791058381394202,1791058381396069,1867,0,6,7,7,7,7,6,23
2,968,967,1791058381444202,1791058381445748,1546,0,7,11,11,11,11,10,37
2,969,968,1791058381494202,1791058381495663,1461,0,8,6,6,6,6,4,16
2,970,969,1791058381544202,1791058381545380,1178,0,9,12,12,12,11,10,44
2,971,970,1791058381594202,1791058381595754,1552,0,10,10,10,10,9,6,30
2,972,971,1791058381644202,1791058381645674,1472,0,11,12,12,12,12,10,46
2,973,972,1791058381694202,1791058381695794,1592,0,12,10,10,10,9,8,32
2,974,973,1791058381744202,1791058381745822,1620,0,13,10,10,10,9,4,18
2,975,974,1791058381794202,1791058381795912,1710,0,14,11,11,11,11,8,36
2,976,975,1791058381844202,1791058381845699,1497,0,15,16,16,16,16,16,73
2,977,976,1791058381894202,1791058381895907,1705,0,16,13,13,13,11,6,30
2,978,977,1791058381944202,1791058381946005,1803,0,17,11,11,11,11,6,26
2,979,978,1791058381994202,1791058381996147,1945,0,18,7,7,7,7,6,23
2,980,979,1791058382044202,1791058382045665,1463,0,19,10,10,10,9,7,30
2,981,980,1791058382094202,1791058382096299,2097,0,0,7,7,7,7,4,19
2,982,981,1791058382144202,1791058382146188,1986,0,1,13,13,13,13,8,35
2,983,982,1791058382194202,1791058382196056,1854,0,2,8,8,8,8,6,27
2,984,983,1791058382244202,1791058382245722,1520,0,3,8,8,8,6,6,24
2,985,984,1791058382294202,1791058382295372,1170,0,4,9,9,9,9,8,36
2,986,985,1791058382344202,1791058382346253,2051,0,5,9,9,9,9,9,33
2,987,986,1791058382394202,1791058382396111,1909,0,6,7,7,7,6,2,10
2,988,987,1791058382444202,1791058382445567,1365,0,7,11,11,11,11,8,40
2,989,988,1791058382494202,1791058382495429,1227,0,8,6,6,6,5,2,6
2,990,989,1791058382544202,1791058382545466,1264,0,9,12,12,12,11,4,20
2,991,990,1791058382594202,1791058382595553,1351,0,10,10,10,10,9,6,30
2,992,991,1791058382644202,1791058382645671,1469,0,11,12,12,12,13,11,43
2,993,992,1791058382694202,1791058382695737,1535,0,12,10,10,10,10,8,35
2,994,993,1791058382744202,1791058382745852,1650,0,13,10,10,10,6,2,10
2,995,994,1791058382794202,1791058382795625,1423,0,14,11,11,11,10,6,26
2,996,995,1791058382844202,1791058382845518,1316,0,15,16,16,16,15,14,63
2,997,996,1791058382894202,1791058382895370,1168,0,16,13,13,13,12,6,30
2,998,997,1791058382944202,1791058382945409,1207,0,17,11,11,11,9,4,19
2,999,998,1791058382994202,1791058382995622,1420,0,18,7,7,7,6,4,20
2,1000,999,1791058383044202,1791058383045667,1465,0,19,10,10,10,11,11,44
2,1001,1000,1791058383094202,1791058383095429,1227,0,0,7,7,7,7,4,16
2,1002,1001,1791058383144202,1791058383146231,2029,0,1,13,13,13,11,11,49
2,1003,1002,1791058383194202,1791058383196233,2031,0,2,8,8,8,7,6,29
2,1004,1003,1791058383244202,1791058383245669,1467,0,3,8,8,8,8,6,22
2,1005,1004,1791058383294202,1791058383295515,1313,0,4,9,9,9,8,8,34
2,1006,1005,1791058383344202,1791058383345461,1259,0,5,9,9,9,9,5,16
2,1007,1006,1791058383394202,1791058383396290,2088,0,6,7,7,7,6,2,10
2,1008,1007,1791058383444202,1791058383445637,1435,0,7,11,11,11,11,11,50
2,1009,1008,1791058383494202,1791058383495382,1180,0,8,6,6,6,6,2,10
2,1010,1009,1791058383544202,1791058383546123,1921,0,9,12,12,12,12,8,34
2,1011,1010,1791058383594202,1791058383596092,1890,0,10,10,10,10,8,6,30
2,1012,1011,1791058383644202,1791058383645689,1487,0,11,12,12,12,10,10,47
2,1013,1012,1791058383694202,1791058383695682,1480,0,12,10,10,10,9,4,20
2,1014,1013,1791058383744202,1791058383745793,1591,0,13,10,10,10,10,6,27
2,1015,1014,1791058383794202,1791058383795842,1640,0,14,11,11,11,11,7,30
2,1016,1015,1791058383844202,1791058383845657,1455,0,15,16,16,16,17,17,72
2,1017,1016,1791058383894202,1791058383895440,1238,0,16,13,13,13,11,6,30
2,1018,1017,1791058383944202,1791058383945386,1184,0,17,11,11,11,10,7,26
2,1019,1018,1791058383994202,1791058383995649,1447,0,18,7,7,7,7,6,24
2,1020,1019,1791058384044202,1791058384045656,1454,0,19,10,10,10,9,8,34
2,1021,1020,1791058384094202,1791058384095575,1373,0,0,7,7,7,7,4,20
2,1022,1021,1791058384144202,1791058384145406,1204,0,1,13,13,13,9,8,40
2,1023,1022,1791058384194202,1791058384195468,1266,0,2,8,8,8,8,6,28
2,1024,1023,1791058384244202,1791058384245791,1589,0,3,8,8,8,9,8,30
2,1025,1024,1791058384294202,1791058384295472,1270,0,4,9,9,9,8,6,30
2,1026,1025,1791058384344202,1791058384345443,1241,0,5,9,9,9,8,8,33
2,1027,1026,1791058384394202,1791058384395402,1200,0,6,7,7,7,7,4,15
2,1028,1027,1791058384444202,1791058384445672,1470,0,7,11,11,11,10,8,38
2,1029,1028,1791058384494202,1791058384495613,1411,0,8,6,6,6,6,4,14
2,1030,1029,1791058384544202,1791058384545534,1332,0,9,12,12,12,10,4,19
2,1031,1030,1791058384594202,1791058384595682,1480,0,10,10,10,10,9,8,40
2,1032,1031,1791058384644202,1791058384645609,1407,0,11,12,12,12,12,12,46
2,1033,1032,1791058384694202,1791058384696008,1806,0,12,10,10,10,10,8,36
2,1034,1033,1791058384744202,1791058384746068,1866,0,13,10,10,10,9,4,15
2,1035,1034,1791058384794202,1791058384795980,1778,0,14,11,11,11,10,6,29
2,1036,1035,1791058384844202,1791058384845673,1471,0,15,16,16,16,15,14,62
2,1037,1036,1791058384894202,1791058384895700,1498,0,16,13,13,13,13,7,26
2,1038,1037,1791058384944202,1791058384945697,1495,0,17,11,11,11,10,6,20
2,1039,1038,1791058384994202,1791058384996309,2107,0,18,7,7,7,6,4,20
2,1040,1039,1791058385044202,1791058385045651,1449,0,19,10,10,10,9,7,29
2,1041,1040,1791058385094202,1791058385095432,1230,0,0,7,7,7,4,2,10
2,1042,1041,1791058385144202,1791058385145571,1369,0,1,13,13,13,11,10,50
2,1043,1042,1791058385194202,1791058385195811,1609,0,2,8,8,8,7,6,24
2,1044,1043,1791058385244202,1791058385245674,1472,0,3,8,8,8,7,4,20
2,1045,1044,1791058385294202,1791058385295831,1629,0,4,9,9,9,7,4,20
2,1046,1045,1791058385344202,1791058385345992,1790,0,5,9,9,9,9,8,31
2,1047,1046,1791058385394202,1791058385395543,1341,0,6,7,7,7,7,2,10
2,1048,1047,1791058385444202,1791058385445509,1307,0,7,11,11,11,11,9,40
2,1049,1048,1791058385494202,1791058385495750,1548,0,8,6,6,6,6,5,19
2,1050,1049,1791058385544202,1791058385546082,1880,0,9,12,12,12,11,2,8
2,1051,1050,1791058385594202,1791058385596229,2027,0,10,10,10,10,10,9,40
2,1052,1051,1791058385644202,1791058385645599,1397,0,11,12,12,12,9,6,24
2,1053,1052,1791058385694202,1791058385695490,1288,0,12,10,10,10,10,6,28
2,1054,1053,1791058385744202,1791058385746277,2075,0,13,10,10,10,9,8,35
2,1055,1054,1791058385794202,1791058385796095,1893,0,14,11,11,11,10,6,28
2,1056,1055,1791058385844202,1791058385845697,1495,0,15,16,16,16,13,11,45
2,1057,1056,1791058385894202,1791058385895440,1238,0,16,13,13,13,10,8,29
2,1058,1057,1791058385944202,1791058385945724,1522,0,17,11,11,11,7,5,15
2,1059,1058,1791058385994202,1791058385995593,1391,0,18,7,7,7,6,6,24
2,1060,1059,1791058386044202,1791058386045632,1430,0,19,10,10,10,8,2,8
2,1061,1060,1791058386094202,1791058386096296,2094,0,0,7,7,7,7,6,30
2,1062,1061,1791058386144202,1791058386145374,1172,0,1,13,13,13,7,3,5
2,1063,1062,1791058386194202,1791058386195397,1195,0,2,8,8,8,8,8,37
2,1064,1063,1791058386244202,1791058386245526,1324,0,3,8,8,8,6,4,15
2,1065,1064,1791058386294202,1791058386296360,2158,0,4,9,9,9,9,6,23
2,1066,1065,1791058386344202,1791058386346270,2068,0,5,9,9,9,9,6,30
2,1067,1066,1791058386394202,1791058386396216,2014,0,6,7,7,7,7,4,13
2,1068,1067,1791058386444202,1791058386445575,1373,0,7,11,11,11,11,10,45
2,1069,1068,1791058386494202,1791058386495365,1163,0,8,6,6,6,4,4,12
2,1070,1069,1791058386544202,1791058386546345,2143,0,9,12,12,12,9,6,17
2,1071,1070,1791058386594202,1791058386596303,2101,0,10,10,10,10,9,7,30
2,1072,1071,1791058386644202,1791058386645691,1489,0,11,12,12,12,11,7,25
2,1073,1072,1791058386694202,1791058386695435,1233,0,12,10,10,10,9,4,20
2,1074,1073,1791058386744202,1791058386746323,2121,0,13,10,10,10,10,9,34
2,1075,1074,1791058386794202,1791058386796380,2178,0,14,11,11,11,7,5,16
2,1076,1075,1791058386844202,1791058386845479,1277,0,15,16,16,16,12,10,48
2,1077,1076,1791058386894202,1791058386895417,1215,0,16,13,13,13,9,6,26
2,1078,1077,1791058386944202,1791058386945466,1264,0,17,11,11,11,10,4,11
2,1079,1078,1791058386994202,1791058386995417,1215,0,18,7,7,7,6,6,30
2,1080,1079,1791058387044202,1791058387045741,1539,0,19,10,10,10,10,7,14
2,1081,1080,1791058387094202,1791058387095672,1470,0,0,7,7,7,6,2,10
2,1082,1081,1791058387144202,1791058387145502,1300,0,1,13,13,13,11,8,40
2,1083,1082,1791058387194202,1791058387196340,2138,0,2,8,8,8,6,6,21
2,1084,1083,1791058387244202,1791058387245665,1463,0,3,8,8,8,6,4,7
2,1085,1084,1791058387294202,1791058387295460,1258,0,4,9,9,9,9,4,19
2,1086,1085,1791058387344202,1791058387346268,2066,0,5,9,9,9,8,6,30
2,1087,1086,1791058387394202,1791058387395740,1538,0,6,7,7,7,7,4,20
2,1088,1087,1791058387444202,1791058387445684,1482,0,7,11,11,11,10,10,42
2,1089,1088,1791058387494202,1791058387496111,1909,0,8,6,6,6,4,2,6
2,1090,1089,1791058387544202,1791058387545618,1416,0,9,12,12,12,8,0,0
2,1091,1090,1791058387594202,1791058387595751,1549,0,10,10,10,10,9,8,40
2,1092,1091,1791058387644202,1791058387645470,1268,0,11,12,12,12,11,10,45
2,1093,1092,1791058387694202,1791058387696115,1913,0,12,10,10,10,8,8,27
2,1094,1093,1791058387744202,1791058387746210,2008,0,13,10,10,10,8,4,11
2,1095,1094,1791058387794202,1791058387796250,2048,0,14,11,11,11,9,6,30
2,1096,1095,1791058387844202,1791058387845802,1600,0,15,16,16,16,11,9,32
2,1097,1096,1791058387894202,1791058387895727,1525,0,16,13,13,13,9,6,24
2,1098,1097,1791058387944202,1791058387945867,1665,0,17,11,11,11,11,4,20
2,1099,1098,1791058387994202,1791058387995513,1311,0,18,7,7,7,6,4,20
2,1100,1099,1791058388044202,1791058388045656,1454,0,19,10,10,10,10,5,18
2,1101,1100,1791058388094202,1791058388095367,1165,0,0,7,7,7,6,4,14
2,1102,1101,1791058388144202,1791058388145379,1177,0,1,13,13,13,10,8,40
2,1103,1102,1791058388194202,1791058388195841,1639,0,2,8,8,8,8,6,30
2,1104,1103,1791058388244202,1791058388245708,1506,0,3,8,8,8,8,6,21
2,1105,1104,1791058388294202,1791058388295407,1205,0,4,9,9,9,8,6,24
2,1106,1105,1791058388344202,1791058388346292,2090,0,5,9,9,9,8,6,30
2,1107,1106,1791058388394202,1791058388396224,2022,0,6,7,7,7,7,4,15
2,1108,1107,1791058388444202,1791058388445612,1410,0,7,11,11,11,11,8,38
2,1109,1108,1791058388494202,1791058388496153,1951,0,8,6,6,6,4,2,4
2,1110,1109,1791058388544202,1791058388545799,1597,0,9,12,12,12,10,4,20
2,1111,1110,1791058388594202,1791058388595605,1403,0,10,10,10,10,9,8,40
2,1112,1111,1791058388644202,1791058388645628,1426,0,11,12,12,12,10,5,20
2,1113,1112,1791058388694202,1791058388696181,1979,0,12,10,10,10,9,6,21
2,1114,1113,1791058388744202,1791058388746094,1892,0,13,10,10,10,10,10,44
2,1115,1114,1791058388794202,1791058388796181,1979,0,14,11,11,11,7,2,8
2,1116,1115,1791058388844202,1791058388845662,1460,0,15,16,16,16,15,12,52
2,1117,1116,1791058388894202,1791058388895648,1446,0,16,13,13,13,9,4,11
2,1118,1117,1791058388944202,1791058388945788,1586,0,17,11,11,11,10,4,19
2,1119,1118,1791058388994202,1791058388995743,1541,0,18,7,7,7,5,4,19
2,1120,1119,1791058389044202,1791058389045623,1421,0,19,10,10,10,7,6,21
2,1121,1120,1791058389094202,1791058389096032,1830,0,0,7,7,7,6,4,13
2,1122,1121,1791058389144202,1791058389145369,1167,0,1,13,13,13,11,9,33
2,1123,1122,1791058389194202,1791058389196161,1959,0,2,8,8,8,8,6,27
2,1124,1123,1791058389244202,1791058389245699,1497,0,3,8,8,8,6,2,10
2,1125,1124,1791058389294202,1791058389295945,1743,0,4,9,9,9,9,4,20
2,1126,1125,1791058389344202,1791058389346333,2131,0,5,9,9,9,9,6,30
2,1127,1126,1791058389394202,1791058389396345,2143,0,6,7,7,7,7,2,10
2,1128,1127,1791058389444202,1791058389445624,1422,0,7,11,11,11,11,8,40
2,1129,1128,1791058389494202,1791058389495475,1273,0,8,6,6,6,6,4,12
2,1130,1129,1791058389544202,1791058389545382,1180,0,9,12,12,12,11,4,18
2,1131,1130,1791058389594202,1791058389596080,1878,0,10,10,10,10,10,8,40
2,1132,1131,1791058389644202,1791058389645591,1389,0,11,12,12,12,11,8,31
2,1133,1132,1791058389694202,1791058389696362,2160,0,12,10,10,10,8,2,10
2,1134,1133,1791058389744202,1791058389746215,2013,0,13,10,10,10,10,10,46
2,1135,1134,1791058389794202,1791058389795758,1556,0,14,11,11,11,11,10,38
2,1136,1135,1791058389844202,1791058389845780,1578,0,15,16,16,16,14,13,48
2,1137,1136,1791058389894202,1791058389895607,1405,0,16,13,13,13,10,7,16
2,1138,1137,1791058389944202,1791058389945510,1308,0,17,11,11,11,9,2,10
2,1139,1138,1791058389994202,1791058389995558,1356,0,18,7,7,7,5,4,16
2,1140,1139,1791058390044202,1791058390045739,1537,0,19,10,10,10,9,2,10
2,1141,1140,1791058390094202,1791058390095777,1575,0,0,7,7,7,7,6,27
2,1142,1141,1791058390144202,1791058390146020,1818,0,1,13,13,13,10,8,37
2,1143,1142,1791058390194202,1791058390195962,1760,0,2,8,8,8,7,6,22
2,1144,1143,1791058390244202,1791058390245689,1487,0,3,8,8,8,6,4,12
2,1145,1144,1791058390294202,1791058390295517,1315,0,4,9,9,9,9,4,20
2,1146,1145,1791058390344202,1791058390346360,2158,0,5,9,9,9,9,8,38
2,1147,1146,1791058390394202,1791058390395508,1306,0,6,7,7,7,6,4,11
2,1148,1147,1791058390444202,1791058390445654,1452,0,7,11,11,11,9,8,36
2,1149,1148,1791058390494202,1791058390495841,1639,0,8,6,6,6,4,3,6
2,1150,1149,1791058390544202,1791058390545582,1380,0,9,12,12,12,11,4,20
2,1151,1150,1791058390594202,1791058390595975,1773,0,10,10,10,10,9,6,30
2,1152,1151,1791058390644202,1791058390645793,1591,0,11,12,12,12,12,8,31
2,1153,1152,1791058390694202,1791058390695388,1186,0,12,10,10,10,10,8,31
2,1154,1153,1791058390744202,1791058390745532,1330,0,13,10,10,10,8,6,24
2,1155,1154,1791058390794202,1791058390796352,2150,0,14,11,11,11,10,5,20
2,1156,1155,1791058390844202,1791058390845641,1439,0,15,16,16,16,16,16,71
2,1157,1156,1791058390894202,1791058390896350,2148,0,16,13,13,13,10,6,30
2,1158,1157,1791058390944202,1791058390946260,2058,0,17,11,11,11,11,4,17
2,1159,1158,1791058390994202,1791058390996352,2150,0,18,7,7,7,6,6,29
2,1160,1159,1791058391044202,1791058391045677,1475,0,19,10,10,10,8,2,8
2,1161,1160,1791058391094202,1791058391095384,1182,0,0,7,7,7,6,4,14
2,1162,1161,1791058391144202,1791058391146345,2143,0,1,13,13,13,12,10,50
2,1163,1162,1791058391194202,1791058391196240,2038,0,2,8,8,8,8,6,22
2,1164,1163,1791058391244202,1791058391245631,1429,0,3,8,8,8,8,6,21
2,1165,1164,1791058391294202,1791058391295449,1247,0,4,9,9,9,7,4,20
2,1166,1165,1791058391344202,1791058391346257,2055,0,5,9,9,9,9,8,37
2,1167,1166,1791058391394202,1791058391396326,2124,0,6,7,7,7,7,2,8
2,1168,1167,1791058391444202,1791058391445899,1697,0,7,11,11,11,12,8,40
2,1169,1168,1791058391494202,1791058391496066,1864,0,8,6,6,6,5,2,4
2,1170,1169,1791058391544202,1791058391545415,1213,0,9,12,12,12,11,4,20
2,1171,1170,1791058391594202,1791058391595914,1712,0,10,10,10,10,9,8,37
2,1172,1171,1791058391644202,1791058391645608,1406,0,11,12,12,12,10,8,32
2,1173,1172,1791058391694202,1791058391696314,2112,0,12,10,10,10,10,8,35
2,1174,1173,1791058391744202,1791058391745389,1187,0,13,10,10,10,7,6,21
2,1175,1174,1791058391794202,1791058391795377,1175,0,14,11,11,11,8,6,23
2,1176,1175,1791058391844202,1791058391845529,1327,0,15,16,16,16,16,14,68
2,1177,1176,1791058391894202,1791058391896353,2151,0,16,13,13,13,11,6,30
2,1178,1177,1791058391944202,1791058391945439,1237,0,17,11,11,11,10,4,11
2,1179,1178,1791058391994202,1791058391995305,1103,0,18,7,7,7,7,6,30
2,1180,1179,1791058392044202,1791058392045595,1393,0,19,10,10,10,11,8,22
2,1181,1180,1791058392094202,1791058392095480,1278,0,0,7,7,7,7,5,18
2,1182,1181,1791058392144202,1791058392146339,2137,0,1,13,13,13,12,12,55
2,1183,1182,1791058392194202,1791058392196127,1925,0,2,8,8,8,7,4,16
2,1184,1183,1791058392244202,1791058392245605,1403,0,3,8,8,8,8,4,20
2,1185,1184,1791058392294202,1791058392295419,1217,0,4,9,9,9,9,6,22
2,1186,1185,1791058392344202,1791058392346021,1819,0,5,9,9,9,8,6,30
2,1187,1186,1791058392394202,1791058392396187,1985,0,6,7,7,7,6,5,13
2,1188,1187,1791058392444202,1791058392445627,1425,0,7,11,11,11,11,9,35
2,1189,1188,1791058392494202,1791058392496317,2115,0,8,6,6,6,5,4,14
2,1190,1189,1791058392544202,1791058392546366,2164,0,9,12,12,12,12,10,48
2,1191,1190,1791058392594202,1791058392596186,1984,0,10,10,10,10,9,6,23
2,1192,1191,1791058392644202,1791058392645737,1535,0,11,12,12,12,12,8,35
2,1193,1192,1791058392694202,1791058392695714,1512,0,12,10,10,10,9,6,30
2,1194,1193,1791058392744202,1791058392745957,1755,0,13,10,10,10,7,6,21
2,1195,1194,1791058392794202,1791058392795725,1523,0,14,11,11,11,8,6,30
2,1196,1195,1791058392844202,1791058392845653,1451,0,15,16,16,16,16,14,65
2,1197,1196,1791058392894202,1791058392895512,1310,0,16,13,13,13,12,9,34
2,1198,1197,1791058392944202,1791058392945502,1300,0,17,11,11,11,7,4,20
2,1199,1198,1791058392994202,1791058392996363,2161,0,18,7,7,7,6,4,20
2,1200,1199,1791058393044202,1791058393045725,1523,0,19,10,10,10,11,6,24
2,1201,1200,1791058393094202,1791058393096055,1853,0,0,7,7,7,6,4,20
2,1202,1201,1791058393144202,1791058393145836,1634,0,1,13,13,13,13,13,55
2,1203,1202,1791058393194202,1791058393196176,1974,0,2,8,8,8,7,6,20
2,1204,1203,1791058393244202,1791058393245696,1494,0,3,8,8,8,9,9,40
2,1205,1204,1791058393294202,1791058393295553,1351,0,4,9,9,9,8,8,35
2,1206,1205,1791058393344202,1791058393345517,1315,0,5,9,9,9,7,6,22
2,1207,1206,1791058393394202,1791058393395451,1249,0,6,7,7,7,6,3,9
2,1208,1207,1791058393444202,1791058393445646,1444,0,7,11,11,11,12,8,40
2,1209,1208,1791058393494202,1791058393495480,1278,0,8,6,6,6,6,2,10
2,1210,1209,1791058393544202,1791058393546268,2066,0,9,12,12,12,11,4,20
2,1211,1210,1791058393594202,1791058393596211,2009,0,10,10,10,10,10,8,36
2,1212,1211,1791058393644202,1791058393645680,1478,0,11,12,12,12,12,8,31
2,1213,1212,1791058393694202,1791058393695627,1425,0,12,10,10,10,9,6,25
2,1214,1213,1791058393744202,1791058393745878,1676,0,13,10,10,10,9,6,30
2,1215,1214,1791058393794202,1791058393795799,1597,0,14,11,11,11,10,6,23
2,1216,1215,1791058393844202,1791058393845490,1288,0,15,16,16,16,16,16,76
2,1217,1216,1791058393894202,1791058393896186,1984,0,16,13,13,13,12,6,22
2,1218,1217,1791058393944202,1791058393946110,1908,0,17,11,11,11,11,5,20
2,1219,1218,1791058393994202,1791058393996038,1836,0,18,7,7,7,7,6,30
2,1220,1219,1791058394044202,1791058394045486,1284,0,19,10,10,10,9,8,23
2,1221,1220,1791058394094202,1791058394096354,2152,0,0,7,7,7,7,5,20
2,1222,1221,1791058394144202,1791058394145683,1481,0,1,13,13,13,13,10,44
2,1223,1222,1791058394194202,1791058394196255,2053,0,2,8,8,8,8,6,28
2,1224,1223,1791058394244202,1791058394245625,1423,0,3,8,8,8,7,4,20
2,1225,1224,1791058394294202,1791058394296245,2043,0,4,9,9,9,8,4,20
2,1226,1225,1791058394344202,1791058394345813,1611,0,5,9,9,9,9,6,30
2,1227,1226,1791058394394202,1791058394395823,1621,0,6,7,7,7,7,5,16
2,1228,1227,1791058394444202,1791058394445464,1262,0,7,11,11,11,9,8,31
2,1229,1228,1791058394494202,1791058394495425,1223,0,8,6,6,6,4,3,10
2,1230,1229,1791058394544202,1791058394546064,1862,0,9,12,12,12,12,4,14
2,1231,1230,1791058394594202,1791058394596080,1878,0,10,10,10,10,10,8,40
2,1232,1231,1791058394644202,1791058394645564,1362,0,11,12,12,12,11,6,30
2,1233,1232,1791058394694202,1791058394696233,2031,0,12,10,10,10,8,4,16
2,1234,1233,1791058394744202,1791058394746186,1984,0,13,10,10,10,10,10,50
2,1235,1234,1791058394794202,1791058394796069,1867,0,14,11,11,11,9,8,33
2,1236,1235,1791058394844202,1791058394845655,1453,0,15,16,16,16,16,15,61
2,1237,1236,1791058394894202,1791058394895621,1419,0,16,13,13,13,11,6,25
2,1238,1237,1791058394944202,1791058394945508,1306,0,17,11,11,11,10,2,10
2,1239,1238,1791058394994202,1791058394995984,1782,0,18,7,7,7,7,6,24
2,1240,1239,1791058395044202,1791058395045695,1493,0,19,10,10,10,10,8,30
2,1241,1240,1791058395094202,1791058395095673,1471,0,0,7,7,7,7,3,4
2,1242,1241,1791058395144202,1791058395145779,1577,0,1,13,13,13,13,12,55
2,1243,1242,1791058395194202,1791058395195970,1768,0,2,8,8,8,8,6,26
2,1244,1243,1791058395244202,1791058395245683,1481,0,3,8,8,8,6,4,13
2,1245,1244,1791058395294202,1791058395295562,1360,0,4,9,9,9,9,6,30
2,1246,1245,1791058395344202,1791058395345488,1286,0,5,9,9,9,9,8,36
2,1247,1246,1791058395394202,1791058395395900,1698,0,6,7,7,7,7,2,3
2,1248,1247,1791058395444202,1791058395445562,1360,0,7,11,11,11,12,8,40
2,1249,1248,1791058395494202,1791058395496334,2132,0,8,6,6,6,5,2,4
2,1250,1249,1791058395544202,1791058395545713,1511,0,9,12,12,12,12,4,20
2,1251,1250,1791058395594202,1791058395595873,1671,0,10,10,10,10,10,10,45
2,1252,1251,1791058395644202,1791058395645616,1414,0,11,12,12,12,12,11,46
2,1253,1252,1791058395694202,1791058395696328,2126,0,12,10,10,10,8,6,23
2,1254,1253,1791058395744202,1791058395746180,1978,0,13,10,10,10,10,4,11
2,1255,1254,1791058395794202,1791058395795964,1762,0,14,11,11,11,11,8,40
2,1256,1255,1791058395844202,1791058395845604,1402,0,15,16,16,16,16,13,58
2,1257,1256,1791058395894202,1791058395895444,1242,0,16,13,13,13,13,6,30
2,1258,1257,1791058395944202,1791058395945708,1506,0,17,11,11,11,11,4,15
2,1259,1258,1791058395994202,1791058395995948,1746,0,18,7,7,7,7,6,30
2,1260,1259,1791058396044202,1791058396045750,1548,0,19,10,10,10,8,5,19
2,1261,1260,1791058396094202,1791058396095751,1549,0,0,7,7,7,6,2,10
2,1262,1261,1791058396144202,1791058396146150,1948,0,1,13,13,13,13,10,50
2,1263,1262,1791058396194202,1791058396195883,1681,0,2,8,8,8,8,6,30
2,1264,1263,1791058396244202,1791058396245656,1454,0,3,8,8,8,7,6,21
2,1265,1264,1791058396294202,1791058396295470,1268,0,4,9,9,9,8,6,30
2,1266,1265,1791058396344202,1791058396345521,1319,0,5,9,9,9,5,2,10
2,1267,1266,1791058396394202,1791058396395370,1168,0,6,7,7,7,7,2,10
2,1268,1267,1791058396444202,1791058396445576,1374,0,7,11,11,11,12,11,50
2,1269,1268,1791058396494202,1791058396495417,1215,0,8,6,6,6,5,5,12
2,1270,1269,1791058396544202,1791058396545472,1270,0,9,12,12,12,12,7,23
2,1271,1270,1791058396594202,1791058396596325,2123,0,10,10,10,10,9,8,33
2,1272,1271,1791058396644202,1791058396645584,1382,0,11,12,12,12,11,8,40
2,1273,1272,1791058396694202,1791058396695897,1695,0,12,10,10,10,8,8,34
2,1274,1273,1791058396744202,1791058396745546,1344,0,13,10,10,10,10,7,30
2,1275,1274,1791058396794202,1791058396795403,1201,0,14,11,11,11,9,9,40
2,1276,1275,1791058396844202,1791058396845385,1183,0,15,16,16,16,16,11,50
2,1277,1276,1791058396894202,1791058396896335,2133,0,16,13,13,13,11,9,35
2,1278,1277,1791058396944202,1791058396946204,2002,0,17,11,11,11,11,8,34
2,1279,1278,1791058396994202,1791058396995941,1739,0,18,7,7,7,7,2,10
2,1280,1279,1791058397044202,1791058397045655,1453,0,19,10,10,10,9,4,20
2,1281,1280,1791058397094202,1791058397095496,1294,0,0,7,7,7,6,2,10
2,1282,1281,1791058397144202,1791058397145499,1297,0,1,13,13,13,13,10,50
2,1283,1282,1791058397194202,1791058397195363,1161,0,2,8,8,8,8,6,30
2,1284,1283,1791058397244202,1791058397245615,1413,0,3,8,8,8,7,5,20
2,1285,1284,1791058397294202,1791058397295579,1377,0,4,9,9,9,8,8,31
2,1286,1285,1791058397344202,1791058397345522,1320,0,5,9,9,9,9,6,28
2,1287,1286,1791058397394202,1791058397395477,1275,0,6,7,7,7,6,4,20
2,1288,1287,1791058397444202,1791058397445495,1293,0,7,11,11,11,12,9,36
2,1289,1288,1791058397494202,1791058397496146,1944,0,8,6,6,6,4,0,0
2,1290,1289,1791058397544202,1791058397545990,1788,0,9,12,12,12,12,4,20
2,1291,1290,1791058397594202,1791058397595863,1661,0,10,10,10,10,10,10,45
2,1292,1291,1791058397644202,1791058397645619,1417,0,11,12,12,12,11,11,48
2,1293,1292,1791058397694202,1791058397696363,2161,0,12,10,10,10,10,6,24
2,1294,1293,1791058397744202,1791058397745505,1303,0,13,10,10,10,8,6,22
2,1295,1294,1791058397794202,1791058397795421,1219,0,14,11,11,11,10,6,30
2,1296,1295,1791058397844202,1791058397845531,1329,0,15,16,16,16,16,14,65
2,1297,1296,1791058397894202,1791058397895410,1208,0,16,13,13,13,13,6,30
2,1298,1297,1791058397944202,1791058397946354,2152,0,17,11,11,11,10,7,26
2,1299,1298,1791058397994202,1791058397996293,2091,0,18,7,7,7,7,6,30
2,1300,1299,1791058398044202,1791058398045508,1306,0,19,10,10,10,10,9,33
2,1301,1300,1791058398094202,1791058398096220,2018,0,0,7,7,7,6,4,14
2,1302,1301,1791058398144202,1791058398146237,2035,0,1,13,13,13,12,10,44
2,1303,1302,1791058398194202,1791058398196341,2139,0,2,8,8,8,8,6,30
2,1304,1303,1791058398244202,1791058398245610,1408,0,3,8,8,8,8,4,20
2,1305,1304,1791058398294202,1791058398295740,1538,0,4,9,9,9,7,6,28
2,1306,1305,1791058398344202,1791058398345581,1379,0,5,9,9,9,9,6,22
2,1307,1306,1791058398394202,1791058398395560,1358,0,6,7,7,7,7,4,16
2,1308,1307,1791058398444202,1791058398445612,1410,0,7,11,11,11,11,8,40
2,1309,1308,1791058398494202,1791058398495485,1283,0,8,6,6,6,6,3,8
2,1310,1309,1791058398544202,1791058398546228,2026,0,9,12,12,12,12,8,37
2,1311,1310,1791058398594202,1791058398595566,1364,0,10,10,10,10,9,6,30
2,1312,1311,1791058398644202,1791058398645663,1461,0,11,12,12,12,13,10,50
2,1313,1312,1791058398694202,1791058398696311,2109,0,12,10,10,10,9,6,30
2,1314,1313,1791058398744202,1791058398745586,1384,0,13,10,10,10,10,5,20
2,1315,1314,1791058398794202,1791058398795417,1215,0,14,11,11,11,11,6,30
2,1316,1315,1791058398844202,1791058398845611,1409,0,15,16,16,16,16,16,78
2,1317,1316,1791058398894202,1791058398895439,1237,0,16,13,13,13,13,6,30
2,1318,1317,1791058398944202,1791058398946168,1966,0,17,11,11,11,9,6,17
2,1319,1318,1791058398994202,1791058398996314,2112,0,18,7,7,7,7,6,30
2,1320,1319,1791058399044202,1791058399045742,1540,0,19,10,10,10,10,6,27
2,1321,1320,1791058399094202,1791058399095428,1226,0,0,7,7,7,7,4,14
2,1322,1321,1791058399144202,1791058399145430,1228,0,1,13,13,13,13,10,47
2,1323,1322,1791058399194202,1791058399195509,1307,0,2,8,8,8,8,6,30
2,1324,1323,1791058399244202,1791058399245832,1630,0,3,8,8,8,9,9,34
2,1325,1324,1791058399294202,1791058399295488,1286,0,4,9,9,9,9,9,38
2,1326,1325,1791058399344202,1791058399346113,1911,0,5,9,9,9,7,4,20
2,1327,1326,1791058399394202,1791058399396045,1843,0,6,7,7,7,7,4,20
2,1328,1327,1791058399444202,1791058399445657,1455,0,7,11,11,11,11,8,40
2,1329,1328,1791058399494202,1791058399495443,1241,0,8,6,6,6,5,0,0
2,1330,1329,1791058399544202,1791058399546350,2148,0,9,12,12,12,11,6,25
2,1331,1330,1791058399594202,1791058399595400,1198,0,10,10,10,10,10,10,47
2,1332,1331,1791058399644202,1791058399645576,1374,0,11,12,12,12,13,13,59
2,1333,1332,1791058399694202,1791058399695402,1200,0,12,10,10,10,7,6,30
2,1334,1333,1791058399744202,1791058399746286,2084,0,13,10,10,10,9,6,22
2,1335,1334,1791058399794202,1791058399795574,1372,0,14,11,11,11,11,6,30
2,1336,1335,1791058399844202,1791058399845646,1444,0,15,16,16,16,15,15,70
2,1337,1336,1791058399894202,1791058399895900,1698,0,16,13,13,13,12,6,30
2,1338,1337,1791058399944202,1791058399945358,1156,0,17,11,11,11,9,6,25
2,1339,1338,1791058399994202,1791058399996234,2032,0,18,7,7,7,7,6,27
2,1340,1339,1791058400044202,1791058400045525,1323,0,19,10,10,10,10,10,31
2,1341,1340,1791058400094202,1791058400095414,1212,0,0,7,7,7,7,6,24
2,1342,1341,1791058400144202,1791058400146346,2144,0,1,13,13,13,13,10,46
2,1343,1342,1791058400194202,1791058400195518,1316,0,2,8,8,8,8,6,30
2,1344,1343,1791058400244202,1791058400245695,1493,0,3,8,8,8,8,8,37
2,1345,1344,1791058400294202,1791058400295480,1278,0,4,9,9,9,9,8,35
2,1346,1345,1791058400344202,1791058400346062,1860,0,5,9,9,9,8,6,23
2,1347,1346,1791058400394202,1791058400396336,2134,0,6,7,7,7,7,2,10
2,1348,1347,1791058400444202,1791058400445646,1444,0,7,11,11,11,12,9,40
2,1349,1348,1791058400494202,1791058400495987,1785,0,8,6,6,6,6,6,19
2,1350,1349,1791058400544202,1791058400546263,2061,0,9,12,12,12,9,4,11
2,1351,1350,1791058400594202,1791058400596108,1906,0,10,10,10,10,10,8,33
2,1352,1351,1791058400644202,1791058400645608,1406,0,11,12,12,12,12,10,43
2,1353,1352,1791058400694202,1791058400696316,2114,0,12,10,10,10,7,5,18
2,1354,1353,1791058400744202,1791058400746299,2097,0,13,10,10,10,10,10,42
2,1355,1354,1791058400794202,1791058400796261,2059,0,14,11,11,11,8,4,16
2,1356,1355,1791058400844202,1791058400845659,1457,0,15,16,16,16,17,15,64
2,1357,1356,1791058400894202,1791058400895817,1615,0,16,13,13,13,7,4,14
2,1358,1357,1791058400944202,1791058400945700,1498,0,17,11,11,11,11,5,20
2,1359,1358,1791058400994202,1791058400995507,1305,0,18,7,7,7,7,4,20
2,1360,1359,1791058401044202,1791058401045681,1479,0,19,10,10,10,9,4,14
2,1361,1360,1791058401094202,1791058401095580,1378,0,0,7,7,7,6,2,10
2,1362,1361,1791058401144202,1791058401145997,1795,0,1,13,13,13,11,10,50
2,1363,1362,1791058401194202,1791058401195434,1232,0,2,8,8,8,8,6,28
2,1364,1363,1791058401244202,1791058401245682,1480,0,3,8,8,8,8,7,22
2,1365,1364,1791058401294202,1791058401295839,1637,0,4,9,9,9,6,4,20
2,1366,1365,1791058401344202,1791058401345861,1659,0,5,9,9,9,9,6,30
2,1367,1366,1791058401394202,1791058401395979,1777,0,6,7,7,7,7,4,20
2,1368,1367,1791058401444202,1791058401445658,1456,0,7,11,11,11,11,8,34
2,1369,1368,1791058401494202,1791058401495845,1643,0,8,6,6,6,6,2,10
2,1370,1369,1791058401544202,1791058401545872,1670,0,9,12,12,12,12,8,40
2,1371,1370,1791058401594202,1791058401595719,1517,0,10,10,10,10,10,10,50
2,1372,1371,1791058401644202,1791058401645496,1294,0,11,12,12,12,13,9,40
2,1373,1372,1791058401694202,1791058401696109,1907,0,12,10,10,10,9,7,28
2,1374,1373,1791058401744202,1791058401746074,1872,0,13,10,10,10,10,9,40
2,1375,1374,1791058401794202,1791058401796119,1917,0,14,11,11,11,9,9,34
2,1376,1375,1791058401844202,1791058401845634,1432,0,15,16,16,16,15,10,42
2,1377,1376,1791058401894202,1791058401895528,1326,0,16,13,13,13,13,11,40
2,1378,1377,1791058401944202,1791058401945480,1278,0,17,11,11,11,11,4,20
2,1379,1378,1791058401994202,1791058401996327,2125,0,18,7,7,7,7,4,20
2,1380,1379,1791058402044202,1791058402045637,1435,0,19,10,10,10,10,6,21
2,1381,1380,1791058402094202,1791058402095386,1184,0,0,7,7,7,6,4,17
2,1382,1381,1791058402144202,1791058402145427,1225,0,1,13,13,13,12,8,33
2,1383,1382,1791058402194202,1791058402195551,1349,0,2,8,8,8,8,6,23
2,1384,1383,1791058402244202,1791058402245646,1444,0,3,8,8,8,7,4,13
2,1385,1384,1791058402294202,1791058402296274,2072,0,4,9,9,9,9,6,30
2,1386,1385,1791058402344202,1791058402346261,2059,0,5,9,9,9,9,8,38
2,1387,1386,1791058402394202,1791058402396060,1858,0,6,7,7,7,7,2,5
2,1388,1387,1791058402444202,1791058402445583,1381,0,7,11,11,11,12,9,40
2,1389,1388,1791058402494202,1791058402495375,1173,0,8,6,6,6,5,2,10
2,1390,1389,1791058402544202,1791058402545405,1203,0,9,12,12,12,12,8,34
2,1391,1390,1791058402594202,1791058402595338,1136,0,10,10,10,10,10,10,48
2,1392,1391,1791058402644202,1791058402645605,1403,0,11,12,12,12,13,10,43
2,1393,1392,1791058402694202,1791058402696336,2134,0,12,10,10,10,10,9,36
2,1394,1393,1791058402744202,1791058402746297,2095,0,13,10,10,10,8,4,20
2,1395,1394,1791058402794202,1791058402796309,2107,0,14,11,11,11,11,6,28
2,1396,1395,1791058402844202,1791058402845640,1438,0,15,16,16,16,16,16,68
2,1397,1396,1791058402894202,1791058402896305,2103,0,16,13,13,13,12,8,33
2,1398,1397,1791058402944202,1791058402946119,1917,0,17,11,11,11,9,7,24
2,1399,1398,1791058402994202,1791058402996047,1845,0,18,7,7,7,6,4,20
2,1400,1399,1791058403044202,1791058403045639,1437,0,19,10,10,10,8,7,25
2,1401,1400,1791058403094202,1791058403095391,1189,0,0,7,7,7,6,4,19
2,1402,1401,1791058403144202,1791058403146039,1837,0,1,13,13,13,12,8,40
2,1403,1402,1791058403194202,1791058403195837,1635,0,2,8,8,8,8,6,30
2,1404,1403,1791058403244202,1791058403245627,1425,0,3,8,8,8,8,7,24
2,1405,1404,1791058403294202,1791058403295470,1268,0,4,9,9,9,9,7,28
2,1406,1405,1791058403344202,1791058403345612,1410,0,5,9,9,9,7,6,29
2,1407,1406,1791058403394202,1791058403395380,1178,0,6,7,7,7,6,4,11
2,1408,1407,1791058403444202,1791058403445592,1390,0,7,11,11,11,11,8,38
2,1409,1408,1791058403494202,1791058403495470,1268,0,8,6,6,6,5,2,4
2,1410,1409,1791058403544202,1791058403546340,2138,0,9,12,12,12,12,8,34
2,1411,1410,1791058403594202,1791058403595402,1200,0,10,10,10,10,10,10,50
2,1412,1411,1791058403644202,1791058403645563,1361,0,11,12,12,12,12,10,36
2,1413,1412,1791058403694202,1791058403696269,2067,0,12,10,10,10,8,7,27
2,1414,1413,1791058403744202,1791058403746295,2093,0,13,10,10,10,10,10,50
2,1415,1414,1791058403794202,1791058403795399,1197,0,14,11,11,11,11,10,46
2,1416,1415,1791058403844202,1791058403845648,1446,0,15,16,16,16,16,12,52
2,1417,1416,1791058403894202,1791058403896293,2091,0,16,13,13,13,8,7,30
2,1418,1417,1791058403944202,1791058403946186,1984,0,17,11,11,11,9,7,30
2,1419,1418,1791058403994202,1791058403996126,1924,0,18,7,7,7,7,4,11
2,1420,1419,1791058404044202,1791058404045551,1349,0,19,10,10,10,11,6,21
2,1421,1420,1791058404094202,1791058404095395,1193,0,0,7,7,7,5,2,10
2,1422,1421,1791058404144202,1791058404145370,1168,0,1,13,13,13,12,10,43
2,1423,1422,1791058404194202,1791058404195718,1516,0,2,8,8,8,8,6,28
2,1424,1423,1791058404244202,1791058404245631,1429,0,3,8,8,8,7,4,14
2,1425,1424,1791058404294202,1791058404295713,1511,0,4,9,9,9,9,6,21
2,1426,1425,1791058404344202,1791058404346302,2100,0,5,9,9,9,8,8,40
2,1427,1426,1791058404394202,1791058404395298,1096,0,6,7,7,7,6,3,5
2,1428,1427,1791058404444202,1791058404445532,1330,0,7,11,11,11,12,9,40
2,1429,1428,1791058404494202,1791058404495777,1575,0,8,6,6,6,5,2,8
2,1430,1429,1791058404544202,1791058404546098,1896,0,9,12,12,12,12,8,34
2,1431,1430,1791058404594202,1791058404595445,1243,0,10,10,10,10,9,8,40
2,1432,1431,1791058404644202,1791058404645458,1256,0,11,12,12,12,11,10,50
2,1433,1432,1791058404694202,1791058404695691,1489,0,12,10,10,10,9,6,24
2,1434,1433,1791058404744202,1791058404745711,1509,0,13,10,10,10,9,6,29
2,1435,1434,1791058404794202,1791058404795485,1283,0,14,11,11,11,10,8,32
2,1436,1435,1791058404844202,1791058404845477,1275,0,15,16,16,16,15,13,60
2,1437,1436,1791058404894202,1791058404896262,2060,0,16,13,13,13,11,8,38
2,1438,1437,1791058404944202,1791058404946026,1824,0,17,11,11,11,10,4,13
2,1439,1438,1791058404994202,1791058404995805,1603,0,18,7,7,7,7,6,28
2,1440,1439,1791058405044202,1791058405045589,1387,0,19,10,10,10,9,4,20
2,1441,1440,1791058405094202,1791058405096174,1972,0,0,7,7,7,6,2,10
2,1442,1441,1791058405144202,1791058405146324,2122,0,1,13,13,13,12,12,56
2,1443,1442,1791058405194202,1791058405195787,1585,0,2,8,8,8,8,7,30
2,1444,1443,1791058405244202,1791058405245721,1519,0,3,8,8,8,8,7,30
2,1445,1444,1791058405294202,1791058405295974,1772,0,4,9,9,9,8,6,28
2,1446,1445,1791058405344202,1791058405345979,1777,0,5,9,9,9,7,6,30
2,1447,1446,1791058405394202,1791058405395862,1660,0,6,7,7,7,7,3,6
2,1448,1447,1791058405444202,1791058405445656,1454,0,7,11,11,11,11,8,35
2,1449,1448,1791058405494202,1791058405495385,1183,0,8,6,6,6,6,4,16
2,1450,1449,1791058405544202,1791058405545583,1381,0,9,12,12,12,12,8,33
2,1451,1450,1791058405594202,1791058405595947,1745,0,10,10,10,10,10,10,50
2,1452,1451,1791058405644202,1791058405645468,1266,0,11,12,12,12,13,10,36
2,1453,1452,1791058405694202,1791058405695491,1289,0,12,10,10,10,7,4,18
2,1454,1453,1791058405744202,1791058405746061,1859,0,13,10,10,10,10,10,45
2,1455,1454,1791058405794202,1791058405796319,2117,0,14,11,11,11,10,9,38
2,1456,1455,1791058405844202,1791058405845565,1363,0,15,16,16,16,16,11,44
2,1457,1456,1791058405894202,1791058405895793,1591,0,16,13,13,13,10,10,44
2,1458,1457,1791058405944202,1791058405945891,1689,0,17,11,11,11,11,4,20
2,1459,1458,1791058405994202,1791058405996047,1845,0,18,7,7,7,7,4,13
2,1460,1459,1791058406044202,1791058406045490,1288,0,19,10,10,10,10,5,16
2,1461,1460,1791058406094202,1791058406095459,1257,0,0,7,7,7,7,2,10
2,1462,1461,1791058406144202,1791058406146330,2128,0,1,13,13,13,13,12,53
2,1463,1462,1791058406194202,1791058406195425,1223,0,2,8,8,8,8,6,29
2,1464,1463,1791058406244202,1791058406245667,1465,0,3,8,8,8,7,6,30
2,1465,1464,1791058406294202,1791058406295811,1609,0,4,9,9,9,9,9,37
2,1466,1465,1791058406344202,1791058406345891,1689,0,5,9,9,9,8,5,18
2,1467,1466,1791058406394202,1791058406395356,1154,0,6,7,7,7,6,4,15
2,1468,1467,1791058406444202,1791058406445562,1360,0,7,11,11,11,11,10,37
2,1469,1468,1791058406494202,1791058406495885,1683,0,8,6,6,6,6,6,22
2,1470,1469,1791058406544202,1791058406546231,2029,0,9,12,12,12,11,7,24
2,1471,1470,1791058406594202,1791058406595347,1145,0,10,10,10,10,9,6,30
2,1472,1471,1791058406644202,1791058406645473,1271,0,11,12,12,12,11,8,34
2,1473,1472,1791058406694202,1791058406695377,1175,0,12,10,10,10,9,8,32
2,1474,1473,1791058406744202,1791058406746210,2008,0,13,10,10,10,10,10,45
2,1475,1474,1791058406794202,1791058406796220,2018,0,14,11,11,11,11,6,26
2,1476,1475,1791058406844202,1791058406845666,1464,0,15,16,16,16,14,10,46
2,1477,1476,1791058406894202,1791058406895649,1447,0,16,13,13,13,12,6,30
2,1478,1477,1791058406944202,1791058406945991,1789,0,17,11,11,11,9,4,15
2,1479,1478,1791058406994202,1791058406996366,2164,0,18,7,7,7,7,6,22
2,1480,1479,1791058407044202,1791058407045792,1590,0,19,10,10,10,10,8,30
2,1481,1480,1791058407094202,1791058407095955,1753,0,0,7,7,7,7,6,25
2,1482,1481,1791058407144202,1791058407146077,1875,0,1,13,13,13,12,10,47
2,1483,1482,1791058407194202,1791058407196150,1948,0,2,8,8,8,8,6,28
2,1484,1483,1791058407244202,1791058407245557,1355,0,3,8,8,8,8,5,17
2,1485,1484,1791058407294202,1791058407296188,1986,0,4,9,9,9,8,4,20
2,1486,1485,1791058407344202,1791058407346051,1849,0,5,9,9,9,9,8,40
2,1487,1486,1791058407394202,1791058407396052,1850,0,6,7,7,7,7,4,11
2,1488,1487,1791058407444202,1791058407445674,1472,0,7,11,11,11,10,8,33
2,1489,1488,1791058407494202,1791058407495839,1637,0,8,6,6,6,6,4,13
2,1490,1489,1791058407544202,1791058407545721,1519,0,9,12,12,12,10,8,40
2,1491,1490,1791058407594202,1791058407595849,1647,0,10,10,10,10,10,8,32
2,1492,1491,1791058407644202,1791058407645694,1492,0,11,12,12,12,13,13,51
2,1493,1492,1791058407694202,1791058407695460,1258,0,12,10,10,10,10,8,33
2,1494,1493,1791058407744202,1791058407745399,1197,0,13,10,10,10,7,5,15
2,1495,1494,1791058407794202,1791058407795580,1378,0,14,11,11,11,11,6,30
2,1496,1495,1791058407844202,1791058407845710,1508,0,15,16,16,16,16,15,70
2,1497,1496,1791058407894202,1791058407895515,1313,0,16,13,13,13,10,6,30
2,1498,1497,1791058407944202,1791058407945425,1223,0,17,11,11,11,11,10,41
2,1499,1498,1791058407994202,1791058407995364,1162,0,18,7,7,7,7,6,29
2,1500,1499,1791058408044202,1791058408045727,1525,0,19,10,10,10,10,9,35
2,1501,1500,1791058408094202,1791058408095678,1476,0,0,7,7,7,6,4,20
2,1502,1501,1791058408144202,1791058408146269,2067,0,1,13,13,13,12,10,45
2,1503,1502,1791058408194202,1791058408196283,2081,0,2,8,8,8,8,6,23
2,1504,1503,1791058408244202,1791058408245722,1520,0,3,8,8,8,7,4,20
2,1505,1504,1791058408294202,1791058408295421,1219,0,4,9,9,9,9,8,31
2,1506,1505,1791058408344202,1791058408345424,1222,0,5,9,9,9,9,6,22
2,1507,1506,1791058408394202,1791058408395685,1483,0,6,7,7,7,5,4,20
2,1508,1507,1791058408444202,1791058408445654,1452,0,7,11,11,11,9,9,34
2,1509,1508,1791058408494202,1791058408496314,2112,0,8,6,6,6,5,2,9
2,1510,1509,1791058408544202,1791058408546268,2066,0,9,12,12,12,12,8,40
2,1511,1510,1791058408594202,1791058408596366,2164,0,10,10,10,10,10,8,39
2,1512,1511,1791058408644202,1791058408645641,1439,0,11,12,12,12,13,10,50
2,1513,1512,1791058408694202,1791058408695441,1239,0,12,10,10,10,9,6,30
2,1514,1513,1791058408744202,1791058408745438,1236,0,13,10,10,10,10,4,15
2,1515,1514,1791058408794202,1791058408796245,2043,0,14,11,11,11,11,8,36
2,1516,1515,1791058408844202,1791058408845857,1655,0,15,16,16,16,17,17,73
2,1517,1516,1791058408894202,1791058408895995,1793,0,16,13,13,13,11,6,30
2,1518,1517,1791058408944202,1791058408946337,2135,0,17,11,11,11,9,4,17
2,1519,1518,1791058408994202,1791058408995626,1424,0,18,7,7,7,7,6,30
2,1520,1519,1791058409044202,1791058409045674,1472,0,19,10,10,10,9,8,32
2,1521,1520,1791058409094202,1791058409095693,1491,0,0,7,7,7,6,4,14
2,1522,1521,1791058409144202,1791058409146011,1809,0,1,13,13,13,12,8,40
2,1523,1522,1791058409194202,1791058409196262,2060,0,2,8,8,8,8,6,30
2,1524,1523,1791058409244202,1791058409245662,1460,0,3,8,8,8,9,9,37
2,1525,1524,1791058409294202,1791058409296325,2123,0,4,9,9,9,9,8,40
2,1526,1525,1791058409344202,1791058409346234,2032,0,5,9,9,9,7,6,24
2,1527,1526,1791058409394202,1791058409396617,2415,0,6,7,7,7,7,4,15
2,1528,1527,1791058409444202,1791058409445706,1504,0,7,11,11,11,11,9,34
2,1529,1528,1791058409494202,1791058409495834,1632,0,8,6,6,6,5,4,13
2,1530,1529,1791058409544202,1791058409545907,1705,0,9,12,12,12,11,11,49
2,1531,1530,1791058409594202,1791058409596048,1846,0,10,10,10,10,10,8,31
2,1532,1531,1791058409644202,1791058409645711,1509,0,11,12,12,12,13,12,45
2,1533,1532,1791058409694202,1791058409696328,2126,0,12,10,10,10,9,6,30
2,1534,1533,1791058409744202,1791058409746302,2100,0,13,10,10,10,9,2,10
2,1535,1534,1791058409794202,1791058409795360,1158,0,14,11,11,11,11,8,36
2,1536,1535,1791058409844202,1791058409845677,1475,0,15,16,16,16,16,14,70
2,1537,1536,1791058409894202,1791058409895486,1284,0,16,13,13,13,12,8,33
2,1538,1537,1791058409944202,1791058409945428,1226,0,17,11,11,11,8,7,29
2,1539,1538,1791058409994202,1791058409996152,1950,0,18,7,7,7,7,6,30
2,1540,1539,1791058410044202,1791058410045500,1298,0,19,10,10,10,9,5,19
2,1541,1540,1791058410094202,1791058410096240,2038,0,0,7,7,7,6,4,20
2,1542,1541,1791058410144202,1791058410146245,2043,0,1,13,13,13,11,10,50
2,1543,1542,1791058410194202,1791058410196119,1917,0,2,8,8,8,8,6,23
2,1544,1543,1791058410244202,1791058410245766,1564,0,3,8,8,8,8,5,19
2,1545,1544,1791058410294202,1791058410295710,1508,0,4,9,9,9,9,7,30
2,1546,1545,1791058410344202,1791058410345439,1237,0,5,9,9,9,9,6,30
2,1547,1546,1791058410394202,1791058410396278,2076,0,6,7,7,7,7,4,11
2,1548,1547,1791058410444202,1791058410445634,1432,0,7,11,11,11,10,8,40
2,1549,1548,1791058410494202,1791058410495600,1398,0,8,6,6,6,4,0,0
2,1550,1549,1791058410544202,1791058410545711,1509,0,9,12,12,12,12,6,23
2,1551,1550,1791058410594202,1791058410595948,1746,0,10,10,10,10,10,10,42
2,1552,1551,1791058410644202,1791058410645781,1579,0,11,12,12,12,12,11,50
2,1553,1552,1791058410694202,1791058410695693,1491,0,12,10,10,10,9,8,32
2,1554,1553,1791058410744202,1791058410745824,1622,0,13,10,10,10,8,4,20
2,1555,1554,1791058410794202,1791058410795734,1532,0,14,11,11,11,10,6,30
2,1556,1555,1791058410844202,1791058410845637,1435,0,15,16,16,16,16,16,80
2,1557,1556,1791058410894202,1791058410895549,1347,0,16,13,13,13,12,6,30
2,1558,1557,1791058410944202,1791058410946312,2110,0,17,11,11,11,10,9,39
2,1559,1558,1791058410994202,1791058410996168,1966,0,18,7,7,7,7,6,30
2,1560,1559,1791058411044202,1791058411045710,1508,0,19,10,10,10,10,4,15
2,1561,1560,1791058411094202,1791058411095547,1345,0,0,7,7,7,6,2,10
2,1562,1561,1791058411144202,1791058411145412,1210,0,1,13,13,13,11,10,50
2,1563,1562,1791058411194202,1791058411196348,2146,0,2,8,8,8,8,6,30
2,1564,1563,1791058411244202,1791058411245714,1512,0,3,8,8,8,8,8,35
2,1565,1564,1791058411294202,1791058411295396,1194,0,4,9,9,9,9,6,30
2,1566,1565,1791058411344202,1791058411346153,1951,0,5,9,9,9,9,9,33
2,1567,1566,1791058411394202,1791058411395930,1728,0,6,7,7,7,7,2,7
2,1568,1567,1791058411444202,1791058411445881,1679,0,7,11,11,11,12,8,40
2,1569,1568,1791058411494202,1791058411496013,1811,0,8,6,6,6,5,2,5
2,1570,1569,1791058411544202,1791058411545977,1775,0,9,12,12,12,12,8,34
2,1571,1570,1791058411594202,1791058411595780,1578,0,10,10,10,10,9,8,32
2,1572,1571,1791058411644202,1791058411645696,1494,0,11,12,12,12,11,10,50
2,1573,1572,1791058411694202,1791058411696278,2076,0,12,10,10,10,10,6,23
2,1574,1573,1791058411744202,1791058411746254,2052,0,13,10,10,10,8,4,20
2,1575,1574,1791058411794202,1791058411796359,2157,0,14,11,11,11,9,6,30
2,1576,1575,1791058411844202,1791058411845720,1518,0,15,16,16,16,17,14,69
2,1577,1576,1791058411894202,1791058411895549,1347,0,16,13,13,13,10,4,20
2,1578,1577,1791058411944202,1791058411945424,1222,0,17,11,11,11,10,4,20
2,1579,1578,1791058411994202,1791058411995445,1243,0,18,7,7,7,7,6,30
2,1580,1579,1791058412044202,1791058412045716,1514,0,19,10,10,10,10,5,20
2,1581,1580,1791058412094202,1791058412095937,1735,0,0,7,7,7,7,2,10
2,1582,1581,1791058412144202,1791058412146055,1853,0,1,13,13,13,13,12,53
2,1583,1582,1791058412194202,1791058412196133,1931,0,2,8,8,8,7,4,14
2,1584,1583,1791058412244202,1791058412245748,1546,0,3,8,8,8,9,4,20
2,1585,1584,1791058412294202,1791058412295540,1338,0,4,9,9,9,9,6,21
2,1586,1585,1791058412344202,1791058412346344,2142,0,5,9,9,9,9,8,40
2,1587,1586,1791058412394202,1791058412396204,2002,0,6,7,7,7,7,4,15
2,1588,1587,1791058412444202,1791058412445614,1412,0,7,11,11,11,11,10,43
2,1589,1588,1791058412494202,1791058412495390,1188,0,8,6,6,6,4,0,0
2,1590,1589,1791058412544202,1791058412546118,1916,0,9,12,12,12,10,4,20
2,1591,1590,1791058412594202,1791058412595628,1426,0,10,10,10,10,10,10,50
2,1592,1591,1791058412644202,1791058412645495,1293,0,11,12,12,12,13,12,51
2,1593,1592,1791058412694202,1791058412695694,1492,0,12,10,10,10,8,6,26
2,1594,1593,1791058412744202,1791058412745396,1194,0,13,10,10,10,9,4,20
2,1595,1594,1791058412794202,1791058412795741,1539,0,14,11,11,11,10,6,30
2,1596,1595,1791058412844202,1791058412845602,1400,0,15,16,16,16,14,14,61
2,1597,1596,1791058412894202,1791058412895446,1244,0,16,13,13,13,10,6,30
2,1598,1597,1791058412944202,1791058412946329,2127,0,17,11,11,11,11,8,23
2,1599,1598,1791058412994202,1791058412995398,1196,0,18,7,7,7,7,6,30
2,1600,1599,1791058413044202,1791058413045657,1455,0,19,10,10,10,8,2,10
2,1601,1600,1791058413094202,1791058413095439,1237,0,0,7,7,7,4,2,10
2,1602,1601,1791058413144202,1791058413145420,1218,0,1,13,13,13,12,8,40
2,1603,1602,1791058413194202,1791058413196334,2132,0,2,8,8,8,8,6,27
2,1604,1603,1791058413244202,1791058413245575,1373,0,3,8,8,8,9,7,24
2,1605,1604,1791058413294202,1791058413295412,1210,0,4,9,9,9,9,7,25
2,1606,1605,1791058413344202,1791058413345374,1172,0,5,9,9,9,8,6,28
2,1607,1606,1791058413394202,1791058413395395,1193,0,6,7,7,7,6,2,10
2,1608,1607,1791058413444202,1791058413445676,1474,0,7,11,11,11,11,8,35
2,1609,1608,1791058413494202,1791058413495649,1447,0,8,6,6,6,4,0,0
2,1610,1609,1791058413544202,1791058413545990,1788,0,9,12,12,12,12,4,20
2,1611,1610,1791058413594202,1791058413595514,1312,0,10,10,10,10,9,8,40
2,1612,1611,1791058413644202,1791058413645624,1422,0,11,12,12,12,11,10,48
2,1613,1612,1791058413694202,1791058413695497,1295,0,12,10,10,10,8,6,28
2,1614,1613,1791058413744202,1791058413745417,1215,0,13,10,10,10,7,5,18
2,1615,1614,1791058413794202,1791058413795407,1205,0,14,11,11,11,9,6,25
2,1616,1615,1791058413844202,1791058413845788,1586,0,15,16,16,16,15,12,55
2,1617,1616,1791058413894202,1791058413895556,1354,0,16,13,13,13,11,6,30
2,1618,1617,1791058413944202,1791058413946340,2138,0,17,11,11,11,10,4,20
2,1619,1618,1791058413994202,1791058413996165,1963,0,18,7,7,7,7,6,30
2,1620,1619,1791058414044202,1791058414045538,1336,0,19,10,10,10,10,6,23
2,1621,1620,1791058414094202,1791058414096231,2029,0,0,7,7,7,7,4,16
2,1622,1621,1791058414144202,1791058414146149,1947,0,1,13,13,13,13,8,40
2,1623,1622,1791058414194202,1791058414195980,1778,0,2,8,8,8,8,6,26
2,1624,1623,1791058414244202,1791058414245876,1674,0,3,8,8,8,7,2,10
2,1625,1624,1791058414294202,1791058414295506,1304,0,4,9,9,9,8,4,20
2,1626,1625,1791058414344202,1791058414346319,2117,0,5,9,9,9,8,6,30
2,1627,1626,1791058414394202,1791058414396280,2078,0,6,7,7,7,7,2,10
2,1628,1627,1791058414444202,1791058414445542,1340,0,7,11,11,11,11,9,36
2,1629,1628,1791058414494202,1791058414495530,1328,0,8,6,6,6,5,2,9
2,1630,1629,1791058414544202,1791058414545390,1188,0,9,12,12,12,11,6,23
2,1631,1630,1791058414594202,1791058414596344,2142,0,10,10,10,10,10,10,46
2,1632,1631,1791058414644202,1791058414645536,1334,0,11,12,12,12,12,8,40
2,1633,1632,1791058414694202,1791058414696170,1968,0,12,10,10,10,9,6,25
2,1634,1633,1791058414744202,1791058414746057,1855,0,13,10,10,10,9,8,40
2,1635,1634,1791058414794202,1791058414796017,1815,0,14,11,11,11,11,8,38
2,1636,1635,1791058414844202,1791058414845697,1495,0,15,16,16,16,14,10,37
2,1637,1636,1791058414894202,1791058414895912,1710,0,16,13,13,13,10,10,41
2,1638,1637,1791058414944202,1791058414946261,2059,0,17,11,11,11,10,6,21
2,1639,1638,1791058414994202,1791058414995951,1749,0,18,7,7,7,7,2,10
2,1640,1639,1791058415044202,1791058415045784,1582,0,19,10,10,10,10,4,16
2,1641,1640,1791058415094202,1791058415095785,1583,0,0,7,7,7,7,2,10
2,1642,1641,1791058415144202,1791058415146055,1853,0,1,13,13,13,12,10,47
2,1643,1642,1791058415194202,1791058415196249,2047,0,2,8,8,8,8,6,28
2,1644,1643,1791058415244202,1791058415245681,1479,0,3,8,8,8,7,6,27
2,1645,1644,1791058415294202,1791058415295594,1392,0,4,9,9,9,8,6,30
2,1646,1645,1791058415344202,1791058415345510,1308,0,5,9,9,9,9,6,30
2,1647,1646,1791058415394202,1791058415396171,1969,0,6,7,7,7,6,4,18
2,1648,1647,1791058415444202,1791058415445868,1666,0,7,11,11,11,11,8,34
2,1649,1648,1791058415494202,1791058415495931,1729,0,8,6,6,6,4,2,10
2,1650,1649,1791058415544202,1791058415545478,1276,0,9,12,12,12,12,8,40
2,1651,1650,1791058415594202,1791058415595736,1534,0,10,10,10,10,9,8,38
2,1652,1651,1791058415644202,1791058415645712,1510,0,11,12,12,12,12,12,54
2,1653,1652,1791058415694202,1791058415696124,1922,0,12,10,10,10,7,4,20
2,1654,1653,1791058415744202,1791058415745445,1243,0,13,10,10,10,10,6,27
2,1655,1654,1791058415794202,1791058415795525,1323,0,14,11,11,11,10,8,35
2,1656,1655,1791058415844202,1791058415845960,1758,0,15,16,16,16,16,14,70
2,1657,1656,1791058415894202,1791058415896281,2079,0,16,13,13,13,12,6,30
2,1658,1657,1791058415944202,1791058415945978,1776,0,17,11,11,11,11,9,24
2,1659,1658,1791058415994202,1791058415996231,2029,0,18,7,7,7,7,6,27
2,1660,1659,1791058416044202,1791058416045670,1468,0,19,10,10,10,7,4,16
2,1661,1660,1791058416094202,1791058416096062,1860,0,0,7,7,7,6,2,10
2,1662,1661,1791058416144202,1791058416145677,1475,0,1,13,13,13,13,10,50
2,1663,1662,1791058416194202,1791058416196139,1937,0,2,8,8,8,7,4,20
2,1664,1663,1791058416244202,1791058416245690,1488,0,3,8,8,8,9,4,20
2,1665,1664,1791058416294202,1791058416295823,1621,0,4,9,9,9,8,8,35
2,1666,1665,1791058416344202,1791058416346334,2132,0,5,9,9,9,8,6,27
2,1667,1666,1791058416394202,1791058416395609,1407,0,6,7,7,7,7,4,18
2,1668,1667,1791058416444202,1791058416445516,1314,0,7,11,11,11,10,7,30
2,1669,1668,1791058416494202,1791058416495747,1545,0,8,6,6,6,5,2,10
2,1670,1669,1791058416544202,1791058416545468,1266,0,9,12,12,12,12,8,35
2,1671,1670,1791058416594202,1791058416595401,1199,0,10,10,10,10,10,10,45
2,1672,1671,1791058416644202,1791058416645575,1373,0,11,12,12,12,13,10,50
2,1673,1672,1791058416694202,1791058416696321,2119,0,12,10,10,10,8,6,24
2,1674,1673,1791058416744202,1791058416746278,2076,0,13,10,10,10,9,4,15
2,1675,1674,1791058416794202,1791058416796094,1892,0,14,11,11,11,10,6,27
2,1676,1675,1791058416844202,1791058416845695,1493,0,15,16,16,16,14,12,60
2,1677,1676,1791058416894202,1791058416895596,1394,0,16,13,13,13,13,6,30
2,1678,1677,1791058416944202,1791058416945451,1249,0,17,11,11,11,10,6,28
2,1679,1678,1791058416994202,1791058416996204,2002,0,18,7,7,7,7,6,30
2,1680,1679,1791058417044202,1791058417045838,1636,0,19,10,10,10,10,6,25
2,1681,1680,1791058417094202,1791058417095762,1560,0,0,7,7,7,7,2,10
2,1682,1681,1791058417144202,1791058417146013,1811,0,1,13,13,13,11,10,50
2,1683,1682,1791058417194202,1791058417196136,1934,0,2,8,8,8,8,6,30
2,1684,1683,1791058417244202,1791058417245677,1475,0,3,8,8,8,8,8,35
2,1685,1684,1791058417294202,1791058417295650,1448,0,4,9,9,9,9,8,37
2,1686,1685,1791058417344202,1791058417345550,1348,0,5,9,9,9,8,7,27
2,1687,1686,1791058417394202,1791058417395363,1161,0,6,7,7,7,7,3,8
2,1688,1687,1791058417444202,1791058417445741,1539,0,7,11,11,11,12,8,34
2,1689,1688,1791058417494202,1791058417495520,1318,0,8,6,6,6,5,2,7
2,1690,1689,1791058417544202,1791058417545428,1226,0,9,12,12,12,10,4,20
2,1691,1690,1791058417594202,1791058417595818,1616,0,10,10,10,10,8,6,30
2,1692,1691,1791058417644202,1791058417645711,1509,0,11,12,12,12,13,13,55
2,1693,1692,1791058417694202,1791058417695506,1304,0,12,10,10,10,10,6,21
2,1694,1693,1791058417744202,1791058417745404,1202,0,13,10,10,10,8,4,15
2,1695,1694,1791058417794202,1791058417796290,2088,0,14,11,11,11,10,6,28
2,1696,1695,1791058417844202,1791058417845690,1488,0,15,16,16,16,16,16,72
2,1697,1696,1791058417894202,1791058417895548,1346,0,16,13,13,13,12,8,35
2,1698,1697,1791058417944202,1791058417945457,1255,0,17,11,11,11,11,11,47
2,1699,1698,1791058417994202,1791058417996169,1967,0,18,7,7,7,6,4,20
2,1700,1699,1791058418044202,1791058418045582,1380,0,19,10,10,10,11,9,26
2,1701,1700,1791058418094202,1791058418096284,2082,0,0,7,7,7,7,6,28
2,1702,1701,1791058418144202,1791058418145359,1157,0,1,13,13,13,12,8,38
2,1703,1702,1791058418194202,1791058418196258,2056,0,2,8,8,8,8,6,30
2,1704,1703,1791058418244202,1791058418245661,1459,0,3,8,8,8,9,7,27
2,1705,1704,1791058418294202,1791058418295359,1157,0,4,9,9,9,9,8,38
2,1706,1705,1791058418344202,1791058418345469,1267,0,5,9,9,9,9,4,20
2,1707,1706,1791058418394202,1791058418395426,1224,0,6,7,7,7,6,6,22
2,1708,1707,1791058418444202,1791058418445692,1490,0,7,11,11,11,11,8,31
2,1709,1708,1791058418494202,1791058418495455,1253,0,8,6,6,6,5,4,16
2,1710,1709,1791058418544202,1791058418545624,1422,0,9,12,12,12,11,10,44
2,1711,1710,1791058418594202,1791058418595503,1301,0,10,10,10,10,10,6,24
2,1712,1711,1791058418644202,1791058418645837,1635,0,11,12,12,12,13,10,42
2,1713,1712,1791058418694202,1791058418696191,1989,0,12,10,10,10,9,6,30
2,1714,1713,1791058418744202,1791058418745322,1120,0,13,10,10,10,9,7,25
2,1715,1714,1791058418794202,1791058418795496,1294,0,14,11,11,11,11,8,39
2,1716,1715,1791058418844202,1791058418845681,1479,0,15,16,16,16,16,14,70
2,1717,1716,1791058418894202,1791058418895597,1395,0,16,13,13,13,11,7,23
2,1718,1717,1791058418944202,1791058418945673,1471,0,17,11,11,11,10,4,17
2,1719,1718,1791058418994202,1791058418995687,1485,0,18,7,7,7,7,6,29
2,1720,1719,1791058419044202,1791058419045646,1444,0,19,10,10,10,10,8,32
2,1721,1720,1791058419094202,1791058419095390,1188,0,0,7,7,7,7,4,16
2,1722,1721,1791058419144202,1791058419145519,1317,0,1,13,13,13,12,10,49
2,1723,1722,1791058419194202,1791058419195423,1221,0,2,8,8,8,7,4,20
2,1724,1723,1791058419244202,1791058419245635,1433,0,3,8,8,8,8,6,28
2,1725,1724,1791058419294202,1791058419295389,1187,0,4,9,9,9,7,6,30
2,1726,1725,1791058419344202,1791058419346157,1955,0,5,9,9,9,8,6,27
2,1727,1726,1791058419394202,1791058419395825,1623,0,6,7,7,7,7,4,17
2,1728,1727,1791058419444202,1791058419445626,1424,0,7,11,11,11,12,8,40
2,1729,1728,1791058419494202,1791058419495353,1151,0,8,6,6,6,6,4,15
2,1730,1729,1791058419544202,1791058419546005,1803,0,9,12,12,12,12,12,50
2,1731,1730,1791058419594202,1791058419595702,1500,0,10,10,10,10,9,9,40
2,1732,1731,1791058419644202,1791058419645645,1443,0,11,12,12,12,11,10,41
2,1733,1732,1791058419694202,1791058419695345,1143,0,12,10,10,10,9,8,36
2,1734,1733,1791058419744202,1791058419746302,2100,0,13,10,10,10,9,4,18
2,1735,1734,1791058419794202,1791058419795432,1230,0,14,11,11,11,11,8,34
2,1736,1735,1791058419844202,1791058419845667,1465,0,15,16,16,16,16,15,70
2,1737,1736,1791058419894202,1791058419896029,1827,0,16,13,13,13,10,8,38
2,1738,1737,1791058419944202,1791058419946330,2128,0,17,11,11,11,10,8,35
2,1739,1738,1791058419994202,1791058419995566,1364,0,18,7,7,7,7,6,30
2,1740,1739,1791058420044202,1791058420045609,1407,0,19,10,10,10,10,7,28
2,1741,1740,1791058420094202,1791058420095548,1346,0,0,7,7,7,7,4,15
2,1742,1741,1791058420144202,1791058420145935,1733,0,1,13,13,13,12,8,40
2,1743,1742,1791058420194202,1791058420195407,1205,0,2,8,8,8,8,6,30
2,1744,1743,1791058420244202,1791058420245492,1290,0,3,8,8,8,9,6,28
2,1745,1744,1791058420294202,1791058420295627,1425,0,4,9,9,9,9,6,29
2,1746,1745,1791058420344202,1791058420345848,1646,0,5,9,9,9,9,6,30
2,1747,1746,1791058420394202,1791058420395969,1767,0,6,7,7,7,7,4,16
2,1748,1747,1791058420444202,1791058420445757,1555,0,7,11,11,11,12,9,40
2,1749,1748,1791058420494202,1791058420495853,1651,0,8,6,6,6,5,2,10
2,1750,1749,1791058420544202,1791058420545813,1611,0,9,12,12,12,11,8,38
2,1751,1750,1791058420594202,1791058420596319,2117,0,10,10,10,10,9,8,32
2,1752,1751,1791058420644202,1791058420645591,1389,0,11,12,12,12,13,10,50
2,1753,1752,1791058420694202,1791058420695402,1200,0,12,10,10,10,9,6,23
2,1754,1753,1791058420744202,1791058420746240,2038,0,13,10,10,10,10,5,18
2,1755,1754,1791058420794202,1791058420795536,1334,0,14,11,11,11,11,8,36
2,1756,1755,1791058420844202,1791058420845642,1440,0,15,16,16,16,16,16,70
2,1757,1756,1791058420894202,1791058420895460,1258,0,16,13,13,13,12,8,34
2,1758,1757,1791058420944202,1791058420946358,2156,0,17,11,11,11,10,10,42
2,1759,1758,1791058420994202,1791058420995432,1230,0,18,7,7,7,7,6,27
2,1760,1759,1791058421044202,1791058421045647,1445,0,19,10,10,10,8,4,13
2,1761,1760,1791058421094202,1791058421095815,1613,0,0,7,7,7,7,2,10
2,1762,1761,1791058421144202,1791058421145803,1601,0,1,13,13,13,13,10,50
2,1763,1762,1791058421194202,1791058421195826,1624,0,2,8,8,8,8,6,30
2,1764,1763,1791058421244202,1791058421245626,1424,0,3,8,8,8,7,6,29
2,1765,1764,1791058421294202,1791058421296318,2116,0,4,9,9,9,8,8,40
2,1766,1765,1791058421344202,1791058421346320,2118,0,5,9,9,9,9,6,30
2,1767,1766,1791058421394202,1791058421396304,2102,0,6,7,7,7,6,4,17
2,1768,1767,1791058421444202,1791058421445718,1516,0,7,11,11,11,12,8,40
2,1769,1768,1791058421494202,1791058421495801,1599,0,8,6,6,6,5,0,0
2,1770,1769,1791058421544202,1791058421546106,1904,0,9,12,12,12,12,6,23
2,1771,1770,1791058421594202,1791058421596297,2095,0,10,10,10,10,10,10,46
2,1772,1771,1791058421644202,1791058421645670,1468,0,11,12,12,12,11,9,40
2,1773,1772,1791058421694202,1791058421695464,1262,0,12,10,10,10,8,7,29
2,1774,1773,1791058421744202,1791058421745384,1182,0,13,10,10,10,10,10,44
2,1775,1774,1791058421794202,1791058421795369,1167,0,14,11,11,11,10,7,25
2,1776,1775,1791058421844202,1791058421845671,1469,0,15,16,16,16,16,7,27
2,1777,1776,1791058421894202,1791058421895676,1474,0,16,13,13,13,13,10,43
2,1778,1777,1791058421944202,1791058421945980,1778,0,17,11,11,11,11,6,27
2,1779,1778,1791058421994202,1791058421996315,2113,0,18,7,7,7,7,2,10
2,1780,1779,1791058422044202,1791058422045715,1513,0,19,10,10,10,9,4,20
2,1781,1780,1791058422094202,1791058422095818,1616,0,0,7,7,7,6,2,10
2,1782,1781,1791058422144202,1791058422145810,1608,0,1,13,13,13,13,10,50
2,1783,1782,1791058422194202,1791058422196239,2037,0,2,8,8,8,8,6,30
2,1784,1783,1791058422244202,1791058422245618,1416,0,3,8,8,8,8,6,28
2,1785,1784,1791058422294202,1791058422295805,1603,0,4,9,9,9,9,8,40
2,1786,1785,1791058422344202,1791058422345986,1784,0,5,9,9,9,8,8,32
2,1787,1786,1791058422394202,1791058422395396,1194,0,6,7,7,7,7,2,6
2,1788,1787,1791058422444202,1791058422445618,1416,0,7,11,11,11,11,8,34
2,1789,1788,1791058422494202,1791058422495626,1424,0,8,6,6,6,6,4,20
2,1790,1789,1791058422544202,1791058422546340,2138,0,9,12,12,12,11,10,45
2,1791,1790,1791058422594202,1791058422595357,1155,0,10,10,10,10,8,6,30
2,1792,1791,1791058422644202,1791058422645614,1412,0,11,12,12,12,13,10,45
2,1793,1792,1791058422694202,1791058422696048,1846,0,12,10,10,10,10,6,30
2,1794,1793,1791058422744202,1791058422745514,1312,0,13,10,10,10,8,5,20
2,1795,1794,1791058422794202,1791058422795523,1321,0,14,11,11,11,9,6,29
2,1796,1795,1791058422844202,1791058422845645,1443,0,15,16,16,16,16,15,70
2,1797,1796,1791058422894202,1791058422896335,2133,0,16,13,13,13,10,7,27
2,1798,1797,1791058422944202,1791058422946216,2014,0,17,11,11,11,10,9,40
2,1799,1798,1791058422994202,1791058422995969,1767,0,18,7,7,7,7,4,20
2,1800,1799,1791058423044202,1791058423045612,1410,0,19,10,10,10,10,8,33
2,1801,1800,1791058423094202,1791058423095400,1198,0,0,7,7,7,7,4,16
2,1802,1801,1791058423144202,1791058423146295,2093,0,1,13,13,13,12,10,44
2,1803,1802,1791058423194202,1791058423196051,1849,0,2,8,8,8,8,6,30
2,1804,1803,1791058423244202,1791058423245689,1487,0,3,8,8,8,8,6,28
2,1805,1804,1791058423294202,1791058423295529,1327,0,4,9,9,9,8,6,28
2,1806,1805,1791058423344202,1791058423345483,1281,0,5,9,9,9,8,6,27
2,1807,1806,1791058423394202,1791058423395993,1791,0,6,7,7,7,6,3,9
2,1808,1807,1791058423444202,1791058423445690,1488,0,7,11,11,11,12,8,37
2,1809,1808,1791058423494202,1791058423495794,1592,0,8,6,6,6,6,2,10
2,1810,1809,1791058423544202,1791058423545549,1347,0,9,12,12,12,10,4,20
2,1811,1810,1791058423594202,1791058423595362,1160,0,10,10,10,10,10,10,50
2,1812,1811,1791058423644202,1791058423645577,1375,0,11,12,12,12,11,8,40
2,1813,1812,1791058423694202,1791058423696271,2069,0,12,10,10,10,9,7,28
2,1814,1813,1791058423744202,1791058423745965,1763,0,13,10,10,10,10,9,35
2,1815,1814,1791058423794202,1791058423795482,1280,0,14,11,11,11,8,7,29
2,1816,1815,1791058423844202,1791058423845583,1381,0,15,16,16,16,16,12,53
2,1817,1816,1791058423894202,1791058423896310,2108,0,16,13,13,13,12,8,35
2,1818,1817,1791058423944202,1791058423945443,1241,0,17,11,11,11,11,8,28
2,1819,1818,1791058423994202,1791058423996343,2141,0,18,7,7,7,6,4,20
2,1820,1819,1791058424044202,1791058424045662,1460,0,19,10,10,10,10,7,26
2,1821,1820,1791058424094202,1791058424096263,2061,0,0,7,7,7,5,2,10
2,1822,1821,1791058424144202,1791058424146249,2047,0,1,13,13,13,13,12,53
2,1823,1822,1791058424194202,1791058424195556,1354,0,2,8,8,8,8,6,28
2,1824,1823,1791058424244202,1791058424245702,1500,0,3,8,8,8,8,7,27
2,1825,1824,1791058424294202,1791058424295651,1449,0,4,9,9,9,8,8,37
2,1826,1825,1791058424344202,1791058424345391,1189,0,5,9,9,9,8,7,30
2,1827,1826,1791058424394202,1791058424396208,2006,0,6,7,7,7,7,4,17
2,1828,1827,1791058424444202,1791058424445682,1480,0,7,11,11,11,12,9,32
2,1829,1828,1791058424494202,1791058424495501,1299,0,8,6,6,6,6,4,15
2,1830,1829,1791058424544202,1791058424545467,1265,0,9,12,12,12,11,4,20
2,1831,1830,1791058424594202,1791058424596182,1980,0,10,10,10,10,9,8,37
2,1832,1831,1791058424644202,1791058424645576,1374,0,11,12,12,12,11,8,40
2,1833,1832,1791058424694202,1791058424695422,1220,0,12,10,10,10,10,6,30
2,1834,1833,1791058424744202,1791058424745424,1222,0,13,10,10,10,10,7,28
2,1835,1834,1791058424794202,1791058424795603,1401,0,14,11,11,11,10,4,20
2,1836,1835,1791058424844202,1791058424845722,1520,0,15,16,16,16,15,15,70
2,1837,1836,1791058424894202,1791058424896214,2012,0,16,13,13,13,11,8,31
2,1838,1837,1791058424944202,1791058424945462,1260,0,17,11,11,11,10,7,21
2,1839,1838,1791058424994202,1791058424995401,1199,0,18,7,7,7,7,6,30
2,1840,1839,1791058425044202,1791058425045659,1457,0,19,10,10,10,9,6,30
2,1841,1840,1791058425094202,1791058425095470,1268,0,0,7,7,7,7,4,19
2,1842,1841,1791058425144202,1791058425145389,1187,0,1,13,13,13,12,11,49
2,1843,1842,1791058425194202,1791058425196277,2075,0,2,8,8,8,8,6,29
2,1844,1843,1791058425244202,1791058425245706,1504,0,3,8,8,8,8,7,27
2,1845,1844,1791058425294202,1791058425295680,1478,0,4,9,9,9,9,8,34
2,1846,1845,1791058425344202,1791058425346326,2124,0,5,9,9,9,6,4,15
2,1847,1846,1791058425394202,1791058425396100,1898,0,6,7,7,7,6,5,20
2,1848,1847,1791058425444202,1791058425445682,1480,0,7,11,11,11,11,9,37
2,1849,1848,1791058425494202,1791058425495383,1181,0,8,6,6,6,6,5,12
2,1850,1849,1791058425544202,1791058425546263,2061,0,9,12,12,12,12,8,40
2,1851,1850,1791058425594202,1791058425596071,1869,0,10,10,10,10,9,8,32
2,1852,1851,1791058425644202,1791058425645641,1439,0,11,12,12,12,13,11,49
2,1853,1852,1791058425694202,1791058425695524,1322,0,12,10,10,10,9,8,33
2,1854,1853,1791058425744202,1791058425745344,1142,0,13,10,10,10,7,5,18
2,1855,1854,1791058425794202,1791058425796206,2004,0,14,11,11,11,11,8,33
2,1856,1855,1791058425844202,1791058425845656,1454,0,15,16,16,16,15,12,60
2,1857,1856,1791058425894202,1791058425895600,1398,0,16,13,13,13,12,8,31
2,1858,1857,1791058425944202,1791058425945500,1298,0,17,11,11,11,11,4,16
2,1859,1858,1791058425994202,1791058425996212,2010,0,18,7,7,7,7,6,30
2,1860,1859,1791058426044202,1791058426045694,1492,0,19,10,10,10,8,2,10
2,1861,1860,1791058426094202,1791058426095424,1222,0,0,7,7,7,7,4,17
2,1862,1861,1791058426144202,1791058426146314,2112,0,1,13,13,13,12,8,40
2,1863,1862,1791058426194202,1791058426196270,2068,0,2,8,8,8,8,6,30
2,1864,1863,1791058426244202,1791058426245910,1708,0,3,8,8,8,8,6,25
2,1865,1864,1791058426294202,1791058426295960,1758,0,4,9,9,9,8,6,25
2,1866,1865,1791058426344202,1791058426345694,1492,0,5,9,9,9,7,6,27
2,1867,1866,1791058426394202,1791058426395540,1338,0,6,7,7,7,7,4,18
2,1868,1867,1791058426444202,1791058426445624,1422,0,7,11,11,11,10,6,29
2,1869,1868,1791058426494202,1791058426495381,1179,0,8,6,6,6,6,4,11
2,1870,1869,1791058426544202,1791058426546158,1956,0,9,12,12,12,11,6,28
2,1871,1870,1791058426594202,1791058426596067,1865,0,10,10,10,10,10,10,48
2,1872,1871,1791058426644202,1791058426645546,1344,0,11,12,12,12,13,11,49
2,1873,1872,1791058426694202,1791058426696116,1914,0,12,10,10,10,6,4,20
2,1874,1873,1791058426744202,1791058426745862,1660,0,13,10,10,10,9,6,23
2,1875,1874,1791058426794202,1791058426795718,1516,0,14,11,11,11,11,6,30
2,1876,1875,1791058426844202,1791058426845668,1466,0,15,16,16,16,16,15,65
2,1877,1876,1791058426894202,1791058426895814,1612,0,16,13,13,13,13,6,25
2,1878,1877,1791058426944202,1791058426945723,1521,0,17,11,11,11,11,4,19
2,1879,1878,1791058426994202,1791058426996165,1963,0,18,7,7,7,7,6,26
2,1880,1879,1791058427044202,1791058427045829,1627,0,19,10,10,10,9,8,33
2,1881,1880,1791058427094202,1791058427095979,1777,0,0,7,7,7,6,2,10
2,1882,1881,1791058427144202,1791058427146313,2111,0,1,13,13,13,12,10,50
2,1883,1882,1791058427194202,1791058427195616,1414,0,2,8,8,8,7,4,16
2,1884,1883,1791058427244202,1791058427245573,1371,0,3,8,8,8,7,4,14
2,1885,1884,1791058427294202,1791058427295635,1433,0,4,9,9,9,9,6,25
2,1886,1885,1791058427344202,1791058427345502,1300,0,5,9,9,9,9,8,40
2,1887,1886,1791058427394202,1791058427395866,1664,0,6,7,7,7,7,2,5
2,1888,1887,1791058427444202,1791058427445829,1627,0,7,11,11,11,12,8,40
2,1889,1888,1791058427494202,1791058427495946,1744,0,8,6,6,6,6,2,10
2,1890,1889,1791058427544202,1791058427546143,1941,0,9,12,12,12,12,8,34
2,1891,1890,1791058427594202,1791058427595388,1186,0,10,10,10,10,10,10,50
2,1892,1891,1791058427644202,1791058427645645,1443,0,11,12,12,12,12,8,33
2,1893,1892,1791058427694202,1791058427695451,1249,0,12,10,10,10,8,4,20
2,1894,1893,1791058427744202,1791058427745410,1208,0,13,10,10,10,10,10,44
2,1895,1894,1791058427794202,1791058427796212,2010,0,14,11,11,11,8,4,20
2,1896,1895,1791058427844202,1791058427845658,1456,0,15,16,16,16,17,16,64
2,1897,1896,1791058427894202,1791058427895503,1301,0,16,13,13,13,12,7,28
2,1898,1897,1791058427944202,1791058427945413,1211,0,17,11,11,11,11,4,18
2,1899,1898,1791058427994202,1791058427996229,2027,0,18,7,7,7,7,6,30
2,1900,1899,1791058428044202,1791058428045619,1417,0,19,10,10,10,7,2,10
2,1901,1900,1791058428094202,1791058428095357,1155,0,0,7,7,7,6,4,15
2,1902,1901,1791058428144202,1791058428146355,2153,0,1,13,13,13,13,10,50
2,1903,1902,1791058428194202,1791058428196150,1948,0,2,8,8,8,7,4,20
2,1904,1903,1791058428244202,1791058428245746,1544,0,3,8,8,8,7,4,20
2,1905,1904,1791058428294202,1791058428295838,1636,0,4,9,9,9,9,6,26
2,1906,1905,1791058428344202,1791058428346152,1950,0,5,9,9,9,9,8,40
2,1907,1906,1791058428394202,1791058428396167,1965,0,6,7,7,7,7,2,5
2,1908,1907,1791058428444202,1791058428445488,1286,0,7,11,11,11,11,8,40
2,1909,1908,1791058428494202,1791058428495407,1205,0,8,6,6,6,5,4,11
2,1910,1909,1791058428544202,1791058428546153,1951,0,9,12,12,12,12,8,37
2,1911,1910,1791058428594202,1791058428596132,1930,0,10,10,10,10,10,10,46
2,1912,1911,1791058428644202,1791058428645657,1455,0,11,12,12,12,13,8,34
2,1913,1912,1791058428694202,1791058428695374,1172,0,12,10,10,10,8,4,16
2,1914,1913,1791058428744202,1791058428746201,1999,0,13,10,10,10,9,8,40
2,1915,1914,1791058428794202,1791058428796139,1937,0,14,11,11,11,9,6,23
2,1916,1915,1791058428844202,1791058428845685,1483,0,15,16,16,16,13,11,45
2,1917,1916,1791058428894202,1791058428895513,1311,0,16,13,13,13,10,5,17
2,1918,1917,1791058428944202,1791058428945523,1321,0,17,11,11,11,11,4,12
2,1919,1918,1791058428994202,1791058428995797,1595,0,18,7,7,7,6,4,20
2,1920,1919,1791058429044202,1791058429045549,1347,0,19,10,10,10,9,7,28
2,1921,1920,1791058429094202,1791058429095563,1361,0,0,7,7,7,5,2,10
2,1922,1921,1791058429144202,1791058429145933,1731,0,1,13,13,13,13,12,59
2,1923,1922,1791058429194202,1791058429195353,1151,0,2,8,8,8,8,6,22
2,1924,1923,1791058429244202,1791058429245941,1739,0,3,8,8,8,7,4,11
2,1925,1924,1791058429294202,1791058429296015,1813,0,4,9,9,9,9,6,25
2,1926,1925,1791058429344202,1791058429346054,1852,0,5,9,9,9,9,8,40
2,1927,1926,1791058429394202,1791058429396227,2025,0,6,7,7,7,7,4,13
2,1928,1927,1791058429444202,1791058429445517,1315,0,7,11,11,11,9,6,30
2,1929,1928,1791058429494202,1791058429496336,2134,0,8,6,6,6,6,2,7
2,1930,1929,1791058429544202,1791058429546274,2072,0,9,12,12,12,10,4,20
2,1931,1930,1791058429594202,1791058429596190,1988,0,10,10,10,10,9,8,40
2,1932,1931,1791058429644202,1791058429645633,1431,0,11,12,12,12,11,9,34
2,1933,1932,1791058429694202,1791058429696224,2022,0,12,10,10,10,8,6,23
2,1934,1933,1791058429744202,1791058429746053,1851,0,13,10,10,10,9,4,19
2,1935,1934,1791058429794202,1791058429795978,1776,0,14,11,11,11,10,6,30
2,1936,1935,1791058429844202,1791058429845698,1496,0,15,16,16,16,16,14,64
2,1937,1936,1791058429894202,1791058429895562,1360,0,16,13,13,13,12,8,32
2,1938,1937,1791058429944202,1791058429945420,1218,0,17,11,11,11,8,4,16
2,1939,1938,1791058429994202,1791058429995423,1221,0,18,7,7,7,5,4,20
2,1940,1939,1791058430044202,1791058430045701,1499,0,19,10,10,10,8,6,26
2,1941,1940,1791058430094202,1791058430095484,1282,0,0,7,7,7,6,2,10
2,1942,1941,1791058430144202,1791058430146198,1996,0,1,13,13,13,12,12,59
2,1943,1942,1791058430194202,1791058430196352,2150,0,2,8,8,8,8,7,27
2,1944,1943,1791058430244202,1791058430245592,1390,0,3,8,8,8,8,7,30
2,1945,1944,1791058430294202,1791058430295561,1359,0,4,9,9,9,8,8,34
2,1946,1945,1791058430344202,1791058430345691,1489,0,5,9,9,9,7,6,25
2,1947,1946,1791058430394202,1791058430395982,1780,0,6,7,7,7,4,0,0
2,1948,1947,1791058430444202,1791058430445375,1173,0,7,11,11,11,12,9,40
2,1949,1948,1791058430494202,1791058430496254,2052,0,8,6,6,6,6,6,21
2,1950,1949,1791058430544202,1791058430546068,1866,0,9,12,12,12,11,9,37
2,1951,1950,1791058430594202,1791058430595550,1348,0,10,10,10,10,10,9,35
2,1952,1951,1791058430644202,1791058430645637,1435,0,11,12,12,12,11,8,39
2,1953,1952,1791058430694202,1791058430695906,1704,0,12,10,10,10,8,4,14
2,1954,1953,1791058430744202,1791058430746135,1933,0,13,10,10,10,9,8,40
2,1955,1954,1791058430794202,1791058430796334,2132,0,14,11,11,11,10,6,25
2,1956,1955,1791058430844202,1791058430845943,1741,0,15,16,16,16,15,14,52
2,1957,1956,1791058430894202,1791058430895979,1777,0,16,13,13,13,10,6,27
2,1958,1957,1791058430944202,1791058430946042,1840,0,17,11,11,11,10,5,20
2,1959,1958,1791058430994202,1791058430996202,2000,0,18,7,7,7,7,7,30
2,1960,1959,1791058431044202,1791058431045502,1300,0,19,10,10,10,9,4,11
2,1961,1960,1791058431094202,1791058431096156,1954,0,0,7,7,7,7,6,27
2,1962,1961,1791058431144202,1791058431146176,1974,0,1,13,13,13,8,3,10
2,1963,1962,1791058431194202,1791058431196078,1876,0,2,8,8,8,8,6,24
2,1964,1963,1791058431244202,1791058431245602,1400,0,3,8,8,8,6,6,21
2,1965,1964,1791058431294202,1791058431295408,1206,0,4,9,9,9,9,7,24
2,1966,1965,1791058431344202,1791058431345997,1795,0,5,9,9,9,8,8,34
2,1967,1966,1791058431394202,1791058431396012,1810,0,6,7,7,7,5,2,10
2,1968,1967,1791058431444202,1791058431445694,1492,0,7,11,11,11,10,8,40
2,1969,1968,1791058431494202,1791058431496053,1851,0,8,6,6,6,4,2,10
2,1970,1969,1791058431544202,1791058431546214,2012,0,9,12,12,12,10,6,24
2,1971,1970,1791058431594202,1791058431595502,1300,0,10,10,10,10,10,8,38
2,1972,1971,1791058431644202,1791058431645938,1736,0,11,12,12,12,12,11,49
2,1973,1972,1791058431694202,1791058431696123,1921,0,12,10,10,10,7,7,21
2,1974,1973,1791058431744202,1791058431745639,1437,0,13,10,10,10,8,0,0
2,1975,1974,1791058431794202,1791058431795382,1180,0,14,11,11,11,11,6,26
2,1976,1975,1791058431844202,1791058431845609,1407,0,15,16,16,16,15,14,66
2,1977,1976,1791058431894202,1791058431895517,1315,0,16,13,13,13,11,6,26
2,1978,1977,1791058431944202,1791058431945422,1220,0,17,11,11,11,10,2,10
2,1979,1978,1791058431994202,1791058431996189,1987,0,18,7,7,7,6,6,23
2,1980,1979,1791058432044202,1791058432045658,1456,0,19,10,10,10,9,9,29
2,1981,1980,1791058432094202,1791058432095529,1327,0,0,7,7,7,7,6,21
2,1982,1981,1791058432144202,1791058432146060,1858,0,1,13,13,13,10,8,36
2,1983,1982,1791058432194202,1791058432195967,1765,0,2,8,8,8,8,6,23
2,1984,1983,1791058432244202,1791058432245638,1436,0,3,8,8,8,8,4,15
2,1985,1984,1791058432294202,1791058432295736,1534,0,4,9,9,9,9,6,24
2,1986,1985,1791058432344202,1791058432345369,1167,0,5,9,9,9,9,8,40
2,1987,1986,1791058432394202,1791058432396227,2025,0,6,7,7,7,6,3,7
2,1988,1987,1791058432444202,1791058432445606,1404,0,7,11,11,11,11,8,40
2,1989,1988,1791058432494202,1791058432495408,1206,0,8,6,6,6,6,4,14
2,1990,1989,1791058432544202,1791058432546265,2063,0,9,12,12,12,11,8,36
2,1991,1990,1791058432594202,1791058432596296,2094,0,10,10,10,10,8,6,25
2,1992,1991,1791058432644202,1791058432645377,1175,0,11,12,12,12,13,8,39
2,1993,1992,1791058432694202,1791058432695980,1778,0,12,10,10,10,10,8,35
2,1994,1993,1791058432744202,1791058432745444,1242,0,13,10,10,10,9,3,10
2,1995,1994,1791058432794202,1791058432795544,1342,0,14,11,11,11,10,6,30
2,1996,1995,1791058432844202,1791058432845842,1640,0,15,16,16,16,16,13,59
2,1997,1996,1791058432894202,1791058432895980,1778,0,16,13,13,13,13,6,30
2,1998,1997,1791058432944202,1791058432946086,1884,0,17,11,11,11,9,4,13
2,1999,1998,1791058432994202,1791058432995944,1742,0,18,7,7,7,6,6,26
2,2000,1999,1791058433044202,1791058433045613,1411,0,19,10,10,10,10,2,10
2,2001,2000,1791058433094202,1791058433096363,2161,0,0,7,7,7,7,2,10
2,2002,2001,1791058433144202,1791058433146161,1959,0,1,13,13,13,12,10,50
2,2003,2002,1791058433194202,1791058433196324,2122,0,2,8,8,8,8,6,29
2,2004,2003,1791058433244202,1791058433245655,1453,0,3,8,8,8,9,6,21
2,2005,2004,1791058433294202,1791058433295885,1683,0,4,9,9,9,8,4,20
2,2006,2005,1791058433344202,1791058433345966,1764,0,5,9,9,9,9,8,39
2,2007,2006,1791058433394202,1791058433396033,1831,0,6,7,7,7,7,4,15
2,2008,2007,1791058433444202,1791058433445504,1302,0,7,11,11,11,12,8,38
2,2009,2008,1791058433494202,1791058433495594,1392,0,8,6,6,6,4,0,0
2,2010,2009,1791058433544202,1791058433545768,1566,0,9,12,12,12,12,4,20
2,2011,2010,1791058433594202,1791058433596060,1858,0,10,10,10,10,9,8,40
2,2012,2011,1791058433644202,1791058433645640,1438,0,11,12,12,12,11,10,50
2,2013,2012,1791058433694202,1791058433695583,1381,0,12,10,10,10,10,8,37
2,2014,2013,1791058433744202,1791058433746330,2128,0,13,10,10,10,9,6,23
2,2015,2014,1791058433794202,1791058433796324,2122,0,14,11,11,11,10,6,26
2,2016,2015,1791058433844202,1791058433845544,1342,0,15,16,16,16,17,16,74
2,2017,2016,1791058433894202,1791058433895445,1243,0,16,13,13,13,11,7,29
2,2018,2017,1791058433944202,1791058433945586,1384,0,17,11,11,11,11,7,21
2,2019,2018,1791058433994202,1791058433996099,1897,0,18,7,7,7,7,6,30
2,2020,2019,1791058434044202,1791058434045639,1437,0,19,10,10,10,11,7,22
2,2021,2020,1791058434094202,1791058434095526,1324,0,0,7,7,7,5,2,10
2,2022,2021,1791058434144202,1791058434145576,1374,0,1,13,13,13,13,10,50
2,2023,2022,1791058434194202,1791058434195430,1228,0,2,8,8,8,8,6,30
2,2024,2023,1791058434244202,1791058434245649,1447,0,3,8,8,8,8,8,35
2,2025,2024,1791058434294202,1791058434295399,1197,0,4,9,9,9,9,6,30
2,2026,2025,1791058434344202,1791058434346059,1857,0,5,9,9,9,8,4,20
2,2027,2026,1791058434394202,1791058434395938,1736,0,6,7,7,7,7,2,10
2,2028,2027,1791058434444202,1791058434445453,1251,0,7,11,11,11,12,9,38
2,2029,2028,1791058434494202,1791058434496205,2003,0,8,6,6,6,5,4,13
2,2030,2029,1791058434544202,1791058434546027,1825,0,9,12,12,12,11,6,25
2,2031,2030,1791058434594202,1791058434595881,1679,0,10,10,10,10,10,10,45
2,2032,2031,1791058434644202,1791058434645468,1266,0,11,12,12,12,12,10,48
2,2033,2032,1791058434694202,1791058434696028,1826,0,12,10,10,10,9,5,20
2,2034,2033,1791058434744202,1791058434745817,1615,0,13,10,10,10,7,4,20
2,2035,2034,1791058434794202,1791058434795756,1554,0,14,11,11,11,10,6,22
2,2036,2035,1791058434844202,1791058434845642,1440,0,15,16,16,16,15,12,60
2,2037,2036,1791058434894202,1791058434895503,1301,0,16,13,13,13,12,8,32
2,2038,2037,1791058434944202,1791058434945388,1186,0,17,11,11,11,10,6,22
2,2039,2038,1791058434994202,1791058434996163,1961,0,18,7,7,7,6,4,20
2,2040,2039,1791058435044202,1791058435045676,1474,0,19,10,10,10,10,6,23
2,2041,2040,1791058435094202,1791058435095672,1470,0,0,7,7,7,6,6,24
2,2042,2041,1791058435144202,1791058435145770,1568,0,1,13,13,13,11,5,20
2,2043,2042,1791058435194202,1791058435195657,1455,0,2,8,8,8,8,8,34
2,2044,2043,1791058435244202,1791058435245580,1378,0,3,8,8,8,8,8,31
2,2045,2044,1791058435294202,1791058435296270,2068,0,4,9,9,9,9,9,33
2,2046,2045,1791058435344202,1791058435346286,2084,0,5,9,9,9,8,5,19
2,2047,2046,1791058435394202,1791058435396247,2045,0,6,7,7,7,7,4,12
2,2048,2047,1791058435444202,1791058435445493,1291,0,7,11,11,11,11,10,50
2,2049,2048,1791058435494202,1791058435495514,1312,0,8,6,6,6,6,0,0
2,2050,2049,1791058435544202,1791058435545634,1432,0,9,12,12,12,12,4,20
2,2051,2050,1791058435594202,1791058435595940,1738,0,10,10,10,10,10,10,47
2,2052,2051,1791058435644202,1791058435645680,1478,0,11,12,12,12,11,9,33
2,2053,2052,1791058435694202,1791058435695395,1193,0,12,10,10,10,9,6,22
2,2054,2053,1791058435744202,1791058435746287,2085,0,13,10,10,10,9,6,24
2,2055,2054,1791058435794202,1791058435796327,2125,0,14,11,11,11,10,6,23
2,2056,2055,1791058435844202,1791058435845594,1392,0,15,16,16,16,16,12,53
2,2057,2056,1791058435894202,1791058435895745,1543,0,16,13,13,13,11,4,14
2,2058,2057,1791058435944202,1791058435945875,1673,0,17,11,11,11,11,4,17
2,2059,2058,1791058435994202,1791058435995753,1551,0,18,7,7,7,6,6,25
2,2060,2059,1791058436044202,1791058436045663,1461,0,19,10,10,10,7,7,22
2,2061,2060,1791058436094202,1791058436095397,1195,0,0,7,7,7,5,2,10
2,2062,2061,1791058436144202,1791058436146178,1976,0,1,13,13,13,11,10,47
2,2063,2062,1791058436194202,1791058436195368,1166,0,2,8,8,8,7,4,20
2,2064,2063,1791058436244202,1791058436245575,1373,0,3,8,8,8,9,4,20
2,2065,2064,1791058436294202,1791058436295661,1459,0,4,9,9,9,9,6,28
2,2066,2065,1791058436344202,1791058436345918,1716,0,5,9,9,9,9,8,35
2,2067,2066,1791058436394202,1791058436395978,1776,0,6,7,7,7,7,2,9
2,2068,2067,1791058436444202,1791058436445634,1432,0,7,11,11,11,11,8,37
2,2069,2068,1791058436494202,1791058436495519,1317,0,8,6,6,6,6,2,3
2,2070,2069,1791058436544202,1791058436545538,1336,0,9,12,12,12,11,4,20
2,2071,2070,1791058436594202,1791058436595495,1293,0,10,10,10,10,10,10,46
2,2072,2071,1791058436644202,1791058436645565,1363,0,11,12,12,12,13,10,42
2,2073,2072,1791058436694202,1791058436695515,1313,0,12,10,10,10,8,5,15
2,2074,2073,1791058436744202,1791058436745394,1192,0,13,10,10,10,9,8,40
2,2075,2074,1791058436794202,1791058436796130,1928,0,14,11,11,11,11,3,6
2,2076,2075,1791058436844202,1791058436845651,1449,0,15,16,16,16,16,16,80
2,2077,2076,1791058436894202,1791058436895404,1202,0,16,13,13,13,9,4,14
2,2078,2077,1791058436944202,1791058436946312,2110,0,17,11,11,11,10,2,10
2,2079,2078,1791058436994202,1791058436995311,1109,0,18,7,7,7,7,6,30
2,2080,2079,1791058437044202,1791058437045546,1344,0,19,10,10,10,10,2,10
2,2081,2080,1791058437094202,1791058437096204,2002,0,0,7,7,7,7,4,16
2,2082,2081,1791058437144202,1791058437146265,2063,0,1,13,13,13,12,12,52
2,2083,2082,1791058437194202,1791058437195808,1606,0,2,8,8,8,8,7,30
2,2084,2083,1791058437244202,1791058437245773,1571,0,3,8,8,8,8,7,26
2,2085,2084,1791058437294202,1791058437295995,1793,0,4,9,9,9,8,6,30
2,2086,2085,1791058437344202,1791058437345747,1545,0,5,9,9,9,9,8,33
2,2087,2086,1791058437394202,1791058437396038,1836,0,6,7,7,7,6,2,10
2,2088,2087,1791058437444202,1791058437445501,1299,0,7,11,11,11,11,8,40
2,2089,2088,1791058437494202,1791058437496183,1981,0,8,6,6,6,4,2,8
2,2090,2089,1791058437544202,1791058437546193,1991,0,9,12,12,12,12,8,35
2,2091,2090,1791058437594202,1791058437595950,1748,0,10,10,10,10,9,8,35
2,2092,2091,1791058437644202,1791058437645710,1508,0,11,12,12,12,13,11,44
2,2093,2092,1791058437694202,1791058437695425,1223,0,12,10,10,10,10,7,30
2,2094,2093,1791058437744202,1791058437746341,2139,0,13,10,10,10,9,7,29
2,2095,2094,1791058437794202,1791058437795357,1155,0,14,11,11,11,10,6,27
2,2096,2095,1791058437844202,1791058437845680,1478,0,15,16,16,16,17,14,69
2,2097,2096,1791058437894202,1791058437895617,1415,0,16,13,13,13,12,9,34
2,2098,2097,1791058437944202,1791058437945656,1454,0,17,11,11,11,9,6,24
2,2099,2098,1791058437994202,1791058437995754,1552,0,18,7,7,7,7,6,30
2,2100,2099,1791058438044202,1791058438045627,1425,0,19,10,10,10,9,5,14
2,2101,2100,1791058438094202,1791058438095367,1165,0,0,7,7,7,6,2,10
2,2102,2101,1791058438144202,1791058438146054,1852,0,1,13,13,13,13,10,50
2,2103,2102,1791058438194202,1791058438195918,1716,0,2,8,8,8,8,6,30
2,2104,2103,1791058438244202,1791058438245637,1435,0,3,8,8,8,7,4,12
2,2105,2104,1791058438294202,1791058438295394,1192,0,4,9,9,9,9,6,30
2,2106,2105,1791058438344202,1791058438346124,1922,0,5,9,9,9,8,8,35
2,2107,2106,1791058438394202,1791058438395976,1774,0,6,7,7,7,7,2,4
2,2108,2107,1791058438444202,1791058438445516,1314,0,7,11,11,11,12,9,40
2,2109,2108,1791058438494202,1791058438496222,2020,0,8,6,6,6,6,4,20
2,2110,2109,1791058438544202,1791058438545454,1252,0,9,12,12,12,11,8,40
2,2111,2110,1791058438594202,1791058438595762,1560,0,10,10,10,10,10,8,34
2,2112,2111,1791058438644202,1791058438645644,1442,0,11,12,12,12,12,10,47
2,2113,2112,1791058438694202,1791058438695755,1553,0,12,10,10,10,9,5,18
2,2114,2113,1791058438744202,1791058438745455,1253,0,13,10,10,10,10,8,31
2,2115,2114,1791058438794202,1791058438796251,2049,0,14,11,11,11,9,6,24
2,2116,2115,1791058438844202,1791058438845790,1588,0,15,16,16,16,17,15,68
2,2117,2116,1791058438894202,1791058438895513,1311,0,16,13,13,13,12,8,35
2,2118,2117,1791058438944202,1791058438946033,1831,0,17,11,11,11,11,4,20
2,2119,2118,1791058438994202,1791058438996079,1877,0,18,7,7,7,7,6,29
2,2120,2119,1791058439044202,1791058439045606,1404,0,19,10,10,10,7,4,20
2,2121,2120,1791058439094202,1791058439095450,1248,0,0,7,7,7,7,2,10
2,2122,2121,1791058439144202,1791058439146342,2140,0,1,13,13,13,11,10,50
2,2123,2122,1791058439194202,1791058439195800,1598,0,2,8,8,8,8,6,30
2,2124,2123,1791058439244202,1791058439245565,1363,0,3,8,8,8,9,7,23
2,2125,2124,1791058439294202,1791058439295974,1772,0,4,9,9,9,8,8,34
2,2126,2125,1791058439344202,1791058439346140,1938,0,5,9,9,9,8,6,30
2,2127,2126,1791058439394202,1791058439396287,2085,0,6,7,7,7,7,2,10
2,2128,2127,1791058439444202,1791058439445576,1374,0,7,11,11,11,11,8,40
2,2129,2128,1791058439494202,1791058439495642,1440,0,8,6,6,6,4,0,0
2,2130,2129,1791058439544202,1791058439545503,1301,0,9,12,12,12,12,4,20
2,2131,2130,1791058439594202,1791058439595803,1601,0,10,10,10,10,10,8,36
2,2132,2131,1791058439644202,1791058439645486,1284,0,11,12,12,12,11,8,39
2,2133,2132,1791058439694202,1791058439695852,1650,0,12,10,10,10,10,6,30
2,2134,2133,1791058439744202,1791058439746022,1820,0,13,10,10,10,8,4,20
2,2135,2134,1791058439794202,1791058439795572,1370,0,14,11,11,11,10,8,35
2,2136,2135,1791058439844202,1791058439845418,1216,0,15,16,16,16,15,14,61
2,2137,2136,1791058439894202,1791058439895425,1223,0,16,13,13,13,13,9,32
2,2138,2137,1791058439944202,1791058439945579,1377,0,17,11,11,11,9,4,14
2,2139,2138,1791058439994202,1791058439995520,1318,0,18,7,7,7,7,6,24
2,2140,2139,1791058440044202,1791058440045697,1495,0,19,10,10,10,10,9,35
2,2141,2140,1791058440094202,1791058440095439,1237,0,0,7,7,7,6,6,22
2,2142,2141,1791058440144202,1791058440146322,2120,0,1,13,13,13,12,10,44
2,2143,2142,1791058440194202,1791058440195430,1228,0,2,8,8,8,7,4,20
2,2144,2143,1791058440244202,1791058440245704,1502,0,3,8,8,8,6,4,20
2,2145,2144,1791058440294202,1791058440295557,1355,0,4,9,9,9,9,4,20
2,2146,2145,1791058440344202,1791058440345539,1337,0,5,9,9,9,9,8,34
2,2147,2146,1791058440394202,1791058440395395,1193,0,6,7,7,7,7,2,10
2,2148,2147,1791058440444202,1791058440445834,1632,0,7,11,11,11,11,9,37
2,2149,2148,1791058440494202,1791058440495879,1677,0,8,6,6,6,5,2,10
2,2150,2149,1791058440544202,1791058440545592,1390,0,9,12,12,12,12,8,35
2,2151,2150,1791058440594202,1791058440595589,1387,0,10,10,10,10,9,8,34
2,2152,2151,1791058440644202,1791058440645665,1463,0,11,12,12,12,13,12,54
2,2153,2152,1791058440694202,1791058440695504,1302,0,12,10,10,10,9,6,30
2,2154,2153,1791058440744202,1791058440745470,1268,0,13,10,10,10,7,6,25
2,2155,2154,1791058440794202,1791058440795336,1134,0,14,11,11,11,8,6,29
2,2156,2155,1791058440844202,1791058440845580,1378,0,15,16,16,16,17,17,76
2,2157,2156,1791058440894202,1791058440896341,2139,0,16,13,13,13,10,4,18
2,2158,2157,1791058440944202,1791058440946361,2159,0,17,11,11,11,10,4,20
2,2159,2158,1791058440994202,1791058440996192,1990,0,18,7,7,7,7,6,30
2,2160,2159,1791058441044202,1791058441045945,1743,0,19,10,10,10,8,4,20
2,2161,2160,1791058441094202,1791058441095620,1418,0,0,7,7,7,7,2,10
2,2162,2161,1791058441144202,1791058441146187,1985,0,1,13,13,13,12,10,50
2,2163,2162,1791058441194202,1791058441196109,1907,0,2,8,8,8,8,6,25
2,2164,2163,1791058441244202,1791058441245771,1569,0,3,8,8,8,7,4,17
2,2165,2164,1791058441294202,1791058441295735,1533,0,4,9,9,9,8,6,22
2,2166,2165,1791058441344202,1791058441346357,2155,0,5,9,9,9,8,6,30
2,2167,2166,1791058441394202,1791058441395331,1129,0,6,7,7,7,7,4,13
2,2168,2167,1791058441444202,1791058441445640,1438,0,7,11,11,11,12,8,32
2,2169,2168,1791058441494202,1791058441495475,1273,0,8,6,6,6,5,3,8
2,2170,2169,1791058441544202,1791058441546344,2142,0,9,12,12,12,12,8,40
2,2171,2170,1791058441594202,1791058441596232,2030,0,10,10,10,10,9,8,33
2,2172,2171,1791058441644202,1791058441645639,1437,0,11,12,12,12,12,12,51
2,2173,2172,1791058441694202,1791058441695381,1179,0,12,10,10,10,7,4,20
2,2174,2173,1791058441744202,1791058441745416,1214,0,13,10,10,10,10,6,23
2,2175,2174,1791058441794202,1791058441795853,1651,0,14,11,11,11,10,6,26
2,2176,2175,1791058441844202,1791058441845594,1392,0,15,16,16,16,14,12,57
2,2177,2176,1791058441894202,1791058441895388,1186,0,16,13,13,13,12,6,30
2,2178,2177,1791058441944202,1791058441946196,1994,0,17,11,11,11,11,7,25
2,2179,2178,1791058441994202,1791058441996031,1829,0,18,7,7,7,7,6,30
2,2180,2179,1791058442044202,1791058442045782,1580,0,19,10,10,10,8,5,13
2,2181,2180,1791058442094202,1791058442095447,1245,0,0,7,7,7,6,2,10
2,2182,2181,1791058442144202,1791058442145562,1360,0,1,13,13,13,12,10,50
2,2183,2182,1791058442194202,1791058442195526,1324,0,2,8,8,8,8,6,29
2,2184,2183,1791058442244202,1791058442245667,1465,0,3,8,8,8,7,4,14
2,2185,2184,1791058442294202,1791058442295359,1157,0,4,9,9,9,7,6,21
2,2186,2185,1791058442344202,1791058442346102,1900,0,5,9,9,9,9,8,35
2,2187,2186,1791058442394202,1791058442395881,1679,0,6,7,7,7,7,2,5
2,2188,2187,1791058442444202,1791058442445934,1732,0,7,11,11,11,12,9,40
2,2189,2188,1791058442494202,1791058442495671,1469,0,8,6,6,6,3,0,0
2,2190,2189,1791058442544202,1791058442546078,1876,0,9,12,12,12,12,4,20
2,2191,2190,1791058442594202,1791058442595456,1254,0,10,10,10,10,10,10,50
2,2192,2191,1791058442644202,1791058442645685,1483,0,11,12,12,12,12,8,40
2,2193,2192,1791058442694202,1791058442696284,2082,0,12,10,10,10,9,6,23
2,2194,2193,1791058442744202,1791058442745382,1180,0,13,10,10,10,10,10,48
2,2195,2194,1791058442794202,1791058442796317,2115,0,14,11,11,11,10,8,35
2,2196,2195,1791058442844202,1791058442845708,1506,0,15,16,16,16,16,11,41
2,2197,2196,1791058442894202,1791058442895752,1550,0,16,13,13,13,10,10,43
2,2198,2197,1791058442944202,1791058442945765,1563,0,17,11,11,11,11,8,35
2,2199,2198,1791058442994202,1791058442995858,1656,0,18,7,7,7,7,2,10
2,2200,2199,1791058443044202,1791058443045769,1567,0,19,10,10,10,11,4,17
2,2201,2200,1791058443094202,1791058443095724,1522,0,0,7,7,7,7,2,10
2,2202,2201,1791058443144202,1791058443146341,2139,0,1,13,13,13,13,10,50
2,2203,2202,1791058443194202,1791058443195596,1394,0,2,8,8,8,8,6,30
2,2204,2203,1791058443244202,1791058443245649,1447,0,3,8,8,8,7,5,20
2,2205,2204,1791058443294202,1791058443295552,1350,0,4,9,9,9,9,6,24
2,2206,2205,1791058443344202,1791058443345583,1381,0,5,9,9,9,9,7,28
2,2207,2206,1791058443394202,1791058443395609,1407,0,6,7,7,7,5,2,10
2,2208,2207,1791058443444202,1791058443445776,1574,0,7,11,11,11,12,8,38
2,2209,2208,1791058443494202,1791058443496010,1808,0,8,6,6,6,6,2,3
2,2210,2209,1791058443544202,1791058443545933,1731,0,9,12,12,12,12,8,34
2,2211,2210,1791058443594202,1791058443595739,1537,0,10,10,10,10,10,9,40
2,2212,2211,1791058443644202,1791058443645750,1548,0,11,12,12,12,13,12,51
2,2213,2212,1791058443694202,1791058443695720,1518,0,12,10,10,10,8,6,24
2,2214,2213,1791058443744202,1791058443745551,1349,0,13,10,10,10,9,4,14
2,2215,2214,1791058443794202,1791058443795480,1278,0,14,11,11,11,11,8,34
2,2216,2215,1791058443844202,1791058443845614,1412,0,15,16,16,16,15,14,70
2,2217,2216,1791058443894202,1791058443895368,1166,0,16,13,13,13,13,8,31
2,2218,2217,1791058443944202,1791058443945840,1638,0,17,11,11,11,10,4,20
2,2219,2218,1791058443994202,1791058443995413,1211,0,18,7,7,7,7,6,30
2,2220,2219,1791058444044202,1791058444045795,1593,0,19,10,10,10,10,6,18
2,2221,2220,1791058444094202,1791058444095846,1644,0,0,7,7,7,7,4,13
2,2222,2221,1791058444144202,1791058444145669,1467,0,1,13,13,13,12,8,40
2,2223,2222,1791058444194202,1791058444195580,1378,0,2,8,8,8,8,6,26
2,2224,2223,1791058444244202,1791058444245643,1441,0,3,8,8,8,9,6,30
2,2225,2224,1791058444294202,1791058444296203,2001,0,4,9,9,9,8,8,37
2,2226,2225,1791058444344202,1791058444345889,1687,0,5,9,9,9,8,6,30
2,2227,2226,1791058444394202,1791058444395480,1278,0,6,7,7,7,7,2,10
2,2228,2227,1791058444444202,1791058444445663,1461,0,7,11,11,11,11,8,37
2,2229,2228,1791058444494202,1791058444495731,1529,0,8,6,6,6,6,2,10
2,2230,2229,1791058444544202,1791058444545559,1357,0,9,12,12,12,11,8,40
2,2231,2230,1791058444594202,1791058444596287,2085,0,10,10,10,10,9,8,34
2,2232,2231,1791058444644202,1791058444645625,1423,0,11,12,12,12,11,10,49
2,2233,2232,1791058444694202,1791058444695435,1233,0,12,10,10,10,7,4,20
2,2234,2233,1791058444744202,1791058444745592,1390,0,13,10,10,10,8,4,20
2,2235,2234,1791058444794202,1791058444795385,1183,0,14,11,11,11,11,6,30
2,2236,2235,1791058444844202,1791058444845714,1512,0,15,16,16,16,16,16,78
2,2237,2236,1791058444894202,1791058444895708,1506,0,16,13,13,13,13,8,35
2,2238,2237,1791058444944202,1791058444945786,1584,0,17,11,11,11,11,9,35
2,2239,2238,1791058444994202,1791058444995739,1537,0,18,7,7,7,7,6,30
2,2240,2239,1791058445044202,1791058445045467,1265,0,19,10,10,10,11,6,27
2,2241,2240,1791058445094202,1791058445096223,2021,0,0,7,7,7,7,4,20
2,2242,2241,1791058445144202,1791058445146081,1879,0,1,13,13,13,13,10,50
2,2243,2242,1791058445194202,1791058445196192,1990,0,2,8,8,8,8,6,28
2,2244,2243,1791058445244202,1791058445245612,1410,0,3,8,8,8,9,8,27
2,2245,2244,1791058445294202,1791058445296274,2072,0,4,9,9,9,9,9,40
2,2246,2245,1791058445344202,1791058445346193,1991,0,5,9,9,9,8,6,26
2,2247,2246,1791058445394202,1791058445396085,1883,0,6,7,7,7,6,2,10
2,2248,2247,1791058445444202,1791058445445721,1519,0,7,11,11,11,11,8,40
2,2249,2248,1791058445494202,1791058445495842,1640,0,8,6,6,6,4,0,0
2,2250,2249,1791058445544202,1791058445546205,2003,0,9,12,12,12,11,4,20
2,2251,2250,1791058445594202,1791058445596213,2011,0,10,10,10,10,10,10,48
2,2252,2251,1791058445644202,1791058445645638,1436,0,11,12,12,12,12,8,40
2,2253,2252,1791058445694202,1791058445695498,1296,0,12,10,10,10,8,6,30
2,2254,2253,1791058445744202,1791058445745369,1167,0,13,10,10,10,9,4,20
2,2255,2254,1791058445794202,1791058445796022,1820,0,14,11,11,11,10,6,30
2,2256,2255,1791058445844202,1791058445845507,1305,0,15,16,16,16,17,15,66
2,2257,2256,1791058445894202,1791058445896312,2110,0,16,13,13,13,12,6,30
2,2258,2257,1791058445944202,1791058445945385,1183,0,17,11,11,11,9,7,28
2,2259,2258,1791058445994202,1791058445995473,1271,0,18,7,7,7,7,6,30
2,2260,2259,1791058446044202,1791058446045678,1476,0,19,10,10,10,8,6,27
2,2261,2260,1791058446094202,1791058446095508,1306,0,0,7,7,7,7,4,17
2,2262,2261,1791058446144202,1791058446145471,1269,0,1,13,13,13,13,12,55
2,2263,2262,1791058446194202,1791058446195454,1252,0,2,8,8,8,8,6,30
2,2264,2263,1791058446244202,1791058446245614,1412,0,3,8,8,8,9,7,24
2,2265,2264,1791058446294202,1791058446295495,1293,0,4,9,9,9,8,6,26
2,2266,2265,1791058446344202,1791058446345868,1666,0,5,9,9,9,8,6,27
2,2267,2266,1791058446394202,1791058446395459,1257,0,6,7,7,7,7,4,15
2,2268,2267,1791058446444202,1791058446445689,1487,0,7,11,11,11,10,8,40
2,2269,2268,1791058446494202,1791058446495457,1255,0,8,6,6,6,5,0,0
2,2270,2269,1791058446544202,1791058446545883,1681,0,9,12,12,12,12,6,27
2,2271,2270,1791058446594202,1791058446595936,1734,0,10,10,10,10,10,10,42
2,2272,2271,1791058446644202,1791058446645710,1508,0,11,12,12,12,11,10,47
2,2273,2272,1791058446694202,1791058446695720,1518,0,12,10,10,10,7,6,25
2,2274,2273,1791058446744202,1791058446745775,1573,0,13,10,10,10,7,6,26
2,2275,2274,1791058446794202,1791058446796194,1992,0,14,11,11,11,10,8,40
2,2276,2275,1791058446844202,1791058446845675,1473,0,15,16,16,16,16,14,61
2,2277,2276,1791058446894202,1791058446895966,1764,0,16,13,13,13,13,8,33
2,2278,2277,1791058446944202,1791058446946080,1878,0,17,11,11,11,11,8,32
2,2279,2278,1791058446994202,1791058446996266,2064,0,18,7,7,7,7,6,30
2,2280,2279,1791058447044202,1791058447045775,1573,0,19,10,10,10,9,4,20
2,2281,2280,1791058447094202,1791058447095742,1540,0,0,7,7,7,6,2,10
2,2282,2281,1791058447144202,1791058447145443,1241,0,1,13,13,13,12,10,50
2,2283,2282,1791058447194202,1791058447196041,1839,0,2,8,8,8,8,6,22
2,2284,2283,1791058447244202,1791058447245685,1483,0,3,8,8,8,8,4,18
2,2285,2284,1791058447294202,1791058447295584,1382,0,4,9,9,9,9,4,20
2,2286,2285,1791058447344202,1791058447345452,1250,0,5,9,9,9,9,8,40
2,2287,2286,1791058447394202,1791058447395437,1235,0,6,7,7,7,7,2,5
2,2288,2287,1791058447444202,1791058447445609,1407,0,7,11,11,11,12,8,33
2,2289,2288,1791058447494202,1791058447495648,1446,0,8,6,6,6,5,4,18
2,2290,2289,1791058447544202,1791058447545850,1648,0,9,12,12,12,10,8,37
2,2291,2290,1791058447594202,1791058447596093,1891,0,10,10,10,10,8,6,24
2,2292,2291,1791058447644202,1791058447645487,1285,0,11,12,12,12,12,12,54
2,2293,2292,1791058447694202,1791058447695532,1330,0,12,10,10,10,8,4,20
2,2294,2293,1791058447744202,1791058447745544,1342,0,13,10,10,10,10,6,23
2,2295,2294,1791058447794202,1791058447795892,1690,0,14,11,11,11,11,8,35
2,2296,2295,1791058447844202,1791058447845620,1418,0,15,16,16,16,16,14,65
2,2297,2296,1791058447894202,1791058447895904,1702,0,16,13,13,13,13,6,23
2,2298,2297,1791058447944202,1791058447945992,1790,0,17,11,11,11,10,7,29
2,2299,2298,1791058447994202,1791058447996208,2006,0,18,7,7,7,7,6,30
2,2300,2299,1791058448044202,1791058448046274,2072,0,19,10,10,10,9,4,11
2,2301,2300,1791058448094202,1791058448095632,1430,0,0,7,7,7,6,4,14
2,2302,2301,1791058448144202,1791058448146051,1849,0,1,13,13,13,12,8,40
2,2303,2302,1791058448194202,1791058448195454,1252,0,2,8,8,8,8,6,30
2,2304,2303,1791058448244202,1791058448245723,1521,0,3,8,8,8,7,6,22
2,2305,2304,1791058448294202,1791058448295557,1355,0,4,9,9,9,8,8,37
2,2306,2305,1791058448344202,1791058448346328,2126,0,5,9,9,9,8,6,23
2,2307,2306,1791058448394202,1791058448395462,1260,0,6,7,7,7,7,4,14
2,2308,2307,1791058448444202,1791058448445415,1213,0,7,11,11,11,11,7,30
2,2309,2308,1791058448494202,1791058448496105,1903,0,8,6,6,6,5,2,10
2,2310,2309,1791058448544202,1791058448545882,1680,0,9,12,12,12,12,8,40
2,2311,2310,1791058448594202,1791058448595332,1130,0,10,10,10,10,10,9,40
2,2312,2311,1791058448644202,1791058448645770,1568,0,11,12,12,12,13,12,53
2,2313,2312,1791058448694202,1791058448695832,1630,0,12,10,10,10,10,6,30
2,2314,2313,1791058448744202,1791058448745992,1790,0,13,10,10,10,7,2,10
2,2315,2314,1791058448794202,1791058448795936,1734,0,14,11,11,11,11,8,34
2,2316,2315,1791058448844202,1791058448845610,1408,0,15,16,16,16,15,15,69
2,2317,2316,1791058448894202,1791058448895602,1400,0,16,13,13,13,13,6,30
2,2318,2317,1791058448944202,1791058448945766,1564,0,17,11,11,11,11,6,23
2,2319,2318,1791058448994202,1791058448995515,1313,0,18,7,7,7,7,6,22
2,2320,2319,1791058449044202,1791058449045490,1288,0,19,10,10,10,10,9,34
2,2321,2320,1791058449094202,1791058449096237,2035,0,0,7,7,7,7,6,27
2,2322,2321,1791058449144202,1791058449146081,1879,0,1,13,13,13,12,8,35
2,2323,2322,1791058449194202,1791058449195861,1659,0,2,8,8,8,8,6,27
2,2324,2323,1791058449244202,1791058449245664,1462,0,3,8,8,8,9,9,36
2,2325,2324,1791058449294202,1791058449295572,1370,0,4,9,9,9,9,8,40
2,2326,2325,1791058449344202,1791058449345669,1467,0,5,9,9,9,8,6,23
2,2327,2326,1791058449394202,1791058449395715,1513,0,6,7,7,7,6,4,15
2,2328,2327,1791058449444202,1791058449445861,1659,0,7,11,11,11,12,6,27
2,2329,2328,1791058449494202,1791058449495802,1600,0,8,6,6,6,6,4,16
2,2330,2329,1791058449544202,1791058449545858,1656,0,9,12,12,12,10,10,46
2,2331,2330,1791058449594202,1791058449595556,1354,0,10,10,10,10,7,4,16
2,2332,2331,1791058449644202,1791058449645517,1315,0,11,12,12,12,12,8,40
2,2333,2332,1791058449694202,1791058449695546,1344,0,12,10,10,10,10,6,29
2,2334,2333,1791058449744202,1791058449745818,1616,0,13,10,10,10,9,8,32
2,2335,2334,1791058449794202,1791058449795908,1706,0,14,11,11,11,10,6,28
2,2336,2335,1791058449844202,1791058449845835,1633,0,15,16,16,16,17,16,76
2,2337,2336,1791058449894202,1791058449895933,1731,0,16,13,13,13,12,6,27
2,2338,2337,1791058449944202,1791058449945706,1504,0,17,11,11,11,9,4,12
2,2339,2338,1791058449994202,1791058449995522,1320,0,18,7,7,7,7,6,30
2,2340,2339,1791058450044202,1791058450045657,1455,0,19,10,10,10,11,5,17
2,2341,2340,1791058450094202,1791058450095917,1715,0,0,7,7,7,7,2,10
2,2342,2341,1791058450144202,1791058450145825,1623,0,1,13,13,13,12,10,46
2,2343,2342,1791058450194202,1791058450195941,1739,0,2,8,8,8,8,6,30
2,2344,2343,1791058450244202,1791058450245623,1421,0,3,8,8,8,8,8,31
2,2345,2344,1791058450294202,1791058450296340,2138,0,4,9,9,9,8,6,30
2,2346,2345,1791058450344202,1791058450346049,1847,0,5,9,9,9,9,6,30
2,2347,2346,1791058450394202,1791058450395753,1551,0,6,7,7,7,7,5,17
2,2348,2347,1791058450444202,1791058450445719,1517,0,7,11,11,11,12,9,40
2,2349,2348,1791058450494202,1791058450496357,2155,0,8,6,6,6,6,4,15
2,2350,2349,1791058450544202,1791058450545331,1129,0,9,12,12,12,12,8,39
2,2351,2350,1791058450594202,1791058450595456,1254,0,10,10,10,10,9,8,35
2,2352,2351,1791058450644202,1791058450645576,1374,0,11,12,12,12,12,10,46
2,2353,2352,1791058450694202,1791058450695540,1338,0,12,10,10,10,9,6,30
2,2354,2353,1791058450744202,1791058450746350,2148,0,13,10,10,10,10,6,30
2,2355,2354,1791058450794202,1791058450795417,1215,0,14,11,11,11,10,6,27
2,2356,2355,1791058450844202,1791058450845543,1341,0,15,16,16,16,17,17,72
2,2357,2356,1791058450894202,1791058450895866,1664,0,16,13,13,13,13,6,30
2,2358,2357,1791058450944202,1791058450945947,1745,0,17,11,11,11,11,8,32
2,2359,2358,1791058450994202,1791058450996270,2068,0,18,7,7,7,7,6,27
2,2360,2359,1791058451044202,1791058451045733,1531,0,19,10,10,10,10,7,27
2,2361,2360,1791058451094202,1791058451095429,1227,0,0,7,7,7,6,4,20
2,2362,2361,1791058451144202,1791058451146336,2134,0,1,13,13,13,12,8,40
2,2363,2362,1791058451194202,1791058451195801,1599,0,2,8,8,8,8,6,26
2,2364,2363,1791058451244202,1791058451245718,1516,0,3,8,8,8,9,8,31
2,2365,2364,1791058451294202,1791058451295873,1671,0,4,9,9,9,7,6,28
2,2366,2365,1791058451344202,1791058451346041,1839,0,5,9,9,9,9,7,26
2,2367,2366,1791058451394202,1791058451395955,1753,0,6,7,7,7,7,4,20
2,2368,2367,1791058451444202,1791058451445538,1336,0,7,11,11,11,12,8,40
2,2369,2368,1791058451494202,1791058451495480,1278,0,8,6,6,6,4,0,0
2,2370,2369,1791058451544202,1791058451546172,1970,0,9,12,12,12,11,4,20
2,2371,2370,1791058451594202,1791058451596074,1872,0,10,10,10,10,10,9,38
2,2372,2371,1791058451644202,1791058451645606,1404,0,11,12,12,12,13,13,54
2,2373,2372,1791058451694202,1791058451696326,2124,0,12,10,10,10,10,6,30
2,2374,2373,1791058451744202,1791058451745971,1769,0,13,10,10,10,8,4,19
2,2375,2374,1791058451794202,1791058451795679,1477,0,14,11,11,11,11,8,33
2,2376,2375,1791058451844202,1791058451845658,1456,0,15,16,16,16,14,12,57
2,2377,2376,1791058451894202,1791058451896274,2072,0,16,13,13,13,11,6,30
2,2378,2377,1791058451944202,1791058451946154,1952,0,17,11,11,11,10,6,25
2,2379,2378,1791058451994202,1791058451995973,1771,0,18,7,7,7,7,6,30
2,2380,2379,1791058452044202,1791058452045585,1383,0,19,10,10,10,8,4,11
2,2381,2380,1791058452094202,1791058452096099,1897,0,0,7,7,7,7,2,10
2,2382,2381,1791058452144202,1791058452146032,1830,0,1,13,13,13,13,12,54
2,2383,2382,1791058452194202,1791058452195985,1783,0,2,8,8,8,7,4,20
2,2384,2383,1791058452244202,1791058452245659,1457,0,3,8,8,8,7,4,18
2,2385,2384,1791058452294202,1791058452296319,2117,0,4,9,9,9,8,4,20
2,2386,2385,1791058452344202,1791058452346166,1964,0,5,9,9,9,7,6,23
2,2387,2386,1791058452394202,1791058452395569,1367,0,6,7,7,7,6,4,14
2,2388,2387,1791058452444202,1791058452445665,1463,0,7,11,11,11,11,9,35
2,2389,2388,1791058452494202,1791058452495482,1280,0,8,6,6,6,5,2,8
2,2390,2389,1791058452544202,1791058452546047,1845,0,9,12,12,12,11,6,23
2,2391,2390,1791058452594202,1791058452595711,1509,0,10,10,10,10,10,10,46
2,2392,2391,1791058452644202,1791058452645481,1279,0,11,12,12,12,12,10,42
2,2393,2392,1791058452694202,1791058452696286,2084,0,12,10,10,10,10,6,30
2,2394,2393,1791058452744202,1791058452746238,2036,0,13,10,10,10,8,4,13
2,2395,2394,1791058452794202,1791058452796102,1900,0,14,11,11,11,11,8,31
2,2396,2395,1791058452844202,1791058452845681,1479,0,15,16,16,16,16,15,69
2,2397,2396,1791058452894202,1791058452895538,1336,0,16,13,13,13,12,6,30
2,2398,2397,1791058452944202,1791058452946117,1915,0,17,11,11,11,10,6,27
2,2399,2398,1791058452994202,1791058452995934,1732,0,18,7,7,7,7,6,22
2,2400,2399,1791058453044202,1791058453045759,1557,0,19,10,10,10,10,6,30
2,2401,2400,1791058453094202,1791058453095685,1483,0,0,7,7,7,7,4,13
2,2402,2401,1791058453144202,1791058453145558,1356,0,1,13,13,13,12,10,46
2,2403,2402,1791058453194202,1791058453195413,1211,0,2,8,8,8,8,6,30
2,2404,2403,1791058453244202,1791058453245621,1419,0,3,8,8,8,8,7,25
2,2405,2404,1791058453294202,1791058453295391,1189,0,4,9,9,9,7,6,30
2,2406,2405,1791058453344202,1791058453346203,2001,0,5,9,9,9,8,6,27
2,2407,2406,1791058453394202,1791058453395839,1637,0,6,7,7,7,7,4,14
2,2408,2407,1791058453444202,1791058453445745,1543,0,7,11,11,11,12,10,42
2,2409,2408,1791058453494202,1791058453495964,1762,0,8,6,6,6,5,3,6
2,2410,2409,1791058453544202,1791058453546123,1921,0,9,12,12,12,12,8,36
2,2411,2410,1791058453594202,1791058453596204,2002,0,10,10,10,10,10,8,40
2,2412,2411,1791058453644202,1791058453645664,1462,0,11,12,12,12,12,12,51
2,2413,2412,1791058453694202,1791058453695506,1304,0,12,10,10,10,9,6,22
2,2414,2413,1791058453744202,1791058453745471,1269,0,13,10,10,10,8,4,20
2,2415,2414,1791058453794202,1791058453796281,2079,0,14,11,11,11,9,6,30
2,2416,2415,1791058453844202,1791058453845506,1304,0,15,16,16,16,16,14,67
2,2417,2416,1791058453894202,1791058453895940,1738,0,16,13,13,13,12,8,40
2,2418,2417,1791058453944202,1791058453946004,1802,0,17,11,11,11,10,8,31
2,2419,2418,1791058453994202,1791058453996186,1984,0,18,7,7,7,7,4,17
2,2420,2419,1791058454044202,1791058454045670,1468,0,19,10,10,10,10,5,13
2,2421,2420,1791058454094202,1791058454095561,1359,0,0,7,7,7,6,4,16
2,2422,2421,1791058454144202,1791058454145455,1253,0,1,13,13,13,12,10,46
2,2423,2422,1791058454194202,1791058454196015,1813,0,2,8,8,8,8,6,30
2,2424,2423,1791058454244202,1791058454245593,1391,0,3,8,8,8,9,8,40
2,2425,2424,1791058454294202,1791058454296238,2036,0,4,9,9,9,8,6,30
2,2426,2425,1791058454344202,1791058454345968,1766,0,5,9,9,9,7,4,16
2,2427,2426,1791058454394202,1791058454395671,1469,0,6,7,7,7,5,2,10
2,2428,2427,1791058454444202,1791058454445712,1510,0,7,11,11,11,11,9,39
2,2429,2428,1791058454494202,1791058454495417,1215,0,8,6,6,6,5,2,8
2,2430,2429,1791058454544202,1791058454546145,1943,0,9,12,12,12,12,8,33
2,2431,2430,1791058454594202,1791058454595949,1747,0,10,10,10,10,10,9,38
2,2432,2431,1791058454644202,1791058454645646,1444,0,11,12,12,12,13,12,59
2,2433,2432,1791058454694202,1791058454695425,1223,0,12,10,10,10,9,8,34
2,2434,2433,1791058454744202,1791058454745378,1176,0,13,10,10,10,8,6,23
2,2435,2434,1791058454794202,1791058454795598,1396,0,14,11,11,11,8,7,30
2,2436,2435,1791058454844202,1791058454845689,1487,0,15,16,16,16,15,12,56
2,2437,2436,1791058454894202,1791058454895515,1313,0,16,13,13,13,12,8,31
2,2438,2437,1791058454944202,1791058454945519,1317,0,17,11,11,11,10,10,32
2,2439,2438,1791058454994202,1791058454996062,1860,0,18,7,7,7,7,6,27
2,2440,2439,1791058455044202,1791058455045632,1430,0,19,10,10,10,8,6,30
2,2441,2440,1791058455094202,1791058455095741,1539,0,0,7,7,7,6,4,20
2,2442,2441,1791058455144202,1791058455145987,1785,0,1,13,13,13,12,9,40
2,2443,2442,1791058455194202,1791058455196053,1851,0,2,8,8,8,8,6,27
2,2444,2443,1791058455244202,1791058455245622,1420,0,3,8,8,8,8,7,30
2,2445,2444,1791058455294202,1791058455295464,1262,0,4,9,9,9,9,9,38
2,2446,2445,1791058455344202,1791058455345777,1575,0,5,9,9,9,8,6,24
2,2447,2446,1791058455394202,1791058455396155,1953,0,6,7,7,7,7,2,10
2,2448,2447,1791058455444202,1791058455445613,1411,0,7,11,11,11,12,8,40
2,2449,2448,1791058455494202,1791058455496180,1978,0,8,6,6,6,6,2,3
2,2450,2449,1791058455544202,1791058455545809,1607,0,9,12,12,12,11,6,25
2,2451,2450,1791058455594202,1791058455595708,1506,0,10,10,10,10,10,10,50
2,2452,2451,1791058455644202,1791058455645585,1383,0,11,12,12,12,11,8,30
2,2453,2452,1791058455694202,1791058455696197,1995,0,12,10,10,10,10,8,31
2,2454,2453,1791058455744202,1791058455746192,1990,0,13,10,10,10,10,9,37
2,2455,2454,1791058455794202,1791058455796063,1861,0,14,11,11,11,8,8,35
2,2456,2455,1791058455844202,1791058455845738,1536,0,15,16,16,16,16,11,49
2,2457,2456,1791058455894202,1791058455895472,1270,0,16,13,13,13,10,7,29
2,2458,2457,1791058455944202,1791058455945348,1146,0,17,11,11,11,6,4,20
2,2459,2458,1791058455994202,1791058455996105,1903,0,18,7,7,7,6,4,20
2,2460,2459,1791058456044202,1791058456045664,1462,0,19,10,10,10,10,8,36
2,2461,2460,1791058456094202,1791058456096318,2116,0,0,7,7,7,7,4,19
2,2462,2461,1791058456144202,1791058456145973,1771,0,1,13,13,13,11,11,46
2,2463,2462,1791058456194202,1791058456196088,1886,0,2,8,8,8,7,6,24
2,2464,2463,1791058456244202,1791058456245728,1526,0,3,8,8,8,9,8,34
2,2465,2464,1791058456294202,1791058456295614,1412,0,4,9,9,9,9,8,39
2,2466,2465,1791058456344202,1791058456345738,1536,0,5,9,9,9,7,7,27
2,2467,2466,1791058456394202,1791058456396128,1926,0,6,7,7,7,6,2,5
2,2468,2467,1791058456444202,1791058456445682,1480,0,7,11,11,11,11,8,36
2,2469,2468,1791058456494202,1791058456496353,2151,0,8,6,6,6,4,2,10
2,2470,2469,1791058456544202,1791058456546112,1910,0,9,12,12,12,11,6,28
2,2471,2470,1791058456594202,1791058456596015,1813,0,10,10,10,10,9,8,40
2,2472,2471,1791058456644202,1791058456645555,1353,0,11,12,12,12,11,10,47
2,2473,2472,1791058456694202,1791058456695390,1188,0,12,10,10,10,9,9,32
2,2474,2473,1791058456744202,1791058456745401,1199,0,13,10,10,10,9,4,20
2,2475,2474,1791058456794202,1791058456795321,1119,0,14,11,11,11,9,6,25
2,2476,2475,1791058456844202,1791058456845669,1467,0,15,16,16,16,16,14,61
2,2477,2476,1791058456894202,1791058456896159,1957,0,16,13,13,13,11,4,20
2,2478,2477,1791058456944202,1791058456945660,1458,0,17,11,11,11,9,2,10
2,2479,2478,1791058456994202,1791058456995436,1234,0,18,7,7,7,7,6,30
2,2480,2479,1791058457044202,1791058457045621,1419,0,19,10,10,10,9,5,20
2,2481,2480,1791058457094202,1791058457095373,1171,0,0,7,7,7,6,2,10
2,2482,2481,1791058457144202,1791058457146142,1940,0,1,13,13,13,9,8,40
2,2483,2482,1791058457194202,1791058457195365,1163,0,2,8,8,8,5,4,13
2,2484,2483,1791058457244202,1791058457245693,1491,0,3,8,8,8,7,6,22
2,2485,2484,1791058457294202,1791058457295541,1339,0,4,9,9,9,7,6,24
2,2486,2485,1791058457344202,1791058457346216,2014,0,5,9,9,9,8,4,20
2,2487,2486,1791058457394202,1791058457395897,1695,0,6,7,7,7,6,6,21
2,2488,2487,1791058457444202,1791058457445521,1319,0,7,11,11,11,9,7,30
2,2489,2488,1791058457494202,1791058457496338,2136,0,8,6,6,6,3,0,0
2,2490,2489,1791058457544202,1791058457545952,1750,0,9,12,12,12,12,4,19
2,2491,2490,1791058457594202,1791058457595627,1425,0,10,10,10,10,10,10,45
2,2492,2491,1791058457644202,1791058457645708,1506,0,11,12,12,12,11,9,31
2,2493,2492,1791058457694202,1791058457695418,1216,0,12,10,10,10,8,6,26
2,2494,2493,1791058457744202,1791058457745425,1223,0,13,10,10,10,10,10,43
2,2495,2494,1791058457794202,1791058457795630,1428,0,14,11,11,11,8,4,13
2,2496,2495,1791058457844202,1791058457845698,1496,0,15,16,16,16,14,12,58
2,2497,2496,1791058457894202,1791058457895733,1531,0,16,13,13,13,10,9,35
2,2498,2497,1791058457944202,1791058457945470,1268,0,17,11,11,11,10,6,21
2,2499,2498,1791058457994202,1791058457996313,2111,0,18,7,7,7,7,4,19
2,2500,2499,1791058458044202,1791058458045651,1449,0,19,10,10,10,9,4,20
2,2501,2500,1791058458094202,1791058458096348,2146,0,0,7,7,7,6,4,16
2,2502,2501,1791058458144202,1791058458146324,2122,0,1,13,13,13,11,11,50
2,2503,2502,1791058458194202,1791058458195341,1139,0,2,8,8,8,5,4,11
2,2504,2503,1791058458244202,1791058458245744,1542,0,3,8,8,8,9,7,24
2,2505,2504,1791058458294202,1791058458295824,1622,0,4,9,9,9,8,8,34
2,2506,2505,1791058458344202,1791058458345767,1565,0,5,9,9,9,8,2,10
2,2507,2506,1791058458394202,1791058458395524,1322,0,6,7,7,7,5,2,10
2,2508,2507,1791058458444202,1791058458445637,1435,0,7,11,11,11,11,11,48
2,2509,2508,1791058458494202,1791058458496341,2139,0,8,6,6,6,6,5,14
2,2510,2509,1791058458544202,1791058458546165,1963,0,9,12,12,12,10,9,37
2,2511,2510,1791058458594202,1791058458596174,1972,0,10,10,10,10,7,6,25
2,2512,2511,1791058458644202,1791058458645701,1499,0,11,12,12,12,11,10,41
2,2513,2512,1791058458694202,1791058458696069,1867,0,12,10,10,10,9,6,30
2,2514,2513,1791058458744202,1791058458745337,1135,0,13,10,10,10,8,4,12
2,2515,2514,1791058458794202,1791058458795394,1192,0,14,11,11,11,10,6,30
2,2516,2515,1791058458844202,1791058458845697,1495,0,15,16,16,16,14,14,62
2,2517,2516,1791058458894202,1791058458895546,1344,0,16,13,13,13,10,4,13
2,2518,2517,1791058458944202,1791058458945394,1192,0,17,11,11,11,10,4,20
2,2519,2518,1791058458994202,1791058458996086,1884,0,18,7,7,7,7,6,30
2,2520,2519,1791058459044202,1791058459045659,1457,0,19,10,10,10,9,2,10
2,2521,2520,1791058459094202,1791058459095393,1191,0,0,7,7,7,7,2,10
2,2522,2521,1791058459144202,1791058459146095,1893,0,1,13,13,13,9,8,40
2,2523,2522,1791058459194202,1791058459195982,1780,0,2,8,8,8,5,4,11
2,2524,2523,1791058459244202,1791058459245649,1447,0,3,8,8,8,5,4,20
2,2525,2524,1791058459294202,1791058459295398,1196,0,4,9,9,9,8,8,31
2,2526,2525,1791058459344202,1791058459346202,2000,0,5,9,9,9,7,4,20
2,2527,2526,1791058459394202,1791058459396105,1903,0,6,7,7,7,6,4,17
2,2528,2527,1791058459444202,1791058459445642,1440,0,7,11,11,11,10,8,37
2,2529,2528,1791058459494202,1791058459495535,1333,0,8,6,6,6,5,2,4
2,2530,2529,1791058459544202,1791058459545458,1256,0,9,12,12,12,10,2,6
2,2531,2530,1791058459594202,1791058459596339,2137,0,10,10,10,10,10,10,46
2,2532,2531,1791058459644202,1791058459645629,1427,0,11,12,12,12,11,10,43
2,2533,2532,1791058459694202,1791058459696168,1966,0,12,10,10,10,9,9,34
2,2534,2533,1791058459744202,1791058459745958,1756,0,13,10,10,10,9,8,27
2,2535,2534,1791058459794202,1791058459795840,1638,0,14,11,11,11,10,2,9
2,2536,2535,1791058459844202,1791058459845910,1708,0,15,16,16,16,17,16,79
2,2537,2536,1791058459894202,1791058459896007,1805,0,16,13,13,13,6,0,0
2,2538,2537,1791058459944202,1791058459945827,1625,0,17,11,11,11,11,5,18
2,2539,2538,1791058459994202,1791058459996071,1869,0,18,7,7,7,7,7,30
2,2540,2539,1791058460044202,1791058460045640,1438,0,19,10,10,10,8,6,22
2,2541,2540,1791058460094202,1791058460095514,1312,0,0,7,7,7,7,4,13
2,2542,2541,1791058460144202,1791058460145389,1187,0,1,13,13,13,9,8,34
2,2543,2542,1791058460194202,1791058460196217,2015,0,2,8,8,8,7,5,16
2,2544,2543,1791058460244202,1791058460245700,1498,0,3,8,8,8,7,3,10
2,2545,2544,1791058460294202,1791058460295969,1767,0,4,9,9,9,8,6,21
2,2546,2545,1791058460344202,1791058460345830,1628,0,5,9,9,9,9,6,30
2,2547,2546,1791058460394202,1791058460395669,1467,0,6,7,7,7,7,4,11
2,2548,2547,1791058460444202,1791058460445637,1435,0,7,11,11,11,10,8,40
2,2549,2548,1791058460494202,1791058460495540,1338,0,8,6,6,6,6,3,10
2,2550,2549,1791058460544202,1791058460546265,2063,0,9,12,12,12,11,2,1
2,2551,2550,1791058460594202,1791058460596192,1990,0,10,10,10,10,10,8,37
2,2552,2551,1791058460644202,1791058460645727,1525,0,11,12,12,12,12,9,38
2,2553,2552,1791058460694202,1791058460696194,1992,0,12,10,10,10,8,5,20
2,2554,2553,1791058460744202,1791058460745950,1748,0,13,10,10,10,9,6,30
2,2555,2554,1791058460794202,1791058460795762,1560,0,14,11,11,11,10,8,25
2,2556,2555,1791058460844202,1791058460845699,1497,0,15,16,16,16,13,11,44
2,2557,2556,1791058460894202,1791058460896172,1970,0,16,13,13,13,10,6,21
2,2558,2557,1791058460944202,1791058460945515,1313,0,17,11,11,11,10,5,13
2,2559,2558,1791058460994202,1791058460995965,1763,0,18,7,7,7,7,6,30
2,2560,2559,1791058461044202,1791058461045669,1467,0,19,10,10,10,8,2,6
2,2561,2560,1791058461094202,1791058461095937,1735,0,0,7,7,7,6,4,15
2,2562,2561,1791058461144202,1791058461145364,1162,0,1,13,13,13,11,8,33
2,2563,2562,1791058461194202,1791058461195506,1304,0,2,8,8,8,5,4,20
2,2564,2563,1791058461244202,1791058461245629,1427,0,3,8,8,8,6,4,14
2,2565,2564,1791058461294202,1791058461295648,1446,0,4,9,9,9,8,4,20
2,2566,2565,1791058461344202,1791058461345812,1610,0,5,9,9,9,8,6,30
2,2567,2566,1791058461394202,1791058461395887,1685,0,6,7,7,7,7,2,10
2,2568,2567,1791058461444202,1791058461445684,1482,0,7,11,11,11,12,11,45
2,2569,2568,1791058461494202,1791058461495747,1545,0,8,6,6,6,4,0,0
2,2570,2569,1791058461544202,1791058461546066,1864,0,9,12,12,12,10,0,0
2,2571,2570,1791058461594202,1791058461595402,1200,0,10,10,10,10,10,8,40
2,2572,2571,1791058461644202,1791058461645630,1428,0,11,12,12,12,11,8,32
2,2573,2572,1791058461694202,1791058461696293,2091,0,12,10,10,10,7,4,17
2,2574,2573,1791058461744202,1791058461746208,2006,0,13,10,10,10,10,9,38
2,2575,2574,1791058461794202,1791058461796237,2035,0,14,11,11,11,7,4,20
2,2576,2575,1791058461844202,1791058461845692,1490,0,15,16,16,16,15,12,53
2,2577,2576,1791058461894202,1791058461895392,1190,0,16,13,13,13,8,4,11
2,2578,2577,1791058461944202,1791058461946150,1948,0,17,11,11,11,10,4,12
2,2579,2578,1791058461994202,1791058461996264,2062,0,18,7,7,7,7,6,30
2,2580,2579,1791058462044202,1791058462045633,1431,0,19,10,10,10,7,4,13
2,2581,2580,1791058462094202,1791058462096196,1994,0,0,7,7,7,4,4,14
2,2582,2581,1791058462144202,1791058462145473,1271,0,1,13,13,13,9,9,28
2,2583,2582,1791058462194202,1791058462195913,1711,0,2,8,8,8,7,5,16
2,2584,2583,1791058462244202,1791058462245801,1599,0,3,8,8,8,7,4,20
2,2585,2584,1791058462294202,1791058462295978,1776,0,4,9,9,9,6,4,17
2,2586,2585,1791058462344202,1791058462345368,1166,0,5,9,9,9,9,8,32
2,2587,2586,1791058462394202,1791058462395694,1492,0,6,7,7,7,6,4,20
2,2588,2587,1791058462444202,1791058462445823,1621,0,7,11,11,11,10,9,35
2,2589,2588,1791058462494202,1791058462496007,1805,0,8,6,6,6,6,5,13
2,2590,2589,1791058462544202,1791058462545409,1207,0,9,12,12,12,7,4,16
2,2591,2590,1791058462594202,1791058462595586,1384,0,10,10,10,10,10,8,40
2,2592,2591,1791058462644202,1791058462645701,1499,0,11,12,12,12,12,10,46
2,2593,2592,1791058462694202,1791058462695607,1405,0,12,10,10,10,6,4,17
2,2594,2593,1791058462744202,1791058462745433,1231,0,13,10,10,10,10,8,33
2,2595,2594,1791058462794202,1791058462796235,2033,0,14,11,11,11,6,4,15
2,2596,2595,1791058462844202,1791058462845696,1494,0,15,16,16,16,15,14,62
2,2597,2596,1791058462894202,1791058462895449,1247,0,16,13,13,13,10,5,15
2,2598,2597,1791058462944202,1791058462946268,2066,0,17,11,11,11,10,2,8
2,2599,2598,1791058462994202,1791058462996334,2132,0,18,7,7,7,7,7,30
2,2600,2599,1791058463044202,1791058463045804,1602,0,19,10,10,10,10,8,21
2,2601,2600,1791058463094202,1791058463095823,1621,0,0,7,7,7,6,4,13
2,2602,2601,1791058463144202,1791058463146099,1897,0,1,13,13,13,10,8,40
2,2603,2602,1791058463194202,1791058463196255,2053,0,2,8,8,8,5,4,15
2,2604,2603,1791058463244202,1791058463245689,1487,0,3,8,8,8,6,2,5
2,2605,2604,1791058463294202,1791058463295612,1410,0,4,9,9,9,9,4,20
2,2606,2605,1791058463344202,1791058463345669,1467,0,5,9,9,9,9,6,30
2,2607,2606,1791058463394202,1791058463396015,1813,0,6,7,7,7,7,2,10
2,2608,2607,1791058463444202,1791058463445719,1517,0,7,11,11,11,11,10,41
2,2609,2608,1791058463494202,1791058463495825,1623,0,8,6,6,6,5,4,16
2,2610,2609,1791058463544202,1791058463546166,1964,0,9,12,12,12,9,6,22
2,2611,2610,1791058463594202,1791058463595328,1126,0,10,10,10,10,10,8,36
2,2612,2611,1791058463644202,1791058463645627,1425,0,11,12,12,12,11,9,35
2,2613,2612,1791058463694202,1791058463695708,1506,0,12,10,10,10,6,2,5
2,2614,2613,1791058463744202,1791058463746024,1822,0,13,10,10,10,10,8,40
2,2615,2614,1791058463794202,1791058463796224,2022,0,14,11,11,11,11,5,20
2,2616,2615,1791058463844202,1791058463845619,1417,0,15,16,16,16,16,15,63
2,2617,2616,1791058463894202,1791058463895449,1247,0,16,13,13,13,9,7,28
2,2618,2617,1791058463944202,1791058463945378,1176,0,17,11,11,11,10,4,20
2,2619,2618,1791058463994202,1791058463996305,2103,0,18,7,7,7,6,6,24
2,2620,2619,1791058464044202,1791058464045719,1517,0,19,10,10,10,8,6,20
2,2621,2620,1791058464094202,1791058464095393,1191,0,0,7,7,7,5,3,6
2,2622,2621,1791058464144202,1791058464146243,2041,0,1,13,13,13,11,10,50
2,2623,2622,1791058464194202,1791058464195571,1369,0,2,8,8,8,6,4,20
2,2624,2623,1791058464244202,1791058464245564,1362,0,3,8,8,8,8,5,15
2,2625,2624,1791058464294202,1791058464296347,2145,0,4,9,9,9,8,4,20
2,2626,2625,1791058464344202,1791058464345437,1235,0,5,9,9,9,9,8,32
2,2627,2626,1791058464394202,1791058464395916,1714,0,6,7,7,7,5,4,18
2,2628,2627,1791058464444202,1791058464445583,1381,0,7,11,11,11,12,10,41
2,2629,2628,1791058464494202,1791058464496215,2013,0,8,6,6,6,3,2,8
2,2630,2629,1791058464544202,1791058464546100,1898,0,9,12,12,12,12,7,26
2,2631,2630,1791058464594202,1791058464596196,1994,0,10,10,10,10,9,8,39
2,2632,2631,1791058464644202,1791058464645615,1413,0,11,12,12,12,11,10,43
2,2633,2632,1791058464694202,1791058464696232,2030,0,12,10,10,10,9,6,30
2,2634,2633,1791058464744202,1791058464746144,1942,0,13,10,10,10,9,7,25
2,2635,2634,1791058464794202,1791058464795851,1649,0,14,11,11,11,11,6,25
2,2636,2635,1791058464844202,1791058464845631,1429,0,15,16,16,15,17,8,66
2,2637,2636,1791058464894202,1791058464895476,1274,0,16,13,13,2,13,3,20
2,2638,2637,1791058464944202,1791058464945449,1247,0,17,11,11,1,11,2,10
2,2639,2638,1791058464994202,1791058464995774,1572,0,18,7,7,2,7,3,20
2,2640,2639,1791058465044202,1791058465045625,1423,0,19,10,10,1,10,2,10
2,2641,2640,1791058465094202,1791058465096341,2139,0,0,7,7,1,7,2,10
2,2642,2641,1791058465144202,1791058465146341,2139,0,1,13,13,5,13,3,20
2,2643,2642,1791058465194202,1791058465196305,2103,0,2,8,8,2,8,3,20
2,2644,2643,1791058465244202,1791058465245750,1548,0,3,8,8,2,9,3,20
2,2645,2644,1791058465294202,1791058465295754,1552,0,4,9,9,3,9,4,30
2,2646,2645,1791058465344202,1791058465345570,1368,0,5,9,9,3,9,4,30
2,2647,2646,1791058465394202,1791058465396346,2144,0,6,7,7,1,7,2,10
2,2648,2647,1791058465444202,1791058465445621,1419,0,7,11,11,3,12,4,21
2,2649,2648,1791058465494202,1791058465495341,1139,0,8,6,6,1,6,0,0
2,2650,2649,1791058465544202,1791058465546057,1855,0,9,12,12,3,12,4,20
2,2651,2650,1791058465594202,1791058465595942,1740,0,10,10,10,4,10,4,30
2,2652,2651,1791058465644202,1791058465645633,1431,0,11,12,12,4,12,5,40
2,2653,2652,1791058465694202,1791058465695492,1290,0,12,10,10,1,10,2,10
2,2654,2653,1791058465744202,1791058465745656,1454,0,13,10,10,4,10,4,30
2,2655,2654,1791058465794202,1791058465795666,1464,0,14,11,11,2,11,3,20
2,2656,2655,1791058465844202,1791058465845728,1526,0,15,16,16,4,17,6,41
2,2657,2656,1791058465894202,1791058465895556,1354,0,16,13,13,2,13,3,20
2,2658,2657,1791058465944202,1791058465946363,2161,0,17,11,11,1,11,2,10
2,2659,2658,1791058465994202,1791058465996240,2038,0,18,7,7,2,7,3,20
2,2660,2659,1791058466044202,1791058466045505,1303,0,19,10,10,1,11,2,10
2,2661,2660,1791058466094202,1791058466096208,2006,0,0,7,7,1,7,2,10
2,2662,2661,1791058466144202,1791058466145828,1626,0,1,13,13,5,13,3,20
2,2663,2662,1791058466194202,1791058466195744,1542,0,2,8,8,2,8,3,20
2,2664,2663,1791058466244202,1791058466245645,1443,0,3,8,8,2,8,3,20
2,2665,2664,1791058466294202,1791058466296362,2160,0,4,9,9,3,9,4,30
2,2666,2665,1791058466344202,1791058466346106,1904,0,5,9,9,3,9,4,30
2,2667,2666,1791058466394202,1791058466395851,1649,0,6,7,7,1,7,2,10
2,2668,2667,1791058466444202,1791058466445778,1576,0,7,11,11,3,12,3,20
2,2669,2668,1791058466494202,1791058466495780,1578,0,8,6,6,1,6,0,0
2,2670,2669,1791058466544202,1791058466546147,1945,0,9,12,12,3,12,3,20
2,2671,2670,1791058466594202,1791058466595634,1432,0,10,10,10,4,10,4,30
2,2672,2671,1791058466644202,1791058466645519,1317,0,11,12,12,4,12,5,40
2,2673,2672,1791058466694202,1791058466695632,1430,0,12,10,10,1,10,2,10
2,2674,2673,1791058466744202,1791058466745660,1458,0,13,10,10,4,10,4,30
2,2675,2674,1791058466794202,1791058466795781,1579,0,14,11,11,2,11,3,20
2,2676,2675,1791058466844202,1791058466845730,1528,0,15,16,16,4,17,5,40
2,2677,2676,1791058466894202,1791058466895946,1744,0,16,13,13,2,13,3,20
2,2678,2677,1791058466944202,1791058466946094,1892,0,17,11,11,1,11,2,10
2,2679,2678,1791058466994202,1791058466995626,1424,0,18,7,7,2,7,3,20
2,2680,2679,1791058467044202,1791058467045613,1411,0,19,10,10,1,10,2,10
2,2681,2680,1791058467094202,1791058467095858,1656,0,0,7,7,1,7,2,10
2,2682,2681,1791058467144202,1791058467146103,1901,0,1,13,13,5,13,3,20
2,2683,2682,1791058467194202,1791058467196172,1970,0,2,8,8,2,8,3,20
2,2684,2683,1791058467244202,1791058467245607,1405,0,3,8,8,2,9,3,20
2,2685,2684,1791058467294202,1791058467295425,1223,0,4,9,9,3,9,4,30
2,2686,2685,1791058467344202,1791058467346223,2021,0,5,9,9,3,9,4,30
2,2687,2686,1791058467394202,1791058467395981,1779,0,6,7,7,1,7,2,10
2,2688,2687,1791058467444202,1791058467445950,1748,0,7,11,11,3,12,4,21
2,2689,2688,1791058467494202,1791058467496056,1854,0,8,6,6,1,6,0,0
2,2690,2689,1791058467544202,1791058467545493,1291,0,9,12,12,3,12,3,20
2,2691,2690,1791058467594202,1791058467596359,2157,0,10,10,10,4,10,4,30
2,2692,2691,1791058467644202,1791058467645619,1417,0,11,12,12,4,12,5,40
2,2693,2692,1791058467694202,1791058467695972,1770,0,12,10,10,1,10,2,10
2,2694,2693,1791058467744202,1791058467745693,1491,0,13,10,10,4,10,4,30
2,2695,2694,1791058467794202,1791058467796129,1927,0,14,11,11,2,11,3,20
2,2696,2695,1791058467844202,1791058467845617,1415,0,15,16,16,4,17,6,41
2,2697,2696,1791058467894202,1791058467895578,1376,0,16,13,13,2,13,3,20
2,2698,2697,1791058467944202,1791058467945574,1372,0,17,11,11,1,11,2,10
2,2699,2698,1791058467994202,1791058467996372,2170,0,18,7,7,2,7,3,20
2,2700,2699,1791058468044202,1791058468045657,1455,0,19,10,10,1,10,2,10
2,2701,2700,1791058468094202,1791058468096268,2066,0,0,7,7,1,7,2,10
2,2702,2701,1791058468144202,1791058468146002,1800,0,1,13,13,5,13,3,20
2,2703,2702,1791058468194202,1791058468195917,1715,0,2,8,8,2,8,3,20
2,2704,2703,1791058468244202,1791058468245551,1349,0,3,8,8,2,9,4,21
2,2705,2704,1791058468294202,1791058468296323,2121,0,4,9,9,3,9,4,30
2,2706,2705,1791058468344202,1791058468346193,1991,0,5,9,9,3,9,4,30
2,2707,2706,1791058468394202,1791058468396125,1923,0,6,7,7,1,7,2,10
2,2708,2707,1791058468444202,1791058468445728,1526,0,7,11,11,3,11,3,20
2,2709,2708,1791058468494202,1791058468495764,1562,0,8,6,6,1,6,0,0
2,2710,2709,1791058468544202,1791058468545747,1545,0,9,12,12,3,12,3,20
2,2711,2710,1791058468594202,1791058468595860,1658,0,10,10,10,4,10,4,30
2,2712,2711,1791058468644202,1791058468645581,1379,0,11,12,12,4,13,6,41
2,2713,2712,1791058468694202,1791058468696116,1914,0,12,10,10,1,10,2,10
2,2714,2713,1791058468744202,1791058468746159,1957,0,13,10,10,4,10,4,30
2,2715,2714,1791058468794202,1791058468795973,1771,0,14,11,11,2,11,3,20
2,2716,2715,1791058468844202,1791058468845659,1457,0,15,16,16,4,16,5,40
2,2717,2716,1791058468894202,1791058468895502,1300,0,16,13,13,2,13,3,20
2,2718,2717,1791058468944202,1791058468945448,1246,0,17,11,11,1,11,2,10
2,2719,2718,1791058468994202,1791058468995462,1260,0,18,7,7,2,7,3,20
2,2720,2719,1791058469044202,1791058469045533,1331,0,19,10,10,1,11,3,11
2,2721,2720,1791058469094202,1791058469095866,1664,0,0,7,7,1,7,2,10
2,2722,2721,1791058469144202,1791058469145807,1605,0,1,13,13,5,13,3,20
2,2723,2722,1791058469194202,1791058469195545,1343,0,2,8,8,2,8,3,20
2,2724,2723,1791058469244202,1791058469245633,1431,0,3,8,8,2,8,3,20
2,2725,2724,1791058469294202,1791058469295433,1231,0,4,9,9,3,9,4,30
2,2726,2725,1791058469344202,1791058469345604,1402,0,5,9,9,3,9,4,30
2,2727,2726,1791058469394202,1791058469395701,1499,0,6,7,7,1,7,2,10
2,2728,2727,1791058469444202,1791058469445520,1318,0,7,11,11,3,12,4,21
2,2729,2728,1791058469494202,1791058469495708,1506,0,8,6,6,1,6,0,0
2,2730,2729,1791058469544202,1791058469545865,1663,0,9,12,12,3,12,3,20
2,2731,2730,1791058469594202,1791058469596007,1805,0,10,10,10,4,10,4,30
2,2732,2731,1791058469644202,1791058469645586,1384,0,11,12,12,4,13,5,40
2,2733,2732,1791058469694202,1791058469696311,2109,0,12,10,10,1,10,2,10
2,2734,2733,1791058469744202,1791058469746234,2032,0,13,10,10,4,10,4,30
2,2735,2734,1791058469794202,1791058469796345,2143,0,14,11,11,2,11,3,20
2,2736,2735,1791058469844202,1791058469845652,1450,0,15,16,16,4,16,5,40
2,2737,2736,1791058469894202,1791058469895447,1245,0,16,13,13,2,13,3,20
2,2738,2737,1791058469944202,1791058469945444,1242,0,17,11,11,1,11,2,10
2,2739,2738,1791058469994202,1791058469996166,1964,0,18,7,7,2,7,3,20
2,2740,2739,1791058470044202,1791058470045558,1356,0,19,10,10,1,11,2,10
2,2741,2740,1791058470094202,1791058470095334,1132,0,0,7,7,1,7,2,10
2,2742,2741,1791058470144202,1791058470146137,1935,0,1,13,13,5,13,3,20
2,2743,2742,1791058470194202,1791058470195997,1795,0,2,8,8,2,8,3,20
2,2744,2743,1791058470244202,1791058470245644,1442,0,3,8,8,2,9,4,21
2,2745,2744,1791058470294202,1791058470295755,1553,0,4,9,9,3,9,4,30
2,2746,2745,1791058470344202,1791058470345420,1218,0,5,9,9,3,9,4,30
2,2747,2746,1791058470394202,1791058470395381,1179,0,6,7,7,1,7,2,10
2,2748,2747,1791058470444202,1791058470445682,1480,0,7,11,11,3,11,3,20
2,2749,2748,1791058470494202,1791058470496198,1996,0,8,6,6,1,6,0,0
2,2750,2749,1791058470544202,1791058470546043,1841,0,9,12,12,3,12,3,20
2,2751,2750,1791058470594202,1791058470595621,1419,0,10,10,10,4,10,4,30
2,2752,2751,1791058470644202,1791058470645625,1423,0,11,12,12,4,13,6,41
2,2753,2752,1791058470694202,1791058470695454,1252,0,12,10,10,1,10,2,10
2,2754,2753,1791058470744202,1791058470745474,1272,0,13,10,10,4,10,4,30
2,2755,2754,1791058470794202,1791058470795759,1557,0,14,11,11,2,11,3,20
2,2756,2755,1791058470844202,1791058470845699,1497,0,15,16,16,4,17,5,40
2,2757,2756,1791058470894202,1791058470895485,1283,0,16,13,13,2,13,3,20
2,2758,2757,1791058470944202,1791058470946361,2159,0,17,11,11,1,11,2,10
2,2759,2758,1791058470994202,1791058470996180,1978,0,18,7,7,2,7,3,20
2,2760,2759,1791058471044202,1791058471045614,1412,0,19,10,10,1,10,2,10
2,2761,2760,1791058471094202,1791058471095885,1683,0,0,7,7,1,7,2,10
2,2762,2761,1791058471144202,1791058471145750,1548,0,1,13,13,5,13,3,20
2,2763,2762,1791058471194202,1791058471195617,1415,0,2,8,8,2,8,3,20
2,2764,2763,1791058471244202,1791058471245609,1407,0,3,8,8,2,9,3,20
2,2765,2764,1791058471294202,1791058471295383,1181,0,4,9,9,3,9,4,30
2,2766,2765,1791058471344202,1791058471345417,1215,0,5,9,9,3,9,4,30
2,2767,2766,1791058471394202,1791058471395540,1338,0,6,7,7,1,7,2,10
2,2768,2767,1791058471444202,1791058471445617,1415,0,7,11,11,3,12,4,21
2,2769,2768,1791058471494202,1791058471495535,1333,0,8,6,6,1,6,0,0
2,2770,2769,1791058471544202,1791058471546082,1880,0,9,12,12,3,12,3,20
2,2771,2770,1791058471594202,1791058471596030,1828,0,10,10,10,4,10,4,30
2,2772,2771,1791058471644202,1791058471645564,1362,0,11,12,12,4,13,5,40
2,2773,2772,1791058471694202,1791058471695375,1173,0,12,10,10,1,10,2,10
2,2774,2773,1791058471744202,1791058471746308,2106,0,13,10,10,4,10,4,30
2,2775,2774,1791058471794202,1791058471796274,2072,0,14,11,11,2,11,3,20
2,2776,2775,1791058471844202,1791058471845689,1487,0,15,16,16,4,16,5,40
2,2777,2776,1791058471894202,1791058471895600,1398,0,16,13,13,2,13,3,20
2,2778,2777,1791058471944202,1791058471945574,1372,0,17,11,11,1,11,2,10
2,2779,2778,1791058471994202,1791058471995411,1209,0,18,7,7,2,7,3,20
2,2780,2779,1791058472044202,1791058472045516,1314,0,19,10,10,1,11,2,10
2,2781,2780,1791058472094202,1791058472095367,1165,0,0,7,7,1,7,2,10
2,2782,2781,1791058472144202,1791058472146310,2108,0,1,13,13,5,13,4,20
2,2783,2782,1791058472194202,1791058472196041,1839,0,2,8,8,2,8,3,20
2,2784,2783,1791058472244202,1791058472245710,1508,0,3,8,8,2,9,4,21
2,2785,2784,1791058472294202,1791058472295415,1213,0,4,9,9,3,9,4,30
2,2786,2785,1791058472344202,1791058472346221,2019,0,5,9,9,3,9,4,30
2,2787,2786,1791058472394202,1791058472396215,2013,0,6,7,7,1,7,2,10
2,2788,2787,1791058472444202,1791058472445607,1405,0,7,11,11,3,11,3,20
2,2789,2788,1791058472494202,1791058472496312,2110,0,8,6,6,1,6,0,0
2,2790,2789,1791058472544202,1791058472546035,1833,0,9,12,12,3,12,3,20
2,2791,2790,1791058472594202,1791058472595967,1765,0,10,10,10,4,10,5,30
2,2792,2791,1791058472644202,1791058472645553,1351,0,11,12,12,4,13,6,41
2,2793,2792,1791058472694202,1791058472695422,1220,0,12,10,10,1,10,2,10
2,2794,2793,1791058472744202,1791058472745448,1246,0,13,10,10,4,10,5,30
2,2795,2794,1791058472794202,1791058472795416,1214,0,14,11,11,2,11,3,20
2,2796,2795,1791058472844202,1791058472845575,1373,0,15,16,16,4,17,5,40
2,2797,2796,1791058472894202,1791058472896297,2095,0,16,13,13,2,13,3,20
2,2798,2797,1791058472944202,1791058472946359,2157,0,17,11,11,1,11,2,10
2,2799,2798,1791058472994202,1791058472996292,2090,0,18,7,7,2,7,3,20
2,2800,2799,1791058473044202,1791058473045492,1290,0,19,10,10,1,10,2,10
2,2801,2800,1791058473094202,1791058473096258,2056,0,0,7,7,1,7,2,10
2,2802,2801,1791058473144202,1791058473145793,1591,0,1,13,13,5,13,3,20
2,2803,2802,1791058473194202,1791058473195614,1412,0,2,8,8,2,8,3,20
2,2804,2803,1791058473244202,1791058473245485,1283,0,3,8,8,2,9,3,20
2,2805,2804,1791058473294202,1791058473296309,2107,0,4,9,9,3,9,4,30
2,2806,2805,1791058473344202,1791058473346153,1951,0,5,9,9,3,9,4,30
2,2807,2806,1791058473394202,1791058473396006,1804,0,6,7,7,1,7,2,10
2,2808,2807,1791058473444202,1791058473445883,1681,0,7,11,11,3,12,4,21
2,2809,2808,1791058473494202,1791058473496134,1932,0,8,6,6,1,6,0,0
2,2810,2809,1791058473544202,1791058473545579,1377,0,9,12,12,3,12,4,20
2,2811,2810,1791058473594202,1791058473595502,1300,0,10,10,10,4,10,4,30
2,2812,2811,1791058473644202,1791058473645749,1547,0,11,12,12,4,13,5,40
2,2813,2812,1791058473694202,1791058473695610,1408,0,12,10,10,1,10,2,10
2,2814,2813,1791058473744202,1791058473746355,2153,0,13,10,10,4,10,4,30
2,2815,2814,1791058473794202,1791058473795529,1327,0,14,11,11,2,11,3,20
2,2816,2815,1791058473844202,1791058473845510,1308,0,15,16,16,4,16,5,40
2,2817,2816,1791058473894202,1791058473895939,1737,0,16,13,13,2,13,3,20
2,2818,2817,1791058473944202,1791058473945379,1177,0,17,11,11,1,11,2,10
2,2819,2818,1791058473994202,1791058473996214,2012,0,18,7,7,2,7,3,20
2,2820,2819,1791058474044202,1791058474045677,1475,0,19,10,10,1,11,2,10
2,2821,2820,1791058474094202,1791058474095501,1299,0,0,7,7,1,7,2,10
2,2822,2821,1791058474144202,1791058474145514,1312,0,1,13,13,5,13,4,20
2,2823,2822,1791058474194202,1791058474195404,1202,0,2,8,8,2,8,3,20
2,2824,2823,1791058474244202,1791058474245595,1393,0,3,8,8,2,9,4,21
2,2825,2824,1791058474294202,1791058474296295,2093,0,4,9,9,3,9,4,30
2,2826,2825,1791058474344202,1791058474345970,1768,0,5,9,9,3,9,4,30
2,2827,2826,1791058474394202,1791058474395800,1598,0,6,7,7,1,7,2,10
2,2828,2827,1791058474444202,1791058474445625,1423,0,7,11,11,3,11,3,20
2,2829,2828,1791058474494202,1791058474496302,2100,0,8,6,6,1,6,0,0
2,2830,2829,1791058474544202,1791058474546097,1895,0,9,12,12,3,12,3,20
2,2831,2830,1791058474594202,1791058474596109,1907,0,10,10,10,4,10,4,30
2,2832,2831,1791058474644202,1791058474645714,1512,0,11,12,12,4,13,6,41
2,2833,2832,1791058474694202,1791058474695574,1372,0,12,10,10,1,10,2,10
2,2834,2833,1791058474744202,1791058474746210,2008,0,13,10,10,4,10,4,30
2,2835,2834,1791058474794202,1791058474796100,1898,0,14,11,11,2,11,3,20
2,2836,2835,1791058474844202,1791058474845646,1444,0,15,16,16,4,16,5,40
2,2837,2836,1791058474894202,1791058474896364,2162,0,16,13,13,2,13,3,20
2,2838,2837,1791058474944202,1791058474945368,1166,0,17,11,11,1,11,2,10
2,2839,2838,1791058474994202,1791058474995367,1165,0,18,7,7,2,7,3,20
2,2840,2839,1791058475044202,1791058475045563,1361,0,19,10,10,1,11,3,11
2,2841,2840,1791058475094202,1791058475096213,2011,0,0,7,7,1,7,2,10
2,2842,2841,1791058475144202,1791058475145368,1166,0,1,13,13,5,13,3,20
2,2843,2842,1791058475194202,1791058475195484,1282,0,2,8,8,2,8,3,20
2,2844,2843,1791058475244202,1791058475245813,1611,0,3,8,8,2,9,3,20
2,2845,2844,1791058475294202,1791058475295883,1681,0,4,9,9,3,9,4,30
2,2846,2845,1791058475344202,1791058475346127,1925,0,5,9,9,3,9,4,30
2,2847,2846,1791058475394202,1791058475395412,1210,0,6,7,7,1,7,2,10
2,2848,2847,1791058475444202,1791058475445604,1402,0,7,11,11,3,12,4,21
2,2849,2848,1791058475494202,1791058475495473,1271,0,8,6,6,1,6,0,0
2,2850,2849,1791058475544202,1791058475546186,1984,0,9,12,12,3,12,3,20
2,2851,2850,1791058475594202,1791058475596278,2076,0,10,10,10,4,10,4,30
2,2852,2851,1791058475644202,1791058475645521,1319,0,11,12,12,4,13,5,40
2,2853,2852,1791058475694202,1791058475696276,2074,0,12,10,10,1,10,2,10
2,2854,2853,1791058475744202,1791058475746058,1856,0,13,10,10,4,10,4,30
2,2855,2854,1791058475794202,1791058475796077,1875,0,14,11,11,2,11,3,20
2,2856,2855,1791058475844202,1791058475845756,1554,0,15,16,16,4,17,6,41
2,2857,2856,1791058475894202,1791058475895620,1418,0,16,13,13,2,13,3,20
2,2858,2857,1791058475944202,1791058475945580,1378,0,17,11,11,1,11,2,10
2,2859,2858,1791058475994202,1791058475995648,1446,0,18,7,7,2,7,3,20
2,2860,2859,1791058476044202,1791058476045675,1473,0,19,10,10,1,10,2,10
2,2861,2860,1791058476094202,1791058476096271,2069,0,0,7,7,1,7,2,10
2,2862,2861,1791058476144202,1791058476146303,2101,0,1,13,13,5,13,4,20
2,2863,2862,1791058476194202,1791058476195608,1406,0,2,8,8,2,8,3,20
2,2864,2863,1791058476244202,1791058476245739,1537,0,3,8,8,2,9,4,21
2,2865,2864,1791058476294202,1791058476295842,1640,0,4,9,9,3,9,4,30
2,2866,2865,1791058476344202,1791058476345877,1675,0,5,9,9,3,9,4,30
2,2867,2866,1791058476394202,1791058476395693,1491,0,6,7,7,1,7,2,10
2,2868,2867,1791058476444202,1791058476445612,1410,0,7,11,11,3,12,3,20
2,2869,2868,1791058476494202,1791058476495469,1267,0,8,6,6,1,6,0,0
2,2870,2869,1791058476544202,1791058476546192,1990,0,9,12,12,3,12,3,20
2,2871,2870,1791058476594202,1791058476595366,1164,0,10,10,10,4,10,4,30
2,2872,2871,1791058476644202,1791058476645637,1435,0,11,12,12,4,13,6,41
2,2873,2872,1791058476694202,1791058476695642,1440,0,12,10,10,1,10,2,10
2,2874,2873,1791058476744202,1791058476745587,1385,0,13,10,10,4,10,4,30
2,2875,2874,1791058476794202,1791058476795510,1308,0,14,11,11,2,11,3,20
2,2876,2875,1791058476844202,1791058476845667,1465,0,15,16,16,4,16,5,40
2,2877,2876,1791058476894202,1791058476896276,2074,0,16,13,13,2,13,3,20
2,2878,2877,1791058476944202,1791058476946061,1859,0,17,11,11,1,11,2,10
2,2879,2878,1791058476994202,1791058476995496,1294,0,18,7,7,2,7,3,20
2,2880,2879,1791058477044202,1791058477045654,1452,0,19,10,10,1,11,3,11
2,2881,2880,1791058477094202,1791058477095506,1304,0,0,7,7,1,7,2,10
2,2882,2881,1791058477144202,1791058477146203,2001,0,1,13,13,5,13,4,20
2,2883,2882,1791058477194202,1791058477196075,1873,0,2,8,8,2,8,3,20
2,2884,2883,1791058477244202,1791058477245648,1446,0,3,8,8,2,8,3,20
2,2885,2884,1791058477294202,1791058477295416,1214,0,4,9,9,3,9,4,30
2,2886,2885,1791058477344202,1791058477346169,1967,0,5,9,9,3,9,4,30
2,2887,2886,1791058477394202,1791058477396071,1869,0,6,7,7,1,7,2,10
2,2888,2887,1791058477444202,1791058477445621,1419,0,7,11,11,3,12,4,21
2,2889,2888,1791058477494202,1791058477495567,1365,0,8,6,6,1,6,0,0
2,2890,2889,1791058477544202,1791058477545394,1192,0,9,12,12,3,12,3,20
2,2891,2890,1791058477594202,1791058477596292,2090,0,10,10,10,4,10,4,30
2,2892,2891,1791058477644202,1791058477645637,1435,0,11,12,12,4,13,5,40
2,2893,2892,1791058477694202,1791058477696217,2015,0,12,10,10,1,10,2,10
2,2894,2893,1791058477744202,1791058477745797,1595,0,13,10,10,4,10,5,30
2,2895,2894,1791058477794202,1791058477795773,1571,0,14,11,11,2,11,3,20
2,2896,2895,1791058477844202,1791058477845662,1460,0,15,16,16,4,16,5,40
2,2897,2896,1791058477894202,1791058477895428,1226,0,16,13,13,2,13,3,20
2,2898,2897,1791058477944202,1791058477945403,1201,0,17,11,11,1,11,2,10
2,2899,2898,1791058477994202,1791058477996354,2152,0,18,7,7,2,7,3,20
2,2900,2899,1791058478044202,1791058478045541,1339,0,19,10,10,1,11,2,10
2,2901,2900,1791058478094202,1791058478095362,1160,0,0,7,7,1,7,2,10
2,2902,2901,1791058478144202,1791058478145524,1322,0,1,13,13,5,13,4,20
2,2903,2902,1791058478194202,1791058478195489,1287,0,2,8,8,2,8,3,20
2,2904,2903,1791058478244202,1791058478245593,1391,0,3,8,8,2,8,3,20
2,2905,2904,1791058478294202,1791058478295444,1242,0,4,9,9,3,9,4,30
2,2906,2905,1791058478344202,1791058478346296,2094,0,5,9,9,3,9,4,30
2,2907,2906,1791058478394202,1791058478396119,1917,0,6,7,7,1,7,2,10
2,2908,2907,1791058478444202,1791058478445790,1588,0,7,11,11,3,12,3,20
2,2909,2908,1791058478494202,1791058478495805,1603,0,8,6,6,1,6,0,0
2,2910,2909,1791058478544202,1791058478545860,1658,0,9,12,12,3,12,3,20
2,2911,2910,1791058478594202,1791058478595513,1311,0,10,10,10,4,10,4,30
2,2912,2911,1791058478644202,1791058478645628,1426,0,11,12,12,4,12,5,40
2,2913,2912,1791058478694202,1791058478695765,1563,0,12,10,10,1,10,2,10
2,2914,2913,1791058478744202,1791058478745849,1647,0,13,10,10,4,10,4,30
2,2915,2914,1791058478794202,1791058478795849,1647,0,14,11,11,2,11,3,20
2,2916,2915,1791058478844202,1791058478845748,1546,0,15,16,16,4,17,5,40
2,2917,2916,1791058478894202,1791058478896107,1905,0,16,13,13,2,13,3,20
2,2918,2917,1791058478944202,1791058478946234,2032,0,17,11,11,1,11,2,10
2,2919,2918,1791058478994202,1791058478996324,2122,0,18,7,7,2,7,3,20
2,2920,2919,1791058479044202,1791058479045733,1531,0,19,10,10,1,11,3,11
2,2921,2920,1791058479094202,1791058479095382,1180,0,0,7,7,1,7,2,10
2,2922,2921,1791058479144202,1791058479146343,2141,0,1,13,13,5,13,3,20
2,2923,2922,1791058479194202,1791058479195450,1248,0,2,8,8,2,8,3,20
2,2924,2923,1791058479244202,1791058479245542,1340,0,3,8,8,2,8,3,20
2,2925,2924,1791058479294202,1791058479295569,1367,0,4,9,9,3,9,4,30
2,2926,2925,1791058479344202,1791058479345385,1183,0,5,9,9,3,9,4,30
2,2927,2926,1791058479394202,1791058479396286,2084,0,6,7,7,1,7,2,10
2,2928,2927,1791058479444202,1791058479445687,1485,0,7,11,11,3,12,4,21
2,2929,2928,1791058479494202,1791058479495416,1214,0,8,6,6,1,6,0,0
2,2930,2929,1791058479544202,1791058479546264,2062,0,9,12,12,3,12,3,20
2,2931,2930,1791058479594202,1791058479596274,2072,0,10,10,10,4,10,4,30
2,2932,2931,1791058479644202,1791058479645947,1745,0,11,12,12,4,13,5,40
2,2933,2932,1791058479694202,1791058479695657,1455,0,12,10,10,1,10,2,10
2,2934,2933,1791058479744202,1791058479745593,1391,0,13,10,10,4,10,4,30
2,2935,2934,1791058479794202,1791058479796325,2123,0,14,11,11,2,11,3,20
2,2936,2935,1791058479844202,1791058479845700,1498,0,15,16,16,4,16,5,40
2,2937,2936,1791058479894202,1791058479895640,1438,0,16,13,13,2,13,3,20
2,2938,2937,1791058479944202,1791058479945573,1371,0,17,11,11,1,11,2,10
2,2939,2938,1791058479994202,1791058479995776,1574,0,18,7,7,2,7,3,20
2,2940,2939,1791058480044202,1791058480045617,1415,0,19,10,10,1,11,2,10
2,2941,2940,1791058480094202,1791058480095965,1763,0,0,7,7,1,7,2,10
2,2942,2941,1791058480144202,1791058480145400,1198,0,1,13,13,5,13,3,20
2,2943,2942,1791058480194202,1791058480195476,1274,0,2,8,8,2,8,3,20
2,2944,2943,1791058480244202,1791058480245641,1439,0,3,8,8,2,9,4,21
2,2945,2944,1791058480294202,1791058480295569,1367,0,4,9,9,3,9,4,30
2,2946,2945,1791058480344202,1791058480345616,1414,0,5,9,9,3,9,4,30
2,2947,2946,1791058480394202,1791058480396308,2106,0,6,7,7,1,7,2,10
2,2948,2947,1791058480444202,1791058480445660,1458,0,7,11,11,3,11,3,20
2,2949,2948,1791058480494202,1791058480495984,1782,0,8,6,6,1,6,0,0
2,2950,2949,1791058480544202,1791058480545748,1546,0,9,12,12,3,12,4,20
2,2951,2950,1791058480594202,1791058480595694,1492,0,10,10,10,4,10,4,30
2,2952,2951,1791058480644202,1791058480645818,1616,0,11,12,12,4,13,6,41
2,2953,2952,1791058480694202,1791058480695932,1730,0,12,10,10,1,10,2,10
2,2954,2953,1791058480744202,1791058480745987,1785,0,13,10,10,4,10,4,30
2,2955,2954,1791058480794202,1791058480796223,2021,0,14,11,11,2,11,3,20
2,2956,2955,1791058480844202,1791058480845829,1627,0,15,16,16,4,17,5,40
2,2957,2956,1791058480894202,1791058480895857,1655,0,16,13,13,2,13,3,20
2,2958,2957,1791058480944202,1791058480945734,1532,0,17,11,11,1,11,2,10
2,2959,2958,1791058480994202,1791058480995559,1357,0,18,7,7,2,7,3,20
2,2960,2959,1791058481044202,1791058481045717,1515,0,19,10,10,1,11,3,11
2,2961,2960,1791058481094202,1791058481095409,1207,0,0,7,7,1,7,2,10
2,2962,2961,1791058481144202,1791058481146274,2072,0,1,13,13,5,13,3,20
2,2963,2962,1791058481194202,1791058481196183,1981,0,2,8,8,2,8,3,20
2,2964,2963,1791058481244202,1791058481245522,1320,0,3,8,8,2,8,3,20
2,2965,2964,1791058481294202,1791058481296348,2146,0,4,9,9,3,9,4,30
2,2966,2965,1791058481344202,1791058481346176,1974,0,5,9,9,3,9,4,30
2,2967,2966,1791058481394202,1791058481396051,1849,0,6,7,7,1,7,2,10
2,2968,2967,1791058481444202,1791058481445827,1625,0,7,11,11,3,12,4,21
2,2969,2968,1791058481494202,1791058481495826,1624,0,8,6,6,1,6,0,0
2,2970,2969,1791058481544202,1791058481546088,1886,0,9,12,12,3,12,3,20
2,2971,2970,1791058481594202,1791058481596017,1815,0,10,10,10,4,10,4,30
2,2972,2971,1791058481644202,1791058481645907,1705,0,11,12,12,4,13,5,40
2,2973,2972,1791058481694202,1791058481696003,1801,0,12,10,10,1,10,2,10
2,2974,2973,1791058481744202,1791058481745888,1686,0,13,10,10,4,10,4,30
2,2975,2974,1791058481794202,1791058481795708,1506,0,14,11,11,2,11,3,20
2,2976,2975,1791058481844202,1791058481845559,1357,0,15,16,16,4,16,5,40
2,2977,2976,1791058481894202,1791058481895392,1190,0,16,13,13,2,13,3,20
2,2978,2977,1791058481944202,1791058481945491,1289,0,17,11,11,1,11,2,10
2,2979,2978,1791058481994202,1791058481995619,1417,0,18,7,7,2,7,3,20
2,2980,2979,1791058482044202,1791058482045636,1434,0,19,10,10,1,11,2,10
2,2981,2980,1791058482094202,1791058482095297,1095,0,0,7,7,1,7,2,10
2,2982,2981,1791058482144202,1791058482146279,2077,0,1,13,13,5,13,4,20
2,2983,2982,1791058482194202,1791058482196383,2181,0,2,8,8,2,8,3,20
2,2984,2983,1791058482244202,1791058482245676,1474,0,3,8,8,2,9,4,21
2,2985,2984,1791058482294202,1791058482295542,1340,0,4,9,9,3,9,4,30
2,2986,2985,1791058482344202,1791058482345451,1249,0,5,9,9,3,9,4,30
2,2987,2986,1791058482394202,1791058482395419,1217,0,6,7,7,1,7,2,10
2,2988,2987,1791058482444202,1791058482445617,1415,0,7,11,11,3,11,3,20
2,2989,2988,1791058482494202,1791058482496269,2067,0,8,6,6,1,6,0,0
2,2990,2989,1791058482544202,1791058482546069,1867,0,9,12,12,3,12,3,20
2,2991,2990,1791058482594202,1791058482596000,1798,0,10,10,10,4,10,4,30
2,2992,2991,1791058482644202,1791058482645535,1333,0,11,12,12,4,13,6,41
2,2993,2992,1791058482694202,1791058482695654,1452,0,12,10,10,1,10,2,10
2,2994,2993,1791058482744202,1791058482745449,1247,0,13,10,10,4,10,4,30
2,2995,2994,1791058482794202,1791058482796334,2132,0,14,11,11,2,11,3,20
2,2996,2995,1791058482844202,1791058482845721,1519,0,15,16,16,4,16,5,40
2,2997,2996,1791058482894202,1791058482895461,1259,0,16,13,13,2,13,3,20
2,2998,2997,1791058482944202,1791058482946286,2084,0,17,11,11,1,11,2,10
2,2999,2998,1791058482994202,1791058482996199,1997,0,18,7,7,2,7,3,20
2,3000,2999,1791058483044202,1791058483045651,1449,0,19,10,10,1,11,3,11
2,3001,3000,1791058483094202,1791058483095492,1290,0,0,7,7,1,7,2,10
2,3002,3001,1791058483144202,1791058483145436,1234,0,1,13,13,5,13,4,20
2,3003,3002,1791058483194202,1791058483196244,2042,0,2,8,8,2,8,3,20
2,3004,3003,1791058483244202,1791058483245655,1453,0,3,8,8,2,8,3,20
2,3005,3004,1791058483294202,1791058483295408,1206,0,4,9,9,3,9,4,30
2,3006,3005,1791058483344202,1791058483346159,1957,0,5,9,9,3,9,4,30
2,3007,3006,1791058483394202,1791058483396002,1800,0,6,7,7,1,7,2,10
2,3008,3007,1791058483444202,1791058483445545,1343,0,7,11,11,3,12,5,21
2,3009,3008,1791058483494202,1791058483495422,1220,0,8,6,6,1,6,0,0
2,3010,3009,1791058483544202,1791058483545358,1156,0,9,12,12,3,12,3,20
2,3011,3010,1791058483594202,1791058483595439,1237,0,10,10,10,4,10,4,30
2,3012,3011,1791058483644202,1791058483645699,1497,0,11,12,12,4,13,5,40
2,3013,3012,1791058483694202,1791058483695516,1314,0,12,10,10,1,10,2,10
2,3014,3013,1791058483744202,1791058483745570,1368,0,13,10,10,4,10,4,30
2,3015,3014,1791058483794202,1791058483796361,2159,0,14,11,11,2,11,3,20
2,3016,3015,1791058483844202,1791058483845663,1461,0,15,16,16,4,16,5,40
2,3017,3016,1791058483894202,1791058483895472,1270,0,16,13,13,2,13,3,20
2,3018,3017,1791058483944202,1791058483946327,2125,0,17,11,11,1,11,2,10
2,3019,3018,1791058483994202,1791058483996097,1895,0,18,7,7,2,7,3,20
2,3020,3019,1791058484044202,1791058484045683,1481,0,19,10,10,1,11,2,10
2,3021,3020,1791058484094202,1791058484096163,1961,0,0,7,7,1,7,2,10
2,3022,3021,1791058484144202,1791058484145669,1467,0,1,13,13,5,13,4,20
2,3023,3022,1791058484194202,1791058484195903,1701,0,2,8,8,2,8,3,20
2,3024,3023,1791058484244202,1791058484245687,1485,0,3,8,8,2,8,3,20
2,3025,3024,1791058484294202,1791058484295767,1565,0,4,9,9,3,9,4,30
2,3026,3025,1791058484344202,1791058484345986,1784,0,5,9,9,3,9,4,30
2,3027,3026,1791058484394202,1791058484396104,1902,0,6,7,7,1,7,2,10
2,3028,3027,1791058484444202,1791058484445746,1544,0,7,11,11,3,12,4,20
2,3029,3028,1791058484494202,1791058484495772,1570,0,8,6,6,1,6,0,0
2,3030,3029,1791058484544202,1791058484545738,1536,0,9,12,12,3,12,3,20
2,3031,3030,1791058484594202,1791058484595831,1629,0,10,10,10,4,10,4,30
2,3032,3031,1791058484644202,1791058484645574,1372,0,11,12,12,4,13,6,41
2,3033,3032,1791058484694202,1791058484695608,1406,0,12,10,10,1,10,2,10
2,3034,3033,1791058484744202,1791058484745761,1559,0,13,10,10,4,10,4,30
2,3035,3034,1791058484794202,1791058484795967,1765,0,14,11,11,2,11,3,20
2,3036,3035,1791058484844202,1791058484845616,1414,0,15,16,16,4,17,5,40
2,3037,3036,1791058484894202,1791058484896049,1847,0,16,13,13,2,13,3,20
2,3038,3037,1791058484944202,1791058484946023,1821,0,17,11,11,1,11,2,10
2,3039,3038,1791058484994202,1791058484996337,2135,0,18,7,7,2,7,3,20
2,3040,3039,1791058485044202,1791058485045638,1436,0,19,10,10,1,10,2,10
2,3041,3040,1791058485094202,1791058485095348,1146,0,0,7,7,1,7,2,10
2,3042,3041,1791058485144202,1791058485146274,2072,0,1,13,13,5,13,3,20
2,3043,3042,1791058485194202,1791058485196140,1938,0,2,8,8,2,8,3,20
2,3044,3043,1791058485244202,1791058485245541,1339,0,3,8,8,2,9,3,20
2,3045,3044,1791058485294202,1791058485295578,1376,0,4,9,9,3,9,4,30
2,3046,3045,1791058485344202,1791058485345581,1379,0,5,9,9,3,9,4,30
2,3047,3046,1791058485394202,1791058485395577,1375,0,6,7,7,1,7,2,10
2,3048,3047,1791058485444202,1791058485445761,1559,0,7,11,11,3,12,4,21
2,3049,3048,1791058485494202,1791058485495466,1264,0,8,6,6,1,6,0,0
2,3050,3049,1791058485544202,1791058485546073,1871,0,9,12,12,3,12,3,20
2,3051,3050,1791058485594202,1791058485596297,2095,0,10,10,10,4,10,4,30
2,3052,3051,1791058485644202,1791058485645868,1666,0,11,12,12,4,13,5,40
2,3053,3052,1791058485694202,1791058485695828,1626,0,12,10,10,1,10,2,10
2,3054,3053,1791058485744202,1791058485745867,1665,0,13,10,10,4,10,4,30
2,3055,3054,1791058485794202,1791058485795957,1755,0,14,11,11,2,11,3,20
2,3056,3055,1791058485844202,1791058485845707,1505,0,15,16,16,4,16,5,40
2,3057,3056,1791058485894202,1791058485895657,1455,0,16,13,13,2,13,3,20
2,3058,3057,1791058485944202,1791058485945946,1744,0,17,11,11,1,11,2,10
2,3059,3058,1791058485994202,1791058485995579,1377,0,18,7,7,2,7,3,20
2,3060,3059,1791058486044202,1791058486045695,1493,0,19,10,10,1,11,2,10
2,3061,3060,1791058486094202,1791058486096101,1899,0,0,7,7,1,7,2,10
2,3062,3061,1791058486144202,1791058486145538,1336,0,1,13,13,5,13,3,20
2,3063,3062,1791058486194202,1791058486195578,1376,0,2,8,8,2,8,3,20
2,3064,3063,1791058486244202,1791058486245634,1432,0,3,8,8,2,8,3,20
2,3065,3064,1791058486294202,1791058486296331,2129,0,4,9,9,3,9,4,30
2,3066,3065,1791058486344202,1791058486346230,2028,0,5,9,9,3,9,4,30
2,3067,3066,1791058486394202,1791058486395835,1633,0,6,7,7,1,7,2,10
2,3068,3067,1791058486444202,1791058486445651,1449,0,7,11,11,3,12,3,20
2,3069,3068,1791058486494202,1791058486495583,1381,0,8,6,6,1,6,0,0
2,3070,3069,1791058486544202,1791058486545488,1286,0,9,12,12,3,12,3,20
2,3071,3070,1791058486594202,1791058486595445,1243,0,10,10,10,4,10,4,30
2,3072,3071,1791058486644202,1791058486645626,1424,0,11,12,12,4,13,6,41
2,3073,3072,1791058486694202,1791058486695863,1661,0,12,10,10,1,10,2,10
2,3074,3073,1791058486744202,1791058486745685,1483,0,13,10,10,4,10,4,30
2,3075,3074,1791058486794202,1791058486795676,1474,0,14,11,11,2,11,3,20
2,3076,3075,1791058486844202,1791058486845662,1460,0,15,16,16,4,17,5,40
2,3077,3076,1791058486894202,1791058486895996,1794,0,16,13,13,2,13,3,20
2,3078,3077,1791058486944202,1791058486945405,1203,0,17,11,11,1,11,2,10
2,3079,3078,1791058486994202,1791058486995609,1407,0,18,7,7,2,7,3,20
2,3080,3079,1791058487044202,1791058487045720,1518,0,19,10,10,1,10,2,10
2,3081,3080,1791058487094202,1791058487096047,1845,0,0,7,7,1,7,2,10
2,3082,3081,1791058487144202,1791058487145439,1237,0,1,13,13,5,13,3,20
2,3083,3082,1791058487194202,1791058487195582,1380,0,2,8,8,2,8,3,20
2,3084,3083,1791058487244202,1791058487245640,1438,0,3,8,8,2,9,3,20
2,3085,3084,1791058487294202,1791058487296272,2070,0,4,9,9,3,9,4,30
2,3086,3085,1791058487344202,1791058487345458,1256,0,5,9,9,3,9,4,30
2,3087,3086,1791058487394202,1791058487395817,1615,0,6,7,7,1,7,2,10
2,3088,3087,1791058487444202,1791058487445715,1513,0,7,11,11,3,11,3,20
2,3089,3088,1791058487494202,1791058487495969,1767,0,8,6,6,1,6,0,0
2,3090,3089,1791058487544202,1791058487545868,1666,0,9,12,12,3,12,3,20
2,3091,3090,1791058487594202,1791058487596071,1869,0,10,10,10,4,10,4,30
2,3092,3091,1791058487644202,1791058487645643,1441,0,11,12,12,4,13,5,40
2,3093,3092,1791058487694202,1791058487695946,1744,0,12,10,10,1,10,2,10
2,3094,3093,1791058487744202,1791058487745942,1740,0,13,10,10,4,10,4,30
2,3095,3094,1791058487794202,1791058487795984,1782,0,14,11,11,2,11,3,20
2,3096,3095,1791058487844202,1791058487845821,1619,0,15,16,16,4,17,6,41
2,3097,3096,1791058487894202,1791058487895648,1446,0,16,13,13,2,13,3,20
2,3098,3097,1791058487944202,1791058487945974,1772,0,17,11,11,1,11,2,10
2,3099,3098,1791058487994202,1791058487996168,1966,0,18,7,7,2,7,3,20
2,3100,3099,1791058488044202,1791058488045642,1440,0,19,10,10,1,10,2,10
2,3101,3100,1791058488094202,1791058488095719,1517,0,0,7,7,1,7,2,10
2,3102,3101,1791058488144202,1791058488146124,1922,0,1,13,13,5,13,4,20
2,3103,3102,1791058488194202,1791058488195545,1343,0,2,8,8,2,8,3,20
2,3104,3103,1791058488244202,1791058488245557,1355,0,3,8,8,2,9,4,21
2,3105,3104,1791058488294202,1791058488296364,2162,0,4,9,9,3,9,4,30
2,3106,3105,1791058488344202,1791058488346157,1955,0,5,9,9,3,9,4,30
2,3107,3106,1791058488394202,1791058488396036,1834,0,6,7,7,1,7,2,10
2,3108,3107,1791058488444202,1791058488445538,1336,0,7,11,11,3,12,4,20
2,3109,3108,1791058488494202,1791058488495357,1155,0,8,6,6,1,6,0,0
2,3110,3109,1791058488544202,1791058488546198,1996,0,9,12,12,3,12,3,20
2,3111,3110,1791058488594202,1791058488596325,2123,0,10,10,10,4,10,4,30
2,3112,3111,1791058488644202,1791058488645683,1481,0,11,12,12,4,12,5,40
2,3113,3112,1791058488694202,1791058488695383,1181,0,12,10,10,1,10,2,10
2,3114,3113,1791058488744202,1791058488745948,1746,0,13,10,10,4,10,4,30
2,3115,3114,1791058488794202,1791058488795772,1570,0,14,11,11,2,11,3,20
2,3116,3115,1791058488844202,1791058488845531,1329,0,15,16,16,4,17,5,40
2,3117,3116,1791058488894202,1791058488896174,1972,0,16,13,13,2,13,3,20
2,3118,3117,1791058488944202,1791058488945884,1682,0,17,11,11,1,11,2,10
2,3119,3118,1791058488994202,1791058488995778,1576,0,18,7,7,2,7,3,20
2,3120,3119,1791058489044202,1791058489045653,1451,0,19,10,10,1,11,3,11
2,3121,3120,1791058489094202,1791058489096116,1914,0,0,7,7,1,7,2,10
2,3122,3121,1791058489144202,1791058489146049,1847,0,1,13,13,5,13,3,20
2,3123,3122,1791058489194202,1791058489196081,1879,0,2,8,8,2,8,3,20
2,3124,3123,1791058489244202,1791058489245677,1475,0,3,8,8,2,8,3,20
2,3125,3124,1791058489294202,1791058489295411,1209,0,4,9,9,3,9,4,30
2,3126,3125,1791058489344202,1791058489346046,1844,0,5,9,9,3,9,4,30
2,3127,3126,1791058489394202,1791058489395970,1768,0,6,7,7,1,7,2,10
2,3128,3127,1791058489444202,1791058489445658,1456,0,7,11,11,3,12,4,21
2,3129,3128,1791058489494202,1791058489495326,1124,0,8,6,6,1,6,0,0
2,3130,3129,1791058489544202,1791058489546326,2124,0,9,12,12,3,12,3,20
2,3131,3130,1791058489594202,1791058489596337,2135,0,10,10,10,4,10,4,30
2,3132,3131,1791058489644202,1791058489645658,1456,0,11,12,12,4,13,5,40
2,3133,3132,1791058489694202,1791058489695531,1329,0,12,10,10,1,10,2,10
2,3134,3133,1791058489744202,1791058489745380,1178,0,13,10,10,4,10,4,30
2,3135,3134,1791058489794202,1791058489796184,1982,0,14,11,11,2,11,3,20
2,3136,3135,1791058489844202,1791058489845673,1471,0,15,16,16,4,16,5,40
2,3137,3136,1791058489894202,1791058489895659,1457,0,16,13,13,2,13,3,20
2,3138,3137,1791058489944202,1791058489945629,1427,0,17,11,11,1,11,2,10
2,3139,3138,1791058489994202,1791058489995380,1178,0,18,7,7,2,7,3,20
2,3140,3139,1791058490044202,1791058490045580,1378,0,19,10,10,1,11,2,10
2,3141,3140,1791058490094202,1791058490095387,1185,0,0,7,7,1,7,2,10
2,3142,3141,1791058490144202,1791058490146186,1984,0,1,13,13,5,13,4,20
2,3143,3142,1791058490194202,1791058490195732,1530,0,2,8,8,2,8,3,20
2,3144,3143,1791058490244202,1791058490245843,1641,0,3,8,8,2,9,4,21
2,3145,3144,1791058490294202,1791058490296101,1899,0,4,9,9,3,9,4,30
2,3146,3145,1791058490344202,1791058490346244,2042,0,5,9,9,3,9,4,30
2,3147,3146,1791058490394202,1791058490396211,2009,0,6,7,7,1,7,2,10
2,3148,3147,1791058490444202,1791058490445593,1391,0,7,11,11,3,12,3,20
2,3149,3148,1791058490494202,1791058490495358,1156,0,8,6,6,1,6,0,0
2,3150,3149,1791058490544202,1791058490546048,1846,0,9,12,12,3,12,3,20
2,3151,3150,1791058490594202,1791058490595830,1628,0,10,10,10,4,10,4,30
2,3152,3151,1791058490644202,1791058490645678,1476,0,11,12,12,4,12,5,40
2,3153,3152,1791058490694202,1791058490695360,1158,0,12,10,10,1,10,2,10
2,3154,3153,1791058490744202,1791058490745961,1759,0,13,10,10,4,10,4,30
2,3155,3154,1791058490794202,1791058490796265,2063,0,14,11,11,2,11,3,20
2,3156,3155,1791058490844202,1791058490845617,1415,0,15,16,16,4,17,5,40
2,3157,3156,1791058490894202,1791058490895628,1426,0,16,13,13,2,13,3,20
2,3158,3157,1791058490944202,1791058490945476,1274,0,17,11,11,1,11,2,10
2,3159,3158,1791058490994202,1791058490995658,1456,0,18,7,7,2,7,3,20
2,3160,3159,1791058491044202,1791058491045605,1403,0,19,10,10,1,11,3,11
2,3161,3160,1791058491094202,1791058491095526,1324,0,0,7,7,1,7,2,10
2,3162,3161,1791058491144202,1791058491146260,2058,0,1,13,13,5,13,3,20
2,3163,3162,1791058491194202,1791058491196061,1859,0,2,8,8,2,8,3,20
2,3164,3163,1791058491244202,1791058491245679,1477,0,3,8,8,2,8,3,20
2,3165,3164,1791058491294202,1791058491295750,1548,0,4,9,9,3,9,4,30
2,3166,3165,1791058491344202,1791058491345698,1496,0,5,9,9,3,9,4,30
2,3167,3166,1791058491394202,1791058491396349,2147,0,6,7,7,1,7,2,10
2,3168,3167,1791058491444202,1791058491445882,1680,0,7,11,11,3,12,4,21
2,3169,3168,1791058491494202,1791058491495369,1167,0,8,6,6,1,6,0,0
2,3170,3169,1791058491544202,1791058491546266,2064,0,9,12,12,3,12,3,20
2,3171,3170,1791058491594202,1791058491595702,1500,0,10,10,10,4,10,4,30
2,3172,3171,1791058491644202,1791058491645680,1478,0,11,12,12,4,12,5,40
2,3173,3172,1791058491694202,1791058491695847,1645,0,12,10,10,1,10,2,10
2,3174,3173,1791058491744202,1791058491746107,1905,0,13,10,10,4,10,4,30
2,3175,3174,1791058491794202,1791058491795466,1264,0,14,11,11,2,11,3,20
2,3176,3175,1791058491844202,1791058491845612,1410,0,15,16,16,4,17,6,41
2,3177,3176,1791058491894202,1791058491895361,1159,0,16,13,13,2,13,3,20
2,3178,3177,1791058491944202,1791058491946277,2075,0,17,11,11,1,11,2,10
2,3179,3178,1791058491994202,1791058491996142,1940,0,18,7,7,2,7,3,20
2,3180,3179,1791058492044202,1791058492045630,1428,0,19,10,10,1,10,2,10
2,3181,3180,1791058492094202,1791058492095375,1173,0,0,7,7,1,7,2,10
2,3182,3181,1791058492144202,1791058492146316,2114,0,1,13,13,5,13,4,20
2,3183,3182,1791058492194202,1791058492196207,2005,0,2,8,8,2,8,3,20
2,3184,3183,1791058492244202,1791058492245592,1390,0,3,8,8,2,9,4,21
2,3185,3184,1791058492294202,1791058492296310,2108,0,4,9,9,3,9,4,30
2,3186,3185,1791058492344202,1791058492346110,1908,0,5,9,9,3,9,4,30
2,3187,3186,1791058492394202,1791058492395772,1570,0,6,7,7,1,7,2,10
2,3188,3187,1791058492444202,1791058492445609,1407,0,7,11,11,3,11,3,20
2,3189,3188,1791058492494202,1791058492495385,1183,0,8,6,6,1,6,0,0
2,3190,3189,1791058492544202,1791058492545938,1736,0,9,12,12,3,12,3,20
2,3191,3190,1791058492594202,1791058492595784,1582,0,10,10,10,4,10,4,30
2,3192,3191,1791058492644202,1791058492645610,1408,0,11,12,12,4,13,6,41
2,3193,3192,1791058492694202,1791058492695673,1471,0,12,10,10,1,10,2,10
2,3194,3193,1791058492744202,1791058492745434,1232,0,13,10,10,4,10,4,30
2,3195,3194,1791058492794202,1791058492796278,2076,0,14,11,11,2,11,3,20
2,3196,3195,1791058492844202,1791058492845698,1496,0,15,16,16,4,17,5,40
2,3197,3196,1791058492894202,1791058492895604,1402,0,16,13,13,2,13,3,20
2,3198,3197,1791058492944202,1791058492945909,1707,0,17,11,11,1,11,2,10
2,3199,3198,1791058492994202,1791058492996080,1878,0,18,7,7,2,7,3,20
2,3200,3199,1791058493044202,1791058493045599,1397,0,19,10,10,1,11,3,11
2,3201,3200,1791058493094202,1791058493095486,1284,0,0,7,7,1,7,2,10
2,3202,3201,1791058493144202,1791058493145533,1331,0,1,13,13,5,13,3,20
2,3203,3202,1791058493194202,1791058493195540,1338,0,2,8,8,2,8,3,20
2,3204,3203,1791058493244202,1791058493245582,1380,0,3,8,8,2,9,3,20
2,3205,3204,1791058493294202,1791058493296317,2115,0,4,9,9,3,9,4,30
2,3206,3205,1791058493344202,1791058493345529,1327,0,5,9,9,3,9,4,30
2,3207,3206,1791058493394202,1791058493395494,1292,0,6,7,7,1,7,2,10
2,3208,3207,1791058493444202,1791058493445662,1460,0,7,11,11,3,11,3,20
2,3209,3208,1791058493494202,1791058493495485,1283,0,8,6,6,1,6,0,0
2,3210,3209,1791058493544202,1791058493546338,2136,0,9,12,12,3,12,3,20
2,3211,3210,1791058493594202,1791058493596334,2132,0,10,10,10,4,10,4,30
2,3212,3211,1791058493644202,1791058493645669,1467,0,11,12,12,4,13,5,40
2,3213,3212,1791058493694202,1791058493696360,2158,0,12,10,10,1,10,2,10
2,3214,3213,1791058493744202,1791058493746154,1952,0,13,10,10,4,10,4,30
2,3215,3214,1791058493794202,1791058493796141,1939,0,14,11,11,2,11,3,20
2,3216,3215,1791058493844202,1791058493845707,1505,0,15,16,16,4,16,5,40
2,3217,3216,1791058493894202,1791058493895737,1535,0,16,13,13,2,13,3,20
2,3218,3217,1791058493944202,1791058493945631,1429,0,17,11,11,1,11,2,10
2,3219,3218,1791058493994202,1791058493995377,1175,0,18,7,7,2,7,3,20
2,3220,3219,1791058494044202,1791058494045582,1380,0,19,10,10,1,11,2,10
2,3221,3220,1791058494094202,1791058494095435,1233,0,0,7,7,1,7,2,10
2,3222,3221,1791058494144202,1791058494146353,2151,0,1,13,13,5,13,4,20
2,3223,3222,1791058494194202,1791058494195410,1208,0,2,8,8,2,8,3,20
2,3224,3223,1791058494244202,1791058494245564,1362,0,3,8,8,2,9,4,21
2,3225,3224,1791058494294202,1791058494296213,2011,0,4,9,9,3,9,4,30
2,3226,3225,1791058494344202,1791058494346287,2085,0,5,9,9,3,9,4,30
2,3227,3226,1791058494394202,1791058494395374,1172,0,6,7,7,1,7,2,10
2,3228,3227,1791058494444202,1791058494445609,1407,0,7,11,11,3,11,3,20
2,3229,3228,1791058494494202,1791058494495614,1412,0,8,6,6,1,6,0,0
2,3230,3229,1791058494544202,1791058494545417,1215,0,9,12,12,3,12,4,20
2,3231,3230,1791058494594202,1791058494595860,1658,0,10,10,10,4,10,5,30
2,3232,3231,1791058494644202,1791058494645753,1551,0,11,12,12,4,13,6,41
2,3233,3232,1791058494694202,1791058494695822,1620,0,12,10,10,1,10,2,10
2,3234,3233,1791058494744202,1791058494745868,1666,0,13,10,10,4,10,4,30
2,3235,3234,1791058494794202,1791058494796058,1856,0,14,11,11,2,11,3,20
2,3236,3235,1791058494844202,1791058494845975,1773,0,15,16,16,4,17,5,40
2,3237,3236,1791058494894202,1791058494895737,1535,0,16,13,13,2,13,3,20
2,3238,3237,1791058494944202,1791058494945556,1354,0,17,11,11,1,11,2,10
2,3239,3238,1791058494994202,1791058494995497,1295,0,18,7,7,2,7,3,20
2,3240,3239,1791058495044202,1791058495045607,1405,0,19,10,10,1,10,2,10
2,3241,3240,1791058495094202,1791058495096306,2104,0,0,7,7,1,7,2,10
2,3242,3241,1791058495144202,1791058495145406,1204,0,1,13,13,5,13,3,20
2,3243,3242,1791058495194202,1791058495196244,2042,0,2,8,8,2,8,3,20
2,3244,3243,1791058495244202,1791058495245657,1455,0,3,8,8,2,9,3,20
2,3245,3244,1791058495294202,1791058495296240,2038,0,4,9,9,3,9,4,30
2,3246,3245,1791058495344202,1791058495345972,1770,0,5,9,9,3,9,4,30
2,3247,3246,1791058495394202,1791058495396275,2073,0,6,7,7,1,7,2,10
2,3248,3247,1791058495444202,1791058495445653,1451,0,7,11,11,3,12,4,21
2,3249,3248,1791058495494202,1791058495495448,1246,0,8,6,6,1,6,0,0
2,3250,3249,1791058495544202,1791058495546200,1998,0,9,12,12,3,12,3,20
2,3251,3250,1791058495594202,1791058495596239,2037,0,10,10,10,4,10,5,30
2,3252,3251,1791058495644202,1791058495645636,1434,0,11,12,12,4,13,5,40
2,3253,3252,1791058495694202,1791058495696315,2113,0,12,10,10,1,10,2,10
2,3254,3253,1791058495744202,1791058495746290,2088,0,13,10,10,4,10,4,30
2,3255,3254,1791058495794202,1791058495796183,1981,0,14,11,11,2,11,3,20
2,3256,3255,1791058495844202,1791058495845944,1742,0,15,16,16,4,17,6,41
2,3257,3256,1791058495894202,1791058495896277,2075,0,16,13,13,2,13,3,20
2,3258,3257,1791058495944202,1791058495946055,1853,0,17,11,11,1,11,2,10
2,3259,3258,1791058495994202,1791058495995896,1694,0,18,7,7,2,7,3,20
2,3260,3259,1791058496044202,1791058496045506,1304,0,19,10,10,1,10,2,10
2,3261,3260,1791058496094202,1791058496095383,1181,0,0,7,7,1,7,2,10
2,3262,3261,1791058496144202,1791058496145544,1342,0,1,13,13,5,13,4,20
2,3263,3262,1791058496194202,1791058496195746,1544,0,2,8,8,2,8,3,20
2,3264,3263,1791058496244202,1791058496245587,1385,0,3,8,8,2,9,4,21
2,3265,3264,1791058496294202,1791058496295663,1461,0,4,9,9,3,9,4,30
2,3266,3265,1791058496344202,1791058496345940,1738,0,5,9,9,3,9,4,30
2,3267,3266,1791058496394202,1791058496396014,1812,0,6,7,7,1,7,2,10
2,3268,3267,1791058496444202,1791058496445475,1273,0,7,11,11,3,11,3,20
2,3269,3268,1791058496494202,1791058496495609,1407,0,8,6,6,1,6,0,0
2,3270,3269,1791058496544202,1791058496545845,1643,0,9,12,12,3,12,3,20
2,3271,3270,1791058496594202,1791058496596170,1968,0,10,10,10,4,10,4,30
2,3272,3271,1791058496644202,1791058496645525,1323,0,11,12,12,4,13,6,41
2,3273,3272,1791058496694202,1791058496695575,1373,0,12,10,10,1,10,2,10
2,3274,3273,1791058496744202,1791058496745576,1374,0,13,10,10,4,10,4,30
2,3275,3274,1791058496794202,1791058496795545,1343,0,14,11,11,2,11,3,20
2,3276,3275,1791058496844202,1791058496845604,1402,0,15,16,16,4,17,5,40
2,3277,3276,1791058496894202,1791058496895968,1766,0,16,13,13,2,13,3,20
2,3278,3277,1791058496944202,1791058496945868,1666,0,17,11,11,1,11,2,10
2,3279,3278,1791058496994202,1791058496995804,1602,0,18,7,7,2,7,3,20
2,3280,3279,1791058497044202,1791058497045611,1409,0,19,10,10,1,10,2,10
2,3281,3280,1791058497094202,1791058497096243,2041,0,0,7,7,1,7,2,10
2,3282,3281,1791058497144202,1791058497146069,1867,0,1,13,13,5,13,3,20
2,3283,3282,1791058497194202,1791058497195787,1585,0,2,8,8,2,8,3,20
2,3284,3283,1791058497244202,1791058497245635,1433,0,3,8,8,2,9,3,20
2,3285,3284,1791058497294202,1791058497295526,1324,0,4,9,9,3,9,4,30
2,3286,3285,1791058497344202,1791058497345547,1345,0,5,9,9,3,9,4,30
2,3287,3286,1791058497394202,1791058497395698,1496,0,6,7,7,1,7,2,10
2,3288,3287,1791058497444202,1791058497445832,1630,0,7,11,11,3,12,4,21
2,3289,3288,1791058497494202,1791058497495865,1663,0,8,6,6,1,6,0,0
2,3290,3289,1791058497544202,1791058497545661,1459,0,9,12,12,3,12,3,20
2,3291,3290,1791058497594202,1791058497595450,1248,0,10,10,10,4,10,4,30
2,3292,3291,1791058497644202,1791058497645467,1265,0,11,12,12,4,12,5,40
2,3293,3292,1791058497694202,1791058497696232,2030,0,12,10,10,1,10,2,10
2,3294,3293,1791058497744202,1791058497746070,1868,0,13,10,10,4,10,5,30
2,3295,3294,1791058497794202,1791058497795965,1763,0,14,11,11,2,11,3,20
2,3296,3295,1791058497844202,1791058497845555,1353,0,15,16,16,4,17,6,41
2,3297,3296,1791058497894202,1791058497895414,1212,0,16,13,13,2,13,3,20
2,3298,3297,1791058497944202,1791058497945526,1324,0,17,11,11,1,11,2,10
2,3299,3298,1791058497994202,1791058497995453,1251,0,18,7,7,2,7,3,20
2,3300,3299,1791058498044202,1791058498045529,1327,0,19,10,10,1,11,2,10
2,3301,3300,1791058498094202,1791058498096201,1999,0,0,7,7,1,7,2,10
2,3302,3301,1791058498144202,1791058498145987,1785,0,1,13,13,5,13,3,20
2,3303,3302,1791058498194202,1791058498195818,1616,0,2,8,8,2,8,3,20
2,3304,3303,1791058498244202,1791058498245670,1468,0,3,8,8,2,8,3,20
2,3305,3304,1791058498294202,1791058498296098,1896,0,4,9,9,3,9,4,30
2,3306,3305,1791058498344202,1791058498345938,1736,0,5,9,9,3,9,4,30
2,3307,3306,1791058498394202,1791058498395753,1551,0,6,7,7,1,7,2,10
2,3308,3307,1791058498444202,1791058498445456,1254,0,7,11,11,3,12,3,20
2,3309,3308,1791058498494202,1791058498496034,1832,0,8,6,6,1,6,0,0
2,3310,3309,1791058498544202,1791058498545671,1469,0,9,12,12,3,12,3,20
2,3311,3310,1791058498594202,1791058498595446,1244,0,10,10,10,4,10,4,30
2,3312,3311,1791058498644202,1791058498645584,1382,0,11,12,12,4,13,6,41
2,3313,3312,1791058498694202,1791058498696356,2154,0,12,10,10,1,10,2,10
2,3314,3313,1791058498744202,1791058498746259,2057,0,13,10,10,4,10,4,30
2,3315,3314,1791058498794202,1791058498796197,1995,0,14,11,11,2,11,3,20
2,3316,3315,1791058498844202,1791058498845492,1290,0,15,16,16,4,17,5,40
2,3317,3316,1791058498894202,1791058498895395,1193,0,16,13,13,2,13,3,20
2,3318,3317,1791058498944202,1791058498946166,1964,0,17,11,11,1,11,2,10
2,3319,3318,1791058498994202,1791058498996064,1862,0,18,7,7,2,7,3,20
2,3320,3319,1791058499044202,1791058499045739,1537,0,19,10,10,1,11,3,11
2,3321,3320,1791058499094202,1791058499095711,1509,0,0,7,7,1,7,2,10
2,3322,3321,1791058499144202,1791058499145604,1402,0,1,13,13,5,13,4,20
2,3323,3322,1791058499194202,1791058499195511,1309,0,2,8,8,2,8,3,20
2,3324,3323,1791058499244202,1791058499245568,1366,0,3,8,8,2,9,3,20
2,3325,3324,1791058499294202,1791058499296347,2145,0,4,9,9,3,9,4,30
2,3326,3325,1791058499344202,1791058499346225,2023,0,5,9,9,3,9,4,30
2,3327,3326,1791058499394202,1791058499395969,1767,0,6,7,7,1,7,2,10
2,3328,3327,1791058499444202,1791058499445636,1434,0,7,11,11,3,12,4,21
2,3329,3328,1791058499494202,1791058499495548,1346,0,8,6,6,1,6,0,0
2,3330,3329,1791058499544202,1791058499546229,2027,0,9,12,12,3,12,3,20
2,3331,3330,1791058499594202,1791058499596168,1966,0,10,10,10,4,10,4,30
2,3332,3331,1791058499644202,1791058499645578,1376,0,11,12,12,4,13,5,40
2,3333,3332,1791058499694202,1791058499695381,1179,0,12,10,10,1,10,2,10
2,3334,3333,1791058499744202,1791058499745393,1191,0,13,10,10,4,10,4,30
2,3335,3334,1791058499794202,1791058499795426,1224,0,14,11,11,2,11,3,20
2,3336,3335,1791058499844202,1791058499845637,1435,0,15,16,16,4,16,5,40
2,3337,3336,1791058499894202,1791058499895642,1440,0,16,13,13,2,13,3,20
2,3338,3337,1791058499944202,1791058499945397,1195,0,17,11,11,1,11,2,10
2,3339,3338,1791058499994202,1791058499996182,1980,0,18,7,7,2,7,3,20
2,3340,3339,1791058500044202,1791058500045795,1593,0,19,10,10,1,11,2,10
2,3341,3340,1791058500094202,1791058500095559,1357,0,0,7,7,1,7,2,10
2,3342,3341,1791058500144202,1791058500145653,1451,0,1,13,13,5,13,3,20
2,3343,3342,1791058500194202,1791058500195526,1324,0,2,8,8,2,8,3,20
2,3344,3343,1791058500244202,1791058500245536,1334,0,3,8,8,2,8,3,20
2,3345,3344,1791058500294202,1791058500296326,2124,0,4,9,9,3,9,4,30
2,3346,3345,1791058500344202,1791058500346248,2046,0,5,9,9,3,9,4,30
2,3347,3346,1791058500394202,1791058500395981,1779,0,6,7,7,1,7,2,10
2,3348,3347,1791058500444202,1791058500445544,1342,0,7,11,11,3,12,3,20
2,3349,3348,1791058500494202,1791058500495810,1608,0,8,6,6,1,6,0,0
2,3350,3349,1791058500544202,1791058500545515,1313,0,9,12,12,3,12,3,20
2,3351,3350,1791058500594202,1791058500595457,1255,0,10,10,10,4,10,5,30
2,3352,3351,1791058500644202,1791058500645653,1451,0,11,12,12,4,12,5,40
2,3353,3352,1791058500694202,1791058500695403,1201,0,12,10,10,1,10,2,10
2,3354,3353,1791058500744202,1791058500746275,2073,0,13,10,10,4,10,5,30
2,3355,3354,1791058500794202,1791058500796350,2148,0,14,11,11,2,11,3,20
2,3356,3355,1791058500844202,1791058500845525,1323,0,15,16,16,4,17,5,40
2,3357,3356,1791058500894202,1791058500895427,1225,0,16,13,13,2,13,3,20
2,3358,3357,1791058500944202,1791058500946269,2067,0,17,11,11,1,11,2,10
2,3359,3358,1791058500994202,1791058500996297,2095,0,18,7,7,2,7,3,20
2,3360,3359,1791058501044202,1791058501045675,1473,0,19,10,10,1,11,3,11
2,3361,3360,1791058501094202,1791058501095973,1771,0,0,7,7,1,7,2,10
2,3362,3361,1791058501144202,1791058501145390,1188,0,1,13,13,5,13,4,20
2,3363,3362,1791058501194202,1791058501195635,1433,0,2,8,8,2,8,3,20
2,3364,3363,1791058501244202,1791058501245672,1470,0,3,8,8,2,8,3,20
2,3365,3364,1791058501294202,1791058501295847,1645,0,4,9,9,3,9,4,30
2,3366,3365,1791058501344202,1791058501346013,1811,0,5,9,9,3,9,4,30
2,3367,3366,1791058501394202,1791058501396315,2113,0,6,7,7,1,7,2,10
2,3368,3367,1791058501444202,1791058501445563,1361,0,7,11,11,3,12,4,21
2,3369,3368,1791058501494202,1791058501495682,1480,0,8,6,6,1,6,0,0
2,3370,3369,1791058501544202,1791058501545940,1738,0,9,12,12,3,12,3,20
2,3371,3370,1791058501594202,1791058501596371,2169,0,10,10,10,4,10,4,30
2,3372,3371,1791058501644202,1791058501645604,1402,0,11,12,12,4,13,5,40
2,3373,3372,1791058501694202,1791058501695831,1629,0,12,10,10,1,10,2,10
2,3374,3373,1791058501744202,1791058501746220,2018,0,13,10,10,4,10,4,30
2,3375,3374,1791058501794202,1791058501795835,1633,0,14,11,11,2,11,3,20
2,3376,3375,1791058501844202,1791058501845738,1536,0,15,16,16,4,17,6,41
2,3377,3376,1791058501894202,1791058501896153,1951,0,16,13,13,2,13,3,20
2,3378,3377,1791058501944202,1791058501946302,2100,0,17,11,11,1,11,2,10
2,3379,3378,1791058501994202,1791058501995651,1449,0,18,7,7,2,7,3,20
2,3380,3379,1791058502044202,1791058502045625,1423,0,19,10,10,1,10,2,10
2,3381,3380,1791058502094202,1791058502095737,1535,0,0,7,7,1,7,2,10
2,3382,3381,1791058502144202,1791058502145934,1732,0,1,13,13,5,13,3,20
2,3383,3382,1791058502194202,1791058502196299,2097,0,2,8,8,2,8,3,20
2,3384,3383,1791058502244202,1791058502245704,1502,0,3,8,8,2,9,4,21
2,3385,3384,1791058502294202,1791058502295633,1431,0,4,9,9,3,9,4,30
2,3386,3385,1791058502344202,1791058502345563,1361,0,5,9,9,3,9,4,30
2,3387,3386,1791058502394202,1791058502395312,1110,0,6,7,7,1,7,2,10
2,3388,3387,1791058502444202,1791058502445683,1481,0,7,11,11,3,11,3,20
2,3389,3388,1791058502494202,1791058502495392,1190,0,8,6,6,1,6,0,0
2,3390,3389,1791058502544202,1791058502546069,1867,0,9,12,12,3,12,3,20
2,3391,3390,1791058502594202,1791058502595877,1675,0,10,10,10,4,10,4,30
2,3392,3391,1791058502644202,1791058502645557,1355,0,11,12,12,4,13,6,41
2,3393,3392,1791058502694202,1791058502695371,1169,0,12,10,10,1,10,2,10
2,3394,3393,1791058502744202,1791058502746367,2165,0,13,10,10,4,10,4,30
2,3395,3394,1791058502794202,1791058502796353,2151,0,14,11,11,2,11,3,20
2,3396,3395,1791058502844202,1791058502845545,1343,0,15,16,16,4,17,5,40
2,3397,3396,1791058502894202,1791058502896215,2013,0,16,13,13,2,13,3,20
2,3398,3397,1791058502944202,1791058502946147,1945,0,17,11,11,1,11,2,10
2,3399,3398,1791058502994202,1791058502995955,1753,0,18,7,7,2,7,3,20
2,3400,3399,1791058503044202,1791058503045632,1430,0,19,10,10,1,11,3,11
2,3401,3400,1791058503094202,1791058503095344,1142,0,0,7,7,1,7,2,10
2,3402,3401,1791058503144202,1791058503145338,1136,0,1,13,13,5,13,4,20
2,3403,3402,1791058503194202,1791058503196099,1897,0,2,8,8,2,8,3,20
2,3404,3403,1791058503244202,1791058503245708,1506,0,3,8,8,2,8,3,20
2,3405,3404,1791058503294202,1791058503295449,1247,0,4,9,9,3,9,4,30
2,3406,3405,1791058503344202,1791058503345491,1289,0,5,9,9,3,9,4,30
2,3407,3406,1791058503394202,1791058503396313,2111,0,6,7,7,1,7,2,10
2,3408,3407,1791058503444202,1791058503445648,1446,0,7,11,11,3,12,4,21
2,3409,3408,1791058503494202,1791058503496283,2081,0,8,6,6,1,6,0,0
2,3410,3409,1791058503544202,1791058503546026,1824,0,9,12,12,3,12,3,20
2,3411,3410,1791058503594202,1791058503595430,1228,0,10,10,10,4,10,4,30
2,3412,3411,1791058503644202,1791058503645626,1424,0,11,12,12,4,12,5,40
2,3413,3412,1791058503694202,1791058503695533,1331,0,12,10,10,1,10,2,10
2,3414,3413,1791058503744202,1791058503745446,1244,0,13,10,10,4,10,4,30
2,3415,3414,1791058503794202,1791058503796292,2090,0,14,11,11,2,11,3,20
2,3416,3415,1791058503844202,1791058503845567,1365,0,15,16,16,4,17,6,41
2,3417,3416,1791058503894202,1791058503895917,1715,0,16,13,13,2,13,3,20
2,3418,3417,1791058503944202,1791058503945768,1566,0,17,11,11,1,11,2,10
2,3419,3418,1791058503994202,1791058503995543,1341,0,18,7,7,2,7,3,20
2,3420,3419,1791058504044202,1791058504045633,1431,0,19,10,10,1,10,2,10
2,3421,3420,1791058504094202,1791058504095329,1127,0,0,7,7,1,7,2,10
2,3422,3421,1791058504144202,1791058504146165,1963,0,1,13,13,5,13,3,20
2,3423,3422,1791058504194202,1791058504196355,2153,0,2,8,8,2,8,3,20
2,3424,3423,1791058504244202,1791058504245776,1574,0,3,8,8,2,9,4,21
2,3425,3424,1791058504294202,1791058504295987,1785,0,4,9,9,3,9,4,30
2,3426,3425,1791058504344202,1791058504346192,1990,0,5,9,9,3,9,4,30
2,3427,3426,1791058504394202,1791058504395599,1397,0,6,7,7,1,7,2,10
2,3428,3427,1791058504444202,1791058504445617,1415,0,7,11,11,3,11,3,20
2,3429,3428,1791058504494202,1791058504495532,1330,0,8,6,6,1,6,0,0
2,3430,3429,1791058504544202,1791058504545494,1292,0,9,12,12,3,12,3,20
2,3431,3430,1791058504594202,1791058504595461,1259,0,10,10,10,4,10,5,30
2,3432,3431,1791058504644202,1791058504645616,1414,0,11,12,12,4,13,6,41
2,3433,3432,1791058504694202,1791058504696277,2075,0,12,10,10,1,10,2,10
2,3434,3433,1791058504744202,1791058504746334,2132,0,13,10,10,4,10,4,30
2,3435,3434,1791058504794202,1791058504796282,2080,0,14,11,11,2,11,3,20
2,3436,3435,1791058504844202,1791058504845606,1404,0,15,16,16,4,16,5,40
2,3437,3436,1791058504894202,1791058504895413,1211,0,16,13,13,2,13,3,20
2,3438,3437,1791058504944202,1791058504946278,2076,0,17,11,11,1,11,2,10
2,3439,3438,1791058504994202,1791058504995509,1307,0,18,7,7,2,7,3,20
2,3440,3439,1791058505044202,1791058505045645,1443,0,19,10,10,1,11,3,11
2,3441,3440,1791058505094202,1791058505096368,2166,0,0,7,7,1,7,2,10
2,3442,3441,1791058505144202,1791058505146105,1903,0,1,13,13,5,13,3,20
2,3443,3442,1791058505194202,1791058505196117,1915,0,2,8,8,2,8,3,20
2,3444,3443,1791058505244202,1791058505245610,1408,0,3,8,8,2,9,3,20
2,3445,3444,1791058505294202,1791058505295418,1216,0,4,9,9,3,9,4,30
2,3446,3445,1791058505344202,1791058505345410,1208,0,5,9,9,3,9,4,30
2,3447,3446,1791058505394202,1791058505395418,1216,0,6,7,7,1,7,2,10
2,3448,3447,1791058505444202,1791058505445690,1488,0,7,11,11,3,12,4,21
2,3449,3448,1791058505494202,1791058505495834,1632,0,8,6,6,1,6,0,0
2,3450,3449,1791058505544202,1791058505545810,1608,0,9,12,12,3,12,4,20
2,3451,3450,1791058505594202,1791058505595656,1454,0,10,10,10,4,10,4,30
2,3452,3451,1791058505644202,1791058505645665,1463,0,11,12,12,4,13,5,40
2,3453,3452,1791058505694202,1791058505695484,1282,0,12,10,10,1,10,2,10
2,3454,3453,1791058505744202,1791058505746270,2068,0,13,10,10,4,10,4,30
2,3455,3454,1791058505794202,1791058505796168,1966,0,14,11,11,2,11,3,20
2,3456,3455,1791058505844202,1791058505845824,1622,0,15,16,16,4,17,6,41
2,3457,3456,1791058505894202,1791058505896039,1837,0,16,13,13,2,13,3,20
2,3458,3457,1791058505944202,1791058505946068,1866,0,17,11,11,1,11,2,10
2,3459,3458,1791058505994202,1791058505996205,2003,0,18,7,7,2,7,3,20
2,3460,3459,1791058506044202,1791058506045659,1457,0,19,10,10,1,10,2,10
2,3461,3460,1791058506094202,1791058506095379,1177,0,0,7,7,1,7,2,10
2,3462,3461,1791058506144202,1791058506146205,2003,0,1,13,13,5,13,3,20
2,3463,3462,1791058506194202,1791058506196092,1890,0,2,8,8,2,8,3,20
2,3464,3463,1791058506244202,1791058506245688,1486,0,3,8,8,2,9,4,21
2,3465,3464,1791058506294202,1791058506295445,1243,0,4,9,9,3,9,4,30
2,3466,3465,1791058506344202,1791058506346247,2045,0,5,9,9,3,9,4,30
2,3467,3466,1791058506394202,1791058506396043,1841,0,6,7,7,1,7,2,10
2,3468,3467,1791058506444202,1791058506445648,1446,0,7,11,11,3,12,3,20
2,3469,3468,1791058506494202,1791058506495473,1271,0,8,6,6,1,6,0,0
2,3470,3469,1791058506544202,1791058506545406,1204,0,9,12,12,3,12,3,20
2,3471,3470,1791058506594202,1791058506595388,1186,0,10,10,10,4,10,5,30
2,3472,3471,1791058506644202,1791058506645598,1396,0,11,12,12,4,12,5,40
2,3473,3472,1791058506694202,1791058506696337,2135,0,12,10,10,1,10,2,10
2,3474,3473,1791058506744202,1791058506746229,2027,0,13,10,10,4,10,4,30
2,3475,3474,1791058506794202,1791058506796236,2034,0,14,11,11,2,11,3,20
2,3476,3475,1791058506844202,1791058506845668,1466,0,15,16,16,4,17,5,40
2,3477,3476,1791058506894202,1791058506895449,1247,0,16,13,13,2,13,3,20
2,3478,3477,1791058506944202,1791058506946258,2056,0,17,11,11,1,11,2,10
2,3479,3478,1791058506994202,1791058506996146,1944,0,18,7,7,2,7,3,20
2,3480,3479,1791058507044202,1791058507045509,1307,0,19,10,10,1,11,3,11
2,3481,3480,1791058507094202,1791058507096341,2139,0,0,7,7,1,7,2,10
2,3482,3481,1791058507144202,1791058507145591,1389,0,1,13,13,5,13,4,20
2,3483,3482,1791058507194202,1791058507195482,1280,0,2,8,8,2,8,3,20
2,3484,3483,1791058507244202,1791058507245657,1455,0,3,8,8,2,8,3,20
2,3485,3484,1791058507294202,1791058507296322,2120,0,4,9,9,3,9,4,30
2,3486,3485,1791058507344202,1791058507346384,2182,0,5,9,9,3,9,4,30
2,3487,3486,1791058507394202,1791058507395461,1259,0,6,7,7,1,7,2,10
2,3488,3487,1791058507444202,1791058507445635,1433,0,7,11,11,3,12,4,21
2,3489,3488,1791058507494202,1791058507495501,1299,0,8,6,6,1,6,0,0
2,3490,3489,1791058507544202,1791058507545899,1697,0,9,12,12,3,12,3,20
2,3491,3490,1791058507594202,1791058507595847,1645,0,10,10,10,4,10,4,30
2,3492,3491,1791058507644202,1791058507645630,1428,0,11,12,12,4,12,5,40
2,3493,3492,1791058507694202,1791058507695375,1173,0,12,10,10,1,10,2,10
2,3494,3493,1791058507744202,1791058507746276,2074,0,13,10,10,4,10,4,30
2,3495,3494,1791058507794202,1791058507796273,2071,0,14,11,11,2,11,3,20
2,3496,3495,1791058507844202,1791058507845931,1729,0,15,16,16,4,17,6,41
2,3497,3496,1791058507894202,1791058507896146,1944,0,16,13,13,2,13,3,20
2,3498,3497,1791058507944202,1791058507946200,1998,0,17,11,11,1,11,2,10
2,3499,3498,1791058507994202,1791058507996129,1927,0,18,7,7,2,7,3,20
2,3500,3499,1791058508044202,1791058508045667,1465,0,19,10,10,1,10,2,10
2,3501,3500,1791058508094202,1791058508096333,2131,0,0,7,7,1,7,2,10
2,3502,3501,1791058508144202,1791058508146240,2038,0,1,13,13,5,13,3,20
2,3503,3502,1791058508194202,1791058508196348,2146,0,2,8,8,2,8,3,20
2,3504,3503,1791058508244202,1791058508245816,1614,0,3,8,8,2,9,4,21
2,3505,3504,1791058508294202,1791058508295655,1453,0,4,9,9,3,9,4,30
2,3506,3505,1791058508344202,1791058508345374,1172,0,5,9,9,3,9,4,30
2,3507,3506,1791058508394202,1791058508396209,2007,0,6,7,7,1,7,2,10
2,3508,3507,1791058508444202,1791058508445667,1465,0,7,11,11,3,11,3,20
2,3509,3508,1791058508494202,1791058508496162,1960,0,8,6,6,1,6,0,0
2,3510,3509,1791058508544202,1791058508545822,1620,0,9,12,12,3,12,3,20
2,3511,3510,1791058508594202,1791058508596112,1910,0,10,10,10,4,10,5,30
2,3512,3511,1791058508644202,1791058508645936,1734,0,11,12,12,4,13,6,41
2,3513,3512,1791058508694202,1791058508696122,1920,0,12,10,10,1,10,2,10
2,3514,3513,1791058508744202,1791058508745419,1217,0,13,10,10,4,10,5,30
2,3515,3514,1791058508794202,1791058508795607,1405,0,14,11,11,2,11,3,20
2,3516,3515,1791058508844202,1791058508845659,1457,0,15,16,16,4,16,5,40
2,3517,3516,1791058508894202,1791058508895824,1622,0,16,13,13,2,13,3,20
2,3518,3517,1791058508944202,1791058508945994,1792,0,17,11,11,1,11,2,10
2,3519,3518,1791058508994202,1791058508995580,1378,0,18,7,7,2,7,3,20
2,3520,3519,1791058509044202,1791058509045740,1538,0,19,10,10,1,11,3,11
2,3521,3520,1791058509094202,1791058509095981,1779,0,0,7,7,1,7,2,10
2,3522,3521,1791058509144202,1791058509146303,2101,0,1,13,13,5,13,3,20
2,3523,3522,1791058509194202,1791058509195537,1335,0,2,8,8,2,8,3,20
2,3524,3523,1791058509244202,1791058509245708,1506,0,3,8,8,2,9,3,20
2,3525,3524,1791058509294202,1791058509295373,1171,0,4,9,9,3,9,4,30
2,3526,3525,1791058509344202,1791058509345558,1356,0,5,9,9,3,9,4,30
2,3527,3526,1791058509394202,1791058509395740,1538,0,6,7,7,1,7,2,10
2,3528,3527,1791058509444202,1791058509445655,1453,0,7,11,11,3,11,3,20
2,3529,3528,1791058509494202,1791058509495403,1201,0,8,6,6,1,6,0,0
2,3530,3529,1791058509544202,1791058509545655,1453,0,9,12,12,3,12,3,20
2,3531,3530,1791058509594202,1791058509595578,1376,0,10,10,10,4,10,4,30
2,3532,3531,1791058509644202,1791058509645624,1422,0,11,12,12,4,13,5,40
2,3533,3532,1791058509694202,1791058509696305,2103,0,12,10,10,1,10,2,10
2,3534,3533,1791058509744202,1791058509746105,1903,0,13,10,10,4,10,4,30
2,3535,3534,1791058509794202,1791058509796170,1968,0,14,11,11,2,11,3,20
2,3536,3535,1791058509844202,1791058509845826,1624,0,15,16,16,4,17,6,41
2,3537,3536,1791058509894202,1791058509895757,1555,0,16,13,13,2,13,3,20
2,3538,3537,1791058509944202,1791058509945885,1683,0,17,11,11,1,11,2,10
2,3539,3538,1791058509994202,1791058509995765,1563,0,18,7,7,2,7,3,20
2,3540,3539,1791058510044202,1791058510045511,1309,0,19,10,10,1,10,2,10
2,3541,3540,1791058510094202,1791058510095540,1338,0,0,7,7,1,7,2,10
2,3542,3541,1791058510144202,1791058510145413,1211,0,1,13,13,5,13,3,20
2,3543,3542,1791058510194202,1791058510196074,1872,0,2,8,8,2,8,3,20
2,3544,3543,1791058510244202,1791058510245872,1670,0,3,8,8,2,9,4,21
2,3545,3544,1791058510294202,1791058510296062,1860,0,4,9,9,3,9,4,30
2,3546,3545,1791058510344202,1791058510345966,1764,0,5,9,9,3,9,4,30
2,3547,3546,1791058510394202,1791058510395595,1393,0,6,7,7,1,7,2,10
2,3548,3547,1791058510444202,1791058510445700,1498,0,7,11,11,3,11,3,20
2,3549,3548,1791058510494202,1791058510495512,1310,0,8,6,6,1,6,0,0
2,3550,3549,1791058510544202,1791058510546184,1982,0,9,12,12,3,12,3,20
2,3551,3550,1791058510594202,1791058510595965,1763,0,10,10,10,4,10,4,30
2,3552,3551,1791058510644202,1791058510645646,1444,0,11,12,12,4,13,6,41
2,3553,3552,1791058510694202,1791058510695509,1307,0,12,10,10,1,10,2,10
2,3554,3553,1791058510744202,1791058510745412,1210,0,13,10,10,4,10,4,30
2,3555,3554,1791058510794202,1791058510795675,1473,0,14,11,11,2,11,3,20
2,3556,3555,1791058510844202,1791058510845566,1364,0,15,16,16,4,16,5,40
2,3557,3556,1791058510894202,1791058510896328,2126,0,16,13,13,2,13,3,20
2,3558,3557,1791058510944202,1791058510946164,1962,0,17,11,11,1,11,2,10
2,3559,3558,1791058510994202,1791058510995981,1779,0,18,7,7,2,7,3,20
2,3560,3559,1791058511044202,1791058511045711,1509,0,19,10,10,1,11,3,11
2,3561,3560,1791058511094202,1791058511096300,2098,0,0,7,7,1,7,2,10
2,3562,3561,1791058511144202,1791058511145367,1165,0,1,13,13,5,13,3,20
2,3563,3562,1791058511194202,1791058511195418,1216,0,2,8,8,2,8,3,20
2,3564,3563,1791058511244202,1791058511245787,1585,0,3,8,8,2,9,3,20
2,3565,3564,1791058511294202,1791058511295496,1294,0,4,9,9,3,9,4,30
2,3566,3565,1791058511344202,1791058511345374,1172,0,5,9,9,3,9,4,30
2,3567,3566,1791058511394202,1791058511396290,2088,0,6,7,7,1,7,2,10
2,3568,3567,1791058511444202,1791058511445673,1471,0,7,11,11,3,11,3,20
2,3569,3568,1791058511494202,1791058511495830,1628,0,8,6,6,1,6,0,0
2,3570,3569,1791058511544202,1791058511546352,2150,0,9,12,12,3,12,3,20
2,3571,3570,1791058511594202,1791058511595544,1342,0,10,10,10,4,10,4,30
2,3572,3571,1791058511644202,1791058511645767,1565,0,11,12,12,4,13,5,40
2,3573,3572,1791058511694202,1791058511695985,1783,0,12,10,10,1,10,2,10
2,3574,3573,1791058511744202,1791058511746056,1854,0,13,10,10,4,10,4,30
2,3575,3574,1791058511794202,1791058511796022,1820,0,14,11,11,2,11,3,20
2,3576,3575,1791058511844202,1791058511845666,1464,0,15,16,16,4,17,6,41
2,3577,3576,1791058511894202,1791058511896271,2069,0,16,13,13,2,13,3,20
2,3578,3577,1791058511944202,1791058511945582,1380,0,17,11,11,1,11,2,10
2,3579,3578,1791058511994202,1791058511995984,1782,0,18,7,7,2,7,3,20
2,3580,3579,1791058512044202,1791058512045619,1417,0,19,10,10,1,10,2,10
2,3581,3580,1791058512094202,1791058512095716,1514,0,0,7,7,1,7,2,10
2,3582,3581,1791058512144202,1791058512145949,1747,0,1,13,13,5,13,3,20
2,3583,3582,1791058512194202,1791058512196356,2154,0,2,8,8,2,8,3,20
2,3584,3583,1791058512244202,1791058512245583,1381,0,3,8,8,2,9,4,21
2,3585,3584,1791058512294202,1791058512295538,1336,0,4,9,9,3,9,4,30
2,3586,3585,1791058512344202,1791058512345770,1568,0,5,9,9,3,9,4,30
2,3587,3586,1791058512394202,1791058512395945,1743,0,6,7,7,1,7,2,10
2,3588,3587,1791058512444202,1791058512445623,1421,0,7,11,11,3,11,4,20
2,3589,3588,1791058512494202,1791058512495784,1582,0,8,6,6,1,6,0,0
2,3590,3589,1791058512544202,1791058512546058,1856,0,9,12,12,3,12,3,20
2,3591,3590,1791058512594202,1791058512595450,1248,0,10,10,10,4,10,4,30
2,3592,3591,1791058512644202,1791058512645813,1611,0,11,12,12,4,13,6,41
2,3593,3592,1791058512694202,1791058512695883,1681,0,12,10,10,1,10,2,10
2,3594,3593,1791058512744202,1791058512746242,2040,0,13,10,10,4,10,4,30
2,3595,3594,1791058512794202,1791058512795488,1286,0,14,11,11,2,11,3,20
2,3596,3595,1791058512844202,1791058512845673,1471,0,15,16,16,4,16,5,40
2,3597,3596,1791058512894202,1791058512895559,1357,0,16,13,13,2,13,3,20
2,3598,3597,1791058512944202,1791058512945465,1263,0,17,11,11,1,11,2,10
2,3599,3598,1791058512994202,1791058512995465,1263,0,18,7,7,2,7,3,20
2,3600,3599,1791058513044202,1791058513045517,1315,0,19,10,10,1,11,3,11
2,3601,3600,1791058513094202,1791058513095447,1245,0,0,7,7,1,7,2,10
2,3602,3601,1791058513144202,1791058513145571,1369,0,1,13,13,5,13,3,20
2,3603,3602,1791058513194202,1791058513195720,1518,0,2,8,8,2,8,3,20
2,3604,3603,1791058513244202,1791058513245638,1436,0,3,8,8,2,8,3,20
2,3605,3604,1791058513294202,1791058513295382,1180,0,4,9,9,3,9,4,30
2,3606,3605,1791058513344202,1791058513346236,2034,0,5,9,9,3,9,4,30
2,3607,3606,1791058513394202,1791058513395969,1767,0,6,7,7,1,7,2,10
2,3608,3607,1791058513444202,1791058513445526,1324,0,7,11,11,3,12,4,21
2,3609,3608,1791058513494202,1791058513495515,1313,0,8,6,6,1,6,0,0
2,3610,3609,1791058513544202,1791058513545384,1182,0,9,12,12,3,12,3,20
2,3611,3610,1791058513594202,1791058513595386,1184,0,10,10,10,4,10,4,30
2,3612,3611,1791058513644202,1791058513645779,1577,0,11,12,12,4,13,5,40
2,3613,3612,1791058513694202,1791058513696176,1974,0,12,10,10,1,10,2,10
2,3614,3613,1791058513744202,1791058513745620,1418,0,13,10,10,4,10,4,30
2,3615,3614,1791058513794202,1791058513796025,1823,0,14,11,11,2,11,3,20
2,3616,3615,1791058513844202,1791058513845657,1455,0,15,16,16,4,16,5,40
2,3617,3616,1791058513894202,1791058513896131,1929,0,16,13,13,2,13,3,20
2,3618,3617,1791058513944202,1791058513945906,1704,0,17,11,11,1,11,2,10
2,3619,3618,1791058513994202,1791058513996185,1983,0,18,7,7,2,7,3,20
2,3620,3619,1791058514044202,1791058514045788,1586,0,19,10,10,1,11,2,10
2,3621,3620,1791058514094202,1791058514095882,1680,0,0,7,7,1,7,2,10
2,3622,3621,1791058514144202,1791058514145940,1738,0,1,13,13,5,13,3,20
2,3623,3622,1791058514194202,1791058514196244,2042,0,2,8,8,2,8,3,20
2,3624,3623,1791058514244202,1791058514245478,1276,0,3,8,8,2,8,3,20
2,3625,3624,1791058514294202,1791058514296224,2022,0,4,9,9,3,9,4,30
2,3626,3625,1791058514344202,1791058514346265,2063,0,5,9,9,3,9,4,30
2,3627,3626,1791058514394202,1791058514396320,2118,0,6,7,7,1,7,2,10
2,3628,3627,1791058514444202,1791058514445731,1529,0,7,11,11,3,12,3,20
2,3629,3628,1791058514494202,1791058514495677,1475,0,8,6,6,1,6,0,0
2,3630,3629,1791058514544202,1791058514545449,1247,0,9,12,12,3,12,3,20
2,3631,3630,1791058514594202,1791058514595397,1195,0,10,10,10,4,10,4,30
2,3632,3631,1791058514644202,1791058514645687,1485,0,11,12,12,4,12,5,40
2,3633,3632,1791058514694202,1791058514695560,1358,0,12,10,10,1,10,2,10
2,3634,3633,1791058514744202,1791058514745492,1290,0,13,10,10,4,10,4,30
2,3635,3634,1791058514794202,1791058514795401,1199,0,14,11,11,2,11,3,20
2,3636,3635,1791058514844202,1791058514845638,1436,0,15,16,16,4,17,5,40
2,3637,3636,1791058514894202,1791058514895804,1602,0,16,13,13,2,13,3,20
2,3638,3637,1791058514944202,1791058514945616,1414,0,17,11,11,1,11,2,10
2,3639,3638,1791058514994202,1791058514996218,2016,0,18,7,7,2,7,3,20
2,3640,3639,1791058515044202,1791058515045645,1443,0,19,10,10,1,10,2,10
2,3641,3640,1791058515094202,1791058515095567,1365,0,0,7,7,1,7,2,10
2,3642,3641,1791058515144202,1791058515145383,1181,0,1,13,13,5,13,3,20
2,3643,3642,1791058515194202,1791058515196123,1921,0,2,8,8,2,8,3,20
2,3644,3643,1791058515244202,1791058515245729,1527,0,3,8,8,2,9,3,20
2,3645,3644,1791058515294202,1791058515295949,1747,0,4,9,9,3,9,4,30
2,3646,3645,1791058515344202,1791058515345380,1178,0,5,9,9,3,9,4,30
2,3647,3646,1791058515394202,1791058515395547,1345,0,6,7,7,1,7,2,10
2,3648,3647,1791058515444202,1791058515445593,1391,0,7,11,11,3,12,4,21
2,3649,3648,1791058515494202,1791058515495703,1501,0,8,6,6,1,6,0,0
2,3650,3649,1791058515544202,1791058515545687,1485,0,9,12,12,3,12,3,20
2,3651,3650,1791058515594202,1791058515595727,1525,0,10,10,10,4,10,4,30
2,3652,3651,1791058515644202,1791058515645708,1506,0,11,12,12,4,12,5,40
2,3653,3652,1791058515694202,1791058515696323,2121,0,12,10,10,1,10,2,10
2,3654,3653,1791058515744202,1791058515746187,1985,0,13,10,10,4,10,4,30
2,3655,3654,1791058515794202,1791058515795997,1795,0,14,11,11,2,11,3,20
2,3656,3655,1791058515844202,1791058515845915,1713,0,15,16,16,4,17,6,41
2,3657,3656,1791058515894202,1791058515895978,1776,0,16,13,13,2,13,3,20
2,3658,3657,1791058515944202,1791058515946297,2095,0,17,11,11,1,11,2,10
2,3659,3658,1791058515994202,1791058515995955,1753,0,18,7,7,2,7,3,20
2,3660,3659,1791058516044202,1791058516045733,1531,0,19,10,10,1,10,2,10
2,3661,3660,1791058516094202,1791058516095407,1205,0,0,7,7,1,7,2,10
2,3662,3661,1791058516144202,1791058516145494,1292,0,1,13,13,5,13,3,20
2,3663,3662,1791058516194202,1791058516195562,1360,0,2,8,8,2,8,3,20
2,3664,3663,1791058516244202,1791058516245700,1498,0,3,8,8,2,9,4,21
2,3665,3664,1791058516294202,1791058516295971,1769,0,4,9,9,3,9,4,30
2,3666,3665,1791058516344202,1791058516345480,1278,0,5,9,9,3,9,4,30
2,3667,3666,1791058516394202,1791058516395835,1633,0,6,7,7,1,7,2,10
2,3668,3667,1791058516444202,1791058516445742,1540,0,7,11,11,3,12,4,20
2,3669,3668,1791058516494202,1791058516496019,1817,0,8,6,6,1,6,0,0
2,3670,3669,1791058516544202,1791058516546136,1934,0,9,12,12,3,12,3,20
2,3671,3670,1791058516594202,1791058516595946,1744,0,10,10,10,4,10,4,30
2,3672,3671,1791058516644202,1791058516645660,1458,0,11,12,12,4,12,5,40
2,3673,3672,1791058516694202,1791058516696041,1839,0,12,10,10,1,10,2,10
2,3674,3673,1791058516744202,1791058516746226,2024,0,13,10,10,4,10,4,30
2,3675,3674,1791058516794202,1791058516795642,1440,0,14,11,11,2,11,3,20
2,3676,3675,1791058516844202,1791058516845617,1415,0,15,16,16,4,17,5,40
2,3677,3676,1791058516894202,1791058516895534,1332,0,16,13,13,2,13,3,20
2,3678,3677,1791058516944202,1791058516945361,1159,0,17,11,11,1,11,2,10
2,3679,3678,1791058516994202,1791058516996180,1978,0,18,7,7,2,7,3,20
2,3680,3679,1791058517044202,1791058517045675,1473,0,19,10,10,1,11,3,11
2,3681,3680,1791058517094202,1791058517096289,2087,0,0,7,7,1,7,2,10
2,3682,3681,1791058517144202,1791058517146040,1838,0,1,13,13,5,13,3,20
2,3683,3682,1791058517194202,1791058517195954,1752,0,2,8,8,2,8,3,20
2,3684,3683,1791058517244202,1791058517245643,1441,0,3,8,8,2,8,3,20
2,3685,3684,1791058517294202,1791058517295468,1266,0,4,9,9,3,9,4,30
2,3686,3685,1791058517344202,1791058517346273,2071,0,5,9,9,3,9,4,30
2,3687,3686,1791058517394202,1791058517396084,1882,0,6,7,7,1,7,2,10
2,3688,3687,1791058517444202,1791058517445927,1725,0,7,11,11,3,12,4,21
2,3689,3688,1791058517494202,1791058517495939,1737,0,8,6,6,1,6,0,0
2,3690,3689,1791058517544202,1791058517546222,2020,0,9,12,12,3,12,3,20
2,3691,3690,1791058517594202,1791058517595630,1428,0,10,10,10,4,10,4,30
2,3692,3691,1791058517644202,1791058517645639,1437,0,11,12,12,4,12,5,40
2,3693,3692,1791058517694202,1791058517695784,1582,0,12,10,10,1,10,2,10
2,3694,3693,1791058517744202,1791058517746363,2161,0,13,10,10,4,10,4,30
2,3695,3694,1791058517794202,1791058517795299,1097,0,14,11,11,2,11,3,20
2,3696,3695,1791058517844202,1791058517845497,1295,0,15,16,16,4,17,6,41
2,3697,3696,1791058517894202,1791058517895692,1490,0,16,13,13,2,13,3,20
2,3698,3697,1791058517944202,1791058517945819,1617,0,17,11,11,1,11,2,10
2,3699,3698,1791058517994202,1791058517995809,1607,0,18,7,7,2,7,3,20
2,3700,3699,1791058518044202,1791058518045655,1453,0,19,10,10,1,10,2,10
2,3701,3700,1791058518094202,1791058518095982,1780,0,0,7,7,1,7,2,10
2,3702,3701,1791058518144202,1791058518145778,1576,0,1,13,13,5,13,4,20
2,3703,3702,1791058518194202,1791058518195660,1458,0,2,8,8,2,8,3,20
2,3704,3703,1791058518244202,1791058518245886,1684,0,3,8,8,2,9,4,21
2,3705,3704,1791058518294202,1791058518295966,1764,0,4,9,9,3,9,4,30
2,3706,3705,1791058518344202,1791058518346315,2113,0,5,9,9,3,9,4,30
2,3707,3706,1791058518394202,1791058518396050,1848,0,6,7,7,1,7,2,10
2,3708,3707,1791058518444202,1791058518445688,1486,0,7,11,11,3,11,3,20
2,3709,3708,1791058518494202,1791058518495379,1177,0,8,6,6,1,6,0,0
2,3710,3709,1791058518544202,1791058518546170,1968,0,9,12,12,3,12,3,20
2,3711,3710,1791058518594202,1791058518596097,1895,0,10,10,10,4,10,5,30
2,3712,3711,1791058518644202,1791058518645882,1680,0,11,12,12,4,13,6,41
2,3713,3712,1791058518694202,1791058518696133,1931,0,12,10,10,1,10,2,10
2,3714,3713,1791058518744202,1791058518745997,1795,0,13,10,10,4,10,4,30
2,3715,3714,1791058518794202,1791058518795882,1680,0,14,11,11,2,11,3,20
2,3716,3715,1791058518844202,1791058518845706,1504,0,15,16,16,4,16,5,40
2,3717,3716,1791058518894202,1791058518895627,1425,0,16,13,13,2,13,3,20
2,3718,3717,1791058518944202,1791058518945470,1268,0,17,11,11,1,11,2,10
2,3719,3718,1791058518994202,1791058518996261,2059,0,18,7,7,2,7,3,20
2,3720,3719,1791058519044202,1791058519045568,1366,0,19,10,10,1,11,3,11
2,3721,3720,1791058519094202,1791058519095467,1265,0,0,7,7,1,7,2,10
2,3722,3721,1791058519144202,1791058519145546,1344,0,1,13,13,5,13,3,20
2,3723,3722,1791058519194202,1791058519196170,1968,0,2,8,8,2,8,3,20
2,3724,3723,1791058519244202,1791058519245827,1625,0,3,8,8,2,9,3,20
2,3725,3724,1791058519294202,1791058519295666,1464,0,4,9,9,3,9,4,30
2,3726,3725,1791058519344202,1791058519345547,1345,0,5,9,9,3,9,4,30
2,3727,3726,1791058519394202,1791058519395384,1182,0,6,7,7,1,7,2,10
2,3728,3727,1791058519444202,1791058519445714,1512,0,7,11,11,3,11,3,20
2,3729,3728,1791058519494202,1791058519495611,1409,0,8,6,6,1,6,0,0
2,3730,3729,1791058519544202,1791058519545408,1206,0,9,12,12,3,12,3,20
2,3731,3730,1791058519594202,1791058519596170,1968,0,10,10,10,4,10,5,30
2,3732,3731,1791058519644202,1791058519645563,1361,0,11,12,12,4,13,5,40
2,3733,3732,1791058519694202,1791058519695365,1163,0,12,10,10,1,10,2,10
2,3734,3733,1791058519744202,1791058519746359,2157,0,13,10,10,4,10,5,30
2,3735,3734,1791058519794202,1791058519795464,1262,0,14,11,11,2,11,3,20
2,3736,3735,1791058519844202,1791058519845656,1454,0,15,16,16,4,17,6,41
2,3737,3736,1791058519894202,1791058519895400,1198,0,16,13,13,2,13,3,20
2,3738,3737,1791058519944202,1791058519945461,1259,0,17,11,11,1,11,2,10
2,3739,3738,1791058519994202,1791058519995401,1199,0,18,7,7,2,7,3,20
2,3740,3739,1791058520044202,1791058520045652,1450,0,19,10,10,1,10,2,10
2,3741,3740,1791058520094202,1791058520095406,1204,0,0,7,7,1,7,2,10
2,3742,3741,1791058520144202,1791058520145452,1250,0,1,13,13,5,13,3,20
2,3743,3742,1791058520194202,1791058520195530,1328,0,2,8,8,2,8,3,20
2,3744,3743,1791058520244202,1791058520245606,1404,0,3,8,8,2,9,4,21
2,3745,3744,1791058520294202,1791058520296376,2174,0,4,9,9,3,9,4,30
2,3746,3745,1791058520344202,1791058520346309,2107,0,5,9,9,3,9,4,30
2,3747,3746,1791058520394202,1791058520395970,1768,0,6,7,7,1,7,2,10
2,3748,3747,1791058520444202,1791058520445776,1574,0,7,11,11,3,12,3,20
2,3749,3748,1791058520494202,1791058520495601,1399,0,8,6,6,1,6,0,0
2,3750,3749,1791058520544202,1791058520545453,1251,0,9,12,12,3,12,3,20
2,3751,3750,1791058520594202,1791058520595478,1276,0,10,10,10,4,10,4,30
2,3752,3751,1791058520644202,1791058520645662,1460,0,11,12,12,4,12,5,40
2,3753,3752,1791058520694202,1791058520695582,1380,0,12,10,10,1,10,2,10
2,3754,3753,1791058520744202,1791058520745463,1261,0,13,10,10,4,10,4,30
2,3755,3754,1791058520794202,1791058520795757,1555,0,14,11,11,2,11,3,20
2,3756,3755,1791058520844202,1791058520845535,1333,0,15,16,16,4,17,5,40
2,3757,3756,1791058520894202,1791058520895892,1690,0,16,13,13,2,13,3,20
2,3758,3757,1791058520944202,1791058520946140,1938,0,17,11,11,1,11,2,10
2,3759,3758,1791058520994202,1791058520995953,1751,0,18,7,7,2,7,3,20
2,3760,3759,1791058521044202,1791058521045657,1455,0,19,10,10,1,10,2,10
2,3761,3760,1791058521094202,1791058521095818,1616,0,0,7,7,1,7,2,10
2,3762,3761,1791058521144202,1791058521145862,1660,0,1,13,13,5,13,3,20
2,3763,3762,1791058521194202,1791058521195980,1778,0,2,8,8,2,8,3,20
2,3764,3763,1791058521244202,1791058521245755,1553,0,3,8,8,2,9,3,20
2,3765,3764,1791058521294202,1791058521295613,1411,0,4,9,9,3,9,4,30
2,3766,3765,1791058521344202,1791058521346276,2074,0,5,9,9,3,9,4,30
2,3767,3766,1791058521394202,1791058521396091,1889,0,6,7,7,1,7,2,10
2,3768,3767,1791058521444202,1791058521445682,1480,0,7,11,11,3,11,3,20
2,3769,3768,1791058521494202,1791058521495594,1392,0,8,6,6,1,6,0,0
2,3770,3769,1791058521544202,1791058521546214,2012,0,9,12,12,3,12,4,20
2,3771,3770,1791058521594202,1791058521596140,1938,0,10,10,10,4,10,4,30
2,3772,3771,1791058521644202,1791058521645435,1233,0,11,12,12,4,13,5,40
2,3773,3772,1791058521694202,1791058521695566,1364,0,12,10,10,1,10,2,10
2,3774,3773,1791058521744202,1791058521745470,1268,0,13,10,10,4,10,4,30
2,3775,3774,1791058521794202,1791058521796110,1908,0,14,11,11,2,11,3,20
2,3776,3775,1791058521844202,1791058521845912,1710,0,15,16,16,4,17,6,41
2,3777,3776,1791058521894202,1791058521896206,2004,0,16,13,13,2,13,3,20
2,3778,3777,1791058521944202,1791058521946109,1907,0,17,11,11,1,11,2,10
2,3779,3778,1791058521994202,1791058521995966,1764,0,18,7,7,2,7,3,20
2,3780,3779,1791058522044202,1791058522045679,1477,0,19,10,10,1,10,2,10
2,3781,3780,1791058522094202,1791058522095789,1587,0,0,7,7,1,7,2,10
2,3782,3781,1791058522144202,1791058522145758,1556,0,1,13,13,5,13,3,20
2,3783,3782,1791058522194202,1791058522195571,1369,0,2,8,8,2,8,3,20
2,3784,3783,1791058522244202,1791058522245682,1480,0,3,8,8,2,9,4,21
2,3785,3784,1791058522294202,1791058522295602,1400,0,4,9,9,3,9,4,30
2,3786,3785,1791058522344202,1791058522345557,1355,0,5,9,9,3,9,4,30
2,3787,3786,1791058522394202,1791058522396250,2048,0,6,7,7,1,7,2,10
2,3788,3787,1791058522444202,1791058522445635,1433,0,7,11,11,3,12,3,20
2,3789,3788,1791058522494202,1791058522495619,1417,0,8,6,6,1,6,0,0
2,3790,3789,1791058522544202,1791058522545308,1106,0,9,12,12,3,12,3,20
2,3791,3790,1791058522594202,1791058522596345,2143,0,10,10,10,4,10,4,30
2,3792,3791,1791058522644202,1791058522645559,1357,0,11,12,12,4,13,6,41
2,3793,3792,1791058522694202,1791058522695667,1465,0,12,10,10,1,10,2,10
2,3794,3793,1791058522744202,1791058522745527,1325,0,13,10,10,4,10,4,30
2,3795,3794,1791058522794202,1791058522795286,1084,0,14,11,11,2,11,3,20
2,3796,3795,1791058522844202,1791058522845704,1502,0,15,16,16,4,17,5,40
2,3797,3796,1791058522894202,1791058522895423,1221,0,16,13,13,2,13,3,20
2,3798,3797,1791058522944202,1791058522945480,1278,0,17,11,11,1,11,2,10
2,3799,3798,1791058522994202,1791058522995478,1276,0,18,7,7,2,7,3,20
2,3800,3799,1791058523044202,1791058523045585,1383,0,19,10,10,1,10,2,10
2,3801,3800,1791058523094202,1791058523095958,1756,0,0,7,7,1,7,2,10
2,3802,3801,1791058523144202,1791058523145947,1745,0,1,13,13,5,13,4,20
2,3803,3802,1791058523194202,1791058523195784,1582,0,2,8,8,2,8,3,20
2,3804,3803,1791058523244202,1791058523245627,1425,0,3,8,8,2,9,3,20
2,3805,3804,1791058523294202,1791058523295696,1494,0,4,9,9,3,9,4,30
2,3806,3805,1791058523344202,1791058523345955,1753,0,5,9,9,3,9,4,30
2,3807,3806,1791058523394202,1791058523396213,2011,0,6,7,7,1,7,2,10
2,3808,3807,1791058523444202,1791058523445629,1427,0,7,11,11,3,11,3,20
2,3809,3808,1791058523494202,1791058523495851,1649,0,8,6,6,1,6,0,0
2,3810,3809,1791058523544202,1791058523545969,1767,0,9,12,12,3,12,3,20
2,3811,3810,1791058523594202,1791058523596336,2134,0,10,10,10,4,10,5,30
2,3812,3811,1791058523644202,1791058523645651,1449,0,11,12,12,4,13,5,40
2,3813,3812,1791058523694202,1791058523696029,1827,0,12,10,10,1,10,2,10
2,3814,3813,1791058523744202,1791058523746174,1972,0,13,10,10,4,10,4,30
2,3815,3814,1791058523794202,1791058523795546,1344,0,14,11,11,2,11,3,20
2,3816,3815,1791058523844202,1791058523845609,1407,0,15,16,16,4,17,6,41
2,3817,3816,1791058523894202,1791058523895412,1210,0,16,13,13,2,13,3,20
2,3818,3817,1791058523944202,1791058523945620,1418,0,17,11,11,1,11,2,10
2,3819,3818,1791058523994202,1791058523995495,1293,0,18,7,7,2,7,3,20
2,3820,3819,1791058524044202,1791058524045537,1335,0,19,10,10,1,10,2,10
2,3821,3820,1791058524094202,1791058524096367,2165,0,0,7,7,1,7,2,10
2,3822,3821,1791058524144202,1791058524145828,1626,0,1,13,13,5,13,3,20
2,3823,3822,1791058524194202,1791058524195983,1781,0,2,8,8,2,8,3,20
2,3824,3823,1791058524244202,1791058524245683,1481,0,3,8,8,2,9,4,21
2,3825,3824,1791058524294202,1791058524295883,1681,0,4,9,9,3,9,4,30
2,3826,3825,1791058524344202,1791058524346136,1934,0,5,9,9,3,9,4,30
2,3827,3826,1791058524394202,1791058524395382,1180,0,6,7,7,1,7,2,10
2,3828,3827,1791058524444202,1791058524445669,1467,0,7,11,11,3,11,4,20
2,3829,3828,1791058524494202,1791058524495899,1697,0,8,6,6,1,6,0,0
2,3830,3829,1791058524544202,1791058524545879,1677,0,9,12,12,3,12,3,20
2,3831,3830,1791058524594202,1791058524595828,1626,0,10,10,10,4,10,4,30
2,3832,3831,1791058524644202,1791058524645825,1623,0,11,12,12,4,13,6,41
2,3833,3832,1791058524694202,1791058524696306,2104,0,12,10,10,1,10,2,10
2,3834,3833,1791058524744202,1791058524745686,1484,0,13,10,10,4,10,5,30
2,3835,3834,1791058524794202,1791058524795998,1796,0,14,11,11,2,11,3,20
2,3836,3835,1791058524844202,1791058524845550,1348,0,15,16,16,4,17,5,40
2,3837,3836,1791058524894202,1791058524896261,2059,0,16,13,13,2,13,3,20
2,3838,3837,1791058524944202,1791058524946240,2038,0,17,11,11,1,11,2,10
2,3839,3838,1791058524994202,1791058524995983,1781,0,18,7,7,2,7,3,20
2,3840,3839,1791058525044202,1791058525045624,1422,0,19,10,10,1,10,2,10
2,3841,3840,1791058525094202,1791058525096261,2059,0,0,7,7,1,7,2,10
2,3842,3841,1791058525144202,1791058525146118,1916,0,1,13,13,5,13,3,20
2,3843,3842,1791058525194202,1791058525195991,1789,0,2,8,8,2,8,3,20
2,3844,3843,1791058525244202,1791058525245529,1327,0,3,8,8,2,9,3,20
2,3845,3844,1791058525294202,1791058525296142,1940,0,4,9,9,3,9,4,30
2,3846,3845,1791058525344202,1791058525345968,1766,0,5,9,9,3,9,4,30
2,3847,3846,1791058525394202,1791058525395493,1291,0,6,7,7,1,7,2,10
2,3848,3847,1791058525444202,1791058525445746,1544,0,7,11,11,3,12,4,21
2,3849,3848,1791058525494202,1791058525496095,1893,0,8,6,6,1,6,0,0
2,3850,3849,1791058525544202,1791058525546102,1900,0,9,12,12,3,12,3,20
2,3851,3850,1791058525594202,1791058525595887,1685,0,10,10,10,4,10,4,30
2,3852,3851,1791058525644202,1791058525645658,1456,0,11,12,12,4,12,5,40
2,3853,3852,1791058525694202,1791058525695549,1347,0,12,10,10,1,10,2,10
2,3854,3853,1791058525744202,1791058525746321,2119,0,13,10,10,4,10,5,30
2,3855,3854,1791058525794202,1791058525796277,2075,0,14,11,11,2,11,3,20
2,3856,3855,1791058525844202,1791058525845752,1550,0,15,16,16,4,17,6,41
2,3857,3856,1791058525894202,1791058525895619,1417,0,16,13,13,2,13,3,20
2,3858,3857,1791058525944202,1791058525946336,2134,0,17,11,11,1,11,2,10
2,3859,3858,1791058525994202,1791058525995506,1304,0,18,7,7,2,7,3,20
2,3860,3859,1791058526044202,1791058526045684,1482,0,19,10,10,1,10,2,10
2,3861,3860,1791058526094202,1791058526095400,1198,0,0,7,7,1,7,2,10
2,3862,3861,1791058526144202,1791058526145400,1198,0,1,13,13,5,13,3,20
2,3863,3862,1791058526194202,1791058526195404,1202,0,2,8,8,2,8,3,20
2,3864,3863,1791058526244202,1791058526245603,1401,0,3,8,8,2,9,4,21
2,3865,3864,1791058526294202,1791058526295609,1407,0,4,9,9,3,9,4,30
2,3866,3865,1791058526344202,1791058526345988,1786,0,5,9,9,3,9,4,30
2,3867,3866,1791058526394202,1791058526396189,1987,0,6,7,7,1,7,2,10
2,3868,3867,1791058526444202,1791058526445729,1527,0,7,11,11,3,12,3,20
2,3869,3868,1791058526494202,1791058526496120,1918,0,8,6,6,1,6,0,0
2,3870,3869,1791058526544202,1791058526546052,1850,0,9,12,12,3,12,3,20
2,3871,3870,1791058526594202,1791058526596035,1833,0,10,10,10,4,10,4,30
2,3872,3871,1791058526644202,1791058526645640,1438,0,11,12,12,4,12,5,40
2,3873,3872,1791058526694202,1791058526695533,1331,0,12,10,10,1,10,2,10
2,3874,3873,1791058526744202,1791058526745400,1198,0,13,10,10,4,10,4,30
2,3875,3874,1791058526794202,1791058526795452,1250,0,14,11,11,2,11,3,20
2,3876,3875,1791058526844202,1791058526845725,1523,0,15,16,16,4,17,5,40
2,3877,3876,1791058526894202,1791058526895529,1327,0,16,13,13,2,13,3,20
2,3878,3877,1791058526944202,1791058526946052,1850,0,17,11,11,1,11,2,10
2,3879,3878,1791058526994202,1791058526996271,2069,0,18,7,7,2,7,3,20
2,3880,3879,1791058527044202,1791058527045648,1446,0,19,10,10,1,11,3,11
2,3881,3880,1791058527094202,1791058527095501,1299,0,0,7,7,1,7,2,10
2,3882,3881,1791058527144202,1791058527146210,2008,0,1,13,13,5,13,3,20
2,3883,3882,1791058527194202,1791058527195708,1506,0,2,8,8,2,8,3,20
2,3884,3883,1791058527244202,1791058527245594,1392,0,3,8,8,2,9,3,20
2,3885,3884,1791058527294202,1791058527295403,1201,0,4,9,9,3,9,4,30
2,3886,3885,1791058527344202,1791058527346301,2099,0,5,9,9,3,9,4,30
2,3887,3886,1791058527394202,1791058527396183,1981,0,6,7,7,1,7,2,10
2,3888,3887,1791058527444202,1791058527445520,1318,0,7,11,11,3,11,4,20
2,3889,3888,1791058527494202,1791058527496299,2097,0,8,6,6,1,6,0,0
2,3890,3889,1791058527544202,1791058527546004,1802,0,9,12,12,3,12,3,20
2,3891,3890,1791058527594202,1791058527596047,1845,0,10,10,10,4,10,4,30
2,3892,3891,1791058527644202,1791058527645936,1734,0,11,12,12,4,13,5,40
2,3893,3892,1791058527694202,1791058527696164,1962,0,12,10,10,1,10,2,10
2,3894,3893,1791058527744202,1791058527746212,2010,0,13,10,10,4,10,4,30
2,3895,3894,1791058527794202,1791058527795685,1483,0,14,11,11,2,11,3,20
2,3896,3895,1791058527844202,1791058527845655,1453,0,15,16,16,4,16,5,40
2,3897,3896,1791058527894202,1791058527895819,1617,0,16,13,13,2,13,3,20
2,3898,3897,1791058527944202,1791058527946115,1913,0,17,11,11,1,11,2,10
2,3899,3898,1791058527994202,1791058527996339,2137,0,18,7,7,2,7,3,20
2,3900,3899,1791058528044202,1791058528045762,1560,0,19,10,10,1,11,2,10
2,3901,3900,1791058528094202,1791058528095563,1361,0,0,7,7,1,7,2,10
2,3902,3901,1791058528144202,1791058528145500,1298,0,1,13,13,5,13,3,20
2,3903,3902,1791058528194202,1791058528195310,1108,0,2,8,8,2,8,3,20
2,3904,3903,1791058528244202,1791058528245847,1645,0,3,8,8,2,9,4,21
2,3905,3904,1791058528294202,1791058528295727,1525,0,4,9,9,3,9,4,30
2,3906,3905,1791058528344202,1791058528345497,1295,0,5,9,9,3,9,4,30
2,3907,3906,1791058528394202,1791058528396208,2006,0,6,7,7,1,7,2,10
2,3908,3907,1791058528444202,1791058528445937,1735,0,7,11,11,3,12,3,20
2,3909,3908,1791058528494202,1791058528495787,1585,0,8,6,6,1,6,0,0
2,3910,3909,1791058528544202,1791058528546121,1919,0,9,12,12,3,12,3,20
2,3911,3910,1791058528594202,1791058528596308,2106,0,10,10,10,4,10,4,30
2,3912,3911,1791058528644202,1791058528645671,1469,0,11,12,12,4,12,5,40
2,3913,3912,1791058528694202,1791058528695576,1374,0,12,10,10,1,10,2,10
2,3914,3913,1791058528744202,1791058528745764,1562,0,13,10,10,4,10,4,30
2,3915,3914,1791058528794202,1791058528795823,1621,0,14,11,11,2,11,3,20
2,3916,3915,1791058528844202,1791058528845686,1484,0,15,16,16,4,17,5,40
2,3917,3916,1791058528894202,1791058528896007,1805,0,16,13,13,2,13,3,20
2,3918,3917,1791058528944202,1791058528945943,1741,0,17,11,11,1,11,2,10
2,3919,3918,1791058528994202,1791058528996187,1985,0,18,7,7,2,7,3,20
2,3920,3919,1791058529044202,1791058529045758,1556,0,19,10,10,1,10,2,10
2,3921,3920,1791058529094202,1791058529095403,1201,0,0,7,7,1,7,2,10
2,3922,3921,1791058529144202,1791058529146105,1903,0,1,13,13,5,13,3,20
2,3923,3922,1791058529194202,1791058529196034,1832,0,2,8,8,2,8,3,20
2,3924,3923,1791058529244202,1791058529245634,1432,0,3,8,8,2,9,3,20
2,3925,3924,1791058529294202,1791058529295699,1497,0,4,9,9,3,9,4,30
2,3926,3925,1791058529344202,1791058529345465,1263,0,5,9,9,3,9,4,30
2,3927,3926,1791058529394202,1791058529395361,1159,0,6,7,7,1,7,2,10
2,3928,3927,1791058529444202,1791058529445613,1411,0,7,11,11,3,12,4,21
2,3929,3928,1791058529494202,1791058529495405,1203,0,8,6,6,1,6,0,0
2,3930,3929,1791058529544202,1791058529546185,1983,0,9,12,12,3,12,3,20
2,3931,3930,1791058529594202,1791058529596089,1887,0,10,10,10,4,10,5,30
2,3932,3931,1791058529644202,1791058529645554,1352,0,11,12,12,4,13,5,40
2,3933,3932,1791058529694202,1791058529696285,2083,0,12,10,10,1,10,2,10
2,3934,3933,1791058529744202,1791058529746127,1925,0,13,10,10,4,10,4,30
2,3935,3934,1791058529794202,1791058529795852,1650,0,14,11,11,2,11,3,20
2,3936,3935,1791058529844202,1791058529845698,1496,0,15,16,16,4,16,5,40
2,3937,3936,1791058529894202,1791058529895694,1492,0,16,13,13,2,13,3,20
2,3938,3937,1791058529944202,1791058529945557,1355,0,17,11,11,1,11,2,10
2,3939,3938,1791058529994202,1791058529995456,1254,0,18,7,7,2,7,3,20
2,3940,3939,1791058530044202,1791058530045485,1283,0,19,10,10,1,11,2,10
2,3941,3940,1791058530094202,1791058530096189,1987,0,0,7,7,1,7,2,10
2,3942,3941,1791058530144202,1791058530145868,1666,0,1,13,13,5,13,4,20
2,3943,3942,1791058530194202,1791058530195680,1478,0,2,8,8,2,8,3,20
2,3944,3943,1791058530244202,1791058530245627,1425,0,3,8,8,2,9,4,21
2,3945,3944,1791058530294202,1791058530296297,2095,0,4,9,9,3,9,4,30
2,3946,3945,1791058530344202,1791058530345423,1221,0,5,9,9,3,9,4,30
2,3947,3946,1791058530394202,1791058530395480,1278,0,6,7,7,1,7,2,10
2,3948,3947,1791058530444202,1791058530445610,1408,0,7,11,11,3,12,4,20
2,3949,3948,1791058530494202,1791058530495982,1780,0,8,6,6,1,6,0,0
2,3950,3949,1791058530544202,1791058530545875,1673,0,9,12,12,3,12,3,20
2,3951,3950,1791058530594202,1791058530596115,1913,0,10,10,10,4,10,4,30
2,3952,3951,1791058530644202,1791058530645675,1473,0,11,12,12,4,12,5,40
2,3953,3952,1791058530694202,1791058530696041,1839,0,12,10,10,1,10,2,10
2,3954,3953,1791058530744202,1791058530745758,1556,0,13,10,10,4,10,5,30
2,3955,3954,1791058530794202,1791058530796286,2084,0,14,11,11,2,11,3,20
2,3956,3955,1791058530844202,1791058530845634,1432,0,15,16,16,4,17,5,40
2,3957,3956,1791058530894202,1791058530895375,1173,0,16,13,13,2,13,3,20
2,3958,3957,1791058530944202,1791058530946160,1958,0,17,11,11,1,11,2,10
2,3959,3958,1791058530994202,1791058530996028,1826,0,18,7,7,2,7,3,20
2,3960,3959,1791058531044202,1791058531045579,1377,0,19,10,10,1,11,3,11
2,3961,3960,1791058531094202,1791058531096173,1971,0,0,7,7,1,7,2,10
2,3962,3961,1791058531144202,1791058531145973,1771,0,1,13,13,5,13,3,20
2,3963,3962,1791058531194202,1791058531195884,1682,0,2,8,8,2,8,3,20
2,3964,3963,1791058531244202,1791058531245694,1492,0,3,8,8,2,8,3,20
2,3965,3964,1791058531294202,1791058531296328,2126,0,4,9,9,3,9,4,30
2,3966,3965,1791058531344202,1791058531346369,2167,0,5,9,9,3,9,4,30
2,3967,3966,1791058531394202,1791058531395366,1164,0,6,7,7,1,7,2,10
2,3968,3967,1791058531444202,1791058531445707,1505,0,7,11,11,3,12,5,21
2,3969,3968,1791058531494202,1791058531495565,1363,0,8,6,6,1,6,0,0
2,3970,3969,1791058531544202,1791058531545406,1204,0,9,12,12,3,12,3,20
2,3971,3970,1791058531594202,1791058531596130,1928,0,10,10,10,4,10,4,30
2,3972,3971,1791058531644202,1791058531645550,1348,0,11,12,12,4,13,5,40
2,3973,3972,1791058531694202,1791058531696106,1904,0,12,10,10,1,10,2,10
2,3974,3973,1791058531744202,1791058531745857,1655,0,13,10,10,4,10,4,30
2,3975,3974,1791058531794202,1791058531795599,1397,0,14,11,11,2,11,3,20
2,3976,3975,1791058531844202,1791058531845668,1466,0,15,16,16,4,16,5,40
2,3977,3976,1791058531894202,1791058531895429,1227,0,16,13,13,2,13,3,20
2,3978,3977,1791058531944202,1791058531946241,2039,0,17,11,11,1,11,2,10
2,3979,3978,1791058531994202,1791058531996312,2110,0,18,7,7,2,7,3,20
2,3980,3979,1791058532044202,1791058532045575,1373,0,19,10,10,1,11,2,10
2,3981,3980,1791058532094202,1791058532095617,1415,0,0,7,7,1,7,2,10
2,3982,3981,1791058532144202,1791058532145635,1433,0,1,13,13,5,13,3,20
2,3983,3982,1791058532194202,1791058532195570,1368,0,2,8,8,2,8,3,20
2,3984,3983,1791058532244202,1791058532245664,1462,0,3,8,8,2,9,4,21
2,3985,3984,1791058532294202,1791058532295442,1240,0,4,9,9,3,9,4,30
2,3986,3985,1791058532344202,1791058532346073,1871,0,5,9,9,3,9,4,30
2,3987,3986,1791058532394202,1791058532395966,1764,0,6,7,7,1,7,2,10
2,3988,3987,1791058532444202,1791058532445655,1453,0,7,11,11,3,11,3,20
2,3989,3988,1791058532494202,1791058532495445,1243,0,8,6,6,1,6,0,0
2,3990,3989,1791058532544202,1791058532545349,1147,0,9,12,12,3,12,3,20
2,3991,3990,1791058532594202,1791058532595647,1445,0,10,10,10,4,10,5,30
2,3992,3991,1791058532644202,1791058532645795,1593,0,11,12,12,4,13,6,41
2,3993,3992,1791058532694202,1791058532695999,1797,0,12,10,10,1,10,2,10
2,3994,3993,1791058532744202,1791058532746037,1835,0,13,10,10,4,10,4,30
2,3995,3994,1791058532794202,1791058532796030,1828,0,14,11,11,2,11,3,20
2,3996,3995,1791058532844202,1791058532845724,1522,0,15,16,16,4,16,5,40
2,3997,3996,1791058532894202,1791058532896015,1813,0,16,13,13,2,13,3,20
2,3998,3997,1791058532944202,1791058532946321,2119,0,17,11,11,1,11,2,10
2,3999,3998,1791058532994202,1791058532995477,1275,0,18,7,7,2,7,3,20
2,4000,3999,1791058533044202,1791058533045659,1457,0,19,10,10,1,11,3,11
2,4001,4000,1791058533094202,1791058533095851,1649,0,0,7,7,1,7,2,10
2,4002,4001,1791058533144202,1791058533146087,1885,0,1,13,13,5,13,3,20
2,4003,4002,1791058533194202,1791058533196270,2068,0,2,8,8,2,8,3,20
2,4004,4003,1791058533244202,1791058533245691,1489,0,3,8,8,2,8,3,20
2,4005,4004,1791058533294202,1791058533295758,1556,0,4,9,9,3,9,4,30
2,4006,4005,1791058533344202,1791058533346093,1891,0,5,9,9,3,9,4,30
2,4007,4006,1791058533394202,1791058533395495,1293,0,6,7,7,1,7,2,10
2,4008,4007,1791058533444202,1791058533445617,1415,0,7,11,11,3,12,4,21
2,4009,4008,1791058533494202,1791058533495667,1465,0,8,6,6,1,6,0,0
2,4010,4009,1791058533544202,1791058533545995,1793,0,9,12,12,3,12,4,20
2,4011,4010,1791058533594202,1791058533596263,2061,0,10,10,10,4,10,5,30
2,4012,4011,1791058533644202,1791058533645513,1311,0,11,12,12,4,13,5,40
2,4013,4012,1791058533694202,1791058533695750,1548,0,12,10,10,1,10,2,10
2,4014,4013,1791058533744202,1791058533745713,1511,0,13,10,10,4,10,4,30
2,4015,4014,1791058533794202,1791058533795768,1566,0,14,11,11,2,11,3,20
2,4016,4015,1791058533844202,1791058533845624,1422,0,15,16,16,4,17,6,41
2,4017,4016,1791058533894202,1791058533895462,1260,0,16,13,13,2,13,3,20
2,4018,4017,1791058533944202,1791058533945400,1198,0,17,11,11,1,11,2,10
2,4019,4018,1791058533994202,1791058533995393,1191,0,18,7,7,2,7,3,20
2,4020,4019,1791058534044202,1791058534045619,1417,0,19,10,10,1,11,2,10
2,4021,4020,1791058534094202,1791058534095452,1250,0,0,7,7,1,7,2,10
2,4022,4021,1791058534144202,1791058534146157,1955,0,1,13,13,5,13,3,20
2,4023,4022,1791058534194202,1791058534196076,1874,0,2,8,8,2,8,3,20
2,4024,4023,1791058534244202,1791058534245757,1555,0,3,8,8,2,9,4,21
2,4025,4024,1791058534294202,1791058534295857,1655,0,4,9,9,3,9,4,30
2,4026,4025,1791058534344202,1791058534345716,1514,0,5,9,9,3,9,4,30
2,4027,4026,1791058534394202,1791058534395417,1215,0,6,7,7,1,7,2,10
2,4028,4027,1791058534444202,1791058534445642,1440,0,7,11,11,3,11,3,20
2,4029,4028,1791058534494202,1791058534496248,2046,0,8,6,6,1,6,0,0
2,4030,4029,1791058534544202,1791058534546047,1845,0,9,12,12,3,12,3,20
2,4031,4030,1791058534594202,1791058534595981,1779,0,10,10,10,4,10,4,30
2,4032,4031,1791058534644202,1791058534645602,1400,0,11,12,12,4,13,6,41
2,4033,4032,1791058534694202,1791058534695524,1322,0,12,10,10,1,10,2,10
2,4034,4033,1791058534744202,1791058534746279,2077,0,13,10,10,4,10,4,30
2,4035,4034,1791058534794202,1791058534796177,1975,0,14,11,11,2,11,3,20
2,4036,4035,1791058534844202,1791058534845851,1649,0,15,16,16,4,17,5,40
2,4037,4036,1791058534894202,1791058534895689,1487,0,16,13,13,2,13,3,20
2,4038,4037,1791058534944202,1791058534945646,1444,0,17,11,11,1,11,2,10
2,4039,4038,1791058534994202,1791058534995529,1327,0,18,7,7,2,7,3,20
2,4040,4039,1791058535044202,1791058535045532,1330,0,19,10,10,1,11,3,11
2,4041,4040,1791058535094202,1791058535096351,2149,0,0,7,7,1,7,2,10
2,4042,4041,1791058535144202,1791058535145683,1481,0,1,13,13,5,13,3,20
2,4043,4042,1791058535194202,1791058535195685,1483,0,2,8,8,2,8,3,20
2,4044,4043,1791058535244202,1791058535245678,1476,0,3,8,8,2,9,3,20
2,4045,4044,1791058535294202,1791058535295576,1374,0,4,9,9,3,9,4,30
2,4046,4045,1791058535344202,1791058535345876,1674,0,5,9,9,3,9,4,30
2,4047,4046,1791058535394202,1791058535396137,1935,0,6,7,7,1,7,2,10
2,4048,4047,1791058535444202,1791058535445691,1489,0,7,11,11,3,11,4,20
2,4049,4048,1791058535494202,1791058535495611,1409,0,8,6,6,1,6,0,0
2,4050,4049,1791058535544202,1791058535545552,1350,0,9,12,12,3,12,3,20
2,4051,4050,1791058535594202,1791058535595466,1264,0,10,10,10,4,10,4,30
2,4052,4051,1791058535644202,1791058535645536,1334,0,11,12,12,4,13,5,40
2,4053,4052,1791058535694202,1791058535695608,1406,0,12,10,10,1,10,2,10
2,4054,4053,1791058535744202,1791058535745458,1256,0,13,10,10,4,10,4,30
2,4055,4054,1791058535794202,1791058535795396,1194,0,14,11,11,2,11,3,20
2,4056,4055,1791058535844202,1791058535845467,1265,0,15,16,16,4,16,5,40
2,4057,4056,1791058535894202,1791058535896275,2073,0,16,13,13,2,13,3,20
2,4058,4057,1791058535944202,1791058535946345,2143,0,17,11,11,1,11,2,10
2,4059,4058,1791058535994202,1791058535996208,2006,0,18,7,7,2,7,3,20
2,4060,4059,1791058536044202,1791058536045736,1534,0,19,10,10,1,11,2,10
2,4061,4060,1791058536094202,1791058536095607,1405,0,0,7,7,1,7,2,10
2,4062,4061,1791058536144202,1791058536145584,1382,0,1,13,13,5,13,3,20
2,4063,4062,1791058536194202,1791058536195512,1310,0,2,8,8,2,8,3,20
2,4064,4063,1791058536244202,1791058536245531,1329,0,3,8,8,2,9,4,21
2,4065,4064,1791058536294202,1791058536296349,2147,0,4,9,9,3,9,4,30
2,4066,4065,1791058536344202,1791058536345386,1184,0,5,9,9,3,9,4,30
2,4067,4066,1791058536394202,1791058536396133,1931,0,6,7,7,1,7,2,10
2,4068,4067,1791058536444202,1791058536445714,1512,0,7,11,11,3,11,4,20
2,4069,4068,1791058536494202,1791058536495432,1230,0,8,6,6,1,6,0,0
2,4070,4069,1791058536544202,1791058536546310,2108,0,9,12,12,3,12,3,20
2,4071,4070,1791058536594202,1791058536596253,2051,0,10,10,10,4,10,4,30
2,4072,4071,1791058536644202,1791058536645597,1395,0,11,12,12,4,13,6,41
2,4073,4072,1791058536694202,1791058536696328,2126,0,12,10,10,1,10,2,10
2,4074,4073,1791058536744202,1791058536746226,2024,0,13,10,10,4,10,4,30
2,4075,4074,1791058536794202,1791058536796294,2092,0,14,11,11,2,11,3,20
2,4076,4075,1791058536844202,1791058536845661,1459,0,15,16,16,4,17,5,40
2,4077,4076,1791058536894202,1791058536896198,1996,0,16,13,13,2,13,3,20
2,4078,4077,1791058536944202,1791058536946170,1968,0,17,11,11,1,11,2,10
2,4079,4078,1791058536994202,1791058536996302,2100,0,18,7,7,2,7,3,20
2,4080,4079,1791058537044202,1791058537045670,1468,0,19,10,10,1,10,2,10
2,4081,4080,1791058537094202,1791058537096215,2013,0,0,7,7,1,7,2,10
2,4082,4081,1791058537144202,1791058537145950,1748,0,1,13,13,5,13,3,20
2,4083,4082,1791058537194202,1791058537195974,1772,0,2,8,8,2,8,3,20
2,4084,4083,1791058537244202,1791058537245699,1497,0,3,8,8,2,9,3,20
2,4085,4084,1791058537294202,1791058537295381,1179,0,4,9,9,3,9,4,30
2,4086,4085,1791058537344202,1791058537346267,2065,0,5,9,9,3,9,4,30
2,4087,4086,1791058537394202,1791058537396177,1975,0,6,7,7,1,7,2,10
2,4088,4087,1791058537444202,1791058537445611,1409,0,7,11,11,3,11,3,20
2,4089,4088,1791058537494202,1791058537496193,1991,0,8,6,6,1,6,0,0
2,4090,4089,1791058537544202,1791058537545935,1733,0,9,12,12,3,12,3,20
2,4091,4090,1791058537594202,1791058537596052,1850,0,10,10,10,4,10,4,30
2,4092,4091,1791058537644202,1791058537645682,1480,0,11,12,12,4,13,5,40
2,4093,4092,1791058537694202,1791058537695551,1349,0,12,10,10,1,10,2,10
2,4094,4093,1791058537744202,1791058537745432,1230,0,13,10,10,4,10,4,30
2,4095,4094,1791058537794202,1791058537796349,2147,0,14,11,11,2,11,3,20
2,4096,4095,1791058537844202,1791058537845629,1427,0,15,16,16,4,16,5,40
2,4097,4096,1791058537894202,1791058537895457,1255,0,16,13,13,2,13,3,20
2,4098,4097,1791058537944202,1791058537946247,2045,0,17,11,11,1,11,2,10
2,4099,4098,1791058537994202,1791058537996314,2112,0,18,7,7,2,7,3,20
2,4100,4099,1791058538044202,1791058538045688,1486,0,19,10,10,1,11,2,10
2,4101,4100,1791058538094202,1791058538095415,1213,0,0,7,7,1,7,2,10
2,4102,4101,1791058538144202,1791058538145455,1253,0,1,13,13,5,13,3,20
2,4103,4102,1791058538194202,1791058538195385,1183,0,2,8,8,2,8,3,20
2,4104,4103,1791058538244202,1791058538245666,1464,0,3,8,8,2,8,3,20
2,4105,4104,1791058538294202,1791058538295475,1273,0,4,9,9,3,9,4,30
2,4106,4105,1791058538344202,1791058538345491,1289,0,5,9,9,3,9,4,30
2,4107,4106,1791058538394202,1791058538396342,2140,0,6,7,7,1,7,2,10
2,4108,4107,1791058538444202,1791058538445737,1535,0,7,11,11,3,12,3,20
2,4109,4108,1791058538494202,1791058538495534,1332,0,8,6,6,1,6,0,0
2,4110,4109,1791058538544202,1791058538546148,1946,0,9,12,12,3,12,3,20
2,4111,4110,1791058538594202,1791058538596250,2048,0,10,10,10,4,10,4,30
2,4112,4111,1791058538644202,1791058538645516,1314,0,11,12,12,4,12,5,40
2,4113,4112,1791058538694202,1791058538696136,1934,0,12,10,10,1,10,2,10
2,4114,4113,1791058538744202,1791058538746128,1926,0,13,10,10,4,10,4,30
2,4115,4114,1791058538794202,1791058538796121,1919,0,14,11,11,2,11,3,20
2,4116,4115,1791058538844202,1791058538845702,1500,0,15,16,16,4,17,5,40
2,4117,4116,1791058538894202,1791058538896061,1859,0,16,13,13,2,13,3,20
2,4118,4117,1791058538944202,1791058538946199,1997,0,17,11,11,1,11,2,10
2,4119,4118,1791058538994202,1791058538995587,1385,0,18,7,7,2,7,3,20
2,4120,4119,1791058539044202,1791058539045673,1471,0,19,10,10,1,10,2,10
2,4121,4120,1791058539094202,1791058539095592,1390,0,0,7,7,1,7,2,10
2,4122,4121,1791058539144202,1791058539145904,1702,0,1,13,13,5,13,3,20
2,4123,4122,1791058539194202,1791058539195663,1461,0,2,8,8,2,8,3,20
2,4124,4123,1791058539244202,1791058539245554,1352,0,3,8,8,2,9,3,20
2,4125,4124,1791058539294202,1791058539295414,1212,0,4,9,9,3,9,4,30
2,4126,4125,1791058539344202,1791058539346206,2004,0,5,9,9,3,9,4,30
2,4127,4126,1791058539394202,1791058539396141,1939,0,6,7,7,1,7,2,10
2,4128,4127,1791058539444202,1791058539445575,1373,0,7,11,11,3,12,4,21
2,4129,4128,1791058539494202,1791058539495670,1468,0,8,6,6,1,6,0,0
2,4130,4129,1791058539544202,1791058539545780,1578,0,9,12,12,3,12,3,20
2,4131,4130,1791058539594202,1791058539596099,1897,0,10,10,10,4,10,4,30
2,4132,4131,1791058539644202,1791058539645640,1438,0,11,12,12,4,13,5,40
2,4133,4132,1791058539694202,1791058539695762,1560,0,12,10,10,1,10,2,10
2,4134,4133,1791058539744202,1791058539746018,1816,0,13,10,10,4,10,4,30
2,4135,4134,1791058539794202,1791058539796154,1952,0,14,11,11,2,11,3,20
2,4136,4135,1791058539844202,1791058539845676,1474,0,15,16,16,4,16,5,40
2,4137,4136,1791058539894202,1791058539895999,1797,0,16,13,13,2,13,3,20
2,4138,4137,1791058539944202,1791058539946058,1856,0,17,11,11,1,11,2,10
2,4139,4138,1791058539994202,1791058539995359,1157,0,18,7,7,2,7,3,20
2,4140,4139,1791058540044202,1791058540045584,1382,0,19,10,10,1,11,2,10
2,4141,4140,1791058540094202,1791058540095624,1422,0,0,7,7,1,7,2,10
2,4142,4141,1791058540144202,1791058540145761,1559,0,1,13,13,5,13,4,20
2,4143,4142,1791058540194202,1791058540195883,1681,0,2,8,8,2,8,3,20
2,4144,4143,1791058540244202,1791058540245590,1388,0,3,8,8,2,9,4,21
2,4145,4144,1791058540294202,1791058540295464,1262,0,4,9,9,3,9,4,30
2,4146,4145,1791058540344202,1791058540346354,2152,0,5,9,9,3,9,4,30
2,4147,4146,1791058540394202,1791058540396357,2155,0,6,7,7,1,7,2,10
2,4148,4147,1791058540444202,1791058540445662,1460,0,7,11,11,3,11,3,20
2,4149,4148,1791058540494202,1791058540495677,1475,0,8,6,6,1,6,0,0
2,4150,4149,1791058540544202,1791058540546174,1972,0,9,12,12,3,12,3,20
2,4151,4150,1791058540594202,1791058540596238,2036,0,10,10,10,4,10,4,30
2,4152,4151,1791058540644202,1791058540645713,1511,0,11,12,12,4,13,6,41
2,4153,4152,1791058540694202,1791058540695413,1211,0,12,10,10,1,10,2,10
2,4154,4153,1791058540744202,1791058540746266,2064,0,13,10,10,4,10,4,30
2,4155,4154,1791058540794202,1791058540795415,1213,0,14,11,11,2,11,3,20
2,4156,4155,1791058540844202,1791058540845532,1330,0,15,16,16,4,16,5,40
2,4157,4156,1791058540894202,1791058540895431,1229,0,16,13,13,2,13,3,20
2,4158,4157,1791058540944202,1791058540945567,1365,0,17,11,11,1,11,2,10
2,4159,4158,1791058540994202,1791058540995865,1663,0,18,7,7,2,7,3,20
2,4160,4159,1791058541044202,1791058541045541,1339,0,19,10,10,1,11,3,11
2,4161,4160,1791058541094202,1791058541096334,2132,0,0,7,7,1,7,2,10
2,4162,4161,1791058541144202,1791058541145555,1353,0,1,13,13,5,13,3,20
2,4163,4162,1791058541194202,1791058541195642,1440,0,2,8,8,2,8,3,20
2,4164,4163,1791058541244202,1791058541245708,1506,0,3,8,8,2,9,3,20
2,4165,4164,1791058541294202,1791058541295478,1276,0,4,9,9,3,9,4,30
2,4166,4165,1791058541344202,1791058541346238,2036,0,5,9,9,3,9,4,30
2,4167,4166,1791058541394202,1791058541396132,1930,0,6,7,7,1,7,2,10
2,4168,4167,1791058541444202,1791058541445722,1520,0,7,11,11,3,12,4,21
2,4169,4168,1791058541494202,1791058541495740,1538,0,8,6,6,1,6,0,0
2,4170,4169,1791058541544202,1791058541546329,2127,0,9,12,12,3,12,3,20
2,4171,4170,1791058541594202,1791058541596194,1992,0,10,10,10,4,10,4,30
2,4172,4171,1791058541644202,1791058541645689,1487,0,11,12,12,4,12,5,40
2,4173,4172,1791058541694202,1791058541695560,1358,0,12,10,10,1,10,2,10
2,4174,4173,1791058541744202,1791058541745538,1336,0,13,10,10,4,10,4,30
2,4175,4174,1791058541794202,1791058541795379,1177,0,14,11,11,2,11,3,20
2,4176,4175,1791058541844202,1791058541845632,1430,0,15,16,16,4,17,6,41
2,4177,4176,1791058541894202,1791058541895524,1322,0,16,13,13,2,13,3,20
2,4178,4177,1791058541944202,1791058541945366,1164,0,17,11,11,1,11,2,10
2,4179,4178,1791058541994202,1791058541996245,2043,0,18,7,7,2,7,3,20
2,4180,4179,1791058542044202,1791058542045646,1444,0,19,10,10,1,10,2,10
2,4181,4180,1791058542094202,1791058542095368,1166,0,0,7,7,1,7,2,10
2,4182,4181,1791058542144202,1791058542146297,2095,0,1,13,13,5,13,3,20
2,4183,4182,1791058542194202,1791058542196174,1972,0,2,8,8,2,8,3,20
2,4184,4183,1791058542244202,1791058542245607,1405,0,3,8,8,2,9,4,21
2,4185,4184,1791058542294202,1791058542296347,2145,0,4,9,9,3,9,4,30
2,4186,4185,1791058542344202,1791058542345942,1740,0,5,9,9,3,9,4,30
2,4187,4186,1791058542394202,1791058542395657,1455,0,6,7,7,1,7,2,10
2,4188,4187,1791058542444202,1791058542445758,1556,0,7,11,11,3,12,3,20
2,4189,4188,1791058542494202,1791058542495636,1434,0,8,6,6,1,6,0,0
2,4190,4189,1791058542544202,1791058542545306,1104,0,9,12,12,3,12,3,20
2,4191,4190,1791058542594202,1791058542596300,2098,0,10,10,10,4,10,4,30
2,4192,4191,1791058542644202,1791058542645615,1413,0,11,12,12,4,12,5,40
2,4193,4192,1791058542694202,1791058542695407,1205,0,12,10,10,1,10,2,10
2,4194,4193,1791058542744202,1791058542745512,1310,0,13,10,10,4,10,4,30
2,4195,4194,1791058542794202,1791058542796285,2083,0,14,11,11,2,11,3,20
2,4196,4195,1791058542844202,1791058542845583,1381,0,15,16,16,4,17,6,40
2,4197,4196,1791058542894202,1791058542895458,1256,0,16,13,13,2,13,3,20
2,4198,4197,1791058542944202,1791058542945427,1225,0,17,11,11,1,11,2,10
2,4199,4198,1791058542994202,1791058542996149,1947,0,18,7,7,2,7,3,20
2,4200,4199,1791058543044202,1791058543045968,1766,0,19,10,10,1,10,2,10
