run_id,slot,tick,intended_us,invoked_us,lateness_us,skipped,bucket,actor_steps,actor_updates,policy_evaluations,orders_submitted,orders_filled,matched_shares
3,1,0,1791058544212484,1791058544214342,1858,0,0,7,7,7,7,5,12
3,2,1,1791058544262484,1791058544263464,980,0,1,13,13,13,13,13,60
3,3,2,1791058544312484,1791058544313586,1102,0,2,8,8,8,7,4,12
3,4,3,1791058544362484,1791058544363811,1327,0,3,8,8,8,6,4,19
3,5,4,1791058544412484,1791058544414070,1586,0,4,9,9,9,9,4,20
3,6,5,1791058544462484,1791058544464293,1809,0,5,9,9,9,9,6,30
3,7,6,1791058544512484,1791058544513309,825,0,6,7,7,7,7,5,20
3,8,7,1791058544562484,1791058544563811,1327,0,7,11,11,11,10,9,36
3,9,8,1791058544612484,1791058544614039,1555,0,8,6,6,6,5,3,8
3,10,9,1791058544662484,1791058544663440,956,0,9,12,12,12,12,4,17
3,11,10,1791058544712484,1791058544713880,1396,0,10,10,10,10,10,8,40
3,12,11,1791058544762484,1791058544763910,1426,0,11,12,12,12,10,8,37
3,13,12,1791058544812484,1791058544813678,1194,0,12,10,10,10,8,4,12
3,14,13,1791058544862484,1791058544863814,1330,0,13,10,10,10,10,10,45
3,15,14,1791058544912484,1791058544913766,1282,0,14,11,11,11,8,6,24
3,16,15,1791058544962484,1791058544964011,1527,0,15,16,16,16,14,10,32
3,17,16,1791058545012484,1791058545013845,1361,0,16,13,13,13,12,7,26
3,18,17,1791058545062484,1791058545063761,1277,0,17,11,11,11,11,4,15
3,19,18,1791058545112484,1791058545113732,1248,0,18,7,7,7,6,4,20
3,20,19,1791058545162484,1791058545163663,1179,0,19,10,10,10,10,4,13
3,21,20,1791058545212484,1791058545214293,1809,0,0,7,7,7,7,5,15
3,22,21,1791058545262484,1791058545263984,1500,0,1,13,13,13,13,12,60
3,23,22,1791058545312484,1791058545313740,1256,0,2,8,8,8,6,3,10
3,24,23,1791058545362484,1791058545363822,1338,0,3,8,8,8,9,6,21
3,25,24,1791058545412484,1791058545413632,1148,0,4,9,9,9,9,6,26
3,26,25,1791058545462484,1791058545463513,1029,0,5,9,9,9,9,8,37
3,27,26,1791058545512484,1791058545513499,1015,0,6,7,7,7,6,2,10
3,28,27,1791058545562484,1791058545563843,1359,0,7,11,11,11,10,8,40
3,29,28,1791058545612484,1791058545613851,1367,0,8,6,6,6,6,4,16
3,30,29,1791058545662484,1791058545663695,1211,0,9,12,12,12,11,4,20
3,31,30,1791058545712484,1791058545713869,1385,0,10,10,10,10,10,8,40
3,32,31,1791058545762484,1791058545763946,1462,0,11,12,12,12,11,9,36
3,33,32,1791058545812484,1791058545813714,1230,0,12,10,10,10,10,7,23
3,34,33,1791058545862484,1791058545863876,1392,0,13,10,10,10,9,6,30
3,35,34,1791058545912484,1791058545913673,1189,0,14,11,11,11,11,6,28
3,36,35,1791058545962484,1791058545963749,1265,0,15,16,16,16,16,14,63
3,37,36,1791058546012484,1791058546014364,1880,0,16,13,13,13,12,8,31
3,38,37,1791058546062484,1791058546063486,1002,0,17,11,11,11,11,6,21
3,39,38,1791058546112484,1791058546113333,849,0,18,7,7,7,7,6,21
3,40,39,1791058546162484,1791058546164047,1563,0,19,10,10,10,10,7,29
3,41,40,1791058546212484,1791058546213811,1327,0,0,7,7,7,6,4,20
3,42,41,1791058546262484,1791058546263795,1311,0,1,13,13,13,10,8,39
3,43,42,1791058546312484,1791058546313918,1434,0,2,8,8,8,7,6,23
3,44,43,1791058546362484,1791058546364076,1592,0,3,8,8,8,9,5,15
3,45,44,1791058546412484,1791058546413684,1200,0,4,9,9,9,8,4,20
3,46,45,1791058546462484,1791058546463616,1132,0,5,9,9,9,9,8,37
3,47,46,1791058546512484,1791058546513546,1062,0,6,7,7,7,6,2,4
3,48,47,1791058546562484,1791058546563830,1346,0,7,11,11,11,11,8,40
3,49,48,1791058546612484,1791058546613499,1015,0,8,6,6,6,4,0,0
3,50,49,1791058546662484,1791058546664224,1740,0,9,12,12,12,12,4,20
3,51,50,1791058546712484,1791058546714313,1829,0,10,10,10,10,9,8,40
3,52,51,1791058546762484,1791058546763766,1282,0,11,12,12,12,11,8,33
3,53,52,1791058546812484,1791058546814366,1882,0,12,10,10,10,9,6,30
3,54,53,1791058546862484,1791058546864250,1766,0,13,10,10,10,10,9,32
3,55,54,1791058546912484,1791058546914333,1849,0,14,11,11,11,10,10,36
3,56,55,1791058546962484,1791058546963837,1353,0,15,16,16,16,13,10,40
3,57,56,1791058547012484,1791058547013607,1123,0,16,13,13,13,10,7,29
3,58,57,1791058547062484,1791058547063746,1262,0,17,11,11,11,10,4,14
3,59,58,1791058547112484,1791058547113690,1206,0,18,7,7,7,7,6,23
3,60,59,1791058547162484,1791058547163958,1474,0,19,10,10,10,10,5,17
3,61,60,1791058547212484,1791058547213933,1449,0,0,7,7,7,6,2,10
3,62,61,1791058547262484,1791058547263778,1294,0,1,13,13,13,13,12,60
3,63,62,1791058547312484,1791058547313689,1205,0,2,8,8,8,7,6,25
3,64,63,1791058547362484,1791058547363810,1326,0,3,8,8,8,9,9,33
3,65,64,1791058547412484,1791058547413865,1381,0,4,9,9,9,8,8,36
3,66,65,1791058547462484,1791058547463732,1248,0,5,9,9,9,9,8,33
3,67,66,1791058547512484,1791058547514349,1865,0,6,7,7,7,5,2,10
3,68,67,1791058547562484,1791058547563794,1310,0,7,11,11,11,11,7,30
3,69,68,1791058547612484,1791058547613693,1209,0,8,6,6,6,6,4,16
3,70,69,1791058547662484,1791058547663522,1038,0,9,12,12,12,10,4,20
3,71,70,1791058547712484,1791058547713358,874,0,10,10,10,10,9,8,40
3,72,71,1791058547762484,1791058547763991,1507,0,11,12,12,12,11,11,47
3,73,72,1791058547812484,1791058547813938,1454,0,12,10,10,10,8,7,26
3,74,73,1791058547862484,1791058547864006,1522,0,13,10,10,10,10,5,10
3,75,74,1791058547912484,1791058547914367,1883,0,14,11,11,11,11,6,29
3,76,75,1791058547962484,1791058547963907,1423,0,15,16,16,16,15,12,60
3,77,76,1791058548012484,1791058548013449,965,0,16,13,13,13,12,6,30
3,78,77,1791058548062484,1791058548064322,1838,0,17,11,11,11,9,2,10
3,79,78,1791058548112484,1791058548114265,1781,0,18,7,7,7,7,6,30
3,80,79,1791058548162484,1791058548163842,1358,0,19,10,10,10,9,5,17
3,81,80,1791058548212484,1791058548213877,1393,0,0,7,7,7,5,2,10
3,82,81,1791058548262484,1791058548263871,1387,0,1,13,13,13,13,10,50
3,83,82,1791058548312484,1791058548313947,1463,0,2,8,8,8,7,4,20
3,84,83,1791058548362484,1791058548363952,1468,0,3,8,8,8,8,4,20
3,85,84,1791058548412484,1791058548413945,1461,0,4,9,9,9,9,6,26
3,86,85,1791058548462484,1791058548464058,1574,0,5,9,9,9,8,6,30
3,87,86,1791058548512484,1791058548513965,1481,0,6,7,7,7,7,4,14
3,88,87,1791058548562484,1791058548563826,1342,0,7,11,11,11,12,9,40
3,89,88,1791058548612484,1791058548613608,1124,0,8,6,6,6,4,2,5
3,90,89,1791058548662484,1791058548664325,1841,0,9,12,12,12,11,6,25
3,91,90,1791058548712484,1791058548714315,1831,0,10,10,10,10,10,10,41
3,92,91,1791058548762484,1791058548763822,1338,0,11,12,12,12,11,10,50
3,93,92,1791058548812484,1791058548813587,1103,0,12,10,10,10,8,6,30
3,94,93,1791058548862484,1791058548863318,834,0,13,10,10,10,8,2,10
3,95,94,1791058548912484,1791058548914252,1768,0,14,11,11,11,11,6,30
3,96,95,1791058548962484,1791058548963856,1372,0,15,16,16,16,16,16,69
3,97,96,1791058549012484,1791058549013887,1403,0,16,13,13,13,12,6,30
3,98,97,1791058549062484,1791058549064185,1701,0,17,11,11,11,11,8,40
3,99,98,1791058549112484,1791058549114078,1594,0,18,7,7,7,7,6,30
3,100,99,1791058549162484,1791058549163959,1475,0,19,10,10,10,8,4,13
3,101,100,1791058549212484,1791058549213913,1429,0,0,7,7,7,6,2,10
3,102,101,1791058549262484,1791058549263750,1266,0,1,13,13,13,12,10,50
3,103,102,1791058549312484,1791058549313564,1080,0,2,8,8,8,8,6,30
3,104,103,1791058549362484,1791058549364043,1559,0,3,8,8,8,8,7,24
3,105,104,1791058549412484,1791058549413863,1379,0,4,9,9,9,9,8,35
3,106,105,1791058549462484,1791058549463896,1412,0,5,9,9,9,8,6,27
3,107,106,1791058549512484,1791058549513755,1271,0,6,7,7,7,7,4,16
3,108,107,1791058549562484,1791058549564034,1550,0,7,11,11,11,11,8,40
3,109,108,1791058549612484,1791058549613997,1513,0,8,6,6,6,4,2,4
3,110,109,1791058549662484,1791058549663848,1364,0,9,12,12,12,12,8,40
3,111,110,1791058549712484,1791058549713752,1268,0,10,10,10,10,10,8,40
3,112,111,1791058549762484,1791058549764247,1763,0,11,12,12,12,13,13,58
3,113,112,1791058549812484,1791058549813912,1428,0,12,10,10,10,10,6,23
3,114,113,1791058549862484,1791058549863883,1399,0,13,10,10,10,8,4,20
3,115,114,1791058549912484,1791058549913759,1275,0,14,11,11,11,10,6,30
3,116,115,1791058549962484,1791058549963993,1509,0,15,16,16,16,16,14,70
3,117,116,1791058550012484,1791058550014239,1755,0,16,13,13,13,11,7,29
3,118,117,1791058550062484,1791058550064363,1879,0,17,11,11,11,11,9,38
3,119,118,1791058550112484,1791058550113433,949,0,18,7,7,7,7,6,30
3,120,119,1791058550162484,1791058550164035,1551,0,19,10,10,10,9,4,11
3,121,120,1791058550212484,1791058550213744,1260,0,0,7,7,7,6,2,10
3,122,121,1791058550262484,1791058550263586,1102,0,1,13,13,13,12,8,40
3,123,122,1791058550312484,1791058550313684,1200,0,2,8,8,8,8,6,26
3,124,123,1791058550362484,1791058550363770,1286,0,3,8,8,8,8,6,29
3,125,124,1791058550412484,1791058550413544,1060,0,4,9,9,9,8,8,40
3,126,125,1791058550462484,1791058550464268,1784,0,5,9,9,9,9,8,37
3,127,126,1791058550512484,1791058550514157,1673,0,6,7,7,7,7,2,10
3,128,127,1791058550562484,1791058550563985,1501,0,7,11,11,11,10,6,30
3,129,128,1791058550612484,1791058550613752,1268,0,8,6,6,6,5,4,18
3,130,129,1791058550662484,1791058550663638,1154,0,9,12,12,12,11,10,47
3,131,130,1791058550712484,1791058550713560,1076,0,10,10,10,10,9,6,30
3,132,131,1791058550762484,1791058550763831,1347,0,11,12,12,12,13,12,55
3,133,132,1791058550812484,1791058550813843,1359,0,12,10,10,10,10,6,28
3,134,133,1791058550862484,1791058550863723,1239,0,13,10,10,10,9,4,20
3,135,134,1791058550912484,1791058550913755,1271,0,14,11,11,11,10,6,30
3,136,135,1791058550962484,1791058550963818,1334,0,15,16,16,16,16,15,70
3,137,136,1791058551012484,1791058551013733,1249,0,16,13,13,13,12,8,37
3,138,137,1791058551062484,1791058551063835,1351,0,17,11,11,11,10,10,42
3,139,138,1791058551112484,1791058551114321,1837,0,18,7,7,7,6,4,20
3,140,139,1791058551162484,1791058551163780,1296,0,19,10,10,10,8,5,17
3,141,140,1791058551212484,1791058551214340,1856,0,0,7,7,7,6,2,10
3,142,141,1791058551262484,1791058551264278,1794,0,1,13,13,13,12,10,50
3,143,142,1791058551312484,1791058551313991,1507,0,2,8,8,8,8,6,30
3,144,143,1791058551362484,1791058551364057,1573,0,3,8,8,8,8,8,31
3,145,144,1791058551412484,1791058551413695,1211,0,4,9,9,9,9,8,40
3,146,145,1791058551462484,1791058551463714,1230,0,5,9,9,9,6,2,10
3,147,146,1791058551512484,1791058551513654,1170,0,6,7,7,7,7,7,26
3,148,147,1791058551562484,1791058551563932,1448,0,7,11,11,11,10,7,30
3,149,148,1791058551612484,1791058551613585,1101,0,8,6,6,6,5,4,13
3,150,149,1791058551662484,1791058551664291,1807,0,9,12,12,12,12,12,51
3,151,150,1791058551712484,1791058551714116,1632,0,10,10,10,10,10,8,34
3,152,151,1791058551762484,1791058551763713,1229,0,11,12,12,12,12,12,59
3,153,152,1791058551812484,1791058551813716,1232,0,12,10,10,10,8,4,20
3,154,153,1791058551862484,1791058551863695,1211,0,13,10,10,10,10,8,32
3,155,154,1791058551912484,1791058551913695,1211,0,14,11,11,11,9,9,38
3,156,155,1791058551962484,1791058551964034,1550,0,15,16,16,16,16,12,59
3,157,156,1791058552012484,1791058552014115,1631,0,16,13,13,13,12,8,32
3,158,157,1791058552062484,1791058552063378,894,0,17,11,11,11,11,8,34
3,159,158,1791058552112484,1791058552113473,989,0,18,7,7,7,7,6,30
3,160,159,1791058552162484,1791058552164092,1608,0,19,10,10,10,10,7,28
3,161,160,1791058552212484,1791058552213795,1311,0,0,7,7,7,7,4,20
3,162,161,1791058552262484,1791058552263642,1158,0,1,13,13,13,13,10,46
3,163,162,1791058552312484,1791058552314335,1851,0,2,8,8,8,8,6,30
3,164,163,1791058552362484,1791058552363810,1326,0,3,8,8,8,7,4,20
3,165,164,1791058552412484,1791058552413364,880,0,4,9,9,9,7,6,27
3,166,165,1791058552462484,1791058552463329,845,0,5,9,9,9,8,6,30
3,167,166,1791058552512484,1791058552514058,1574,0,6,7,7,7,7,2,10
3,168,167,1791058552562484,1791058552563997,1513,0,7,11,11,11,11,10,41
3,169,168,1791058552612484,1791058552613880,1396,0,8,6,6,6,3,0,0
3,170,169,1791058552662484,1791058552663884,1400,0,9,12,12,12,11,6,27
3,171,170,1791058552712484,1791058552714033,1549,0,10,10,10,10,10,10,41
3,172,171,1791058552762484,1791058552763788,1304,0,11,12,12,12,13,12,55
3,173,172,1791058552812484,1791058552813507,1023,0,12,10,10,10,10,6,29
3,174,173,1791058552862484,1791058552864360,1876,0,13,10,10,10,9,4,20
3,175,174,1791058552912484,1791058552913350,866,0,14,11,11,11,11,6,28
3,176,175,1791058552962484,1791058552963908,1424,0,15,16,16,16,17,17,79
3,177,176,1791058553012484,1791058553013786,1302,0,16,13,13,13,12,6,30
3,178,177,1791058553062484,1791058553063943,1459,0,17,11,11,11,10,9,38
3,179,178,1791058553112484,1791058553114286,1802,0,18,7,7,7,7,6,22
3,180,179,1791058553162484,1791058553163794,1310,0,19,10,10,10,8,5,20
3,181,180,1791058553212484,1791058553213600,1116,0,0,7,7,7,6,4,19
3,182,181,1791058553262484,1791058553263537,1053,0,1,13,13,13,12,10,50
3,183,182,1791058553312484,1791058553313310,826,0,2,8,8,8,8,6,23
3,184,183,1791058553362484,1791058553364015,1531,0,3,8,8,8,8,6,21
3,185,184,1791058553412484,1791058553413777,1293,0,4,9,9,9,9,8,33
3,186,185,1791058553462484,1791058553463694,1210,0,5,9,9,9,9,6,27
3,187,186,1791058553512484,1791058553514175,1691,0,6,7,7,7,7,4,15
3,188,187,1791058553562484,1791058553563730,1246,0,7,11,11,11,11,8,40
3,189,188,1791058553612484,1791058553613533,1049,0,8,6,6,6,3,2,6
3,190,189,1791058553662484,1791058553664154,1670,0,9,12,12,12,12,10,49
3,191,190,1791058553712484,1791058553714166,1682,0,10,10,10,10,9,8,40
3,192,191,1791058553762484,1791058553763818,1334,0,11,12,12,12,13,13,60
3,193,192,1791058553812484,1791058553814323,1839,0,12,10,10,10,9,6,23
3,194,193,1791058553862484,1791058553864301,1817,0,13,10,10,10,9,7,26
3,195,194,1791058553912484,1791058553914370,1886,0,14,11,11,11,10,8,35
3,196,195,1791058553962484,1791058553963774,1290,0,15,16,16,16,15,14,69
3,197,196,1791058554012484,1791058554014290,1806,0,16,13,13,13,12,8,35
3,198,197,1791058554062484,1791058554064223,1739,0,17,11,11,11,11,10,42
3,199,198,1791058554112484,1791058554113455,971,0,18,7,7,7,7,6,30
3,200,199,1791058554162484,1791058554164079,1595,0,19,10,10,10,9,5,19
3,201,200,1791058554212484,1791058554214000,1516,0,0,7,7,7,6,4,20
3,202,201,1791058554262484,1791058554264135,1651,0,1,13,13,13,12,10,50
3,203,202,1791058554312484,1791058554313293,809,0,2,8,8,8,8,6,30
3,204,203,1791058554362484,1791058554364146,1662,0,3,8,8,8,9,8,33
3,205,204,1791058554412484,1791058554413942,1458,0,4,9,9,9,9,8,36
3,206,205,1791058554462484,1791058554464013,1529,0,5,9,9,9,7,5,17
3,207,206,1791058554512484,1791058554514160,1676,0,6,7,7,7,7,2,10
3,208,207,1791058554562484,1791058554563934,1450,0,7,11,11,11,10,8,40
3,209,208,1791058554612484,1791058554613749,1265,0,8,6,6,6,6,2,9
3,210,209,1791058554662484,1791058554663761,1277,0,9,12,12,12,12,6,28
3,211,210,1791058554712484,1791058554713935,1451,0,10,10,10,10,10,10,47
3,212,211,1791058554762484,1791058554763796,1312,0,11,12,12,12,12,10,43
3,213,212,1791058554812484,1791058554813778,1294,0,12,10,10,10,9,6,24
3,214,213,1791058554862484,1791058554864110,1626,0,13,10,10,10,10,8,33
3,215,214,1791058554912484,1791058554914267,1783,0,14,11,11,11,6,4,20
3,216,215,1791058554962484,1791058554963979,1495,0,15,16,16,16,15,12,54
3,217,216,1791058555012484,1791058555013754,1270,0,16,13,13,13,13,8,26
3,218,217,1791058555062484,1791058555063717,1233,0,17,11,11,11,11,5,16
3,219,218,1791058555112484,1791058555113685,1201,0,18,7,7,7,7,7,28
3,220,219,1791058555162484,1791058555164053,1569,0,19,10,10,10,10,4,14
3,221,220,1791058555212484,1791058555213884,1400,0,0,7,7,7,7,2,10
3,222,221,1791058555262484,1791058555263577,1093,0,1,13,13,13,11,10,48
3,223,222,1791058555312484,1791058555314309,1825,0,2,8,8,8,8,6,30
3,224,223,1791058555362484,1791058555363940,1456,0,3,8,8,8,6,4,13
3,225,224,1791058555412484,1791058555413717,1233,0,4,9,9,9,9,7,30
3,226,225,1791058555462484,1791058555463713,1229,0,5,9,9,9,7,6,30
3,227,226,1791058555512484,1791058555513799,1315,0,6,7,7,7,7,2,8
3,228,227,1791058555562484,1791058555564144,1660,0,7,11,11,11,11,6,30
3,229,228,1791058555612484,1791058555614041,1557,0,8,6,6,6,5,2,5
3,230,229,1791058555662484,1791058555663943,1459,0,9,12,12,12,11,6,30
3,231,230,1791058555712484,1791058555713939,1455,0,10,10,10,10,10,10,49
3,232,231,1791058555762484,1791058555763768,1284,0,11,12,12,12,11,10,47
3,233,232,1791058555812484,1791058555813660,1176,0,12,10,10,10,10,6,28
3,234,233,1791058555862484,1791058555863469,985,0,13,10,10,10,8,6,27
3,235,234,1791058555912484,1791058555914345,1861,0,14,11,11,11,10,8,38
3,236,235,1791058555962484,1791058555963801,1317,0,15,16,16,16,17,12,60
3,237,236,1791058556012484,1791058556013865,1381,0,16,13,13,13,11,7,27
3,238,237,1791058556062484,1791058556063862,1378,0,17,11,11,11,11,7,23
3,239,238,1791058556112484,1791058556113714,1230,0,18,7,7,7,7,6,30
3,240,239,1791058556162484,1791058556163973,1489,0,19,10,10,10,7,5,15
3,241,240,1791058556212484,1791058556213767,1283,0,0,7,7,7,7,2,10
3,242,241,1791058556262484,1791058556263815,1331,0,1,13,13,13,13,12,59
3,243,242,1791058556312484,1791058556314253,1769,0,2,8,8,8,7,4,20
3,244,243,1791058556362484,1791058556363913,1429,0,3,8,8,8,8,4,20
3,245,244,1791058556412484,1791058556413657,1173,0,4,9,9,9,9,7,29
3,246,245,1791058556462484,1791058556464080,1596,0,5,9,9,9,8,6,30
3,247,246,1791058556512484,1791058556513444,960,0,6,7,7,7,7,2,10
3,248,247,1791058556562484,1791058556564002,1518,0,7,11,11,11,11,8,35
3,249,248,1791058556612484,1791058556613697,1213,0,8,6,6,6,6,4,15
3,250,249,1791058556662484,1791058556663493,1009,0,9,12,12,12,12,8,35
3,251,250,1791058556712484,1791058556713613,1129,0,10,10,10,10,10,10,46
3,252,251,1791058556762484,1791058556763916,1432,0,11,12,12,12,12,10,47
3,253,252,1791058556812484,1791058556813554,1070,0,12,10,10,10,8,8,34
3,254,253,1791058556862484,1791058556864245,1761,0,13,10,10,10,10,6,22
3,255,254,1791058556912484,1791058556913980,1496,0,14,11,11,11,11,6,30
3,256,255,1791058556962484,1791058556963833,1349,0,15,16,16,16,15,14,64
3,257,256,1791058557012484,1791058557013857,1373,0,16,13,13,13,11,6,30
3,258,257,1791058557062484,1791058557063893,1409,0,17,11,11,11,10,6,21
3,259,258,1791058557112484,1791058557113857,1373,0,18,7,7,7,7,6,25
3,260,259,1791058557162484,1791058557164092,1608,0,19,10,10,10,8,6,29
3,261,260,1791058557212484,1791058557214119,1635,0,0,7,7,7,7,6,24
3,262,261,1791058557262484,1791058557264141,1657,0,1,13,13,13,11,8,39
3,263,262,1791058557312484,1791058557314139,1655,0,2,8,8,8,8,6,30
3,264,263,1791058557362484,1791058557363782,1298,0,3,8,8,8,7,4,19
3,265,264,1791058557412484,1791058557413771,1287,0,4,9,9,9,8,8,35
3,266,265,1791058557462484,1791058557463557,1073,0,5,9,9,9,8,6,26
3,267,266,1791058557512484,1791058557513558,1074,0,6,7,7,7,7,4,15
3,268,267,1791058557562484,1791058557564027,1543,0,7,11,11,11,11,8,31
3,269,268,1791058557612484,1791058557613889,1405,0,8,6,6,6,4,2,3
3,270,269,1791058557662484,1791058557663739,1255,0,9,12,12,12,11,6,28
3,271,270,1791058557712484,1791058557713342,858,0,10,10,10,10,10,10,42
3,272,271,1791058557762484,1791058557763775,1291,0,11,12,12,12,12,11,46
3,273,272,1791058557812484,1791058557814342,1858,0,12,10,10,10,10,8,32
3,274,273,1791058557862484,1791058557864251,1767,0,13,10,10,10,8,4,20
3,275,274,1791058557912484,1791058557914189,1705,0,14,11,11,11,11,6,30
3,276,275,1791058557962484,1791058557963784,1300,0,15,16,16,16,16,14,67
3,277,276,1791058558012484,1791058558013848,1364,0,16,13,13,13,12,6,28
3,278,277,1791058558062484,1791058558063815,1331,0,17,11,11,11,11,4,20
3,279,278,1791058558112484,1791058558113304,820,0,18,7,7,7,7,6,23
3,280,279,1791058558162484,1791058558164003,1519,0,19,10,10,10,9,8,35
3,281,280,1791058558212484,1791058558213835,1351,0,0,7,7,7,6,4,20
3,282,281,1791058558262484,1791058558263838,1354,0,1,13,13,13,11,10,45
3,283,282,1791058558312484,1791058558313827,1343,0,2,8,8,8,8,6,27
3,284,283,1791058558362484,1791058558363994,1510,0,3,8,8,8,7,2,10
3,285,284,1791058558412484,1791058558413981,1497,0,4,9,9,9,9,6,30
3,286,285,1791058558462484,1791058558463822,1338,0,5,9,9,9,8,6,30
3,287,286,1791058558512484,1791058558513748,1264,0,6,7,7,7,7,2,10
3,288,287,1791058558562484,1791058558563963,1479,0,7,11,11,11,11,9,34
3,289,288,1791058558612484,1791058558613940,1456,0,8,6,6,6,5,2,9
3,290,289,1791058558662484,1791058558663718,1234,0,9,12,12,12,12,8,36
3,291,290,1791058558712484,1791058558713557,1073,0,10,10,10,10,10,10,49
3,292,291,1791058558762484,1791058558763763,1279,0,11,12,12,12,12,10,44
3,293,292,1791058558812484,1791058558813485,1001,0,12,10,10,10,10,8,35
3,294,293,1791058558862484,1791058558863320,836,0,13,10,10,10,7,2,10
3,295,294,1791058558912484,1791058558914033,1549,0,14,11,11,11,11,8,36
3,296,295,1791058558962484,1791058558963791,1307,0,15,16,16,16,16,15,67
3,297,296,1791058559012484,1791058559013713,1229,0,16,13,13,13,12,6,29
3,298,297,1791058559062484,1791058559063674,1190,0,17,11,11,11,10,7,28
3,299,298,1791058559112484,1791058559114331,1847,0,18,7,7,7,7,6,23
3,300,299,1791058559162484,1791058559163881,1397,0,19,10,10,10,11,8,34
3,301,300,1791058559212484,1791058559213629,1145,0,0,7,7,7,7,4,20
3,302,301,1791058559262484,1791058559263369,885,0,1,13,13,13,11,10,48
3,303,302,1791058559312484,1791058559314263,1779,0,2,8,8,8,8,6,27
3,304,303,1791058559362484,1791058559363310,826,0,3,8,8,8,9,8,31
3,305,304,1791058559412484,1791058559414179,1695,0,4,9,9,9,9,8,40
3,306,305,1791058559462484,1791058559463363,879,0,5,9,9,9,9,9,34
3,307,306,1791058559512484,1791058559513501,1017,0,6,7,7,7,6,0,0
3,308,307,1791058559562484,1791058559563991,1507,0,7,11,11,11,11,8,40
3,309,308,1791058559612484,1791058559613798,1314,0,8,6,6,6,5,2,9
3,310,309,1791058559662484,1791058559663988,1504,0,9,12,12,12,12,8,40
3,311,310,1791058559712484,1791058559713935,1451,0,10,10,10,10,10,8,37
3,312,311,1791058559762484,1791058559763955,1471,0,11,12,12,12,13,11,49
3,313,312,1791058559812484,1791058559813688,1204,0,12,10,10,10,9,6,30
3,314,313,1791058559862484,1791058559863483,999,0,13,10,10,10,8,4,11
3,315,314,1791058559912484,1791058559913448,964,0,14,11,11,11,10,6,26
3,316,315,1791058559962484,1791058559963958,1474,0,15,16,16,16,13,10,50
3,317,316,1791058560012484,1791058560013829,1345,0,16,13,13,13,13,6,30
3,318,317,1791058560062484,1791058560064124,1640,0,17,11,11,11,11,4,20
3,319,318,1791058560112484,1791058560114240,1756,0,18,7,7,7,7,6,23
3,320,319,1791058560162484,1791058560163836,1352,0,19,10,10,10,11,10,34
3,321,320,1791058560212484,1791058560213948,1464,0,0,7,7,7,5,4,20
3,322,321,1791058560262484,1791058560263831,1347,0,1,13,13,13,11,8,38
3,323,322,1791058560312484,1791058560314049,1565,0,2,8,8,8,8,6,30
3,324,323,1791058560362484,1791058560364021,1537,0,3,8,8,8,7,4,20
3,325,324,1791058560412484,1791058560413988,1504,0,4,9,9,9,8,6,28
3,326,325,1791058560462484,1791058560464083,1599,0,5,9,9,9,8,6,22
3,327,326,1791058560512484,1791058560513991,1507,0,6,7,7,7,6,4,20
3,328,327,1791058560562484,1791058560563831,1347,0,7,11,11,11,12,12,46
3,329,328,1791058560612484,1791058560613796,1312,0,8,6,6,6,5,2,10
3,330,329,1791058560662484,1791058560663719,1235,0,9,12,12,12,12,8,38
3,331,330,1791058560712484,1791058560713690,1206,0,10,10,10,10,10,9,34
3,332,331,1791058560762484,1791058560763840,1356,0,11,12,12,12,11,10,50
3,333,332,1791058560812484,1791058560813478,994,0,12,10,10,10,9,6,23
3,334,333,1791058560862484,1791058560864306,1822,0,13,10,10,10,9,4,20
3,335,334,1791058560912484,1791058560914302,1818,0,14,11,11,11,9,6,30
3,336,335,1791058560962484,1791058560963837,1353,0,15,16,16,16,16,15,70
3,337,336,1791058561012484,1791058561013572,1088,0,16,13,13,13,12,6,27
3,338,337,1791058561062484,1791058561063547,1063,0,17,11,11,11,10,8,34
3,339,338,1791058561112484,1791058561113496,1012,0,18,7,7,7,7,6,30
3,340,339,1791058561162484,1791058561163988,1504,0,19,10,10,10,9,6,29
3,341,340,1791058561212484,1791058561213948,1464,0,0,7,7,7,7,4,13
3,342,341,1791058561262484,1791058561263896,1412,0,1,13,13,13,12,10,49
3,343,342,1791058561312484,1791058561314043,1559,0,2,8,8,8,8,6,30
3,344,343,1791058561362484,1791058561363795,1311,0,3,8,8,8,9,9,39
3,345,344,1791058561412484,1791058561413463,979,0,4,9,9,9,9,6,30
3,346,345,1791058561462484,1791058561463336,852,0,5,9,9,9,9,9,32
3,347,346,1791058561512484,1791058561514124,1640,0,6,7,7,7,7,2,10
3,348,347,1791058561562484,1791058561563945,1461,0,7,11,11,11,10,6,30
3,349,348,1791058561612484,1791058561613884,1400,0,8,6,6,6,6,2,10
3,350,349,1791058561662484,1791058561663653,1169,0,9,12,12,12,11,6,23
3,351,350,1791058561712484,1791058561713578,1094,0,10,10,10,10,10,10,50
3,352,351,1791058561762484,1791058561764054,1570,0,11,12,12,12,12,10,40
3,353,352,1791058561812484,1791058561814007,1523,0,12,10,10,10,10,10,41
3,354,353,1791058561862484,1791058561863854,1370,0,13,10,10,10,8,4,18
3,355,354,1791058561912484,1791058561913559,1075,0,14,11,11,11,10,6,25
3,356,355,1791058561962484,1791058561964244,1760,0,15,16,16,16,17,14,64
3,357,356,1791058562012484,1791058562014299,1815,0,16,13,13,13,12,6,28
3,358,357,1791058562062484,1791058562063741,1257,0,17,11,11,11,10,6,22
3,359,358,1791058562112484,1791058562113473,989,0,18,7,7,7,7,6,30
3,360,359,1791058562162484,1791058562164049,1565,0,19,10,10,10,6,2,10
3,361,360,1791058562212484,1791058562214229,1745,0,0,7,7,7,5,2,10
3,362,361,1791058562262484,1791058562263483,999,0,1,13,13,13,12,10,43
3,363,362,1791058562312484,1791058562314164,1680,0,2,8,8,8,8,6,29
3,364,363,1791058562362484,1791058562363954,1470,0,3,8,8,8,9,6,26
3,365,364,1791058562412484,1791058562413852,1368,0,4,9,9,9,8,6,28
3,366,365,1791058562462484,1791058562463912,1428,0,5,9,9,9,8,6,25
3,367,366,1791058562512484,1791058562513905,1421,0,6,7,7,7,6,4,14
3,368,367,1791058562562484,1791058562563829,1345,0,7,11,11,11,12,9,40
3,369,368,1791058562612484,1791058562613754,1270,0,8,6,6,6,6,2,10
3,370,369,1791058562662484,1791058562663548,1064,0,9,12,12,12,11,8,40
3,371,370,1791058562712484,1791058562713432,948,0,10,10,10,10,10,8,35
3,372,371,1791058562762484,1791058562763914,1430,0,11,12,12,12,12,12,56
3,373,372,1791058562812484,1791058562813762,1278,0,12,10,10,10,7,4,20
3,374,373,1791058562862484,1791058562863771,1287,0,13,10,10,10,8,5,16
3,375,374,1791058562912484,1791058562913526,1042,0,14,11,11,11,11,6,28
3,376,375,1791058562962484,1791058562963799,1315,0,15,16,16,16,17,17,80
3,377,376,1791058563012484,1791058563013568,1084,0,16,13,13,13,11,8,34
3,378,377,1791058563062484,1791058563063377,893,0,17,11,11,11,10,10,43
3,379,378,1791058563112484,1791058563113534,1050,0,18,7,7,7,6,4,20
3,380,379,1791058563162484,1791058563164080,1596,0,19,10,10,10,11,7,25
3,381,380,1791058563212484,1791058563213959,1475,0,0,7,7,7,7,6,29
3,382,381,1791058563262484,1791058563263891,1407,0,1,13,13,13,11,6,30
3,383,382,1791058563312484,1791058563313991,1507,0,2,8,8,8,8,6,30
3,384,383,1791058563362484,1791058563363815,1331,0,3,8,8,8,8,7,25
3,385,384,1791058563412484,1791058563413557,1073,0,4,9,9,9,9,9,39
3,386,385,1791058563462484,1791058563463312,828,0,5,9,9,9,9,7,26
3,387,386,1791058563512484,1791058563514058,1574,0,6,7,7,7,6,2,10
3,388,387,1791058563562484,1791058563563839,1355,0,7,11,11,11,11,8,40
3,389,388,1791058563612484,1791058563613865,1381,0,8,6,6,6,5,2,3
3,390,389,1791058563662484,1791058563663826,1342,0,9,12,12,12,12,6,25
3,391,390,1791058563712484,1791058563714204,1720,0,10,10,10,10,9,6,30
3,392,391,1791058563762484,1791058563764001,1517,0,11,12,12,12,12,11,50
3,393,392,1791058563812484,1791058563813366,882,0,12,10,10,10,10,8,32
3,394,393,1791058563862484,1791058563863753,1269,0,13,10,10,10,7,4,14
3,395,394,1791058563912484,1791058563914159,1675,0,14,11,11,11,11,6,23
3,396,395,1791058563962484,1791058563963891,1407,0,15,16,16,16,17,14,66
3,397,396,1791058564012484,1791058564014312,1828,0,16,13,13,13,13,8,34
3,398,397,1791058564062484,1791058564063694,1210,0,17,11,11,11,10,4,20
3,399,398,1791058564112484,1791058564114083,1599,0,18,7,7,7,7,6,23
3,400,399,1791058564162484,1791058564163753,1269,0,19,10,10,10,9,9,32
3,401,400,1791058564212484,1791058564213995,1511,0,0,7,7,7,6,4,20
3,402,401,1791058564262484,1791058564263310,826,0,1,13,13,13,9,6,26
3,403,402,1791058564312484,1791058564313480,996,0,2,8,8,8,8,6,30
3,404,403,1791058564362484,1791058564363842,1358,0,3,8,8,8,6,2,10
3,405,404,1791058564412484,1791058564413959,1475,0,4,9,9,9,8,4,20
3,406,405,1791058564462484,1791058564464151,1667,0,5,9,9,9,9,8,39
3,407,406,1791058564512484,1791058564514018,1534,0,6,7,7,7,7,2,7
3,408,407,1791058564562484,1791058564563981,1497,0,7,11,11,11,10,8,38
3,409,408,1791058564612484,1791058564613947,1463,0,8,6,6,6,4,4,13
3,410,409,1791058564662484,1791058564663786,1302,0,9,12,12,12,12,12,53
3,411,410,1791058564712484,1791058564713617,1133,0,10,10,10,10,6,6,25
3,412,411,1791058564762484,1791058564764069,1585,0,11,12,12,12,11,8,40
3,413,412,1791058564812484,1791058564813722,1238,0,12,10,10,10,10,7,26
3,414,413,1791058564862484,1791058564863756,1272,0,13,10,10,10,10,4,15
3,415,414,1791058564912484,1791058564913591,1107,0,14,11,11,11,11,6,30
3,416,415,1791058564962484,1791058564963789,1305,0,15,16,16,16,15,13,60
3,417,416,1791058565012484,1791058565013669,1185,0,16,13,13,13,13,6,30
3,418,417,1791058565062484,1791058565063492,1008,0,17,11,11,11,11,8,32
3,419,418,1791058565112484,1791058565114268,1784,0,18,7,7,7,7,6,30
3,420,419,1791058565162484,1791058565163802,1318,0,19,10,10,10,8,2,10
3,421,420,1791058565212484,1791058565214321,1837,0,0,7,7,7,6,2,10
3,422,421,1791058565262484,1791058565264208,1724,0,1,13,13,13,11,8,40
3,423,422,1791058565312484,1791058565314185,1701,0,2,8,8,8,8,6,30
3,424,423,1791058565362484,1791058565363986,1502,0,3,8,8,8,7,6,28
3,425,424,1791058565412484,1791058565413842,1358,0,4,9,9,9,9,8,39
3,426,425,1791058565462484,1791058565463560,1076,0,5,9,9,9,8,8,34
3,427,426,1791058565512484,1791058565514261,1777,0,6,7,7,7,6,2,10
3,428,427,1791058565562484,1791058565563796,1312,0,7,11,11,11,11,8,40
3,429,428,1791058565612484,1791058565613502,1018,0,8,6,6,6,5,2,7
3,430,429,1791058565662484,1791058565664334,1850,0,9,12,12,12,12,8,37
3,431,430,1791058565712484,1791058565713841,1357,0,10,10,10,10,9,8,31
3,432,431,1791058565762484,1791058565764098,1614,0,11,12,12,12,13,11,41
3,433,432,1791058565812484,1791058565813757,1273,0,12,10,10,10,9,6,28
3,434,433,1791058565862484,1791058565863713,1229,0,13,10,10,10,9,6,29
3,435,434,1791058565912484,1791058565913732,1248,0,14,11,11,11,9,6,30
3,436,435,1791058565962484,1791058565963980,1496,0,15,16,16,16,15,14,63
3,437,436,1791058566012484,1791058566013570,1086,0,16,13,13,13,12,6,27
3,438,437,1791058566062484,1791058566063363,879,0,17,11,11,11,11,4,12
3,439,438,1791058566112484,1791058566114281,1797,0,18,7,7,7,7,6,28
3,440,439,1791058566162484,1791058566163865,1381,0,19,10,10,10,10,7,26
3,441,440,1791058566212484,1791058566213688,1204,0,0,7,7,7,7,4,16
3,442,441,1791058566262484,1791058566263842,1358,0,1,13,13,13,11,8,40
3,443,442,1791058566312484,1791058566313531,1047,0,2,8,8,8,8,6,30
3,444,443,1791058566362484,1791058566363831,1347,0,3,8,8,8,8,4,13
3,445,444,1791058566412484,1791058566413841,1357,0,4,9,9,9,9,7,30
3,446,445,1791058566462484,1791058566463906,1422,0,5,9,9,9,9,6,30
3,447,446,1791058566512484,1791058566513792,1308,0,6,7,7,7,7,6,21
3,448,447,1791058566562484,1791058566563981,1497,0,7,11,11,11,10,9,39
3,449,448,1791058566612484,1791058566613667,1183,0,8,6,6,6,4,0,0
3,450,449,1791058566662484,1791058566664246,1762,0,9,12,12,12,12,6,27
3,451,450,1791058566712484,1791058566714368,1884,0,10,10,10,10,10,10,49
3,452,451,1791058566762484,1791058566763893,1409,0,11,12,12,12,13,10,43
3,453,452,1791058566812484,1791058566813626,1142,0,12,10,10,10,9,6,25
3,454,453,1791058566862484,1791058566863647,1163,0,13,10,10,10,8,4,17
3,455,454,1791058566912484,1791058566913743,1259,0,14,11,11,11,11,6,30
3,456,455,1791058566962484,1791058566963507,1023,0,15,16,16,16,17,17,73
3,457,456,1791058567012484,1791058567013665,1181,0,16,13,13,13,12,6,30
3,458,457,1791058567062484,1791058567063864,1380,0,17,11,11,11,9,5,15
3,459,458,1791058567112484,1791058567113674,1190,0,18,7,7,7,7,6,28
3,460,459,1791058567162484,1791058567163738,1254,0,19,10,10,10,9,7,30
3,461,460,1791058567212484,1791058567213442,958,0,0,7,7,7,7,4,18
3,462,461,1791058567262484,1791058567263499,1015,0,1,13,13,13,11,10,44
3,463,462,1791058567312484,1791058567313652,1168,0,2,8,8,8,8,6,22
3,464,463,1791058567362484,1791058567364107,1623,0,3,8,8,8,9,7,27
3,465,464,1791058567412484,1791058567414326,1842,0,4,9,9,9,7,6,30
3,466,465,1791058567462484,1791058567463614,1130,0,5,9,9,9,8,6,30
3,467,466,1791058567512484,1791058567513864,1380,0,6,7,7,7,6,4,11
3,468,467,1791058567562484,1791058567563960,1476,0,7,11,11,11,11,6,30
3,469,468,1791058567612484,1791058567614048,1564,0,8,6,6,6,5,4,19
3,470,469,1791058567662484,1791058567664094,1610,0,9,12,12,12,11,10,50
3,471,470,1791058567712484,1791058567714366,1882,0,10,10,10,10,9,8,33
3,472,471,1791058567762484,1791058567764015,1531,0,11,12,12,12,13,13,54
3,473,472,1791058567812484,1791058567814188,1704,0,12,10,10,10,8,4,20
3,474,473,1791058567862484,1791058567863477,993,0,13,10,10,10,7,4,18
3,475,474,1791058567912484,1791058567913851,1367,0,14,11,11,11,10,6,29
3,476,475,1791058567962484,1791058567963772,1288,0,15,16,16,16,16,14,70
3,477,476,1791058568012484,1791058568014144,1660,0,16,13,13,13,11,6,30
3,478,477,1791058568062484,1791058568063521,1037,0,17,11,11,11,11,8,35
3,479,478,1791058568112484,1791058568113874,1390,0,18,7,7,7,7,6,23
3,480,479,1791058568162484,1791058568163802,1318,0,19,10,10,10,9,6,21
3,481,480,1791058568212484,1791058568214355,1871,0,0,7,7,7,6,4,16
3,482,481,1791058568262484,1791058568263834,1350,0,1,13,13,13,13,10,48
3,483,482,1791058568312484,1791058568314213,1729,0,2,8,8,8,8,6,30
3,484,483,1791058568362484,1791058568364011,1527,0,3,8,8,8,8,4,16
3,485,484,1791058568412484,1791058568414341,1857,0,4,9,9,9,8,4,20
3,486,485,1791058568462484,1791058568463849,1365,0,5,9,9,9,9,8,38
3,487,486,1791058568512484,1791058568513933,1449,0,6,7,7,7,7,2,10
3,488,487,1791058568562484,1791058568563976,1492,0,7,11,11,11,10,6,30
3,489,488,1791058568612484,1791058568614304,1820,0,8,6,6,6,6,2,10
3,490,489,1791058568662484,1791058568664241,1757,0,9,12,12,12,12,8,40
3,491,490,1791058568712484,1791058568713564,1080,0,10,10,10,10,10,8,38
3,492,491,1791058568762484,1791058568763949,1465,0,11,12,12,12,12,10,50
3,493,492,1791058568812484,1791058568813937,1453,0,12,10,10,10,9,6,27
3,494,493,1791058568862484,1791058568864175,1691,0,13,10,10,10,10,6,29
3,495,494,1791058568912484,1791058568914324,1840,0,14,11,11,11,9,8,33
3,496,495,1791058568962484,1791058568964098,1614,0,15,16,16,16,16,14,66
3,497,496,1791058569012484,1791058569014311,1827,0,16,13,13,13,9,6,30
3,498,497,1791058569062484,1791058569063583,1099,0,17,11,11,11,10,7,29
3,499,498,1791058569112484,1791058569113580,1096,0,18,7,7,7,7,6,30
3,500,499,1791058569162484,1791058569163944,1460,0,19,10,10,10,8,2,10
3,501,500,1791058569212484,1791058569213743,1259,0,0,7,7,7,7,2,10
3,502,501,1791058569262484,1791058569264096,1612,0,1,13,13,13,13,10,47
3,503,502,1791058569312484,1791058569314264,1780,0,2,8,8,8,8,6,26
3,504,503,1791058569362484,1791058569363928,1444,0,3,8,8,8,8,6,21
3,505,504,1791058569412484,1791058569413670,1186,0,4,9,9,9,8,6,29
3,506,505,1791058569462484,1791058569463509,1025,0,5,9,9,9,8,6,30
3,507,506,1791058569512484,1791058569514251,1767,0,6,7,7,7,7,2,10
3,508,507,1791058569562484,1791058569563816,1332,0,7,11,11,11,11,10,41
3,509,508,1791058569612484,1791058569613609,1125,0,8,6,6,6,4,2,4
3,510,509,1791058569662484,1791058569664160,1676,0,9,12,12,12,12,8,40
3,511,510,1791058569712484,1791058569714113,1629,0,10,10,10,10,10,10,41
3,512,511,1791058569762484,1791058569763658,1174,0,11,12,12,12,12,11,50
3,513,512,1791058569812484,1791058569814180,1696,0,12,10,10,10,8,7,30
3,514,513,1791058569862484,1791058569864122,1638,0,13,10,10,10,8,4,20
3,515,514,1791058569912484,1791058569914124,1640,0,14,11,11,11,10,6,30
3,516,515,1791058569962484,1791058569963841,1357,0,15,16,16,16,17,16,80
3,517,516,1791058570012484,1791058570013755,1271,0,16,13,13,13,12,8,34
3,518,517,1791058570062484,1791058570063887,1403,0,17,11,11,11,10,10,47
3,519,518,1791058570112484,1791058570114345,1861,0,18,7,7,7,7,6,30
3,520,519,1791058570162484,1791058570163979,1495,0,19,10,10,10,7,4,19
3,521,520,1791058570212484,1791058570213938,1454,0,0,7,7,7,7,4,20
3,522,521,1791058570262484,1791058570264331,1847,0,1,13,13,13,11,10,42
3,523,522,1791058570312484,1791058570313487,1003,0,2,8,8,8,8,6,30
3,524,523,1791058570362484,1791058570363860,1376,0,3,8,8,8,9,8,38
3,525,524,1791058570412484,1791058570413934,1450,0,4,9,9,9,9,8,40
3,526,525,1791058570462484,1791058570463980,1496,0,5,9,9,9,7,6,24
3,527,526,1791058570512484,1791058570513616,1132,0,6,7,7,7,7,4,16
3,528,527,1791058570562484,1791058570563936,1452,0,7,11,11,11,12,7,30
3,529,528,1791058570612484,1791058570614149,1665,0,8,6,6,6,5,2,6
3,530,529,1791058570662484,1791058570664183,1699,0,9,12,12,12,12,6,30
3,531,530,1791058570712484,1791058570713332,848,0,10,10,10,10,9,8,37
3,532,531,1791058570762484,1791058570764008,1524,0,11,12,12,12,12,12,53
3,533,532,1791058570812484,1791058570814330,1846,0,12,10,10,10,10,6,22
3,534,533,1791058570862484,1791058570863593,1109,0,13,10,10,10,10,7,28
3,535,534,1791058570912484,1791058570913840,1356,0,14,11,11,11,11,6,27
3,536,535,1791058570962484,1791058570963880,1396,0,15,16,16,16,16,15,69
3,537,536,1791058571012484,1791058571013841,1357,0,16,13,13,13,12,6,30
3,538,537,1791058571062484,1791058571063857,1373,0,17,11,11,11,10,4,13
3,539,538,1791058571112484,1791058571113786,1302,0,18,7,7,7,7,6,30
3,540,539,1791058571162484,1791058571163795,1311,0,19,10,10,10,11,6,28
3,541,540,1791058571212484,1791058571213411,927,0,0,7,7,7,7,4,18
3,542,541,1791058571262484,1791058571264230,1746,0,1,13,13,13,13,12,51
3,543,542,1791058571312484,1791058571314265,1781,0,2,8,8,8,7,4,20
3,544,543,1791058571362484,1791058571364020,1536,0,3,8,8,8,8,6,21
3,545,544,1791058571412484,1791058571413718,1234,0,4,9,9,9,9,4,20
3,546,545,1791058571462484,1791058571463520,1036,0,5,9,9,9,9,8,40
3,547,546,1791058571512484,1791058571514173,1689,0,6,7,7,7,7,4,14
3,548,547,1791058571562484,1791058571563787,1303,0,7,11,11,11,10,8,40
3,549,548,1791058571612484,1791058571613655,1171,0,8,6,6,6,4,4,16
3,550,549,1791058571662484,1791058571663477,993,0,9,12,12,12,11,8,36
3,551,550,1791058571712484,1791058571714283,1799,0,10,10,10,10,8,6,30
3,552,551,1791058571762484,1791058571764017,1533,0,11,12,12,12,13,12,51
3,553,552,1791058571812484,1791058571813650,1166,0,12,10,10,10,9,6,30
3,554,553,1791058571862484,1791058571864299,1815,0,13,10,10,10,10,6,21
3,555,554,1791058571912484,1791058571914302,1818,0,14,11,11,11,11,6,30
3,556,555,1791058571962484,1791058571963800,1316,0,15,16,16,16,15,14,70
3,557,556,1791058572012484,1791058572013550,1066,0,16,13,13,13,13,6,30
3,558,557,1791058572062484,1791058572063501,1017,0,17,11,11,11,10,8,33
3,559,558,1791058572112484,1791058572113491,1007,0,18,7,7,7,7,6,22
3,560,559,1791058572162484,1791058572163962,1478,0,19,10,10,10,9,6,26
3,561,560,1791058572212484,1791058572213805,1321,0,0,7,7,7,7,6,24
3,562,561,1791058572262484,1791058572264223,1739,0,1,13,13,13,13,10,46
3,563,562,1791058572312484,1791058572313314,830,0,2,8,8,8,8,6,26
3,564,563,1791058572362484,1791058572363754,1270,0,3,8,8,8,9,8,37
3,565,564,1791058572412484,1791058572413725,1241,0,4,9,9,9,9,8,36
3,566,565,1791058572462484,1791058572463826,1342,0,5,9,9,9,6,2,10
3,567,566,1791058572512484,1791058572513537,1053,0,6,7,7,7,7,6,30
3,568,567,1791058572562484,1791058572563830,1346,0,7,11,11,11,11,10,41
3,569,568,1791058572612484,1791058572613655,1171,0,8,6,6,6,6,4,13
3,570,569,1791058572662484,1791058572663695,1211,0,9,12,12,12,11,10,50
3,571,570,1791058572712484,1791058572714096,1612,0,10,10,10,10,9,7,27
3,572,571,1791058572762484,1791058572763961,1477,0,11,12,12,12,11,10,50
3,573,572,1791058572812484,1791058572813657,1173,0,12,10,10,10,8,6,24
3,574,573,1791058572862484,1791058572863707,1223,0,13,10,10,10,9,6,29
3,575,574,1791058572912484,1791058572913857,1373,0,14,11,11,11,10,8,40
3,576,575,1791058572962484,1791058572963988,1504,0,15,16,16,16,17,15,70
3,577,576,1791058573012484,1791058573013958,1474,0,16,13,13,13,12,6,30
3,578,577,1791058573062484,1791058573064064,1580,0,17,11,11,11,9,6,27
3,579,578,1791058573112484,1791058573114220,1736,0,18,7,7,7,7,6,23
3,580,579,1791058573162484,1791058573164026,1542,0,19,10,10,10,9,7,25
3,581,580,1791058573212484,1791058573213858,1374,0,0,7,7,7,6,4,20
3,582,581,1791058573262484,1791058573263738,1254,0,1,13,13,13,13,10,50
3,583,582,1791058573312484,1791058573313312,828,0,2,8,8,8,8,6,30
3,584,583,1791058573362484,1791058573363872,1388,0,3,8,8,8,9,9,40
3,585,584,1791058573412484,1791058573413703,1219,0,4,9,9,9,9,6,30
3,586,585,1791058573462484,1791058573463834,1350,0,5,9,9,9,7,7,30
3,587,586,1791058573512484,1791058573513802,1318,0,6,7,7,7,7,4,13
3,588,587,1791058573562484,1791058573563925,1441,0,7,11,11,11,10,6,30
3,589,588,1791058573612484,1791058573613597,1113,0,8,6,6,6,4,2,10
3,590,589,1791058573662484,1791058573663551,1067,0,9,12,12,12,12,8,35
3,591,590,1791058573712484,1791058573713689,1205,0,10,10,10,10,10,10,42
3,592,591,1791058573762484,1791058573763896,1412,0,11,12,12,12,13,13,60
3,593,592,1791058573812484,1791058573813776,1292,0,12,10,10,10,9,4,20
3,594,593,1791058573862484,1791058573863766,1282,0,13,10,10,10,8,6,28
3,595,594,1791058573912484,1791058573913552,1068,0,14,11,11,11,10,9,38
3,596,595,1791058573962484,1791058573963958,1474,0,15,16,16,16,16,14,69
3,597,596,1791058574012484,1791058574013604,1120,0,16,13,13,13,11,8,32
3,598,597,1791058574062484,1791058574063366,882,0,17,11,11,11,7,4,20
3,599,598,1791058574112484,1791058574113393,909,0,18,7,7,7,7,6,22
3,600,599,1791058574162484,1791058574163971,1487,0,19,10,10,10,9,7,27
3,601,600,1791058574212484,1791058574213725,1241,0,0,7,7,7,7,4,19
3,602,601,1791058574262484,1791058574264026,1542,0,1,13,13,13,12,8,40
3,603,602,1791058574312484,1791058574313688,1204,0,2,8,8,8,8,6,30
3,604,603,1791058574362484,1791058574364007,1523,0,3,8,8,8,9,6,27
3,605,604,1791058574412484,1791058574413866,1382,0,4,9,9,9,7,6,30
3,606,605,1791058574462484,1791058574463961,1477,0,5,9,9,9,8,6,25
3,607,606,1791058574512484,1791058574513780,1296,0,6,7,7,7,7,4,18
3,608,607,1791058574562484,1791058574563842,1358,0,7,11,11,11,10,7,30
3,609,608,1791058574612484,1791058574613816,1332,0,8,6,6,6,6,2,9
3,610,609,1791058574662484,1791058574663424,940,0,9,12,12,12,10,4,20
3,611,610,1791058574712484,1791058574713346,862,0,10,10,10,10,10,10,44
3,612,611,1791058574762484,1791058574763502,1018,0,11,12,12,12,12,10,47
3,613,612,1791058574812484,1791058574813554,1070,0,12,10,10,10,9,6,23
3,614,613,1791058574862484,1791058574863416,932,0,13,10,10,10,8,4,20
3,615,614,1791058574912484,1791058574914266,1782,0,14,11,11,11,9,6,24
3,616,615,1791058574962484,1791058574963850,1366,0,15,16,16,16,15,12,60
3,617,616,1791058575012484,1791058575013593,1109,0,16,13,13,13,13,6,29
3,618,617,1791058575062484,1791058575064237,1753,0,17,11,11,11,10,4,20
3,619,618,1791058575112484,1791058575114252,1768,0,18,7,7,7,7,6,23
3,620,619,1791058575162484,1791058575163888,1404,0,19,10,10,10,10,9,32
3,621,620,1791058575212484,1791058575213645,1161,0,0,7,7,7,7,6,24
3,622,621,1791058575262484,1791058575264331,1847,0,1,13,13,13,10,6,30
3,623,622,1791058575312484,1791058575314201,1717,0,2,8,8,8,8,6,30
3,624,623,1791058575362484,1791058575363833,1349,0,3,8,8,8,9,5,14
3,625,624,1791058575412484,1791058575413496,1012,0,4,9,9,9,9,6,30
3,626,625,1791058575462484,1791058575464333,1849,0,5,9,9,9,8,6,24
3,627,626,1791058575512484,1791058575514252,1768,0,6,7,7,7,6,4,18
3,628,627,1791058575562484,1791058575563953,1469,0,7,11,11,11,11,8,40
3,629,628,1791058575612484,1791058575613638,1154,0,8,6,6,6,4,0,0
3,630,629,1791058575662484,1791058575663439,955,0,9,12,12,12,12,6,27
3,631,630,1791058575712484,1791058575713419,935,0,10,10,10,10,10,9,38
3,632,631,1791058575762484,1791058575763947,1463,0,11,12,12,12,13,13,54
3,633,632,1791058575812484,1791058575813741,1257,0,12,10,10,10,8,8,32
3,634,633,1791058575862484,1791058575863498,1014,0,13,10,10,10,8,5,20
3,635,634,1791058575912484,1791058575913333,849,0,14,11,11,11,11,6,30
3,636,635,1791058575962484,1791058575963940,1456,0,15,16,16,16,16,16,77
3,637,636,1791058576012484,1791058576013787,1303,0,16,13,13,13,13,8,33
3,638,637,1791058576062484,1791058576063797,1313,0,17,11,11,11,10,7,27
3,639,638,1791058576112484,1791058576113862,1378,0,18,7,7,7,7,6,24
3,640,639,1791058576162484,1791058576163349,865,0,19,10,10,10,10,9,36
3,641,640,1791058576212484,1791058576213718,1234,0,0,7,7,7,7,4,19
3,642,641,1791058576262484,1791058576263654,1170,0,1,13,13,13,11,8,39
3,643,642,1791058576312484,1791058576313493,1009,0,2,8,8,8,8,6,30
3,644,643,1791058576362484,1791058576363959,1475,0,3,8,8,8,8,7,29
3,645,644,1791058576412484,1791058576413869,1385,0,4,9,9,9,9,8,38
3,646,645,1791058576462484,1791058576463701,1217,0,5,9,9,9,7,4,20
3,647,646,1791058576512484,1791058576513557,1073,0,6,7,7,7,6,2,9
3,648,647,1791058576562484,1791058576563798,1314,0,7,11,11,11,11,9,32
3,649,648,1791058576612484,1791058576613476,992,0,8,6,6,6,6,4,16
3,650,649,1791058576662484,1791058576664243,1759,0,9,12,12,12,11,8,38
3,651,650,1791058576712484,1791058576714007,1523,0,10,10,10,10,10,9,40
3,652,651,1791058576762484,1791058576763850,1366,0,11,12,12,12,13,12,52
3,653,652,1791058576812484,1791058576814072,1588,0,12,10,10,10,10,6,30
3,654,653,1791058576862484,1791058576863309,825,0,13,10,10,10,9,4,13
3,655,654,1791058576912484,1791058576913641,1157,0,14,11,11,11,10,6,30
3,656,655,1791058576962484,1791058576963891,1407,0,15,16,16,16,16,16,79
3,657,656,1791058577012484,1791058577014063,1579,0,16,13,13,13,12,8,34
3,658,657,1791058577062484,1791058577063506,1022,0,17,11,11,11,11,10,35
3,659,658,1791058577112484,1791058577114002,1518,0,18,7,7,7,7,6,30
3,660,659,1791058577162484,1791058577163822,1338,0,19,10,10,10,11,5,19
3,661,660,1791058577212484,1791058577214091,1607,0,0,7,7,7,7,4,20
3,662,661,1791058577262484,1791058577264343,1859,0,1,13,13,13,13,10,46
3,663,662,1791058577312484,1791058577313586,1102,0,2,8,8,8,8,6,30
3,664,663,1791058577362484,1791058577363960,1476,0,3,8,8,8,8,6,25
3,665,664,1791058577412484,1791058577413818,1334,0,4,9,9,9,8,6,30
3,666,665,1791058577462484,1791058577463710,1226,0,5,9,9,9,8,6,30
3,667,666,1791058577512484,1791058577513507,1023,0,6,7,7,7,7,2,10
3,668,667,1791058577562484,1791058577563902,1418,0,7,11,11,11,10,6,30
3,669,668,1791058577612484,1791058577613828,1344,0,8,6,6,6,5,2,10
3,670,669,1791058577662484,1791058577663325,841,0,9,12,12,12,12,10,43
3,671,670,1791058577712484,1791058577714288,1804,0,10,10,10,10,10,8,40
3,672,671,1791058577762484,1791058577763780,1296,0,11,12,12,12,12,12,51
3,673,672,1791058577812484,1791058577813654,1170,0,12,10,10,10,9,6,29
3,674,673,1791058577862484,1791058577863448,964,0,13,10,10,10,9,6,25
3,675,674,1791058577912484,1791058577914215,1731,0,14,11,11,11,11,8,40
3,676,675,1791058577962484,1791058577963767,1283,0,15,16,16,16,15,14,62
3,677,676,1791058578012484,1791058578013872,1388,0,16,13,13,13,13,8,35
3,678,677,1791058578062484,1791058578064107,1623,0,17,11,11,11,10,6,23
3,679,678,1791058578112484,1791058578114324,1840,0,18,7,7,7,7,6,30
3,680,679,1791058578162484,1791058578164009,1525,0,19,10,10,10,9,5,18
3,681,680,1791058578212484,1791058578214300,1816,0,0,7,7,7,7,2,10
3,682,681,1791058578262484,1791058578263768,1284,0,1,13,13,13,12,10,50
3,683,682,1791058578312484,1791058578313956,1472,0,2,8,8,8,8,6,30
3,684,683,1791058578362484,1791058578363830,1346,0,3,8,8,8,8,6,27
3,685,684,1791058578412484,1791058578414151,1667,0,4,9,9,9,9,9,38
3,686,685,1791058578462484,1791058578463438,954,0,5,9,9,9,8,4,20
3,687,686,1791058578512484,1791058578513567,1083,0,6,7,7,7,7,5,16
3,688,687,1791058578562484,1791058578563799,1315,0,7,11,11,11,11,7,24
3,689,688,1791058578612484,1791058578613910,1426,0,8,6,6,6,6,4,19
3,690,689,1791058578662484,1791058578663858,1374,0,9,12,12,12,12,11,49
3,691,690,1791058578712484,1791058578713803,1319,0,10,10,10,10,8,8,38
3,692,691,1791058578762484,1791058578763986,1502,0,11,12,12,12,12,12,52
3,693,692,1791058578812484,1791058578813711,1227,0,12,10,10,10,8,6,28
3,694,693,1791058578862484,1791058578863841,1357,0,13,10,10,10,9,7,24
3,695,694,1791058578912484,1791058578913815,1331,0,14,11,11,11,10,8,34
3,696,695,1791058578962484,1791058578963942,1458,0,15,16,16,16,16,15,70
3,697,696,1791058579012484,1791058579013762,1278,0,16,13,13,13,13,6,29
3,698,697,1791058579062484,1791058579063524,1040,0,17,11,11,11,9,4,19
3,699,698,1791058579112484,1791058579113368,884,0,18,7,7,7,6,4,20
3,700,699,1791058579162484,1791058579163872,1388,0,19,10,10,10,9,6,26
3,701,700,1791058579212484,1791058579213634,1150,0,0,7,7,7,7,4,17
3,702,701,1791058579262484,1791058579264173,1689,0,1,13,13,13,10,8,40
3,703,702,1791058579312484,1791058579313946,1462,0,2,8,8,8,8,6,30
3,704,703,1791058579362484,1791058579363849,1365,0,3,8,8,8,9,5,17
3,705,704,1791058579412484,1791058579413828,1344,0,4,9,9,9,8,4,20
3,706,705,1791058579462484,1791058579463823,1339,0,5,9,9,9,9,8,32
3,707,706,1791058579512484,1791058579513687,1203,0,6,7,7,7,5,2,10
3,708,707,1791058579562484,1791058579563732,1248,0,7,11,11,11,10,8,32
3,709,708,1791058579612484,1791058579613494,1010,0,8,6,6,6,5,2,10
3,710,709,1791058579662484,1791058579664061,1577,0,9,12,12,12,11,8,38
3,711,710,1791058579712484,1791058579714025,1541,0,10,10,10,10,10,10,44
3,712,711,1791058579762484,1791058579763972,1488,0,11,12,12,12,11,11,50
3,713,712,1791058579812484,1791058579813797,1313,0,12,10,10,10,10,7,26
3,714,713,1791058579862484,1791058579863632,1148,0,13,10,10,10,8,6,21
3,715,714,1791058579912484,1791058579913792,1308,0,14,11,11,11,10,6,29
3,716,715,1791058579962484,1791058579964024,1540,0,15,16,16,16,16,16,72
3,717,716,1791058580012484,1791058580013792,1308,0,16,13,13,13,12,8,33
3,718,717,1791058580062484,1791058580064319,1835,0,17,11,11,11,11,5,19
3,719,718,1791058580112484,1791058580114031,1547,0,18,7,7,7,6,6,30
3,720,719,1791058580162484,1791058580164046,1562,0,19,10,10,10,11,5,20
3,721,720,1791058580212484,1791058580213815,1331,0,0,7,7,7,6,2,10
3,722,721,1791058580262484,1791058580263620,1136,0,1,13,13,13,13,11,50
3,723,722,1791058580312484,1791058580314029,1545,0,2,8,8,8,8,6,27
3,724,723,1791058580362484,1791058580363861,1377,0,3,8,8,8,9,8,33
3,725,724,1791058580412484,1791058580413765,1281,0,4,9,9,9,8,8,37
3,726,725,1791058580462484,1791058580463533,1049,0,5,9,9,9,7,6,30
3,727,726,1791058580512484,1791058580514167,1683,0,6,7,7,7,6,2,10
3,728,727,1791058580562484,1791058580563781,1297,0,7,11,11,11,11,8,36
3,729,728,1791058580612484,1791058580613776,1292,0,8,6,6,6,5,2,10
3,730,729,1791058580662484,1791058580663558,1074,0,9,12,12,12,12,8,40
3,731,730,1791058580712484,1791058580713564,1080,0,10,10,10,10,9,7,29
3,732,731,1791058580762484,1791058580763866,1382,0,11,12,12,12,13,10,48
3,733,732,1791058580812484,1791058580813706,1222,0,12,10,10,10,9,7,27
3,734,733,1791058580862484,1791058580863522,1038,0,13,10,10,10,9,6,25
3,735,734,1791058580912484,1791058580913369,885,0,14,11,11,11,10,7,27
3,736,735,1791058580962484,1791058580964002,1518,0,15,16,16,16,16,16,75
3,737,736,1791058581012484,1791058581013842,1358,0,16,13,13,13,9,6,26
3,738,737,1791058581062484,1791058581063837,1353,0,17,11,11,11,9,2,8
3,739,738,1791058581112484,1791058581113805,1321,0,18,7,7,7,7,6,30
3,740,739,1791058581162484,1791058581164120,1636,0,19,10,10,10,11,7,28
3,741,740,1791058581212484,1791058581213996,1512,0,0,7,7,7,6,2,10
3,742,741,1791058581262484,1791058581263931,1447,0,1,13,13,13,13,12,58
3,743,742,1791058581312484,1791058581313803,1319,0,2,8,8,8,8,6,25
3,744,743,1791058581362484,1791058581364020,1536,0,3,8,8,8,7,6,21
3,745,744,1791058581412484,1791058581413938,1454,0,4,9,9,9,8,8,34
3,746,745,1791058581462484,1791058581464069,1585,0,5,9,9,9,8,6,22
3,747,746,1791058581512484,1791058581514262,1778,0,6,7,7,7,7,4,20
3,748,747,1791058581562484,1791058581563794,1310,0,7,11,11,11,12,8,38
3,749,748,1791058581612484,1791058581613301,817,0,8,6,6,6,5,4,17
3,750,749,1791058581662484,1791058581663721,1237,0,9,12,12,12,11,2,10
3,751,750,1791058581712484,1791058581713658,1174,0,10,10,10,10,10,8,36
3,752,751,1791058581762484,1791058581763983,1499,0,11,12,12,12,12,9,40
3,753,752,1791058581812484,1791058581813855,1371,0,12,10,10,10,8,6,30
3,754,753,1791058581862484,1791058581864004,1520,0,13,10,10,10,9,2,10
3,755,754,1791058581912484,1791058581914001,1517,0,14,11,11,11,11,8,33
3,756,755,1791058581962484,1791058581963859,1375,0,15,16,16,16,16,14,70
3,757,756,1791058582012484,1791058582013839,1355,0,16,13,13,13,11,6,30
3,758,757,1791058582062484,1791058582064011,1527,0,17,11,11,11,11,10,41
3,759,758,1791058582112484,1791058582113874,1390,0,18,7,7,7,7,6,30
3,760,759,1791058582162484,1791058582163852,1368,0,19,10,10,10,11,7,26
3,761,760,1791058582212484,1791058582213882,1398,0,0,7,7,7,7,2,10
3,762,761,1791058582262484,1791058582264183,1699,0,1,13,13,13,13,10,45
3,763,762,1791058582312484,1791058582314264,1780,0,2,8,8,8,8,6,30
3,764,763,1791058582362484,1791058582363760,1276,0,3,8,8,8,7,6,25
3,765,764,1791058582412484,1791058582413657,1173,0,4,9,9,9,9,8,40
3,766,765,1791058582462484,1791058582464333,1849,0,5,9,9,9,9,6,23
3,767,766,1791058582512484,1791058582514125,1641,0,6,7,7,7,6,2,10
3,768,767,1791058582562484,1791058582563856,1372,0,7,11,11,11,12,10,41
3,769,768,1791058582612484,1791058582613711,1227,0,8,6,6,6,6,4,15
3,770,769,1791058582662484,1791058582663599,1115,0,9,12,12,12,12,8,38
3,771,770,1791058582712484,1791058582713659,1175,0,10,10,10,10,9,8,40
3,772,771,1791058582762484,1791058582763985,1501,0,11,12,12,12,13,10,49
3,773,772,1791058582812484,1791058582813780,1296,0,12,10,10,10,9,6,28
3,774,773,1791058582862484,1791058582863766,1282,0,13,10,10,10,9,4,20
3,775,774,1791058582912484,1791058582914271,1787,0,14,11,11,11,10,6,30
3,776,775,1791058582962484,1791058582963968,1484,0,15,16,16,16,15,15,64
3,777,776,1791058583012484,1791058583014038,1554,0,16,13,13,13,13,6,30
3,778,777,1791058583062484,1791058583063818,1334,0,17,11,11,11,11,7,30
3,779,778,1791058583112484,1791058583113774,1290,0,18,7,7,7,7,6,30
3,780,779,1791058583162484,1791058583163858,1374,0,19,10,10,10,11,7,22
3,781,780,1791058583212484,1791058583213791,1307,0,0,7,7,7,6,2,10
3,782,781,1791058583262484,1791058583263662,1178,0,1,13,13,13,13,10,49
3,783,782,1791058583312484,1791058583313356,872,0,2,8,8,8,8,6,30
3,784,783,1791058583362484,1791058583363832,1348,0,3,8,8,8,7,6,29
3,785,784,1791058583412484,1791058583413692,1208,0,4,9,9,9,9,8,40
3,786,785,1791058583462484,1791058583463578,1094,0,5,9,9,9,8,8,32
3,787,786,1791058583512484,1791058583513504,1020,0,6,7,7,7,7,3,7
3,788,787,1791058583562484,1791058583563693,1209,0,7,11,11,11,10,6,30
3,789,788,1791058583612484,1791058583613642,1158,0,8,6,6,6,6,4,19
3,790,789,1791058583662484,1791058583664245,1761,0,9,12,12,12,12,10,48
3,791,790,1791058583712484,1791058583714254,1770,0,10,10,10,10,9,6,30
3,792,791,1791058583762484,1791058583763898,1414,0,11,12,12,12,13,12,51
3,793,792,1791058583812484,1791058583813509,1025,0,12,10,10,10,9,6,27
3,794,793,1791058583862484,1791058583863470,986,0,13,10,10,10,10,8,37
3,795,794,1791058583912484,1791058583914365,1881,0,14,11,11,11,9,7,29
3,796,795,1791058583962484,1791058583963839,1355,0,15,16,16,16,17,15,69
3,797,796,1791058584012484,1791058584013867,1383,0,16,13,13,13,11,6,30
3,798,797,1791058584062484,1791058584063987,1503,0,17,11,11,11,11,6,25
3,799,798,1791058584112484,1791058584113858,1374,0,18,7,7,7,7,6,30
3,800,799,1791058584162484,1791058584163978,1494,0,19,10,10,10,9,5,19
3,801,800,1791058584212484,1791058584213757,1273,0,0,7,7,7,6,2,10
3,802,801,1791058584262484,1791058584264151,1667,0,1,13,13,13,13,12,55
3,803,802,1791058584312484,1791058584314209,1725,0,2,8,8,8,7,4,14
3,804,803,1791058584362484,1791058584363968,1484,0,3,8,8,8,7,6,25
3,805,804,1791058584412484,1791058584413912,1428,0,4,9,9,9,8,6,30
3,806,805,1791058584462484,1791058584464154,1670,0,5,9,9,9,8,7,29
3,807,806,1791058584512484,1791058584513336,852,0,6,7,7,7,7,4,11
3,808,807,1791058584562484,1791058584564090,1606,0,7,11,11,11,11,7,30
3,809,808,1791058584612484,1791058584614055,1571,0,8,6,6,6,5,4,19
3,810,809,1791058584662484,1791058584664110,1626,0,9,12,12,12,11,10,40
3,811,810,1791058584712484,1791058584714183,1699,0,10,10,10,10,7,6,24
3,812,811,1791058584762484,1791058584764197,1713,0,11,12,12,12,13,10,44
3,813,812,1791058584812484,1791058584814295,1811,0,12,10,10,10,10,7,29
3,814,813,1791058584862484,1791058584863474,990,0,13,10,10,10,8,6,25
3,815,814,1791058584912484,1791058584913438,954,0,14,11,11,11,9,9,37
3,816,815,1791058584962484,1791058584964009,1525,0,15,16,16,16,15,12,51
3,817,816,1791058585012484,1791058585013968,1484,0,16,13,13,13,11,6,19
3,818,817,1791058585062484,1791058585063833,1349,0,17,11,11,11,10,2,10
3,819,818,1791058585112484,1791058585113653,1169,0,18,7,7,7,5,4,20
3,820,819,1791058585162484,1791058585163861,1377,0,19,10,10,10,8,7,30
3,821,820,1791058585212484,1791058585213736,1252,0,0,7,7,7,7,5,16
3,822,821,1791058585262484,1791058585263622,1138,0,1,13,13,13,12,10,45
3,823,822,1791058585312484,1791058585313511,1027,0,2,8,8,8,8,6,25
3,824,823,1791058585362484,1791058585363856,1372,0,3,8,8,8,6,4,11
3,825,824,1791058585412484,1791058585413529,1045,0,4,9,9,9,9,6,26
3,826,825,1791058585462484,1791058585463295,811,0,5,9,9,9,7,6,27
3,827,826,1791058585512484,1791058585514293,1809,0,6,7,7,7,7,2,10
3,828,827,1791058585562484,1791058585563738,1254,0,7,11,11,11,9,6,30
3,829,828,1791058585612484,1791058585614095,1611,0,8,6,6,6,6,2,7
3,830,829,1791058585662484,1791058585663589,1105,0,9,12,12,12,12,8,35
3,831,830,1791058585712484,1791058585713510,1026,0,10,10,10,10,10,10,47
3,832,831,1791058585762484,1791058585763839,1355,0,11,12,12,12,11,11,45
3,833,832,1791058585812484,1791058585813764,1280,0,12,10,10,10,8,4,20
3,834,833,1791058585862484,1791058585863858,1374,0,13,10,10,10,10,8,36
3,835,834,1791058585912484,1791058585913836,1352,0,14,11,11,11,8,4,20
3,836,835,1791058585962484,1791058585963945,1461,0,15,16,16,16,16,14,68
3,837,836,1791058586012484,1791058586014132,1648,0,16,13,13,13,13,6,30
3,838,837,1791058586062484,1791058586064074,1590,0,17,11,11,11,11,4,20
3,839,838,1791058586112484,1791058586113962,1478,0,18,7,7,7,7,6,30
3,840,839,1791058586162484,1791058586164270,1786,0,19,10,10,10,11,5,15
3,841,840,1791058586212484,1791058586213362,878,0,0,7,7,7,6,2,10
3,842,841,1791058586262484,1791058586264235,1751,0,1,13,13,13,11,10,50
3,843,842,1791058586312484,1791058586314082,1598,0,2,8,8,8,7,6,24
3,844,843,1791058586362484,1791058586363818,1334,0,3,8,8,8,7,4,19
3,845,844,1791058586412484,1791058586414038,1554,0,4,9,9,9,9,7,28
3,846,845,1791058586462484,1791058586464186,1702,0,5,9,9,9,8,8,39
3,847,846,1791058586512484,1791058586513363,879,0,6,7,7,7,6,2,10
3,848,847,1791058586562484,1791058586564063,1579,0,7,11,11,11,10,7,30
3,849,848,1791058586612484,1791058586613994,1510,0,8,6,6,6,5,2,10
3,850,849,1791058586662484,1791058586663995,1511,0,9,12,12,12,11,6,30
3,851,850,1791058586712484,1791058586713807,1323,0,10,10,10,10,10,9,37
3,852,851,1791058586762484,1791058586763896,1412,0,11,12,12,12,13,11,50
3,853,852,1791058586812484,1791058586813800,1316,0,12,10,10,10,8,6,26
3,854,853,1791058586862484,1791058586863750,1266,0,13,10,10,10,7,4,11
3,855,854,1791058586912484,1791058586913774,1290,0,14,11,11,11,11,6,27
3,856,855,1791058586962484,1791058586963976,1492,0,15,16,16,16,16,14,70
3,857,856,1791058587012484,1791058587013790,1306,0,16,13,13,13,13,6,27
3,858,857,1791058587062484,1791058587063692,1208,0,17,11,11,11,10,6,26
3,859,858,1791058587112484,1791058587113882,1398,0,18,7,7,7,7,6,29
3,860,859,1791058587162484,1791058587163802,1318,0,19,10,10,10,9,2,10
3,861,860,1791058587212484,1791058587213559,1075,0,0,7,7,7,6,2,10
3,862,861,1791058587262484,1791058587263430,946,0,1,13,13,13,13,10,47
3,863,862,1791058587312484,1791058587314202,1718,0,2,8,8,8,8,6,28
3,864,863,1791058587362484,1791058587363990,1506,0,3,8,8,8,7,4,20
3,865,864,1791058587412484,1791058587413623,1139,0,4,9,9,9,8,6,29
3,866,865,1791058587462484,1791058587464317,1833,0,5,9,9,9,9,6,30
3,867,866,1791058587512484,1791058587514098,1614,0,6,7,7,7,7,6,26
3,868,867,1791058587562484,1791058587563832,1348,0,7,11,11,11,11,10,47
3,869,868,1791058587612484,1791058587613613,1129,0,8,6,6,6,5,0,0
3,870,869,1791058587662484,1791058587664169,1685,0,9,12,12,12,11,4,20
3,871,870,1791058587712484,1791058587713817,1333,0,10,10,10,10,9,8,39
3,872,871,1791058587762484,1791058587764033,1549,0,11,12,12,12,12,12,52
3,873,872,1791058587812484,1791058587814003,1519,0,12,10,10,10,9,4,20
3,874,873,1791058587862484,1791058587864146,1662,0,13,10,10,10,9,4,16
3,875,874,1791058587912484,1791058587914258,1774,0,14,11,11,11,10,6,29
3,876,875,1791058587962484,1791058587963881,1397,0,15,16,16,16,16,14,69
3,877,876,1791058588012484,1791058588013743,1259,0,16,13,13,13,13,6,30
3,878,877,1791058588062484,1791058588063715,1231,0,17,11,11,11,11,8,39
3,879,878,1791058588112484,1791058588114154,1670,0,18,7,7,7,7,6,30
3,880,879,1791058588162484,1791058588163995,1511,0,19,10,10,10,8,4,20
3,881,880,1791058588212484,1791058588213698,1214,0,0,7,7,7,7,4,15
3,882,881,1791058588262484,1791058588263346,862,0,1,13,13,13,12,8,40
3,883,882,1791058588312484,1791058588313937,1453,0,2,8,8,8,8,6,30
3,884,883,1791058588362484,1791058588363948,1464,0,3,8,8,8,9,8,40
3,885,884,1791058588412484,1791058588413955,1471,0,4,9,9,9,8,6,30
3,886,885,1791058588462484,1791058588464049,1565,0,5,9,9,9,8,6,25
3,887,886,1791058588512484,1791058588514108,1624,0,6,7,7,7,7,2,10
3,888,887,1791058588562484,1791058588563832,1348,0,7,11,11,11,11,9,40
3,889,888,1791058588612484,1791058588613643,1159,0,8,6,6,6,5,2,10
3,890,889,1791058588662484,1791058588664274,1790,0,9,12,12,12,11,6,24
3,891,890,1791058588712484,1791058588714275,1791,0,10,10,10,10,10,10,46
3,892,891,1791058588762484,1791058588764002,1518,0,11,12,12,12,11,10,49
3,893,892,1791058588812484,1791058588813756,1272,0,12,10,10,10,8,5,19
3,894,893,1791058588862484,1791058588864012,1528,0,13,10,10,10,9,6,28
3,895,894,1791058588912484,1791058588914081,1597,0,14,11,11,11,9,6,24
3,896,895,1791058588962484,1791058588964123,1639,0,15,16,16,16,16,14,60
3,897,896,1791058589012484,1791058589013845,1361,0,16,13,13,13,11,6,27
3,898,897,1791058589062484,1791058589063699,1215,0,17,11,11,11,11,6,22
3,899,898,1791058589112484,1791058589114291,1807,0,18,7,7,7,7,6,30
3,900,899,1791058589162484,1791058589163843,1359,0,19,10,10,10,9,8,34
3,901,900,1791058589212484,1791058589213755,1271,0,0,7,7,7,7,5,19
3,902,901,1791058589262484,1791058589263824,1340,0,1,13,13,13,12,10,44
3,903,902,1791058589312484,1791058589313792,1308,0,2,8,8,8,7,6,30
3,904,903,1791058589362484,1791058589363876,1392,0,3,8,8,8,9,6,18
3,905,904,1791058589412484,1791058589413709,1225,0,4,9,9,9,8,4,18
3,906,905,1791058589462484,1791058589463475,991,0,5,9,9,9,9,8,36
3,907,906,1791058589512484,1791058589514252,1768,0,6,7,7,7,7,2,8
3,908,907,1791058589562484,1791058589563980,1496,0,7,11,11,11,11,8,40
3,909,908,1791058589612484,1791058589613649,1165,0,8,6,6,6,6,3,9
3,910,909,1791058589662484,1791058589663301,817,0,9,12,12,12,12,8,31
3,911,910,1791058589712484,1791058589713942,1458,0,10,10,10,10,9,8,37
3,912,911,1791058589762484,1791058589763832,1348,0,11,12,12,12,13,12,50
3,913,912,1791058589812484,1791058589813855,1371,0,12,10,10,10,9,6,26
3,914,913,1791058589862484,1791058589863717,1233,0,13,10,10,10,10,10,41
3,915,914,1791058589912484,1791058589913442,958,0,14,11,11,11,9,9,33
3,916,915,1791058589962484,1791058589963832,1348,0,15,16,16,16,15,12,50
3,917,916,1791058590012484,1791058590013752,1268,0,16,13,13,13,12,2,10
3,918,917,1791058590062484,1791058590063516,1032,0,17,11,11,11,11,2,10
3,919,918,1791058590112484,1791058590113445,961,0,18,7,7,7,6,6,26
3,920,919,1791058590162484,1791058590163827,1343,0,19,10,10,10,9,4,15
3,921,920,1791058590212484,1791058590213827,1343,0,0,7,7,7,6,2,10
3,922,921,1791058590262484,1791058590264039,1555,0,1,13,13,13,12,12,55
3,923,922,1791058590312484,1791058590313356,872,0,2,8,8,8,8,6,25
3,924,923,1791058590362484,1791058590363784,1300,0,3,8,8,8,9,5,18
3,925,924,1791058590412484,1791058590414141,1657,0,4,9,9,9,8,4,20
3,926,925,1791058590462484,1791058590463508,1024,0,5,9,9,9,8,6,30
3,927,926,1791058590512484,1791058590513875,1391,0,6,7,7,7,7,5,17
3,928,927,1791058590562484,1791058590564065,1581,0,7,11,11,11,11,9,40
3,929,928,1791058590612484,1791058590614346,1862,0,8,6,6,6,5,3,10
3,930,929,1791058590662484,1791058590663494,1010,0,9,12,12,12,12,11,45
3,931,930,1791058590712484,1791058590713364,880,0,10,10,10,10,9,8,40
3,932,931,1791058590762484,1791058590764012,1528,0,11,12,12,12,11,10,50
3,933,932,1791058590812484,1791058590814272,1788,0,12,10,10,10,10,4,20
3,934,933,1791058590862484,1791058590863996,1512,0,13,10,10,10,10,7,29
3,935,934,1791058590912484,1791058590913879,1395,0,14,11,11,11,9,9,38
3,936,935,1791058590962484,1791058590963991,1507,0,15,16,16,16,15,13,56
3,937,936,1791058591012484,1791058591013893,1409,0,16,13,13,13,9,6,26
3,938,937,1791058591062484,1791058591063819,1335,0,17,11,11,11,10,9,32
3,939,938,1791058591112484,1791058591113966,1482,0,18,7,7,7,7,6,22
3,940,939,1791058591162484,1791058591163830,1346,0,19,10,10,10,10,8,32
3,941,940,1791058591212484,1791058591213805,1321,0,0,7,7,7,7,6,24
3,942,941,1791058591262484,1791058591264056,1572,0,1,13,13,13,13,10,45
3,943,942,1791058591312484,1791058591313888,1404,0,2,8,8,8,8,6,30
3,944,943,1791058591362484,1791058591364064,1580,0,3,8,8,8,9,7,21
3,945,944,1791058591412484,1791058591414120,1636,0,4,9,9,9,8,6,23
3,946,945,1791058591462484,1791058591464203,1719,0,5,9,9,9,8,8,40
3,947,946,1791058591512484,1791058591514218,1734,0,6,7,7,7,7,2,10
3,948,947,1791058591562484,1791058591563841,1357,0,7,11,11,11,10,6,30
3,949,948,1791058591612484,1791058591613754,1270,0,8,6,6,6,5,4,18
3,950,949,1791058591662484,1791058591663838,1354,0,9,12,12,12,11,10,44
3,951,950,1791058591712484,1791058591713566,1082,0,10,10,10,10,10,9,33
3,952,951,1791058591762484,1791058591763835,1351,0,11,12,12,12,11,11,49
3,953,952,1791058591812484,1791058591813870,1386,0,12,10,10,10,8,7,30
3,954,953,1791058591862484,1791058591864171,1687,0,13,10,10,10,8,6,27
3,955,954,1791058591912484,1791058591913837,1353,0,14,11,11,11,10,8,34
3,956,955,1791058591962484,1791058591963992,1508,0,15,16,16,16,15,14,66
3,957,956,1791058592012484,1791058592014250,1766,0,16,13,13,13,12,9,33
3,958,957,1791058592062484,1791058592063620,1136,0,17,11,11,11,9,9,36
3,959,958,1791058592112484,1791058592113424,940,0,18,7,7,7,7,6,30
3,960,959,1791058592162484,1791058592163818,1334,0,19,10,10,10,9,8,25
3,961,960,1791058592212484,1791058592213771,1287,0,0,7,7,7,6,2,10
3,962,961,1791058592262484,1791058592263882,1398,0,1,13,13,13,13,12,57
3,963,962,1791058592312484,1791058592313987,1503,0,2,8,8,8,6,4,20
3,964,963,1791058592362484,1791058592363834,1350,0,3,8,8,8,9,6,29
3,965,964,1791058592412484,1791058592413333,849,0,4,9,9,9,8,6,30
3,966,965,1791058592462484,1791058592463783,1299,0,5,9,9,9,9,6,26
3,967,966,1791058592512484,1791058592513827,1343,0,6,7,7,7,7,6,24
3,968,967,1791058592562484,1791058592564277,1793,0,7,11,11,11,11,10,33
3,969,968,1791058592612484,1791058592613368,884,0,8,6,6,6,5,4,17
3,970,969,1791058592662484,1791058592664353,1869,0,9,12,12,12,12,12,49
3,971,970,1791058592712484,1791058592714268,1784,0,10,10,10,10,10,8,35
3,972,971,1791058592762484,1791058592763838,1354,0,11,12,12,12,12,12,54
3,973,972,1791058592812484,1791058592813837,1353,0,12,10,10,10,9,7,25
3,974,973,1791058592862484,1791058592863951,1467,0,13,10,10,10,9,6,21
3,975,974,1791058592912484,1791058592913873,1389,0,14,11,11,11,10,8,36
3,976,975,1791058592962484,1791058592963806,1322,0,15,16,16,16,17,17,75
3,977,976,1791058593012484,1791058593013796,1312,0,16,13,13,13,11,6,30
3,978,977,1791058593062484,1791058593063806,1322,0,17,11,11,11,11,6,26
3,979,978,1791058593112484,1791058593113617,1133,0,18,7,7,7,7,6,22
3,980,979,1791058593162484,1791058593163828,1344,0,19,10,10,10,10,6,26
3,981,980,1791058593212484,1791058593213668,1184,0,0,7,7,7,7,4,20
3,982,981,1791058593262484,1791058593263671,1187,0,1,13,13,13,12,8,34
3,983,982,1791058593312484,1791058593313777,1293,0,2,8,8,8,7,6,25
3,984,983,1791058593362484,1791058593363828,1344,0,3,8,8,8,7,7,23
3,985,984,1791058593412484,1791058593413714,1230,0,4,9,9,9,9,8,36
3,986,985,1791058593462484,1791058593463502,1018,0,5,9,9,9,8,8,32
3,987,986,1791058593512484,1791058593513350,866,0,6,7,7,7,7,4,13
3,988,987,1791058593562484,1791058593563734,1250,0,7,11,11,11,10,8,39
3,989,988,1791058593612484,1791058593614334,1850,0,8,6,6,6,5,2,7
3,990,989,1791058593662484,1791058593663326,842,0,9,12,12,12,12,4,20
3,991,990,1791058593712484,1791058593713326,842,0,10,10,10,10,9,6,30
3,992,991,1791058593762484,1791058593763771,1287,0,11,12,12,12,12,10,41
3,993,992,1791058593812484,1791058593813568,1084,0,12,10,10,10,10,8,33
3,994,993,1791058593862484,1791058593863574,1090,0,13,10,10,10,9,5,18
3,995,994,1791058593912484,1791058593914355,1871,0,14,11,11,11,10,6,25
3,996,995,1791058593962484,1791058593964090,1606,0,15,16,16,16,17,14,62
3,997,996,1791058594012484,1791058594014155,1671,0,16,13,13,13,11,6,27
3,998,997,1791058594062484,1791058594064070,1586,0,17,11,11,11,11,4,17
3,999,998,1791058594112484,1791058594113843,1359,0,18,7,7,7,6,4,20
3,1000,999,1791058594162484,1791058594163833,1349,0,19,10,10,10,11,10,40
3,1001,1000,1791058594212484,1791058594213783,1299,0,0,7,7,7,7,3,10
3,1002,1001,1791058594262484,1791058594263372,888,0,1,13,13,13,12,12,55
3,1003,1002,1791058594312484,1791058594314199,1715,0,2,8,8,8,7,7,25
3,1004,1003,1791058594362484,1791058594363820,1336,0,3,8,8,8,6,6,26
3,1005,1004,1791058594412484,1791058594413683,1199,0,4,9,9,9,8,7,26
3,1006,1005,1791058594462484,1791058594463664,1180,0,5,9,9,9,7,7,29
3,1007,1006,1791058594512484,1791058594514267,1783,0,6,7,7,7,6,3,8
3,1008,1007,1791058594562484,1791058594564038,1554,0,7,11,11,11,11,9,40
3,1009,1008,1791058594612484,1791058594613899,1415,0,8,6,6,6,3,0,0
3,1010,1009,1791058594662484,1791058594663802,1318,0,9,12,12,12,12,4,20
3,1011,1010,1791058594712484,1791058594713742,1258,0,10,10,10,10,8,6,30
3,1012,1011,1791058594762484,1791058594764180,1696,0,11,12,12,12,9,6,23
3,1013,1012,1791058594812484,1791058594813870,1386,0,12,10,10,10,8,4,20
3,1014,1013,1791058594862484,1791058594863647,1163,0,13,10,10,10,8,4,20
3,1015,1014,1791058594912484,1791058594913326,842,0,14,11,11,11,10,6,27
3,1016,1015,1791058594962484,1791058594963834,1350,0,15,16,16,16,14,12,59
3,1017,1016,1791058595012484,1791058595013626,1142,0,16,13,13,13,11,6,22
3,1018,1017,1791058595062484,1791058595063350,866,0,17,11,11,11,11,5,19
3,1019,1018,1791058595112484,1791058595113348,864,0,18,7,7,7,6,4,20
3,1020,1019,1791058595162484,1791058595164043,1559,0,19,10,10,10,9,4,19
3,1021,1020,1791058595212484,1791058595213943,1459,0,0,7,7,7,5,4,20
3,1022,1021,1791058595262484,1791058595263870,1386,0,1,13,13,13,12,9,35
3,1023,1022,1791058595312484,1791058595314014,1530,0,2,8,8,8,6,4,17
3,1024,1023,1791058595362484,1791058595363833,1349,0,3,8,8,8,7,6,21
3,1025,1024,1791058595412484,1791058595413705,1221,0,4,9,9,9,7,6,23
3,1026,1025,1791058595462484,1791058595463520,1036,0,5,9,9,9,8,7,25
3,1027,1026,1791058595512484,1791058595514299,1815,0,6,7,7,7,7,6,24
3,1028,1027,1791058595562484,1791058595563914,1430,0,7,11,11,11,10,9,36
3,1029,1028,1791058595612484,1791058595613991,1507,0,8,6,6,6,3,2,6
3,1030,1029,1791058595662484,1791058595664092,1608,0,9,12,12,12,9,4,15
3,1031,1030,1791058595712484,1791058595713305,821,0,10,10,10,10,9,8,40
3,1032,1031,1791058595762484,1791058595763914,1430,0,11,12,12,12,9,9,39
3,1033,1032,1791058595812484,1791058595814174,1690,0,12,10,10,10,10,9,36
3,1034,1033,1791058595862484,1791058595863785,1301,0,13,10,10,10,7,2,8
3,1035,1034,1791058595912484,1791058595914272,1788,0,14,11,11,11,11,6,24
3,1036,1035,1791058595962484,1791058595964007,1523,0,15,16,16,16,16,14,67
3,1037,1036,1791058596012484,1791058596014039,1555,0,16,13,13,13,12,5,18
3,1038,1037,1791058596062484,1791058596063434,950,0,17,11,11,11,10,4,13
3,1039,1038,1791058596112484,1791058596113380,896,0,18,7,7,7,7,6,30
3,1040,1039,1791058596162484,1791058596163786,1302,0,19,10,10,10,9,4,16
3,1041,1040,1791058596212484,1791058596213718,1234,0,0,7,7,7,5,2,10
3,1042,1041,1791058596262484,1791058596263555,1071,0,1,13,13,13,12,12,57
3,1043,1042,1791058596312484,1791058596313580,1096,0,2,8,8,8,8,7,24
3,1044,1043,1791058596362484,1791058596363775,1291,0,3,8,8,8,8,6,26
3,1045,1044,1791058596412484,1791058596413727,1243,0,4,9,9,9,8,8,34
3,1046,1045,1791058596462484,1791058596463536,1052,0,5,9,9,9,8,4,19
3,1047,1046,1791058596512484,1791058596513990,1506,0,6,7,7,7,5,2,10
3,1048,1047,1791058596562484,1791058596564233,1749,0,7,11,11,11,12,12,50
3,1049,1048,1791058596612484,1791058596614113,1629,0,8,6,6,6,5,5,12
3,1050,1049,1791058596662484,1791058596663967,1483,0,9,12,12,12,9,7,26
3,1051,1050,1791058596712484,1791058596714197,1713,0,10,10,10,10,8,8,34
3,1052,1051,1791058596762484,1791058596764089,1605,0,11,12,12,12,11,10,46
3,1053,1052,1791058596812484,1791058596813895,1411,0,12,10,10,10,9,7,23
3,1054,1053,1791058596862484,1791058596863873,1389,0,13,10,10,10,8,6,29
3,1055,1054,1791058596912484,1791058596913760,1276,0,14,11,11,11,8,7,30
3,1056,1055,1791058596962484,1791058596963999,1515,0,15,16,16,16,13,7,27
3,1057,1056,1791058597012484,1791058597014163,1679,0,16,13,13,13,12,8,38
3,1058,1057,1791058597062484,1791058597064234,1750,0,17,11,11,11,10,2,10
3,1059,1058,1791058597112484,1791058597114103,1619,0,18,7,7,7,6,6,22
3,1060,1059,1791058597162484,1791058597163849,1365,0,19,10,10,10,9,3,9
3,1061,1060,1791058597212484,1791058597213701,1217,0,0,7,7,7,7,6,23
3,1062,1061,1791058597262484,1791058597263552,1068,0,1,13,13,13,9,7,27
3,1063,1062,1791058597312484,1791058597314305,1821,0,2,8,8,8,6,4,15
3,1064,1063,1791058597362484,1791058597363980,1496,0,3,8,8,8,7,7,30
3,1065,1064,1791058597412484,1791058597413586,1102,0,4,9,9,9,8,7,23
3,1066,1065,1791058597462484,1791058597464274,1790,0,5,9,9,9,7,6,25
3,1067,1066,1791058597512484,1791058597514193,1709,0,6,7,7,7,6,2,6
3,1068,1067,1791058597562484,1791058597563857,1373,0,7,11,11,11,11,8,40
3,1069,1068,1791058597612484,1791058597613807,1323,0,8,6,6,6,6,4,12
3,1070,1069,1791058597662484,1791058597663570,1086,0,9,12,12,12,10,0,0
3,1071,1070,1791058597712484,1791058597713306,822,0,10,10,10,10,9,8,40
3,1072,1071,1791058597762484,1791058597763714,1230,0,11,12,12,12,7,6,22
3,1073,1072,1791058597812484,1791058597813512,1028,0,12,10,10,10,9,4,14
3,1074,1073,1791058597862484,1791058597863761,1277,0,13,10,10,10,9,8,33
3,1075,1074,1791058597912484,1791058597913752,1268,0,14,11,11,11,6,4,19
3,1076,1075,1791058597962484,1791058597964000,1516,0,15,16,16,16,12,10,47
3,1077,1076,1791058598012484,1791058598013784,1300,0,16,13,13,13,11,8,34
3,1078,1077,1791058598062484,1791058598063503,1019,0,17,11,11,11,11,2,10
3,1079,1078,1791058598112484,1791058598114332,1848,0,18,7,7,7,6,6,29
3,1080,1079,1791058598162484,1791058598163825,1341,0,19,10,10,10,8,5,17
3,1081,1080,1791058598212484,1791058598213611,1127,0,0,7,7,7,7,2,10
3,1082,1081,1791058598262484,1791058598263353,869,0,1,13,13,13,11,8,40
3,1083,1082,1791058598312484,1791058598313322,838,0,2,8,8,8,6,6,21
3,1084,1083,1791058598362484,1791058598364080,1596,0,3,8,8,8,5,3,7
3,1085,1084,1791058598412484,1791058598414258,1774,0,4,9,9,9,8,4,20
3,1086,1085,1791058598462484,1791058598464264,1780,0,5,9,9,9,9,8,33
3,1087,1086,1791058598512484,1791058598513338,854,0,6,7,7,7,6,6,22
3,1088,1087,1791058598562484,1791058598564158,1674,0,7,11,11,11,9,7,22
3,1089,1088,1791058598612484,1791058598614114,1630,0,8,6,6,6,5,5,19
3,1090,1089,1791058598662484,1791058598663959,1475,0,9,12,12,12,7,4,15
3,1091,1090,1791058598712484,1791058598713916,1432,0,10,10,10,10,9,8,35
3,1092,1091,1791058598762484,1791058598763835,1351,0,11,12,12,12,12,8,32
3,1093,1092,1791058598812484,1791058598813513,1029,0,12,10,10,10,7,2,10
3,1094,1093,1791058598862484,1791058598864336,1852,0,13,10,10,10,10,10,46
3,1095,1094,1791058598912484,1791058598913387,903,0,14,11,11,11,8,6,22
3,1096,1095,1791058598962484,1791058598963893,1409,0,15,16,16,16,16,14,61
3,1097,1096,1791058599012484,1791058599013686,1202,0,16,13,13,13,10,6,15
3,1098,1097,1791058599062484,1791058599064336,1852,0,17,11,11,11,11,8,29
3,1099,1098,1791058599112484,1791058599114219,1735,0,18,7,7,7,6,4,20
3,1100,1099,1791058599162484,1791058599163793,1309,0,19,10,10,10,7,6,27
3,1101,1100,1791058599212484,1791058599213536,1052,0,0,7,7,7,5,4,11
3,1102,1101,1791058599262484,1791058599263351,867,0,1,13,13,13,11,11,48
3,1103,1102,1791058599312484,1791058599313440,956,0,2,8,8,8,7,5,12
3,1104,1103,1791058599362484,1791058599363800,1316,0,3,8,8,8,7,4,11
3,1105,1104,1791058599412484,1791058599413774,1290,0,4,9,9,9,8,7,27
3,1106,1105,1791058599462484,1791058599463939,1455,0,5,9,9,9,8,8,34
3,1107,1106,1791058599512484,1791058599514084,1600,0,6,7,7,7,6,2,8
3,1108,1107,1791058599562484,1791058599564116,1632,0,7,11,11,11,12,8,40
3,1109,1108,1791058599612484,1791058599613741,1257,0,8,6,6,6,6,5,14
3,1110,1109,1791058599662484,1791058599663381,897,0,9,12,12,12,10,4,18
3,1111,1110,1791058599712484,1791058599713348,864,0,10,10,10,10,8,8,40
3,1112,1111,1791058599762484,1791058599763753,1269,0,11,12,12,12,9,6,21
3,1113,1112,1791058599812484,1791058599813324,840,0,12,10,10,10,9,5,20
3,1114,1113,1791058599862484,1791058599864174,1690,0,13,10,10,10,9,9,39
3,1115,1114,1791058599912484,1791058599914129,1645,0,14,11,11,11,8,4,11
3,1116,1115,1791058599962484,1791058599964031,1547,0,15,16,16,16,16,12,56
3,1117,1116,1791058600012484,1791058600013901,1417,0,16,13,13,13,7,6,20
3,1118,1117,1791058600062484,1791058600063618,1134,0,17,11,11,11,9,2,7
3,1119,1118,1791058600112484,1791058600113658,1174,0,18,7,7,7,6,6,24
3,1120,1119,1791058600162484,1791058600164013,1529,0,19,10,10,10,8,7,23
3,1121,1120,1791058600212484,1791058600213939,1455,0,0,7,7,7,6,4,14
3,1122,1121,1791058600262484,1791058600263988,1504,0,1,13,13,13,9,5,20
3,1123,1122,1791058600312484,1791058600314054,1570,0,2,8,8,8,7,7,27
3,1124,1123,1791058600362484,1791058600363794,1310,0,3,8,8,8,8,2,10
3,1125,1124,1791058600412484,1791058600413981,1497,0,4,9,9,9,9,4,20
3,1126,1125,1791058600462484,1791058600464160,1676,0,5,9,9,9,9,6,30
3,1127,1126,1791058600512484,1791058600514293,1809,0,6,7,7,7,7,2,10
3,1128,1127,1791058600562484,1791058600563961,1477,0,7,11,11,11,11,10,43
3,1129,1128,1791058600612484,1791058600614367,1883,0,8,6,6,6,5,2,10
3,1130,1129,1791058600662484,1791058600663629,1145,0,9,12,12,12,12,4,20
3,1131,1130,1791058600712484,1791058600713896,1412,0,10,10,10,10,10,8,40
3,1132,1131,1791058600762484,1791058600764063,1579,0,11,12,12,12,11,8,30
3,1133,1132,1791058600812484,1791058600813542,1058,0,12,10,10,10,8,2,10
3,1134,1133,1791058600862484,1791058600863367,883,0,13,10,10,10,10,10,49
3,1135,1134,1791058600912484,1791058600914159,1675,0,14,11,11,11,10,9,36
3,1136,1135,1791058600962484,1791058600963823,1339,0,15,16,16,16,13,6,24
3,1137,1136,1791058601012484,1791058601013585,1101,0,16,13,13,13,12,6,21
3,1138,1137,1791058601062484,1791058601063542,1058,0,17,11,11,11,10,2,10
3,1139,1138,1791058601112484,1791058601114314,1830,0,18,7,7,7,4,2,7
3,1140,1139,1791058601162484,1791058601163974,1490,0,19,10,10,10,9,4,14
3,1141,1140,1791058601212484,1791058601213877,1393,0,0,7,7,7,6,4,17
3,1142,1141,1791058601262484,1791058601263755,1271,0,1,13,13,13,12,10,48
3,1143,1142,1791058601312484,1791058601313593,1109,0,2,8,8,8,8,7,21
3,1144,1143,1791058601362484,1791058601363940,1456,0,3,8,8,8,7,4,13
3,1145,1144,1791058601412484,1791058601413909,1425,0,4,9,9,9,9,4,20
3,1146,1145,1791058601462484,1791058601463955,1471,0,5,9,9,9,9,8,39
3,1147,1146,1791058601512484,1791058601514150,1666,0,6,7,7,7,6,2,10
3,1148,1147,1791058601562484,1791058601563797,1313,0,7,11,11,11,10,9,38
3,1149,1148,1791058601612484,1791058601613663,1179,0,8,6,6,6,3,2,3
3,1150,1149,1791058601662484,1791058601663577,1093,0,9,12,12,12,11,4,20
3,1151,1150,1791058601712484,1791058601714350,1866,0,10,10,10,10,9,6,30
3,1152,1151,1791058601762484,1791058601763969,1485,0,11,12,12,12,12,8,33
3,1153,1152,1791058601812484,1791058601813637,1153,0,12,10,10,10,10,8,33
3,1154,1153,1791058601862484,1791058601863353,869,0,13,10,10,10,9,6,24
3,1155,1154,1791058601912484,1791058601914310,1826,0,14,11,11,11,10,5,20
3,1156,1155,1791058601962484,1791058601963942,1458,0,15,16,16,16,15,14,67
3,1157,1156,1791058602012484,1791058602013730,1246,0,16,13,13,13,10,6,30
3,1158,1157,1791058602062484,1791058602063756,1272,0,17,11,11,11,11,4,18
3,1159,1158,1791058602112484,1791058602113547,1063,0,18,7,7,7,6,6,30
3,1160,1159,1791058602162484,1791058602163848,1364,0,19,10,10,10,9,2,8
3,1161,1160,1791058602212484,1791058602213784,1300,0,0,7,7,7,6,4,13
3,1162,1161,1791058602262484,1791058602263680,1196,0,1,13,13,13,12,10,50
3,1163,1162,1791058602312484,1791058602313653,1169,0,2,8,8,8,8,6,23
3,1164,1163,1791058602362484,1791058602363802,1318,0,3,8,8,8,7,4,20
3,1165,1164,1791058602412484,1791058602413476,992,0,4,9,9,9,8,4,20
3,1166,1165,1791058602462484,1791058602463346,862,0,5,9,9,9,9,8,38
3,1167,1166,1791058602512484,1791058602513985,1501,0,6,7,7,7,7,2,8
3,1168,1167,1791058602562484,1791058602563875,1391,0,7,11,11,11,12,8,37
3,1169,1168,1791058602612484,1791058602613491,1007,0,8,6,6,6,5,2,5
3,1170,1169,1791058602662484,1791058602663892,1408,0,9,12,12,12,12,6,25
3,1171,1170,1791058602712484,1791058602713636,1152,0,10,10,10,10,10,9,40
3,1172,1171,1791058602762484,1791058602763909,1425,0,11,12,12,12,12,11,44
3,1173,1172,1791058602812484,1791058602813752,1268,0,12,10,10,10,10,9,38
3,1174,1173,1791058602862484,1791058602863825,1341,0,13,10,10,10,9,8,24
3,1175,1174,1791058602912484,1791058602913751,1267,0,14,11,11,11,8,6,23
3,1176,1175,1791058602962484,1791058602963971,1487,0,15,16,16,16,17,16,74
3,1177,1176,1791058603012484,1791058603013725,1241,0,16,13,13,13,11,6,30
3,1178,1177,1791058603062484,1791058603064356,1872,0,17,11,11,11,10,4,11
3,1179,1178,1791058603112484,1791058603114234,1750,0,18,7,7,7,7,6,30
3,1180,1179,1791058603162484,1791058603163947,1463,0,19,10,10,10,10,7,26
3,1181,1180,1791058603212484,1791058603213696,1212,0,0,7,7,7,6,4,14
3,1182,1181,1791058603262484,1791058603264260,1776,0,1,13,13,13,12,12,55
3,1183,1182,1791058603312484,1791058603314188,1704,0,2,8,8,8,7,4,17
3,1184,1183,1791058603362484,1791058603363800,1316,0,3,8,8,8,9,4,20
3,1185,1184,1791058603412484,1791058603413747,1263,0,4,9,9,9,9,6,23
3,1186,1185,1791058603462484,1791058603463746,1262,0,5,9,9,9,9,7,26
3,1187,1186,1791058603512484,1791058603514040,1556,0,6,7,7,7,6,6,21
3,1188,1187,1791058603562484,1791058603563958,1474,0,7,11,11,11,10,8,32
3,1189,1188,1791058603612484,1791058603613683,1199,0,8,6,6,6,6,4,15
3,1190,1189,1791058603662484,1791058603663606,1122,0,9,12,12,12,12,10,50
3,1191,1190,1791058603712484,1791058603713485,1001,0,10,10,10,10,9,4,20
3,1192,1191,1791058603762484,1791058603763858,1374,0,11,12,12,12,13,8,37
3,1193,1192,1791058603812484,1791058603813659,1175,0,12,10,10,10,10,6,30
3,1194,1193,1791058603862484,1791058603863692,1208,0,13,10,10,10,8,5,18
3,1195,1194,1791058603912484,1791058603913807,1323,0,14,11,11,11,8,6,30
3,1196,1195,1791058603962484,1791058603963783,1299,0,15,16,16,16,17,15,65
3,1197,1196,1791058604012484,1791058604013654,1170,0,16,13,13,13,13,9,40
3,1198,1197,1791058604062484,1791058604063678,1194,0,17,11,11,11,10,8,29
3,1199,1198,1791058604112484,1791058604113598,1114,0,18,7,7,7,6,4,20
3,1200,1199,1791058604162484,1791058604163941,1457,0,19,10,10,10,9,6,24
3,1201,1200,1791058604212484,1791058604213732,1248,0,0,7,7,7,7,6,21
3,1202,1201,1791058604262484,1791058604263738,1254,0,1,13,13,13,11,10,49
3,1203,1202,1791058604312484,1791058604313570,1086,0,2,8,8,8,8,7,30
3,1204,1203,1791058604362484,1791058604363942,1458,0,3,8,8,8,9,9,40
3,1205,1204,1791058604412484,1791058604413789,1305,0,4,9,9,9,8,8,37
3,1206,1205,1791058604462484,1791058604463877,1393,0,5,9,9,9,7,6,22
3,1207,1206,1791058604512484,1791058604513597,1113,0,6,7,7,7,5,2,10
3,1208,1207,1791058604562484,1791058604564323,1839,0,7,11,11,11,12,8,40
3,1209,1208,1791058604612484,1791058604613729,1245,0,8,6,6,6,6,2,10
3,1210,1209,1791058604662484,1791058604663821,1337,0,9,12,12,12,11,6,26
3,1211,1210,1791058604712484,1791058604714309,1825,0,10,10,10,10,10,9,39
3,1212,1211,1791058604762484,1791058604763883,1399,0,11,12,12,12,12,11,49
3,1213,1212,1791058604812484,1791058604813499,1015,0,12,10,10,10,8,4,20
3,1214,1213,1791058604862484,1791058604864176,1692,0,13,10,10,10,9,6,26
3,1215,1214,1791058604912484,1791058604913439,955,0,14,11,11,11,11,6,25
3,1216,1215,1791058604962484,1791058604963794,1310,0,15,16,16,16,17,16,73
3,1217,1216,1791058605012484,1791058605013657,1173,0,16,13,13,13,12,6,23
3,1218,1217,1791058605062484,1791058605063713,1229,0,17,11,11,11,11,6,26
3,1219,1218,1791058605112484,1791058605113937,1453,0,18,7,7,7,7,6,30
3,1220,1219,1791058605162484,1791058605163784,1300,0,19,10,10,10,8,8,31
3,1221,1220,1791058605212484,1791058605214309,1825,0,0,7,7,7,7,6,27
3,1222,1221,1791058605262484,1791058605264216,1732,0,1,13,13,13,12,8,31
3,1223,1222,1791058605312484,1791058605314005,1521,0,2,8,8,8,8,6,30
3,1224,1223,1791058605362484,1791058605363825,1341,0,3,8,8,8,9,6,26
3,1225,1224,1791058605412484,1791058605413864,1380,0,4,9,9,9,7,4,18
3,1226,1225,1791058605462484,1791058605464054,1570,0,5,9,9,9,8,6,27
3,1227,1226,1791058605512484,1791058605514117,1633,0,6,7,7,7,6,6,22
3,1228,1227,1791058605562484,1791058605563916,1432,0,7,11,11,11,10,9,29
3,1229,1228,1791058605612484,1791058605614037,1553,0,8,6,6,6,2,2,3
3,1230,1229,1791058605662484,1791058605664108,1624,0,9,12,12,12,11,8,40
3,1231,1230,1791058605712484,1791058605713433,949,0,10,10,10,10,10,8,33
3,1232,1231,1791058605762484,1791058605763839,1355,0,11,12,12,12,12,10,44
3,1233,1232,1791058605812484,1791058605813855,1371,0,12,10,10,10,10,6,28
3,1234,1233,1791058605862484,1791058605863657,1173,0,13,10,10,10,10,6,26
3,1235,1234,1791058605912484,1791058605913448,964,0,14,11,11,11,9,6,25
3,1236,1235,1791058605962484,1791058605963984,1500,0,15,16,16,16,16,16,71
3,1237,1236,1791058606012484,1791058606013471,987,0,16,13,13,13,11,6,30
3,1238,1237,1791058606062484,1791058606063340,856,0,17,11,11,11,10,5,17
3,1239,1238,1791058606112484,1791058606114281,1797,0,18,7,7,7,7,6,25
3,1240,1239,1791058606162484,1791058606164060,1576,0,19,10,10,10,11,8,31
3,1241,1240,1791058606212484,1791058606213812,1328,0,0,7,7,7,6,3,10
3,1242,1241,1791058606262484,1791058606263765,1281,0,1,13,13,13,12,10,50
3,1243,1242,1791058606312484,1791058606313775,1291,0,2,8,8,8,8,6,30
3,1244,1243,1791058606362484,1791058606363896,1412,0,3,8,8,8,7,5,19
3,1245,1244,1791058606412484,1791058606413892,1408,0,4,9,9,9,9,7,27
3,1246,1245,1791058606462484,1791058606463778,1294,0,5,9,9,9,9,6,30
3,1247,1246,1791058606512484,1791058606514124,1640,0,6,7,7,7,6,2,10
3,1248,1247,1791058606562484,1791058606564113,1629,0,7,11,11,11,10,6,30
3,1249,1248,1791058606612484,1791058606613452,968,0,8,6,6,6,6,3,7
3,1250,1249,1791058606662484,1791058606663361,877,0,9,12,12,12,11,6,23
3,1251,1250,1791058606712484,1791058606713503,1019,0,10,10,10,10,10,10,50
3,1252,1251,1791058606762484,1791058606763835,1351,0,11,12,12,12,11,11,47
3,1253,1252,1791058606812484,1791058606813690,1206,0,12,10,10,10,8,6,28
3,1254,1253,1791058606862484,1791058606863358,874,0,13,10,10,10,9,4,15
3,1255,1254,1791058606912484,1791058606914186,1702,0,14,11,11,11,11,8,39
3,1256,1255,1791058606962484,1791058606963826,1342,0,15,16,16,16,17,15,65
3,1257,1256,1791058607012484,1791058607013794,1310,0,16,13,13,13,13,6,30
3,1258,1257,1791058607062484,1791058607063916,1432,0,17,11,11,11,11,4,18
3,1259,1258,1791058607112484,1791058607113787,1303,0,18,7,7,7,6,6,30
3,1260,1259,1791058607162484,1791058607163844,1360,0,19,10,10,10,9,5,18
3,1261,1260,1791058607212484,1791058607214257,1773,0,0,7,7,7,6,2,10
3,1262,1261,1791058607262484,1791058607264139,1655,0,1,13,13,13,12,10,50
3,1263,1262,1791058607312484,1791058607314194,1710,0,2,8,8,8,8,6,30
3,1264,1263,1791058607362484,1791058607364091,1607,0,3,8,8,8,8,6,26
3,1265,1264,1791058607412484,1791058607413887,1403,0,4,9,9,9,9,8,31
3,1266,1265,1791058607462484,1791058607463776,1292,0,5,9,9,9,8,5,18
3,1267,1266,1791058607512484,1791058607513676,1192,0,6,7,7,7,6,5,17
3,1268,1267,1791058607562484,1791058607564070,1586,0,7,11,11,11,10,8,35
3,1269,1268,1791058607612484,1791058607613784,1300,0,8,6,6,6,5,3,10
3,1270,1269,1791058607662484,1791058607664051,1567,0,9,12,12,12,12,0,0
3,1271,1270,1791058607712484,1791058607714122,1638,0,10,10,10,10,10,8,35
3,1272,1271,1791058607762484,1791058607763800,1316,0,11,12,12,12,13,10,49
3,1273,1272,1791058607812484,1791058607813798,1314,0,12,10,10,10,9,8,33
3,1274,1273,1791058607862484,1791058607863969,1485,0,13,10,10,10,7,4,15
3,1275,1274,1791058607912484,1791058607913786,1302,0,14,11,11,11,11,8,36
3,1276,1275,1791058607962484,1791058607964046,1562,0,15,16,16,16,17,15,65
3,1277,1276,1791058608012484,1791058608014024,1540,0,16,13,13,13,11,5,20
3,1278,1277,1791058608062484,1791058608064032,1548,0,17,11,11,11,11,6,23
3,1279,1278,1791058608112484,1791058608113880,1396,0,18,7,7,7,7,6,30
3,1280,1279,1791058608162484,1791058608164006,1522,0,19,10,10,10,10,9,36
3,1281,1280,1791058608212484,1791058608213822,1338,0,0,7,7,7,6,4,15
3,1282,1281,1791058608262484,1791058608263539,1055,0,1,13,13,13,12,8,40
3,1283,1282,1791058608312484,1791058608313418,934,0,2,8,8,8,8,6,30
3,1284,1283,1791058608362484,1791058608364017,1533,0,3,8,8,8,8,6,15
3,1285,1284,1791058608412484,1791058608414082,1598,0,4,9,9,9,9,6,30
3,1286,1285,1791058608462484,1791058608464111,1627,0,5,9,9,9,9,8,34
3,1287,1286,1791058608512484,1791058608513981,1497,0,6,7,7,7,6,2,10
3,1288,1287,1791058608562484,1791058608563932,1448,0,7,11,11,11,11,8,40
3,1289,1288,1791058608612484,1791058608613647,1163,0,8,6,6,6,5,2,3
3,1290,1289,1791058608662484,1791058608663305,821,0,9,12,12,12,11,4,20
3,1291,1290,1791058608712484,1791058608714246,1762,0,10,10,10,10,10,10,44
3,1292,1291,1791058608762484,1791058608764003,1519,0,11,12,12,12,12,12,50
3,1293,1292,1791058608812484,1791058608813729,1245,0,12,10,10,10,10,6,24
3,1294,1293,1791058608862484,1791058608863564,1080,0,13,10,10,10,8,6,23
3,1295,1294,1791058608912484,1791058608913472,988,0,14,11,11,11,10,6,30
3,1296,1295,1791058608962484,1791058608963988,1504,0,15,16,16,16,15,14,65
3,1297,1296,1791058609012484,1791058609013853,1369,0,16,13,13,13,13,6,30
3,1298,1297,1791058609062484,1791058609063937,1453,0,17,11,11,11,10,7,24
3,1299,1298,1791058609112484,1791058609113862,1378,0,18,7,7,7,7,6,29
3,1300,1299,1791058609162484,1791058609163979,1495,0,19,10,10,10,10,9,34
3,1301,1300,1791058609212484,1791058609213723,1239,0,0,7,7,7,6,4,15
3,1302,1301,1791058609262484,1791058609263572,1088,0,1,13,13,13,12,10,42
3,1303,1302,1791058609312484,1791058609313477,993,0,2,8,8,8,8,6,30
3,1304,1303,1791058609362484,1791058609363910,1426,0,3,8,8,8,8,4,20
3,1305,1304,1791058609412484,1791058609413553,1069,0,4,9,9,9,7,6,28
3,1306,1305,1791058609462484,1791058609464261,1777,0,5,9,9,9,8,4,20
3,1307,1306,1791058609512484,1791058609514137,1653,0,6,7,7,7,6,4,19
3,1308,1307,1791058609562484,1791058609563800,1316,0,7,11,11,11,11,8,40
3,1309,1308,1791058609612484,1791058609613395,911,0,8,6,6,6,5,2,7
3,1310,1309,1791058609662484,1791058609664200,1716,0,9,12,12,12,12,8,35
3,1311,1310,1791058609712484,1791058609714149,1665,0,10,10,10,10,9,6,30
3,1312,1311,1791058609762484,1791058609763851,1367,0,11,12,12,12,12,10,50
3,1313,1312,1791058609812484,1791058609813756,1272,0,12,10,10,10,9,6,30
3,1314,1313,1791058609862484,1791058609863534,1050,0,13,10,10,10,10,5,20
3,1315,1314,1791058609912484,1791058609913500,1016,0,14,11,11,11,11,6,30
3,1316,1315,1791058609962484,1791058609963810,1326,0,15,16,16,16,17,17,79
3,1317,1316,1791058610012484,1791058610013636,1152,0,16,13,13,13,13,6,30
3,1318,1317,1791058610062484,1791058610063312,828,0,17,11,11,11,9,6,16
3,1319,1318,1791058610112484,1791058610114169,1685,0,18,7,7,7,7,6,30
3,1320,1319,1791058610162484,1791058610163965,1481,0,19,10,10,10,9,6,27
3,1321,1320,1791058610212484,1791058610213723,1239,0,0,7,7,7,7,4,14
3,1322,1321,1791058610262484,1791058610264212,1728,0,1,13,13,13,13,10,47
3,1323,1322,1791058610312484,1791058610314130,1646,0,2,8,8,8,8,6,30
3,1324,1323,1791058610362484,1791058610363801,1317,0,3,8,8,8,9,9,34
3,1325,1324,1791058610412484,1791058610413573,1089,0,4,9,9,9,9,9,38
3,1326,1325,1791058610462484,1791058610464269,1785,0,5,9,9,9,7,4,20
3,1327,1326,1791058610512484,1791058610514338,1854,0,6,7,7,7,7,4,20
3,1328,1327,1791058610562484,1791058610563820,1336,0,7,11,11,11,11,8,40
3,1329,1328,1791058610612484,1791058610613544,1060,0,8,6,6,6,5,0,0
3,1330,1329,1791058610662484,1791058610664037,1553,0,9,12,12,12,12,6,25
3,1331,1330,1791058610712484,1791058610714073,1589,0,10,10,10,10,10,10,47
3,1332,1331,1791058610762484,1791058610764220,1736,0,11,12,12,12,13,13,59
3,1333,1332,1791058610812484,1791058610814075,1591,0,12,10,10,10,7,6,30
3,1334,1333,1791058610862484,1791058610864233,1749,0,13,10,10,10,9,6,23
3,1335,1334,1791058610912484,1791058610913351,867,0,14,11,11,11,11,6,30
3,1336,1335,1791058610962484,1791058610963776,1292,0,15,16,16,16,15,15,69
3,1337,1336,1791058611012484,1791058611013664,1180,0,16,13,13,13,12,6,29
3,1338,1337,1791058611062484,1791058611063788,1304,0,17,11,11,11,9,6,25
3,1339,1338,1791058611112484,1791058611113936,1452,0,18,7,7,7,7,6,27
3,1340,1339,1791058611162484,1791058611163995,1511,0,19,10,10,10,10,10,31
3,1341,1340,1791058611212484,1791058611213762,1278,0,0,7,7,7,7,6,24
3,1342,1341,1791058611262484,1791058611263466,982,0,1,13,13,13,13,10,47
3,1343,1342,1791058611312484,1791058611313313,829,0,2,8,8,8,8,6,30
3,1344,1343,1791058611362484,1791058611363830,1346,0,3,8,8,8,8,8,37
3,1345,1344,1791058611412484,1791058611414091,1607,0,4,9,9,9,9,8,35
3,1346,1345,1791058611462484,1791058611464321,1837,0,5,9,9,9,8,6,23
3,1347,1346,1791058611512484,1791058611513655,1171,0,6,7,7,7,7,2,10
3,1348,1347,1791058611562484,1791058611563857,1373,0,7,11,11,11,12,9,40
3,1349,1348,1791058611612484,1791058611614035,1551,0,8,6,6,6,6,6,19
3,1350,1349,1791058611662484,1791058611664234,1750,0,9,12,12,12,9,3,10
3,1351,1350,1791058611712484,1791058611713608,1124,0,10,10,10,10,10,8,33
3,1352,1351,1791058611762484,1791058611764027,1543,0,11,12,12,12,12,10,43
3,1353,1352,1791058611812484,1791058611814144,1660,0,12,10,10,10,8,5,17
3,1354,1353,1791058611862484,1791058611864367,1883,0,13,10,10,10,9,8,40
3,1355,1354,1791058611912484,1791058611913837,1353,0,14,11,11,11,8,4,15
3,1356,1355,1791058611962484,1791058611963793,1309,0,15,16,16,16,16,15,64
3,1357,1356,1791058612012484,1791058612014021,1537,0,16,13,13,13,7,4,14
3,1358,1357,1791058612062484,1791058612063356,872,0,17,11,11,11,11,5,18
3,1359,1358,1791058612112484,1791058612113603,1119,0,18,7,7,7,7,4,20
3,1360,1359,1791058612162484,1791058612163890,1406,0,19,10,10,10,10,4,14
3,1361,1360,1791058612212484,1791058612213356,872,0,0,7,7,7,6,4,11
3,1362,1361,1791058612262484,1791058612263941,1457,0,1,13,13,13,11,10,50
3,1363,1362,1791058612312484,1791058612314180,1696,0,2,8,8,8,8,6,27
3,1364,1363,1791058612362484,1791058612364066,1582,0,3,8,8,8,7,5,19
3,1365,1364,1791058612412484,1791058612414122,1638,0,4,9,9,9,8,6,24
3,1366,1365,1791058612462484,1791058612464005,1521,0,5,9,9,9,9,6,30
3,1367,1366,1791058612512484,1791058612513718,1234,0,6,7,7,7,7,4,20
3,1368,1367,1791058612562484,1791058612564045,1561,0,7,11,11,11,12,8,34
3,1369,1368,1791058612612484,1791058612613370,886,0,8,6,6,6,6,2,9
3,1370,1369,1791058612662484,1791058612663676,1192,0,9,12,12,12,12,8,40
3,1371,1370,1791058612712484,1791058612713469,985,0,10,10,10,10,10,10,50
3,1372,1371,1791058612762484,1791058612764216,1732,0,11,12,12,12,13,9,40
3,1373,1372,1791058612812484,1791058612814122,1638,0,12,10,10,10,9,7,29
3,1374,1373,1791058612862484,1791058612864084,1600,0,13,10,10,10,10,9,38
3,1375,1374,1791058612912484,1791058612914287,1803,0,14,11,11,11,9,9,35
3,1376,1375,1791058612962484,1791058612964101,1617,0,15,16,16,16,15,10,45
3,1377,1376,1791058613012484,1791058613014048,1564,0,16,13,13,13,13,12,41
3,1378,1377,1791058613062484,1791058613064024,1540,0,17,11,11,11,11,6,23
3,1379,1378,1791058613112484,1791058613113809,1325,0,18,7,7,7,7,4,19
3,1380,1379,1791058613162484,1791058613164084,1600,0,19,10,10,10,9,4,20
3,1381,1380,1791058613212484,1791058613213972,1488,0,0,7,7,7,6,4,16
3,1382,1381,1791058613262484,1791058613263968,1484,0,1,13,13,13,12,8,37
3,1383,1382,1791058613312484,1791058613313953,1469,0,2,8,8,8,8,6,23
3,1384,1383,1791058613362484,1791058613364044,1560,0,3,8,8,8,8,4,13
3,1385,1384,1791058613412484,1791058613413995,1511,0,4,9,9,9,9,6,30
3,1386,1385,1791058613462484,1791058613464086,1602,0,5,9,9,9,9,8,37
3,1387,1386,1791058613512484,1791058613514284,1800,0,6,7,7,7,7,2,6
3,1388,1387,1791058613562484,1791058613564065,1581,0,7,11,11,11,12,9,40
3,1389,1388,1791058613612484,1791058613613864,1380,0,8,6,6,6,5,2,10
3,1390,1389,1791058613662484,1791058613664075,1591,0,9,12,12,12,12,8,35
3,1391,1390,1791058613712484,1791058613713948,1464,0,10,10,10,10,10,10,47
3,1392,1391,1791058613762484,1791058613763997,1513,0,11,12,12,12,13,10,44
3,1393,1392,1791058613812484,1791058613814358,1874,0,12,10,10,10,10,9,33
3,1394,1393,1791058613862484,1791058613863789,1305,0,13,10,10,10,9,4,20
3,1395,1394,1791058613912484,1791058613913928,1444,0,14,11,11,11,11,6,29
3,1396,1395,1791058613962484,1791058613964035,1551,0,15,16,16,16,16,16,68
3,1397,1396,1791058614012484,1791058614013649,1165,0,16,13,13,13,11,6,30
3,1398,1397,1791058614062484,1791058614063979,1495,0,17,11,11,11,8,5,20
3,1399,1398,1791058614112484,1791058614114287,1803,0,18,7,7,7,6,4,20
3,1400,1399,1791058614162484,1791058614163845,1361,0,19,10,10,10,8,7,24
3,1401,1400,1791058614212484,1791058614213783,1299,0,0,7,7,7,6,4,18
3,1402,1401,1791058614262484,1791058614263829,1345,0,1,13,13,13,12,8,40
3,1403,1402,1791058614312484,1791058614313976,1492,0,2,8,8,8,8,6,30
3,1404,1403,1791058614362484,1791058614363847,1363,0,3,8,8,8,8,7,25
3,1405,1404,1791058614412484,1791058614413552,1068,0,4,9,9,9,9,7,29
3,1406,1405,1791058614462484,1791058614463376,892,0,5,9,9,9,7,6,23
3,1407,1406,1791058614512484,1791058614514088,1604,0,6,7,7,7,6,6,21
3,1408,1407,1791058614562484,1791058614563995,1511,0,7,11,11,11,11,9,40
3,1409,1408,1791058614612484,1791058614613712,1228,0,8,6,6,6,6,6,24
3,1410,1409,1791058614662484,1791058614663900,1416,0,9,12,12,12,10,6,28
3,1411,1410,1791058614712484,1791058614713310,826,0,10,10,10,10,9,6,30
3,1412,1411,1791058614762484,1791058614763839,1355,0,11,12,12,12,11,7,30
3,1413,1412,1791058614812484,1791058614813788,1304,0,12,10,10,10,7,4,13
3,1414,1413,1791058614862484,1791058614863591,1107,0,13,10,10,10,10,10,50
3,1415,1414,1791058614912484,1791058614913616,1132,0,14,11,11,11,11,10,47
3,1416,1415,1791058614962484,1791058614964033,1549,0,15,16,16,16,16,12,56
3,1417,1416,1791058615012484,1791058615014092,1608,0,16,13,13,13,9,6,30
3,1418,1417,1791058615062484,1791058615064257,1773,0,17,11,11,11,10,10,46
3,1419,1418,1791058615112484,1791058615114045,1561,0,18,7,7,7,7,6,30
3,1420,1419,1791058615162484,1791058615164094,1610,0,19,10,10,10,11,6,19
3,1421,1420,1791058615212484,1791058615213846,1362,0,0,7,7,7,6,4,13
3,1422,1421,1791058615262484,1791058615263939,1455,0,1,13,13,13,12,10,47
3,1423,1422,1791058615312484,1791058615314094,1610,0,2,8,8,8,8,6,29
3,1424,1423,1791058615362484,1791058615363831,1347,0,3,8,8,8,7,4,14
3,1425,1424,1791058615412484,1791058615414007,1523,0,4,9,9,9,8,6,22
3,1426,1425,1791058615462484,1791058615463359,875,0,5,9,9,9,8,8,36
3,1427,1426,1791058615512484,1791058615513542,1058,0,6,7,7,7,5,2,2
3,1428,1427,1791058615562484,1791058615563885,1401,0,7,11,11,11,12,9,40
3,1429,1428,1791058615612484,1791058615614347,1863,0,8,6,6,6,5,2,8
3,1430,1429,1791058615662484,1791058615664215,1731,0,9,12,12,12,12,8,38
3,1431,1430,1791058615712484,1791058615713890,1406,0,10,10,10,10,9,8,36
3,1432,1431,1791058615762484,1791058615763865,1381,0,11,12,12,12,12,10,50
3,1433,1432,1791058615812484,1791058615813565,1081,0,12,10,10,10,10,6,29
3,1434,1433,1791058615862484,1791058615863451,967,0,13,10,10,10,10,6,28
3,1435,1434,1791058615912484,1791058615914140,1656,0,14,11,11,11,10,8,32
3,1436,1435,1791058615962484,1791058615963977,1493,0,15,16,16,16,15,12,60
3,1437,1436,1791058616012484,1791058616013944,1460,0,16,13,13,13,11,8,38
3,1438,1437,1791058616062484,1791058616063732,1248,0,17,11,11,11,9,4,14
3,1439,1438,1791058616112484,1791058616113630,1146,0,18,7,7,7,7,6,28
3,1440,1439,1791058616162484,1791058616163940,1456,0,19,10,10,10,9,6,24
3,1441,1440,1791058616212484,1791058616213981,1497,0,0,7,7,7,6,2,10
3,1442,1441,1791058616262484,1791058616263880,1396,0,1,13,13,13,12,12,54
3,1443,1442,1791058616312484,1791058616313727,1243,0,2,8,8,8,8,6,30
3,1444,1443,1791058616362484,1791058616364056,1572,0,3,8,8,8,8,8,31
3,1445,1444,1791058616412484,1791058616413688,1204,0,4,9,9,9,8,8,32
3,1446,1445,1791058616462484,1791058616463664,1180,0,5,9,9,9,8,6,30
3,1447,1446,1791058616512484,1791058616513804,1320,0,6,7,7,7,6,3,10
3,1448,1447,1791058616562484,1791058616563989,1505,0,7,11,11,11,11,8,35
3,1449,1448,1791058616612484,1791058616614071,1587,0,8,6,6,6,6,4,16
3,1450,1449,1791058616662484,1791058616664189,1705,0,9,12,12,12,12,8,33
3,1451,1450,1791058616712484,1791058616714249,1765,0,10,10,10,10,10,10,50
3,1452,1451,1791058616762484,1791058616763933,1449,0,11,12,12,12,13,10,36
3,1453,1452,1791058616812484,1791058616814061,1577,0,12,10,10,10,7,4,18
3,1454,1453,1791058616862484,1791058616864246,1762,0,13,10,10,10,10,10,45
3,1455,1454,1791058616912484,1791058616913973,1489,0,14,11,11,11,10,9,38
3,1456,1455,1791058616962484,1791058616964064,1580,0,15,16,16,16,15,11,44
3,1457,1456,1791058617012484,1791058617014227,1743,0,16,13,13,13,10,10,45
3,1458,1457,1791058617062484,1791058617064202,1718,0,17,11,11,11,11,4,20
3,1459,1458,1791058617112484,1791058617114098,1614,0,18,7,7,7,7,4,13
3,1460,1459,1791058617162484,1791058617164063,1579,0,19,10,10,10,10,5,16
3,1461,1460,1791058617212484,1791058617213779,1295,0,0,7,7,7,7,2,10
3,1462,1461,1791058617262484,1791058617263908,1424,0,1,13,13,13,13,12,53
3,1463,1462,1791058617312484,1791058617314195,1711,0,2,8,8,8,8,6,29
3,1464,1463,1791058617362484,1791058617364065,1581,0,3,8,8,8,8,6,30
3,1465,1464,1791058617412484,1791058617413805,1321,0,4,9,9,9,8,8,34
3,1466,1465,1791058617462484,1791058617463666,1182,0,5,9,9,9,9,6,23
3,1467,1466,1791058617512484,1791058617513561,1077,0,6,7,7,7,6,5,18
3,1468,1467,1791058617562484,1791058617563971,1487,0,7,11,11,11,8,4,20
3,1469,1468,1791058617612484,1791058617613812,1328,0,8,6,6,6,6,4,20
3,1470,1469,1791058617662484,1791058617663594,1110,0,9,12,12,12,12,2,8
3,1471,1470,1791058617712484,1791058617713487,1003,0,10,10,10,10,10,8,34
3,1472,1471,1791058617762484,1791058617763813,1329,0,11,12,12,12,11,6,30
3,1473,1472,1791058617812484,1791058617813553,1069,0,12,10,10,10,8,6,26
3,1474,1473,1791058617862484,1791058617864301,1817,0,13,10,10,10,10,10,46
3,1475,1474,1791058617912484,1791058617914202,1718,0,14,11,11,11,11,6,26
3,1476,1475,1791058617962484,1791058617963913,1429,0,15,16,16,16,14,10,46
3,1477,1476,1791058618012484,1791058618013586,1102,0,16,13,13,13,12,6,30
3,1478,1477,1791058618062484,1791058618063612,1128,0,17,11,11,11,9,4,14
3,1479,1478,1791058618112484,1791058618113597,1113,0,18,7,7,7,7,6,22
3,1480,1479,1791058618162484,1791058618163890,1406,0,19,10,10,10,11,8,30
3,1481,1480,1791058618212484,1791058618213773,1289,0,0,7,7,7,7,5,20
3,1482,1481,1791058618262484,1791058618264362,1878,0,1,13,13,13,11,10,50
3,1483,1482,1791058618312484,1791058618313456,972,0,2,8,8,8,8,6,27
3,1484,1483,1791058618362484,1791058618363924,1440,0,3,8,8,8,8,7,21
3,1485,1484,1791058618412484,1791058618413796,1312,0,4,9,9,9,8,6,25
3,1486,1485,1791058618462484,1791058618463753,1269,0,5,9,9,9,9,8,33
3,1487,1486,1791058618512484,1791058618513756,1272,0,6,7,7,7,7,4,13
3,1488,1487,1791058618562484,1791058618564001,1517,0,7,11,11,11,12,8,36
3,1489,1488,1791058618612484,1791058618613949,1465,0,8,6,6,6,5,2,10
3,1490,1489,1791058618662484,1791058618663800,1316,0,9,12,12,12,12,8,40
3,1491,1490,1791058618712484,1791058618713861,1377,0,10,10,10,10,10,8,37
3,1492,1491,1791058618762484,1791058618763891,1407,0,11,12,12,12,12,12,58
3,1493,1492,1791058618812484,1791058618813359,875,0,12,10,10,10,10,8,35
3,1494,1493,1791058618862484,1791058618863308,824,0,13,10,10,10,7,4,14
3,1495,1494,1791058618912484,1791058618913385,901,0,14,11,11,11,11,6,30
3,1496,1495,1791058618962484,1791058618963772,1288,0,15,16,16,16,17,15,69
3,1497,1496,1791058619012484,1791058619013779,1295,0,16,13,13,13,11,6,30
3,1498,1497,1791058619062484,1791058619063784,1300,0,17,11,11,11,11,9,37
3,1499,1498,1791058619112484,1791058619113680,1196,0,18,7,7,7,7,6,29
3,1500,1499,1791058619162484,1791058619163898,1414,0,19,10,10,10,9,8,34
3,1501,1500,1791058619212484,1791058619213630,1146,0,0,7,7,7,6,4,19
3,1502,1501,1791058619262484,1791058619263469,985,0,1,13,13,13,12,10,43
3,1503,1502,1791058619312484,1791058619314115,1631,0,2,8,8,8,8,6,23
3,1504,1503,1791058619362484,1791058619364043,1559,0,3,8,8,8,7,4,20
3,1505,1504,1791058619412484,1791058619413772,1288,0,4,9,9,9,9,8,31
3,1506,1505,1791058619462484,1791058619463577,1093,0,5,9,9,9,9,6,22
3,1507,1506,1791058619512484,1791058619514171,1687,0,6,7,7,7,5,4,20
3,1508,1507,1791058619562484,1791058619563867,1383,0,7,11,11,11,9,9,34
3,1509,1508,1791058619612484,1791058619613682,1198,0,8,6,6,6,5,2,9
3,1510,1509,1791058619662484,1791058619663524,1040,0,9,12,12,12,12,8,40
3,1511,1510,1791058619712484,1791058619714358,1874,0,10,10,10,10,10,8,39
3,1512,1511,1791058619762484,1791058619763975,1491,0,11,12,12,12,12,10,50
3,1513,1512,1791058619812484,1791058619813782,1298,0,12,10,10,10,8,6,30
3,1514,1513,1791058619862484,1791058619863658,1174,0,13,10,10,10,10,4,18
3,1515,1514,1791058619912484,1791058619913894,1410,0,14,11,11,11,11,8,36
3,1516,1515,1791058619962484,1791058619963960,1476,0,15,16,16,16,16,16,73
3,1517,1516,1791058620012484,1791058620014148,1664,0,16,13,13,13,11,6,30
3,1518,1517,1791058620062484,1791058620063393,909,0,17,11,11,11,9,4,17
3,1519,1518,1791058620112484,1791058620114115,1631,0,18,7,7,7,7,6,30
3,1520,1519,1791058620162484,1791058620163829,1345,0,19,10,10,10,10,8,33
3,1521,1520,1791058620212484,1791058620214054,1570,0,0,7,7,7,6,4,14
3,1522,1521,1791058620262484,1791058620264270,1786,0,1,13,13,13,12,8,40
3,1523,1522,1791058620312484,1791058620313436,952,0,2,8,8,8,8,6,30
3,1524,1523,1791058620362484,1791058620363776,1292,0,3,8,8,8,8,8,37
3,1525,1524,1791058620412484,1791058620413834,1350,0,4,9,9,9,9,8,40
3,1526,1525,1791058620462484,1791058620464178,1694,0,5,9,9,9,7,6,25
3,1527,1526,1791058620512484,1791058620514374,1890,0,6,7,7,7,7,4,15
3,1528,1527,1791058620562484,1791058620563793,1309,0,7,11,11,11,11,8,33
3,1529,1528,1791058620612484,1791058620613510,1026,0,8,6,6,6,5,4,13
3,1530,1529,1791058620662484,1791058620663665,1181,0,9,12,12,12,11,11,49
3,1531,1530,1791058620712484,1791058620713618,1134,0,10,10,10,10,10,8,31
3,1532,1531,1791058620762484,1791058620763889,1405,0,11,12,12,12,12,11,45
3,1533,1532,1791058620812484,1791058620813367,883,0,12,10,10,10,9,6,30
3,1534,1533,1791058620862484,1791058620863321,837,0,13,10,10,10,9,2,10
3,1535,1534,1791058620912484,1791058620913347,863,0,14,11,11,11,11,8,36
3,1536,1535,1791058620962484,1791058620964056,1572,0,15,16,16,16,17,14,70
3,1537,1536,1791058621012484,1791058621013833,1349,0,16,13,13,13,12,8,33
3,1538,1537,1791058621062484,1791058621063626,1142,0,17,11,11,11,8,7,29
3,1539,1538,1791058621112484,1791058621113470,986,0,18,7,7,7,7,6,30
3,1540,1539,1791058621162484,1791058621163975,1491,0,19,10,10,10,8,4,18
3,1541,1540,1791058621212484,1791058621213890,1406,0,0,7,7,7,6,4,19
3,1542,1541,1791058621262484,1791058621263693,1209,0,1,13,13,13,11,10,50
3,1543,1542,1791058621312484,1791058621313532,1048,0,2,8,8,8,8,6,23
3,1544,1543,1791058621362484,1791058621364091,1607,0,3,8,8,8,7,4,16
3,1545,1544,1791058621412484,1791058621413897,1413,0,4,9,9,9,7,4,20
3,1546,1545,1791058621462484,1791058621464135,1651,0,5,9,9,9,8,6,30
3,1547,1546,1791058621512484,1791058621514169,1685,0,6,7,7,7,6,2,10
3,1548,1547,1791058621562484,1791058621564356,1872,0,7,11,11,11,11,9,40
3,1549,1548,1791058621612484,1791058621614190,1706,0,8,6,6,6,4,0,0
3,1550,1549,1791058621662484,1791058621664194,1710,0,9,12,12,12,11,6,23
3,1551,1550,1791058621712484,1791058621714022,1538,0,10,10,10,10,10,10,41
3,1552,1551,1791058621762484,1791058621764018,1534,0,11,12,12,12,12,11,50
3,1553,1552,1791058621812484,1791058621813909,1425,0,12,10,10,10,10,9,32
3,1554,1553,1791058621862484,1791058621863937,1453,0,13,10,10,10,8,4,20
3,1555,1554,1791058621912484,1791058621913812,1328,0,14,11,11,11,10,6,30
3,1556,1555,1791058621962484,1791058621963987,1503,0,15,16,16,16,16,16,80
3,1557,1556,1791058622012484,1791058622013707,1223,0,16,13,13,13,12,6,30
3,1558,1557,1791058622062484,1791058622064139,1655,0,17,11,11,11,10,9,39
3,1559,1558,1791058622112484,1791058622114191,1707,0,18,7,7,7,7,6,30
3,1560,1559,1791058622162484,1791058622164226,1742,0,19,10,10,10,10,4,15
3,1561,1560,1791058622212484,1791058622214066,1582,0,0,7,7,7,6,2,10
3,1562,1561,1791058622262484,1791058622263918,1434,0,1,13,13,13,11,10,50
3,1563,1562,1791058622312484,1791058622313797,1313,0,2,8,8,8,8,6,30
3,1564,1563,1791058622362484,1791058622363769,1285,0,3,8,8,8,8,8,35
3,1565,1564,1791058622412484,1791058622413762,1278,0,4,9,9,9,9,6,30
3,1566,1565,1791058622462484,1791058622463763,1279,0,5,9,9,9,9,9,33
3,1567,1566,1791058622512484,1791058622513792,1308,0,6,7,7,7,7,2,7
3,1568,1567,1791058622562484,1791058622563898,1414,0,7,11,11,11,12,8,40
3,1569,1568,1791058622612484,1791058622613734,1250,0,8,6,6,6,5,2,5
3,1570,1569,1791058622662484,1791058622663565,1081,0,9,12,12,12,12,8,34
3,1571,1570,1791058622712484,1791058622713720,1236,0,10,10,10,10,9,8,32
3,1572,1571,1791058622762484,1791058622763892,1408,0,11,12,12,12,12,12,51
3,1573,1572,1791058622812484,1791058622813874,1390,0,12,10,10,10,10,6,24
3,1574,1573,1791058622862484,1791058622864334,1850,0,13,10,10,10,8,4,20
3,1575,1574,1791058622912484,1791058622913539,1055,0,14,11,11,11,9,6,29
3,1576,1575,1791058622962484,1791058622963909,1425,0,15,16,16,16,15,14,69
3,1577,1576,1791058623012484,1791058623013766,1282,0,16,13,13,13,10,4,20
3,1578,1577,1791058623062484,1791058623063501,1017,0,17,11,11,11,10,4,20
3,1579,1578,1791058623112484,1791058623113878,1394,0,18,7,7,7,7,6,30
3,1580,1579,1791058623162484,1791058623164024,1540,0,19,10,10,10,10,5,20
3,1581,1580,1791058623212484,1791058623214318,1834,0,0,7,7,7,7,2,10
3,1582,1581,1791058623262484,1791058623263643,1159,0,1,13,13,13,12,12,54
3,1583,1582,1791058623312484,1791058623314076,1592,0,2,8,8,8,6,4,13
3,1584,1583,1791058623362484,1791058623363797,1313,0,3,8,8,8,8,4,20
3,1585,1584,1791058623412484,1791058623414001,1517,0,4,9,9,9,9,6,21
3,1586,1585,1791058623462484,1791058623464316,1832,0,5,9,9,9,9,8,40
3,1587,1586,1791058623512484,1791058623513680,1196,0,6,7,7,7,7,4,15
3,1588,1587,1791058623562484,1791058623564022,1538,0,7,11,11,11,12,11,43
3,1589,1588,1791058623612484,1791058623613559,1075,0,8,6,6,6,4,0,0
3,1590,1589,1791058623662484,1791058623663760,1276,0,9,12,12,12,10,4,20
3,1591,1590,1791058623712484,1791058623713696,1212,0,10,10,10,10,10,10,49
3,1592,1591,1791058623762484,1791058623763996,1512,0,11,12,12,12,13,12,53
3,1593,1592,1791058623812484,1791058623813792,1308,0,12,10,10,10,8,6,24
3,1594,1593,1791058623862484,1791058623863996,1512,0,13,10,10,10,8,4,20
3,1595,1594,1791058623912484,1791058623913385,901,0,14,11,11,11,10,6,30
3,1596,1595,1791058623962484,1791058623963804,1320,0,15,16,16,16,14,14,61
3,1597,1596,1791058624012484,1791058624013506,1022,0,16,13,13,13,10,6,28
3,1598,1597,1791058624062484,1791058624063448,964,0,17,11,11,11,10,6,15
3,1599,1598,1791058624112484,1791058624113441,957,0,18,7,7,7,6,6,30
3,1600,1599,1791058624162484,1791058624163884,1400,0,19,10,10,10,11,2,10
3,1601,1600,1791058624212484,1791058624213866,1382,0,0,7,7,7,5,2,10
3,1602,1601,1791058624262484,1791058624263367,883,0,1,13,13,13,12,8,40
3,1603,1602,1791058624312484,1791058624314199,1715,0,2,8,8,8,8,6,27
3,1604,1603,1791058624362484,1791058624363854,1370,0,3,8,8,8,9,7,24
3,1605,1604,1791058624412484,1791058624413602,1118,0,4,9,9,9,9,7,25
3,1606,1605,1791058624462484,1791058624463418,934,0,5,9,9,9,8,6,28
3,1607,1606,1791058624512484,1791058624514272,1788,0,6,7,7,7,6,2,10
3,1608,1607,1791058624562484,1791058624563964,1480,0,7,11,11,11,10,8,35
3,1609,1608,1791058624612484,1791058624613765,1281,0,8,6,6,6,5,2,3
3,1610,1609,1791058624662484,1791058624663717,1233,0,9,12,12,12,12,4,20
3,1611,1610,1791058624712484,1791058624713836,1352,0,10,10,10,10,10,10,43
3,1612,1611,1791058624762484,1791058624763759,1275,0,11,12,12,12,12,12,48
3,1613,1612,1791058624812484,1791058624813910,1426,0,12,10,10,10,9,6,30
3,1614,1613,1791058624862484,1791058624864304,1820,0,13,10,10,10,5,4,16
3,1615,1614,1791058624912484,1791058624914326,1842,0,14,11,11,11,7,4,20
3,1616,1615,1791058624962484,1791058624963843,1359,0,15,16,16,16,16,12,56
3,1617,1616,1791058625012484,1791058625013685,1201,0,16,13,13,13,11,6,30
3,1618,1617,1791058625062484,1791058625063699,1215,0,17,11,11,11,10,4,20
3,1619,1618,1791058625112484,1791058625113556,1072,0,18,7,7,7,7,6,30
3,1620,1619,1791058625162484,1791058625163938,1454,0,19,10,10,10,10,6,23
3,1621,1620,1791058625212484,1791058625213762,1278,0,0,7,7,7,7,4,15
3,1622,1621,1791058625262484,1791058625263980,1496,0,1,13,13,13,12,8,40
3,1623,1622,1791058625312484,1791058625313888,1404,0,2,8,8,8,8,6,25
3,1624,1623,1791058625362484,1791058625363931,1447,0,3,8,8,8,7,2,10
3,1625,1624,1791058625412484,1791058625414112,1628,0,4,9,9,9,8,4,20
3,1626,1625,1791058625462484,1791058625463481,997,0,5,9,9,9,8,6,30
3,1627,1626,1791058625512484,1791058625513579,1095,0,6,7,7,7,7,2,10
3,1628,1627,1791058625562484,1791058625563960,1476,0,7,11,11,11,10,8,36
3,1629,1628,1791058625612484,1791058625613738,1254,0,8,6,6,6,5,2,9
3,1630,1629,1791058625662484,1791058625663701,1217,0,9,12,12,12,10,4,20
3,1631,1630,1791058625712484,1791058625714064,1580,0,10,10,10,10,10,10,43
3,1632,1631,1791058625762484,1791058625763917,1433,0,11,12,12,12,12,10,42
3,1633,1632,1791058625812484,1791058625814245,1761,0,12,10,10,10,7,6,25
3,1634,1633,1791058625862484,1791058625863509,1025,0,13,10,10,10,10,8,37
3,1635,1634,1791058625912484,1791058625914288,1804,0,14,11,11,11,8,8,36
3,1636,1635,1791058625962484,1791058625963828,1344,0,15,16,16,16,16,13,58
3,1637,1636,1791058626012484,1791058626013754,1270,0,16,13,13,13,10,9,40
3,1638,1637,1791058626062484,1791058626063774,1290,0,17,11,11,11,10,7,26
3,1639,1638,1791058626112484,1791058626113715,1231,0,18,7,7,7,7,2,10
3,1640,1639,1791058626162484,1791058626164049,1565,0,19,10,10,10,10,4,15
3,1641,1640,1791058626212484,1791058626213846,1362,0,0,7,7,7,7,2,10
3,1642,1641,1791058626262484,1791058626263838,1354,0,1,13,13,13,12,10,50
3,1643,1642,1791058626312484,1791058626313880,1396,0,2,8,8,8,8,6,27
3,1644,1643,1791058626362484,1791058626363827,1343,0,3,8,8,8,9,7,25
3,1645,1644,1791058626412484,1791058626413590,1106,0,4,9,9,9,9,6,23
3,1646,1645,1791058626462484,1791058626463350,866,0,5,9,9,9,9,8,39
3,1647,1646,1791058626512484,1791058626514225,1741,0,6,7,7,7,7,4,16
3,1648,1647,1791058626562484,1791058626563996,1512,0,7,11,11,11,10,8,35
3,1649,1648,1791058626612484,1791058626613823,1339,0,8,6,6,6,4,2,10
3,1650,1649,1791058626662484,1791058626663599,1115,0,9,12,12,12,12,8,39
3,1651,1650,1791058626712484,1791058626713659,1175,0,10,10,10,10,10,10,42
3,1652,1651,1791058626762484,1791058626764022,1538,0,11,12,12,12,13,11,50
3,1653,1652,1791058626812484,1791058626814170,1686,0,12,10,10,10,9,6,23
3,1654,1653,1791058626862484,1791058626864096,1612,0,13,10,10,10,10,6,26
3,1655,1654,1791058626912484,1791058626913941,1457,0,14,11,11,11,10,8,36
3,1656,1655,1791058626962484,1791058626964012,1528,0,15,16,16,16,15,14,70
3,1657,1656,1791058627012484,1791058627014068,1584,0,16,13,13,13,11,6,30
3,1658,1657,1791058627062484,1791058627063591,1107,0,17,11,11,11,9,6,16
3,1659,1658,1791058627112484,1791058627113529,1045,0,18,7,7,7,7,6,27
3,1660,1659,1791058627162484,1791058627163910,1426,0,19,10,10,10,7,5,18
3,1661,1660,1791058627212484,1791058627213831,1347,0,0,7,7,7,6,2,10
3,1662,1661,1791058627262484,1791058627263704,1220,0,1,13,13,13,13,10,50
3,1663,1662,1791058627312484,1791058627313806,1322,0,2,8,8,8,7,4,20
3,1664,1663,1791058627362484,1791058627363803,1319,0,3,8,8,8,9,4,20
3,1665,1664,1791058627412484,1791058627413691,1207,0,4,9,9,9,7,6,27
3,1666,1665,1791058627462484,1791058627463532,1048,0,5,9,9,9,8,6,24
3,1667,1666,1791058627512484,1791058627513496,1012,0,6,7,7,7,6,4,20
3,1668,1667,1791058627562484,1791058627563895,1411,0,7,11,11,11,10,8,31
3,1669,1668,1791058627612484,1791058627613574,1090,0,8,6,6,6,5,2,10
3,1670,1669,1791058627662484,1791058627664357,1873,0,9,12,12,12,12,8,34
3,1671,1670,1791058627712484,1791058627714332,1848,0,10,10,10,10,10,10,46
3,1672,1671,1791058627762484,1791058627763960,1476,0,11,12,12,12,13,10,50
3,1673,1672,1791058627812484,1791058627813832,1348,0,12,10,10,10,9,6,25
3,1674,1673,1791058627862484,1791058627864012,1528,0,13,10,10,10,9,4,18
3,1675,1674,1791058627912484,1791058627913977,1493,0,14,11,11,11,10,6,27
3,1676,1675,1791058627962484,1791058627963764,1280,0,15,16,16,16,14,12,60
3,1677,1676,1791058628012484,1791058628013481,997,0,16,13,13,13,13,6,30
3,1678,1677,1791058628062484,1791058628063315,831,0,17,11,11,11,10,6,28
3,1679,1678,1791058628112484,1791058628114175,1691,0,18,7,7,7,7,6,30
3,1680,1679,1791058628162484,1791058628163850,1366,0,19,10,10,10,10,6,25
3,1681,1680,1791058628212484,1791058628213703,1219,0,0,7,7,7,7,2,10
3,1682,1681,1791058628262484,1791058628263666,1182,0,1,13,13,13,11,10,50
3,1683,1682,1791058628312484,1791058628313754,1270,0,2,8,8,8,8,6,30
3,1684,1683,1791058628362484,1791058628363958,1474,0,3,8,8,8,8,8,34
3,1685,1684,1791058628412484,1791058628413904,1420,0,4,9,9,9,8,8,39
3,1686,1685,1791058628462484,1791058628463750,1266,0,5,9,9,9,7,6,23
3,1687,1686,1791058628512484,1791058628513570,1086,0,6,7,7,7,7,4,15
3,1688,1687,1791058628562484,1791058628563831,1347,0,7,11,11,11,12,8,35
3,1689,1688,1791058628612484,1791058628613657,1173,0,8,6,6,6,5,2,7
3,1690,1689,1791058628662484,1791058628663495,1011,0,9,12,12,12,11,6,24
3,1691,1690,1791058628712484,1791058628713457,973,0,10,10,10,10,9,8,33
3,1692,1691,1791058628762484,1791058628763851,1367,0,11,12,12,12,13,13,57
3,1693,1692,1791058628812484,1791058628813749,1265,0,12,10,10,10,9,4,20
3,1694,1693,1791058628862484,1791058628863361,877,0,13,10,10,10,8,4,17
3,1695,1694,1791058628912484,1791058628913383,899,0,14,11,11,11,10,6,30
3,1696,1695,1791058628962484,1791058628964076,1592,0,15,16,16,16,16,16,77
3,1697,1696,1791058629012484,1791058629014104,1620,0,16,13,13,13,12,8,37
3,1698,1697,1791058629062484,1791058629063789,1305,0,17,11,11,11,11,11,50
3,1699,1698,1791058629112484,1791058629113677,1193,0,18,7,7,7,6,4,20
3,1700,1699,1791058629162484,1791058629163840,1356,0,19,10,10,10,10,9,29
3,1701,1700,1791058629212484,1791058629213736,1252,0,0,7,7,7,7,6,30
3,1702,1701,1791058629262484,1791058629263830,1346,0,1,13,13,13,13,9,39
3,1703,1702,1791058629312484,1791058629313804,1320,0,2,8,8,8,8,6,30
3,1704,1703,1791058629362484,1791058629364017,1533,0,3,8,8,8,8,7,30
3,1705,1704,1791058629412484,1791058629413851,1367,0,4,9,9,9,9,8,40
3,1706,1705,1791058629462484,1791058629463967,1483,0,5,9,9,9,9,4,20
3,1707,1706,1791058629512484,1791058629513884,1400,0,6,7,7,7,6,4,20
3,1708,1707,1791058629562484,1791058629563802,1318,0,7,11,11,11,10,10,40
3,1709,1708,1791058629612484,1791058629613753,1269,0,8,6,6,6,3,0,0
3,1710,1709,1791058629662484,1791058629663737,1253,0,9,12,12,12,11,4,20
3,1711,1710,1791058629712484,1791058629713747,1263,0,10,10,10,10,9,8,33
3,1712,1711,1791058629762484,1791058629763855,1371,0,11,12,12,12,11,10,49
3,1713,1712,1791058629812484,1791058629813570,1086,0,12,10,10,10,7,6,27
3,1714,1713,1791058629862484,1791058629863632,1148,0,13,10,10,10,8,4,20
3,1715,1714,1791058629912484,1791058629913588,1104,0,14,11,11,11,10,6,30
3,1716,1715,1791058629962484,1791058629964064,1580,0,15,16,16,16,17,17,75
3,1717,1716,1791058630012484,1791058630013949,1465,0,16,13,13,13,12,8,31
3,1718,1717,1791058630062484,1791058630063729,1245,0,17,11,11,11,10,5,20
3,1719,1718,1791058630112484,1791058630114263,1779,0,18,7,7,7,7,6,28
3,1720,1719,1791058630162484,1791058630164146,1662,0,19,10,10,10,10,8,33
3,1721,1720,1791058630212484,1791058630213891,1407,0,0,7,7,7,7,4,15
3,1722,1721,1791058630262484,1791058630264001,1517,0,1,13,13,13,12,10,47
3,1723,1722,1791058630312484,1791058630314047,1563,0,2,8,8,8,7,4,20
3,1724,1723,1791058630362484,1791058630363826,1342,0,3,8,8,8,9,7,29
3,1725,1724,1791058630412484,1791058630413508,1024,0,4,9,9,9,7,6,30
3,1726,1725,1791058630462484,1791058630463513,1029,0,5,9,9,9,8,6,27
3,1727,1726,1791058630512484,1791058630513757,1273,0,6,7,7,7,7,4,18
3,1728,1727,1791058630562484,1791058630563942,1458,0,7,11,11,11,11,8,40
3,1729,1728,1791058630612484,1791058630613739,1255,0,8,6,6,6,6,4,15
3,1730,1729,1791058630662484,1791058630663519,1035,0,9,12,12,12,12,12,50
3,1731,1730,1791058630712484,1791058630713311,827,0,10,10,10,10,9,9,40
3,1732,1731,1791058630762484,1791058630763733,1249,0,11,12,12,12,12,10,41
3,1733,1732,1791058630812484,1791058630813828,1344,0,12,10,10,10,9,8,37
3,1734,1733,1791058630862484,1791058630863703,1219,0,13,10,10,10,9,4,18
3,1735,1734,1791058630912484,1791058630913328,844,0,14,11,11,11,11,8,33
3,1736,1735,1791058630962484,1791058630963827,1343,0,15,16,16,16,15,14,68
3,1737,1736,1791058631012484,1791058631013785,1301,0,16,13,13,13,10,8,38
3,1738,1737,1791058631062484,1791058631064121,1637,0,17,11,11,11,10,8,35
3,1739,1738,1791058631112484,1791058631113361,877,0,18,7,7,7,7,6,30
3,1740,1739,1791058631162484,1791058631163731,1247,0,19,10,10,10,10,7,28
3,1741,1740,1791058631212484,1791058631213506,1022,0,0,7,7,7,7,4,15
3,1742,1741,1791058631262484,1791058631263415,931,0,1,13,13,13,11,8,40
3,1743,1742,1791058631312484,1791058631314353,1869,0,2,8,8,8,8,6,30
3,1744,1743,1791058631362484,1791058631363831,1347,0,3,8,8,8,9,6,27
3,1745,1744,1791058631412484,1791058631413553,1069,0,4,9,9,9,9,6,26
3,1746,1745,1791058631462484,1791058631463474,990,0,5,9,9,9,8,6,30
3,1747,1746,1791058631512484,1791058631513321,837,0,6,7,7,7,7,4,14
3,1748,1747,1791058631562484,1791058631564034,1550,0,7,11,11,11,12,9,35
3,1749,1748,1791058631612484,1791058631614090,1606,0,8,6,6,6,4,2,10
3,1750,1749,1791058631662484,1791058631664268,1784,0,9,12,12,12,10,8,40
3,1751,1750,1791058631712484,1791058631714278,1794,0,10,10,10,10,7,6,30
3,1752,1751,1791058631762484,1791058631763829,1345,0,11,12,12,12,11,10,50
3,1753,1752,1791058631812484,1791058631813372,888,0,12,10,10,10,9,6,23
3,1754,1753,1791058631862484,1791058631864301,1817,0,13,10,10,10,10,5,19
3,1755,1754,1791058631912484,1791058631913352,868,0,14,11,11,11,11,8,36
3,1756,1755,1791058631962484,1791058631964057,1573,0,15,16,16,16,16,16,69
3,1757,1756,1791058632012484,1791058632013868,1384,0,16,13,13,13,13,8,34
3,1758,1757,1791058632062484,1791058632063888,1404,0,17,11,11,11,10,9,39
3,1759,1758,1791058632112484,1791058632113614,1130,0,18,7,7,7,7,6,26
3,1760,1759,1791058632162484,1791058632164035,1551,0,19,10,10,10,9,5,18
3,1761,1760,1791058632212484,1791058632213770,1286,0,0,7,7,7,6,2,10
3,1762,1761,1791058632262484,1791058632263624,1140,0,1,13,13,13,13,10,50
3,1763,1762,1791058632312484,1791058632313450,966,0,2,8,8,8,8,6,30
3,1764,1763,1791058632362484,1791058632363890,1406,0,3,8,8,8,7,6,29
3,1765,1764,1791058632412484,1791058632413371,887,0,4,9,9,9,8,8,40
3,1766,1765,1791058632462484,1791058632464145,1661,0,5,9,9,9,9,6,30
3,1767,1766,1791058632512484,1791058632514181,1697,0,6,7,7,7,6,4,17
3,1768,1767,1791058632562484,1791058632563933,1449,0,7,11,11,11,12,8,40
3,1769,1768,1791058632612484,1791058632613492,1008,0,8,6,6,6,5,0,0
3,1770,1769,1791058632662484,1791058632664261,1777,0,9,12,12,12,12,6,23
3,1771,1770,1791058632712484,1791058632713344,860,0,10,10,10,10,10,10,46
3,1772,1771,1791058632762484,1791058632763859,1375,0,11,12,12,12,11,9,40
3,1773,1772,1791058632812484,1791058632813838,1354,0,12,10,10,10,8,7,29
3,1774,1773,1791058632862484,1791058632863834,1350,0,13,10,10,10,10,10,44
3,1775,1774,1791058632912484,1791058632913619,1135,0,14,11,11,11,10,7,25
3,1776,1775,1791058632962484,1791058632963830,1346,0,15,16,16,16,15,7,27
3,1777,1776,1791058633012484,1791058633014152,1668,0,16,13,13,13,13,10,43
3,1778,1777,1791058633062484,1791058633063686,1202,0,17,11,11,11,11,6,27
3,1779,1778,1791058633112484,1791058633113958,1474,0,18,7,7,7,7,2,10
3,1780,1779,1791058633162484,1791058633163984,1500,0,19,10,10,10,10,6,21
3,1781,1780,1791058633212484,1791058633213882,1398,0,0,7,7,7,6,2,10
3,1782,1781,1791058633262484,1791058633263889,1405,0,1,13,13,13,13,10,50
3,1783,1782,1791058633312484,1791058633313623,1139,0,2,8,8,8,8,6,30
3,1784,1783,1791058633362484,1791058633363995,1511,0,3,8,8,8,8,6,28
3,1785,1784,1791058633412484,1791058633413668,1184,0,4,9,9,9,9,8,40
3,1786,1785,1791058633462484,1791058633463534,1050,0,5,9,9,9,8,8,32
3,1787,1786,1791058633512484,1791058633514364,1880,0,6,7,7,7,7,2,6
3,1788,1787,1791058633562484,1791058633563957,1473,0,7,11,11,11,12,9,34
3,1789,1788,1791058633612484,1791058633613865,1381,0,8,6,6,6,6,4,20
3,1790,1789,1791058633662484,1791058633663954,1470,0,9,12,12,12,11,10,45
3,1791,1790,1791058633712484,1791058633714221,1737,0,10,10,10,10,8,6,30
3,1792,1791,1791058633762484,1791058633763964,1480,0,11,12,12,12,12,10,45
3,1793,1792,1791058633812484,1791058633813885,1401,0,12,10,10,10,10,6,30
3,1794,1793,1791058633862484,1791058633863980,1496,0,13,10,10,10,8,5,19
3,1795,1794,1791058633912484,1791058633914131,1647,0,14,11,11,11,9,6,29
3,1796,1795,1791058633962484,1791058633964101,1617,0,15,16,16,16,16,16,70
3,1797,1796,1791058634012484,1791058634014047,1563,0,16,13,13,13,11,9,31
3,1798,1797,1791058634062484,1791058634063781,1297,0,17,11,11,11,9,8,35
3,1799,1798,1791058634112484,1791058634113352,868,0,18,7,7,7,7,4,20
3,1800,1799,1791058634162484,1791058634164048,1564,0,19,10,10,10,11,6,26
3,1801,1800,1791058634212484,1791058634213980,1496,0,0,7,7,7,6,4,20
3,1802,1801,1791058634262484,1791058634263834,1350,0,1,13,13,13,13,11,50
3,1803,1802,1791058634312484,1791058634313876,1392,0,2,8,8,8,8,6,30
3,1804,1803,1791058634362484,1791058634363979,1495,0,3,8,8,8,7,6,29
3,1805,1804,1791058634412484,1791058634413807,1323,0,4,9,9,9,8,6,30
3,1806,1805,1791058634462484,1791058634463693,1209,0,5,9,9,9,8,6,28
3,1807,1806,1791058634512484,1791058634514364,1880,0,6,7,7,7,6,4,13
3,1808,1807,1791058634562484,1791058634563826,1342,0,7,11,11,11,12,8,40
3,1809,1808,1791058634612484,1791058634613960,1476,0,8,6,6,6,6,2,10
3,1810,1809,1791058634662484,1791058634664171,1687,0,9,12,12,12,11,6,25
3,1811,1810,1791058634712484,1791058634713707,1223,0,10,10,10,10,10,10,49
3,1812,1811,1791058634762484,1791058634764004,1520,0,11,12,12,12,12,10,42
3,1813,1812,1791058634812484,1791058634813384,900,0,12,10,10,10,9,7,30
3,1814,1813,1791058634862484,1791058634863507,1023,0,13,10,10,10,8,4,20
3,1815,1814,1791058634912484,1791058634913658,1174,0,14,11,11,11,10,6,27
3,1816,1815,1791058634962484,1791058634964015,1531,0,15,16,16,16,15,14,67
3,1817,1816,1791058635012484,1791058635013447,963,0,16,13,13,13,11,6,30
3,1818,1817,1791058635062484,1791058635063943,1459,0,17,11,11,11,10,7,29
3,1819,1818,1791058635112484,1791058635114274,1790,0,18,7,7,7,6,4,20
3,1820,1819,1791058635162484,1791058635164032,1548,0,19,10,10,10,10,8,29
3,1821,1820,1791058635212484,1791058635214123,1639,0,0,7,7,7,5,2,10
3,1822,1821,1791058635262484,1791058635263984,1500,0,1,13,13,13,11,8,40
3,1823,1822,1791058635312484,1791058635314021,1537,0,2,8,8,8,8,6,30
3,1824,1823,1791058635362484,1791058635364047,1563,0,3,8,8,8,7,6,28
3,1825,1824,1791058635412484,1791058635413595,1111,0,4,9,9,9,9,8,35
3,1826,1825,1791058635462484,1791058635463437,953,0,5,9,9,9,5,4,14
3,1827,1826,1791058635512484,1791058635514335,1851,0,6,7,7,7,5,2,10
3,1828,1827,1791058635562484,1791058635563979,1495,0,7,11,11,11,10,8,33
3,1829,1828,1791058635612484,1791058635613864,1380,0,8,6,6,6,6,4,14
3,1830,1829,1791058635662484,1791058635663515,1031,0,9,12,12,12,11,4,20
3,1831,1830,1791058635712484,1791058635713450,966,0,10,10,10,10,9,8,37
3,1832,1831,1791058635762484,1791058635764047,1563,0,11,12,12,12,11,8,40
3,1833,1832,1791058635812484,1791058635813841,1357,0,12,10,10,10,10,6,30
3,1834,1833,1791058635862484,1791058635864005,1521,0,13,10,10,10,10,7,28
3,1835,1834,1791058635912484,1791058635913452,968,0,14,11,11,11,10,4,20
3,1836,1835,1791058635962484,1791058635963764,1280,0,15,16,16,16,16,16,74
3,1837,1836,1791058636012484,1791058636013657,1173,0,16,13,13,13,11,8,31
3,1838,1837,1791058636062484,1791058636063533,1049,0,17,11,11,11,10,6,19
3,1839,1838,1791058636112484,1791058636114273,1789,0,18,7,7,7,7,6,30
3,1840,1839,1791058636162484,1791058636164008,1524,0,19,10,10,10,10,6,28
3,1841,1840,1791058636212484,1791058636213843,1359,0,0,7,7,7,6,4,15
3,1842,1841,1791058636262484,1791058636263944,1460,0,1,13,13,13,12,12,54
3,1843,1842,1791058636312484,1791058636313945,1461,0,2,8,8,8,8,6,23
3,1844,1843,1791058636362484,1791058636364005,1521,0,3,8,8,8,8,5,20
3,1845,1844,1791058636412484,1791058636413774,1290,0,4,9,9,9,8,6,29
3,1846,1845,1791058636462484,1791058636464302,1818,0,5,9,9,9,8,4,20
3,1847,1846,1791058636512484,1791058636514087,1603,0,6,7,7,7,6,2,10
3,1848,1847,1791058636562484,1791058636563814,1330,0,7,11,11,11,11,8,40
3,1849,1848,1791058636612484,1791058636613699,1215,0,8,6,6,6,5,4,13
3,1850,1849,1791058636662484,1791058636663763,1279,0,9,12,12,12,10,4,15
3,1851,1850,1791058636712484,1791058636713713,1229,0,10,10,10,10,9,8,36
3,1852,1851,1791058636762484,1791058636764026,1542,0,11,12,12,12,11,9,37
3,1853,1852,1791058636812484,1791058636814042,1558,0,12,10,10,10,10,6,22
3,1854,1853,1791058636862484,1791058636863890,1406,0,13,10,10,10,10,9,40
3,1855,1854,1791058636912484,1791058636913772,1288,0,14,11,11,11,8,3,10
3,1856,1855,1791058636962484,1791058636963963,1479,0,15,16,16,16,16,15,69
3,1857,1856,1791058637012484,1791058637013838,1354,0,16,13,13,13,13,6,20
3,1858,1857,1791058637062484,1791058637064033,1549,0,17,11,11,11,9,2,10
3,1859,1858,1791058637112484,1791058637113826,1342,0,18,7,7,7,7,6,30
3,1860,1859,1791058637162484,1791058637163946,1462,0,19,10,10,10,10,5,13
3,1861,1860,1791058637212484,1791058637213662,1178,0,0,7,7,7,6,4,20
3,1862,1861,1791058637262484,1791058637263593,1109,0,1,13,13,13,11,8,38
3,1863,1862,1791058637312484,1791058637313536,1052,0,2,8,8,8,8,6,30
3,1864,1863,1791058637362484,1791058637363862,1378,0,3,8,8,8,8,4,20
3,1865,1864,1791058637412484,1791058637413337,853,0,4,9,9,9,9,4,12
3,1866,1865,1791058637462484,1791058637464215,1731,0,5,9,9,9,9,8,31
3,1867,1866,1791058637512484,1791058637514173,1689,0,6,7,7,7,5,5,20
3,1868,1867,1791058637562484,1791058637564034,1550,0,7,11,11,11,12,11,40
3,1869,1868,1791058637612484,1791058637613781,1297,0,8,6,6,6,5,0,0
3,1870,1869,1791058637662484,1791058637663698,1214,0,9,12,12,12,12,4,20
3,1871,1870,1791058637712484,1791058637713535,1051,0,10,10,10,10,9,8,39
3,1872,1871,1791058637762484,1791058637764017,1533,0,11,12,12,12,11,10,45
3,1873,1872,1791058637812484,1791058637813993,1509,0,12,10,10,10,8,6,25
3,1874,1873,1791058637862484,1791058637863984,1500,0,13,10,10,10,10,8,32
3,1875,1874,1791058637912484,1791058637913843,1359,0,14,11,11,11,11,6,30
3,1876,1875,1791058637962484,1791058637963937,1453,0,15,16,16,16,15,14,61
3,1877,1876,1791058638012484,1791058638013737,1253,0,16,13,13,13,11,4,20
3,1878,1877,1791058638062484,1791058638063528,1044,0,17,11,11,11,11,4,15
3,1879,1878,1791058638112484,1791058638114280,1796,0,18,7,7,7,7,6,24
3,1880,1879,1791058638162484,1791058638163946,1462,0,19,10,10,10,9,6,25
3,1881,1880,1791058638212484,1791058638213719,1235,0,0,7,7,7,6,2,6
3,1882,1881,1791058638262484,1791058638263718,1234,0,1,13,13,13,13,12,60
3,1883,1882,1791058638312484,1791058638313605,1121,0,2,8,8,8,5,5,11
3,1884,1883,1791058638362484,1791058638364016,1532,0,3,8,8,8,8,8,23
3,1885,1884,1791058638412484,1791058638413730,1246,0,4,9,9,9,8,6,24
3,1886,1885,1791058638462484,1791058638463569,1085,0,5,9,9,9,8,8,34
3,1887,1886,1791058638512484,1791058638513436,952,0,6,7,7,7,6,2,7
3,1888,1887,1791058638562484,1791058638563788,1304,0,7,11,11,11,10,8,40
3,1889,1888,1791058638612484,1791058638613580,1096,0,8,6,6,6,6,2,10
3,1890,1889,1791058638662484,1791058638664241,1757,0,9,12,12,12,12,4,20
3,1891,1890,1791058638712484,1791058638713328,844,0,10,10,10,10,9,8,40
3,1892,1891,1791058638762484,1791058638763815,1331,0,11,12,12,12,11,10,36
3,1893,1892,1791058638812484,1791058638813466,982,0,12,10,10,10,9,6,20
3,1894,1893,1791058638862484,1791058638863480,996,0,13,10,10,10,10,8,39
3,1895,1894,1791058638912484,1791058638913460,976,0,14,11,11,11,8,2,10
3,1896,1895,1791058638962484,1791058638963745,1261,0,15,16,16,16,16,16,75
3,1897,1896,1791058639012484,1791058639013334,850,0,16,13,13,13,9,4,18
3,1898,1897,1791058639062484,1791058639064295,1811,0,17,11,11,11,10,2,10
3,1899,1898,1791058639112484,1791058639114164,1680,0,18,7,7,7,7,7,30
3,1900,1899,1791058639162484,1791058639163786,1302,0,19,10,10,10,10,4,7
3,1901,1900,1791058639212484,1791058639213535,1051,0,0,7,7,7,6,6,23
3,1902,1901,1791058639262484,1791058639263647,1163,0,1,13,13,13,13,9,35
3,1903,1902,1791058639312484,1791058639313835,1351,0,2,8,8,8,7,4,20
3,1904,1903,1791058639362484,1791058639363962,1478,0,3,8,8,8,7,6,24
3,1905,1904,1791058639412484,1791058639414057,1573,0,4,9,9,9,9,6,22
3,1906,1905,1791058639462484,1791058639464203,1719,0,5,9,9,9,9,8,37
3,1907,1906,1791058639512484,1791058639514159,1675,0,6,7,7,7,7,3,10
3,1908,1907,1791058639562484,1791058639563892,1408,0,7,11,11,11,11,9,40
3,1909,1908,1791058639612484,1791058639613657,1173,0,8,6,6,6,4,4,8
3,1910,1909,1791058639662484,1791058639663460,976,0,9,12,12,12,9,2,3
3,1911,1910,1791058639712484,1791058639713314,830,0,10,10,10,10,10,8,40
3,1912,1911,1791058639762484,1791058639763970,1486,0,11,12,12,12,11,8,33
3,1913,1912,1791058639812484,1791058639813762,1278,0,12,10,10,10,10,4,15
3,1914,1913,1791058639862484,1791058639863994,1510,0,13,10,10,10,10,8,39
3,1915,1914,1791058639912484,1791058639913914,1430,0,14,11,11,11,8,4,14
3,1916,1915,1791058639962484,1791058639964093,1609,0,15,16,16,16,17,15,63
3,1917,1916,1791058640012484,1791058640013991,1507,0,16,13,13,13,12,11,35
3,1918,1917,1791058640062484,1791058640063817,1333,0,17,11,11,11,9,5,16
3,1919,1918,1791058640112484,1791058640113705,1221,0,18,7,7,7,6,4,18
3,1920,1919,1791058640162484,1791058640163973,1489,0,19,10,10,10,9,5,20
3,1921,1920,1791058640212484,1791058640213683,1199,0,0,7,7,7,5,4,17
3,1922,1921,1791058640262484,1791058640263720,1236,0,1,13,13,13,13,13,49
3,1923,1922,1791058640312484,1791058640314322,1838,0,2,8,8,8,5,3,9
3,1924,1923,1791058640362484,1791058640363843,1359,0,3,8,8,8,7,7,27
3,1925,1924,1791058640412484,1791058640413571,1087,0,4,9,9,9,6,6,23
3,1926,1925,1791058640462484,1791058640464174,1690,0,5,9,9,9,8,6,28
3,1927,1926,1791058640512484,1791058640514195,1711,0,6,7,7,7,4,2,10
3,1928,1927,1791058640562484,1791058640563997,1513,0,7,11,11,11,11,10,41
3,1929,1928,1791058640612484,1791058640614117,1633,0,8,6,6,6,4,0,0
3,1930,1929,1791058640662484,1791058640664176,1692,0,9,12,12,12,12,4,20
3,1931,1930,1791058640712484,1791058640714082,1598,0,10,10,10,10,10,8,40
3,1932,1931,1791058640762484,1791058640764034,1550,0,11,12,12,12,13,8,34
3,1933,1932,1791058640812484,1791058640814231,1747,0,12,10,10,10,10,5,17
3,1934,1933,1791058640862484,1791058640864177,1693,0,13,10,10,10,9,6,30
3,1935,1934,1791058640912484,1791058640914149,1665,0,14,11,11,11,10,6,21
3,1936,1935,1791058640962484,1791058640964131,1647,0,15,16,16,16,16,14,68
3,1937,1936,1791058641012484,1791058641013968,1484,0,16,13,13,13,7,4,14
3,1938,1937,1791058641062484,1791058641063872,1388,0,17,11,11,11,11,5,18
3,1939,1938,1791058641112484,1791058641113954,1470,0,18,7,7,7,7,7,30
3,1940,1939,1791058641162484,1791058641163789,1305,0,19,10,10,10,8,5,16
3,1941,1940,1791058641212484,1791058641213304,820,0,0,7,7,7,4,4,13
3,1942,1941,1791058641262484,1791058641264128,1644,0,1,13,13,13,12,8,20
3,1943,1942,1791058641312484,1791058641313312,828,0,2,8,8,8,7,6,25
3,1944,1943,1791058641362484,1791058641363845,1361,0,3,8,8,8,9,6,24
3,1945,1944,1791058641412484,1791058641413605,1121,0,4,9,9,9,6,4,20
3,1946,1945,1791058641462484,1791058641464362,1878,0,5,9,9,9,9,6,30
3,1947,1946,1791058641512484,1791058641514108,1624,0,6,7,7,7,7,2,10
3,1948,1947,1791058641562484,1791058641563798,1314,0,7,11,11,11,10,8,40
3,1949,1948,1791058641612484,1791058641613854,1370,0,8,6,6,6,6,5,19
3,1950,1949,1791058641662484,1791058641663657,1173,0,9,12,12,12,9,7,29
3,1951,1950,1791058641712484,1791058641713617,1133,0,10,10,10,10,10,8,36
3,1952,1951,1791058641762484,1791058641763983,1499,0,11,12,12,12,11,8,30
3,1953,1952,1791058641812484,1791058641813836,1352,0,12,10,10,10,10,4,20
3,1954,1953,1791058641862484,1791058641863732,1248,0,13,10,10,10,9,8,37
3,1955,1954,1791058641912484,1791058641913838,1354,0,14,11,11,11,9,7,28
3,1956,1955,1791058641962484,1791058641964042,1558,0,15,16,16,16,12,12,50
3,1957,1956,1791058642012484,1791058642013797,1313,0,16,13,13,13,10,6,21
3,1958,1957,1791058642062484,1791058642063907,1423,0,17,11,11,11,11,4,15
3,1959,1958,1791058642112484,1791058642113782,1298,0,18,7,7,7,7,6,28
3,1960,1959,1791058642162484,1791058642164039,1555,0,19,10,10,10,7,5,17
3,1961,1960,1791058642212484,1791058642213760,1276,0,0,7,7,7,7,6,24
3,1962,1961,1791058642262484,1791058642263711,1227,0,1,13,13,13,12,12,52
3,1963,1962,1791058642312484,1791058642313710,1226,0,2,8,8,8,6,2,2
3,1964,1963,1791058642362484,1791058642363948,1464,0,3,8,8,8,7,6,30
3,1965,1964,1791058642412484,1791058642414006,1522,0,4,9,9,9,8,7,24
3,1966,1965,1791058642462484,1791058642464143,1659,0,5,9,9,9,5,3,6
3,1967,1966,1791058642512484,1791058642513975,1491,0,6,7,7,7,7,2,10
3,1968,1967,1791058642562484,1791058642563790,1306,0,7,11,11,11,12,12,51
3,1969,1968,1791058642612484,1791058642613508,1024,0,8,6,6,6,4,3,8
3,1970,1969,1791058642662484,1791058642664268,1784,0,9,12,12,12,9,4,14
3,1971,1970,1791058642712484,1791058642714217,1733,0,10,10,10,10,10,10,48
3,1972,1971,1791058642762484,1791058642763887,1403,0,11,12,12,12,11,7,23
3,1973,1972,1791058642812484,1791058642813941,1457,0,12,10,10,10,9,4,15
3,1974,1973,1791058642862484,1791058642863859,1375,0,13,10,10,10,10,10,47
3,1975,1974,1791058642912484,1791058642913767,1283,0,14,11,11,11,8,7,19
3,1976,1975,1791058642962484,1791058642964061,1577,0,15,16,16,16,13,10,38
3,1977,1976,1791058643012484,1791058643013944,1460,0,16,13,13,13,9,5,13
3,1978,1977,1791058643062484,1791058643063545,1061,0,17,11,11,11,11,2,10
3,1979,1978,1791058643112484,1791058643113462,978,0,18,7,7,7,7,4,20
3,1980,1979,1791058643162484,1791058643164013,1529,0,19,10,10,10,9,4,14
3,1981,1980,1791058643212484,1791058643213972,1488,0,0,7,7,7,6,4,14
3,1982,1981,1791058643262484,1791058643263982,1498,0,1,13,13,13,12,10,50
3,1983,1982,1791058643312484,1791058643314091,1607,0,2,8,8,8,8,6,30
3,1984,1983,1791058643362484,1791058643363985,1501,0,3,8,8,8,9,7,23
3,1985,1984,1791058643412484,1791058643413761,1277,0,4,9,9,9,8,6,24
3,1986,1985,1791058643462484,1791058643463462,978,0,5,9,9,9,9,6,30
3,1987,1986,1791058643512484,1791058643513386,902,0,6,7,7,7,6,4,14
3,1988,1987,1791058643562484,1791058643563744,1260,0,7,11,11,11,11,6,27
3,1989,1988,1791058643612484,1791058643613480,996,0,8,6,6,6,5,2,10
3,1990,1989,1791058643662484,1791058643664273,1789,0,9,12,12,12,10,4,20
3,1991,1990,1791058643712484,1791058643714210,1726,0,10,10,10,10,10,10,47
3,1992,1991,1791058643762484,1791058643763813,1329,0,11,12,12,12,12,7,30
3,1993,1992,1791058643812484,1791058643813703,1219,0,12,10,10,10,9,4,20
3,1994,1993,1791058643862484,1791058643863493,1009,0,13,10,10,10,9,8,40
3,1995,1994,1791058643912484,1791058643913447,963,0,14,11,11,11,11,4,14
3,1996,1995,1791058643962484,1791058643963790,1306,0,15,16,16,16,14,12,57
3,1997,1996,1791058644012484,1791058644013784,1300,0,16,13,13,13,10,6,13
3,1998,1997,1791058644062484,1791058644063903,1419,0,17,11,11,11,11,2,10
3,1999,1998,1791058644112484,1791058644114050,1566,0,18,7,7,7,6,6,22
3,2000,1999,1791058644162484,1791058644163846,1362,0,19,10,10,10,10,9,31
3,2001,2000,1791058644212484,1791058644213728,1244,0,0,7,7,7,4,2,6
3,2002,2001,1791058644262484,1791058644263341,857,0,1,13,13,13,13,12,60
3,2003,2002,1791058644312484,1791058644314327,1843,0,2,8,8,8,7,2,5
3,2004,2003,1791058644362484,1791058644363991,1507,0,3,8,8,8,7,6,30
3,2005,2004,1791058644412484,1791058644413839,1355,0,4,9,9,9,7,6,21
3,2006,2005,1791058644462484,1791058644463799,1315,0,5,9,9,9,8,5,18
3,2007,2006,1791058644512484,1791058644513762,1278,0,6,7,7,7,6,4,13
3,2008,2007,1791058644562484,1791058644563780,1296,0,7,11,11,11,11,11,50
3,2009,2008,1791058644612484,1791058644613544,1060,0,8,6,6,6,5,5,13
3,2010,2009,1791058644662484,1791058644663310,826,0,9,12,12,12,8,6,23
3,2011,2010,1791058644712484,1791058644714158,1674,0,10,10,10,10,10,8,31
3,2012,2011,1791058644762484,1791058644763971,1487,0,11,12,12,12,11,10,47
3,2013,2012,1791058644812484,1791058644813751,1267,0,12,10,10,10,7,5,14
3,2014,2013,1791058644862484,1791058644863943,1459,0,13,10,10,10,9,4,20
3,2015,2014,1791058644912484,1791058644913967,1483,0,14,11,11,11,11,8,37
3,2016,2015,1791058644962484,1791058644964076,1592,0,15,16,16,16,16,13,56
3,2017,2016,1791058645012484,1791058645013975,1491,0,16,13,13,13,13,5,15
3,2018,2017,1791058645062484,1791058645063748,1264,0,17,11,11,11,11,6,21
3,2019,2018,1791058645112484,1791058645113341,857,0,18,7,7,7,6,4,20
3,2020,2019,1791058645162484,1791058645163818,1334,0,19,10,10,10,9,5,17
3,2021,2020,1791058645212484,1791058645213712,1228,0,0,7,7,7,7,6,24
3,2022,2021,1791058645262484,1791058645263768,1284,0,1,13,13,13,11,8,35
3,2023,2022,1791058645312484,1791058645313828,1344,0,2,8,8,8,7,4,20
3,2024,2023,1791058645362484,1791058645363949,1465,0,3,8,8,8,8,4,11
3,2025,2024,1791058645412484,1791058645413954,1470,0,4,9,9,9,9,4,20
3,2026,2025,1791058645462484,1791058645464290,1806,0,5,9,9,9,9,8,37
3,2027,2026,1791058645512484,1791058645513812,1328,0,6,7,7,7,7,4,12
3,2028,2027,1791058645562484,1791058645563968,1484,0,7,11,11,11,11,8,40
3,2029,2028,1791058645612484,1791058645613886,1402,0,8,6,6,6,5,2,2
3,2030,2029,1791058645662484,1791058645663933,1449,0,9,12,12,12,11,4,20
3,2031,2030,1791058645712484,1791058645713488,1004,0,10,10,10,10,10,10,42
3,2032,2031,1791058645762484,1791058645764173,1689,0,11,12,12,12,11,11,43
3,2033,2032,1791058645812484,1791058645814371,1887,0,12,10,10,10,9,9,23
3,2034,2033,1791058645862484,1791058645863652,1168,0,13,10,10,10,8,7,26
3,2035,2034,1791058645912484,1791058645913486,1002,0,14,11,11,11,10,8,33
3,2036,2035,1791058645962484,1791058645963975,1491,0,15,16,16,16,16,13,58
3,2037,2036,1791058646012484,1791058646013769,1285,0,16,13,13,13,12,8,27
3,2038,2037,1791058646062484,1791058646063992,1508,0,17,11,11,11,10,4,15
3,2039,2038,1791058646112484,1791058646114273,1789,0,18,7,7,7,6,6,30
3,2040,2039,1791058646162484,1791058646163971,1487,0,19,10,10,10,10,5,15
3,2041,2040,1791058646212484,1791058646213719,1235,0,0,7,7,7,7,4,12
3,2042,2041,1791058646262484,1791058646263772,1288,0,1,13,13,13,13,12,60
3,2043,2042,1791058646312484,1791058646313531,1047,0,2,8,8,8,8,7,26
3,2044,2043,1791058646362484,1791058646364015,1531,0,3,8,8,8,8,6,23
3,2045,2044,1791058646412484,1791058646414031,1547,0,4,9,9,9,8,6,30
3,2046,2045,1791058646462484,1791058646463816,1332,0,5,9,9,9,8,6,25
3,2047,2046,1791058646512484,1791058646513815,1331,0,6,7,7,7,5,2,10
3,2048,2047,1791058646562484,1791058646563846,1362,0,7,11,11,11,11,8,38
3,2049,2048,1791058646612484,1791058646613942,1458,0,8,6,6,6,6,6,22
3,2050,2049,1791058646662484,1791058646664116,1632,0,9,12,12,12,12,10,50
3,2051,2050,1791058646712484,1791058646713423,939,0,10,10,10,10,9,8,30
3,2052,2051,1791058646762484,1791058646764179,1695,0,11,12,12,12,11,8,40
3,2053,2052,1791058646812484,1791058646814252,1768,0,12,10,10,10,10,6,22
3,2054,2053,1791058646862484,1791058646864221,1737,0,13,10,10,10,9,8,35
3,2055,2054,1791058646912484,1791058646913416,932,0,14,11,11,11,9,9,37
3,2056,2055,1791058646962484,1791058646963963,1479,0,15,16,16,16,15,12,60
3,2057,2056,1791058647012484,1791058647013995,1511,0,16,13,13,13,13,11,40
3,2058,2057,1791058647062484,1791058647064138,1654,0,17,11,11,11,9,8,30
3,2059,2058,1791058647112484,1791058647114031,1547,0,18,7,7,7,7,6,30
3,2060,2059,1791058647162484,1791058647163781,1297,0,19,10,10,10,9,4,12
3,2061,2060,1791058647212484,1791058647214358,1874,0,0,7,7,7,6,2,10
3,2062,2061,1791058647262484,1791058647264312,1828,0,1,13,13,13,13,12,54
3,2063,2062,1791058647312484,1791058647314218,1734,0,2,8,8,8,8,6,30
3,2064,2063,1791058647362484,1791058647364223,1739,0,3,8,8,8,8,7,21
3,2065,2064,1791058647412484,1791058647414039,1555,0,4,9,9,9,9,6,28
3,2066,2065,1791058647462484,1791058647463980,1496,0,5,9,9,9,8,6,29
3,2067,2066,1791058647512484,1791058647514073,1589,0,6,7,7,7,6,4,14
3,2068,2067,1791058647562484,1791058647564057,1573,0,7,11,11,11,10,8,37
3,2069,2068,1791058647612484,1791058647613984,1500,0,8,6,6,6,5,4,18
3,2070,2069,1791058647662484,1791058647663830,1346,0,9,12,12,12,12,11,49
3,2071,2070,1791058647712484,1791058647713798,1314,0,10,10,10,10,7,2,10
3,2072,2071,1791058647762484,1791058647763874,1390,0,11,12,12,12,13,10,41
3,2073,2072,1791058647812484,1791058647813720,1236,0,12,10,10,10,10,6,24
3,2074,2073,1791058647862484,1791058647863613,1129,0,13,10,10,10,9,6,25
3,2075,2074,1791058647912484,1791058647913482,998,0,14,11,11,11,11,6,25
3,2076,2075,1791058647962484,1791058647963746,1262,0,15,16,16,16,16,16,77
3,2077,2076,1791058648012484,1791058648014229,1745,0,16,13,13,13,11,6,30
3,2078,2077,1791058648062484,1791058648063986,1502,0,17,11,11,11,10,8,31
3,2079,2078,1791058648112484,1791058648113337,853,0,18,7,7,7,6,4,20
3,2080,2079,1791058648162484,1791058648163959,1475,0,19,10,10,10,10,7,22
3,2081,2080,1791058648212484,1791058648213842,1358,0,0,7,7,7,7,4,13
3,2082,2081,1791058648262484,1791058648264093,1609,0,1,13,13,13,12,8,40
3,2083,2082,1791058648312484,1791058648314129,1645,0,2,8,8,8,8,6,26
3,2084,2083,1791058648362484,1791058648363858,1374,0,3,8,8,8,9,6,21
3,2085,2084,1791058648412484,1791058648413808,1324,0,4,9,9,9,9,8,31
3,2086,2085,1791058648462484,1791058648463757,1273,0,5,9,9,9,8,6,25
3,2087,2086,1791058648512484,1791058648513728,1244,0,6,7,7,7,6,6,25
3,2088,2087,1791058648562484,1791058648563994,1510,0,7,11,11,11,9,6,29
3,2089,2088,1791058648612484,1791058648614017,1533,0,8,6,6,6,5,4,17
3,2090,2089,1791058648662484,1791058648663652,1168,0,9,12,12,12,11,9,37
3,2091,2090,1791058648712484,1791058648713378,894,0,10,10,10,10,10,9,33
3,2092,2091,1791058648762484,1791058648763798,1314,0,11,12,12,12,12,10,41
3,2093,2092,1791058648812484,1791058648813970,1486,0,12,10,10,10,8,6,28
3,2094,2093,1791058648862484,1791058648863900,1416,0,13,10,10,10,9,5,14
3,2095,2094,1791058648912484,1791058648913882,1398,0,14,11,11,11,10,6,30
3,2096,2095,1791058648962484,1791058648963849,1365,0,15,16,16,16,17,15,70
3,2097,2096,1791058649012484,1791058649013695,1211,0,16,13,13,13,13,8,37
3,2098,2097,1791058649062484,1791058649063697,1213,0,17,11,11,11,9,6,29
3,2099,2098,1791058649112484,1791058649113581,1097,0,18,7,7,7,6,4,20
3,2100,2099,1791058649162484,1791058649163839,1355,0,19,10,10,10,10,8,39
3,2101,2100,1791058649212484,1791058649213625,1141,0,0,7,7,7,6,4,20
3,2102,2101,1791058649262484,1791058649263697,1213,0,1,13,13,13,13,10,50
3,2103,2102,1791058649312484,1791058649313690,1206,0,2,8,8,8,8,6,30
3,2104,2103,1791058649362484,1791058649363798,1314,0,3,8,8,8,8,8,37
3,2105,2104,1791058649412484,1791058649413483,999,0,4,9,9,9,9,8,32
3,2106,2105,1791058649462484,1791058649464319,1835,0,5,9,9,9,8,7,25
3,2107,2106,1791058649512484,1791058649514108,1624,0,6,7,7,7,7,4,15
3,2108,2107,1791058649562484,1791058649563928,1444,0,7,11,11,11,12,8,38
3,2109,2108,1791058649612484,1791058649613974,1490,0,8,6,6,6,5,2,5
3,2110,2109,1791058649662484,1791058649663649,1165,0,9,12,12,12,11,6,30
3,2111,2110,1791058649712484,1791058649713541,1057,0,10,10,10,10,10,9,38
3,2112,2111,1791058649762484,1791058649763439,955,0,11,12,12,12,12,12,51
3,2113,2112,1791058649812484,1791058649813502,1018,0,12,10,10,10,8,6,27
3,2114,2113,1791058649862484,1791058649864288,1804,0,13,10,10,10,7,3,10
3,2115,2114,1791058649912484,1791058649914289,1805,0,14,11,11,11,10,6,30
3,2116,2115,1791058649962484,1791058649963818,1334,0,15,16,16,16,15,15,70
3,2117,2116,1791058650012484,1791058650013980,1496,0,16,13,13,13,13,8,39
3,2118,2117,1791058650062484,1791058650064244,1760,0,17,11,11,11,11,11,46
3,2119,2118,1791058650112484,1791058650113588,1104,0,18,7,7,7,7,6,30
3,2120,2119,1791058650162484,1791058650163996,1512,0,19,10,10,10,8,5,18
3,2121,2120,1791058650212484,1791058650213668,1184,0,0,7,7,7,5,4,20
3,2122,2121,1791058650262484,1791058650264345,1861,0,1,13,13,13,12,10,49
3,2123,2122,1791058650312484,1791058650314130,1646,0,2,8,8,8,8,6,23
3,2124,2123,1791058650362484,1791058650363837,1353,0,3,8,8,8,8,6,22
3,2125,2124,1791058650412484,1791058650413705,1221,0,4,9,9,9,8,6,30
3,2126,2125,1791058650462484,1791058650463523,1039,0,5,9,9,9,9,6,30
3,2127,2126,1791058650512484,1791058650513529,1045,0,6,7,7,7,7,2,10
3,2128,2127,1791058650562484,1791058650563798,1314,0,7,11,11,11,10,6,30
3,2129,2128,1791058650612484,1791058650613568,1084,0,8,6,6,6,5,2,10
3,2130,2129,1791058650662484,1791058650664334,1850,0,9,12,12,12,12,10,44
3,2131,2130,1791058650712484,1791058650714033,1549,0,10,10,10,10,9,8,40
3,2132,2131,1791058650762484,1791058650764000,1516,0,11,12,12,12,12,10,45
3,2133,2132,1791058650812484,1791058650814333,1849,0,12,10,10,10,9,6,30
3,2134,2133,1791058650862484,1791058650864358,1874,0,13,10,10,10,9,4,19
3,2135,2134,1791058650912484,1791058650914297,1813,0,14,11,11,11,11,6,29
3,2136,2135,1791058650962484,1791058650964077,1593,0,15,16,16,16,17,17,73
3,2137,2136,1791058651012484,1791058651014146,1662,0,16,13,13,13,12,8,36
3,2138,2137,1791058651062484,1791058651063515,1031,0,17,11,11,11,10,10,45
3,2139,2138,1791058651112484,1791058651113893,1409,0,18,7,7,7,7,6,30
3,2140,2139,1791058651162484,1791058651163893,1409,0,19,10,10,10,11,4,13
3,2141,2140,1791058651212484,1791058651213781,1297,0,0,7,7,7,7,2,10
3,2142,2141,1791058651262484,1791058651263701,1217,0,1,13,13,13,12,10,44
3,2143,2142,1791058651312484,1791058651313555,1071,0,2,8,8,8,8,6,30
3,2144,2143,1791058651362484,1791058651364020,1536,0,3,8,8,8,6,4,16
3,2145,2144,1791058651412484,1791058651413701,1217,0,4,9,9,9,9,8,38
3,2146,2145,1791058651462484,1791058651463372,888,0,5,9,9,9,9,6,24
3,2147,2146,1791058651512484,1791058651514141,1657,0,6,7,7,7,7,6,25
3,2148,2147,1791058651562484,1791058651563796,1312,0,7,11,11,11,11,8,35
3,2149,2148,1791058651612484,1791058651613520,1036,0,8,6,6,6,5,2,5
3,2150,2149,1791058651662484,1791058651663315,831,0,9,12,12,12,12,8,40
3,2151,2150,1791058651712484,1791058651714352,1868,0,10,10,10,10,8,6,30
3,2152,2151,1791058651762484,1791058651764070,1586,0,11,12,12,12,13,12,51
3,2153,2152,1791058651812484,1791058651813959,1475,0,12,10,10,10,9,6,23
3,2154,2153,1791058651862484,1791058651863670,1186,0,13,10,10,10,9,4,13
3,2155,2154,1791058651912484,1791058651913979,1495,0,14,11,11,11,11,8,35
3,2156,2155,1791058651962484,1791058651964175,1691,0,15,16,16,16,17,14,70
3,2157,2156,1791058652012484,1791058652013662,1178,0,16,13,13,13,11,6,30
3,2158,2157,1791058652062484,1791058652063619,1135,0,17,11,11,11,11,11,50
3,2159,2158,1791058652112484,1791058652113775,1291,0,18,7,7,7,7,6,22
3,2160,2159,1791058652162484,1791058652163805,1321,0,19,10,10,10,9,6,20
3,2161,2160,1791058652212484,1791058652214169,1685,0,0,7,7,7,7,6,22
3,2162,2161,1791058652262484,1791058652263354,870,0,1,13,13,13,12,8,39
3,2163,2162,1791058652312484,1791058652313942,1458,0,2,8,8,8,8,6,30
3,2164,2163,1791058652362484,1791058652364012,1528,0,3,8,8,8,9,8,40
3,2165,2164,1791058652412484,1791058652413739,1255,0,4,9,9,9,9,8,40
3,2166,2165,1791058652462484,1791058652463528,1044,0,5,9,9,9,6,4,20
3,2167,2166,1791058652512484,1791058652514053,1569,0,6,7,7,7,6,2,10
3,2168,2167,1791058652562484,1791058652564000,1516,0,7,11,11,11,10,8,33
3,2169,2168,1791058652612484,1791058652613858,1374,0,8,6,6,6,6,2,10
3,2170,2169,1791058652662484,1791058652663707,1223,0,9,12,12,12,11,8,35
3,2171,2170,1791058652712484,1791058652713334,850,0,10,10,10,10,9,8,40
3,2172,2171,1791058652762484,1791058652763812,1328,0,11,12,12,12,12,10,50
3,2173,2172,1791058652812484,1791058652813724,1240,0,12,10,10,10,9,6,27
3,2174,2173,1791058652862484,1791058652863801,1317,0,13,10,10,10,10,7,29
3,2175,2174,1791058652912484,1791058652913810,1326,0,14,11,11,11,9,8,34
3,2176,2175,1791058652962484,1791058652964012,1528,0,15,16,16,16,16,14,64
3,2177,2176,1791058653012484,1791058653013852,1368,0,16,13,13,13,13,8,33
3,2178,2177,1791058653062484,1791058653063806,1322,0,17,11,11,11,9,6,25
3,2179,2178,1791058653112484,1791058653113784,1300,0,18,7,7,7,7,6,22
3,2180,2179,1791058653162484,1791058653163766,1282,0,19,10,10,10,10,9,33
3,2181,2180,1791058653212484,1791058653213585,1101,0,0,7,7,7,7,6,22
3,2182,2181,1791058653262484,1791058653263552,1068,0,1,13,13,13,11,8,40
3,2183,2182,1791058653312484,1791058653313338,854,0,2,8,8,8,8,6,30
3,2184,2183,1791058653362484,1791058653363802,1318,0,3,8,8,8,9,9,38
3,2185,2184,1791058653412484,1791058653413597,1113,0,4,9,9,9,8,8,35
3,2186,2185,1791058653462484,1791058653463673,1189,0,5,9,9,9,6,4,20
3,2187,2186,1791058653512484,1791058653513555,1071,0,6,7,7,7,7,6,21
3,2188,2187,1791058653562484,1791058653563997,1513,0,7,11,11,11,10,10,38
3,2189,2188,1791058653612484,1791058653613978,1494,0,8,6,6,6,5,2,4
3,2190,2189,1791058653662484,1791058653663836,1352,0,9,12,12,12,12,8,40
3,2191,2190,1791058653712484,1791058653713308,824,0,10,10,10,10,10,8,37
3,2192,2191,1791058653762484,1791058653763779,1295,0,11,12,12,12,13,12,51
3,2193,2192,1791058653812484,1791058653813756,1272,0,12,10,10,10,9,4,19
3,2194,2193,1791058653862484,1791058653863885,1401,0,13,10,10,10,8,4,20
3,2195,2194,1791058653912484,1791058653913728,1244,0,14,11,11,11,10,6,30
3,2196,2195,1791058653962484,1791058653963811,1327,0,15,16,16,16,15,14,70
3,2197,2196,1791058654012484,1791058654013797,1313,0,16,13,13,13,11,6,29
3,2198,2197,1791058654062484,1791058654064035,1551,0,17,11,11,11,11,9,39
3,2199,2198,1791058654112484,1791058654113378,894,0,18,7,7,7,7,6,30
3,2200,2199,1791058654162484,1791058654164071,1587,0,19,10,10,10,10,7,23
3,2201,2200,1791058654212484,1791058654214279,1795,0,0,7,7,7,7,4,20
3,2202,2201,1791058654262484,1791058654263700,1216,0,1,13,13,13,13,9,40
3,2203,2202,1791058654312484,1791058654313971,1487,0,2,8,8,8,8,6,30
3,2204,2203,1791058654362484,1791058654364056,1572,0,3,8,8,8,8,8,32
3,2205,2204,1791058654412484,1791058654413319,835,0,4,9,9,9,9,8,34
3,2206,2205,1791058654462484,1791058654464280,1796,0,5,9,9,9,5,4,20
3,2207,2206,1791058654512484,1791058654513329,845,0,6,7,7,7,7,2,10
3,2208,2207,1791058654562484,1791058654563787,1303,0,7,11,11,11,12,9,40
3,2209,2208,1791058654612484,1791058654613721,1237,0,8,6,6,6,6,4,16
3,2210,2209,1791058654662484,1791058654663673,1189,0,9,12,12,12,11,6,30
3,2211,2210,1791058654712484,1791058654713611,1127,0,10,10,10,10,10,10,49
3,2212,2211,1791058654762484,1791058654763981,1497,0,11,12,12,12,11,10,43
3,2213,2212,1791058654812484,1791058654813956,1472,0,12,10,10,10,10,8,35
3,2214,2213,1791058654862484,1791058654863790,1306,0,13,10,10,10,8,7,22
3,2215,2214,1791058654912484,1791058654913683,1199,0,14,11,11,11,9,7,27
3,2216,2215,1791058654962484,1791058654964039,1555,0,15,16,16,16,16,14,59
3,2217,2216,1791058655012484,1791058655013850,1366,0,16,13,13,13,10,8,33
3,2218,2217,1791058655062484,1791058655063984,1500,0,17,11,11,11,9,8,24
3,2219,2218,1791058655112484,1791058655114079,1595,0,18,7,7,7,6,4,20
3,2220,2219,1791058655162484,1791058655163952,1468,0,19,10,10,10,9,6,30
3,2221,2220,1791058655212484,1791058655213771,1287,0,0,7,7,7,7,6,28
3,2222,2221,1791058655262484,1791058655263590,1106,0,1,13,13,13,11,10,43
3,2223,2222,1791058655312484,1791058655313565,1081,0,2,8,8,8,8,6,30
3,2224,2223,1791058655362484,1791058655363813,1329,0,3,8,8,8,9,7,18
3,2225,2224,1791058655412484,1791058655413766,1282,0,4,9,9,9,8,4,16
3,2226,2225,1791058655462484,1791058655463821,1337,0,5,9,9,9,8,6,30
3,2227,2226,1791058655512484,1791058655513740,1256,0,6,7,7,7,7,5,19
3,2228,2227,1791058655562484,1791058655563742,1258,0,7,11,11,11,11,8,35
3,2229,2228,1791058655612484,1791058655613982,1498,0,8,6,6,6,6,4,16
3,2230,2229,1791058655662484,1791058655663823,1339,0,9,12,12,12,12,8,40
3,2231,2230,1791058655712484,1791058655714189,1705,0,10,10,10,10,10,8,38
3,2232,2231,1791058655762484,1791058655763805,1321,0,11,12,12,12,12,11,47
3,2233,2232,1791058655812484,1791058655813955,1471,0,12,10,10,10,10,6,26
3,2234,2233,1791058655862484,1791058655863979,1495,0,13,10,10,10,9,6,30
3,2235,2234,1791058655912484,1791058655913445,961,0,14,11,11,11,9,6,26
3,2236,2235,1791058655962484,1791058655963876,1392,0,15,16,16,16,14,14,64
3,2237,2236,1791058656012484,1791058656013524,1040,0,16,13,13,13,13,8,33
3,2238,2237,1791058656062484,1791058656063678,1194,0,17,11,11,11,9,6,23
3,2239,2238,1791058656112484,1791058656113779,1295,0,18,7,7,7,7,6,25
3,2240,2239,1791058656162484,1791058656164130,1646,0,19,10,10,10,9,8,29
3,2241,2240,1791058656212484,1791058656214027,1543,0,0,7,7,7,7,5,12
3,2242,2241,1791058656262484,1791058656264213,1729,0,1,13,13,13,13,10,48
3,2243,2242,1791058656312484,1791058656314222,1738,0,2,8,8,8,8,6,30
3,2244,2243,1791058656362484,1791058656363763,1279,0,3,8,8,8,7,6,26
3,2245,2244,1791058656412484,1791058656413556,1072,0,4,9,9,9,8,8,35
3,2246,2245,1791058656462484,1791058656463498,1014,0,5,9,9,9,6,2,10
3,2247,2246,1791058656512484,1791058656514257,1773,0,6,7,7,7,7,6,22
3,2248,2247,1791058656562484,1791058656563800,1316,0,7,11,11,11,10,10,34
3,2249,2248,1791058656612484,1791058656613486,1002,0,8,6,6,6,4,2,7
3,2250,2249,1791058656662484,1791058656664328,1844,0,9,12,12,12,11,10,44
3,2251,2250,1791058656712484,1791058656714346,1862,0,10,10,10,10,10,8,35
3,2252,2251,1791058656762484,1791058656763958,1474,0,11,12,12,12,12,12,55
3,2253,2252,1791058656812484,1791058656813864,1380,0,12,10,10,10,8,6,30
3,2254,2253,1791058656862484,1791058656863847,1363,0,13,10,10,10,8,4,20
3,2255,2254,1791058656912484,1791058656913517,1033,0,14,11,11,11,8,6,24
3,2256,2255,1791058656962484,1791058656963849,1365,0,15,16,16,16,16,15,68
3,2257,2256,1791058657012484,1791058657013763,1279,0,16,13,13,13,12,7,30
3,2258,2257,1791058657062484,1791058657063799,1315,0,17,11,11,11,11,6,20
3,2259,2258,1791058657112484,1791058657113467,983,0,18,7,7,7,7,6,30
3,2260,2259,1791058657162484,1791058657163910,1426,0,19,10,10,10,9,5,18
3,2261,2260,1791058657212484,1791058657214211,1727,0,0,7,7,7,6,2,10
3,2262,2261,1791058657262484,1791058657263338,854,0,1,13,13,13,11,8,40
3,2263,2262,1791058657312484,1791058657313433,949,0,2,8,8,8,8,6,30
3,2264,2263,1791058657362484,1791058657364076,1592,0,3,8,8,8,9,9,34
3,2265,2264,1791058657412484,1791058657413956,1472,0,4,9,9,9,9,8,38
3,2266,2265,1791058657462484,1791058657463845,1361,0,5,9,9,9,8,6,27
3,2267,2266,1791058657512484,1791058657513811,1327,0,6,7,7,7,7,2,10
3,2268,2267,1791058657562484,1791058657564182,1698,0,7,11,11,11,12,6,30
3,2269,2268,1791058657612484,1791058657614102,1618,0,8,6,6,6,6,4,19
3,2270,2269,1791058657662484,1791058657663966,1482,0,9,12,12,12,10,8,40
3,2271,2270,1791058657712484,1791058657713890,1406,0,10,10,10,10,10,9,38
3,2272,2271,1791058657762484,1791058657763988,1504,0,11,12,12,12,11,10,47
3,2273,2272,1791058657812484,1791058657814040,1556,0,12,10,10,10,9,4,18
3,2274,2273,1791058657862484,1791058657864265,1781,0,13,10,10,10,10,7,27
3,2275,2274,1791058657912484,1791058657914048,1564,0,14,11,11,11,11,7,23
3,2276,2275,1791058657962484,1791058657963775,1291,0,15,16,16,16,16,14,62
3,2277,2276,1791058658012484,1791058658013914,1430,0,16,13,13,13,13,8,31
3,2278,2277,1791058658062484,1791058658063882,1398,0,17,11,11,11,10,6,22
3,2279,2278,1791058658112484,1791058658113771,1287,0,18,7,7,7,6,4,20
3,2280,2279,1791058658162484,1791058658163957,1473,0,19,10,10,10,8,8,32
3,2281,2280,1791058658212484,1791058658213733,1249,0,0,7,7,7,7,6,25
3,2282,2281,1791058658262484,1791058658263633,1149,0,1,13,13,13,13,10,44
3,2283,2282,1791058658312484,1791058658313764,1280,0,2,8,8,8,8,6,30
3,2284,2283,1791058658362484,1791058658363901,1417,0,3,8,8,8,9,6,30
3,2285,2284,1791058658412484,1791058658413561,1077,0,4,9,9,9,8,8,31
3,2286,2285,1791058658462484,1791058658463559,1075,0,5,9,9,9,7,6,28
3,2287,2286,1791058658512484,1791058658514313,1829,0,6,7,7,7,7,2,10
3,2288,2287,1791058658562484,1791058658563980,1496,0,7,11,11,11,12,9,40
3,2289,2288,1791058658612484,1791058658613878,1394,0,8,6,6,6,6,2,6
3,2290,2289,1791058658662484,1791058658663872,1388,0,9,12,12,12,11,6,29
3,2291,2290,1791058658712484,1791058658713894,1410,0,10,10,10,10,10,10,50
3,2292,2291,1791058658762484,1791058658763906,1422,0,11,12,12,12,13,12,50
3,2293,2292,1791058658812484,1791058658813756,1272,0,12,10,10,10,8,6,22
3,2294,2293,1791058658862484,1791058658863550,1066,0,13,10,10,10,9,6,30
3,2295,2294,1791058658912484,1791058658913335,851,0,14,11,11,11,11,8,33
3,2296,2295,1791058658962484,1791058658963913,1429,0,15,16,16,16,16,15,64
3,2297,2296,1791058659012484,1791058659013780,1296,0,16,13,13,13,13,8,36
3,2298,2297,1791058659062484,1791058659063770,1286,0,17,11,11,11,10,5,13
3,2299,2298,1791058659112484,1791058659113710,1226,0,18,7,7,7,6,6,27
3,2300,2299,1791058659162484,1791058659163811,1327,0,19,10,10,10,10,6,21
3,2301,2300,1791058659212484,1791058659213344,860,0,0,7,7,7,7,2,10
3,2302,2301,1791058659262484,1791058659263959,1475,0,1,13,13,13,13,12,58
3,2303,2302,1791058659312484,1791058659314168,1684,0,2,8,8,8,8,6,25
3,2304,2303,1791058659362484,1791058659363800,1316,0,3,8,8,8,8,7,24
3,2305,2304,1791058659412484,1791058659413941,1457,0,4,9,9,9,8,7,30
3,2306,2305,1791058659462484,1791058659464133,1649,0,5,9,9,9,9,6,30
3,2307,2306,1791058659512484,1791058659514065,1581,0,6,7,7,7,7,4,18
3,2308,2307,1791058659562484,1791058659564183,1699,0,7,11,11,11,11,8,36
3,2309,2308,1791058659612484,1791058659614175,1691,0,8,6,6,6,4,2,6
3,2310,2309,1791058659662484,1791058659663734,1250,0,9,12,12,12,10,8,40
3,2311,2310,1791058659712484,1791058659713850,1366,0,10,10,10,10,9,8,39
3,2312,2311,1791058659762484,1791058659763817,1333,0,11,12,12,12,10,10,43
3,2313,2312,1791058659812484,1791058659813807,1323,0,12,10,10,10,8,6,28
3,2314,2313,1791058659862484,1791058659863848,1364,0,13,10,10,10,9,6,29
3,2315,2314,1791058659912484,1791058659914150,1666,0,14,11,11,11,10,6,27
3,2316,2315,1791058659962484,1791058659963829,1345,0,15,16,16,16,17,16,75
3,2317,2316,1791058660012484,1791058660013618,1134,0,16,13,13,13,13,8,33
3,2318,2317,1791058660062484,1791058660063540,1056,0,17,11,11,11,11,10,41
3,2319,2318,1791058660112484,1791058660113434,950,0,18,7,7,7,7,6,30
3,2320,2319,1791058660162484,1791058660164000,1516,0,19,10,10,10,11,6,21
3,2321,2320,1791058660212484,1791058660213736,1252,0,0,7,7,7,7,2,10
3,2322,2321,1791058660262484,1791058660264345,1861,0,1,13,13,13,12,8,40
3,2323,2322,1791058660312484,1791058660314181,1697,0,2,8,8,8,8,6,30
3,2324,2323,1791058660362484,1791058660363934,1450,0,3,8,8,8,8,6,22
3,2325,2324,1791058660412484,1791058660413664,1180,0,4,9,9,9,8,6,30
3,2326,2325,1791058660462484,1791058660463584,1100,0,5,9,9,9,8,6,30
3,2327,2326,1791058660512484,1791058660513743,1259,0,6,7,7,7,7,2,10
3,2328,2327,1791058660562484,1791058660564082,1598,0,7,11,11,11,12,11,48
3,2329,2328,1791058660612484,1791058660614183,1699,0,8,6,6,6,6,2,6
3,2330,2329,1791058660662484,1791058660664364,1880,0,9,12,12,12,12,8,34
3,2331,2330,1791058660712484,1791058660714326,1842,0,10,10,10,10,10,10,46
3,2332,2331,1791058660762484,1791058660763846,1362,0,11,12,12,12,12,11,50
3,2333,2332,1791058660812484,1791058660813873,1389,0,12,10,10,10,9,6,24
3,2334,2333,1791058660862484,1791058660864057,1573,0,13,10,10,10,8,2,10
3,2335,2334,1791058660912484,1791058660914019,1535,0,14,11,11,11,10,6,30
3,2336,2335,1791058660962484,1791058660963727,1243,0,15,16,16,16,16,15,69
3,2337,2336,1791058661012484,1791058661013747,1263,0,16,13,13,13,12,8,31
3,2338,2337,1791058661062484,1791058661063948,1464,0,17,11,11,11,10,10,45
3,2339,2338,1791058661112484,1791058661113784,1300,0,18,7,7,7,7,6,26
3,2340,2339,1791058661162484,1791058661163815,1331,0,19,10,10,10,10,6,28
3,2341,2340,1791058661212484,1791058661213733,1249,0,0,7,7,7,7,6,27
3,2342,2341,1791058661262484,1791058661263978,1494,0,1,13,13,13,12,10,48
3,2343,2342,1791058661312484,1791058661313757,1273,0,2,8,8,8,8,6,27
3,2344,2343,1791058661362484,1791058661363975,1491,0,3,8,8,8,7,4,20
3,2345,2344,1791058661412484,1791058661413902,1418,0,4,9,9,9,9,9,40
3,2346,2345,1791058661462484,1791058661463847,1363,0,5,9,9,9,9,8,32
3,2347,2346,1791058661512484,1791058661513794,1310,0,6,7,7,7,7,4,14
3,2348,2347,1791058661562484,1791058661563806,1322,0,7,11,11,11,10,6,30
3,2349,2348,1791058661612484,1791058661613585,1101,0,8,6,6,6,5,0,0
3,2350,2349,1791058661662484,1791058661663695,1211,0,9,12,12,12,11,6,30
3,2351,2350,1791058661712484,1791058661713882,1398,0,10,10,10,10,10,10,46
3,2352,2351,1791058661762484,1791058661763801,1317,0,11,12,12,12,13,12,50
3,2353,2352,1791058661812484,1791058661813912,1428,0,12,10,10,10,7,4,20
3,2354,2353,1791058661862484,1791058661863487,1003,0,13,10,10,10,10,7,24
3,2355,2354,1791058661912484,1791058661913328,844,0,14,11,11,11,11,8,34
3,2356,2355,1791058661962484,1791058661964049,1565,0,15,16,16,16,17,16,72
3,2357,2356,1791058662012484,1791058662014129,1645,0,16,13,13,13,11,6,30
3,2358,2357,1791058662062484,1791058662063553,1069,0,17,11,11,11,10,6,22
3,2359,2358,1791058662112484,1791058662113648,1164,0,18,7,7,7,7,6,30
3,2360,2359,1791058662162484,1791058662163818,1334,0,19,10,10,10,9,7,25
3,2361,2360,1791058662212484,1791058662214148,1664,0,0,7,7,7,6,2,10
3,2362,2361,1791058662262484,1791058662264051,1567,0,1,13,13,13,12,12,55
3,2363,2362,1791058662312484,1791058662314280,1796,0,2,8,8,8,8,7,27
3,2364,2363,1791058662362484,1791058662364108,1624,0,3,8,8,8,7,4,20
3,2365,2364,1791058662412484,1791058662413455,971,0,4,9,9,9,8,4,20
3,2366,2365,1791058662462484,1791058662463601,1117,0,5,9,9,9,8,6,30
3,2367,2366,1791058662512484,1791058662513766,1282,0,6,7,7,7,7,4,13
3,2368,2367,1791058662562484,1791058662563792,1308,0,7,11,11,11,10,7,30
3,2369,2368,1791058662612484,1791058662613692,1208,0,8,6,6,6,5,4,19
3,2370,2369,1791058662662484,1791058662663603,1119,0,9,12,12,12,12,11,50
3,2371,2370,1791058662712484,1791058662714078,1594,0,10,10,10,10,8,8,31
3,2372,2371,1791058662762484,1791058662763837,1353,0,11,12,12,12,11,10,49
3,2373,2372,1791058662812484,1791058662813711,1227,0,12,10,10,10,8,6,25
3,2374,2373,1791058662862484,1791058662863686,1202,0,13,10,10,10,6,2,10
3,2375,2374,1791058662912484,1791058662913604,1120,0,14,11,11,11,11,6,30
3,2376,2375,1791058662962484,1791058662963799,1315,0,15,16,16,16,16,16,80
3,2377,2376,1791058663012484,1791058663013662,1178,0,16,13,13,13,12,8,31
3,2378,2377,1791058663062484,1791058663063649,1165,0,17,11,11,11,11,11,46
3,2379,2378,1791058663112484,1791058663113942,1458,0,18,7,7,7,7,6,25
3,2380,2379,1791058663162484,1791058663164087,1603,0,19,10,10,10,11,9,37
3,2381,2380,1791058663212484,1791058663214210,1726,0,0,7,7,7,7,4,19
3,2382,2381,1791058663262484,1791058663263722,1238,0,1,13,13,13,12,8,40
3,2383,2382,1791058663312484,1791058663313602,1118,0,2,8,8,8,8,6,30
3,2384,2383,1791058663362484,1791058663364085,1601,0,3,8,8,8,9,9,40
3,2385,2384,1791058663412484,1791058663413815,1331,0,4,9,9,9,9,8,34
3,2386,2385,1791058663462484,1791058663463949,1465,0,5,9,9,9,7,4,15
3,2387,2386,1791058663512484,1791058663514033,1549,0,6,7,7,7,7,4,20
3,2388,2387,1791058663562484,1791058663563976,1492,0,7,11,11,11,11,8,40
3,2389,2388,1791058663612484,1791058663614205,1721,0,8,6,6,6,6,2,10
3,2390,2389,1791058663662484,1791058663663786,1302,0,9,12,12,12,12,10,46
3,2391,2390,1791058663712484,1791058663714239,1755,0,10,10,10,10,9,6,30
3,2392,2391,1791058663762484,1791058663763978,1494,0,11,12,12,12,13,12,51
3,2393,2392,1791058663812484,1791058663814188,1704,0,12,10,10,10,9,6,30
3,2394,2393,1791058663862484,1791058663863744,1260,0,13,10,10,10,10,7,26
3,2395,2394,1791058663912484,1791058663914304,1820,0,14,11,11,11,11,8,40
3,2396,2395,1791058663962484,1791058663964100,1616,0,15,16,16,16,16,14,70
3,2397,2396,1791058664012484,1791058664013581,1097,0,16,13,13,13,12,8,35
3,2398,2397,1791058664062484,1791058664063983,1499,0,17,11,11,11,11,9,39
3,2399,2398,1791058664112484,1791058664114284,1800,0,18,7,7,7,7,6,30
3,2400,2399,1791058664162484,1791058664163965,1481,0,19,10,10,10,7,6,28
3,2401,2400,1791058664212484,1791058664214239,1755,0,0,7,7,7,7,6,23
3,2402,2401,1791058664262484,1791058664263659,1175,0,1,13,13,13,11,8,40
3,2403,2402,1791058664312484,1791058664313766,1282,0,2,8,8,8,8,6,28
3,2404,2403,1791058664362484,1791058664364140,1656,0,3,8,8,8,8,6,24
3,2405,2404,1791058664412484,1791058664413976,1492,0,4,9,9,9,7,6,30
3,2406,2405,1791058664462484,1791058664464043,1559,0,5,9,9,9,9,6,27
3,2407,2406,1791058664512484,1791058664513979,1495,0,6,7,7,7,6,2,10
3,2408,2407,1791058664562484,1791058664564178,1694,0,7,11,11,11,12,7,30
3,2409,2408,1791058664612484,1791058664614255,1771,0,8,6,6,6,6,2,10
3,2410,2409,1791058664662484,1791058664664260,1776,0,9,12,12,12,11,8,40
3,2411,2410,1791058664712484,1791058664713372,888,0,10,10,10,10,8,6,30
3,2412,2411,1791058664762484,1791058664764077,1593,0,11,12,12,12,13,12,53
3,2413,2412,1791058664812484,1791058664813986,1502,0,12,10,10,10,10,6,29
3,2414,2413,1791058664862484,1791058664864107,1623,0,13,10,10,10,9,6,23
3,2415,2414,1791058664912484,1791058664914339,1855,0,14,11,11,11,10,6,30
3,2416,2415,1791058664962484,1791058664963844,1360,0,15,16,16,16,16,14,64
3,2417,2416,1791058665012484,1791058665013741,1257,0,16,13,13,13,12,6,30
3,2418,2417,1791058665062484,1791058665064132,1648,0,17,11,11,11,10,6,30
3,2419,2418,1791058665112484,1791058665114368,1884,0,18,7,7,7,7,6,30
3,2420,2419,1791058665162484,1791058665164063,1579,0,19,10,10,10,9,4,14
3,2421,2420,1791058665212484,1791058665213876,1392,0,0,7,7,7,7,2,10
3,2422,2421,1791058665262484,1791058665263666,1182,0,1,13,13,13,12,10,43
3,2423,2422,1791058665312484,1791058665313901,1417,0,2,8,8,8,8,6,29
3,2424,2423,1791058665362484,1791058665364025,1541,0,3,8,8,8,7,5,14
3,2425,2424,1791058665412484,1791058665413967,1483,0,4,9,9,9,9,6,23
3,2426,2425,1791058665462484,1791058665463875,1391,0,5,9,9,9,8,8,33
3,2427,2426,1791058665512484,1791058665513982,1498,0,6,7,7,7,7,3,8
3,2428,2427,1791058665562484,1791058665563823,1339,0,7,11,11,11,11,6,30
3,2429,2428,1791058665612484,1791058665613592,1108,0,8,6,6,6,6,4,13
3,2430,2429,1791058665662484,1791058665663474,990,0,9,12,12,12,12,10,50
3,2431,2430,1791058665712484,1791058665714189,1705,0,10,10,10,10,9,6,30
3,2432,2431,1791058665762484,1791058665763786,1302,0,11,12,12,12,12,10,50
3,2433,2432,1791058665812484,1791058665813719,1235,0,12,10,10,10,10,6,23
3,2434,2433,1791058665862484,1791058665863584,1100,0,13,10,10,10,8,4,14
3,2435,2434,1791058665912484,1791058665913501,1017,0,14,11,11,11,10,6,30
3,2436,2435,1791058665962484,1791058665964030,1546,0,15,16,16,16,17,15,70
3,2437,2436,1791058666012484,1791058666013657,1173,0,16,13,13,13,10,6,30
3,2438,2437,1791058666062484,1791058666063442,958,0,17,11,11,11,10,8,40
3,2439,2438,1791058666112484,1791058666113343,859,0,18,7,7,7,7,6,30
3,2440,2439,1791058666162484,1791058666163796,1312,0,19,10,10,10,10,5,15
3,2441,2440,1791058666212484,1791058666213643,1159,0,0,7,7,7,7,2,10
3,2442,2441,1791058666262484,1791058666263362,878,0,1,13,13,13,12,10,48
3,2443,2442,1791058666312484,1791058666313512,1028,0,2,8,8,8,8,6,30
3,2444,2443,1791058666362484,1791058666364011,1527,0,3,8,8,8,8,8,33
3,2445,2444,1791058666412484,1791058666414295,1811,0,4,9,9,9,9,8,40
3,2446,2445,1791058666462484,1791058666463440,956,0,5,9,9,9,9,8,34
3,2447,2446,1791058666512484,1791058666513696,1212,0,6,7,7,7,6,2,10
3,2448,2447,1791058666562484,1791058666563814,1330,0,7,11,11,11,12,9,40
3,2449,2448,1791058666612484,1791058666614084,1600,0,8,6,6,6,4,2,10
3,2450,2449,1791058666662484,1791058666663658,1174,0,9,12,12,12,12,8,40
3,2451,2450,1791058666712484,1791058666713888,1404,0,10,10,10,10,9,6,30
3,2452,2451,1791058666762484,1791058666763984,1500,0,11,12,12,12,13,10,50
3,2453,2452,1791058666812484,1791058666814201,1717,0,12,10,10,10,9,6,25
3,2454,2453,1791058666862484,1791058666863786,1302,0,13,10,10,10,7,4,16
3,2455,2454,1791058666912484,1791058666914329,1845,0,14,11,11,11,10,8,36
3,2456,2455,1791058666962484,1791058666964063,1579,0,15,16,16,16,15,15,70
3,2457,2456,1791058667012484,1791058667014312,1828,0,16,13,13,13,12,6,25
3,2458,2457,1791058667062484,1791058667063792,1308,0,17,11,11,11,11,6,29
3,2459,2458,1791058667112484,1791058667114215,1731,0,18,7,7,7,7,6,30
3,2460,2459,1791058667162484,1791058667163991,1507,0,19,10,10,10,9,4,19
3,2461,2460,1791058667212484,1791058667214060,1576,0,0,7,7,7,6,2,10
3,2462,2461,1791058667262484,1791058667263323,839,0,1,13,13,13,12,8,40
3,2463,2462,1791058667312484,1791058667313599,1115,0,2,8,8,8,8,6,30
3,2464,2463,1791058667362484,1791058667364130,1646,0,3,8,8,8,7,6,29
3,2465,2464,1791058667412484,1791058667414245,1761,0,4,9,9,9,8,8,39
3,2466,2465,1791058667462484,1791058667463527,1043,0,5,9,9,9,9,6,27
3,2467,2466,1791058667512484,1791058667513485,1001,0,6,7,7,7,7,4,14
3,2468,2467,1791058667562484,1791058667564070,1586,0,7,11,11,11,10,6,30
3,2469,2468,1791058667612484,1791058667613718,1234,0,8,6,6,6,6,3,7
3,2470,2469,1791058667662484,1791058667664331,1847,0,9,12,12,12,12,8,40
3,2471,2470,1791058667712484,1791058667714261,1777,0,10,10,10,10,10,6,30
3,2472,2471,1791058667762484,1791058667764126,1642,0,11,12,12,12,13,12,51
3,2473,2472,1791058667812484,1791058667814005,1521,0,12,10,10,10,10,6,30
3,2474,2473,1791058667862484,1791058667864267,1783,0,13,10,10,10,10,7,29
3,2475,2474,1791058667912484,1791058667913476,992,0,14,11,11,11,9,8,32
3,2476,2475,1791058667962484,1791058667964023,1539,0,15,16,16,16,17,12,60
3,2477,2476,1791058668012484,1791058668013993,1509,0,16,13,13,13,12,9,36
3,2478,2477,1791058668062484,1791058668063977,1493,0,17,11,11,11,10,9,40
3,2479,2478,1791058668112484,1791058668114155,1671,0,18,7,7,7,4,4,20
3,2480,2479,1791058668162484,1791058668163834,1350,0,19,10,10,10,10,5,18
3,2481,2480,1791058668212484,1791058668213710,1226,0,0,7,7,7,6,2,10
3,2482,2481,1791058668262484,1791058668263467,983,0,1,13,13,13,11,8,40
3,2483,2482,1791058668312484,1791058668313329,845,0,2,8,8,8,8,6,26
3,2484,2483,1791058668362484,1791058668363841,1357,0,3,8,8,8,8,8,37
3,2485,2484,1791058668412484,1791058668413467,983,0,4,9,9,9,9,8,40
3,2486,2485,1791058668462484,1791058668464035,1551,0,5,9,9,9,9,9,39
3,2487,2486,1791058668512484,1791058668513973,1489,0,6,7,7,7,7,2,10
3,2488,2487,1791058668562484,1791058668563928,1444,0,7,11,11,11,12,10,37
3,2489,2488,1791058668612484,1791058668613711,1227,0,8,6,6,6,5,2,7
3,2490,2489,1791058668662484,1791058668663316,832,0,9,12,12,12,11,8,37
3,2491,2490,1791058668712484,1791058668713493,1009,0,10,10,10,10,10,10,46
3,2492,2491,1791058668762484,1791058668763788,1304,0,11,12,12,12,12,10,50
3,2493,2492,1791058668812484,1791058668813662,1178,0,12,10,10,10,9,7,28
3,2494,2493,1791058668862484,1791058668863677,1193,0,13,10,10,10,7,4,16
3,2495,2494,1791058668912484,1791058668913515,1031,0,14,11,11,11,11,7,30
3,2496,2495,1791058668962484,1791058668963997,1513,0,15,16,16,16,16,14,61
3,2497,2496,1791058669012484,1791058669013696,1212,0,16,13,13,13,13,6,30
3,2498,2497,1791058669062484,1791058669063508,1024,0,17,11,11,11,10,6,25
3,2499,2498,1791058669112484,1791058669113470,986,0,18,7,7,7,6,4,20
3,2500,2499,1791058669162484,1791058669163912,1428,0,19,10,10,10,10,8,35
3,2501,2500,1791058669212484,1791058669213870,1386,0,0,7,7,7,6,4,15
3,2502,2501,1791058669262484,1791058669263693,1209,0,1,13,13,13,10,8,40
3,2503,2502,1791058669312484,1791058669314140,1656,0,2,8,8,8,8,6,24
3,2504,2503,1791058669362484,1791058669363792,1308,0,3,8,8,8,8,4,11
3,2505,2504,1791058669412484,1791058669413549,1065,0,4,9,9,9,9,6,25
3,2506,2505,1791058669462484,1791058669463575,1091,0,5,9,9,9,9,8,33
3,2507,2506,1791058669512484,1791058669513500,1016,0,6,7,7,7,7,4,14
3,2508,2507,1791058669562484,1791058669563308,824,0,7,11,11,11,11,8,36
3,2509,2508,1791058669612484,1791058669613948,1464,0,8,6,6,6,5,2,9
3,2510,2509,1791058669662484,1791058669663800,1316,0,9,12,12,12,12,8,40
3,2511,2510,1791058669712484,1791058669713946,1462,0,10,10,10,10,10,8,40
3,2512,2511,1791058669762484,1791058669763975,1491,0,11,12,12,12,11,10,50
3,2513,2512,1791058669812484,1791058669813772,1288,0,12,10,10,10,10,6,24
3,2514,2513,1791058669862484,1791058669863721,1237,0,13,10,10,10,8,6,30
3,2515,2514,1791058669912484,1791058669913606,1122,0,14,11,11,11,9,6,30
3,2516,2515,1791058669962484,1791058669963779,1295,0,15,16,16,16,16,9,40
3,2517,2516,1791058670012484,1791058670013685,1201,0,16,13,13,13,10,8,39
3,2518,2517,1791058670062484,1791058670063682,1198,0,17,11,11,11,10,10,40
3,2519,2518,1791058670112484,1791058670113331,847,0,18,7,7,7,6,4,20
3,2520,2519,1791058670162484,1791058670163837,1353,0,19,10,10,10,9,5,19
3,2521,2520,1791058670212484,1791058670213599,1115,0,0,7,7,7,6,4,20
3,2522,2521,1791058670262484,1791058670263391,907,0,1,13,13,13,12,10,42
3,2523,2522,1791058670312484,1791058670314185,1701,0,2,8,8,8,8,6,30
3,2524,2523,1791058670362484,1791058670363505,1021,0,3,8,8,8,8,5,19
3,2525,2524,1791058670412484,1791058670413323,839,0,4,9,9,9,10,6,22
3,2526,2525,1791058670462484,1791058670463306,822,0,5,9,9,9,9,8,32
3,2527,2526,1791058670512484,1791058670514336,1852,0,6,7,7,7,7,4,15
3,2528,2527,1791058670562484,1791058670563837,1353,0,7,11,11,11,11,6,29
3,2529,2528,1791058670612484,1791058670613705,1221,0,8,6,6,6,6,4,20
3,2530,2529,1791058670662484,1791058670663790,1306,0,9,12,12,12,12,8,40
3,2531,2530,1791058670712484,1791058670713912,1428,0,10,10,10,10,10,9,34
3,2532,2531,1791058670762484,1791058670763705,1221,0,11,12,12,12,13,12,52
3,2533,2532,1791058670812484,1791058670813691,1207,0,12,10,10,10,9,6,25
3,2534,2533,1791058670862484,1791058670863581,1097,0,13,10,10,10,9,4,18
3,2535,2534,1791058670912484,1791058670913430,946,0,14,11,11,11,11,6,26
3,2536,2535,1791058670962484,1791058670964032,1548,0,15,16,16,16,17,17,78
3,2537,2536,1791058671012484,1791058671013906,1422,0,16,13,13,13,12,8,33
3,2538,2537,1791058671062484,1791058671063849,1365,0,17,11,11,11,11,5,17
3,2539,2538,1791058671112484,1791058671113818,1334,0,18,7,7,7,7,6,28
3,2540,2539,1791058671162484,1791058671163956,1472,0,19,10,10,10,9,4,15
3,2541,2540,1791058671212484,1791058671213652,1168,0,0,7,7,7,5,2,10
3,2542,2541,1791058671262484,1791058671263366,882,0,1,13,13,13,12,10,50
3,2543,2542,1791058671312484,1791058671314313,1829,0,2,8,8,8,8,6,23
3,2544,2543,1791058671362484,1791058671363967,1483,0,3,8,8,8,7,4,14
3,2545,2544,1791058671412484,1791058671413783,1299,0,4,9,9,9,9,6,30
3,2546,2545,1791058671462484,1791058671463894,1410,0,5,9,9,9,9,6,27
3,2547,2546,1791058671512484,1791058671513766,1282,0,6,7,7,7,6,2,10
3,2548,2547,1791058671562484,1791058671563979,1495,0,7,11,11,11,12,9,37
3,2549,2548,1791058671612484,1791058671613978,1494,0,8,6,6,6,5,2,10
3,2550,2549,1791058671662484,1791058671663900,1416,0,9,12,12,12,12,10,50
3,2551,2550,1791058671712484,1791058671714137,1653,0,10,10,10,10,8,6,30
3,2552,2551,1791058671762484,1791058671764373,1889,0,11,12,12,12,12,12,51
3,2553,2552,1791058671812484,1791058671813905,1421,0,12,10,10,10,10,6,28
3,2554,2553,1791058671862484,1791058671863347,863,0,13,10,10,10,9,6,27
3,2555,2554,1791058671912484,1791058671913947,1463,0,14,11,11,11,11,8,33
3,2556,2555,1791058671962484,1791058671963993,1509,0,15,16,16,16,16,14,70
3,2557,2556,1791058672012484,1791058672014336,1852,0,16,13,13,13,11,6,26
3,2558,2557,1791058672062484,1791058672063702,1218,0,17,11,11,11,11,8,36
3,2559,2558,1791058672112484,1791058672113888,1404,0,18,7,7,7,7,6,24
3,2560,2559,1791058672162484,1791058672163813,1329,0,19,10,10,10,10,8,31
3,2561,2560,1791058672212484,1791058672213653,1169,0,0,7,7,7,7,6,24
3,2562,2561,1791058672262484,1791058672263504,1020,0,1,13,13,13,13,12,54
3,2563,2562,1791058672312484,1791058672314186,1702,0,2,8,8,8,8,6,30
3,2564,2563,1791058672362484,1791058672363837,1353,0,3,8,8,8,7,4,20
3,2565,2564,1791058672412484,1791058672413721,1237,0,4,9,9,9,9,8,33
3,2566,2565,1791058672462484,1791058672463689,1205,0,5,9,9,9,9,6,30
3,2567,2566,1791058672512484,1791058672513566,1082,0,6,7,7,7,7,4,14
3,2568,2567,1791058672562484,1791058672563771,1287,0,7,11,11,11,12,7,30
3,2569,2568,1791058672612484,1791058672613619,1135,0,8,6,6,6,5,4,20
3,2570,2569,1791058672662484,1791058672664112,1628,0,9,12,12,12,12,12,52
3,2571,2570,1791058672712484,1791058672714034,1550,0,10,10,10,10,8,6,29
3,2572,2571,1791058672762484,1791058672763918,1434,0,11,12,12,12,13,12,59
3,2573,2572,1791058672812484,1791058672813943,1459,0,12,10,10,10,9,4,20
3,2574,2573,1791058672862484,1791058672863465,981,0,13,10,10,10,10,7,28
3,2575,2574,1791058672912484,1791058672913710,1226,0,14,11,11,11,10,8,31
3,2576,2575,1791058672962484,1791058672964048,1564,0,15,16,16,16,16,14,66
3,2577,2576,1791058673012484,1791058673013857,1373,0,16,13,13,13,13,6,30
3,2578,2577,1791058673062484,1791058673063978,1494,0,17,11,11,11,11,5,20
3,2579,2578,1791058673112484,1791058673114027,1543,0,18,7,7,7,7,6,30
3,2580,2579,1791058673162484,1791058673163819,1335,0,19,10,10,10,9,4,12
3,2581,2580,1791058673212484,1791058673213665,1181,0,0,7,7,7,6,2,10
3,2582,2581,1791058673262484,1791058673263511,1027,0,1,13,13,13,12,10,50
3,2583,2582,1791058673312484,1791058673313388,904,0,2,8,8,8,8,6,23
3,2584,2583,1791058673362484,1791058673363937,1453,0,3,8,8,8,7,4,20
3,2585,2584,1791058673412484,1791058673413842,1358,0,4,9,9,9,8,8,34
3,2586,2585,1791058673462484,1791058673463948,1464,0,5,9,9,9,9,8,35
3,2587,2586,1791058673512484,1791058673513972,1488,0,6,7,7,7,7,2,9
3,2588,2587,1791058673562484,1791058673563757,1273,0,7,11,11,11,11,8,40
3,2589,2588,1791058673612484,1791058673613766,1282,0,8,6,6,6,5,0,0
3,2590,2589,1791058673662484,1791058673663574,1090,0,9,12,12,12,12,4,20
3,2591,2590,1791058673712484,1791058673713502,1018,0,10,10,10,10,10,10,48
3,2592,2591,1791058673762484,1791058673763768,1284,0,11,12,12,12,11,10,37
3,2593,2592,1791058673812484,1791058673813637,1153,0,12,10,10,10,10,8,28
3,2594,2593,1791058673862484,1791058673863811,1327,0,13,10,10,10,9,4,17
3,2595,2594,1791058673912484,1791058673913849,1365,0,14,11,11,11,11,8,36
3,2596,2595,1791058673962484,1791058673964003,1519,0,15,16,16,16,16,14,68
3,2597,2596,1791058674012484,1791058674014003,1519,0,16,13,13,13,13,7,29
3,2598,2597,1791058674062484,1791058674064177,1693,0,17,11,11,11,10,4,20
3,2599,2598,1791058674112484,1791058674114056,1572,0,18,7,7,7,7,6,30
3,2600,2599,1791058674162484,1791058674163989,1505,0,19,10,10,10,7,2,10
3,2601,2600,1791058674212484,1791058674213905,1421,0,0,7,7,7,7,4,17
3,2602,2601,1791058674262484,1791058674263891,1407,0,1,13,13,13,13,12,54
3,2603,2602,1791058674312484,1791058674314096,1612,0,2,8,8,8,8,6,24
3,2604,2603,1791058674362484,1791058674363705,1221,0,3,8,8,8,9,4,20
3,2605,2604,1791058674412484,1791058674413508,1024,0,4,9,9,9,9,6,28
3,2606,2605,1791058674462484,1791058674463555,1071,0,5,9,9,9,9,6,23
3,2607,2606,1791058674512484,1791058674513516,1032,0,6,7,7,7,7,6,25
3,2608,2607,1791058674562484,1791058674564209,1725,0,7,11,11,11,11,10,40
3,2609,2608,1791058674612484,1791058674613529,1045,0,8,6,6,6,4,0,0
3,2610,2609,1791058674662484,1791058674663734,1250,0,9,12,12,12,12,8,31
3,2611,2610,1791058674712484,1791058674713509,1025,0,10,10,10,10,10,10,44
3,2612,2611,1791058674762484,1791058674763807,1323,0,11,12,12,12,12,12,58
3,2613,2612,1791058674812484,1791058674813486,1002,0,12,10,10,10,10,6,28
3,2614,2613,1791058674862484,1791058674863509,1025,0,13,10,10,10,9,7,23
3,2615,2614,1791058674912484,1791058674913511,1027,0,14,11,11,11,9,8,36
3,2616,2615,1791058674962484,1791058674963909,1425,0,15,16,16,16,16,13,59
3,2617,2616,1791058675012484,1791058675014079,1595,0,16,13,13,13,12,8,32
3,2618,2617,1791058675062484,1791058675064092,1608,0,17,11,11,11,10,8,33
3,2619,2618,1791058675112484,1791058675114177,1693,0,18,7,7,7,7,6,30
3,2620,2619,1791058675162484,1791058675164044,1560,0,19,10,10,10,7,4,18
3,2621,2620,1791058675212484,1791058675213808,1324,0,0,7,7,7,5,2,10
3,2622,2621,1791058675262484,1791058675263663,1179,0,1,13,13,13,13,10,44
3,2623,2622,1791058675312484,1791058675313700,1216,0,2,8,8,8,8,6,22
3,2624,2623,1791058675362484,1791058675363726,1242,0,3,8,8,8,8,4,20
3,2625,2624,1791058675412484,1791058675413787,1303,0,4,9,9,9,8,6,23
3,2626,2625,1791058675462484,1791058675463499,1015,0,5,9,9,9,9,6,30
3,2627,2626,1791058675512484,1791058675513665,1181,0,6,7,7,7,7,4,15
3,2628,2627,1791058675562484,1791058675563840,1356,0,7,11,11,11,12,8,40
3,2629,2628,1791058675612484,1791058675613742,1258,0,8,6,6,6,5,2,10
3,2630,2629,1791058675662484,1791058675663662,1178,0,9,12,12,12,12,8,40
3,2631,2630,1791058675712484,1791058675713695,1211,0,10,10,10,10,9,8,38
3,2632,2631,1791058675762484,1791058675763908,1424,0,11,12,12,12,12,12,55
3,2633,2632,1791058675812484,1791058675813987,1503,0,12,10,10,10,8,6,25
3,2634,2633,1791058675862484,1791058675864137,1653,0,13,10,10,10,9,6,26
3,2635,2634,1791058675912484,1791058675914229,1745,0,14,11,11,11,11,8,34
3,2636,2635,1791058675962484,1791058675964113,1629,0,15,16,16,16,16,14,70
3,2637,2636,1791058676012484,1791058676013980,1496,0,16,13,13,13,11,8,35
3,2638,2637,1791058676062484,1791058676064118,1634,0,17,11,11,11,10,10,41
3,2639,2638,1791058676112484,1791058676113839,1355,0,18,7,7,7,7,4,20
3,2640,2639,1791058676162484,1791058676164105,1621,0,19,10,10,10,10,5,12
3,2641,2640,1791058676212484,1791058676214247,1763,0,0,7,7,7,7,2,10
3,2642,2641,1791058676262484,1791058676263568,1084,0,1,13,13,13,12,8,40
3,2643,2642,1791058676312484,1791058676314074,1590,0,2,8,8,8,8,6,30
3,2644,2643,1791058676362484,1791058676364011,1527,0,3,8,8,8,8,8,37
3,2645,2644,1791058676412484,1791058676413356,872,0,4,9,9,9,9,8,40
3,2646,2645,1791058676462484,1791058676463705,1221,0,5,9,9,9,8,7,30
3,2647,2646,1791058676512484,1791058676513746,1262,0,6,7,7,7,7,2,10
3,2648,2647,1791058676562484,1791058676563986,1502,0,7,11,11,11,11,9,40
3,2649,2648,1791058676612484,1791058676613856,1372,0,8,6,6,6,5,4,11
3,2650,2649,1791058676662484,1791058676663631,1147,0,9,12,12,12,10,9,40
3,2651,2650,1791058676712484,1791058676713478,994,0,10,10,10,10,9,7,30
3,2652,2651,1791058676762484,1791058676764041,1557,0,11,12,12,12,13,12,56
3,2653,2652,1791058676812484,1791058676814053,1569,0,12,10,10,10,10,5,20
3,2654,2653,1791058676862484,1791058676864194,1710,0,13,10,10,10,10,7,30
3,2655,2654,1791058676912484,1791058676913367,883,0,14,11,11,11,9,6,27
3,2656,2655,1791058676962484,1791058676963836,1352,0,15,16,16,16,14,14,67
3,2657,2656,1791058677012484,1791058677013760,1276,0,16,13,13,13,13,6,30
3,2658,2657,1791058677062484,1791058677063761,1277,0,17,11,11,11,10,6,23
3,2659,2658,1791058677112484,1791058677113553,1069,0,18,7,7,7,7,6,21
3,2660,2659,1791058677162484,1791058677163974,1490,0,19,10,10,10,9,6,28
3,2661,2660,1791058677212484,1791058677213990,1506,0,0,7,7,7,6,2,10
3,2662,2661,1791058677262484,1791058677264131,1647,0,1,13,13,13,12,12,58
3,2663,2662,1791058677312484,1791058677314189,1705,0,2,8,8,8,8,7,24
3,2664,2663,1791058677362484,1791058677364134,1650,0,3,8,8,8,8,6,21
3,2665,2664,1791058677412484,1791058677413298,814,0,4,9,9,9,8,4,19
3,2666,2665,1791058677462484,1791058677463988,1504,0,5,9,9,9,9,8,40
3,2667,2666,1791058677512484,1791058677513981,1497,0,6,7,7,7,7,2,10
3,2668,2667,1791058677562484,1791058677563838,1354,0,7,11,11,11,12,8,40
3,2669,2668,1791058677612484,1791058677613614,1130,0,8,6,6,6,6,4,16
3,2670,2669,1791058677662484,1791058677663491,1007,0,9,12,12,12,12,8,35
3,2671,2670,1791058677712484,1791058677713527,1043,0,10,10,10,10,9,8,40
3,2672,2671,1791058677762484,1791058677763762,1278,0,11,12,12,12,10,8,37
3,2673,2672,1791058677812484,1791058677813554,1070,0,12,10,10,10,7,6,25
3,2674,2673,1791058677862484,1791058677863534,1050,0,13,10,10,10,10,10,42
3,2675,2674,1791058677912484,1791058677913586,1102,0,14,11,11,11,11,5,18
3,2676,2675,1791058677962484,1791058677964081,1597,0,15,16,16,16,15,14,61
3,2677,2676,1791058678012484,1791058678013949,1465,0,16,13,13,13,9,4,18
3,2678,2677,1791058678062484,1791058678063961,1477,0,17,11,11,11,11,4,18
3,2679,2678,1791058678112484,1791058678114186,1702,0,18,7,7,7,6,5,12
3,2680,2679,1791058678162484,1791058678163974,1490,0,19,10,10,10,9,4,16
3,2681,2680,1791058678212484,1791058678213700,1216,0,0,7,7,7,6,4,20
3,2682,2681,1791058678262484,1791058678263594,1110,0,1,13,13,13,12,12,53
3,2683,2682,1791058678312484,1791058678313818,1334,0,2,8,8,8,5,4,11
3,2684,2683,1791058678362484,1791058678363792,1308,0,3,8,8,8,9,4,15
3,2685,2684,1791058678412484,1791058678413568,1084,0,4,9,9,9,8,4,20
3,2686,2685,1791058678462484,1791058678463336,852,0,5,9,9,9,9,8,35
3,2687,2686,1791058678512484,1791058678514111,1627,0,6,7,7,7,6,4,15
3,2688,2687,1791058678562484,1791058678563933,1449,0,7,11,11,11,9,6,30
3,2689,2688,1791058678612484,1791058678613947,1463,0,8,6,6,6,6,4,14
3,2690,2689,1791058678662484,1791058678663981,1497,0,9,12,12,12,10,3,9
3,2691,2690,1791058678712484,1791058678713979,1495,0,10,10,10,10,9,8,40
3,2692,2691,1791058678762484,1791058678763773,1289,0,11,12,12,12,12,9,39
3,2693,2692,1791058678812484,1791058678813539,1055,0,12,10,10,10,9,5,17
3,2694,2693,1791058678862484,1791058678864335,1851,0,13,10,10,10,9,8,33
3,2695,2694,1791058678912484,1791058678914208,1724,0,14,11,11,11,9,5,20
3,2696,2695,1791058678962484,1791058678964198,1714,0,15,16,16,16,16,14,59
3,2697,2696,1791058679012484,1791058679014231,1747,0,16,13,13,13,11,4,16
3,2698,2697,1791058679062484,1791058679064194,1710,0,17,11,11,11,11,4,20
3,2699,2698,1791058679112484,1791058679114181,1697,0,18,7,7,7,5,4,13
3,2700,2699,1791058679162484,1791058679164024,1540,0,19,10,10,10,9,4,14
3,2701,2700,1791058679212484,1791058679213817,1333,0,0,7,7,7,6,4,20
3,2702,2701,1791058679262484,1791058679263868,1384,0,1,13,13,13,13,10,49
3,2703,2702,1791058679312484,1791058679313939,1455,0,2,8,8,8,8,6,23
3,2704,2703,1791058679362484,1791058679363804,1320,0,3,8,8,8,7,4,11
3,2705,2704,1791058679412484,1791058679413967,1483,0,4,9,9,9,8,5,20
3,2706,2705,1791058679462484,1791058679463553,1069,0,5,9,9,9,9,8,32
3,2707,2706,1791058679512484,1791058679513439,955,0,6,7,7,7,5,2,6
3,2708,2707,1791058679562484,1791058679563987,1503,0,7,11,11,11,11,8,35
3,2709,2708,1791058679612484,1791058679613760,1276,0,8,6,6,6,6,4,16
3,2710,2709,1791058679662484,1791058679663633,1149,0,9,12,12,12,9,2,10
3,2711,2710,1791058679712484,1791058679713609,1125,0,10,10,10,10,9,8,40
3,2712,2711,1791058679762484,1791058679764018,1534,0,11,12,12,12,12,12,48
3,2713,2712,1791058679812484,1791058679813766,1282,0,12,10,10,10,9,2,10
3,2714,2713,1791058679862484,1791058679863679,1195,0,13,10,10,10,9,7,30
3,2715,2714,1791058679912484,1791058679913614,1130,0,14,11,11,11,7,6,25
3,2716,2715,1791058679962484,1791058679964117,1633,0,15,16,16,16,15,9,36
3,2717,2716,1791058680012484,1791058680013985,1501,0,16,13,13,13,12,12,41
3,2718,2717,1791058680062484,1791058680064061,1577,0,17,11,11,11,11,6,23
3,2719,2718,1791058680112484,1791058680113475,991,0,18,7,7,7,5,2,10
3,2720,2719,1791058680162484,1791058680163797,1313,0,19,10,10,10,10,7,24
3,2721,2720,1791058680212484,1791058680213714,1230,0,0,7,7,7,7,4,16
3,2722,2721,1791058680262484,1791058680263340,856,0,1,13,13,13,10,8,40
3,2723,2722,1791058680312484,1791058680314266,1782,0,2,8,8,8,8,6,28
3,2724,2723,1791058680362484,1791058680363971,1487,0,3,8,8,8,8,5,19
3,2725,2724,1791058680412484,1791058680413802,1318,0,4,9,9,9,7,7,30
3,2726,2725,1791058680462484,1791058680463767,1283,0,5,9,9,9,8,6,26
3,2727,2726,1791058680512484,1791058680513859,1375,0,6,7,7,7,4,2,1
3,2728,2727,1791058680562484,1791058680563912,1428,0,7,11,11,11,12,9,40
3,2729,2728,1791058680612484,1791058680613942,1458,0,8,6,6,6,4,2,10
3,2730,2729,1791058680662484,1791058680663755,1271,0,9,12,12,12,8,2,10
3,2731,2730,1791058680712484,1791058680714286,1802,0,10,10,10,10,8,8,37
3,2732,2731,1791058680762484,1791058680764053,1569,0,11,12,12,12,10,4,20
3,2733,2732,1791058680812484,1791058680813986,1502,0,12,10,10,10,9,2,10
3,2734,2733,1791058680862484,1791058680863317,833,0,13,10,10,10,10,10,41
3,2735,2734,1791058680912484,1791058680913647,1163,0,14,11,11,11,9,4,20
3,2736,2735,1791058680962484,1791058680963801,1317,0,15,16,16,16,14,13,53
3,2737,2736,1791058681012484,1791058681014067,1583,0,16,13,13,13,10,7,27
3,2738,2737,1791058681062484,1791058681063635,1151,0,17,11,11,11,7,4,17
3,2739,2738,1791058681112484,1791058681114222,1738,0,18,7,7,7,4,0,0
3,2740,2739,1791058681162484,1791058681164017,1533,0,19,10,10,10,11,6,22
3,2741,2740,1791058681212484,1791058681214096,1612,0,0,7,7,7,7,6,25
3,2742,2741,1791058681262484,1791058681263451,967,0,1,13,13,13,5,4,16
3,2743,2742,1791058681312484,1791058681313719,1235,0,2,8,8,8,6,4,17
3,2744,2743,1791058681362484,1791058681363824,1340,0,3,8,8,8,8,6,20
3,2745,2744,1791058681412484,1791058681413977,1493,0,4,9,9,9,8,6,30
3,2746,2745,1791058681462484,1791058681464188,1704,0,5,9,9,9,8,8,26
3,2747,2746,1791058681512484,1791058681513623,1139,0,6,7,7,7,6,2,2
3,2748,2747,1791058681562484,1791058681563813,1329,0,7,11,11,11,11,8,40
3,2749,2748,1791058681612484,1791058681614133,1649,0,8,6,6,6,5,4,14
3,2750,2749,1791058681662484,1791058681663470,986,0,9,12,12,12,5,0,0
3,2751,2750,1791058681712484,1791058681713699,1215,0,10,10,10,10,8,8,40
3,2752,2751,1791058681762484,1791058681763992,1508,0,11,12,12,12,10,7,17
3,2753,2752,1791058681812484,1791058681814284,1800,0,12,10,10,10,6,2,10
3,2754,2753,1791058681862484,1791058681863635,1151,0,13,10,10,10,10,8,37
3,2755,2754,1791058681912484,1791058681913581,1097,0,14,11,11,11,11,5,18
3,2756,2755,1791058681962484,1791058681963963,1479,0,15,16,16,16,16,16,75
3,2757,2756,1791058682012484,1791058682013818,1334,0,16,13,13,13,9,3,8
3,2758,2757,1791058682062484,1791058682064229,1745,0,17,11,11,11,9,2,10
3,2759,2758,1791058682112484,1791058682114101,1617,0,18,7,7,7,5,3,9
3,2760,2759,1791058682162484,1791058682163826,1342,0,19,10,10,10,10,7,26
3,2761,2760,1791058682212484,1791058682213762,1278,0,0,7,7,7,5,4,18
3,2762,2761,1791058682262484,1791058682264095,1611,0,1,13,13,13,12,12,52
3,2763,2762,1791058682312484,1791058682313678,1194,0,2,8,8,8,4,2,2
3,2764,2763,1791058682362484,1791058682363818,1334,0,3,8,8,8,8,6,21
3,2765,2764,1791058682412484,1791058682413913,1429,0,4,9,9,9,9,4,20
3,2766,2765,1791058682462484,1791058682464053,1569,0,5,9,9,9,8,6,30
3,2767,2766,1791058682512484,1791058682514256,1772,0,6,7,7,7,5,4,13
3,2768,2767,1791058682562484,1791058682563918,1434,0,7,11,11,11,11,10,40
3,2769,2768,1791058682612484,1791058682613848,1364,0,8,6,6,6,5,2,10
3,2770,2769,1791058682662484,1791058682663783,1299,0,9,12,12,12,9,2,10
3,2771,2770,1791058682712484,1791058682713700,1216,0,10,10,10,10,7,6,30
3,2772,2771,1791058682762484,1791058682763940,1456,0,11,12,12,12,9,5,20
3,2773,2772,1791058682812484,1791058682814015,1531,0,12,10,10,10,10,5,20
3,2774,2773,1791058682862484,1791058682863339,855,0,13,10,10,10,9,8,40
3,2775,2774,1791058682912484,1791058682913734,1250,0,14,11,11,11,7,4,13
3,2776,2775,1791058682962484,1791058682963900,1416,0,15,16,16,16,16,13,55
3,2777,2776,1791058683012484,1791058683014165,1681,0,16,13,13,13,10,9,28
3,2778,2777,1791058683062484,1791058683063644,1160,0,17,11,11,11,10,4,18
3,2779,2778,1791058683112484,1791058683114215,1731,0,18,7,7,7,7,7,29
3,2780,2779,1791058683162484,1791058683163950,1466,0,19,10,10,10,7,5,19
3,2781,2780,1791058683212484,1791058683214250,1766,0,0,7,7,7,6,5,10
3,2782,2781,1791058683262484,1791058683263516,1032,0,1,13,13,13,11,9,37
3,2783,2782,1791058683312484,1791058683313586,1102,0,2,8,8,8,5,2,2
3,2784,2783,1791058683362484,1791058683363792,1308,0,3,8,8,8,8,7,28
3,2785,2784,1791058683412484,1791058683414291,1807,0,4,9,9,9,7,4,18
3,2786,2785,1791058683462484,1791058683464110,1626,0,5,9,9,9,9,6,30
3,2787,2786,1791058683512484,1791058683513357,873,0,6,7,7,7,6,4,11
3,2788,2787,1791058683562484,1791058683564184,1700,0,7,11,11,11,11,8,40
3,2789,2788,1791058683612484,1791058683614301,1817,0,8,6,6,6,3,2,10
3,2790,2789,1791058683662484,1791058683664340,1856,0,9,12,12,12,10,2,6
3,2791,2790,1791058683712484,1791058683713313,829,0,10,10,10,10,10,8,35
3,2792,2791,1791058683762484,1791058683763961,1477,0,11,12,12,12,9,4,20
3,2793,2792,1791058683812484,1791058683813899,1415,0,12,10,10,10,9,2,10
3,2794,2793,1791058683862484,1791058683863900,1416,0,13,10,10,10,10,8,40
3,2795,2794,1791058683912484,1791058683913840,1356,0,14,11,11,11,9,4,15
3,2796,2795,1791058683962484,1791058683963847,1363,0,15,16,16,16,17,14,64
3,2797,2796,1791058684012484,1791058684014040,1556,0,16,13,13,13,12,8,25
3,2798,2797,1791058684062484,1791058684064205,1721,0,17,11,11,11,10,4,12
3,2799,2798,1791058684112484,1791058684113412,928,0,18,7,7,7,5,4,20
3,2800,2799,1791058684162484,1791058684163823,1339,0,19,10,10,10,10,5,17
3,2801,2800,1791058684212484,1791058684213605,1121,0,0,7,7,7,7,6,24
3,2802,2801,1791058684262484,1791058684264337,1853,0,1,13,13,13,12,11,48
3,2803,2802,1791058684312484,1791058684314190,1706,0,2,8,8,8,7,6,20
3,2804,2803,1791058684362484,1791058684364006,1522,0,3,8,8,8,7,4,11
3,2805,2804,1791058684412484,1791058684413824,1340,0,4,9,9,9,7,4,20
3,2806,2805,1791058684462484,1791058684463716,1232,0,5,9,9,9,9,8,39
3,2807,2806,1791058684512484,1791058684513543,1059,0,6,7,7,7,6,3,6
3,2808,2807,1791058684562484,1791058684563755,1271,0,7,11,11,11,12,9,40
3,2809,2808,1791058684612484,1791058684614178,1694,0,8,6,6,6,5,2,9
3,2810,2809,1791058684662484,1791058684663974,1490,0,9,12,12,12,10,0,0
3,2811,2810,1791058684712484,1791058684714050,1566,0,10,10,10,10,9,8,40
3,2812,2811,1791058684762484,1791058684763768,1284,0,11,12,12,12,8,3,3
3,2813,2812,1791058684812484,1791058684813537,1053,0,12,10,10,10,10,4,18
3,2814,2813,1791058684862484,1791058684863474,990,0,13,10,10,10,10,8,33
3,2815,2814,1791058684912484,1791058684913691,1207,0,14,11,11,11,11,4,11
3,2816,2815,1791058684962484,1791058684963930,1446,0,15,16,16,16,15,14,62
3,2817,2816,1791058685012484,1791058685013688,1204,0,16,13,13,13,8,5,19
3,2818,2817,1791058685062484,1791058685063531,1047,0,17,11,11,11,10,4,19
3,2819,2818,1791058685112484,1791058685113381,897,0,18,7,7,7,6,5,14
3,2820,2819,1791058685162484,1791058685163766,1282,0,19,10,10,10,10,5,14
3,2821,2820,1791058685212484,1791058685213533,1049,0,0,7,7,7,7,6,27
3,2822,2821,1791058685262484,1791058685264207,1723,0,1,13,13,13,9,8,32
3,2823,2822,1791058685312484,1791058685313950,1466,0,2,8,8,8,4,2,3
3,2824,2823,1791058685362484,1791058685364026,1542,0,3,8,8,8,9,7,30
3,2825,2824,1791058685412484,1791058685413810,1326,0,4,9,9,9,8,4,20
3,2826,2825,1791058685462484,1791058685463676,1192,0,5,9,9,9,9,8,37
3,2827,2826,1791058685512484,1791058685514170,1686,0,6,7,7,7,5,4,14
3,2828,2827,1791058685562484,1791058685563957,1473,0,7,11,11,11,11,9,34
3,2829,2828,1791058685612484,1791058685613706,1222,0,8,6,6,6,5,2,10
3,2830,2829,1791058685662484,1791058685663700,1216,0,9,12,12,12,10,0,0
3,2831,2830,1791058685712484,1791058685714029,1545,0,10,10,10,10,8,8,40
3,2832,2831,1791058685762484,1791058685764065,1581,0,11,12,12,12,11,9,30
3,2833,2832,1791058685812484,1791058685814050,1566,0,12,10,10,10,8,2,5
3,2834,2833,1791058685862484,1791058685864055,1571,0,13,10,10,10,10,10,45
3,2835,2834,1791058685912484,1791058685914006,1522,0,14,11,11,11,7,5,13
3,2836,2835,1791058685962484,1791058685963806,1322,0,15,16,16,16,16,14,67
3,2837,2836,1791058686012484,1791058686013657,1173,0,16,13,13,13,12,7,23
3,2838,2837,1791058686062484,1791058686063651,1167,0,17,11,11,11,10,4,14
3,2839,2838,1791058686112484,1791058686113505,1021,0,18,7,7,7,6,4,11
3,2840,2839,1791058686162484,1791058686163782,1298,0,19,10,10,10,8,0,0
3,2841,2840,1791058686212484,1791058686213323,839,0,0,7,7,7,7,6,30
3,2842,2841,1791058686262484,1791058686264210,1726,0,1,13,13,13,11,4,17
3,2843,2842,1791058686312484,1791058686314165,1681,0,2,8,8,8,8,8,38
3,2844,2843,1791058686362484,1791058686363904,1420,0,3,8,8,8,6,5,14
3,2845,2844,1791058686412484,1791058686413877,1393,0,4,9,9,9,8,4,20
3,2846,2845,1791058686462484,1791058686463776,1292,0,5,9,9,9,9,8,33
3,2847,2846,1791058686512484,1791058686513899,1415,0,6,7,7,7,6,2,10
3,2848,2847,1791058686562484,1791058686563942,1458,0,7,11,11,11,10,10,42
3,2849,2848,1791058686612484,1791058686613772,1288,0,8,6,6,6,5,4,11
3,2850,2849,1791058686662484,1791058686663945,1461,0,9,12,12,12,11,4,12
3,2851,2850,1791058686712484,1791058686714326,1842,0,10,10,10,10,10,8,40
3,2852,2851,1791058686762484,1791058686763749,1265,0,11,12,12,12,9,6,21
3,2853,2852,1791058686812484,1791058686813464,980,0,12,10,10,10,7,2,10
3,2854,2853,1791058686862484,1791058686863611,1127,0,13,10,10,10,10,8,40
3,2855,2854,1791058686912484,1791058686913947,1463,0,14,11,11,11,9,4,15
3,2856,2855,1791058686962484,1791058686964225,1741,0,15,16,16,16,17,16,71
3,2857,2856,1791058687012484,1791058687014245,1761,0,16,13,13,13,12,8,26
3,2858,2857,1791058687062484,1791058687064356,1872,0,17,11,11,11,10,2,7
3,2859,2858,1791058687112484,1791058687114213,1729,0,18,7,7,7,7,7,30
3,2860,2859,1791058687162484,1791058687164059,1575,0,19,10,10,10,9,4,9
3,2861,2860,1791058687212484,1791058687213843,1359,0,0,7,7,7,7,5,18
3,2862,2861,1791058687262484,1791058687263779,1295,0,1,13,13,13,12,12,52
3,2863,2862,1791058687312484,1791058687313560,1076,0,2,8,8,8,5,2,10
3,2864,2863,1791058687362484,1791058687363855,1371,0,3,8,8,8,7,4,17
3,2865,2864,1791058687412484,1791058687413812,1328,0,4,9,9,9,9,4,20
3,2866,2865,1791058687462484,1791058687463769,1285,0,5,9,9,9,8,6,30
3,2867,2866,1791058687512484,1791058687513847,1363,0,6,7,7,7,5,3,8
3,2868,2867,1791058687562484,1791058687563731,1247,0,7,11,11,11,12,9,33
3,2869,2868,1791058687612484,1791058687613966,1482,0,8,6,6,6,5,4,16
3,2870,2869,1791058687662484,1791058687664185,1701,0,9,12,12,12,10,6,27
3,2871,2870,1791058687712484,1791058687713549,1065,0,10,10,10,10,10,8,36
3,2872,2871,1791058687762484,1791058687763737,1253,0,11,12,12,12,9,6,24
3,2873,2872,1791058687812484,1791058687813768,1284,0,12,10,10,10,9,4,17
3,2874,2873,1791058687862484,1791058687864032,1548,0,13,10,10,10,10,6,26
3,2875,2874,1791058687912484,1791058687914318,1834,0,14,11,11,11,11,6,30
3,2876,2875,1791058687962484,1791058687964016,1532,0,15,16,16,16,15,14,61
3,2877,2876,1791058688012484,1791058688014322,1838,0,16,13,13,13,11,10,37
3,2878,2877,1791058688062484,1791058688063629,1145,0,17,11,11,11,11,7,25
3,2879,2878,1791058688112484,1791058688113597,1113,0,18,7,7,7,6,4,20
3,2880,2879,1791058688162484,1791058688163812,1328,0,19,10,10,10,10,7,30
3,2881,2880,1791058688212484,1791058688213720,1236,0,0,7,7,7,5,4,14
3,2882,2881,1791058688262484,1791058688264064,1580,0,1,13,13,13,13,12,55
3,2883,2882,1791058688312484,1791058688313553,1069,0,2,8,8,8,4,2,10
3,2884,2883,1791058688362484,1791058688363871,1387,0,3,8,8,8,8,5,13
3,2885,2884,1791058688412484,1791058688413666,1182,0,4,9,9,9,8,4,20
3,2886,2885,1791058688462484,1791058688463331,847,0,5,9,9,9,9,8,39
3,2887,2886,1791058688512484,1791058688514222,1738,0,6,7,7,7,6,2,10
3,2888,2887,1791058688562484,1791058688563810,1326,0,7,11,11,11,11,8,33
3,2889,2888,1791058688612484,1791058688613481,997,0,8,6,6,6,4,2,10
3,2890,2889,1791058688662484,1791058688663986,1502,0,9,12,12,12,12,4,20
3,2891,2890,1791058688712484,1791058688713929,1445,0,10,10,10,10,10,10,47
3,2892,2891,1791058688762484,1791058688763912,1428,0,11,12,12,12,9,7,28
3,2893,2892,1791058688812484,1791058688814075,1591,0,12,10,10,10,9,6,25
3,2894,2893,1791058688862484,1791058688863728,1244,0,13,10,10,10,9,4,19
3,2895,2894,1791058688912484,1791058688914108,1624,0,14,11,11,11,10,6,29
3,2896,2895,1791058688962484,1791058688963776,1292,0,15,16,16,16,15,11,50
3,2897,2896,1791058689012484,1791058689014056,1572,0,16,13,13,13,10,6,23
3,2898,2897,1791058689062484,1791058689063547,1063,0,17,11,11,11,11,4,13
3,2899,2898,1791058689112484,1791058689113631,1147,0,18,7,7,7,7,6,28
3,2900,2899,1791058689162484,1791058689163813,1329,0,19,10,10,10,7,6,14
3,2901,2900,1791058689212484,1791058689213442,958,0,0,7,7,7,5,2,10
3,2902,2901,1791058689262484,1791058689264309,1825,0,1,13,13,13,13,12,60
3,2903,2902,1791058689312484,1791058689313513,1029,0,2,8,8,8,5,2,9
3,2904,2903,1791058689362484,1791058689364123,1639,0,3,8,8,8,9,4,20
3,2905,2904,1791058689412484,1791058689413789,1305,0,4,9,9,9,8,4,20
3,2906,2905,1791058689462484,1791058689463789,1305,0,5,9,9,9,9,6,30
3,2907,2906,1791058689512484,1791058689513627,1143,0,6,7,7,7,6,4,20
3,2908,2907,1791058689562484,1791058689563910,1426,0,7,11,11,11,9,4,20
3,2909,2908,1791058689612484,1791058689613615,1131,0,8,6,6,6,5,2,10
3,2910,2909,1791058689662484,1791058689663689,1205,0,9,12,12,12,11,4,20
3,2911,2910,1791058689712484,1791058689713526,1042,0,10,10,10,10,9,8,37
3,2912,2911,1791058689762484,1791058689763874,1390,0,11,12,12,12,12,10,48
3,2913,2912,1791058689812484,1791058689813913,1429,0,12,10,10,10,8,6,25
3,2914,2913,1791058689862484,1791058689863866,1382,0,13,10,10,10,9,4,15
3,2915,2914,1791058689912484,1791058689913756,1272,0,14,11,11,11,10,6,30
3,2916,2915,1791058689962484,1791058689963820,1336,0,15,16,16,16,13,10,50
3,2917,2916,1791058690012484,1791058690013904,1420,0,16,13,13,13,12,6,29
3,2918,2917,1791058690062484,1791058690064246,1762,0,17,11,11,11,11,6,21
3,2919,2918,1791058690112484,1791058690113810,1326,0,18,7,7,7,7,6,30
3,2920,2919,1791058690162484,1791058690163796,1312,0,19,10,10,10,8,4,20
3,2921,2920,1791058690212484,1791058690213748,1264,0,0,7,7,7,5,2,10
3,2922,2921,1791058690262484,1791058690263684,1200,0,1,13,13,13,13,12,53
3,2923,2922,1791058690312484,1791058690313642,1158,0,2,8,8,8,8,6,22
3,2924,2923,1791058690362484,1791058690363993,1509,0,3,8,8,8,9,5,19
3,2925,2924,1791058690412484,1791058690413696,1212,0,4,9,9,9,8,4,15
3,2926,2925,1791058690462484,1791058690463682,1198,0,5,9,9,9,9,8,40
3,2927,2926,1791058690512484,1791058690513322,838,0,6,7,7,7,7,2,10
3,2928,2927,1791058690562484,1791058690563950,1466,0,7,11,11,11,9,6,30
3,2929,2928,1791058690612484,1791058690613566,1082,0,8,6,6,6,5,4,14
3,2930,2929,1791058690662484,1791058690664314,1830,0,9,12,12,12,9,8,40
3,2931,2930,1791058690712484,1791058690714175,1691,0,10,10,10,10,9,7,26
3,2932,2931,1791058690762484,1791058690763780,1296,0,11,12,12,12,13,11,47
3,2933,2932,1791058690812484,1791058690813723,1239,0,12,10,10,10,9,6,26
3,2934,2933,1791058690862484,1791058690863327,843,0,13,10,10,10,9,6,25
3,2935,2934,1791058690912484,1791058690913355,871,0,14,11,11,11,8,6,25
3,2936,2935,1791058690962484,1791058690963801,1317,0,15,16,16,16,15,14,64
3,2937,2936,1791058691012484,1791058691013496,1012,0,16,13,13,13,12,6,29
3,2938,2937,1791058691062484,1791058691064186,1702,0,17,11,11,11,10,4,20
3,2939,2938,1791058691112484,1791058691114112,1628,0,18,7,7,7,7,6,30
3,2940,2939,1791058691162484,1791058691164176,1692,0,19,10,10,10,9,6,21
3,2941,2940,1791058691212484,1791058691214090,1606,0,0,7,7,7,7,2,10
3,2942,2941,1791058691262484,1791058691263840,1356,0,1,13,13,13,13,10,50
3,2943,2942,1791058691312484,1791058691314012,1528,0,2,8,8,8,8,6,23
3,2944,2943,1791058691362484,1791058691363823,1339,0,3,8,8,8,8,4,20
3,2945,2944,1791058691412484,1791058691413527,1043,0,4,9,9,9,9,6,29
3,2946,2945,1791058691462484,1791058691463521,1037,0,5,9,9,9,9,6,28
3,2947,2946,1791058691512484,1791058691514327,1843,0,6,7,7,7,5,4,17
3,2948,2947,1791058691562484,1791058691563957,1473,0,7,11,11,11,11,9,39
3,2949,2948,1791058691612484,1791058691613911,1427,0,8,6,6,6,5,0,0
3,2950,2949,1791058691662484,1791058691663820,1336,0,9,12,12,12,11,4,20
3,2951,2950,1791058691712484,1791058691713781,1297,0,10,10,10,10,10,10,44
3,2952,2951,1791058691762484,1791058691763888,1404,0,11,12,12,12,12,12,53
3,2953,2952,1791058691812484,1791058691813715,1231,0,12,10,10,10,9,6,23
3,2954,2953,1791058691862484,1791058691863873,1389,0,13,10,10,10,9,6,25
3,2955,2954,1791058691912484,1791058691914219,1735,0,14,11,11,11,9,6,24
3,2956,2955,1791058691962484,1791058691963828,1344,0,15,16,16,16,16,15,65
3,2957,2956,1791058692012484,1791058692013672,1188,0,16,13,13,13,13,9,33
3,2958,2957,1791058692062484,1791058692063891,1407,0,17,11,11,11,10,6,22
3,2959,2958,1791058692112484,1791058692113760,1276,0,18,7,7,7,7,6,30
3,2960,2959,1791058692162484,1791058692163877,1393,0,19,10,10,10,8,4,18
3,2961,2960,1791058692212484,1791058692213635,1151,0,0,7,7,7,5,2,10
3,2962,2961,1791058692262484,1791058692263640,1156,0,1,13,13,13,12,10,43
3,2963,2962,1791058692312484,1791058692313526,1042,0,2,8,8,8,8,6,30
3,2964,2963,1791058692362484,1791058692363957,1473,0,3,8,8,8,8,7,24
3,2965,2964,1791058692412484,1791058692413875,1391,0,4,9,9,9,8,8,33
3,2966,2965,1791058692462484,1791058692463818,1334,0,5,9,9,9,9,6,25
3,2967,2966,1791058692512484,1791058692513551,1067,0,6,7,7,7,7,4,15
3,2968,2967,1791058692562484,1791058692563850,1366,0,7,11,11,11,10,6,30
3,2969,2968,1791058692612484,1791058692613551,1067,0,8,6,6,6,5,2,10
3,2970,2969,1791058692662484,1791058692664037,1553,0,9,12,12,12,12,8,39
3,2971,2970,1791058692712484,1791058692713939,1455,0,10,10,10,10,9,6,30
3,2972,2971,1791058692762484,1791058692763809,1325,0,11,12,12,12,12,10,41
3,2973,2972,1791058692812484,1791058692814324,1840,0,12,10,10,10,10,8,33
3,2974,2973,1791058692862484,1791058692864059,1575,0,13,10,10,10,8,6,27
3,2975,2974,1791058692912484,1791058692914073,1589,0,14,11,11,11,10,10,39
3,2976,2975,1791058692962484,1791058692964009,1525,0,15,16,16,16,15,15,63
3,2977,2976,1791058693012484,1791058693014011,1527,0,16,13,13,13,10,4,20
3,2978,2977,1791058693062484,1791058693064230,1746,0,17,11,11,11,11,5,18
3,2979,2978,1791058693112484,1791058693113385,901,0,18,7,7,7,7,6,30
3,2980,2979,1791058693162484,1791058693164050,1566,0,19,10,10,10,11,7,21
3,2981,2980,1791058693212484,1791058693213586,1102,0,0,7,7,7,6,2,10
3,2982,2981,1791058693262484,1791058693263541,1057,0,1,13,13,13,12,10,50
3,2983,2982,1791058693312484,1791058693313541,1057,0,2,8,8,8,8,6,30
3,2984,2983,1791058693362484,1791058693363964,1480,0,3,8,8,8,7,2,10
3,2985,2984,1791058693412484,1791058693414078,1594,0,4,9,9,9,8,4,20
3,2986,2985,1791058693462484,1791058693464125,1641,0,5,9,9,9,8,6,30
3,2987,2986,1791058693512484,1791058693514120,1636,0,6,7,7,7,7,4,12
3,2988,2987,1791058693562484,1791058693563811,1327,0,7,11,11,11,12,11,42
3,2989,2988,1791058693612484,1791058693613663,1179,0,8,6,6,6,5,2,2
3,2990,2989,1791058693662484,1791058693663503,1019,0,9,12,12,12,11,6,24
3,2991,2990,1791058693712484,1791058693714370,1886,0,10,10,10,10,10,10,45
3,2992,2991,1791058693762484,1791058693763882,1398,0,11,12,12,12,12,10,50
3,2993,2992,1791058693812484,1791058693814255,1771,0,12,10,10,10,10,7,29
3,2994,2993,1791058693862484,1791058693864272,1788,0,13,10,10,10,10,7,25
3,2995,2994,1791058693912484,1791058693914273,1789,0,14,11,11,11,10,8,35
3,2996,2995,1791058693962484,1791058693963843,1359,0,15,16,16,16,16,15,64
3,2997,2996,1791058694012484,1791058694013851,1367,0,16,13,13,13,10,6,30
3,2998,2997,1791058694062484,1791058694064200,1716,0,17,11,11,11,9,8,31
3,2999,2998,1791058694112484,1791058694114268,1784,0,18,7,7,7,7,6,24
3,3000,2999,1791058694162484,1791058694163979,1495,0,19,10,10,10,8,6,28
3,3001,3000,1791058694212484,1791058694213806,1322,0,0,7,7,7,7,6,26
3,3002,3001,1791058694262484,1791058694263860,1376,0,1,13,13,13,12,10,48
3,3003,3002,1791058694312484,1791058694313916,1432,0,2,8,8,8,8,6,30
3,3004,3003,1791058694362484,1791058694363854,1370,0,3,8,8,8,8,7,27
3,3005,3004,1791058694412484,1791058694413782,1298,0,4,9,9,9,9,8,35
3,3006,3005,1791058694462484,1791058694463865,1381,0,5,9,9,9,9,8,33
3,3007,3006,1791058694512484,1791058694513687,1203,0,6,7,7,7,7,2,10
3,3008,3007,1791058694562484,1791058694563750,1266,0,7,11,11,11,11,10,44
3,3009,3008,1791058694612484,1791058694613480,996,0,8,6,6,6,4,0,0
3,3010,3009,1791058694662484,1791058694664277,1793,0,9,12,12,12,10,4,20
3,3011,3010,1791058694712484,1791058694713986,1502,0,10,10,10,10,9,8,40
3,3012,3011,1791058694762484,1791058694763755,1271,0,11,12,12,12,13,12,51
3,3013,3012,1791058694812484,1791058694813449,965,0,12,10,10,10,8,6,25
3,3014,3013,1791058694862484,1791058694864209,1725,0,13,10,10,10,8,4,20
3,3015,3014,1791058694912484,1791058694914182,1698,0,14,11,11,11,10,6,30
3,3016,3015,1791058694962484,1791058694963825,1341,0,15,16,16,16,17,16,75
3,3017,3016,1791058695012484,1791058695013873,1389,0,16,13,13,13,12,8,32
3,3018,3017,1791058695062484,1791058695064043,1559,0,17,11,11,11,11,10,41
3,3019,3018,1791058695112484,1791058695114233,1749,0,18,7,7,7,6,4,20
3,3020,3019,1791058695162484,1791058695163815,1331,0,19,10,10,10,9,9,37
3,3021,3020,1791058695212484,1791058695213609,1125,0,0,7,7,7,6,4,12
3,3022,3021,1791058695262484,1791058695264315,1831,0,1,13,13,13,13,10,50
3,3023,3022,1791058695312484,1791058695314311,1827,0,2,8,8,8,8,6,25
3,3024,3023,1791058695362484,1791058695363800,1316,0,3,8,8,8,7,2,10
3,3025,3024,1791058695412484,1791058695413743,1259,0,4,9,9,9,9,6,30
3,3026,3025,1791058695462484,1791058695463542,1058,0,5,9,9,9,8,6,25
3,3027,3026,1791058695512484,1791058695513412,928,0,6,7,7,7,7,4,12
3,3028,3027,1791058695562484,1791058695563896,1412,0,7,11,11,11,10,8,35
3,3029,3028,1791058695612484,1791058695613343,859,0,8,6,6,6,5,2,2
3,3030,3029,1791058695662484,1791058695664071,1587,0,9,12,12,12,11,6,30
3,3031,3030,1791058695712484,1791058695714255,1771,0,10,10,10,10,10,10,49
3,3032,3031,1791058695762484,1791058695764112,1628,0,11,12,12,12,12,8,40
3,3033,3032,1791058695812484,1791058695813805,1321,0,12,10,10,10,8,6,21
3,3034,3033,1791058695862484,1791058695863821,1337,0,13,10,10,10,10,10,50
3,3035,3034,1791058695912484,1791058695913544,1060,0,14,11,11,11,9,5,19
3,3036,3035,1791058695962484,1791058695963893,1409,0,15,16,16,16,17,16,64
3,3037,3036,1791058696012484,1791058696013657,1173,0,16,13,13,13,12,9,36
3,3038,3037,1791058696062484,1791058696064258,1774,0,17,11,11,11,11,7,25
3,3039,3038,1791058696112484,1791058696113376,892,0,18,7,7,7,7,6,23
3,3040,3039,1791058696162484,1791058696163786,1302,0,19,10,10,10,10,10,35
3,3041,3040,1791058696212484,1791058696213806,1322,0,0,7,7,7,6,4,16
3,3042,3041,1791058696262484,1791058696263890,1406,0,1,13,13,13,12,8,40
3,3043,3042,1791058696312484,1791058696313912,1428,0,2,8,8,8,8,6,30
3,3044,3043,1791058696362484,1791058696363803,1319,0,3,8,8,8,9,7,28
3,3045,3044,1791058696412484,1791058696413757,1273,0,4,9,9,9,7,7,30
3,3046,3045,1791058696462484,1791058696463848,1364,0,5,9,9,9,9,6,29
3,3047,3046,1791058696512484,1791058696513796,1312,0,6,7,7,7,6,2,9
3,3048,3047,1791058696562484,1791058696563982,1498,0,7,11,11,11,11,10,44
3,3049,3048,1791058696612484,1791058696613828,1344,0,8,6,6,6,5,3,6
3,3050,3049,1791058696662484,1791058696663779,1295,0,9,12,12,12,10,4,20
3,3051,3050,1791058696712484,1791058696713818,1334,0,10,10,10,10,10,10,47
3,3052,3051,1791058696762484,1791058696763828,1344,0,11,12,12,12,12,12,49
3,3053,3052,1791058696812484,1791058696813771,1287,0,12,10,10,10,8,6,25
3,3054,3053,1791058696862484,1791058696863813,1329,0,13,10,10,10,10,7,23
3,3055,3054,1791058696912484,1791058696914001,1517,0,14,11,11,11,9,4,17
3,3056,3055,1791058696962484,1791058696963839,1355,0,15,16,16,16,16,14,69
3,3057,3056,1791058697012484,1791058697013757,1273,0,16,13,13,13,13,6,30
3,3058,3057,1791058697062484,1791058697063976,1492,0,17,11,11,11,10,6,23
3,3059,3058,1791058697112484,1791058697113816,1332,0,18,7,7,7,7,6,29
3,3060,3059,1791058697162484,1791058697163796,1312,0,19,10,10,10,10,10,38
3,3061,3060,1791058697212484,1791058697213564,1080,0,0,7,7,7,7,4,20
3,3062,3061,1791058697262484,1791058697263487,1003,0,1,13,13,13,12,10,45
3,3063,3062,1791058697312484,1791058697314086,1602,0,2,8,8,8,8,6,29
3,3064,3063,1791058697362484,1791058697363980,1496,0,3,8,8,8,8,4,18
3,3065,3064,1791058697412484,1791058697413861,1377,0,4,9,9,9,8,4,12
3,3066,3065,1791058697462484,1791058697463627,1143,0,5,9,9,9,9,8,36
3,3067,3066,1791058697512484,1791058697513625,1141,0,6,7,7,7,7,4,12
3,3068,3067,1791058697562484,1791058697563896,1412,0,7,11,11,11,10,6,30
3,3069,3068,1791058697612484,1791058697613742,1258,0,8,6,6,6,6,4,13
3,3070,3069,1791058697662484,1791058697664179,1695,0,9,12,12,12,12,8,35
3,3071,3070,1791058697712484,1791058697714143,1659,0,10,10,10,10,10,10,42
3,3072,3071,1791058697762484,1791058697763845,1361,0,11,12,12,12,13,10,44
3,3073,3072,1791058697812484,1791058697813662,1178,0,12,10,10,10,10,6,24
3,3074,3073,1791058697862484,1791058697863548,1064,0,13,10,10,10,10,6,30
3,3075,3074,1791058697912484,1791058697913542,1058,0,14,11,11,11,11,6,26
3,3076,3075,1791058697962484,1791058697963994,1510,0,15,16,16,16,17,15,63
3,3077,3076,1791058698012484,1791058698013890,1406,0,16,13,13,13,11,6,30
3,3078,3077,1791058698062484,1791058698063774,1290,0,17,11,11,11,11,4,19
3,3079,3078,1791058698112484,1791058698113518,1034,0,18,7,7,7,7,6,22
3,3080,3079,1791058698162484,1791058698163801,1317,0,19,10,10,10,10,7,24
3,3081,3080,1791058698212484,1791058698213848,1364,0,0,7,7,7,7,4,20
3,3082,3081,1791058698262484,1791058698263993,1509,0,1,13,13,13,13,11,50
3,3083,3082,1791058698312484,1791058698314126,1642,0,2,8,8,8,7,4,20
3,3084,3083,1791058698362484,1791058698363805,1321,0,3,8,8,8,9,7,22
3,3085,3084,1791058698412484,1791058698413945,1461,0,4,9,9,9,9,8,37
3,3086,3085,1791058698462484,1791058698464209,1725,0,5,9,9,9,8,6,21
3,3087,3086,1791058698512484,1791058698513463,979,0,6,7,7,7,7,6,25
3,3088,3087,1791058698562484,1791058698563938,1454,0,7,11,11,11,11,8,40
3,3089,3088,1791058698612484,1791058698613812,1328,0,8,6,6,6,5,3,9
3,3090,3089,1791058698662484,1791058698663509,1025,0,9,12,12,12,12,8,40
3,3091,3090,1791058698712484,1791058698714273,1789,0,10,10,10,10,10,7,27
3,3092,3091,1791058698762484,1791058698763918,1434,0,11,12,12,12,13,12,51
3,3093,3092,1791058698812484,1791058698813968,1484,0,12,10,10,10,9,6,24
3,3094,3093,1791058698862484,1791058698863839,1355,0,13,10,10,10,10,6,30
3,3095,3094,1791058698912484,1791058698913653,1169,0,14,11,11,11,9,8,35
3,3096,3095,1791058698962484,1791058698964218,1734,0,15,16,16,16,16,12,55
3,3097,3096,1791058699012484,1791058699014001,1517,0,16,13,13,13,12,9,35
3,3098,3097,1791058699062484,1791058699064213,1729,0,17,11,11,11,9,9,36
3,3099,3098,1791058699112484,1791058699114266,1782,0,18,7,7,7,7,6,24
3,3100,3099,1791058699162484,1791058699163908,1424,0,19,10,10,10,8,4,14
3,3101,3100,1791058699212484,1791058699213488,1004,0,0,7,7,7,7,2,10
3,3102,3101,1791058699262484,1791058699263606,1122,0,1,13,13,13,12,12,58
3,3103,3102,1791058699312484,1791058699313681,1197,0,2,8,8,8,7,6,23
3,3104,3103,1791058699362484,1791058699363773,1289,0,3,8,8,8,9,7,28
3,3105,3104,1791058699412484,1791058699413505,1021,0,4,9,9,9,9,9,40
3,3106,3105,1791058699462484,1791058699464291,1807,0,5,9,9,9,7,5,13
3,3107,3106,1791058699512484,1791058699514250,1766,0,6,7,7,7,6,5,14
3,3108,3107,1791058699562484,1791058699563799,1315,0,7,11,11,11,12,12,50
3,3109,3108,1791058699612484,1791058699613722,1238,0,8,6,6,6,5,0,0
3,3110,3109,1791058699662484,1791058699663290,806,0,9,12,12,12,11,4,20
3,3111,3110,1791058699712484,1791058699714081,1597,0,10,10,10,10,10,10,50
3,3112,3111,1791058699762484,1791058699763824,1340,0,11,12,12,12,10,8,40
3,3113,3112,1791058699812484,1791058699813717,1233,0,12,10,10,10,7,4,20
3,3114,3113,1791058699862484,1791058699863691,1207,0,13,10,10,10,8,6,30
3,3115,3114,1791058699912484,1791058699913996,1512,0,14,11,11,11,10,9,40
3,3116,3115,1791058699962484,1791058699964009,1525,0,15,16,16,16,17,14,54
3,3117,3116,1791058700012484,1791058700013915,1431,0,16,13,13,13,11,7,21
3,3118,3117,1791058700062484,1791058700064078,1594,0,17,11,11,11,10,4,20
3,3119,3118,1791058700112484,1791058700114136,1652,0,18,7,7,7,7,6,30
3,3120,3119,1791058700162484,1791058700163800,1316,0,19,10,10,10,6,4,15
3,3121,3120,1791058700212484,1791058700213849,1365,0,0,7,7,7,6,4,15
3,3122,3121,1791058700262484,1791058700264131,1647,0,1,13,13,13,11,8,36
3,3123,3122,1791058700312484,1791058700314144,1660,0,2,8,8,8,8,6,30
3,3124,3123,1791058700362484,1791058700364089,1605,0,3,8,8,8,8,5,18
3,3125,3124,1791058700412484,1791058700414070,1586,0,4,9,9,9,9,6,30
3,3126,3125,1791058700462484,1791058700463991,1507,0,5,9,9,9,8,8,35
3,3127,3126,1791058700512484,1791058700513538,1054,0,6,7,7,7,7,4,11
3,3128,3127,1791058700562484,1791058700563958,1474,0,7,11,11,11,12,8,33
3,3129,3128,1791058700612484,1791058700613329,845,0,8,6,6,6,5,4,18
3,3130,3129,1791058700662484,1791058700663318,834,0,9,12,12,12,10,10,41
3,3131,3130,1791058700712484,1791058700714186,1702,0,10,10,10,10,7,6,24
3,3132,3131,1791058700762484,1791058700763899,1415,0,11,12,12,12,11,8,40
3,3133,3132,1791058700812484,1791058700813530,1046,0,12,10,10,10,10,6,22
3,3134,3133,1791058700862484,1791058700864145,1661,0,13,10,10,10,9,6,26
3,3135,3134,1791058700912484,1791058700914250,1766,0,14,11,11,11,11,7,23
3,3136,3135,1791058700962484,1791058700964001,1517,0,15,16,16,16,16,14,67
3,3137,3136,1791058701012484,1791058701014166,1682,0,16,13,13,13,12,8,34
3,3138,3137,1791058701062484,1791058701064055,1571,0,17,11,11,11,8,6,30
3,3139,3138,1791058701112484,1791058701114060,1576,0,18,7,7,7,7,6,30
3,3140,3139,1791058701162484,1791058701164031,1547,0,19,10,10,10,11,4,11
3,3141,3140,1791058701212484,1791058701213650,1166,0,0,7,7,7,7,2,10
3,3142,3141,1791058701262484,1791058701263348,864,0,1,13,13,13,12,10,50
3,3143,3142,1791058701312484,1791058701314130,1646,0,2,8,8,8,8,6,30
3,3144,3143,1791058701362484,1791058701364296,1812,0,3,8,8,8,8,6,22
3,3145,3144,1791058701412484,1791058701413369,885,0,4,9,9,9,8,7,29
3,3146,3145,1791058701462484,1791058701464039,1555,0,5,9,9,9,8,6,30
3,3147,3146,1791058701512484,1791058701514242,1758,0,6,7,7,7,7,5,19
3,3148,3147,1791058701562484,1791058701563954,1470,0,7,11,11,11,10,8,33
3,3149,3148,1791058701612484,1791058701614110,1626,0,8,6,6,6,6,4,14
3,3150,3149,1791058701662484,1791058701663337,853,0,9,12,12,12,11,11,47
3,3151,3150,1791058701712484,1791058701714116,1632,0,10,10,10,10,10,8,34
3,3152,3151,1791058701762484,1791058701763765,1281,0,11,12,12,12,13,12,60
3,3153,3152,1791058701812484,1791058701813826,1342,0,12,10,10,10,7,4,20
3,3154,3153,1791058701862484,1791058701863832,1348,0,13,10,10,10,9,8,32
3,3155,3154,1791058701912484,1791058701913695,1211,0,14,11,11,11,11,9,40
3,3156,3155,1791058701962484,1791058701963802,1318,0,15,16,16,16,16,11,40
3,3157,3156,1791058702012484,1791058702013842,1358,0,16,13,13,13,12,12,47
3,3158,3157,1791058702062484,1791058702063940,1456,0,17,11,11,11,11,7,28
3,3159,3158,1791058702112484,1791058702113809,1325,0,18,7,7,7,6,2,10
3,3160,3159,1791058702162484,1791058702163990,1506,0,19,10,10,10,9,6,25
3,3161,3160,1791058702212484,1791058702213781,1297,0,0,7,7,7,5,2,10
3,3162,3161,1791058702262484,1791058702263707,1223,0,1,13,13,13,13,10,50
3,3163,3162,1791058702312484,1791058702313911,1427,0,2,8,8,8,8,6,30
3,3164,3163,1791058702362484,1791058702363854,1370,0,3,8,8,8,9,7,24
3,3165,3164,1791058702412484,1791058702413657,1173,0,4,9,9,9,9,9,37
3,3166,3165,1791058702462484,1791058702463593,1109,0,5,9,9,9,9,6,27
3,3167,3166,1791058702512484,1791058702513608,1124,0,6,7,7,7,7,4,16
3,3168,3167,1791058702562484,1791058702564067,1583,0,7,11,11,11,10,6,30
3,3169,3168,1791058702612484,1791058702613592,1108,0,8,6,6,6,5,2,10
3,3170,3169,1791058702662484,1791058702663506,1022,0,9,12,12,12,12,8,36
3,3171,3170,1791058702712484,1791058702713507,1023,0,10,10,10,10,10,8,40
3,3172,3171,1791058702762484,1791058702763849,1365,0,11,12,12,12,12,12,51
3,3173,3172,1791058702812484,1791058702813360,876,0,12,10,10,10,10,6,28
3,3174,3173,1791058702862484,1791058702864169,1685,0,13,10,10,10,9,4,20
3,3175,3174,1791058702912484,1791058702914157,1673,0,14,11,11,11,10,6,30
3,3176,3175,1791058702962484,1791058702964134,1650,0,15,16,16,16,16,15,70
3,3177,3176,1791058703012484,1791058703014007,1523,0,16,13,13,13,13,8,36
3,3178,3177,1791058703062484,1791058703063977,1493,0,17,11,11,11,10,9,34
3,3179,3178,1791058703112484,1791058703114072,1588,0,18,7,7,7,7,6,30
3,3180,3179,1791058703162484,1791058703163816,1332,0,19,10,10,10,10,5,14
3,3181,3180,1791058703212484,1791058703213562,1078,0,0,7,7,7,7,2,10
3,3182,3181,1791058703262484,1791058703263527,1043,0,1,13,13,13,13,10,45
3,3183,3182,1791058703312484,1791058703313623,1139,0,2,8,8,8,8,6,30
3,3184,3183,1791058703362484,1791058703363825,1341,0,3,8,8,8,9,7,27
3,3185,3184,1791058703412484,1791058703413749,1265,0,4,9,9,9,9,8,40
3,3186,3185,1791058703462484,1791058703463740,1256,0,5,9,9,9,5,4,18
3,3187,3186,1791058703512484,1791058703514323,1839,0,6,7,7,7,7,2,10
3,3188,3187,1791058703562484,1791058703563753,1269,0,7,11,11,11,11,10,44
3,3189,3188,1791058703612484,1791058703613467,983,0,8,6,6,6,4,4,11
3,3190,3189,1791058703662484,1791058703664174,1690,0,9,12,12,12,12,11,48
3,3191,3190,1791058703712484,1791058703713701,1217,0,10,10,10,10,8,6,25
3,3192,3191,1791058703762484,1791058703763871,1387,0,11,12,12,12,13,10,49
3,3193,3192,1791058703812484,1791058703813671,1187,0,12,10,10,10,10,6,30
3,3194,3193,1791058703862484,1791058703863506,1022,0,13,10,10,10,9,2,10
3,3195,3194,1791058703912484,1791058703913566,1082,0,14,11,11,11,10,6,30
3,3196,3195,1791058703962484,1791058703964136,1652,0,15,16,16,16,14,14,61
3,3197,3196,1791058704012484,1791058704014282,1798,0,16,13,13,13,11,8,33
3,3198,3197,1791058704062484,1791058704064364,1880,0,17,11,11,11,8,8,34
3,3199,3198,1791058704112484,1791058704113359,875,0,18,7,7,7,7,6,30
3,3200,3199,1791058704162484,1791058704163823,1339,0,19,10,10,10,10,5,20
3,3201,3200,1791058704212484,1791058704213859,1375,0,0,7,7,7,7,4,17
3,3202,3201,1791058704262484,1791058704263963,1479,0,1,13,13,13,12,10,44
3,3203,3202,1791058704312484,1791058704313751,1267,0,2,8,8,8,8,6,30
3,3204,3203,1791058704362484,1791058704363970,1486,0,3,8,8,8,8,8,37
3,3205,3204,1791058704412484,1791058704413842,1358,0,4,9,9,9,8,6,30
3,3206,3205,1791058704462484,1791058704464140,1656,0,5,9,9,9,7,7,30
3,3207,3206,1791058704512484,1791058704513992,1508,0,6,7,7,7,6,0,0
3,3208,3207,1791058704562484,1791058704564112,1628,0,7,11,11,11,12,8,40
3,3209,3208,1791058704612484,1791058704614094,1610,0,8,6,6,6,4,2,10
3,3210,3209,1791058704662484,1791058704663894,1410,0,9,12,12,12,11,8,40
3,3211,3210,1791058704712484,1791058704714160,1676,0,10,10,10,10,9,6,30
3,3212,3211,1791058704762484,1791058704763741,1257,0,11,12,12,12,12,10,50
3,3213,3212,1791058704812484,1791058704814182,1698,0,12,10,10,10,9,6,30
3,3214,3213,1791058704862484,1791058704864124,1640,0,13,10,10,10,8,5,19
3,3215,3214,1791058704912484,1791058704914131,1647,0,14,11,11,11,11,6,30
3,3216,3215,1791058704962484,1791058704963999,1515,0,15,16,16,16,16,14,62
3,3217,3216,1791058705012484,1791058705013879,1395,0,16,13,13,13,13,8,33
3,3218,3217,1791058705062484,1791058705064117,1633,0,17,11,11,11,11,7,24
3,3219,3218,1791058705112484,1791058705113715,1231,0,18,7,7,7,7,6,30
3,3220,3219,1791058705162484,1791058705163814,1330,0,19,10,10,10,7,6,21
3,3221,3220,1791058705212484,1791058705214048,1564,0,0,7,7,7,7,4,20
3,3222,3221,1791058705262484,1791058705263387,903,0,1,13,13,13,12,8,40
3,3223,3222,1791058705312484,1791058705313664,1180,0,2,8,8,8,8,6,30
3,3224,3223,1791058705362484,1791058705363804,1320,0,3,8,8,8,8,6,21
3,3225,3224,1791058705412484,1791058705413707,1223,0,4,9,9,9,9,6,24
3,3226,3225,1791058705462484,1791058705463718,1234,0,5,9,9,9,9,6,27
3,3227,3226,1791058705512484,1791058705513596,1112,0,6,7,7,7,7,4,20
3,3228,3227,1791058705562484,1791058705564234,1750,0,7,11,11,11,12,9,40
3,3229,3228,1791058705612484,1791058705614245,1761,0,8,6,6,6,6,3,10
3,3230,3229,1791058705662484,1791058705664353,1869,0,9,12,12,12,11,8,40
3,3231,3230,1791058705712484,1791058705713474,990,0,10,10,10,10,10,8,32
3,3232,3231,1791058705762484,1791058705763992,1508,0,11,12,12,12,12,10,50
3,3233,3232,1791058705812484,1791058705813948,1464,0,12,10,10,10,10,6,24
3,3234,3233,1791058705862484,1791058705863994,1510,0,13,10,10,10,8,4,16
3,3235,3234,1791058705912484,1791058705913975,1491,0,14,11,11,11,11,6,30
3,3236,3235,1791058705962484,1791058705964317,1833,0,15,16,16,16,17,17,75
3,3237,3236,1791058706012484,1791058706014199,1715,0,16,13,13,13,11,8,32
3,3238,3237,1791058706062484,1791058706064347,1863,0,17,11,11,11,10,7,28
3,3239,3238,1791058706112484,1791058706114258,1774,0,18,7,7,7,7,6,30
3,3240,3239,1791058706162484,1791058706164067,1583,0,19,10,10,10,9,5,18
3,3241,3240,1791058706212484,1791058706214044,1560,0,0,7,7,7,6,4,19
3,3242,3241,1791058706262484,1791058706263983,1499,0,1,13,13,13,13,10,45
3,3243,3242,1791058706312484,1791058706313753,1269,0,2,8,8,8,8,6,30
3,3244,3243,1791058706362484,1791058706364107,1623,0,3,8,8,8,9,8,30
3,3245,3244,1791058706412484,1791058706414220,1736,0,4,9,9,9,8,8,40
3,3246,3245,1791058706462484,1791058706464323,1839,0,5,9,9,9,9,8,31
3,3247,3246,1791058706512484,1791058706513324,840,0,6,7,7,7,7,2,10
3,3248,3247,1791058706562484,1791058706564039,1555,0,7,11,11,11,12,8,35
3,3249,3248,1791058706612484,1791058706613344,860,0,8,6,6,6,6,2,4
3,3250,3249,1791058706662484,1791058706663447,963,0,9,12,12,12,12,8,40
3,3251,3250,1791058706712484,1791058706714352,1868,0,10,10,10,10,10,9,38
3,3252,3251,1791058706762484,1791058706763795,1311,0,11,12,12,12,11,10,50
3,3253,3252,1791058706812484,1791058706814293,1809,0,12,10,10,10,10,9,37
3,3254,3253,1791058706862484,1791058706864321,1837,0,13,10,10,10,8,6,25
3,3255,3254,1791058706912484,1791058706914205,1721,0,14,11,11,11,9,9,39
3,3256,3255,1791058706962484,1791058706963787,1303,0,15,16,16,16,16,12,53
3,3257,3256,1791058707012484,1791058707013939,1455,0,16,13,13,13,10,6,30
3,3258,3257,1791058707062484,1791058707063884,1400,0,17,11,11,11,11,10,36
3,3259,3258,1791058707112484,1791058707113756,1272,0,18,7,7,7,7,6,25
3,3260,3259,1791058707162484,1791058707163958,1474,0,19,10,10,10,9,9,26
3,3261,3260,1791058707212484,1791058707213768,1284,0,0,7,7,7,7,4,18
3,3262,3261,1791058707262484,1791058707263726,1242,0,1,13,13,13,12,8,40
3,3263,3262,1791058707312484,1791058707313681,1197,0,2,8,8,8,8,6,30
3,3264,3263,1791058707362484,1791058707363778,1294,0,3,8,8,8,8,8,34
3,3265,3264,1791058707412484,1791058707413692,1208,0,4,9,9,9,9,8,40
3,3266,3265,1791058707462484,1791058707463625,1141,0,5,9,9,9,6,6,27
3,3267,3266,1791058707512484,1791058707513460,976,0,6,7,7,7,6,2,10
3,3268,3267,1791058707562484,1791058707564060,1576,0,7,11,11,11,12,9,34
3,3269,3268,1791058707612484,1791058707613915,1431,0,8,6,6,6,6,4,17
3,3270,3269,1791058707662484,1791058707663949,1465,0,9,12,12,12,12,8,40
3,3271,3270,1791058707712484,1791058707714062,1578,0,10,10,10,10,10,10,47
3,3272,3271,1791058707762484,1791058707763893,1409,0,11,12,12,12,10,9,40
3,3273,3272,1791058707812484,1791058707813942,1458,0,12,10,10,10,7,4,20
3,3274,3273,1791058707862484,1791058707864031,1547,0,13,10,10,10,9,7,25
3,3275,3274,1791058707912484,1791058707914001,1517,0,14,11,11,11,10,8,34
3,3276,3275,1791058707962484,1791058707963793,1309,0,15,16,16,16,16,16,64
3,3277,3276,1791058708012484,1791058708013708,1224,0,16,13,13,13,9,7,29
3,3278,3277,1791058708062484,1791058708063814,1330,0,17,11,11,11,8,5,20
3,3279,3278,1791058708112484,1791058708114168,1684,0,18,7,7,7,7,6,30
3,3280,3279,1791058708162484,1791058708164014,1530,0,19,10,10,10,9,8,33
3,3281,3280,1791058708212484,1791058708213818,1334,0,0,7,7,7,7,4,20
3,3282,3281,1791058708262484,1791058708263981,1497,0,1,13,13,13,12,10,50
3,3283,3282,1791058708312484,1791058708313770,1286,0,2,8,8,8,8,5,19
3,3284,3283,1791058708362484,1791058708363958,1474,0,3,8,8,8,8,5,13
3,3285,3284,1791058708412484,1791058708413783,1299,0,4,9,9,9,9,6,29
3,3286,3285,1791058708462484,1791058708463854,1370,0,5,9,9,9,8,6,26
3,3287,3286,1791058708512484,1791058708513869,1385,0,6,7,7,7,7,2,10
3,3288,3287,1791058708562484,1791058708563812,1328,0,7,11,11,11,11,6,30
3,3289,3288,1791058708612484,1791058708613671,1187,0,8,6,6,6,6,4,14
3,3290,3289,1791058708662484,1791058708664341,1857,0,9,12,12,12,12,8,35
3,3291,3290,1791058708712484,1791058708713340,856,0,10,10,10,10,9,6,30
3,3292,3291,1791058708762484,1791058708764111,1627,0,11,12,12,12,13,11,48
3,3293,3292,1791058708812484,1791058708813982,1498,0,12,10,10,10,10,6,30
3,3294,3293,1791058708862484,1791058708863733,1249,0,13,10,10,10,9,6,26
3,3295,3294,1791058708912484,1791058708913950,1466,0,14,11,11,11,10,6,30
3,3296,3295,1791058708962484,1791058708963776,1292,0,15,16,16,16,14,12,58
3,3297,3296,1791058709012484,1791058709013758,1274,0,16,13,13,13,12,8,33
3,3298,3297,1791058709062484,1791058709063628,1144,0,17,11,11,11,11,9,35
3,3299,3298,1791058709112484,1791058709113746,1262,0,18,7,7,7,7,6,30
3,3300,3299,1791058709162484,1791058709163963,1479,0,19,10,10,10,9,5,20
3,3301,3300,1791058709212484,1791058709213788,1304,0,0,7,7,7,7,4,16
3,3302,3301,1791058709262484,1791058709263997,1513,0,1,13,13,13,12,10,46
3,3303,3302,1791058709312484,1791058709314200,1716,0,2,8,8,8,8,6,28
3,3304,3303,1791058709362484,1791058709363988,1504,0,3,8,8,8,8,7,27
3,3305,3304,1791058709412484,1791058709414197,1713,0,4,9,9,9,8,6,30
3,3306,3305,1791058709462484,1791058709463528,1044,0,5,9,9,9,8,6,22
3,3307,3306,1791058709512484,1791058709513674,1190,0,6,7,7,7,7,6,27
3,3308,3307,1791058709562484,1791058709564020,1536,0,7,11,11,11,12,10,36
3,3309,3308,1791058709612484,1791058709613497,1013,0,8,6,6,6,5,2,7
3,3310,3309,1791058709662484,1791058709664240,1756,0,9,12,12,12,12,8,38
3,3311,3310,1791058709712484,1791058709713348,864,0,10,10,10,10,10,8,40
3,3312,3311,1791058709762484,1791058709763940,1456,0,11,12,12,12,12,12,55
3,3313,3312,1791058709812484,1791058709814319,1835,0,12,10,10,10,8,4,20
3,3314,3313,1791058709862484,1791058709863398,914,0,13,10,10,10,10,7,25
3,3315,3314,1791058709912484,1791058709914159,1675,0,14,11,11,11,9,7,26
3,3316,3315,1791058709962484,1791058709963833,1349,0,15,16,16,16,16,15,65
3,3317,3316,1791058710012484,1791058710013550,1066,0,16,13,13,13,12,9,40
3,3318,3317,1791058710062484,1791058710063370,886,0,17,11,11,11,11,10,46
3,3319,3318,1791058710112484,1791058710114268,1784,0,18,7,7,7,7,6,30
3,3320,3319,1791058710162484,1791058710163846,1362,0,19,10,10,10,10,4,16
3,3321,3320,1791058710212484,1791058710213770,1286,0,0,7,7,7,7,2,10
3,3322,3321,1791058710262484,1791058710263617,1133,0,1,13,13,13,12,10,47
3,3323,3322,1791058710312484,1791058710314333,1849,0,2,8,8,8,8,6,30
3,3324,3323,1791058710362484,1791058710363845,1361,0,3,8,8,8,8,8,39
3,3325,3324,1791058710412484,1791058710413860,1376,0,4,9,9,9,9,8,40
3,3326,3325,1791058710462484,1791058710463990,1506,0,5,9,9,9,9,9,35
3,3327,3326,1791058710512484,1791058710514150,1666,0,6,7,7,7,6,2,3
3,3328,3327,1791058710562484,1791058710563827,1343,0,7,11,11,11,12,8,40
3,3329,3328,1791058710612484,1791058710613895,1411,0,8,6,6,6,5,2,9
3,3330,3329,1791058710662484,1791058710663829,1345,0,9,12,12,12,12,8,37
3,3331,3330,1791058710712484,1791058710713760,1276,0,10,10,10,10,10,10,45
3,3332,3331,1791058710762484,1791058710763790,1306,0,11,12,12,12,12,11,50
3,3333,3332,1791058710812484,1791058710814095,1611,0,12,10,10,10,9,6,29
3,3334,3333,1791058710862484,1791058710864236,1752,0,13,10,10,10,8,5,17
3,3335,3334,1791058710912484,1791058710913573,1089,0,14,11,11,11,11,6,30
3,3336,3335,1791058710962484,1791058710963848,1364,0,15,16,16,16,15,14,66
3,3337,3336,1791058711012484,1791058711013795,1311,0,16,13,13,13,11,6,27
3,3338,3337,1791058711062484,1791058711063566,1082,0,17,11,11,11,10,4,17
3,3339,3338,1791058711112484,1791058711113561,1077,0,18,7,7,7,6,6,30
3,3340,3339,1791058711162484,1791058711163805,1321,0,19,10,10,10,9,4,15
3,3341,3340,1791058711212484,1791058711213763,1279,0,0,7,7,7,7,2,10
3,3342,3341,1791058711262484,1791058711263493,1009,0,1,13,13,13,12,10,50
3,3343,3342,1791058711312484,1791058711313347,863,0,2,8,8,8,8,6,26
3,3344,3343,1791058711362484,1791058711363824,1340,0,3,8,8,8,8,6,30
3,3345,3344,1791058711412484,1791058711413937,1453,0,4,9,9,9,9,9,39
3,3346,3345,1791058711462484,1791058711463902,1418,0,5,9,9,9,8,6,24
3,3347,3346,1791058711512484,1791058711513763,1279,0,6,7,7,7,7,7,20
3,3348,3347,1791058711562484,1791058711563997,1513,0,7,11,11,11,8,7,26
3,3349,3348,1791058711612484,1791058711613982,1498,0,8,6,6,6,6,3,9
3,3350,3349,1791058711662484,1791058711664054,1570,0,9,12,12,12,12,8,40
3,3351,3350,1791058711712484,1791058711713896,1412,0,10,10,10,10,10,10,43
3,3352,3351,1791058711762484,1791058711763888,1404,0,11,12,12,12,12,11,50
3,3353,3352,1791058711812484,1791058711813312,828,0,12,10,10,10,6,4,20
3,3354,3353,1791058711862484,1791058711863614,1130,0,13,10,10,10,10,10,50
3,3355,3354,1791058711912484,1791058711913983,1499,0,14,11,11,11,8,4,13
3,3356,3355,1791058711962484,1791058711963879,1395,0,15,16,16,16,15,12,46
3,3357,3356,1791058712012484,1791058712013997,1513,0,16,13,13,13,10,6,23
3,3358,3357,1791058712062484,1791058712063391,907,0,17,11,11,11,10,5,19
3,3359,3358,1791058712112484,1791058712114354,1870,0,18,7,7,7,7,6,23
3,3360,3359,1791058712162484,1791058712163817,1333,0,19,10,10,10,10,8,40
3,3361,3360,1791058712212484,1791058712213938,1454,0,0,7,7,7,6,4,13
3,3362,3361,1791058712262484,1791058712264171,1687,0,1,13,13,13,12,10,47
3,3363,3362,1791058712312484,1791058712314328,1844,0,2,8,8,8,8,6,30
3,3364,3363,1791058712362484,1791058712363824,1340,0,3,8,8,8,8,7,30
3,3365,3364,1791058712412484,1791058712413911,1427,0,4,9,9,9,8,6,30
3,3366,3365,1791058712462484,1791058712463576,1092,0,5,9,9,9,8,7,29
3,3367,3366,1791058712512484,1791058712513860,1376,0,6,7,7,7,7,2,10
3,3368,3367,1791058712562484,1791058712563992,1508,0,7,11,11,11,10,8,35
3,3369,3368,1791058712612484,1791058712614060,1576,0,8,6,6,6,6,3,9
3,3370,3369,1791058712662484,1791058712664026,1542,0,9,12,12,12,10,6,26
3,3371,3370,1791058712712484,1791058712713942,1458,0,10,10,10,10,10,10,45
3,3372,3371,1791058712762484,1791058712763929,1445,0,11,12,12,12,12,8,31
3,3373,3372,1791058712812484,1791058712814016,1532,0,12,10,10,10,9,4,20
3,3374,3373,1791058712862484,1791058712863941,1457,0,13,10,10,10,10,9,40
3,3375,3374,1791058712912484,1791058712913445,961,0,14,11,11,11,11,7,24
3,3376,3375,1791058712962484,1791058712963954,1470,0,15,16,16,16,17,14,54
3,3377,3376,1791058713012484,1791058713013831,1347,0,16,13,13,13,8,5,18
3,3378,3377,1791058713062484,1791058713063845,1361,0,17,11,11,11,11,2,10
3,3379,3378,1791058713112484,1791058713113714,1230,0,18,7,7,7,6,6,25
3,3380,3379,1791058713162484,1791058713163944,1460,0,19,10,10,10,9,9,20
3,3381,3380,1791058713212484,1791058713213489,1005,0,0,7,7,7,6,2,4
3,3382,3381,1791058713262484,1791058713263334,850,0,1,13,13,13,13,12,60
3,3383,3382,1791058713312484,1791058713313484,1000,0,2,8,8,8,7,4,14
3,3384,3383,1791058713362484,1791058713364002,1518,0,3,8,8,8,8,4,20
3,3385,3384,1791058713412484,1791058713413762,1278,0,4,9,9,9,9,6,29
3,3386,3385,1791058713462484,1791058713463476,992,0,5,9,9,9,8,6,28
3,3387,3386,1791058713512484,1791058713513439,955,0,6,7,7,7,5,4,14
3,3388,3387,1791058713562484,1791058713563797,1313,0,7,11,11,11,10,9,36
3,3389,3388,1791058713612484,1791058713614370,1886,0,8,6,6,6,3,0,0
3,3390,3389,1791058713662484,1791058713664167,1683,0,9,12,12,12,12,4,20
3,3391,3390,1791058713712484,1791058713714083,1599,0,10,10,10,10,10,10,46
3,3392,3391,1791058713762484,1791058713763752,1268,0,11,12,12,12,11,10,46
3,3393,3392,1791058713812484,1791058713813606,1122,0,12,10,10,10,7,6,19
3,3394,3393,1791058713862484,1791058713864241,1757,0,13,10,10,10,8,4,13
3,3395,3394,1791058713912484,1791058713914254,1770,0,14,11,11,11,11,6,30
3,3396,3395,1791058713962484,1791058713963814,1330,0,15,16,16,16,15,14,61
3,3397,3396,1791058714012484,1791058714013634,1150,0,16,13,13,13,12,6,23
3,3398,3397,1791058714062484,1791058714064311,1827,0,17,11,11,11,10,4,14
3,3399,3398,1791058714112484,1791058714114274,1790,0,18,7,7,7,7,6,24
3,3400,3399,1791058714162484,1791058714164030,1546,0,19,10,10,10,9,7,29
3,3401,3400,1791058714212484,1791058714213717,1233,0,0,7,7,7,6,0,0
3,3402,3401,1791058714262484,1791058714264314,1830,0,1,13,13,13,13,12,60
3,3403,3402,1791058714312484,1791058714314201,1717,0,2,8,8,8,6,4,20
3,3404,3403,1791058714362484,1791058714364033,1549,0,3,8,8,8,8,5,17
3,3405,3404,1791058714412484,1791058714413780,1296,0,4,9,9,9,9,6,29
3,3406,3405,1791058714462484,1791058714463750,1266,0,5,9,9,9,8,6,30
3,3407,3406,1791058714512484,1791058714513939,1455,0,6,7,7,7,5,4,19
3,3408,3407,1791058714562484,1791058714564112,1628,0,7,11,11,11,10,7,30
3,3409,3408,1791058714612484,1791058714613944,1460,0,8,6,6,6,6,2,10
3,3410,3409,1791058714662484,1791058714664117,1633,0,9,12,12,12,10,4,20
3,3411,3410,1791058714712484,1791058714713969,1485,0,10,10,10,10,9,8,40
3,3412,3411,1791058714762484,1791058714763847,1363,0,11,12,12,12,12,10,49
3,3413,3412,1791058714812484,1791058714814117,1633,0,12,10,10,10,9,6,24
3,3414,3413,1791058714862484,1791058714863599,1115,0,13,10,10,10,9,8,34
3,3415,3414,1791058714912484,1791058714914339,1855,0,14,11,11,11,11,8,34
3,3416,3415,1791058714962484,1791058714964014,1530,0,15,16,16,16,12,7,23
3,3417,3416,1791058715012484,1791058715014137,1653,0,16,13,13,13,9,7,28
3,3418,3417,1791058715062484,1791058715064270,1786,0,17,11,11,11,9,2,6
3,3419,3418,1791058715112484,1791058715114049,1565,0,18,7,7,7,7,4,20
3,3420,3419,1791058715162484,1791058715164031,1547,0,19,10,10,10,11,5,19
3,3421,3420,1791058715212484,1791058715214046,1562,0,0,7,7,7,7,2,10
3,3422,3421,1791058715262484,1791058715263825,1341,0,1,13,13,13,13,12,59
3,3423,3422,1791058715312484,1791058715313965,1481,0,2,8,8,8,8,6,28
3,3424,3423,1791058715362484,1791058715363830,1346,0,3,8,8,8,8,6,23
3,3425,3424,1791058715412484,1791058715413687,1203,0,4,9,9,9,9,7,29
3,3426,3425,1791058715462484,1791058715463705,1221,0,5,9,9,9,8,6,29
3,3427,3426,1791058715512484,1791058715513818,1334,0,6,7,7,7,4,2,9
3,3428,3427,1791058715562484,1791058715563901,1417,0,7,11,11,11,11,6,30
3,3429,3428,1791058715612484,1791058715613872,1388,0,8,6,6,6,5,2,10
3,3430,3429,1791058715662484,1791058715663806,1322,0,9,12,12,12,12,8,40
3,3431,3430,1791058715712484,1791058715713725,1241,0,10,10,10,10,9,8,34
3,3432,3431,1791058715762484,1791058715763522,1038,0,11,12,12,12,12,10,50
3,3433,3432,1791058715812484,1791058715813514,1030,0,12,10,10,10,10,6,20
3,3434,3433,1791058715862484,1791058715863445,961,0,13,10,10,10,8,4,20
3,3435,3434,1791058715912484,1791058715913416,932,0,14,11,11,11,11,6,22
3,3436,3435,1791058715962484,1791058715964049,1565,0,15,16,16,16,14,12,60
3,3437,3436,1791058716012484,1791058716014010,1526,0,16,13,13,13,13,9,35
3,3438,3437,1791058716062484,1791058716064120,1636,0,17,11,11,11,11,5,18
3,3439,3438,1791058716112484,1791058716114086,1602,0,18,7,7,7,7,6,23
3,3440,3439,1791058716162484,1791058716164067,1583,0,19,10,10,10,10,7,30
3,3441,3440,1791058716212484,1791058716213322,838,0,0,7,7,7,7,4,20
3,3442,3441,1791058716262484,1791058716263320,836,0,1,13,13,13,11,8,40
3,3443,3442,1791058716312484,1791058716313508,1024,0,2,8,8,8,8,6,30
3,3444,3443,1791058716362484,1791058716364006,1522,0,3,8,8,8,9,6,19
3,3445,3444,1791058716412484,1791058716414167,1683,0,4,9,9,9,9,6,30
3,3446,3445,1791058716462484,1791058716463637,1153,0,5,9,9,9,9,8,40
3,3447,3446,1791058716512484,1791058716513981,1497,0,6,7,7,7,7,4,13
3,3448,3447,1791058716562484,1791058716563970,1486,0,7,11,11,11,11,6,30
3,3449,3448,1791058716612484,1791058716614215,1731,0,8,6,6,6,4,2,10
3,3450,3449,1791058716662484,1791058716663563,1079,0,9,12,12,12,12,8,38
3,3451,3450,1791058716712484,1791058716713994,1510,0,10,10,10,10,10,9,37
3,3452,3451,1791058716762484,1791058716763907,1423,0,11,12,12,12,13,12,51
3,3453,3452,1791058716812484,1791058716813915,1431,0,12,10,10,10,9,6,30
3,3454,3453,1791058716862484,1791058716863783,1299,0,13,10,10,10,8,2,8
3,3455,3454,1791058716912484,1791058716913727,1243,0,14,11,11,11,11,8,38
3,3456,3455,1791058716962484,1791058716964177,1693,0,15,16,16,16,16,14,66
3,3457,3456,1791058717012484,1791058717014215,1731,0,16,13,13,13,12,7,29
3,3458,3457,1791058717062484,1791058717063560,1076,0,17,11,11,11,11,8,31
3,3459,3458,1791058717112484,1791058717113517,1033,0,18,7,7,7,7,6,30
3,3460,3459,1791058717162484,1791058717163927,1443,0,19,10,10,10,9,7,21
3,3461,3460,1791058717212484,1791058717213943,1459,0,0,7,7,7,6,5,18
3,3462,3461,1791058717262484,1791058717263833,1349,0,1,13,13,13,12,10,41
3,3463,3462,1791058717312484,1791058717313619,1135,0,2,8,8,8,8,6,24
3,3464,3463,1791058717362484,1791058717363887,1403,0,3,8,8,8,7,4,20
3,3465,3464,1791058717412484,1791058717414177,1693,0,4,9,9,9,8,8,35
3,3466,3465,1791058717462484,1791058717463360,876,0,5,9,9,9,8,6,26
3,3467,3466,1791058717512484,1791058717514255,1771,0,6,7,7,7,7,2,8
3,3468,3467,1791058717562484,1791058717563793,1309,0,7,11,11,11,12,9,40
3,3469,3468,1791058717612484,1791058717613764,1280,0,8,6,6,6,5,2,8
3,3470,3469,1791058717662484,1791058717663780,1296,0,9,12,12,12,11,6,30
3,3471,3470,1791058717712484,1791058717713880,1396,0,10,10,10,10,10,10,50
3,3472,3471,1791058717762484,1791058717764006,1522,0,11,12,12,12,12,8,40
3,3473,3472,1791058717812484,1791058717813849,1365,0,12,10,10,10,8,2,10
3,3474,3473,1791058717862484,1791058717864190,1706,0,13,10,10,10,10,10,48
3,3475,3474,1791058717912484,1791058717913994,1510,0,14,11,11,11,9,4,13
3,3476,3475,1791058717962484,1791058717963827,1343,0,15,16,16,16,17,17,65
3,3477,3476,1791058718012484,1791058718014004,1520,0,16,13,13,13,12,9,38
3,3478,3477,1791058718062484,1791058718063985,1501,0,17,11,11,11,10,8,27
3,3479,3478,1791058718112484,1791058718113867,1383,0,18,7,7,7,7,6,24
3,3480,3479,1791058718162484,1791058718163974,1490,0,19,10,10,10,9,6,22
3,3481,3480,1791058718212484,1791058718213917,1433,0,0,7,7,7,7,4,20
3,3482,3481,1791058718262484,1791058718263675,1191,0,1,13,13,13,12,11,48
3,3483,3482,1791058718312484,1791058718313779,1295,0,2,8,8,8,8,6,23
3,3484,3483,1791058718362484,1791058718363804,1320,0,3,8,8,8,8,5,20
3,3485,3484,1791058718412484,1791058718413578,1094,0,4,9,9,9,9,6,27
3,3486,3485,1791058718462484,1791058718463542,1058,0,5,9,9,9,9,8,32
3,3487,3486,1791058718512484,1791058718513509,1025,0,6,7,7,7,6,2,8
3,3488,3487,1791058718562484,1791058718563771,1287,0,7,11,11,11,11,8,38
3,3489,3488,1791058718612484,1791058718613859,1375,0,8,6,6,6,6,2,10
3,3490,3489,1791058718662484,1791058718663941,1457,0,9,12,12,12,11,4,20
3,3491,3490,1791058718712484,1791058718713984,1500,0,10,10,10,10,9,8,40
3,3492,3491,1791058718762484,1791058718763889,1405,0,11,12,12,12,13,12,51
3,3493,3492,1791058718812484,1791058718813818,1334,0,12,10,10,10,9,7,28
3,3494,3493,1791058718862484,1791058718863912,1428,0,13,10,10,10,7,2,10
3,3495,3494,1791058718912484,1791058718913973,1489,0,14,11,11,11,10,6,30
3,3496,3495,1791058718962484,1791058718963964,1480,0,15,16,16,16,15,12,58
3,3497,3496,1791058719012484,1791058719013898,1414,0,16,13,13,13,12,6,30
3,3498,3497,1791058719062484,1791058719064133,1649,0,17,11,11,11,10,4,12
3,3499,3498,1791058719112484,1791058719114334,1850,0,18,7,7,7,7,6,30
3,3500,3499,1791058719162484,1791058719163865,1381,0,19,10,10,10,10,7,30
3,3501,3500,1791058719212484,1791058719213808,1324,0,0,7,7,7,7,6,24
3,3502,3501,1791058719262484,1791058719263709,1225,0,1,13,13,13,10,6,23
3,3503,3502,1791058719312484,1791058719313802,1318,0,2,8,8,8,8,6,30
3,3504,3503,1791058719362484,1791058719363973,1489,0,3,8,8,8,7,7,30
3,3505,3504,1791058719412484,1791058719413858,1374,0,4,9,9,9,8,7,30
3,3506,3505,1791058719462484,1791058719463469,985,0,5,9,9,9,5,5,17
3,3507,3506,1791058719512484,1791058719513869,1385,0,6,7,7,7,6,0,0
3,3508,3507,1791058719562484,1791058719564110,1626,0,7,11,11,11,12,9,40
3,3509,3508,1791058719612484,1791058719613814,1330,0,8,6,6,6,4,0,0
3,3510,3509,1791058719662484,1791058719663797,1313,0,9,12,12,12,12,4,20
3,3511,3510,1791058719712484,1791058719713879,1395,0,10,10,10,10,9,6,30
3,3512,3511,1791058719762484,1791058719764010,1526,0,11,12,12,12,10,8,34
3,3513,3512,1791058719812484,1791058719813696,1212,0,12,10,10,10,9,6,24
3,3514,3513,1791058719862484,1791058719863765,1281,0,13,10,10,10,9,7,30
3,3515,3514,1791058719912484,1791058719913626,1142,0,14,11,11,11,10,10,42
3,3516,3515,1791058719962484,1791058719964040,1556,0,15,16,16,16,16,16,60
3,3517,3516,1791058720012484,1791058720013898,1414,0,16,13,13,13,12,6,23
3,3518,3517,1791058720062484,1791058720063940,1456,0,17,11,11,11,11,4,20
3,3519,3518,1791058720112484,1791058720114163,1679,0,18,7,7,7,7,6,23
3,3520,3519,1791058720162484,1791058720163798,1314,0,19,10,10,10,10,7,29
3,3521,3520,1791058720212484,1791058720213709,1225,0,0,7,7,7,7,4,14
3,3522,3521,1791058720262484,1791058720263688,1204,0,1,13,13,13,13,13,60
3,3523,3522,1791058720312484,1791058720313309,825,0,2,8,8,8,7,6,18
3,3524,3523,1791058720362484,1791058720364059,1575,0,3,8,8,8,9,9,30
3,3525,3524,1791058720412484,1791058720413895,1411,0,4,9,9,9,7,6,22
3,3526,3525,1791058720462484,1791058720463789,1305,0,5,9,9,9,9,7,26
3,3527,3526,1791058720512484,1791058720513854,1370,0,6,7,7,7,6,2,10
3,3528,3527,1791058720562484,1791058720563810,1326,0,7,11,11,11,10,8,40
3,3529,3528,1791058720612484,1791058720613709,1225,0,8,6,6,6,5,4,17
3,3530,3529,1791058720662484,1791058720663347,863,0,9,12,12,12,8,4,14
3,3531,3530,1791058720712484,1791058720714351,1867,0,10,10,10,10,10,8,38
3,3532,3531,1791058720762484,1791058720763818,1334,0,11,12,12,12,12,11,43
3,3533,3532,1791058720812484,1791058720814284,1800,0,12,10,10,10,8,3,10
3,3534,3533,1791058720862484,1791058720864074,1590,0,13,10,10,10,10,9,37
3,3535,3534,1791058720912484,1791058720914226,1742,0,14,11,11,11,9,7,26
3,3536,3535,1791058720962484,1791058720963759,1275,0,15,16,16,16,14,14,56
3,3537,3536,1791058721012484,1791058721013707,1223,0,16,13,13,13,12,9,28
3,3538,3537,1791058721062484,1791058721063783,1299,0,17,11,11,11,9,4,16
3,3539,3538,1791058721112484,1791058721113587,1103,0,18,7,7,7,6,6,30
3,3540,3539,1791058721162484,1791058721163914,1430,0,19,10,10,10,9,4,11
3,3541,3540,1791058721212484,1791058721213636,1152,0,0,7,7,7,7,4,20
3,3542,3541,1791058721262484,1791058721263514,1030,0,1,13,13,13,12,12,50
3,3543,3542,1791058721312484,1791058721314361,1877,0,2,8,8,8,5,3,7
3,3544,3543,1791058721362484,1791058721363932,1448,0,3,8,8,8,5,2,5
3,3545,3544,1791058721412484,1791058721413608,1124,0,4,9,9,9,8,4,20
3,3546,3545,1791058721462484,1791058721463681,1197,0,5,9,9,9,9,6,30
3,3547,3546,1791058721512484,1791058721513788,1304,0,6,7,7,7,6,2,10
3,3548,3547,1791058721562484,1791058721563820,1336,0,7,11,11,11,11,8,40
3,3549,3548,1791058721612484,1791058721613749,1265,0,8,6,6,6,3,2,10
3,3550,3549,1791058721662484,1791058721663940,1456,0,9,12,12,12,9,4,12
3,3551,3550,1791058721712484,1791058721713948,1464,0,10,10,10,10,10,8,34
3,3552,3551,1791058721762484,1791058721763965,1481,0,11,12,12,12,11,8,40
3,3553,3552,1791058721812484,1791058721813779,1295,0,12,10,10,10,7,4,14
3,3554,3553,1791058721862484,1791058721863549,1065,0,13,10,10,10,8,6,30
3,3555,3554,1791058721912484,1791058721913433,949,0,14,11,11,10,11,7,60
3,3556,3555,1791058721962484,1791058721963805,1321,0,15,16,16,0,17,0,0
3,3557,3556,1791058722012484,1791058722013650,1166,0,16,13,13,0,13,0,0
3,3558,3557,1791058722062484,1791058722063484,1000,0,17,11,11,0,11,0,0
3,3559,3558,1791058722112484,1791058722113299,815,0,18,7,7,0,7,0,0
3,3560,3559,1791058722162484,1791058722164006,1522,0,19,10,10,1,11,2,1
3,3561,3560,1791058722212484,1791058722214001,1517,0,0,7,7,0,7,0,0
3,3562,3561,1791058722262484,1791058722264283,1799,0,1,13,13,1,13,0,0
3,3563,3562,1791058722312484,1791058722313364,880,0,2,8,8,0,8,0,0
3,3564,3563,1791058722362484,1791058722363990,1506,0,3,8,8,0,8,0,0
3,3565,3564,1791058722412484,1791058722413772,1288,0,4,9,9,0,9,0,0
3,3566,3565,1791058722462484,1791058722463675,1191,0,5,9,9,0,9,0,0
3,3567,3566,1791058722512484,1791058722513567,1083,0,6,7,7,0,7,0,0
3,3568,3567,1791058722562484,1791058722563951,1467,0,7,11,11,0,12,2,1
3,3569,3568,1791058722612484,1791058722613641,1157,0,8,6,6,0,6,0,0
3,3570,3569,1791058722662484,1791058722664289,1805,0,9,12,12,0,12,0,0
3,3571,3570,1791058722712484,1791058722714244,1760,0,10,10,10,0,10,0,0
3,3572,3571,1791058722762484,1791058722764132,1648,0,11,12,12,0,13,0,0
3,3573,3572,1791058722812484,1791058722813752,1268,0,12,10,10,0,10,0,0
3,3574,3573,1791058722862484,1791058722863792,1308,0,13,10,10,0,10,0,0
3,3575,3574,1791058722912484,1791058722913648,1164,0,14,11,11,0,11,0,0
3,3576,3575,1791058722962484,1791058722963904,1420,0,15,16,16,0,16,0,0
3,3577,3576,1791058723012484,1791058723013661,1177,0,16,13,13,0,13,0,0
3,3578,3577,1791058723062484,1791058723063662,1178,0,17,11,11,0,11,0,0
3,3579,3578,1791058723112484,1791058723113609,1125,0,18,7,7,0,7,0,0
3,3580,3579,1791058723162484,1791058723163969,1485,0,19,10,10,1,11,0,0
3,3581,3580,1791058723212484,1791058723213834,1350,0,0,7,7,0,7,0,0
3,3582,3581,1791058723262484,1791058723263710,1226,0,1,13,13,1,13,0,0
3,3583,3582,1791058723312484,1791058723313741,1257,0,2,8,8,0,8,0,0
3,3584,3583,1791058723362484,1791058723363967,1483,0,3,8,8,0,8,0,0
3,3585,3584,1791058723412484,1791058723413485,1001,0,4,9,9,0,9,0,0
3,3586,3585,1791058723462484,1791058723464346,1862,0,5,9,9,0,9,0,0
3,3587,3586,1791058723512484,1791058723514006,1522,0,6,7,7,0,7,0,0
3,3588,3587,1791058723562484,1791058723563964,1480,0,7,11,11,0,12,0,0
3,3589,3588,1791058723612484,1791058723613769,1285,0,8,6,6,0,6,0,0
3,3590,3589,1791058723662484,1791058723663503,1019,0,9,12,12,0,12,0,0
3,3591,3590,1791058723712484,1791058723714128,1644,0,10,10,10,0,10,0,0
3,3592,3591,1791058723762484,1791058723763770,1286,0,11,12,12,0,13,2,1
3,3593,3592,1791058723812484,1791058723813788,1304,0,12,10,10,0,10,0,0
3,3594,3593,1791058723862484,1791058723864002,1518,0,13,10,10,0,10,0,0
3,3595,3594,1791058723912484,1791058723914281,1797,0,14,11,11,0,11,0,0
3,3596,3595,1791058723962484,1791058723963976,1492,0,15,16,16,0,16,0,0
3,3597,3596,1791058724012484,1791058724014315,1831,0,16,13,13,0,13,0,0
3,3598,3597,1791058724062484,1791058724063309,825,0,17,11,11,0,11,0,0
3,3599,3598,1791058724112484,1791058724114032,1548,0,18,7,7,0,7,0,0
3,3600,3599,1791058724162484,1791058724163970,1486,0,19,10,10,1,11,2,1
3,3601,3600,1791058724212484,1791058724213667,1183,0,0,7,7,0,7,0,0
3,3602,3601,1791058724262484,1791058724263618,1134,0,1,13,13,1,13,0,0
3,3603,3602,1791058724312484,1791058724313510,1026,0,2,8,8,0,8,0,0
3,3604,3603,1791058724362484,1791058724363867,1383,0,3,8,8,0,8,0,0
3,3605,3604,1791058724412484,1791058724413301,817,0,4,9,9,0,9,0,0
3,3606,3605,1791058724462484,1791058724464119,1635,0,5,9,9,0,9,0,0
3,3607,3606,1791058724512484,1791058724514182,1698,0,6,7,7,0,7,0,0
3,3608,3607,1791058724562484,1791058724564074,1590,0,7,11,11,0,12,2,1
3,3609,3608,1791058724612484,1791058724613939,1455,0,8,6,6,0,6,0,0
3,3610,3609,1791058724662484,1791058724663751,1267,0,9,12,12,0,12,0,0
3,3611,3610,1791058724712484,1791058724713832,1348,0,10,10,10,0,10,0,0
3,3612,3611,1791058724762484,1791058724763818,1334,0,11,12,12,0,13,0,0
3,3613,3612,1791058724812484,1791058724813900,1416,0,12,10,10,0,10,0,0
3,3614,3613,1791058724862484,1791058724863807,1323,0,13,10,10,0,10,0,0
3,3615,3614,1791058724912484,1791058724913815,1331,0,14,11,11,0,11,0,0
3,3616,3615,1791058724962484,1791058724963978,1494,0,15,16,16,0,16,0,0
3,3617,3616,1791058725012484,1791058725014004,1520,0,16,13,13,0,13,0,0
3,3618,3617,1791058725062484,1791058725064083,1599,0,17,11,11,0,11,0,0
3,3619,3618,1791058725112484,1791058725113972,1488,0,18,7,7,0,7,0,0
3,3620,3619,1791058725162484,1791058725163810,1326,0,19,10,10,1,11,0,0
3,3621,3620,1791058725212484,1791058725213492,1008,0,0,7,7,0,7,0,0
3,3622,3621,1791058725262484,1791058725264341,1857,0,1,13,13,1,13,0,0
3,3623,3622,1791058725312484,1791058725314004,1520,0,2,8,8,0,8,0,0
3,3624,3623,1791058725362484,1791058725363822,1338,0,3,8,8,0,9,2,1
3,3625,3624,1791058725412484,1791058725413836,1352,0,4,9,9,0,9,0,0
3,3626,3625,1791058725462484,1791058725463937,1453,0,5,9,9,0,9,0,0
3,3627,3626,1791058725512484,1791058725513852,1368,0,6,7,7,0,7,0,0
3,3628,3627,1791058725562484,1791058725563862,1378,0,7,11,11,0,11,0,0
3,3629,3628,1791058725612484,1791058725613503,1019,0,8,6,6,0,6,0,0
3,3630,3629,1791058725662484,1791058725664266,1782,0,9,12,12,0,12,0,0
3,3631,3630,1791058725712484,1791058725714180,1696,0,10,10,10,0,10,0,0
3,3632,3631,1791058725762484,1791058725763966,1482,0,11,12,12,0,13,2,1
3,3633,3632,1791058725812484,1791058725813815,1331,0,12,10,10,0,10,0,0
3,3634,3633,1791058725862484,1791058725863763,1279,0,13,10,10,0,10,0,0
3,3635,3634,1791058725912484,1791058725913530,1046,0,14,11,11,0,11,0,0
3,3636,3635,1791058725962484,1791058725963898,1414,0,15,16,16,0,16,0,0
3,3637,3636,1791058726012484,1791058726013444,960,0,16,13,13,0,13,0,0
3,3638,3637,1791058726062484,1791058726063351,867,0,17,11,11,0,11,0,0
3,3639,3638,1791058726112484,1791058726114166,1682,0,18,7,7,0,7,0,0
3,3640,3639,1791058726162484,1791058726163816,1332,0,19,10,10,1,11,2,1
3,3641,3640,1791058726212484,1791058726213706,1222,0,0,7,7,0,7,0,0
3,3642,3641,1791058726262484,1791058726263707,1223,0,1,13,13,1,13,0,0
3,3643,3642,1791058726312484,1791058726314018,1534,0,2,8,8,0,8,0,0
3,3644,3643,1791058726362484,1791058726363857,1373,0,3,8,8,0,9,0,0
3,3645,3644,1791058726412484,1791058726413849,1365,0,4,9,9,0,9,0,0
3,3646,3645,1791058726462484,1791058726463883,1399,0,5,9,9,0,9,0,0
3,3647,3646,1791058726512484,1791058726514307,1823,0,6,7,7,0,7,0,0
3,3648,3647,1791058726562484,1791058726563966,1482,0,7,11,11,0,11,0,0
3,3649,3648,1791058726612484,1791058726614019,1535,0,8,6,6,0,6,0,0
3,3650,3649,1791058726662484,1791058726664126,1642,0,9,12,12,0,12,0,0
3,3651,3650,1791058726712484,1791058726713324,840,0,10,10,10,0,10,0,0
3,3652,3651,1791058726762484,1791058726764069,1585,0,11,12,12,0,13,0,0
3,3653,3652,1791058726812484,1791058726814238,1754,0,12,10,10,0,10,0,0
3,3654,3653,1791058726862484,1791058726863490,1006,0,13,10,10,0,10,0,0
3,3655,3654,1791058726912484,1791058726914327,1843,0,14,11,11,0,11,0,0
3,3656,3655,1791058726962484,1791058726963841,1357,0,15,16,16,0,16,0,0
3,3657,3656,1791058727012484,1791058727013878,1394,0,16,13,13,0,13,0,0
3,3658,3657,1791058727062484,1791058727063566,1082,0,17,11,11,0,11,0,0
3,3659,3658,1791058727112484,1791058727113969,1485,0,18,7,7,0,7,0,0
3,3660,3659,1791058727162484,1791058727163814,1330,0,19,10,10,1,11,0,0
3,3661,3660,1791058727212484,1791058727213811,1327,0,0,7,7,0,7,0,0
3,3662,3661,1791058727262484,1791058727264090,1606,0,1,13,13,1,13,0,0
3,3663,3662,1791058727312484,1791058727313389,905,0,2,8,8,0,8,0,0
3,3664,3663,1791058727362484,1791058727364186,1702,0,3,8,8,0,9,2,1
3,3665,3664,1791058727412484,1791058727414355,1871,0,4,9,9,0,9,0,0
3,3666,3665,1791058727462484,1791058727463598,1114,0,5,9,9,0,9,0,0
3,3667,3666,1791058727512484,1791058727513619,1135,0,6,7,7,0,7,0,0
3,3668,3667,1791058727562484,1791058727563931,1447,0,7,11,11,0,11,0,0
3,3669,3668,1791058727612484,1791058727613674,1190,0,8,6,6,0,6,0,0
3,3670,3669,1791058727662484,1791058727663501,1017,0,9,12,12,0,12,0,0
3,3671,3670,1791058727712484,1791058727713608,1124,0,10,10,10,0,10,0,0
3,3672,3671,1791058727762484,1791058727764005,1521,0,11,12,12,0,13,2,1
3,3673,3672,1791058727812484,1791058727813678,1194,0,12,10,10,0,10,0,0
3,3674,3673,1791058727862484,1791058727863647,1163,0,13,10,10,0,10,0,0
3,3675,3674,1791058727912484,1791058727913350,866,0,14,11,11,0,11,0,0
3,3676,3675,1791058727962484,1791058727963970,1486,0,15,16,16,0,16,0,0
3,3677,3676,1791058728012484,1791058728013839,1355,0,16,13,13,0,13,0,0
3,3678,3677,1791058728062484,1791058728063966,1482,0,17,11,11,0,11,0,0
3,3679,3678,1791058728112484,1791058728114081,1597,0,18,7,7,0,7,0,0
3,3680,3679,1791058728162484,1791058728164206,1722,0,19,10,10,1,11,2,1
3,3681,3680,1791058728212484,1791058728214285,1801,0,0,7,7,0,7,0,0
3,3682,3681,1791058728262484,1791058728263524,1040,0,1,13,13,1,13,0,0
3,3683,3682,1791058728312484,1791058728313942,1458,0,2,8,8,0,8,0,0
3,3684,3683,1791058728362484,1791058728363843,1359,0,3,8,8,0,9,0,0
3,3685,3684,1791058728412484,1791058728413873,1389,0,4,9,9,0,9,0,0
3,3686,3685,1791058728462484,1791058728463743,1259,0,5,9,9,0,9,0,0
3,3687,3686,1791058728512484,1791058728513304,820,0,6,7,7,0,7,0,0
3,3688,3687,1791058728562484,1791058728563774,1290,0,7,11,11,0,11,0,0
3,3689,3688,1791058728612484,1791058728613439,955,0,8,6,6,0,6,0,0
3,3690,3689,1791058728662484,1791058728664316,1832,0,9,12,12,0,12,0,0
3,3691,3690,1791058728712484,1791058728714194,1710,0,10,10,10,0,10,0,0
3,3692,3691,1791058728762484,1791058728763949,1465,0,11,12,12,0,13,0,0
3,3693,3692,1791058728812484,1791058728813707,1223,0,12,10,10,0,10,0,0
3,3694,3693,1791058728862484,1791058728863686,1202,0,13,10,10,0,10,0,0
3,3695,3694,1791058728912484,1791058728913328,844,0,14,11,11,0,11,0,0
3,3696,3695,1791058728962484,1791058728964002,1518,0,15,16,16,0,16,0,0
3,3697,3696,1791058729012484,1791058729014033,1549,0,16,13,13,0,13,0,0
3,3698,3697,1791058729062484,1791058729063957,1473,0,17,11,11,0,11,0,0
3,3699,3698,1791058729112484,1791058729113994,1510,0,18,7,7,0,7,0,0
3,3700,3699,1791058729162484,1791058729163963,1479,0,19,10,10,1,11,0,0
3,3701,3700,1791058729212484,1791058729213828,1344,0,0,7,7,0,7,0,0
3,3702,3701,1791058729262484,1791058729263895,1411,0,1,13,13,1,13,0,0
3,3703,3702,1791058729312484,1791058729313785,1301,0,2,8,8,0,8,0,0
3,3704,3703,1791058729362484,1791058729364078,1594,0,3,8,8,0,9,2,1
3,3705,3704,1791058729412484,1791058729413832,1348,0,4,9,9,0,9,0,0
3,3706,3705,1791058729462484,1791058729463608,1124,0,5,9,9,0,9,0,0
3,3707,3706,1791058729512484,1791058729513398,914,0,6,7,7,0,7,0,0
3,3708,3707,1791058729562484,1791058729563908,1424,0,7,11,11,0,11,0,0
3,3709,3708,1791058729612484,1791058729613561,1077,0,8,6,6,0,6,0,0
3,3710,3709,1791058729662484,1791058729664315,1831,0,9,12,12,0,12,0,0
3,3711,3710,1791058729712484,1791058729714237,1753,0,10,10,10,0,10,0,0
3,3712,3711,1791058729762484,1791058729763783,1299,0,11,12,12,0,13,2,1
3,3713,3712,1791058729812484,1791058729813718,1234,0,12,10,10,0,10,0,0
3,3714,3713,1791058729862484,1791058729863543,1059,0,13,10,10,0,10,0,0
3,3715,3714,1791058729912484,1791058729913314,830,0,14,11,11,0,11,0,0
3,3716,3715,1791058729962484,1791058729963762,1278,0,15,16,16,0,16,0,0
3,3717,3716,1791058730012484,1791058730013486,1002,0,16,13,13,0,13,0,0
3,3718,3717,1791058730062484,1791058730063946,1462,0,17,11,11,0,11,0,0
3,3719,3718,1791058730112484,1791058730114326,1842,0,18,7,7,0,7,0,0
3,3720,3719,1791058730162484,1791058730164189,1705,0,19,10,10,1,11,2,1
3,3721,3720,1791058730212484,1791058730214100,1616,0,0,7,7,0,7,0,0
3,3722,3721,1791058730262484,1791058730263968,1484,0,1,13,13,1,13,0,0
3,3723,3722,1791058730312484,1791058730313946,1462,0,2,8,8,0,8,0,0
3,3724,3723,1791058730362484,1791058730364050,1566,0,3,8,8,0,8,0,0
3,3725,3724,1791058730412484,1791058730413998,1514,0,4,9,9,0,9,0,0
3,3726,3725,1791058730462484,1791058730464146,1662,0,5,9,9,0,9,0,0
3,3727,3726,1791058730512484,1791058730513997,1513,0,6,7,7,0,7,0,0
3,3728,3727,1791058730562484,1791058730563899,1415,0,7,11,11,0,12,2,1
3,3729,3728,1791058730612484,1791058730613800,1316,0,8,6,6,0,6,0,0
3,3730,3729,1791058730662484,1791058730663799,1315,0,9,12,12,0,12,0,0
3,3731,3730,1791058730712484,1791058730713773,1289,0,10,10,10,0,10,0,0
3,3732,3731,1791058730762484,1791058730764083,1599,0,11,12,12,0,13,0,0
3,3733,3732,1791058730812484,1791058730813833,1349,0,12,10,10,0,10,0,0
3,3734,3733,1791058730862484,1791058730864005,1521,0,13,10,10,0,10,0,0
3,3735,3734,1791058730912484,1791058730914277,1793,0,14,11,11,0,11,0,0
3,3736,3735,1791058730962484,1791058730964144,1660,0,15,16,16,0,17,2,1
3,3737,3736,1791058731012484,1791058731013735,1251,0,16,13,13,0,13,0,0
3,3738,3737,1791058731062484,1791058731063749,1265,0,17,11,11,0,11,0,0
3,3739,3738,1791058731112484,1791058731113727,1243,0,18,7,7,0,7,0,0
3,3740,3739,1791058731162484,1791058731164030,1546,0,19,10,10,1,10,0,0
3,3741,3740,1791058731212484,1791058731213885,1401,0,0,7,7,0,7,0,0
3,3742,3741,1791058731262484,1791058731263805,1321,0,1,13,13,1,13,0,0
3,3743,3742,1791058731312484,1791058731313755,1271,0,2,8,8,0,8,0,0
3,3744,3743,1791058731362484,1791058731364106,1622,0,3,8,8,0,9,2,1
3,3745,3744,1791058731412484,1791058731414001,1517,0,4,9,9,0,9,0,0
3,3746,3745,1791058731462484,1791058731463644,1160,0,5,9,9,0,9,0,0
3,3747,3746,1791058731512484,1791058731514273,1789,0,6,7,7,0,7,0,0
3,3748,3747,1791058731562484,1791058731563855,1371,0,7,11,11,0,12,0,0
3,3749,3748,1791058731612484,1791058731613798,1314,0,8,6,6,0,6,0,0
3,3750,3749,1791058731662484,1791058731663374,890,0,9,12,12,0,12,0,0
3,3751,3750,1791058731712484,1791058731714184,1700,0,10,10,10,0,10,0,0
3,3752,3751,1791058731762484,1791058731763903,1419,0,11,12,12,0,13,2,1
3,3753,3752,1791058731812484,1791058731813825,1341,0,12,10,10,0,10,0,0
3,3754,3753,1791058731862484,1791058731863945,1461,0,13,10,10,0,10,0,0
3,3755,3754,1791058731912484,1791058731913813,1329,0,14,11,11,0,11,0,0
3,3756,3755,1791058731962484,1791058731964164,1680,0,15,16,16,0,17,0,0
3,3757,3756,1791058732012484,1791058732013960,1476,0,16,13,13,0,13,0,0
3,3758,3757,1791058732062484,1791058732064257,1773,0,17,11,11,0,11,0,0
3,3759,3758,1791058732112484,1791058732114331,1847,0,18,7,7,0,7,0,0
3,3760,3759,1791058732162484,1791058732163831,1347,0,19,10,10,1,11,2,1
3,3761,3760,1791058732212484,1791058732213761,1277,0,0,7,7,0,7,0,0
3,3762,3761,1791058732262484,1791058732263781,1297,0,1,13,13,1,13,0,0
3,3763,3762,1791058732312484,1791058732313738,1254,0,2,8,8,0,8,0,0
3,3764,3763,1791058732362484,1791058732363964,1480,0,3,8,8,0,8,0,0
3,3765,3764,1791058732412484,1791058732413796,1312,0,4,9,9,0,9,0,0
3,3766,3765,1791058732462484,1791058732463747,1263,0,5,9,9,0,9,0,0
3,3767,3766,1791058732512484,1791058732513903,1419,0,6,7,7,0,7,0,0
3,3768,3767,1791058732562484,1791058732564125,1641,0,7,11,11,0,12,2,1
3,3769,3768,1791058732612484,1791058732613769,1285,0,8,6,6,0,6,0,0
3,3770,3769,1791058732662484,1791058732663631,1147,0,9,12,12,0,12,0,0
3,3771,3770,1791058732712484,1791058732713355,871,0,10,10,10,0,10,0,0
3,3772,3771,1791058732762484,1791058732764201,1717,0,11,12,12,0,13,0,0
3,3773,3772,1791058732812484,1791058732814030,1546,0,12,10,10,0,10,0,0
3,3774,3773,1791058732862484,1791058732863866,1382,0,13,10,10,0,10,0,0
3,3775,3774,1791058732912484,1791058732913858,1374,0,14,11,11,0,11,0,0
3,3776,3775,1791058732962484,1791058732963933,1449,0,15,16,16,0,16,0,0
3,3777,3776,1791058733012484,1791058733013902,1418,0,16,13,13,0,13,0,0
3,3778,3777,1791058733062484,1791058733064051,1567,0,17,11,11,0,11,0,0
3,3779,3778,1791058733112484,1791058733114312,1828,0,18,7,7,0,7,0,0
3,3780,3779,1791058733162484,1791058733164003,1519,0,19,10,10,1,11,0,0
3,3781,3780,1791058733212484,1791058733214188,1704,0,0,7,7,0,7,0,0
3,3782,3781,1791058733262484,1791058733263402,918,0,1,13,13,1,13,0,0
3,3783,3782,1791058733312484,1791058733313606,1122,0,2,8,8,0,8,0,0
3,3784,3783,1791058733362484,1791058733363796,1312,0,3,8,8,0,9,2,1
3,3785,3784,1791058733412484,1791058733413981,1497,0,4,9,9,0,9,0,0
3,3786,3785,1791058733462484,1791058733464344,1860,0,5,9,9,0,9,0,0
3,3787,3786,1791058733512484,1791058733513501,1017,0,6,7,7,0,7,0,0
3,3788,3787,1791058733562484,1791058733563865,1381,0,7,11,11,0,11,0,0
3,3789,3788,1791058733612484,1791058733613948,1464,0,8,6,6,0,6,0,0
3,3790,3789,1791058733662484,1791058733664071,1587,0,9,12,12,0,12,0,0
3,3791,3790,1791058733712484,1791058733714184,1700,0,10,10,10,0,10,0,0
3,3792,3791,1791058733762484,1791058733764061,1577,0,11,12,12,0,13,2,1
3,3793,3792,1791058733812484,1791058733814154,1670,0,12,10,10,0,10,0,0
3,3794,3793,1791058733862484,1791058733863412,928,0,13,10,10,0,10,0,0
3,3795,3794,1791058733912484,1791058733913683,1199,0,14,11,11,0,11,0,0
3,3796,3795,1791058733962484,1791058733963812,1328,0,15,16,16,0,17,0,0
3,3797,3796,1791058734012484,1791058734013719,1235,0,16,13,13,0,13,0,0
3,3798,3797,1791058734062484,1791058734063773,1289,0,17,11,11,0,11,0,0
3,3799,3798,1791058734112484,1791058734113655,1171,0,18,7,7,0,7,0,0
3,3800,3799,1791058734162484,1791058734163975,1491,0,19,10,10,1,10,0,0
3,3801,3800,1791058734212484,1791058734213797,1313,0,0,7,7,0,7,0,0
3,3802,3801,1791058734262484,1791058734263801,1317,0,1,13,13,1,13,0,0
3,3803,3802,1791058734312484,1791058734313658,1174,0,2,8,8,0,8,0,0
3,3804,3803,1791058734362484,1791058734364084,1600,0,3,8,8,0,9,0,0
3,3805,3804,1791058734412484,1791058734413897,1413,0,4,9,9,0,9,0,0
3,3806,3805,1791058734462484,1791058734463904,1420,0,5,9,9,0,9,0,0
3,3807,3806,1791058734512484,1791058734513703,1219,0,6,7,7,0,7,0,0
3,3808,3807,1791058734562484,1791058734563972,1488,0,7,11,11,0,11,0,0
3,3809,3808,1791058734612484,1791058734613507,1023,0,8,6,6,0,6,0,0
3,3810,3809,1791058734662484,1791058734664296,1812,0,9,12,12,0,12,0,0
3,3811,3810,1791058734712484,1791058734714150,1666,0,10,10,10,0,10,0,0
3,3812,3811,1791058734762484,1791058734763899,1415,0,11,12,12,0,13,0,0
3,3813,3812,1791058734812484,1791058734813619,1135,0,12,10,10,0,10,0,0
3,3814,3813,1791058734862484,1791058734863712,1228,0,13,10,10,0,10,0,0
3,3815,3814,1791058734912484,1791058734914229,1745,0,14,11,11,0,11,0,0
3,3816,3815,1791058734962484,1791058734964101,1617,0,15,16,16,0,16,0,0
3,3817,3816,1791058735012484,1791058735014074,1590,0,16,13,13,0,13,0,0
3,3818,3817,1791058735062484,1791058735063952,1468,0,17,11,11,0,11,0,0
3,3819,3818,1791058735112484,1791058735114208,1724,0,18,7,7,0,7,0,0
3,3820,3819,1791058735162484,1791058735164016,1532,0,19,10,10,1,11,0,0
3,3821,3820,1791058735212484,1791058735213717,1233,0,0,7,7,0,7,0,0
3,3822,3821,1791058735262484,1791058735263691,1207,0,1,13,13,1,13,0,0
3,3823,3822,1791058735312484,1791058735314333,1849,0,2,8,8,0,8,0,0
3,3824,3823,1791058735362484,1791058735363836,1352,0,3,8,8,0,9,2,1
3,3825,3824,1791058735412484,1791058735413838,1354,0,4,9,9,0,9,0,0
3,3826,3825,1791058735462484,1791058735463514,1030,0,5,9,9,0,9,0,0
3,3827,3826,1791058735512484,1791058735513589,1105,0,6,7,7,0,7,0,0
3,3828,3827,1791058735562484,1791058735563918,1434,0,7,11,11,0,11,0,0
3,3829,3828,1791058735612484,1791058735613835,1351,0,8,6,6,0,6,0,0
3,3830,3829,1791058735662484,1791058735664047,1563,0,9,12,12,0,12,0,0
3,3831,3830,1791058735712484,1791058735713999,1515,0,10,10,10,0,10,0,0
3,3832,3831,1791058735762484,1791058735763931,1447,0,11,12,12,0,13,2,1
3,3833,3832,1791058735812484,1791058735813746,1262,0,12,10,10,0,10,0,0
3,3834,3833,1791058735862484,1791058735863699,1215,0,13,10,10,0,10,0,0
3,3835,3834,1791058735912484,1791058735913755,1271,0,14,11,11,0,11,0,0
3,3836,3835,1791058735962484,1791058735963951,1467,0,15,16,16,0,16,0,0
3,3837,3836,1791058736012484,1791058736013696,1212,0,16,13,13,0,13,0,0
3,3838,3837,1791058736062484,1791058736063446,962,0,17,11,11,0,11,0,0
3,3839,3838,1791058736112484,1791058736113948,1464,0,18,7,7,0,7,0,0
3,3840,3839,1791058736162484,1791058736164050,1566,0,19,10,10,1,11,2,1
3,3841,3840,1791058736212484,1791058736213897,1413,0,0,7,7,0,7,0,0
3,3842,3841,1791058736262484,1791058736263821,1337,0,1,13,13,1,13,0,0
3,3843,3842,1791058736312484,1791058736313726,1242,0,2,8,8,0,8,0,0
3,3844,3843,1791058736362484,1791058736364038,1554,0,3,8,8,0,8,0,0
3,3845,3844,1791058736412484,1791058736413606,1122,0,4,9,9,0,9,0,0
3,3846,3845,1791058736462484,1791058736463480,996,0,5,9,9,0,9,0,0
3,3847,3846,1791058736512484,1791058736513983,1499,0,6,7,7,0,7,0,0
3,3848,3847,1791058736562484,1791058736563811,1327,0,7,11,11,0,12,2,1
3,3849,3848,1791058736612484,1791058736613783,1299,0,8,6,6,0,6,0,0
3,3850,3849,1791058736662484,1791058736663983,1499,0,9,12,12,0,12,0,0
3,3851,3850,1791058736712484,1791058736714374,1890,0,10,10,10,0,10,0,0
3,3852,3851,1791058736762484,1791058736763955,1471,0,11,12,12,0,13,0,0
3,3853,3852,1791058736812484,1791058736813916,1432,0,12,10,10,0,10,0,0
3,3854,3853,1791058736862484,1791058736863909,1425,0,13,10,10,0,10,0,0
3,3855,3854,1791058736912484,1791058736913427,943,0,14,11,11,0,11,0,0
3,3856,3855,1791058736962484,1791058736964011,1527,0,15,16,16,0,16,0,0
3,3857,3856,1791058737012484,1791058737013328,844,0,16,13,13,0,13,0,0
3,3858,3857,1791058737062484,1791058737063799,1315,0,17,11,11,0,11,0,0
3,3859,3858,1791058737112484,1791058737113948,1464,0,18,7,7,0,7,0,0
3,3860,3859,1791058737162484,1791058737163765,1281,0,19,10,10,1,11,0,0
3,3861,3860,1791058737212484,1791058737214019,1535,0,0,7,7,0,7,0,0
3,3862,3861,1791058737262484,1791058737263336,852,0,1,13,13,1,13,0,0
3,3863,3862,1791058737312484,1791058737313538,1054,0,2,8,8,0,8,0,0
3,3864,3863,1791058737362484,1791058737364234,1750,0,3,8,8,0,9,2,1
3,3865,3864,1791058737412484,1791058737414140,1656,0,4,9,9,0,9,0,0
3,3866,3865,1791058737462484,1791058737464069,1585,0,5,9,9,0,9,0,0
3,3867,3866,1791058737512484,1791058737513910,1426,0,6,7,7,0,7,0,0
3,3868,3867,1791058737562484,1791058737563801,1317,0,7,11,11,0,11,0,0
3,3869,3868,1791058737612484,1791058737613486,1002,0,8,6,6,0,6,0,0
3,3870,3869,1791058737662484,1791058737664212,1728,0,9,12,12,0,12,0,0
3,3871,3870,1791058737712484,1791058737714099,1615,0,10,10,10,0,10,0,0
3,3872,3871,1791058737762484,1791058737763876,1392,0,11,12,12,0,13,2,1
3,3873,3872,1791058737812484,1791058737813826,1342,0,12,10,10,0,10,0,0
3,3874,3873,1791058737862484,1791058737863586,1102,0,13,10,10,0,10,0,0
3,3875,3874,1791058737912484,1791058737913570,1086,0,14,11,11,0,11,0,0
3,3876,3875,1791058737962484,1791058737963899,1415,0,15,16,16,0,16,0,0
3,3877,3876,1791058738012484,1791058738013352,868,0,16,13,13,0,13,0,0
3,3878,3877,1791058738062484,1791058738063705,1221,0,17,11,11,0,11,0,0
3,3879,3878,1791058738112484,1791058738113755,1271,0,18,7,7,0,7,0,0
3,3880,3879,1791058738162484,1791058738164003,1519,0,19,10,10,1,11,2,1
3,3881,3880,1791058738212484,1791058738213976,1492,0,0,7,7,0,7,0,0
3,3882,3881,1791058738262484,1791058738264330,1846,0,1,13,13,1,13,0,0
3,3883,3882,1791058738312484,1791058738314289,1805,0,2,8,8,0,8,0,0
3,3884,3883,1791058738362484,1791058738364020,1536,0,3,8,8,0,9,0,0
3,3885,3884,1791058738412484,1791058738413789,1305,0,4,9,9,0,9,0,0
3,3886,3885,1791058738462484,1791058738463606,1122,0,5,9,9,0,9,0,0
3,3887,3886,1791058738512484,1791058738514281,1797,0,6,7,7,0,7,0,0
3,3888,3887,1791058738562484,1791058738563859,1375,0,7,11,11,0,12,2,1
3,3889,3888,1791058738612484,1791058738613700,1216,0,8,6,6,0,6,0,0
3,3890,3889,1791058738662484,1791058738663463,979,0,9,12,12,0,12,0,0
3,3891,3890,1791058738712484,1791058738714194,1710,0,10,10,10,0,10,0,0
3,3892,3891,1791058738762484,1791058738763983,1499,0,11,12,12,0,12,0,0
3,3893,3892,1791058738812484,1791058738813689,1205,0,12,10,10,0,10,0,0
3,3894,3893,1791058738862484,1791058738863487,1003,0,13,10,10,0,10,0,0
3,3895,3894,1791058738912484,1791058738914257,1773,0,14,11,11,0,11,0,0
3,3896,3895,1791058738962484,1791058738963887,1403,0,15,16,16,0,17,2,1
3,3897,3896,1791058739012484,1791058739013820,1336,0,16,13,13,0,13,0,0
3,3898,3897,1791058739062484,1791058739063943,1459,0,17,11,11,0,11,0,0
3,3899,3898,1791058739112484,1791058739113734,1250,0,18,7,7,0,7,0,0
3,3900,3899,1791058739162484,1791058739163990,1506,0,19,10,10,1,11,0,0
3,3901,3900,1791058739212484,1791058739213817,1333,0,0,7,7,0,7,0,0
3,3902,3901,1791058739262484,1791058739263671,1187,0,1,13,13,1,13,0,0
3,3903,3902,1791058739312484,1791058739313354,870,0,2,8,8,0,8,0,0
3,3904,3903,1791058739362484,1791058739363868,1384,0,3,8,8,0,9,2,1
3,3905,3904,1791058739412484,1791058739413719,1235,0,4,9,9,0,9,0,0
3,3906,3905,1791058739462484,1791058739463353,869,0,5,9,9,0,9,0,0
3,3907,3906,1791058739512484,1791058739514150,1666,0,6,7,7,0,7,0,0
3,3908,3907,1791058739562484,1791058739563971,1487,0,7,11,11,0,11,0,0
3,3909,3908,1791058739612484,1791058739613684,1200,0,8,6,6,0,6,0,0
3,3910,3909,1791058739662484,1791058739663342,858,0,9,12,12,0,12,0,0
3,3911,3910,1791058739712484,1791058739714164,1680,0,10,10,10,0,10,0,0
3,3912,3911,1791058739762484,1791058739763867,1383,0,11,12,12,0,13,2,1
3,3913,3912,1791058739812484,1791058739813520,1036,0,12,10,10,0,10,0,0
3,3914,3913,1791058739862484,1791058739863322,838,0,13,10,10,0,10,0,0
3,3915,3914,1791058739912484,1791058739914278,1794,0,14,11,11,0,11,0,0
3,3916,3915,1791058739962484,1791058739963812,1328,0,15,16,16,0,17,0,0
3,3917,3916,1791058740012484,1791058740013669,1185,0,16,13,13,0,13,0,0
3,3918,3917,1791058740062484,1791058740063530,1046,0,17,11,11,0,11,0,0
3,3919,3918,1791058740112484,1791058740113967,1483,0,18,7,7,0,7,0,0
3,3920,3919,1791058740162484,1791058740163915,1431,0,19,10,10,1,10,0,0
3,3921,3920,1791058740212484,1791058740213479,995,0,0,7,7,0,7,0,0
3,3922,3921,1791058740262484,1791058740263462,978,0,1,13,13,1,13,0,0
3,3923,3922,1791058740312484,1791058740314238,1754,0,2,8,8,0,8,0,0
3,3924,3923,1791058740362484,1791058740363962,1478,0,3,8,8,0,9,0,0
3,3925,3924,1791058740412484,1791058740413584,1100,0,4,9,9,0,9,0,0
3,3926,3925,1791058740462484,1791058740463387,903,0,5,9,9,0,9,0,0
3,3927,3926,1791058740512484,1791058740513365,881,0,6,7,7,0,7,0,0
3,3928,3927,1791058740562484,1791058740563788,1304,0,7,11,11,0,11,0,0
3,3929,3928,1791058740612484,1791058740613509,1025,0,8,6,6,0,6,0,0
3,3930,3929,1791058740662484,1791058740663339,855,0,9,12,12,0,12,0,0
3,3931,3930,1791058740712484,1791058740714350,1866,0,10,10,10,0,10,0,0
3,3932,3931,1791058740762484,1791058740764009,1525,0,11,12,12,0,13,0,0
3,3933,3932,1791058740812484,1791058740813836,1352,0,12,10,10,0,10,0,0
3,3934,3933,1791058740862484,1791058740863729,1245,0,13,10,10,0,10,0,0
3,3935,3934,1791058740912484,1791058740913588,1104,0,14,11,11,0,11,0,0
3,3936,3935,1791058740962484,1791058740963991,1507,0,15,16,16,0,16,0,0
3,3937,3936,1791058741012484,1791058741013871,1387,0,16,13,13,0,13,0,0
3,3938,3937,1791058741062484,1791058741063956,1472,0,17,11,11,0,11,0,0
3,3939,3938,1791058741112484,1791058741113722,1238,0,18,7,7,0,7,0,0
3,3940,3939,1791058741162484,1791058741163768,1284,0,19,10,10,1,11,0,0
3,3941,3940,1791058741212484,1791058741213395,911,0,0,7,7,0,7,0,0
3,3942,3941,1791058741262484,1791058741264071,1587,0,1,13,13,1,13,0,0
3,3943,3942,1791058741312484,1791058741313324,840,0,2,8,8,0,8,0,0
3,3944,3943,1791058741362484,1791058741363816,1332,0,3,8,8,0,9,2,1
3,3945,3944,1791058741412484,1791058741413953,1469,0,4,9,9,0,9,0,0
3,3946,3945,1791058741462484,1791058741464118,1634,0,5,9,9,0,9,0,0
3,3947,3946,1791058741512484,1791058741513904,1420,0,6,7,7,0,7,0,0
3,3948,3947,1791058741562484,1791058741563973,1489,0,7,11,11,0,11,0,0
3,3949,3948,1791058741612484,1791058741614070,1586,0,8,6,6,0,6,0,0
3,3950,3949,1791058741662484,1791058741663908,1424,0,9,12,12,0,12,0,0
3,3951,3950,1791058741712484,1791058741713811,1327,0,10,10,10,0,10,0,0
3,3952,3951,1791058741762484,1791058741764095,1611,0,11,12,12,0,13,2,1
3,3953,3952,1791058741812484,1791058741813718,1234,0,12,10,10,0,10,0,0
3,3954,3953,1791058741862484,1791058741863522,1038,0,13,10,10,0,10,0,0
3,3955,3954,1791058741912484,1791058741914296,1812,0,14,11,11,0,11,0,0
3,3956,3955,1791058741962484,1791058741963815,1331,0,15,16,16,0,17,0,0
3,3957,3956,1791058742012484,1791058742013360,876,0,16,13,13,0,13,0,0
3,3958,3957,1791058742062484,1791058742063321,837,0,17,11,11,0,11,0,0
3,3959,3958,1791058742112484,1791058742113310,826,0,18,7,7,0,7,0,0
3,3960,3959,1791058742162484,1791058742163944,1460,0,19,10,10,1,10,0,0
3,3961,3960,1791058742212484,1791058742213720,1236,0,0,7,7,0,7,0,0
3,3962,3961,1791058742262484,1791058742263723,1239,0,1,13,13,1,13,0,0
3,3963,3962,1791058742312484,1791058742313557,1073,0,2,8,8,0,8,0,0
3,3964,3963,1791058742362484,1791058742363884,1400,0,3,8,8,0,9,0,0
3,3965,3964,1791058742412484,1791058742413900,1416,0,4,9,9,0,9,0,0
3,3966,3965,1791058742462484,1791058742464058,1574,0,5,9,9,0,9,0,0
3,3967,3966,1791058742512484,1791058742514080,1596,0,6,7,7,0,7,0,0
3,3968,3967,1791058742562484,1791058742563975,1491,0,7,11,11,0,11,0,0
3,3969,3968,1791058742612484,1791058742613361,877,0,8,6,6,0,6,0,0
3,3970,3969,1791058742662484,1791058742663747,1263,0,9,12,12,0,12,0,0
3,3971,3970,1791058742712484,1791058742714057,1573,0,10,10,10,0,10,0,0
3,3972,3971,1791058742762484,1791058742763940,1456,0,11,12,12,0,13,0,0
3,3973,3972,1791058742812484,1791058742814127,1643,0,12,10,10,0,10,0,0
3,3974,3973,1791058742862484,1791058742863490,1006,0,13,10,10,0,10,0,0
3,3975,3974,1791058742912484,1791058742913484,1000,0,14,11,11,0,11,0,0
3,3976,3975,1791058742962484,1791058742964208,1724,0,15,16,16,0,17,2,1
3,3977,3976,1791058743012484,1791058743013635,1151,0,16,13,13,0,13,0,0
3,3978,3977,1791058743062484,1791058743063837,1353,0,17,11,11,0,11,0,0
3,3979,3978,1791058743112484,1791058743113777,1293,0,18,7,7,0,7,0,0
3,3980,3979,1791058743162484,1791058743163906,1422,0,19,10,10,1,10,0,0
3,3981,3980,1791058743212484,1791058743213832,1348,0,0,7,7,0,7,0,0
3,3982,3981,1791058743262484,1791058743263979,1495,0,1,13,13,1,13,0,0
3,3983,3982,1791058743312484,1791058743313885,1401,0,2,8,8,0,8,0,0
3,3984,3983,1791058743362484,1791058743363987,1503,0,3,8,8,0,9,2,1
3,3985,3984,1791058743412484,1791058743414118,1634,0,4,9,9,0,9,0,0
3,3986,3985,1791058743462484,1791058743464095,1611,0,5,9,9,0,9,0,0
3,3987,3986,1791058743512484,1791058743513970,1486,0,6,7,7,0,7,0,0
3,3988,3987,1791058743562484,1791058743563990,1506,0,7,11,11,0,12,0,0
3,3989,3988,1791058743612484,1791058743613876,1392,0,8,6,6,0,6,0,0
3,3990,3989,1791058743662484,1791058743663467,983,0,9,12,12,0,12,0,0
3,3991,3990,1791058743712484,1791058743714364,1880,0,10,10,10,0,10,0,0
3,3992,3991,1791058743762484,1791058743763808,1324,0,11,12,12,0,12,0,0
3,3993,3992,1791058743812484,1791058743813702,1218,0,12,10,10,0,10,0,0
3,3994,3993,1791058743862484,1791058743863580,1096,0,13,10,10,0,10,0,0
3,3995,3994,1791058743912484,1791058743913585,1101,0,14,11,11,0,11,0,0
3,3996,3995,1791058743962484,1791058743963818,1334,0,15,16,16,0,17,0,0
3,3997,3996,1791058744012484,1791058744013475,991,0,16,13,13,0,13,0,0
3,3998,3997,1791058744062484,1791058744063388,904,0,17,11,11,0,11,0,0
3,3999,3998,1791058744112484,1791058744114118,1634,0,18,7,7,0,7,0,0
3,4000,3999,1791058744162484,1791058744163903,1419,0,19,10,10,1,10,0,0
3,4001,4000,1791058744212484,1791058744213602,1118,0,0,7,7,0,7,0,0
3,4002,4001,1791058744262484,1791058744263455,971,0,1,13,13,1,13,0,0
3,4003,4002,1791058744312484,1791058744313481,997,0,2,8,8,0,8,0,0
3,4004,4003,1791058744362484,1791058744363880,1396,0,3,8,8,0,9,0,0
3,4005,4004,1791058744412484,1791058744413681,1197,0,4,9,9,0,9,0,0
3,4006,4005,1791058744462484,1791058744464333,1849,0,5,9,9,0,9,0,0
3,4007,4006,1791058744512484,1791058744513836,1352,0,6,7,7,0,7,0,0
3,4008,4007,1791058744562484,1791058744563797,1313,0,7,11,11,0,11,0,0
3,4009,4008,1791058744612484,1791058744613887,1403,0,8,6,6,0,6,0,0
3,4010,4009,1791058744662484,1791058744664033,1549,0,9,12,12,0,12,0,0
3,4011,4010,1791058744712484,1791058744714278,1794,0,10,10,10,0,10,0,0
3,4012,4011,1791058744762484,1791058744764076,1592,0,11,12,12,0,13,0,0
3,4013,4012,1791058744812484,1791058744813942,1458,0,12,10,10,0,10,0,0
3,4014,4013,1791058744862484,1791058744863980,1496,0,13,10,10,0,10,0,0
3,4015,4014,1791058744912484,1791058744913938,1454,0,14,11,11,0,11,0,0
3,4016,4015,1791058744962484,1791058744963882,1398,0,15,16,16,0,17,2,1
3,4017,4016,1791058745012484,1791058745014050,1566,0,16,13,13,0,13,0,0
3,4018,4017,1791058745062484,1791058745064383,1899,0,17,11,11,0,11,0,0
3,4019,4018,1791058745112484,1791058745113482,998,0,18,7,7,0,7,0,0
3,4020,4019,1791058745162484,1791058745163949,1465,0,19,10,10,1,10,0,0
3,4021,4020,1791058745212484,1791058745213777,1293,0,0,7,7,0,7,0,0
3,4022,4021,1791058745262484,1791058745263707,1223,0,1,13,13,1,13,0,0
3,4023,4022,1791058745312484,1791058745313569,1085,0,2,8,8,0,8,0,0
3,4024,4023,1791058745362484,1791058745363976,1492,0,3,8,8,0,9,2,1
3,4025,4024,1791058745412484,1791058745413571,1087,0,4,9,9,0,9,0,0
3,4026,4025,1791058745462484,1791058745463316,832,0,5,9,9,0,9,0,0
3,4027,4026,1791058745512484,1791058745513889,1405,0,6,7,7,0,7,0,0
3,4028,4027,1791058745562484,1791058745563845,1361,0,7,11,11,0,11,0,0
3,4029,4028,1791058745612484,1791058745613507,1023,0,8,6,6,0,6,0,0
3,4030,4029,1791058745662484,1791058745664225,1741,0,9,12,12,0,12,0,0
3,4031,4030,1791058745712484,1791058745713477,993,0,10,10,10,0,10,0,0
3,4032,4031,1791058745762484,1791058745764051,1567,0,11,12,12,0,13,2,1
3,4033,4032,1791058745812484,1791058745813767,1283,0,12,10,10,0,10,0,0
3,4034,4033,1791058745862484,1791058745863669,1185,0,13,10,10,0,10,0,0
3,4035,4034,1791058745912484,1791058745913346,862,0,14,11,11,0,11,0,0
3,4036,4035,1791058745962484,1791058745963817,1333,0,15,16,16,0,16,0,0
3,4037,4036,1791058746012484,1791058746013452,968,0,16,13,13,0,13,0,0
3,4038,4037,1791058746062484,1791058746064234,1750,0,17,11,11,0,11,0,0
3,4039,4038,1791058746112484,1791058746114107,1623,0,18,7,7,0,7,0,0
3,4040,4039,1791058746162484,1791058746163776,1292,0,19,10,10,1,11,2,1
3,4041,4040,1791058746212484,1791058746213890,1406,0,0,7,7,0,7,0,0
3,4042,4041,1791058746262484,1791058746264057,1573,0,1,13,13,1,13,0,0
3,4043,4042,1791058746312484,1791058746314102,1618,0,2,8,8,0,8,0,0
3,4044,4043,1791058746362484,1791058746363818,1334,0,3,8,8,0,9,0,0
3,4045,4044,1791058746412484,1791058746413903,1419,0,4,9,9,0,9,0,0
3,4046,4045,1791058746462484,1791058746463942,1458,0,5,9,9,0,9,0,0
3,4047,4046,1791058746512484,1791058746514301,1817,0,6,7,7,0,7,0,0
3,4048,4047,1791058746562484,1791058746563986,1502,0,7,11,11,0,11,0,0
3,4049,4048,1791058746612484,1791058746614274,1790,0,8,6,6,0,6,0,0
3,4050,4049,1791058746662484,1791058746663425,941,0,9,12,12,0,12,0,0
3,4051,4050,1791058746712484,1791058746713639,1155,0,10,10,10,0,10,0,0
3,4052,4051,1791058746762484,1791058746763792,1308,0,11,12,12,0,13,0,0
3,4053,4052,1791058746812484,1791058746813697,1213,0,12,10,10,0,10,0,0
3,4054,4053,1791058746862484,1791058746863343,859,0,13,10,10,0,10,0,0
3,4055,4054,1791058746912484,1791058746913358,874,0,14,11,11,0,11,0,0
3,4056,4055,1791058746962484,1791058746963956,1472,0,15,16,16,0,17,2,1
3,4057,4056,1791058747012484,1791058747013715,1231,0,16,13,13,0,13,0,0
3,4058,4057,1791058747062484,1791058747063752,1268,0,17,11,11,0,11,0,0
3,4059,4058,1791058747112484,1791058747113631,1147,0,18,7,7,0,7,0,0
3,4060,4059,1791058747162484,1791058747163952,1468,0,19,10,10,1,10,0,0
3,4061,4060,1791058747212484,1791058747213753,1269,0,0,7,7,0,7,0,0
3,4062,4061,1791058747262484,1791058747263553,1069,0,1,13,13,1,13,0,0
3,4063,4062,1791058747312484,1791058747313515,1031,0,2,8,8,0,8,0,0
3,4064,4063,1791058747362484,1791058747363822,1338,0,3,8,8,0,9,2,1
3,4065,4064,1791058747412484,1791058747413753,1269,0,4,9,9,0,9,0,0
3,4066,4065,1791058747462484,1791058747463452,968,0,5,9,9,0,9,0,0
3,4067,4066,1791058747512484,1791058747514153,1669,0,6,7,7,0,7,0,0
3,4068,4067,1791058747562484,1791058747563994,1510,0,7,11,11,0,11,0,0
3,4069,4068,1791058747612484,1791058747613507,1023,0,8,6,6,0,6,0,0
3,4070,4069,1791058747662484,1791058747664192,1708,0,9,12,12,0,12,0,0
3,4071,4070,1791058747712484,1791058747714211,1727,0,10,10,10,0,10,0,0
3,4072,4071,1791058747762484,1791058747763834,1350,0,11,12,12,0,13,2,1
3,4073,4072,1791058747812484,1791058747813484,1000,0,12,10,10,0,10,0,0
3,4074,4073,1791058747862484,1791058747863313,829,0,13,10,10,0,10,0,0
3,4075,4074,1791058747912484,1791058747913766,1282,0,14,11,11,0,11,0,0
3,4076,4075,1791058747962484,1791058747963993,1509,0,15,16,16,0,16,0,0
3,4077,4076,1791058748012484,1791058748014100,1616,0,16,13,13,0,13,0,0
3,4078,4077,1791058748062484,1791058748064141,1657,0,17,11,11,0,11,0,0
3,4079,4078,1791058748112484,1791058748114370,1886,0,18,7,7,0,7,0,0
3,4080,4079,1791058748162484,1791058748164063,1579,0,19,10,10,1,11,2,1
3,4081,4080,1791058748212484,1791058748214337,1853,0,0,7,7,0,7,0,0
3,4082,4081,1791058748262484,1791058748263366,882,0,1,13,13,1,13,0,0
3,4083,4082,1791058748312484,1791058748313714,1230,0,2,8,8,0,8,0,0
3,4084,4083,1791058748362484,1791058748364114,1630,0,3,8,8,0,9,0,0
3,4085,4084,1791058748412484,1791058748413502,1018,0,4,9,9,0,9,0,0
3,4086,4085,1791058748462484,1791058748463510,1026,0,5,9,9,0,9,0,0
3,4087,4086,1791058748512484,1791058748514159,1675,0,6,7,7,0,7,0,0
3,4088,4087,1791058748562484,1791058748563968,1484,0,7,11,11,0,11,0,0
3,4089,4088,1791058748612484,1791058748613825,1341,0,8,6,6,0,6,0,0
3,4090,4089,1791058748662484,1791058748663678,1194,0,9,12,12,0,12,0,0
3,4091,4090,1791058748712484,1791058748713444,960,0,10,10,10,0,10,0,0
3,4092,4091,1791058748762484,1791058748763898,1414,0,11,12,12,0,13,0,0
3,4093,4092,1791058748812484,1791058748813832,1348,0,12,10,10,0,10,0,0
3,4094,4093,1791058748862484,1791058748863821,1337,0,13,10,10,0,10,0,0
3,4095,4094,1791058748912484,1791058748913841,1357,0,14,11,11,0,11,0,0
3,4096,4095,1791058748962484,1791058748963993,1509,0,15,16,16,0,17,2,1
3,4097,4096,1791058749012484,1791058749013787,1303,0,16,13,13,0,13,0,0
3,4098,4097,1791058749062484,1791058749063851,1367,0,17,11,11,0,11,0,0
3,4099,4098,1791058749112484,1791058749113974,1490,0,18,7,7,0,7,0,0
3,4100,4099,1791058749162484,1791058749163889,1405,0,19,10,10,1,10,0,0
3,4101,4100,1791058749212484,1791058749213464,980,0,0,7,7,0,7,0,0
3,4102,4101,1791058749262484,1791058749264168,1684,0,1,13,13,1,13,0,0
3,4103,4102,1791058749312484,1791058749314219,1735,0,2,8,8,0,8,0,0
3,4104,4103,1791058749362484,1791058749364128,1644,0,3,8,8,0,9,2,1
3,4105,4104,1791058749412484,1791058749414072,1588,0,4,9,9,0,9,0,0
3,4106,4105,1791058749462484,1791058749463939,1455,0,5,9,9,0,9,0,0
3,4107,4106,1791058749512484,1791058749513724,1240,0,6,7,7,0,7,0,0
3,4108,4107,1791058749562484,1791058749563930,1446,0,7,11,11,0,11,0,0
3,4109,4108,1791058749612484,1791058749613613,1129,0,8,6,6,0,6,0,0
3,4110,4109,1791058749662484,1791058749663560,1076,0,9,12,12,0,12,0,0
3,4111,4110,1791058749712484,1791058749713549,1065,0,10,10,10,0,10,0,0
3,4112,4111,1791058749762484,1791058749764088,1604,0,11,12,12,0,13,2,1
3,4113,4112,1791058749812484,1791058749814269,1785,0,12,10,10,0,10,0,0
3,4114,4113,1791058749862484,1791058749863347,863,0,13,10,10,0,10,0,0
3,4115,4114,1791058749912484,1791058749914189,1705,0,14,11,11,0,11,0,0
3,4116,4115,1791058749962484,1791058749963934,1450,0,15,16,16,0,17,0,0
3,4117,4116,1791058750012484,1791058750013804,1320,0,16,13,13,0,13,0,0
3,4118,4117,1791058750062484,1791058750063560,1076,0,17,11,11,0,11,0,0
3,4119,4118,1791058750112484,1791058750113436,952,0,18,7,7,0,7,0,0
3,4120,4119,1791058750162484,1791058750164064,1580,0,19,10,10,1,11,2,1
3,4121,4120,1791058750212484,1791058750213763,1279,0,0,7,7,0,7,0,0
3,4122,4121,1791058750262484,1791058750264198,1714,0,1,13,13,1,13,0,0
3,4123,4122,1791058750312484,1791058750314198,1714,0,2,8,8,0,8,0,0
3,4124,4123,1791058750362484,1791058750364000,1516,0,3,8,8,0,8,0,0
3,4125,4124,1791058750412484,1791058750413870,1386,0,4,9,9,0,9,0,0
3,4126,4125,1791058750462484,1791058750463622,1138,0,5,9,9,0,9,0,0
3,4127,4126,1791058750512484,1791058750514257,1773,0,6,7,7,0,7,0,0
3,4128,4127,1791058750562484,1791058750563810,1326,0,7,11,11,0,12,2,1
3,4129,4128,1791058750612484,1791058750613709,1225,0,8,6,6,0,6,0,0
3,4130,4129,1791058750662484,1791058750663541,1057,0,9,12,12,0,12,0,0
3,4131,4130,1791058750712484,1791058750714325,1841,0,10,10,10,0,10,0,0
3,4132,4131,1791058750762484,1791058750763761,1277,0,11,12,12,0,12,0,0
3,4133,4132,1791058750812484,1791058750813834,1350,0,12,10,10,0,10,0,0
3,4134,4133,1791058750862484,1791058750863720,1236,0,13,10,10,0,10,0,0
3,4135,4134,1791058750912484,1791058750913861,1377,0,14,11,11,0,11,0,0
3,4136,4135,1791058750962484,1791058750963957,1473,0,15,16,16,0,17,2,1
3,4137,4136,1791058751012484,1791058751013975,1491,0,16,13,13,0,13,0,0
3,4138,4137,1791058751062484,1791058751063965,1481,0,17,11,11,0,11,0,0
3,4139,4138,1791058751112484,1791058751113715,1231,0,18,7,7,0,7,0,0
3,4140,4139,1791058751162484,1791058751163977,1493,0,19,10,10,1,10,0,0
3,4141,4140,1791058751212484,1791058751213799,1315,0,0,7,7,0,7,0,0
3,4142,4141,1791058751262484,1791058751263741,1257,0,1,13,13,1,13,0,0
3,4143,4142,1791058751312484,1791058751313371,887,0,2,8,8,0,8,0,0
3,4144,4143,1791058751362484,1791058751364071,1587,0,3,8,8,0,9,2,1
3,4145,4144,1791058751412484,1791058751413820,1336,0,4,9,9,0,9,0,0
3,4146,4145,1791058751462484,1791058751463777,1293,0,5,9,9,0,9,0,0
3,4147,4146,1791058751512484,1791058751514094,1610,0,6,7,7,0,7,0,0
3,4148,4147,1791058751562484,1791058751563822,1338,0,7,11,11,0,12,0,0
3,4149,4148,1791058751612484,1791058751613596,1112,0,8,6,6,0,6,0,0
3,4150,4149,1791058751662484,1791058751663348,864,0,9,12,12,0,12,0,0
3,4151,4150,1791058751712484,1791058751713521,1037,0,10,10,10,0,10,0,0
3,4152,4151,1791058751762484,1791058751763820,1336,0,11,12,12,0,13,2,1
3,4153,4152,1791058751812484,1791058751813576,1092,0,12,10,10,0,10,0,0
3,4154,4153,1791058751862484,1791058751863352,868,0,13,10,10,0,10,0,0
3,4155,4154,1791058751912484,1791058751914232,1748,0,14,11,11,0,11,0,0
3,4156,4155,1791058751962484,1791058751963891,1407,0,15,16,16,0,16,0,0
3,4157,4156,1791058752012484,1791058752013615,1131,0,16,13,13,0,13,0,0
3,4158,4157,1791058752062484,1791058752063619,1135,0,17,11,11,0,11,0,0
3,4159,4158,1791058752112484,1791058752113441,957,0,18,7,7,0,7,0,0
3,4160,4159,1791058752162484,1791058752163913,1429,0,19,10,10,1,11,2,1
3,4161,4160,1791058752212484,1791058752213807,1323,0,0,7,7,0,7,0,0
3,4162,4161,1791058752262484,1791058752263738,1254,0,1,13,13,1,13,0,0
3,4163,4162,1791058752312484,1791058752313463,979,0,2,8,8,0,8,0,0
3,4164,4163,1791058752362484,1791058752364003,1519,0,3,8,8,0,9,0,0
3,4165,4164,1791058752412484,1791058752413753,1269,0,4,9,9,0,9,0,0
3,4166,4165,1791058752462484,1791058752463609,1125,0,5,9,9,0,9,0,0
3,4167,4166,1791058752512484,1791058752513403,919,0,6,7,7,0,7,0,0
3,4168,4167,1791058752562484,1791058752563807,1323,0,7,11,11,0,11,0,0
3,4169,4168,1791058752612484,1791058752613503,1019,0,8,6,6,0,6,0,0
3,4170,4169,1791058752662484,1791058752664136,1652,0,9,12,12,0,12,0,0
3,4171,4170,1791058752712484,1791058752714214,1730,0,10,10,10,0,10,0,0
3,4172,4171,1791058752762484,1791058752763994,1510,0,11,12,12,0,13,0,0
3,4173,4172,1791058752812484,1791058752813826,1342,0,12,10,10,0,10,0,0
3,4174,4173,1791058752862484,1791058752863803,1319,0,13,10,10,0,10,0,0
3,4175,4174,1791058752912484,1791058752914039,1555,0,14,11,11,0,11,0,0
3,4176,4175,1791058752962484,1791058752963823,1339,0,15,16,16,0,17,2,1
3,4177,4176,1791058753012484,1791058753013680,1196,0,16,13,13,0,13,0,0
3,4178,4177,1791058753062484,1791058753063485,1001,0,17,11,11,0,11,0,0
3,4179,4178,1791058753112484,1791058753114304,1820,0,18,7,7,0,7,0,0
3,4180,4179,1791058753162484,1791058753163948,1464,0,19,10,10,1,10,0,0
3,4181,4180,1791058753212484,1791058753213808,1324,0,0,7,7,0,7,0,0
3,4182,4181,1791058753262484,1791058753263817,1333,0,1,13,13,1,13,0,0
3,4183,4182,1791058753312484,1791058753313772,1288,0,2,8,8,0,8,0,0
3,4184,4183,1791058753362484,1791058753363806,1322,0,3,8,8,0,9,2,1
3,4185,4184,1791058753412484,1791058753413512,1028,0,4,9,9,0,9,0,0
3,4186,4185,1791058753462484,1791058753464290,1806,0,5,9,9,0,9,0,0
3,4187,4186,1791058753512484,1791058753514000,1516,0,6,7,7,0,7,0,0
3,4188,4187,1791058753562484,1791058753563812,1328,0,7,11,11,0,12,0,0
3,4189,4188,1791058753612484,1791058753613505,1021,0,8,6,6,0,6,0,0
3,4190,4189,1791058753662484,1791058753664328,1844,0,9,12,12,0,12,0,0
3,4191,4190,1791058753712484,1791058753714328,1844,0,10,10,10,0,10,0,0
3,4192,4191,1791058753762484,1791058753763731,1247,0,11,12,12,0,12,0,0
3,4193,4192,1791058753812484,1791058753814296,1812,0,12,10,10,0,10,0,0
3,4194,4193,1791058753862484,1791058753864118,1634,0,13,10,10,0,10,0,0
3,4195,4194,1791058753912484,1791058753913687,1203,0,14,11,11,0,11,0,0
3,4196,4195,1791058753962484,1791058753964121,1637,0,15,16,16,0,17,0,0
3,4197,4196,1791058754012484,1791058754014231,1747,0,16,13,13,0,13,0,0
3,4198,4197,1791058754062484,1791058754064358,1874,0,17,11,11,0,11,0,0
3,4199,4198,1791058754112484,1791058754114119,1635,0,18,7,7,0,7,0,0
3,4200,4199,1791058754162484,1791058754164086,1602,0,19,10,10,1,10,0,0
